Copyright 1986-2022 Xilinx, Inc. All Rights Reserved. Copyright 2022-2026 Advanced Micro Devices, Inc. All Rights Reserved.
---------------------------------------------------------------------------------------------------------------------------------------------------------------------------------------
| Tool Version : Vivado v.2025.2.1 (lin64) Build 6403652 Thu Mar 19 13:47:00 MDT 2026
| Date         : Thu Sep 24 23:40:18 2026
| Host         : ubuntu running 64-bit Ubuntu 24.04.2 LTS
| Command      : report_timing -max_paths 20 -sort_by group -file /home/engineer/fpga/worktrees/ips-fetch32/experiments/IPS-campaign/build-fetch32/reports/post_route_timing_worst.rpt
| Design       : rocketchip_wrapper
| Device       : 7z020-clg400
| Speed File   : -1  PRODUCTION 1.12 2019-11-22
| Design State : Routed
---------------------------------------------------------------------------------------------------------------------------------------------------------------------------------------

Timing Report

Slack (MET) :             0.733ns  (required time - arrival time)
  Source:                 top/teaching_board_top/target/rd2serial/addr_reg[4]/C
                            (rising edge-triggered cell FDRE clocked by host_clk_i  {rise@0.000ns fall@12.500ns period=25.000ns})
  Destination:            top/teaching_board_top/target/backend/resvValid_reg/D
                            (rising edge-triggered cell FDRE clocked by host_clk_i  {rise@0.000ns fall@12.500ns period=25.000ns})
  Path Group:             host_clk_i
  Path Type:              Setup (Max at Slow Process Corner)
  Requirement:            25.000ns  (host_clk_i rise@25.000ns - host_clk_i rise@0.000ns)
  Data Path Delay:        24.229ns  (logic 11.378ns (46.960%)  route 12.851ns (53.040%))
  Logic Levels:           47  (CARRY4=29 LUT2=3 LUT3=2 LUT4=3 LUT5=4 LUT6=6)
  Clock Path Skew:        0.015ns (DCD - SCD + CPR)
    Destination Clock Delay (DCD):    6.298ns = ( 31.298 - 25.000 ) 
    Source Clock Delay      (SCD):    6.800ns
    Clock Pessimism Removal (CPR):    0.517ns
  Clock Uncertainty:      0.082ns  ((TSJ^2 + DJ^2)^1/2) / 2 + PE
    Total System Jitter     (TSJ):    0.071ns
    Discrete Jitter          (DJ):    0.147ns
    Phase Error              (PE):    0.000ns

    Location             Delay type                Incr(ns)  Path(ns)    Netlist Resource(s)
  -------------------------------------------------------------------    -------------------
                         (clock host_clk_i rise edge)
                                                      0.000     0.000 r  
    H16                                               0.000     0.000 r  clk (IN)
                         net (fo=0)                   0.000     0.000    clk
    H16                  IBUF (Prop_ibuf_I_O)         1.451     1.451 r  ibufg_gclk/O
                         net (fo=1, routed)           1.285     2.736    gclk_i
    MMCME2_ADV_X1Y2      MMCME2_ADV (Prop_mmcme2_adv_CLKIN1_CLKOUT0)
                                                      0.088     2.824 r  MMCME2_BASE_inst/CLKOUT0
                         net (fo=1, routed)           2.206     5.030    host_clk_i
    BUFGCTRL_X0Y16       BUFG (Prop_bufg_I_O)         0.101     5.131 r  bufg_host_clk/O
                         net (fo=7399, routed)        1.669     6.800    top/teaching_board_top/target/rd2serial/host_clk
    SLICE_X44Y47         FDRE                                         r  top/teaching_board_top/target/rd2serial/addr_reg[4]/C
  -------------------------------------------------------------------    -------------------
    SLICE_X44Y47         FDRE (Prop_fdre_C_Q)         0.456     7.256 r  top/teaching_board_top/target/rd2serial/addr_reg[4]/Q
                         net (fo=5, routed)           0.464     7.720    top/teaching_board_top/target/rd2serial/addr_reg[31]_0[1]
    SLICE_X43Y46         CARRY4 (Prop_carry4_S[0]_CO[3])
                                                      0.656     8.376 r  top/teaching_board_top/target/rd2serial/addr_reg[7]_i_2/CO[3]
                         net (fo=1, routed)           0.000     8.376    top/teaching_board_top/target/rd2serial/addr_reg[7]_i_2_n_0
    SLICE_X43Y47         CARRY4 (Prop_carry4_CI_CO[3])
                                                      0.114     8.490 r  top/teaching_board_top/target/rd2serial/addr_reg[11]_i_2/CO[3]
                         net (fo=1, routed)           0.000     8.490    top/teaching_board_top/target/rd2serial/addr_reg[11]_i_2_n_0
    SLICE_X43Y48         CARRY4 (Prop_carry4_CI_CO[3])
                                                      0.114     8.604 r  top/teaching_board_top/target/rd2serial/addr_reg[15]_i_2/CO[3]
                         net (fo=1, routed)           0.000     8.604    top/teaching_board_top/target/rd2serial/addr_reg[15]_i_2_n_0
    SLICE_X43Y49         CARRY4 (Prop_carry4_CI_CO[3])
                                                      0.114     8.718 r  top/teaching_board_top/target/rd2serial/addr_reg[19]_i_2/CO[3]
                         net (fo=1, routed)           0.001     8.719    top/teaching_board_top/target/rd2serial/addr_reg[19]_i_2_n_0
    SLICE_X43Y50         CARRY4 (Prop_carry4_CI_CO[3])
                                                      0.114     8.833 r  top/teaching_board_top/target/rd2serial/addr_reg[23]_i_2/CO[3]
                         net (fo=1, routed)           0.000     8.833    top/teaching_board_top/target/rd2serial/addr_reg[23]_i_2_n_0
    SLICE_X43Y51         CARRY4 (Prop_carry4_CI_O[1])
                                                      0.334     9.167 r  top/teaching_board_top/target/rd2serial/addr_reg[27]_i_2/O[1]
                         net (fo=3, routed)           0.529     9.696    top/teaching_board_top/target/rd2serial/_GEN_86[25]
    SLICE_X40Y52         LUT2 (Prop_lut2_I0_O)        0.303     9.999 r  top/teaching_board_top/target/rd2serial/ram_mask_reg_0_1_0_5_i_182/O
                         net (fo=1, routed)           0.000     9.999    top/teaching_board_top/target/rd2serial/ram_mask_reg_0_1_0_5_i_182_n_0
    SLICE_X40Y52         CARRY4 (Prop_carry4_S[1]_CO[3])
                                                      0.550    10.549 r  top/teaching_board_top/target/rd2serial/ram_mask_reg_0_1_0_5_i_122/CO[3]
                         net (fo=1, routed)           0.000    10.549    top/teaching_board_top/target/rd2serial/ram_mask_reg_0_1_0_5_i_122_n_0
    SLICE_X40Y53         CARRY4 (Prop_carry4_CI_CO[3])
                                                      0.114    10.663 r  top/teaching_board_top/target/rd2serial/ram_mask_reg_0_1_0_5_i_101/CO[3]
                         net (fo=1, routed)           0.000    10.663    top/teaching_board_top/target/rd2serial/ram_mask_reg_0_1_0_5_i_101_n_0
    SLICE_X40Y54         CARRY4 (Prop_carry4_CI_CO[3])
                                                      0.114    10.777 r  top/teaching_board_top/target/rd2serial/ram_mask_reg_0_1_0_5_i_105/CO[3]
                         net (fo=1, routed)           0.000    10.777    top/teaching_board_top/target/rd2serial/ram_mask_reg_0_1_0_5_i_105_n_0
    SLICE_X40Y55         CARRY4 (Prop_carry4_CI_CO[3])
                                                      0.114    10.891 r  top/teaching_board_top/target/rd2serial/req_size_reg[1]_i_64/CO[3]
                         net (fo=1, routed)           0.000    10.891    top/teaching_board_top/target/rd2serial/req_size_reg[1]_i_64_n_0
    SLICE_X40Y56         CARRY4 (Prop_carry4_CI_CO[3])
                                                      0.114    11.005 r  top/teaching_board_top/target/rd2serial/req_size_reg[1]_i_60/CO[3]
                         net (fo=1, routed)           0.000    11.005    top/teaching_board_top/target/rd2serial/req_size_reg[1]_i_60_n_0
    SLICE_X40Y57         CARRY4 (Prop_carry4_CI_CO[3])
                                                      0.114    11.119 r  top/teaching_board_top/target/rd2serial/req_size_reg[1]_i_59/CO[3]
                         net (fo=1, routed)           0.000    11.119    top/teaching_board_top/target/rd2serial/req_size_reg[1]_i_59_n_0
    SLICE_X40Y58         CARRY4 (Prop_carry4_CI_CO[3])
                                                      0.114    11.233 r  top/teaching_board_top/target/rd2serial/req_size_reg[1]_i_37/CO[3]
                         net (fo=1, routed)           0.000    11.233    top/teaching_board_top/target/rd2serial/req_size_reg[1]_i_37_n_0
    SLICE_X40Y59         CARRY4 (Prop_carry4_CI_CO[3])
                                                      0.114    11.347 r  top/teaching_board_top/target/rd2serial/req_size_reg[1]_i_34/CO[3]
                         net (fo=1, routed)           0.000    11.347    top/teaching_board_top/target/rd2serial/req_size_reg[1]_i_34_n_0
    SLICE_X40Y60         CARRY4 (Prop_carry4_CI_CO[3])
                                                      0.114    11.461 r  top/teaching_board_top/target/rd2serial/req_size_reg[1]_i_31/CO[3]
                         net (fo=1, routed)           0.000    11.461    top/teaching_board_top/target/rd2serial/req_size_reg[1]_i_31_n_0
    SLICE_X40Y61         CARRY4 (Prop_carry4_CI_O[2])
                                                      0.239    11.700 r  top/teaching_board_top/target/rd2serial/req_size_reg[1]_i_17/O[2]
                         net (fo=7, routed)           0.862    12.562    top/teaching_board_top/target/rd2serial/_GEN_87[62]
    SLICE_X41Y60         LUT4 (Prop_lut4_I3_O)        0.302    12.864 r  top/teaching_board_top/target/rd2serial/req_size[1]_i_84/O
                         net (fo=1, routed)           0.000    12.864    top/teaching_board_top/target/rd2serial/req_size[1]_i_84_n_0
    SLICE_X41Y60         CARRY4 (Prop_carry4_S[3]_CO[3])
                                                      0.401    13.265 r  top/teaching_board_top/target/rd2serial/req_size_reg[1]_i_45/CO[3]
                         net (fo=1, routed)           0.000    13.265    top/teaching_board_top/target/rd2serial/req_size_reg[1]_i_45_n_0
    SLICE_X41Y61         CARRY4 (Prop_carry4_CI_CO[0])
                                                      0.271    13.536 r  top/teaching_board_top/target/rd2serial/req_size_reg[1]_i_18/CO[0]
                         net (fo=163, routed)         1.036    14.572    top/teaching_board_top/target/rd2serial/_T_174
    SLICE_X37Y60         LUT3 (Prop_lut3_I1_O)        0.367    14.939 r  top/teaching_board_top/target/rd2serial/ram_mask_reg_0_1_0_5_i_155/O
                         net (fo=4, routed)           0.471    15.410    top/teaching_board_top/target/rd2serial/ram_mask_reg_0_1_0_5_i_155_n_0
    SLICE_X36Y60         LUT6 (Prop_lut6_I0_O)        0.326    15.736 r  top/teaching_board_top/target/rd2serial/ram_mask_reg_0_1_0_5_i_156/O
                         net (fo=2, routed)           0.463    16.199    top/teaching_board_top/target/rd2serial/ram_mask_reg_0_1_0_5_i_156_n_0
    SLICE_X36Y60         LUT6 (Prop_lut6_I5_O)        0.124    16.323 r  top/teaching_board_top/target/rd2serial/ram_mask_reg_0_1_0_5_i_106/O
                         net (fo=3, routed)           0.439    16.762    top/teaching_board_top/target/rd2serial/ram_mask_reg_0_1_0_5_i_106_n_0
    SLICE_X36Y61         LUT2 (Prop_lut2_I0_O)        0.124    16.886 r  top/teaching_board_top/target/rd2serial/ram_mask_reg_0_1_0_5_i_84/O
                         net (fo=5, routed)           0.605    17.491    top/teaching_board_top/target/rd2serial/ram_mask_reg_0_1_0_5_i_84_n_0
    SLICE_X38Y61         LUT5 (Prop_lut5_I4_O)        0.150    17.641 r  top/teaching_board_top/target/rd2serial/ram_mask_reg_0_1_0_5_i_93/O
                         net (fo=2, routed)           0.801    18.442    top/teaching_board_top/target/rd2serial/ram_mask_reg_0_1_0_5_i_93_n_0
    SLICE_X39Y62         LUT3 (Prop_lut3_I1_O)        0.376    18.818 r  top/teaching_board_top/target/rd2serial/ram_mask_reg_0_1_0_5_i_61/O
                         net (fo=2, routed)           0.803    19.621    top/teaching_board_top/target/rd2serial/ram_mask_reg_0_1_0_5_i_61_n_0
    SLICE_X41Y63         LUT5 (Prop_lut5_I3_O)        0.354    19.975 r  top/teaching_board_top/target/rd2serial/ram_mask_reg_0_1_0_5_i_63/O
                         net (fo=1, routed)           0.575    20.550    top/teaching_board_top/target/rd2serial/ram_mask_reg_0_1_0_5_i_63_n_0
    SLICE_X42Y61         LUT6 (Prop_lut6_I5_O)        0.332    20.882 r  top/teaching_board_top/target/rd2serial/ram_mask_reg_0_1_0_5_i_40/O
                         net (fo=1, routed)           0.000    20.882    top/teaching_board_top/target/rd2serial/ram_mask_reg_0_1_0_5_i_40_n_0
    SLICE_X42Y61         CARRY4 (Prop_carry4_S[2]_CO[3])
                                                      0.380    21.262 r  top/teaching_board_top/target/rd2serial/ram_mask_reg_0_1_0_5_i_27/CO[3]
                         net (fo=1, routed)           0.000    21.262    top/teaching_board_top/target/rd2serial/ram_mask_reg_0_1_0_5_i_27_n_0
    SLICE_X42Y62         CARRY4 (Prop_carry4_CI_CO[2])
                                                      0.229    21.491 f  top/teaching_board_top/target/rd2serial/ram_mask_reg_0_1_0_5_i_26/CO[2]
                         net (fo=1, routed)           0.411    21.902    top/teaching_board_top/target/rd2serial/_T_317[6]
    SLICE_X45Y61         LUT4 (Prop_lut4_I3_O)        0.310    22.212 f  top/teaching_board_top/target/rd2serial/ram_mask_reg_0_1_0_5_i_28/O
                         net (fo=1, routed)           0.641    22.853    top/teaching_board_top/target/rd2serial/ram_mask_reg_0_1_0_5_i_28_n_0
    SLICE_X45Y60         LUT4 (Prop_lut4_I3_O)        0.124    22.977 f  top/teaching_board_top/target/rd2serial/ram_mask_reg_0_1_0_5_i_20/O
                         net (fo=8, routed)           1.180    24.156    top/teaching_board_top/target/rd2serial/ram_mask_reg_0_1_0_5_i_20_n_0
    SLICE_X42Y39         LUT6 (Prop_lut6_I5_O)        0.124    24.280 r  top/teaching_board_top/target/rd2serial/req_address[0]_i_3/O
                         net (fo=2, routed)           0.501    24.782    top/teaching_board_top/target/sbus/system_bus_xbar/req_address_reg[0]_0
    SLICE_X42Y38         LUT5 (Prop_lut5_I2_O)        0.124    24.906 r  top/teaching_board_top/target/sbus/system_bus_xbar/req_address[0]_i_1/O
                         net (fo=8, routed)           0.799    25.705    top/teaching_board_top/target/sbus/system_bus_xbar/sbus_auto_coupler_to_mbus_nodelay_out_a_bits_address[0]
    SLICE_X35Y33         LUT5 (Prop_lut5_I0_O)        0.124    25.829 r  top/teaching_board_top/target/sbus/system_bus_xbar/resvValid_i_142/O
                         net (fo=1, routed)           0.000    25.829    top/teaching_board_top/target/sbus/system_bus_xbar/resvValid_i_142_n_0
    SLICE_X35Y33         CARRY4 (Prop_carry4_S[0]_CO[3])
                                                      0.532    26.361 r  top/teaching_board_top/target/sbus/system_bus_xbar/resvValid_reg_i_134/CO[3]
                         net (fo=1, routed)           0.000    26.361    top/teaching_board_top/target/sbus/system_bus_xbar/resvValid_reg_i_134_n_0
    SLICE_X35Y34         CARRY4 (Prop_carry4_CI_O[1])
                                                      0.334    26.695 r  top/teaching_board_top/target/sbus/system_bus_xbar/resvValid_reg_i_128/O[1]
                         net (fo=1, routed)           0.442    27.137    top/teaching_board_top/target/backend/resvValid_reg_i_92_0[1]
    SLICE_X32Y34         LUT2 (Prop_lut2_I1_O)        0.303    27.440 r  top/teaching_board_top/target/backend/resvValid_i_112/O
                         net (fo=1, routed)           0.000    27.440    top/teaching_board_top/target/backend/resvValid_i_112_n_0
    SLICE_X32Y34         CARRY4 (Prop_carry4_S[0]_CO[3])
                                                      0.513    27.953 r  top/teaching_board_top/target/backend/resvValid_reg_i_92/CO[3]
                         net (fo=1, routed)           0.000    27.953    top/teaching_board_top/target/backend/resvValid_reg_i_92_n_0
    SLICE_X32Y35         CARRY4 (Prop_carry4_CI_CO[3])
                                                      0.117    28.070 r  top/teaching_board_top/target/backend/resvValid_reg_i_76/CO[3]
                         net (fo=1, routed)           0.000    28.070    top/teaching_board_top/target/backend/resvValid_reg_i_76_n_0
    SLICE_X32Y36         CARRY4 (Prop_carry4_CI_CO[3])
                                                      0.117    28.187 r  top/teaching_board_top/target/backend/resvValid_reg_i_60/CO[3]
                         net (fo=1, routed)           0.000    28.187    top/teaching_board_top/target/backend/resvValid_reg_i_60_n_0
    SLICE_X32Y37         CARRY4 (Prop_carry4_CI_CO[3])
                                                      0.117    28.304 r  top/teaching_board_top/target/backend/resvValid_reg_i_44/CO[3]
                         net (fo=1, routed)           0.000    28.304    top/teaching_board_top/target/backend/resvValid_reg_i_44_n_0
    SLICE_X32Y38         CARRY4 (Prop_carry4_CI_CO[3])
                                                      0.117    28.421 r  top/teaching_board_top/target/backend/resvValid_reg_i_32/CO[3]
                         net (fo=1, routed)           0.000    28.421    top/teaching_board_top/target/backend/resvValid_reg_i_32_n_0
    SLICE_X32Y39         CARRY4 (Prop_carry4_CI_CO[3])
                                                      0.117    28.538 r  top/teaching_board_top/target/backend/resvValid_reg_i_21/CO[3]
                         net (fo=1, routed)           0.000    28.538    top/teaching_board_top/target/backend/resvValid_reg_i_21_n_0
    SLICE_X32Y40         CARRY4 (Prop_carry4_CI_CO[2])
                                                      0.229    28.767 f  top/teaching_board_top/target/backend/resvValid_reg_i_15/CO[2]
                         net (fo=1, routed)           1.284    30.051    top/teaching_board_top/target/sbus/system_bus_xbar/CO[0]
    SLICE_X19Y32         LUT6 (Prop_lut6_I4_O)        0.310    30.361 r  top/teaching_board_top/target/sbus/system_bus_xbar/resvValid_i_6/O
                         net (fo=1, routed)           0.544    30.905    top/teaching_board_top/target/sbus_n_504
    SLICE_X19Y30         LUT6 (Prop_lut6_I4_O)        0.124    31.029 r  top/teaching_board_top/target/resvValid_i_1/O
                         net (fo=1, routed)           0.000    31.029    top/teaching_board_top/target/backend/resvValid_reg_1
    SLICE_X19Y30         FDRE                                         r  top/teaching_board_top/target/backend/resvValid_reg/D
  -------------------------------------------------------------------    -------------------

                         (clock host_clk_i rise edge)
                                                     25.000    25.000 r  
    H16                                               0.000    25.000 r  clk (IN)
                         net (fo=0)                   0.000    25.000    clk
    H16                  IBUF (Prop_ibuf_I_O)         1.380    26.380 r  ibufg_gclk/O
                         net (fo=1, routed)           1.162    27.542    gclk_i
    MMCME2_ADV_X1Y2      MMCME2_ADV (Prop_mmcme2_adv_CLKIN1_CLKOUT0)
                                                      0.083    27.625 r  MMCME2_BASE_inst/CLKOUT0
                         net (fo=1, routed)           2.012    29.637    host_clk_i
    BUFGCTRL_X0Y16       BUFG (Prop_bufg_I_O)         0.091    29.728 r  bufg_host_clk/O
                         net (fo=7399, routed)        1.569    31.298    top/teaching_board_top/target/backend/host_clk
    SLICE_X19Y30         FDRE                                         r  top/teaching_board_top/target/backend/resvValid_reg/C
                         clock pessimism              0.517    31.815    
                         clock uncertainty           -0.082    31.733    
    SLICE_X19Y30         FDRE (Setup_fdre_C_D)        0.029    31.762    top/teaching_board_top/target/backend/resvValid_reg
  -------------------------------------------------------------------
                         required time                         31.762    
                         arrival time                         -31.029    
  -------------------------------------------------------------------
                         slack                                  0.733    

Slack (MET) :             3.218ns  (required time - arrival time)
  Source:                 top/teaching_board_top/target/rd2serial/addr_reg[4]/C
                            (rising edge-triggered cell FDRE clocked by host_clk_i  {rise@0.000ns fall@12.500ns period=25.000ns})
  Destination:            top/teaching_board_top/target/bh/TLBroadcastTracker/o_data/ram_mask_reg_0_7_0_5/RAMA/I
                            (rising edge-triggered cell RAMD32 clocked by host_clk_i  {rise@0.000ns fall@12.500ns period=25.000ns})
  Path Group:             host_clk_i
  Path Type:              Setup (Max at Slow Process Corner)
  Requirement:            25.000ns  (host_clk_i rise@25.000ns - host_clk_i rise@0.000ns)
  Data Path Delay:        21.560ns  (logic 9.016ns (41.817%)  route 12.544ns (58.183%))
  Logic Levels:           38  (CARRY4=20 LUT2=3 LUT3=2 LUT4=5 LUT5=2 LUT6=6)
  Clock Path Skew:        0.021ns (DCD - SCD + CPR)
    Destination Clock Delay (DCD):    6.304ns = ( 31.304 - 25.000 ) 
    Source Clock Delay      (SCD):    6.800ns
    Clock Pessimism Removal (CPR):    0.517ns
  Clock Uncertainty:      0.082ns  ((TSJ^2 + DJ^2)^1/2) / 2 + PE
    Total System Jitter     (TSJ):    0.071ns
    Discrete Jitter          (DJ):    0.147ns
    Phase Error              (PE):    0.000ns

    Location             Delay type                Incr(ns)  Path(ns)    Netlist Resource(s)
  -------------------------------------------------------------------    -------------------
                         (clock host_clk_i rise edge)
                                                      0.000     0.000 r  
    H16                                               0.000     0.000 r  clk (IN)
                         net (fo=0)                   0.000     0.000    clk
    H16                  IBUF (Prop_ibuf_I_O)         1.451     1.451 r  ibufg_gclk/O
                         net (fo=1, routed)           1.285     2.736    gclk_i
    MMCME2_ADV_X1Y2      MMCME2_ADV (Prop_mmcme2_adv_CLKIN1_CLKOUT0)
                                                      0.088     2.824 r  MMCME2_BASE_inst/CLKOUT0
                         net (fo=1, routed)           2.206     5.030    host_clk_i
    BUFGCTRL_X0Y16       BUFG (Prop_bufg_I_O)         0.101     5.131 r  bufg_host_clk/O
                         net (fo=7399, routed)        1.669     6.800    top/teaching_board_top/target/rd2serial/host_clk
    SLICE_X44Y47         FDRE                                         r  top/teaching_board_top/target/rd2serial/addr_reg[4]/C
  -------------------------------------------------------------------    -------------------
    SLICE_X44Y47         FDRE (Prop_fdre_C_Q)         0.456     7.256 r  top/teaching_board_top/target/rd2serial/addr_reg[4]/Q
                         net (fo=5, routed)           0.464     7.720    top/teaching_board_top/target/rd2serial/addr_reg[31]_0[1]
    SLICE_X43Y46         CARRY4 (Prop_carry4_S[0]_CO[3])
                                                      0.656     8.376 r  top/teaching_board_top/target/rd2serial/addr_reg[7]_i_2/CO[3]
                         net (fo=1, routed)           0.000     8.376    top/teaching_board_top/target/rd2serial/addr_reg[7]_i_2_n_0
    SLICE_X43Y47         CARRY4 (Prop_carry4_CI_CO[3])
                                                      0.114     8.490 r  top/teaching_board_top/target/rd2serial/addr_reg[11]_i_2/CO[3]
                         net (fo=1, routed)           0.000     8.490    top/teaching_board_top/target/rd2serial/addr_reg[11]_i_2_n_0
    SLICE_X43Y48         CARRY4 (Prop_carry4_CI_CO[3])
                                                      0.114     8.604 r  top/teaching_board_top/target/rd2serial/addr_reg[15]_i_2/CO[3]
                         net (fo=1, routed)           0.000     8.604    top/teaching_board_top/target/rd2serial/addr_reg[15]_i_2_n_0
    SLICE_X43Y49         CARRY4 (Prop_carry4_CI_CO[3])
                                                      0.114     8.718 r  top/teaching_board_top/target/rd2serial/addr_reg[19]_i_2/CO[3]
                         net (fo=1, routed)           0.001     8.719    top/teaching_board_top/target/rd2serial/addr_reg[19]_i_2_n_0
    SLICE_X43Y50         CARRY4 (Prop_carry4_CI_CO[3])
                                                      0.114     8.833 r  top/teaching_board_top/target/rd2serial/addr_reg[23]_i_2/CO[3]
                         net (fo=1, routed)           0.000     8.833    top/teaching_board_top/target/rd2serial/addr_reg[23]_i_2_n_0
    SLICE_X43Y51         CARRY4 (Prop_carry4_CI_O[1])
                                                      0.334     9.167 r  top/teaching_board_top/target/rd2serial/addr_reg[27]_i_2/O[1]
                         net (fo=3, routed)           0.529     9.696    top/teaching_board_top/target/rd2serial/_GEN_86[25]
    SLICE_X40Y52         LUT2 (Prop_lut2_I0_O)        0.303     9.999 r  top/teaching_board_top/target/rd2serial/ram_mask_reg_0_1_0_5_i_182/O
                         net (fo=1, routed)           0.000     9.999    top/teaching_board_top/target/rd2serial/ram_mask_reg_0_1_0_5_i_182_n_0
    SLICE_X40Y52         CARRY4 (Prop_carry4_S[1]_CO[3])
                                                      0.550    10.549 r  top/teaching_board_top/target/rd2serial/ram_mask_reg_0_1_0_5_i_122/CO[3]
                         net (fo=1, routed)           0.000    10.549    top/teaching_board_top/target/rd2serial/ram_mask_reg_0_1_0_5_i_122_n_0
    SLICE_X40Y53         CARRY4 (Prop_carry4_CI_CO[3])
                                                      0.114    10.663 r  top/teaching_board_top/target/rd2serial/ram_mask_reg_0_1_0_5_i_101/CO[3]
                         net (fo=1, routed)           0.000    10.663    top/teaching_board_top/target/rd2serial/ram_mask_reg_0_1_0_5_i_101_n_0
    SLICE_X40Y54         CARRY4 (Prop_carry4_CI_CO[3])
                                                      0.114    10.777 r  top/teaching_board_top/target/rd2serial/ram_mask_reg_0_1_0_5_i_105/CO[3]
                         net (fo=1, routed)           0.000    10.777    top/teaching_board_top/target/rd2serial/ram_mask_reg_0_1_0_5_i_105_n_0
    SLICE_X40Y55         CARRY4 (Prop_carry4_CI_CO[3])
                                                      0.114    10.891 r  top/teaching_board_top/target/rd2serial/req_size_reg[1]_i_64/CO[3]
                         net (fo=1, routed)           0.000    10.891    top/teaching_board_top/target/rd2serial/req_size_reg[1]_i_64_n_0
    SLICE_X40Y56         CARRY4 (Prop_carry4_CI_CO[3])
                                                      0.114    11.005 r  top/teaching_board_top/target/rd2serial/req_size_reg[1]_i_60/CO[3]
                         net (fo=1, routed)           0.000    11.005    top/teaching_board_top/target/rd2serial/req_size_reg[1]_i_60_n_0
    SLICE_X40Y57         CARRY4 (Prop_carry4_CI_CO[3])
                                                      0.114    11.119 r  top/teaching_board_top/target/rd2serial/req_size_reg[1]_i_59/CO[3]
                         net (fo=1, routed)           0.000    11.119    top/teaching_board_top/target/rd2serial/req_size_reg[1]_i_59_n_0
    SLICE_X40Y58         CARRY4 (Prop_carry4_CI_CO[3])
                                                      0.114    11.233 r  top/teaching_board_top/target/rd2serial/req_size_reg[1]_i_37/CO[3]
                         net (fo=1, routed)           0.000    11.233    top/teaching_board_top/target/rd2serial/req_size_reg[1]_i_37_n_0
    SLICE_X40Y59         CARRY4 (Prop_carry4_CI_CO[3])
                                                      0.114    11.347 r  top/teaching_board_top/target/rd2serial/req_size_reg[1]_i_34/CO[3]
                         net (fo=1, routed)           0.000    11.347    top/teaching_board_top/target/rd2serial/req_size_reg[1]_i_34_n_0
    SLICE_X40Y60         CARRY4 (Prop_carry4_CI_CO[3])
                                                      0.114    11.461 r  top/teaching_board_top/target/rd2serial/req_size_reg[1]_i_31/CO[3]
                         net (fo=1, routed)           0.000    11.461    top/teaching_board_top/target/rd2serial/req_size_reg[1]_i_31_n_0
    SLICE_X40Y61         CARRY4 (Prop_carry4_CI_O[2])
                                                      0.239    11.700 r  top/teaching_board_top/target/rd2serial/req_size_reg[1]_i_17/O[2]
                         net (fo=7, routed)           0.862    12.562    top/teaching_board_top/target/rd2serial/_GEN_87[62]
    SLICE_X41Y60         LUT4 (Prop_lut4_I3_O)        0.302    12.864 r  top/teaching_board_top/target/rd2serial/req_size[1]_i_84/O
                         net (fo=1, routed)           0.000    12.864    top/teaching_board_top/target/rd2serial/req_size[1]_i_84_n_0
    SLICE_X41Y60         CARRY4 (Prop_carry4_S[3]_CO[3])
                                                      0.401    13.265 r  top/teaching_board_top/target/rd2serial/req_size_reg[1]_i_45/CO[3]
                         net (fo=1, routed)           0.000    13.265    top/teaching_board_top/target/rd2serial/req_size_reg[1]_i_45_n_0
    SLICE_X41Y61         CARRY4 (Prop_carry4_CI_CO[0])
                                                      0.271    13.536 r  top/teaching_board_top/target/rd2serial/req_size_reg[1]_i_18/CO[0]
                         net (fo=163, routed)         1.036    14.572    top/teaching_board_top/target/rd2serial/_T_174
    SLICE_X37Y60         LUT3 (Prop_lut3_I1_O)        0.367    14.939 r  top/teaching_board_top/target/rd2serial/ram_mask_reg_0_1_0_5_i_155/O
                         net (fo=4, routed)           0.471    15.410    top/teaching_board_top/target/rd2serial/ram_mask_reg_0_1_0_5_i_155_n_0
    SLICE_X36Y60         LUT6 (Prop_lut6_I0_O)        0.326    15.736 r  top/teaching_board_top/target/rd2serial/ram_mask_reg_0_1_0_5_i_156/O
                         net (fo=2, routed)           0.463    16.199    top/teaching_board_top/target/rd2serial/ram_mask_reg_0_1_0_5_i_156_n_0
    SLICE_X36Y60         LUT6 (Prop_lut6_I5_O)        0.124    16.323 r  top/teaching_board_top/target/rd2serial/ram_mask_reg_0_1_0_5_i_106/O
                         net (fo=3, routed)           0.439    16.762    top/teaching_board_top/target/rd2serial/ram_mask_reg_0_1_0_5_i_106_n_0
    SLICE_X36Y61         LUT2 (Prop_lut2_I0_O)        0.124    16.886 r  top/teaching_board_top/target/rd2serial/ram_mask_reg_0_1_0_5_i_84/O
                         net (fo=5, routed)           0.605    17.491    top/teaching_board_top/target/rd2serial/ram_mask_reg_0_1_0_5_i_84_n_0
    SLICE_X38Y61         LUT5 (Prop_lut5_I4_O)        0.150    17.641 r  top/teaching_board_top/target/rd2serial/ram_mask_reg_0_1_0_5_i_93/O
                         net (fo=2, routed)           0.801    18.442    top/teaching_board_top/target/rd2serial/ram_mask_reg_0_1_0_5_i_93_n_0
    SLICE_X39Y62         LUT3 (Prop_lut3_I1_O)        0.376    18.818 r  top/teaching_board_top/target/rd2serial/ram_mask_reg_0_1_0_5_i_61/O
                         net (fo=2, routed)           0.803    19.621    top/teaching_board_top/target/rd2serial/ram_mask_reg_0_1_0_5_i_61_n_0
    SLICE_X41Y63         LUT5 (Prop_lut5_I3_O)        0.354    19.975 r  top/teaching_board_top/target/rd2serial/ram_mask_reg_0_1_0_5_i_63/O
                         net (fo=1, routed)           0.575    20.550    top/teaching_board_top/target/rd2serial/ram_mask_reg_0_1_0_5_i_63_n_0
    SLICE_X42Y61         LUT6 (Prop_lut6_I5_O)        0.332    20.882 r  top/teaching_board_top/target/rd2serial/ram_mask_reg_0_1_0_5_i_40/O
                         net (fo=1, routed)           0.000    20.882    top/teaching_board_top/target/rd2serial/ram_mask_reg_0_1_0_5_i_40_n_0
    SLICE_X42Y61         CARRY4 (Prop_carry4_S[2]_CO[3])
                                                      0.380    21.262 r  top/teaching_board_top/target/rd2serial/ram_mask_reg_0_1_0_5_i_27/CO[3]
                         net (fo=1, routed)           0.000    21.262    top/teaching_board_top/target/rd2serial/ram_mask_reg_0_1_0_5_i_27_n_0
    SLICE_X42Y62         CARRY4 (Prop_carry4_CI_CO[2])
                                                      0.229    21.491 r  top/teaching_board_top/target/rd2serial/ram_mask_reg_0_1_0_5_i_26/CO[2]
                         net (fo=1, routed)           0.411    21.902    top/teaching_board_top/target/rd2serial/_T_317[6]
    SLICE_X45Y61         LUT4 (Prop_lut4_I3_O)        0.310    22.212 r  top/teaching_board_top/target/rd2serial/ram_mask_reg_0_1_0_5_i_28/O
                         net (fo=1, routed)           0.641    22.853    top/teaching_board_top/target/rd2serial/ram_mask_reg_0_1_0_5_i_28_n_0
    SLICE_X45Y60         LUT4 (Prop_lut4_I3_O)        0.124    22.977 r  top/teaching_board_top/target/rd2serial/ram_mask_reg_0_1_0_5_i_20/O
                         net (fo=8, routed)           1.132    24.109    top/teaching_board_top/target/rd2serial/ram_mask_reg_0_1_0_5_i_20_n_0
    SLICE_X44Y40         LUT2 (Prop_lut2_I1_O)        0.124    24.233 f  top/teaching_board_top/target/rd2serial/req_address[2]_i_3/O
                         net (fo=6, routed)           0.587    24.820    top/teaching_board_top/target/rd2serial/addr_reg[2]_0
    SLICE_X41Y40         LUT4 (Prop_lut4_I2_O)        0.118    24.938 r  top/teaching_board_top/target/rd2serial/ram_mask_reg_0_1_0_5_i_29/O
                         net (fo=1, routed)           0.317    25.255    top/teaching_board_top/target/rd2serial/ram_mask_reg_0_1_0_5_i_29_n_0
    SLICE_X42Y39         LUT6 (Prop_lut6_I4_O)        0.326    25.581 r  top/teaching_board_top/target/rd2serial/ram_mask_reg_0_1_0_5_i_21/O
                         net (fo=2, routed)           0.305    25.885    top/teaching_board_top/target/rd2serial/ram_mask_reg_0_1_0_5_i_21_n_0
    SLICE_X43Y39         LUT6 (Prop_lut6_I0_O)        0.124    26.009 r  top/teaching_board_top/target/rd2serial/ram_mask_reg_0_1_0_5_i_10__0/O
                         net (fo=2, routed)           0.371    26.381    top/teaching_board_top/target/sbus/system_bus_xbar/rd2serial_auto_out_a_bits_mask[0]
    SLICE_X42Y39         LUT4 (Prop_lut4_I2_O)        0.124    26.505 r  top/teaching_board_top/target/sbus/system_bus_xbar/req_mask[0]_i_1/O
                         net (fo=2, routed)           0.979    27.483    top/teaching_board_top/target/backend/req_mask_reg[0]_0
    SLICE_X26Y39         LUT6 (Prop_lut6_I0_O)        0.124    27.607 r  top/teaching_board_top/target/backend/ram_mask_reg_0_7_0_5_i_2/O
                         net (fo=4, routed)           0.753    28.360    top/teaching_board_top/target/bh/TLBroadcastTracker/o_data/ram_mask_reg_0_7_0_5/DIA0
    SLICE_X22Y38         RAMD32                                       r  top/teaching_board_top/target/bh/TLBroadcastTracker/o_data/ram_mask_reg_0_7_0_5/RAMA/I
  -------------------------------------------------------------------    -------------------

                         (clock host_clk_i rise edge)
                                                     25.000    25.000 r  
    H16                                               0.000    25.000 r  clk (IN)
                         net (fo=0)                   0.000    25.000    clk
    H16                  IBUF (Prop_ibuf_I_O)         1.380    26.380 r  ibufg_gclk/O
                         net (fo=1, routed)           1.162    27.542    gclk_i
    MMCME2_ADV_X1Y2      MMCME2_ADV (Prop_mmcme2_adv_CLKIN1_CLKOUT0)
                                                      0.083    27.625 r  MMCME2_BASE_inst/CLKOUT0
                         net (fo=1, routed)           2.012    29.637    host_clk_i
    BUFGCTRL_X0Y16       BUFG (Prop_bufg_I_O)         0.091    29.728 r  bufg_host_clk/O
                         net (fo=7399, routed)        1.575    31.304    top/teaching_board_top/target/bh/TLBroadcastTracker/o_data/ram_mask_reg_0_7_0_5/WCLK
    SLICE_X22Y38         RAMD32                                       r  top/teaching_board_top/target/bh/TLBroadcastTracker/o_data/ram_mask_reg_0_7_0_5/RAMA/CLK
                         clock pessimism              0.517    31.821    
                         clock uncertainty           -0.082    31.739    
    SLICE_X22Y38         RAMD32 (Setup_ramd32_CLK_I)
                                                     -0.161    31.578    top/teaching_board_top/target/bh/TLBroadcastTracker/o_data/ram_mask_reg_0_7_0_5/RAMA
  -------------------------------------------------------------------
                         required time                         31.578    
                         arrival time                         -28.360    
  -------------------------------------------------------------------
                         slack                                  3.218    

Slack (MET) :             3.294ns  (required time - arrival time)
  Source:                 top/teaching_board_top/target/rd2serial/addr_reg[4]/C
                            (rising edge-triggered cell FDRE clocked by host_clk_i  {rise@0.000ns fall@12.500ns period=25.000ns})
  Destination:            top/teaching_board_top/target/bh/TLBroadcastTracker_3/o_data/ram_mask_reg_0_7_0_5/RAMC_D1/I
                            (rising edge-triggered cell RAMD32 clocked by host_clk_i  {rise@0.000ns fall@12.500ns period=25.000ns})
  Path Group:             host_clk_i
  Path Type:              Setup (Max at Slow Process Corner)
  Requirement:            25.000ns  (host_clk_i rise@25.000ns - host_clk_i rise@0.000ns)
  Data Path Delay:        21.399ns  (logic 8.820ns (41.218%)  route 12.579ns (58.782%))
  Logic Levels:           38  (CARRY4=20 LUT2=3 LUT3=2 LUT4=5 LUT5=3 LUT6=5)
  Clock Path Skew:        0.023ns (DCD - SCD + CPR)
    Destination Clock Delay (DCD):    6.306ns = ( 31.306 - 25.000 ) 
    Source Clock Delay      (SCD):    6.800ns
    Clock Pessimism Removal (CPR):    0.517ns
  Clock Uncertainty:      0.082ns  ((TSJ^2 + DJ^2)^1/2) / 2 + PE
    Total System Jitter     (TSJ):    0.071ns
    Discrete Jitter          (DJ):    0.147ns
    Phase Error              (PE):    0.000ns

    Location             Delay type                Incr(ns)  Path(ns)    Netlist Resource(s)
  -------------------------------------------------------------------    -------------------
                         (clock host_clk_i rise edge)
                                                      0.000     0.000 r  
    H16                                               0.000     0.000 r  clk (IN)
                         net (fo=0)                   0.000     0.000    clk
    H16                  IBUF (Prop_ibuf_I_O)         1.451     1.451 r  ibufg_gclk/O
                         net (fo=1, routed)           1.285     2.736    gclk_i
    MMCME2_ADV_X1Y2      MMCME2_ADV (Prop_mmcme2_adv_CLKIN1_CLKOUT0)
                                                      0.088     2.824 r  MMCME2_BASE_inst/CLKOUT0
                         net (fo=1, routed)           2.206     5.030    host_clk_i
    BUFGCTRL_X0Y16       BUFG (Prop_bufg_I_O)         0.101     5.131 r  bufg_host_clk/O
                         net (fo=7399, routed)        1.669     6.800    top/teaching_board_top/target/rd2serial/host_clk
    SLICE_X44Y47         FDRE                                         r  top/teaching_board_top/target/rd2serial/addr_reg[4]/C
  -------------------------------------------------------------------    -------------------
    SLICE_X44Y47         FDRE (Prop_fdre_C_Q)         0.456     7.256 r  top/teaching_board_top/target/rd2serial/addr_reg[4]/Q
                         net (fo=5, routed)           0.464     7.720    top/teaching_board_top/target/rd2serial/addr_reg[31]_0[1]
    SLICE_X43Y46         CARRY4 (Prop_carry4_S[0]_CO[3])
                                                      0.656     8.376 r  top/teaching_board_top/target/rd2serial/addr_reg[7]_i_2/CO[3]
                         net (fo=1, routed)           0.000     8.376    top/teaching_board_top/target/rd2serial/addr_reg[7]_i_2_n_0
    SLICE_X43Y47         CARRY4 (Prop_carry4_CI_CO[3])
                                                      0.114     8.490 r  top/teaching_board_top/target/rd2serial/addr_reg[11]_i_2/CO[3]
                         net (fo=1, routed)           0.000     8.490    top/teaching_board_top/target/rd2serial/addr_reg[11]_i_2_n_0
    SLICE_X43Y48         CARRY4 (Prop_carry4_CI_CO[3])
                                                      0.114     8.604 r  top/teaching_board_top/target/rd2serial/addr_reg[15]_i_2/CO[3]
                         net (fo=1, routed)           0.000     8.604    top/teaching_board_top/target/rd2serial/addr_reg[15]_i_2_n_0
    SLICE_X43Y49         CARRY4 (Prop_carry4_CI_CO[3])
                                                      0.114     8.718 r  top/teaching_board_top/target/rd2serial/addr_reg[19]_i_2/CO[3]
                         net (fo=1, routed)           0.001     8.719    top/teaching_board_top/target/rd2serial/addr_reg[19]_i_2_n_0
    SLICE_X43Y50         CARRY4 (Prop_carry4_CI_CO[3])
                                                      0.114     8.833 r  top/teaching_board_top/target/rd2serial/addr_reg[23]_i_2/CO[3]
                         net (fo=1, routed)           0.000     8.833    top/teaching_board_top/target/rd2serial/addr_reg[23]_i_2_n_0
    SLICE_X43Y51         CARRY4 (Prop_carry4_CI_O[1])
                                                      0.334     9.167 r  top/teaching_board_top/target/rd2serial/addr_reg[27]_i_2/O[1]
                         net (fo=3, routed)           0.529     9.696    top/teaching_board_top/target/rd2serial/_GEN_86[25]
    SLICE_X40Y52         LUT2 (Prop_lut2_I0_O)        0.303     9.999 r  top/teaching_board_top/target/rd2serial/ram_mask_reg_0_1_0_5_i_182/O
                         net (fo=1, routed)           0.000     9.999    top/teaching_board_top/target/rd2serial/ram_mask_reg_0_1_0_5_i_182_n_0
    SLICE_X40Y52         CARRY4 (Prop_carry4_S[1]_CO[3])
                                                      0.550    10.549 r  top/teaching_board_top/target/rd2serial/ram_mask_reg_0_1_0_5_i_122/CO[3]
                         net (fo=1, routed)           0.000    10.549    top/teaching_board_top/target/rd2serial/ram_mask_reg_0_1_0_5_i_122_n_0
    SLICE_X40Y53         CARRY4 (Prop_carry4_CI_CO[3])
                                                      0.114    10.663 r  top/teaching_board_top/target/rd2serial/ram_mask_reg_0_1_0_5_i_101/CO[3]
                         net (fo=1, routed)           0.000    10.663    top/teaching_board_top/target/rd2serial/ram_mask_reg_0_1_0_5_i_101_n_0
    SLICE_X40Y54         CARRY4 (Prop_carry4_CI_CO[3])
                                                      0.114    10.777 r  top/teaching_board_top/target/rd2serial/ram_mask_reg_0_1_0_5_i_105/CO[3]
                         net (fo=1, routed)           0.000    10.777    top/teaching_board_top/target/rd2serial/ram_mask_reg_0_1_0_5_i_105_n_0
    SLICE_X40Y55         CARRY4 (Prop_carry4_CI_CO[3])
                                                      0.114    10.891 r  top/teaching_board_top/target/rd2serial/req_size_reg[1]_i_64/CO[3]
                         net (fo=1, routed)           0.000    10.891    top/teaching_board_top/target/rd2serial/req_size_reg[1]_i_64_n_0
    SLICE_X40Y56         CARRY4 (Prop_carry4_CI_CO[3])
                                                      0.114    11.005 r  top/teaching_board_top/target/rd2serial/req_size_reg[1]_i_60/CO[3]
                         net (fo=1, routed)           0.000    11.005    top/teaching_board_top/target/rd2serial/req_size_reg[1]_i_60_n_0
    SLICE_X40Y57         CARRY4 (Prop_carry4_CI_CO[3])
                                                      0.114    11.119 r  top/teaching_board_top/target/rd2serial/req_size_reg[1]_i_59/CO[3]
                         net (fo=1, routed)           0.000    11.119    top/teaching_board_top/target/rd2serial/req_size_reg[1]_i_59_n_0
    SLICE_X40Y58         CARRY4 (Prop_carry4_CI_CO[3])
                                                      0.114    11.233 r  top/teaching_board_top/target/rd2serial/req_size_reg[1]_i_37/CO[3]
                         net (fo=1, routed)           0.000    11.233    top/teaching_board_top/target/rd2serial/req_size_reg[1]_i_37_n_0
    SLICE_X40Y59         CARRY4 (Prop_carry4_CI_CO[3])
                                                      0.114    11.347 r  top/teaching_board_top/target/rd2serial/req_size_reg[1]_i_34/CO[3]
                         net (fo=1, routed)           0.000    11.347    top/teaching_board_top/target/rd2serial/req_size_reg[1]_i_34_n_0
    SLICE_X40Y60         CARRY4 (Prop_carry4_CI_CO[3])
                                                      0.114    11.461 r  top/teaching_board_top/target/rd2serial/req_size_reg[1]_i_31/CO[3]
                         net (fo=1, routed)           0.000    11.461    top/teaching_board_top/target/rd2serial/req_size_reg[1]_i_31_n_0
    SLICE_X40Y61         CARRY4 (Prop_carry4_CI_O[2])
                                                      0.239    11.700 r  top/teaching_board_top/target/rd2serial/req_size_reg[1]_i_17/O[2]
                         net (fo=7, routed)           0.862    12.562    top/teaching_board_top/target/rd2serial/_GEN_87[62]
    SLICE_X41Y60         LUT4 (Prop_lut4_I3_O)        0.302    12.864 r  top/teaching_board_top/target/rd2serial/req_size[1]_i_84/O
                         net (fo=1, routed)           0.000    12.864    top/teaching_board_top/target/rd2serial/req_size[1]_i_84_n_0
    SLICE_X41Y60         CARRY4 (Prop_carry4_S[3]_CO[3])
                                                      0.401    13.265 r  top/teaching_board_top/target/rd2serial/req_size_reg[1]_i_45/CO[3]
                         net (fo=1, routed)           0.000    13.265    top/teaching_board_top/target/rd2serial/req_size_reg[1]_i_45_n_0
    SLICE_X41Y61         CARRY4 (Prop_carry4_CI_CO[0])
                                                      0.271    13.536 r  top/teaching_board_top/target/rd2serial/req_size_reg[1]_i_18/CO[0]
                         net (fo=163, routed)         1.036    14.572    top/teaching_board_top/target/rd2serial/_T_174
    SLICE_X37Y60         LUT3 (Prop_lut3_I1_O)        0.367    14.939 r  top/teaching_board_top/target/rd2serial/ram_mask_reg_0_1_0_5_i_155/O
                         net (fo=4, routed)           0.471    15.410    top/teaching_board_top/target/rd2serial/ram_mask_reg_0_1_0_5_i_155_n_0
    SLICE_X36Y60         LUT6 (Prop_lut6_I0_O)        0.326    15.736 r  top/teaching_board_top/target/rd2serial/ram_mask_reg_0_1_0_5_i_156/O
                         net (fo=2, routed)           0.463    16.199    top/teaching_board_top/target/rd2serial/ram_mask_reg_0_1_0_5_i_156_n_0
    SLICE_X36Y60         LUT6 (Prop_lut6_I5_O)        0.124    16.323 r  top/teaching_board_top/target/rd2serial/ram_mask_reg_0_1_0_5_i_106/O
                         net (fo=3, routed)           0.439    16.762    top/teaching_board_top/target/rd2serial/ram_mask_reg_0_1_0_5_i_106_n_0
    SLICE_X36Y61         LUT2 (Prop_lut2_I0_O)        0.124    16.886 r  top/teaching_board_top/target/rd2serial/ram_mask_reg_0_1_0_5_i_84/O
                         net (fo=5, routed)           0.605    17.491    top/teaching_board_top/target/rd2serial/ram_mask_reg_0_1_0_5_i_84_n_0
    SLICE_X38Y61         LUT5 (Prop_lut5_I4_O)        0.150    17.641 r  top/teaching_board_top/target/rd2serial/ram_mask_reg_0_1_0_5_i_93/O
                         net (fo=2, routed)           0.801    18.442    top/teaching_board_top/target/rd2serial/ram_mask_reg_0_1_0_5_i_93_n_0
    SLICE_X39Y62         LUT3 (Prop_lut3_I1_O)        0.376    18.818 r  top/teaching_board_top/target/rd2serial/ram_mask_reg_0_1_0_5_i_61/O
                         net (fo=2, routed)           0.803    19.621    top/teaching_board_top/target/rd2serial/ram_mask_reg_0_1_0_5_i_61_n_0
    SLICE_X41Y63         LUT5 (Prop_lut5_I3_O)        0.354    19.975 r  top/teaching_board_top/target/rd2serial/ram_mask_reg_0_1_0_5_i_63/O
                         net (fo=1, routed)           0.575    20.550    top/teaching_board_top/target/rd2serial/ram_mask_reg_0_1_0_5_i_63_n_0
    SLICE_X42Y61         LUT6 (Prop_lut6_I5_O)        0.332    20.882 r  top/teaching_board_top/target/rd2serial/ram_mask_reg_0_1_0_5_i_40/O
                         net (fo=1, routed)           0.000    20.882    top/teaching_board_top/target/rd2serial/ram_mask_reg_0_1_0_5_i_40_n_0
    SLICE_X42Y61         CARRY4 (Prop_carry4_S[2]_CO[3])
                                                      0.380    21.262 r  top/teaching_board_top/target/rd2serial/ram_mask_reg_0_1_0_5_i_27/CO[3]
                         net (fo=1, routed)           0.000    21.262    top/teaching_board_top/target/rd2serial/ram_mask_reg_0_1_0_5_i_27_n_0
    SLICE_X42Y62         CARRY4 (Prop_carry4_CI_CO[2])
                                                      0.229    21.491 f  top/teaching_board_top/target/rd2serial/ram_mask_reg_0_1_0_5_i_26/CO[2]
                         net (fo=1, routed)           0.411    21.902    top/teaching_board_top/target/rd2serial/_T_317[6]
    SLICE_X45Y61         LUT4 (Prop_lut4_I3_O)        0.310    22.212 f  top/teaching_board_top/target/rd2serial/ram_mask_reg_0_1_0_5_i_28/O
                         net (fo=1, routed)           0.641    22.853    top/teaching_board_top/target/rd2serial/ram_mask_reg_0_1_0_5_i_28_n_0
    SLICE_X45Y60         LUT4 (Prop_lut4_I3_O)        0.124    22.977 f  top/teaching_board_top/target/rd2serial/ram_mask_reg_0_1_0_5_i_20/O
                         net (fo=8, routed)           1.132    24.109    top/teaching_board_top/target/rd2serial/ram_mask_reg_0_1_0_5_i_20_n_0
    SLICE_X44Y40         LUT2 (Prop_lut2_I1_O)        0.124    24.233 r  top/teaching_board_top/target/rd2serial/req_address[2]_i_3/O
                         net (fo=6, routed)           0.587    24.820    top/teaching_board_top/target/rd2serial/addr_reg[2]_0
    SLICE_X41Y40         LUT5 (Prop_lut5_I1_O)        0.124    24.944 r  top/teaching_board_top/target/rd2serial/ram_mask_reg_0_1_0_5_i_25/O
                         net (fo=2, routed)           0.300    25.244    top/teaching_board_top/target/rd2serial/ram_mask_reg_0_1_0_5_i_25_n_0
    SLICE_X41Y40         LUT6 (Prop_lut6_I2_O)        0.124    25.368 r  top/teaching_board_top/target/rd2serial/ram_mask_reg_0_1_0_5_i_16/O
                         net (fo=2, routed)           1.037    26.405    top/teaching_board_top/target/sbus/system_bus_xbar/rd2serial_auto_out_a_bits_mask[5]
    SLICE_X27Y38         LUT4 (Prop_lut4_I2_O)        0.124    26.529 r  top/teaching_board_top/target/sbus/system_bus_xbar/req_mask[5]_i_1/O
                         net (fo=2, routed)           0.306    26.835    top/teaching_board_top/target/backend/req_mask_reg[5]_0
    SLICE_X24Y38         LUT6 (Prop_lut6_I5_O)        0.124    26.959 r  top/teaching_board_top/target/backend/ram_mask_reg_0_7_0_5_i_15/O
                         net (fo=1, routed)           0.488    27.447    top/teaching_board_top/target/backend/ram_mask_reg_0_7_0_5_i_15_n_0
    SLICE_X24Y38         LUT4 (Prop_lut4_I0_O)        0.124    27.571 r  top/teaching_board_top/target/backend/ram_mask_reg_0_7_0_5_i_5/O
                         net (fo=4, routed)           0.627    28.198    top/teaching_board_top/target/bh/TLBroadcastTracker_3/o_data/ram_mask_reg_0_7_0_5/DIC1
    SLICE_X20Y39         RAMD32                                       r  top/teaching_board_top/target/bh/TLBroadcastTracker_3/o_data/ram_mask_reg_0_7_0_5/RAMC_D1/I
  -------------------------------------------------------------------    -------------------

                         (clock host_clk_i rise edge)
                                                     25.000    25.000 r  
    H16                                               0.000    25.000 r  clk (IN)
                         net (fo=0)                   0.000    25.000    clk
    H16                  IBUF (Prop_ibuf_I_O)         1.380    26.380 r  ibufg_gclk/O
                         net (fo=1, routed)           1.162    27.542    gclk_i
    MMCME2_ADV_X1Y2      MMCME2_ADV (Prop_mmcme2_adv_CLKIN1_CLKOUT0)
                                                      0.083    27.625 r  MMCME2_BASE_inst/CLKOUT0
                         net (fo=1, routed)           2.012    29.637    host_clk_i
    BUFGCTRL_X0Y16       BUFG (Prop_bufg_I_O)         0.091    29.728 r  bufg_host_clk/O
                         net (fo=7399, routed)        1.577    31.306    top/teaching_board_top/target/bh/TLBroadcastTracker_3/o_data/ram_mask_reg_0_7_0_5/WCLK
    SLICE_X20Y39         RAMD32                                       r  top/teaching_board_top/target/bh/TLBroadcastTracker_3/o_data/ram_mask_reg_0_7_0_5/RAMC_D1/CLK
                         clock pessimism              0.517    31.823    
                         clock uncertainty           -0.082    31.741    
    SLICE_X20Y39         RAMD32 (Setup_ramd32_CLK_I)
                                                     -0.249    31.492    top/teaching_board_top/target/bh/TLBroadcastTracker_3/o_data/ram_mask_reg_0_7_0_5/RAMC_D1
  -------------------------------------------------------------------
                         required time                         31.492    
                         arrival time                         -28.198    
  -------------------------------------------------------------------
                         slack                                  3.294    

Slack (MET) :             3.299ns  (required time - arrival time)
  Source:                 top/teaching_board_top/target/rd2serial/addr_reg[4]/C
                            (rising edge-triggered cell FDRE clocked by host_clk_i  {rise@0.000ns fall@12.500ns period=25.000ns})
  Destination:            top/teaching_board_top/target/bh/TLBroadcastTracker_2/o_data/ram_mask_reg_0_7_0_5/RAMA/I
                            (rising edge-triggered cell RAMD32 clocked by host_clk_i  {rise@0.000ns fall@12.500ns period=25.000ns})
  Path Group:             host_clk_i
  Path Type:              Setup (Max at Slow Process Corner)
  Requirement:            25.000ns  (host_clk_i rise@25.000ns - host_clk_i rise@0.000ns)
  Data Path Delay:        21.478ns  (logic 9.016ns (41.978%)  route 12.462ns (58.022%))
  Logic Levels:           38  (CARRY4=20 LUT2=3 LUT3=2 LUT4=5 LUT5=2 LUT6=6)
  Clock Path Skew:        0.020ns (DCD - SCD + CPR)
    Destination Clock Delay (DCD):    6.303ns = ( 31.303 - 25.000 ) 
    Source Clock Delay      (SCD):    6.800ns
    Clock Pessimism Removal (CPR):    0.517ns
  Clock Uncertainty:      0.082ns  ((TSJ^2 + DJ^2)^1/2) / 2 + PE
    Total System Jitter     (TSJ):    0.071ns
    Discrete Jitter          (DJ):    0.147ns
    Phase Error              (PE):    0.000ns

    Location             Delay type                Incr(ns)  Path(ns)    Netlist Resource(s)
  -------------------------------------------------------------------    -------------------
                         (clock host_clk_i rise edge)
                                                      0.000     0.000 r  
    H16                                               0.000     0.000 r  clk (IN)
                         net (fo=0)                   0.000     0.000    clk
    H16                  IBUF (Prop_ibuf_I_O)         1.451     1.451 r  ibufg_gclk/O
                         net (fo=1, routed)           1.285     2.736    gclk_i
    MMCME2_ADV_X1Y2      MMCME2_ADV (Prop_mmcme2_adv_CLKIN1_CLKOUT0)
                                                      0.088     2.824 r  MMCME2_BASE_inst/CLKOUT0
                         net (fo=1, routed)           2.206     5.030    host_clk_i
    BUFGCTRL_X0Y16       BUFG (Prop_bufg_I_O)         0.101     5.131 r  bufg_host_clk/O
                         net (fo=7399, routed)        1.669     6.800    top/teaching_board_top/target/rd2serial/host_clk
    SLICE_X44Y47         FDRE                                         r  top/teaching_board_top/target/rd2serial/addr_reg[4]/C
  -------------------------------------------------------------------    -------------------
    SLICE_X44Y47         FDRE (Prop_fdre_C_Q)         0.456     7.256 r  top/teaching_board_top/target/rd2serial/addr_reg[4]/Q
                         net (fo=5, routed)           0.464     7.720    top/teaching_board_top/target/rd2serial/addr_reg[31]_0[1]
    SLICE_X43Y46         CARRY4 (Prop_carry4_S[0]_CO[3])
                                                      0.656     8.376 r  top/teaching_board_top/target/rd2serial/addr_reg[7]_i_2/CO[3]
                         net (fo=1, routed)           0.000     8.376    top/teaching_board_top/target/rd2serial/addr_reg[7]_i_2_n_0
    SLICE_X43Y47         CARRY4 (Prop_carry4_CI_CO[3])
                                                      0.114     8.490 r  top/teaching_board_top/target/rd2serial/addr_reg[11]_i_2/CO[3]
                         net (fo=1, routed)           0.000     8.490    top/teaching_board_top/target/rd2serial/addr_reg[11]_i_2_n_0
    SLICE_X43Y48         CARRY4 (Prop_carry4_CI_CO[3])
                                                      0.114     8.604 r  top/teaching_board_top/target/rd2serial/addr_reg[15]_i_2/CO[3]
                         net (fo=1, routed)           0.000     8.604    top/teaching_board_top/target/rd2serial/addr_reg[15]_i_2_n_0
    SLICE_X43Y49         CARRY4 (Prop_carry4_CI_CO[3])
                                                      0.114     8.718 r  top/teaching_board_top/target/rd2serial/addr_reg[19]_i_2/CO[3]
                         net (fo=1, routed)           0.001     8.719    top/teaching_board_top/target/rd2serial/addr_reg[19]_i_2_n_0
    SLICE_X43Y50         CARRY4 (Prop_carry4_CI_CO[3])
                                                      0.114     8.833 r  top/teaching_board_top/target/rd2serial/addr_reg[23]_i_2/CO[3]
                         net (fo=1, routed)           0.000     8.833    top/teaching_board_top/target/rd2serial/addr_reg[23]_i_2_n_0
    SLICE_X43Y51         CARRY4 (Prop_carry4_CI_O[1])
                                                      0.334     9.167 r  top/teaching_board_top/target/rd2serial/addr_reg[27]_i_2/O[1]
                         net (fo=3, routed)           0.529     9.696    top/teaching_board_top/target/rd2serial/_GEN_86[25]
    SLICE_X40Y52         LUT2 (Prop_lut2_I0_O)        0.303     9.999 r  top/teaching_board_top/target/rd2serial/ram_mask_reg_0_1_0_5_i_182/O
                         net (fo=1, routed)           0.000     9.999    top/teaching_board_top/target/rd2serial/ram_mask_reg_0_1_0_5_i_182_n_0
    SLICE_X40Y52         CARRY4 (Prop_carry4_S[1]_CO[3])
                                                      0.550    10.549 r  top/teaching_board_top/target/rd2serial/ram_mask_reg_0_1_0_5_i_122/CO[3]
                         net (fo=1, routed)           0.000    10.549    top/teaching_board_top/target/rd2serial/ram_mask_reg_0_1_0_5_i_122_n_0
    SLICE_X40Y53         CARRY4 (Prop_carry4_CI_CO[3])
                                                      0.114    10.663 r  top/teaching_board_top/target/rd2serial/ram_mask_reg_0_1_0_5_i_101/CO[3]
                         net (fo=1, routed)           0.000    10.663    top/teaching_board_top/target/rd2serial/ram_mask_reg_0_1_0_5_i_101_n_0
    SLICE_X40Y54         CARRY4 (Prop_carry4_CI_CO[3])
                                                      0.114    10.777 r  top/teaching_board_top/target/rd2serial/ram_mask_reg_0_1_0_5_i_105/CO[3]
                         net (fo=1, routed)           0.000    10.777    top/teaching_board_top/target/rd2serial/ram_mask_reg_0_1_0_5_i_105_n_0
    SLICE_X40Y55         CARRY4 (Prop_carry4_CI_CO[3])
                                                      0.114    10.891 r  top/teaching_board_top/target/rd2serial/req_size_reg[1]_i_64/CO[3]
                         net (fo=1, routed)           0.000    10.891    top/teaching_board_top/target/rd2serial/req_size_reg[1]_i_64_n_0
    SLICE_X40Y56         CARRY4 (Prop_carry4_CI_CO[3])
                                                      0.114    11.005 r  top/teaching_board_top/target/rd2serial/req_size_reg[1]_i_60/CO[3]
                         net (fo=1, routed)           0.000    11.005    top/teaching_board_top/target/rd2serial/req_size_reg[1]_i_60_n_0
    SLICE_X40Y57         CARRY4 (Prop_carry4_CI_CO[3])
                                                      0.114    11.119 r  top/teaching_board_top/target/rd2serial/req_size_reg[1]_i_59/CO[3]
                         net (fo=1, routed)           0.000    11.119    top/teaching_board_top/target/rd2serial/req_size_reg[1]_i_59_n_0
    SLICE_X40Y58         CARRY4 (Prop_carry4_CI_CO[3])
                                                      0.114    11.233 r  top/teaching_board_top/target/rd2serial/req_size_reg[1]_i_37/CO[3]
                         net (fo=1, routed)           0.000    11.233    top/teaching_board_top/target/rd2serial/req_size_reg[1]_i_37_n_0
    SLICE_X40Y59         CARRY4 (Prop_carry4_CI_CO[3])
                                                      0.114    11.347 r  top/teaching_board_top/target/rd2serial/req_size_reg[1]_i_34/CO[3]
                         net (fo=1, routed)           0.000    11.347    top/teaching_board_top/target/rd2serial/req_size_reg[1]_i_34_n_0
    SLICE_X40Y60         CARRY4 (Prop_carry4_CI_CO[3])
                                                      0.114    11.461 r  top/teaching_board_top/target/rd2serial/req_size_reg[1]_i_31/CO[3]
                         net (fo=1, routed)           0.000    11.461    top/teaching_board_top/target/rd2serial/req_size_reg[1]_i_31_n_0
    SLICE_X40Y61         CARRY4 (Prop_carry4_CI_O[2])
                                                      0.239    11.700 r  top/teaching_board_top/target/rd2serial/req_size_reg[1]_i_17/O[2]
                         net (fo=7, routed)           0.862    12.562    top/teaching_board_top/target/rd2serial/_GEN_87[62]
    SLICE_X41Y60         LUT4 (Prop_lut4_I3_O)        0.302    12.864 r  top/teaching_board_top/target/rd2serial/req_size[1]_i_84/O
                         net (fo=1, routed)           0.000    12.864    top/teaching_board_top/target/rd2serial/req_size[1]_i_84_n_0
    SLICE_X41Y60         CARRY4 (Prop_carry4_S[3]_CO[3])
                                                      0.401    13.265 r  top/teaching_board_top/target/rd2serial/req_size_reg[1]_i_45/CO[3]
                         net (fo=1, routed)           0.000    13.265    top/teaching_board_top/target/rd2serial/req_size_reg[1]_i_45_n_0
    SLICE_X41Y61         CARRY4 (Prop_carry4_CI_CO[0])
                                                      0.271    13.536 r  top/teaching_board_top/target/rd2serial/req_size_reg[1]_i_18/CO[0]
                         net (fo=163, routed)         1.036    14.572    top/teaching_board_top/target/rd2serial/_T_174
    SLICE_X37Y60         LUT3 (Prop_lut3_I1_O)        0.367    14.939 r  top/teaching_board_top/target/rd2serial/ram_mask_reg_0_1_0_5_i_155/O
                         net (fo=4, routed)           0.471    15.410    top/teaching_board_top/target/rd2serial/ram_mask_reg_0_1_0_5_i_155_n_0
    SLICE_X36Y60         LUT6 (Prop_lut6_I0_O)        0.326    15.736 r  top/teaching_board_top/target/rd2serial/ram_mask_reg_0_1_0_5_i_156/O
                         net (fo=2, routed)           0.463    16.199    top/teaching_board_top/target/rd2serial/ram_mask_reg_0_1_0_5_i_156_n_0
    SLICE_X36Y60         LUT6 (Prop_lut6_I5_O)        0.124    16.323 r  top/teaching_board_top/target/rd2serial/ram_mask_reg_0_1_0_5_i_106/O
                         net (fo=3, routed)           0.439    16.762    top/teaching_board_top/target/rd2serial/ram_mask_reg_0_1_0_5_i_106_n_0
    SLICE_X36Y61         LUT2 (Prop_lut2_I0_O)        0.124    16.886 r  top/teaching_board_top/target/rd2serial/ram_mask_reg_0_1_0_5_i_84/O
                         net (fo=5, routed)           0.605    17.491    top/teaching_board_top/target/rd2serial/ram_mask_reg_0_1_0_5_i_84_n_0
    SLICE_X38Y61         LUT5 (Prop_lut5_I4_O)        0.150    17.641 r  top/teaching_board_top/target/rd2serial/ram_mask_reg_0_1_0_5_i_93/O
                         net (fo=2, routed)           0.801    18.442    top/teaching_board_top/target/rd2serial/ram_mask_reg_0_1_0_5_i_93_n_0
    SLICE_X39Y62         LUT3 (Prop_lut3_I1_O)        0.376    18.818 r  top/teaching_board_top/target/rd2serial/ram_mask_reg_0_1_0_5_i_61/O
                         net (fo=2, routed)           0.803    19.621    top/teaching_board_top/target/rd2serial/ram_mask_reg_0_1_0_5_i_61_n_0
    SLICE_X41Y63         LUT5 (Prop_lut5_I3_O)        0.354    19.975 r  top/teaching_board_top/target/rd2serial/ram_mask_reg_0_1_0_5_i_63/O
                         net (fo=1, routed)           0.575    20.550    top/teaching_board_top/target/rd2serial/ram_mask_reg_0_1_0_5_i_63_n_0
    SLICE_X42Y61         LUT6 (Prop_lut6_I5_O)        0.332    20.882 r  top/teaching_board_top/target/rd2serial/ram_mask_reg_0_1_0_5_i_40/O
                         net (fo=1, routed)           0.000    20.882    top/teaching_board_top/target/rd2serial/ram_mask_reg_0_1_0_5_i_40_n_0
    SLICE_X42Y61         CARRY4 (Prop_carry4_S[2]_CO[3])
                                                      0.380    21.262 r  top/teaching_board_top/target/rd2serial/ram_mask_reg_0_1_0_5_i_27/CO[3]
                         net (fo=1, routed)           0.000    21.262    top/teaching_board_top/target/rd2serial/ram_mask_reg_0_1_0_5_i_27_n_0
    SLICE_X42Y62         CARRY4 (Prop_carry4_CI_CO[2])
                                                      0.229    21.491 r  top/teaching_board_top/target/rd2serial/ram_mask_reg_0_1_0_5_i_26/CO[2]
                         net (fo=1, routed)           0.411    21.902    top/teaching_board_top/target/rd2serial/_T_317[6]
    SLICE_X45Y61         LUT4 (Prop_lut4_I3_O)        0.310    22.212 r  top/teaching_board_top/target/rd2serial/ram_mask_reg_0_1_0_5_i_28/O
                         net (fo=1, routed)           0.641    22.853    top/teaching_board_top/target/rd2serial/ram_mask_reg_0_1_0_5_i_28_n_0
    SLICE_X45Y60         LUT4 (Prop_lut4_I3_O)        0.124    22.977 r  top/teaching_board_top/target/rd2serial/ram_mask_reg_0_1_0_5_i_20/O
                         net (fo=8, routed)           1.132    24.109    top/teaching_board_top/target/rd2serial/ram_mask_reg_0_1_0_5_i_20_n_0
    SLICE_X44Y40         LUT2 (Prop_lut2_I1_O)        0.124    24.233 f  top/teaching_board_top/target/rd2serial/req_address[2]_i_3/O
                         net (fo=6, routed)           0.587    24.820    top/teaching_board_top/target/rd2serial/addr_reg[2]_0
    SLICE_X41Y40         LUT4 (Prop_lut4_I2_O)        0.118    24.938 r  top/teaching_board_top/target/rd2serial/ram_mask_reg_0_1_0_5_i_29/O
                         net (fo=1, routed)           0.317    25.255    top/teaching_board_top/target/rd2serial/ram_mask_reg_0_1_0_5_i_29_n_0
    SLICE_X42Y39         LUT6 (Prop_lut6_I4_O)        0.326    25.581 r  top/teaching_board_top/target/rd2serial/ram_mask_reg_0_1_0_5_i_21/O
                         net (fo=2, routed)           0.305    25.885    top/teaching_board_top/target/rd2serial/ram_mask_reg_0_1_0_5_i_21_n_0
    SLICE_X43Y39         LUT6 (Prop_lut6_I0_O)        0.124    26.009 r  top/teaching_board_top/target/rd2serial/ram_mask_reg_0_1_0_5_i_10__0/O
                         net (fo=2, routed)           0.371    26.381    top/teaching_board_top/target/sbus/system_bus_xbar/rd2serial_auto_out_a_bits_mask[0]
    SLICE_X42Y39         LUT4 (Prop_lut4_I2_O)        0.124    26.505 r  top/teaching_board_top/target/sbus/system_bus_xbar/req_mask[0]_i_1/O
                         net (fo=2, routed)           0.979    27.483    top/teaching_board_top/target/backend/req_mask_reg[0]_0
    SLICE_X26Y39         LUT6 (Prop_lut6_I0_O)        0.124    27.607 r  top/teaching_board_top/target/backend/ram_mask_reg_0_7_0_5_i_2/O
                         net (fo=4, routed)           0.670    28.278    top/teaching_board_top/target/bh/TLBroadcastTracker_2/o_data/ram_mask_reg_0_7_0_5/DIA0
    SLICE_X22Y37         RAMD32                                       r  top/teaching_board_top/target/bh/TLBroadcastTracker_2/o_data/ram_mask_reg_0_7_0_5/RAMA/I
  -------------------------------------------------------------------    -------------------

                         (clock host_clk_i rise edge)
                                                     25.000    25.000 r  
    H16                                               0.000    25.000 r  clk (IN)
                         net (fo=0)                   0.000    25.000    clk
    H16                  IBUF (Prop_ibuf_I_O)         1.380    26.380 r  ibufg_gclk/O
                         net (fo=1, routed)           1.162    27.542    gclk_i
    MMCME2_ADV_X1Y2      MMCME2_ADV (Prop_mmcme2_adv_CLKIN1_CLKOUT0)
                                                      0.083    27.625 r  MMCME2_BASE_inst/CLKOUT0
                         net (fo=1, routed)           2.012    29.637    host_clk_i
    BUFGCTRL_X0Y16       BUFG (Prop_bufg_I_O)         0.091    29.728 r  bufg_host_clk/O
                         net (fo=7399, routed)        1.574    31.303    top/teaching_board_top/target/bh/TLBroadcastTracker_2/o_data/ram_mask_reg_0_7_0_5/WCLK
    SLICE_X22Y37         RAMD32                                       r  top/teaching_board_top/target/bh/TLBroadcastTracker_2/o_data/ram_mask_reg_0_7_0_5/RAMA/CLK
                         clock pessimism              0.517    31.820    
                         clock uncertainty           -0.082    31.738    
    SLICE_X22Y37         RAMD32 (Setup_ramd32_CLK_I)
                                                     -0.161    31.577    top/teaching_board_top/target/bh/TLBroadcastTracker_2/o_data/ram_mask_reg_0_7_0_5/RAMA
  -------------------------------------------------------------------
                         required time                         31.577    
                         arrival time                         -28.278    
  -------------------------------------------------------------------
                         slack                                  3.299    

Slack (MET) :             3.327ns  (required time - arrival time)
  Source:                 top/teaching_board_top/target/rd2serial/addr_reg[4]/C
                            (rising edge-triggered cell FDRE clocked by host_clk_i  {rise@0.000ns fall@12.500ns period=25.000ns})
  Destination:            top/teaching_board_top/target/bh/TLBroadcastTracker_2/o_data/ram_mask_reg_0_7_0_5/RAMC_D1/I
                            (rising edge-triggered cell RAMD32 clocked by host_clk_i  {rise@0.000ns fall@12.500ns period=25.000ns})
  Path Group:             host_clk_i
  Path Type:              Setup (Max at Slow Process Corner)
  Requirement:            25.000ns  (host_clk_i rise@25.000ns - host_clk_i rise@0.000ns)
  Data Path Delay:        21.363ns  (logic 8.820ns (41.287%)  route 12.543ns (58.713%))
  Logic Levels:           38  (CARRY4=20 LUT2=3 LUT3=2 LUT4=5 LUT5=3 LUT6=5)
  Clock Path Skew:        0.020ns (DCD - SCD + CPR)
    Destination Clock Delay (DCD):    6.303ns = ( 31.303 - 25.000 ) 
    Source Clock Delay      (SCD):    6.800ns
    Clock Pessimism Removal (CPR):    0.517ns
  Clock Uncertainty:      0.082ns  ((TSJ^2 + DJ^2)^1/2) / 2 + PE
    Total System Jitter     (TSJ):    0.071ns
    Discrete Jitter          (DJ):    0.147ns
    Phase Error              (PE):    0.000ns

    Location             Delay type                Incr(ns)  Path(ns)    Netlist Resource(s)
  -------------------------------------------------------------------    -------------------
                         (clock host_clk_i rise edge)
                                                      0.000     0.000 r  
    H16                                               0.000     0.000 r  clk (IN)
                         net (fo=0)                   0.000     0.000    clk
    H16                  IBUF (Prop_ibuf_I_O)         1.451     1.451 r  ibufg_gclk/O
                         net (fo=1, routed)           1.285     2.736    gclk_i
    MMCME2_ADV_X1Y2      MMCME2_ADV (Prop_mmcme2_adv_CLKIN1_CLKOUT0)
                                                      0.088     2.824 r  MMCME2_BASE_inst/CLKOUT0
                         net (fo=1, routed)           2.206     5.030    host_clk_i
    BUFGCTRL_X0Y16       BUFG (Prop_bufg_I_O)         0.101     5.131 r  bufg_host_clk/O
                         net (fo=7399, routed)        1.669     6.800    top/teaching_board_top/target/rd2serial/host_clk
    SLICE_X44Y47         FDRE                                         r  top/teaching_board_top/target/rd2serial/addr_reg[4]/C
  -------------------------------------------------------------------    -------------------
    SLICE_X44Y47         FDRE (Prop_fdre_C_Q)         0.456     7.256 r  top/teaching_board_top/target/rd2serial/addr_reg[4]/Q
                         net (fo=5, routed)           0.464     7.720    top/teaching_board_top/target/rd2serial/addr_reg[31]_0[1]
    SLICE_X43Y46         CARRY4 (Prop_carry4_S[0]_CO[3])
                                                      0.656     8.376 r  top/teaching_board_top/target/rd2serial/addr_reg[7]_i_2/CO[3]
                         net (fo=1, routed)           0.000     8.376    top/teaching_board_top/target/rd2serial/addr_reg[7]_i_2_n_0
    SLICE_X43Y47         CARRY4 (Prop_carry4_CI_CO[3])
                                                      0.114     8.490 r  top/teaching_board_top/target/rd2serial/addr_reg[11]_i_2/CO[3]
                         net (fo=1, routed)           0.000     8.490    top/teaching_board_top/target/rd2serial/addr_reg[11]_i_2_n_0
    SLICE_X43Y48         CARRY4 (Prop_carry4_CI_CO[3])
                                                      0.114     8.604 r  top/teaching_board_top/target/rd2serial/addr_reg[15]_i_2/CO[3]
                         net (fo=1, routed)           0.000     8.604    top/teaching_board_top/target/rd2serial/addr_reg[15]_i_2_n_0
    SLICE_X43Y49         CARRY4 (Prop_carry4_CI_CO[3])
                                                      0.114     8.718 r  top/teaching_board_top/target/rd2serial/addr_reg[19]_i_2/CO[3]
                         net (fo=1, routed)           0.001     8.719    top/teaching_board_top/target/rd2serial/addr_reg[19]_i_2_n_0
    SLICE_X43Y50         CARRY4 (Prop_carry4_CI_CO[3])
                                                      0.114     8.833 r  top/teaching_board_top/target/rd2serial/addr_reg[23]_i_2/CO[3]
                         net (fo=1, routed)           0.000     8.833    top/teaching_board_top/target/rd2serial/addr_reg[23]_i_2_n_0
    SLICE_X43Y51         CARRY4 (Prop_carry4_CI_O[1])
                                                      0.334     9.167 r  top/teaching_board_top/target/rd2serial/addr_reg[27]_i_2/O[1]
                         net (fo=3, routed)           0.529     9.696    top/teaching_board_top/target/rd2serial/_GEN_86[25]
    SLICE_X40Y52         LUT2 (Prop_lut2_I0_O)        0.303     9.999 r  top/teaching_board_top/target/rd2serial/ram_mask_reg_0_1_0_5_i_182/O
                         net (fo=1, routed)           0.000     9.999    top/teaching_board_top/target/rd2serial/ram_mask_reg_0_1_0_5_i_182_n_0
    SLICE_X40Y52         CARRY4 (Prop_carry4_S[1]_CO[3])
                                                      0.550    10.549 r  top/teaching_board_top/target/rd2serial/ram_mask_reg_0_1_0_5_i_122/CO[3]
                         net (fo=1, routed)           0.000    10.549    top/teaching_board_top/target/rd2serial/ram_mask_reg_0_1_0_5_i_122_n_0
    SLICE_X40Y53         CARRY4 (Prop_carry4_CI_CO[3])
                                                      0.114    10.663 r  top/teaching_board_top/target/rd2serial/ram_mask_reg_0_1_0_5_i_101/CO[3]
                         net (fo=1, routed)           0.000    10.663    top/teaching_board_top/target/rd2serial/ram_mask_reg_0_1_0_5_i_101_n_0
    SLICE_X40Y54         CARRY4 (Prop_carry4_CI_CO[3])
                                                      0.114    10.777 r  top/teaching_board_top/target/rd2serial/ram_mask_reg_0_1_0_5_i_105/CO[3]
                         net (fo=1, routed)           0.000    10.777    top/teaching_board_top/target/rd2serial/ram_mask_reg_0_1_0_5_i_105_n_0
    SLICE_X40Y55         CARRY4 (Prop_carry4_CI_CO[3])
                                                      0.114    10.891 r  top/teaching_board_top/target/rd2serial/req_size_reg[1]_i_64/CO[3]
                         net (fo=1, routed)           0.000    10.891    top/teaching_board_top/target/rd2serial/req_size_reg[1]_i_64_n_0
    SLICE_X40Y56         CARRY4 (Prop_carry4_CI_CO[3])
                                                      0.114    11.005 r  top/teaching_board_top/target/rd2serial/req_size_reg[1]_i_60/CO[3]
                         net (fo=1, routed)           0.000    11.005    top/teaching_board_top/target/rd2serial/req_size_reg[1]_i_60_n_0
    SLICE_X40Y57         CARRY4 (Prop_carry4_CI_CO[3])
                                                      0.114    11.119 r  top/teaching_board_top/target/rd2serial/req_size_reg[1]_i_59/CO[3]
                         net (fo=1, routed)           0.000    11.119    top/teaching_board_top/target/rd2serial/req_size_reg[1]_i_59_n_0
    SLICE_X40Y58         CARRY4 (Prop_carry4_CI_CO[3])
                                                      0.114    11.233 r  top/teaching_board_top/target/rd2serial/req_size_reg[1]_i_37/CO[3]
                         net (fo=1, routed)           0.000    11.233    top/teaching_board_top/target/rd2serial/req_size_reg[1]_i_37_n_0
    SLICE_X40Y59         CARRY4 (Prop_carry4_CI_CO[3])
                                                      0.114    11.347 r  top/teaching_board_top/target/rd2serial/req_size_reg[1]_i_34/CO[3]
                         net (fo=1, routed)           0.000    11.347    top/teaching_board_top/target/rd2serial/req_size_reg[1]_i_34_n_0
    SLICE_X40Y60         CARRY4 (Prop_carry4_CI_CO[3])
                                                      0.114    11.461 r  top/teaching_board_top/target/rd2serial/req_size_reg[1]_i_31/CO[3]
                         net (fo=1, routed)           0.000    11.461    top/teaching_board_top/target/rd2serial/req_size_reg[1]_i_31_n_0
    SLICE_X40Y61         CARRY4 (Prop_carry4_CI_O[2])
                                                      0.239    11.700 r  top/teaching_board_top/target/rd2serial/req_size_reg[1]_i_17/O[2]
                         net (fo=7, routed)           0.862    12.562    top/teaching_board_top/target/rd2serial/_GEN_87[62]
    SLICE_X41Y60         LUT4 (Prop_lut4_I3_O)        0.302    12.864 r  top/teaching_board_top/target/rd2serial/req_size[1]_i_84/O
                         net (fo=1, routed)           0.000    12.864    top/teaching_board_top/target/rd2serial/req_size[1]_i_84_n_0
    SLICE_X41Y60         CARRY4 (Prop_carry4_S[3]_CO[3])
                                                      0.401    13.265 r  top/teaching_board_top/target/rd2serial/req_size_reg[1]_i_45/CO[3]
                         net (fo=1, routed)           0.000    13.265    top/teaching_board_top/target/rd2serial/req_size_reg[1]_i_45_n_0
    SLICE_X41Y61         CARRY4 (Prop_carry4_CI_CO[0])
                                                      0.271    13.536 r  top/teaching_board_top/target/rd2serial/req_size_reg[1]_i_18/CO[0]
                         net (fo=163, routed)         1.036    14.572    top/teaching_board_top/target/rd2serial/_T_174
    SLICE_X37Y60         LUT3 (Prop_lut3_I1_O)        0.367    14.939 r  top/teaching_board_top/target/rd2serial/ram_mask_reg_0_1_0_5_i_155/O
                         net (fo=4, routed)           0.471    15.410    top/teaching_board_top/target/rd2serial/ram_mask_reg_0_1_0_5_i_155_n_0
    SLICE_X36Y60         LUT6 (Prop_lut6_I0_O)        0.326    15.736 r  top/teaching_board_top/target/rd2serial/ram_mask_reg_0_1_0_5_i_156/O
                         net (fo=2, routed)           0.463    16.199    top/teaching_board_top/target/rd2serial/ram_mask_reg_0_1_0_5_i_156_n_0
    SLICE_X36Y60         LUT6 (Prop_lut6_I5_O)        0.124    16.323 r  top/teaching_board_top/target/rd2serial/ram_mask_reg_0_1_0_5_i_106/O
                         net (fo=3, routed)           0.439    16.762    top/teaching_board_top/target/rd2serial/ram_mask_reg_0_1_0_5_i_106_n_0
    SLICE_X36Y61         LUT2 (Prop_lut2_I0_O)        0.124    16.886 r  top/teaching_board_top/target/rd2serial/ram_mask_reg_0_1_0_5_i_84/O
                         net (fo=5, routed)           0.605    17.491    top/teaching_board_top/target/rd2serial/ram_mask_reg_0_1_0_5_i_84_n_0
    SLICE_X38Y61         LUT5 (Prop_lut5_I4_O)        0.150    17.641 r  top/teaching_board_top/target/rd2serial/ram_mask_reg_0_1_0_5_i_93/O
                         net (fo=2, routed)           0.801    18.442    top/teaching_board_top/target/rd2serial/ram_mask_reg_0_1_0_5_i_93_n_0
    SLICE_X39Y62         LUT3 (Prop_lut3_I1_O)        0.376    18.818 r  top/teaching_board_top/target/rd2serial/ram_mask_reg_0_1_0_5_i_61/O
                         net (fo=2, routed)           0.803    19.621    top/teaching_board_top/target/rd2serial/ram_mask_reg_0_1_0_5_i_61_n_0
    SLICE_X41Y63         LUT5 (Prop_lut5_I3_O)        0.354    19.975 r  top/teaching_board_top/target/rd2serial/ram_mask_reg_0_1_0_5_i_63/O
                         net (fo=1, routed)           0.575    20.550    top/teaching_board_top/target/rd2serial/ram_mask_reg_0_1_0_5_i_63_n_0
    SLICE_X42Y61         LUT6 (Prop_lut6_I5_O)        0.332    20.882 r  top/teaching_board_top/target/rd2serial/ram_mask_reg_0_1_0_5_i_40/O
                         net (fo=1, routed)           0.000    20.882    top/teaching_board_top/target/rd2serial/ram_mask_reg_0_1_0_5_i_40_n_0
    SLICE_X42Y61         CARRY4 (Prop_carry4_S[2]_CO[3])
                                                      0.380    21.262 r  top/teaching_board_top/target/rd2serial/ram_mask_reg_0_1_0_5_i_27/CO[3]
                         net (fo=1, routed)           0.000    21.262    top/teaching_board_top/target/rd2serial/ram_mask_reg_0_1_0_5_i_27_n_0
    SLICE_X42Y62         CARRY4 (Prop_carry4_CI_CO[2])
                                                      0.229    21.491 f  top/teaching_board_top/target/rd2serial/ram_mask_reg_0_1_0_5_i_26/CO[2]
                         net (fo=1, routed)           0.411    21.902    top/teaching_board_top/target/rd2serial/_T_317[6]
    SLICE_X45Y61         LUT4 (Prop_lut4_I3_O)        0.310    22.212 f  top/teaching_board_top/target/rd2serial/ram_mask_reg_0_1_0_5_i_28/O
                         net (fo=1, routed)           0.641    22.853    top/teaching_board_top/target/rd2serial/ram_mask_reg_0_1_0_5_i_28_n_0
    SLICE_X45Y60         LUT4 (Prop_lut4_I3_O)        0.124    22.977 f  top/teaching_board_top/target/rd2serial/ram_mask_reg_0_1_0_5_i_20/O
                         net (fo=8, routed)           1.132    24.109    top/teaching_board_top/target/rd2serial/ram_mask_reg_0_1_0_5_i_20_n_0
    SLICE_X44Y40         LUT2 (Prop_lut2_I1_O)        0.124    24.233 r  top/teaching_board_top/target/rd2serial/req_address[2]_i_3/O
                         net (fo=6, routed)           0.587    24.820    top/teaching_board_top/target/rd2serial/addr_reg[2]_0
    SLICE_X41Y40         LUT5 (Prop_lut5_I1_O)        0.124    24.944 r  top/teaching_board_top/target/rd2serial/ram_mask_reg_0_1_0_5_i_25/O
                         net (fo=2, routed)           0.300    25.244    top/teaching_board_top/target/rd2serial/ram_mask_reg_0_1_0_5_i_25_n_0
    SLICE_X41Y40         LUT6 (Prop_lut6_I2_O)        0.124    25.368 r  top/teaching_board_top/target/rd2serial/ram_mask_reg_0_1_0_5_i_16/O
                         net (fo=2, routed)           1.037    26.405    top/teaching_board_top/target/sbus/system_bus_xbar/rd2serial_auto_out_a_bits_mask[5]
    SLICE_X27Y38         LUT4 (Prop_lut4_I2_O)        0.124    26.529 r  top/teaching_board_top/target/sbus/system_bus_xbar/req_mask[5]_i_1/O
                         net (fo=2, routed)           0.306    26.835    top/teaching_board_top/target/backend/req_mask_reg[5]_0
    SLICE_X24Y38         LUT6 (Prop_lut6_I5_O)        0.124    26.959 r  top/teaching_board_top/target/backend/ram_mask_reg_0_7_0_5_i_15/O
                         net (fo=1, routed)           0.488    27.447    top/teaching_board_top/target/backend/ram_mask_reg_0_7_0_5_i_15_n_0
    SLICE_X24Y38         LUT4 (Prop_lut4_I0_O)        0.124    27.571 r  top/teaching_board_top/target/backend/ram_mask_reg_0_7_0_5_i_5/O
                         net (fo=4, routed)           0.591    28.162    top/teaching_board_top/target/bh/TLBroadcastTracker_2/o_data/ram_mask_reg_0_7_0_5/DIC1
    SLICE_X22Y37         RAMD32                                       r  top/teaching_board_top/target/bh/TLBroadcastTracker_2/o_data/ram_mask_reg_0_7_0_5/RAMC_D1/I
  -------------------------------------------------------------------    -------------------

                         (clock host_clk_i rise edge)
                                                     25.000    25.000 r  
    H16                                               0.000    25.000 r  clk (IN)
                         net (fo=0)                   0.000    25.000    clk
    H16                  IBUF (Prop_ibuf_I_O)         1.380    26.380 r  ibufg_gclk/O
                         net (fo=1, routed)           1.162    27.542    gclk_i
    MMCME2_ADV_X1Y2      MMCME2_ADV (Prop_mmcme2_adv_CLKIN1_CLKOUT0)
                                                      0.083    27.625 r  MMCME2_BASE_inst/CLKOUT0
                         net (fo=1, routed)           2.012    29.637    host_clk_i
    BUFGCTRL_X0Y16       BUFG (Prop_bufg_I_O)         0.091    29.728 r  bufg_host_clk/O
                         net (fo=7399, routed)        1.574    31.303    top/teaching_board_top/target/bh/TLBroadcastTracker_2/o_data/ram_mask_reg_0_7_0_5/WCLK
    SLICE_X22Y37         RAMD32                                       r  top/teaching_board_top/target/bh/TLBroadcastTracker_2/o_data/ram_mask_reg_0_7_0_5/RAMC_D1/CLK
                         clock pessimism              0.517    31.820    
                         clock uncertainty           -0.082    31.738    
    SLICE_X22Y37         RAMD32 (Setup_ramd32_CLK_I)
                                                     -0.249    31.489    top/teaching_board_top/target/bh/TLBroadcastTracker_2/o_data/ram_mask_reg_0_7_0_5/RAMC_D1
  -------------------------------------------------------------------
                         required time                         31.489    
                         arrival time                         -28.162    
  -------------------------------------------------------------------
                         slack                                  3.327    

Slack (MET) :             3.327ns  (required time - arrival time)
  Source:                 top/teaching_board_top/target/rd2serial/addr_reg[4]/C
                            (rising edge-triggered cell FDRE clocked by host_clk_i  {rise@0.000ns fall@12.500ns period=25.000ns})
  Destination:            top/teaching_board_top/target/bh/TLBroadcastTracker_1/o_data/ram_mask_reg_0_7_0_5/RAMC_D1/I
                            (rising edge-triggered cell RAMD32 clocked by host_clk_i  {rise@0.000ns fall@12.500ns period=25.000ns})
  Path Group:             host_clk_i
  Path Type:              Setup (Max at Slow Process Corner)
  Requirement:            25.000ns  (host_clk_i rise@25.000ns - host_clk_i rise@0.000ns)
  Data Path Delay:        21.364ns  (logic 8.820ns (41.284%)  route 12.544ns (58.716%))
  Logic Levels:           38  (CARRY4=20 LUT2=3 LUT3=2 LUT4=5 LUT5=3 LUT6=5)
  Clock Path Skew:        0.022ns (DCD - SCD + CPR)
    Destination Clock Delay (DCD):    6.305ns = ( 31.305 - 25.000 ) 
    Source Clock Delay      (SCD):    6.800ns
    Clock Pessimism Removal (CPR):    0.517ns
  Clock Uncertainty:      0.082ns  ((TSJ^2 + DJ^2)^1/2) / 2 + PE
    Total System Jitter     (TSJ):    0.071ns
    Discrete Jitter          (DJ):    0.147ns
    Phase Error              (PE):    0.000ns

    Location             Delay type                Incr(ns)  Path(ns)    Netlist Resource(s)
  -------------------------------------------------------------------    -------------------
                         (clock host_clk_i rise edge)
                                                      0.000     0.000 r  
    H16                                               0.000     0.000 r  clk (IN)
                         net (fo=0)                   0.000     0.000    clk
    H16                  IBUF (Prop_ibuf_I_O)         1.451     1.451 r  ibufg_gclk/O
                         net (fo=1, routed)           1.285     2.736    gclk_i
    MMCME2_ADV_X1Y2      MMCME2_ADV (Prop_mmcme2_adv_CLKIN1_CLKOUT0)
                                                      0.088     2.824 r  MMCME2_BASE_inst/CLKOUT0
                         net (fo=1, routed)           2.206     5.030    host_clk_i
    BUFGCTRL_X0Y16       BUFG (Prop_bufg_I_O)         0.101     5.131 r  bufg_host_clk/O
                         net (fo=7399, routed)        1.669     6.800    top/teaching_board_top/target/rd2serial/host_clk
    SLICE_X44Y47         FDRE                                         r  top/teaching_board_top/target/rd2serial/addr_reg[4]/C
  -------------------------------------------------------------------    -------------------
    SLICE_X44Y47         FDRE (Prop_fdre_C_Q)         0.456     7.256 r  top/teaching_board_top/target/rd2serial/addr_reg[4]/Q
                         net (fo=5, routed)           0.464     7.720    top/teaching_board_top/target/rd2serial/addr_reg[31]_0[1]
    SLICE_X43Y46         CARRY4 (Prop_carry4_S[0]_CO[3])
                                                      0.656     8.376 r  top/teaching_board_top/target/rd2serial/addr_reg[7]_i_2/CO[3]
                         net (fo=1, routed)           0.000     8.376    top/teaching_board_top/target/rd2serial/addr_reg[7]_i_2_n_0
    SLICE_X43Y47         CARRY4 (Prop_carry4_CI_CO[3])
                                                      0.114     8.490 r  top/teaching_board_top/target/rd2serial/addr_reg[11]_i_2/CO[3]
                         net (fo=1, routed)           0.000     8.490    top/teaching_board_top/target/rd2serial/addr_reg[11]_i_2_n_0
    SLICE_X43Y48         CARRY4 (Prop_carry4_CI_CO[3])
                                                      0.114     8.604 r  top/teaching_board_top/target/rd2serial/addr_reg[15]_i_2/CO[3]
                         net (fo=1, routed)           0.000     8.604    top/teaching_board_top/target/rd2serial/addr_reg[15]_i_2_n_0
    SLICE_X43Y49         CARRY4 (Prop_carry4_CI_CO[3])
                                                      0.114     8.718 r  top/teaching_board_top/target/rd2serial/addr_reg[19]_i_2/CO[3]
                         net (fo=1, routed)           0.001     8.719    top/teaching_board_top/target/rd2serial/addr_reg[19]_i_2_n_0
    SLICE_X43Y50         CARRY4 (Prop_carry4_CI_CO[3])
                                                      0.114     8.833 r  top/teaching_board_top/target/rd2serial/addr_reg[23]_i_2/CO[3]
                         net (fo=1, routed)           0.000     8.833    top/teaching_board_top/target/rd2serial/addr_reg[23]_i_2_n_0
    SLICE_X43Y51         CARRY4 (Prop_carry4_CI_O[1])
                                                      0.334     9.167 r  top/teaching_board_top/target/rd2serial/addr_reg[27]_i_2/O[1]
                         net (fo=3, routed)           0.529     9.696    top/teaching_board_top/target/rd2serial/_GEN_86[25]
    SLICE_X40Y52         LUT2 (Prop_lut2_I0_O)        0.303     9.999 r  top/teaching_board_top/target/rd2serial/ram_mask_reg_0_1_0_5_i_182/O
                         net (fo=1, routed)           0.000     9.999    top/teaching_board_top/target/rd2serial/ram_mask_reg_0_1_0_5_i_182_n_0
    SLICE_X40Y52         CARRY4 (Prop_carry4_S[1]_CO[3])
                                                      0.550    10.549 r  top/teaching_board_top/target/rd2serial/ram_mask_reg_0_1_0_5_i_122/CO[3]
                         net (fo=1, routed)           0.000    10.549    top/teaching_board_top/target/rd2serial/ram_mask_reg_0_1_0_5_i_122_n_0
    SLICE_X40Y53         CARRY4 (Prop_carry4_CI_CO[3])
                                                      0.114    10.663 r  top/teaching_board_top/target/rd2serial/ram_mask_reg_0_1_0_5_i_101/CO[3]
                         net (fo=1, routed)           0.000    10.663    top/teaching_board_top/target/rd2serial/ram_mask_reg_0_1_0_5_i_101_n_0
    SLICE_X40Y54         CARRY4 (Prop_carry4_CI_CO[3])
                                                      0.114    10.777 r  top/teaching_board_top/target/rd2serial/ram_mask_reg_0_1_0_5_i_105/CO[3]
                         net (fo=1, routed)           0.000    10.777    top/teaching_board_top/target/rd2serial/ram_mask_reg_0_1_0_5_i_105_n_0
    SLICE_X40Y55         CARRY4 (Prop_carry4_CI_CO[3])
                                                      0.114    10.891 r  top/teaching_board_top/target/rd2serial/req_size_reg[1]_i_64/CO[3]
                         net (fo=1, routed)           0.000    10.891    top/teaching_board_top/target/rd2serial/req_size_reg[1]_i_64_n_0
    SLICE_X40Y56         CARRY4 (Prop_carry4_CI_CO[3])
                                                      0.114    11.005 r  top/teaching_board_top/target/rd2serial/req_size_reg[1]_i_60/CO[3]
                         net (fo=1, routed)           0.000    11.005    top/teaching_board_top/target/rd2serial/req_size_reg[1]_i_60_n_0
    SLICE_X40Y57         CARRY4 (Prop_carry4_CI_CO[3])
                                                      0.114    11.119 r  top/teaching_board_top/target/rd2serial/req_size_reg[1]_i_59/CO[3]
                         net (fo=1, routed)           0.000    11.119    top/teaching_board_top/target/rd2serial/req_size_reg[1]_i_59_n_0
    SLICE_X40Y58         CARRY4 (Prop_carry4_CI_CO[3])
                                                      0.114    11.233 r  top/teaching_board_top/target/rd2serial/req_size_reg[1]_i_37/CO[3]
                         net (fo=1, routed)           0.000    11.233    top/teaching_board_top/target/rd2serial/req_size_reg[1]_i_37_n_0
    SLICE_X40Y59         CARRY4 (Prop_carry4_CI_CO[3])
                                                      0.114    11.347 r  top/teaching_board_top/target/rd2serial/req_size_reg[1]_i_34/CO[3]
                         net (fo=1, routed)           0.000    11.347    top/teaching_board_top/target/rd2serial/req_size_reg[1]_i_34_n_0
    SLICE_X40Y60         CARRY4 (Prop_carry4_CI_CO[3])
                                                      0.114    11.461 r  top/teaching_board_top/target/rd2serial/req_size_reg[1]_i_31/CO[3]
                         net (fo=1, routed)           0.000    11.461    top/teaching_board_top/target/rd2serial/req_size_reg[1]_i_31_n_0
    SLICE_X40Y61         CARRY4 (Prop_carry4_CI_O[2])
                                                      0.239    11.700 r  top/teaching_board_top/target/rd2serial/req_size_reg[1]_i_17/O[2]
                         net (fo=7, routed)           0.862    12.562    top/teaching_board_top/target/rd2serial/_GEN_87[62]
    SLICE_X41Y60         LUT4 (Prop_lut4_I3_O)        0.302    12.864 r  top/teaching_board_top/target/rd2serial/req_size[1]_i_84/O
                         net (fo=1, routed)           0.000    12.864    top/teaching_board_top/target/rd2serial/req_size[1]_i_84_n_0
    SLICE_X41Y60         CARRY4 (Prop_carry4_S[3]_CO[3])
                                                      0.401    13.265 r  top/teaching_board_top/target/rd2serial/req_size_reg[1]_i_45/CO[3]
                         net (fo=1, routed)           0.000    13.265    top/teaching_board_top/target/rd2serial/req_size_reg[1]_i_45_n_0
    SLICE_X41Y61         CARRY4 (Prop_carry4_CI_CO[0])
                                                      0.271    13.536 r  top/teaching_board_top/target/rd2serial/req_size_reg[1]_i_18/CO[0]
                         net (fo=163, routed)         1.036    14.572    top/teaching_board_top/target/rd2serial/_T_174
    SLICE_X37Y60         LUT3 (Prop_lut3_I1_O)        0.367    14.939 r  top/teaching_board_top/target/rd2serial/ram_mask_reg_0_1_0_5_i_155/O
                         net (fo=4, routed)           0.471    15.410    top/teaching_board_top/target/rd2serial/ram_mask_reg_0_1_0_5_i_155_n_0
    SLICE_X36Y60         LUT6 (Prop_lut6_I0_O)        0.326    15.736 r  top/teaching_board_top/target/rd2serial/ram_mask_reg_0_1_0_5_i_156/O
                         net (fo=2, routed)           0.463    16.199    top/teaching_board_top/target/rd2serial/ram_mask_reg_0_1_0_5_i_156_n_0
    SLICE_X36Y60         LUT6 (Prop_lut6_I5_O)        0.124    16.323 r  top/teaching_board_top/target/rd2serial/ram_mask_reg_0_1_0_5_i_106/O
                         net (fo=3, routed)           0.439    16.762    top/teaching_board_top/target/rd2serial/ram_mask_reg_0_1_0_5_i_106_n_0
    SLICE_X36Y61         LUT2 (Prop_lut2_I0_O)        0.124    16.886 r  top/teaching_board_top/target/rd2serial/ram_mask_reg_0_1_0_5_i_84/O
                         net (fo=5, routed)           0.605    17.491    top/teaching_board_top/target/rd2serial/ram_mask_reg_0_1_0_5_i_84_n_0
    SLICE_X38Y61         LUT5 (Prop_lut5_I4_O)        0.150    17.641 r  top/teaching_board_top/target/rd2serial/ram_mask_reg_0_1_0_5_i_93/O
                         net (fo=2, routed)           0.801    18.442    top/teaching_board_top/target/rd2serial/ram_mask_reg_0_1_0_5_i_93_n_0
    SLICE_X39Y62         LUT3 (Prop_lut3_I1_O)        0.376    18.818 r  top/teaching_board_top/target/rd2serial/ram_mask_reg_0_1_0_5_i_61/O
                         net (fo=2, routed)           0.803    19.621    top/teaching_board_top/target/rd2serial/ram_mask_reg_0_1_0_5_i_61_n_0
    SLICE_X41Y63         LUT5 (Prop_lut5_I3_O)        0.354    19.975 r  top/teaching_board_top/target/rd2serial/ram_mask_reg_0_1_0_5_i_63/O
                         net (fo=1, routed)           0.575    20.550    top/teaching_board_top/target/rd2serial/ram_mask_reg_0_1_0_5_i_63_n_0
    SLICE_X42Y61         LUT6 (Prop_lut6_I5_O)        0.332    20.882 r  top/teaching_board_top/target/rd2serial/ram_mask_reg_0_1_0_5_i_40/O
                         net (fo=1, routed)           0.000    20.882    top/teaching_board_top/target/rd2serial/ram_mask_reg_0_1_0_5_i_40_n_0
    SLICE_X42Y61         CARRY4 (Prop_carry4_S[2]_CO[3])
                                                      0.380    21.262 r  top/teaching_board_top/target/rd2serial/ram_mask_reg_0_1_0_5_i_27/CO[3]
                         net (fo=1, routed)           0.000    21.262    top/teaching_board_top/target/rd2serial/ram_mask_reg_0_1_0_5_i_27_n_0
    SLICE_X42Y62         CARRY4 (Prop_carry4_CI_CO[2])
                                                      0.229    21.491 f  top/teaching_board_top/target/rd2serial/ram_mask_reg_0_1_0_5_i_26/CO[2]
                         net (fo=1, routed)           0.411    21.902    top/teaching_board_top/target/rd2serial/_T_317[6]
    SLICE_X45Y61         LUT4 (Prop_lut4_I3_O)        0.310    22.212 f  top/teaching_board_top/target/rd2serial/ram_mask_reg_0_1_0_5_i_28/O
                         net (fo=1, routed)           0.641    22.853    top/teaching_board_top/target/rd2serial/ram_mask_reg_0_1_0_5_i_28_n_0
    SLICE_X45Y60         LUT4 (Prop_lut4_I3_O)        0.124    22.977 f  top/teaching_board_top/target/rd2serial/ram_mask_reg_0_1_0_5_i_20/O
                         net (fo=8, routed)           1.132    24.109    top/teaching_board_top/target/rd2serial/ram_mask_reg_0_1_0_5_i_20_n_0
    SLICE_X44Y40         LUT2 (Prop_lut2_I1_O)        0.124    24.233 r  top/teaching_board_top/target/rd2serial/req_address[2]_i_3/O
                         net (fo=6, routed)           0.587    24.820    top/teaching_board_top/target/rd2serial/addr_reg[2]_0
    SLICE_X41Y40         LUT5 (Prop_lut5_I1_O)        0.124    24.944 r  top/teaching_board_top/target/rd2serial/ram_mask_reg_0_1_0_5_i_25/O
                         net (fo=2, routed)           0.300    25.244    top/teaching_board_top/target/rd2serial/ram_mask_reg_0_1_0_5_i_25_n_0
    SLICE_X41Y40         LUT6 (Prop_lut6_I2_O)        0.124    25.368 r  top/teaching_board_top/target/rd2serial/ram_mask_reg_0_1_0_5_i_16/O
                         net (fo=2, routed)           1.037    26.405    top/teaching_board_top/target/sbus/system_bus_xbar/rd2serial_auto_out_a_bits_mask[5]
    SLICE_X27Y38         LUT4 (Prop_lut4_I2_O)        0.124    26.529 r  top/teaching_board_top/target/sbus/system_bus_xbar/req_mask[5]_i_1/O
                         net (fo=2, routed)           0.306    26.835    top/teaching_board_top/target/backend/req_mask_reg[5]_0
    SLICE_X24Y38         LUT6 (Prop_lut6_I5_O)        0.124    26.959 r  top/teaching_board_top/target/backend/ram_mask_reg_0_7_0_5_i_15/O
                         net (fo=1, routed)           0.488    27.447    top/teaching_board_top/target/backend/ram_mask_reg_0_7_0_5_i_15_n_0
    SLICE_X24Y38         LUT4 (Prop_lut4_I0_O)        0.124    27.571 r  top/teaching_board_top/target/backend/ram_mask_reg_0_7_0_5_i_5/O
                         net (fo=4, routed)           0.593    28.164    top/teaching_board_top/target/bh/TLBroadcastTracker_1/o_data/ram_mask_reg_0_7_0_5/DIC1
    SLICE_X22Y39         RAMD32                                       r  top/teaching_board_top/target/bh/TLBroadcastTracker_1/o_data/ram_mask_reg_0_7_0_5/RAMC_D1/I
  -------------------------------------------------------------------    -------------------

                         (clock host_clk_i rise edge)
                                                     25.000    25.000 r  
    H16                                               0.000    25.000 r  clk (IN)
                         net (fo=0)                   0.000    25.000    clk
    H16                  IBUF (Prop_ibuf_I_O)         1.380    26.380 r  ibufg_gclk/O
                         net (fo=1, routed)           1.162    27.542    gclk_i
    MMCME2_ADV_X1Y2      MMCME2_ADV (Prop_mmcme2_adv_CLKIN1_CLKOUT0)
                                                      0.083    27.625 r  MMCME2_BASE_inst/CLKOUT0
                         net (fo=1, routed)           2.012    29.637    host_clk_i
    BUFGCTRL_X0Y16       BUFG (Prop_bufg_I_O)         0.091    29.728 r  bufg_host_clk/O
                         net (fo=7399, routed)        1.576    31.305    top/teaching_board_top/target/bh/TLBroadcastTracker_1/o_data/ram_mask_reg_0_7_0_5/WCLK
    SLICE_X22Y39         RAMD32                                       r  top/teaching_board_top/target/bh/TLBroadcastTracker_1/o_data/ram_mask_reg_0_7_0_5/RAMC_D1/CLK
                         clock pessimism              0.517    31.822    
                         clock uncertainty           -0.082    31.740    
    SLICE_X22Y39         RAMD32 (Setup_ramd32_CLK_I)
                                                     -0.249    31.491    top/teaching_board_top/target/bh/TLBroadcastTracker_1/o_data/ram_mask_reg_0_7_0_5/RAMC_D1
  -------------------------------------------------------------------
                         required time                         31.491    
                         arrival time                         -28.164    
  -------------------------------------------------------------------
                         slack                                  3.327    

Slack (MET) :             3.336ns  (required time - arrival time)
  Source:                 top/teaching_board_top/target/rd2serial/addr_reg[4]/C
                            (rising edge-triggered cell FDRE clocked by host_clk_i  {rise@0.000ns fall@12.500ns period=25.000ns})
  Destination:            top/teaching_board_top/target/bh/TLBroadcastTracker_3/o_data/ram_mask_reg_0_7_0_5/RAMA/I
                            (rising edge-triggered cell RAMD32 clocked by host_clk_i  {rise@0.000ns fall@12.500ns period=25.000ns})
  Path Group:             host_clk_i
  Path Type:              Setup (Max at Slow Process Corner)
  Requirement:            25.000ns  (host_clk_i rise@25.000ns - host_clk_i rise@0.000ns)
  Data Path Delay:        21.445ns  (logic 9.016ns (42.043%)  route 12.429ns (57.957%))
  Logic Levels:           38  (CARRY4=20 LUT2=3 LUT3=2 LUT4=5 LUT5=2 LUT6=6)
  Clock Path Skew:        0.023ns (DCD - SCD + CPR)
    Destination Clock Delay (DCD):    6.306ns = ( 31.306 - 25.000 ) 
    Source Clock Delay      (SCD):    6.800ns
    Clock Pessimism Removal (CPR):    0.517ns
  Clock Uncertainty:      0.082ns  ((TSJ^2 + DJ^2)^1/2) / 2 + PE
    Total System Jitter     (TSJ):    0.071ns
    Discrete Jitter          (DJ):    0.147ns
    Phase Error              (PE):    0.000ns

    Location             Delay type                Incr(ns)  Path(ns)    Netlist Resource(s)
  -------------------------------------------------------------------    -------------------
                         (clock host_clk_i rise edge)
                                                      0.000     0.000 r  
    H16                                               0.000     0.000 r  clk (IN)
                         net (fo=0)                   0.000     0.000    clk
    H16                  IBUF (Prop_ibuf_I_O)         1.451     1.451 r  ibufg_gclk/O
                         net (fo=1, routed)           1.285     2.736    gclk_i
    MMCME2_ADV_X1Y2      MMCME2_ADV (Prop_mmcme2_adv_CLKIN1_CLKOUT0)
                                                      0.088     2.824 r  MMCME2_BASE_inst/CLKOUT0
                         net (fo=1, routed)           2.206     5.030    host_clk_i
    BUFGCTRL_X0Y16       BUFG (Prop_bufg_I_O)         0.101     5.131 r  bufg_host_clk/O
                         net (fo=7399, routed)        1.669     6.800    top/teaching_board_top/target/rd2serial/host_clk
    SLICE_X44Y47         FDRE                                         r  top/teaching_board_top/target/rd2serial/addr_reg[4]/C
  -------------------------------------------------------------------    -------------------
    SLICE_X44Y47         FDRE (Prop_fdre_C_Q)         0.456     7.256 r  top/teaching_board_top/target/rd2serial/addr_reg[4]/Q
                         net (fo=5, routed)           0.464     7.720    top/teaching_board_top/target/rd2serial/addr_reg[31]_0[1]
    SLICE_X43Y46         CARRY4 (Prop_carry4_S[0]_CO[3])
                                                      0.656     8.376 r  top/teaching_board_top/target/rd2serial/addr_reg[7]_i_2/CO[3]
                         net (fo=1, routed)           0.000     8.376    top/teaching_board_top/target/rd2serial/addr_reg[7]_i_2_n_0
    SLICE_X43Y47         CARRY4 (Prop_carry4_CI_CO[3])
                                                      0.114     8.490 r  top/teaching_board_top/target/rd2serial/addr_reg[11]_i_2/CO[3]
                         net (fo=1, routed)           0.000     8.490    top/teaching_board_top/target/rd2serial/addr_reg[11]_i_2_n_0
    SLICE_X43Y48         CARRY4 (Prop_carry4_CI_CO[3])
                                                      0.114     8.604 r  top/teaching_board_top/target/rd2serial/addr_reg[15]_i_2/CO[3]
                         net (fo=1, routed)           0.000     8.604    top/teaching_board_top/target/rd2serial/addr_reg[15]_i_2_n_0
    SLICE_X43Y49         CARRY4 (Prop_carry4_CI_CO[3])
                                                      0.114     8.718 r  top/teaching_board_top/target/rd2serial/addr_reg[19]_i_2/CO[3]
                         net (fo=1, routed)           0.001     8.719    top/teaching_board_top/target/rd2serial/addr_reg[19]_i_2_n_0
    SLICE_X43Y50         CARRY4 (Prop_carry4_CI_CO[3])
                                                      0.114     8.833 r  top/teaching_board_top/target/rd2serial/addr_reg[23]_i_2/CO[3]
                         net (fo=1, routed)           0.000     8.833    top/teaching_board_top/target/rd2serial/addr_reg[23]_i_2_n_0
    SLICE_X43Y51         CARRY4 (Prop_carry4_CI_O[1])
                                                      0.334     9.167 r  top/teaching_board_top/target/rd2serial/addr_reg[27]_i_2/O[1]
                         net (fo=3, routed)           0.529     9.696    top/teaching_board_top/target/rd2serial/_GEN_86[25]
    SLICE_X40Y52         LUT2 (Prop_lut2_I0_O)        0.303     9.999 r  top/teaching_board_top/target/rd2serial/ram_mask_reg_0_1_0_5_i_182/O
                         net (fo=1, routed)           0.000     9.999    top/teaching_board_top/target/rd2serial/ram_mask_reg_0_1_0_5_i_182_n_0
    SLICE_X40Y52         CARRY4 (Prop_carry4_S[1]_CO[3])
                                                      0.550    10.549 r  top/teaching_board_top/target/rd2serial/ram_mask_reg_0_1_0_5_i_122/CO[3]
                         net (fo=1, routed)           0.000    10.549    top/teaching_board_top/target/rd2serial/ram_mask_reg_0_1_0_5_i_122_n_0
    SLICE_X40Y53         CARRY4 (Prop_carry4_CI_CO[3])
                                                      0.114    10.663 r  top/teaching_board_top/target/rd2serial/ram_mask_reg_0_1_0_5_i_101/CO[3]
                         net (fo=1, routed)           0.000    10.663    top/teaching_board_top/target/rd2serial/ram_mask_reg_0_1_0_5_i_101_n_0
    SLICE_X40Y54         CARRY4 (Prop_carry4_CI_CO[3])
                                                      0.114    10.777 r  top/teaching_board_top/target/rd2serial/ram_mask_reg_0_1_0_5_i_105/CO[3]
                         net (fo=1, routed)           0.000    10.777    top/teaching_board_top/target/rd2serial/ram_mask_reg_0_1_0_5_i_105_n_0
    SLICE_X40Y55         CARRY4 (Prop_carry4_CI_CO[3])
                                                      0.114    10.891 r  top/teaching_board_top/target/rd2serial/req_size_reg[1]_i_64/CO[3]
                         net (fo=1, routed)           0.000    10.891    top/teaching_board_top/target/rd2serial/req_size_reg[1]_i_64_n_0
    SLICE_X40Y56         CARRY4 (Prop_carry4_CI_CO[3])
                                                      0.114    11.005 r  top/teaching_board_top/target/rd2serial/req_size_reg[1]_i_60/CO[3]
                         net (fo=1, routed)           0.000    11.005    top/teaching_board_top/target/rd2serial/req_size_reg[1]_i_60_n_0
    SLICE_X40Y57         CARRY4 (Prop_carry4_CI_CO[3])
                                                      0.114    11.119 r  top/teaching_board_top/target/rd2serial/req_size_reg[1]_i_59/CO[3]
                         net (fo=1, routed)           0.000    11.119    top/teaching_board_top/target/rd2serial/req_size_reg[1]_i_59_n_0
    SLICE_X40Y58         CARRY4 (Prop_carry4_CI_CO[3])
                                                      0.114    11.233 r  top/teaching_board_top/target/rd2serial/req_size_reg[1]_i_37/CO[3]
                         net (fo=1, routed)           0.000    11.233    top/teaching_board_top/target/rd2serial/req_size_reg[1]_i_37_n_0
    SLICE_X40Y59         CARRY4 (Prop_carry4_CI_CO[3])
                                                      0.114    11.347 r  top/teaching_board_top/target/rd2serial/req_size_reg[1]_i_34/CO[3]
                         net (fo=1, routed)           0.000    11.347    top/teaching_board_top/target/rd2serial/req_size_reg[1]_i_34_n_0
    SLICE_X40Y60         CARRY4 (Prop_carry4_CI_CO[3])
                                                      0.114    11.461 r  top/teaching_board_top/target/rd2serial/req_size_reg[1]_i_31/CO[3]
                         net (fo=1, routed)           0.000    11.461    top/teaching_board_top/target/rd2serial/req_size_reg[1]_i_31_n_0
    SLICE_X40Y61         CARRY4 (Prop_carry4_CI_O[2])
                                                      0.239    11.700 r  top/teaching_board_top/target/rd2serial/req_size_reg[1]_i_17/O[2]
                         net (fo=7, routed)           0.862    12.562    top/teaching_board_top/target/rd2serial/_GEN_87[62]
    SLICE_X41Y60         LUT4 (Prop_lut4_I3_O)        0.302    12.864 r  top/teaching_board_top/target/rd2serial/req_size[1]_i_84/O
                         net (fo=1, routed)           0.000    12.864    top/teaching_board_top/target/rd2serial/req_size[1]_i_84_n_0
    SLICE_X41Y60         CARRY4 (Prop_carry4_S[3]_CO[3])
                                                      0.401    13.265 r  top/teaching_board_top/target/rd2serial/req_size_reg[1]_i_45/CO[3]
                         net (fo=1, routed)           0.000    13.265    top/teaching_board_top/target/rd2serial/req_size_reg[1]_i_45_n_0
    SLICE_X41Y61         CARRY4 (Prop_carry4_CI_CO[0])
                                                      0.271    13.536 r  top/teaching_board_top/target/rd2serial/req_size_reg[1]_i_18/CO[0]
                         net (fo=163, routed)         1.036    14.572    top/teaching_board_top/target/rd2serial/_T_174
    SLICE_X37Y60         LUT3 (Prop_lut3_I1_O)        0.367    14.939 r  top/teaching_board_top/target/rd2serial/ram_mask_reg_0_1_0_5_i_155/O
                         net (fo=4, routed)           0.471    15.410    top/teaching_board_top/target/rd2serial/ram_mask_reg_0_1_0_5_i_155_n_0
    SLICE_X36Y60         LUT6 (Prop_lut6_I0_O)        0.326    15.736 r  top/teaching_board_top/target/rd2serial/ram_mask_reg_0_1_0_5_i_156/O
                         net (fo=2, routed)           0.463    16.199    top/teaching_board_top/target/rd2serial/ram_mask_reg_0_1_0_5_i_156_n_0
    SLICE_X36Y60         LUT6 (Prop_lut6_I5_O)        0.124    16.323 r  top/teaching_board_top/target/rd2serial/ram_mask_reg_0_1_0_5_i_106/O
                         net (fo=3, routed)           0.439    16.762    top/teaching_board_top/target/rd2serial/ram_mask_reg_0_1_0_5_i_106_n_0
    SLICE_X36Y61         LUT2 (Prop_lut2_I0_O)        0.124    16.886 r  top/teaching_board_top/target/rd2serial/ram_mask_reg_0_1_0_5_i_84/O
                         net (fo=5, routed)           0.605    17.491    top/teaching_board_top/target/rd2serial/ram_mask_reg_0_1_0_5_i_84_n_0
    SLICE_X38Y61         LUT5 (Prop_lut5_I4_O)        0.150    17.641 r  top/teaching_board_top/target/rd2serial/ram_mask_reg_0_1_0_5_i_93/O
                         net (fo=2, routed)           0.801    18.442    top/teaching_board_top/target/rd2serial/ram_mask_reg_0_1_0_5_i_93_n_0
    SLICE_X39Y62         LUT3 (Prop_lut3_I1_O)        0.376    18.818 r  top/teaching_board_top/target/rd2serial/ram_mask_reg_0_1_0_5_i_61/O
                         net (fo=2, routed)           0.803    19.621    top/teaching_board_top/target/rd2serial/ram_mask_reg_0_1_0_5_i_61_n_0
    SLICE_X41Y63         LUT5 (Prop_lut5_I3_O)        0.354    19.975 r  top/teaching_board_top/target/rd2serial/ram_mask_reg_0_1_0_5_i_63/O
                         net (fo=1, routed)           0.575    20.550    top/teaching_board_top/target/rd2serial/ram_mask_reg_0_1_0_5_i_63_n_0
    SLICE_X42Y61         LUT6 (Prop_lut6_I5_O)        0.332    20.882 r  top/teaching_board_top/target/rd2serial/ram_mask_reg_0_1_0_5_i_40/O
                         net (fo=1, routed)           0.000    20.882    top/teaching_board_top/target/rd2serial/ram_mask_reg_0_1_0_5_i_40_n_0
    SLICE_X42Y61         CARRY4 (Prop_carry4_S[2]_CO[3])
                                                      0.380    21.262 r  top/teaching_board_top/target/rd2serial/ram_mask_reg_0_1_0_5_i_27/CO[3]
                         net (fo=1, routed)           0.000    21.262    top/teaching_board_top/target/rd2serial/ram_mask_reg_0_1_0_5_i_27_n_0
    SLICE_X42Y62         CARRY4 (Prop_carry4_CI_CO[2])
                                                      0.229    21.491 r  top/teaching_board_top/target/rd2serial/ram_mask_reg_0_1_0_5_i_26/CO[2]
                         net (fo=1, routed)           0.411    21.902    top/teaching_board_top/target/rd2serial/_T_317[6]
    SLICE_X45Y61         LUT4 (Prop_lut4_I3_O)        0.310    22.212 r  top/teaching_board_top/target/rd2serial/ram_mask_reg_0_1_0_5_i_28/O
                         net (fo=1, routed)           0.641    22.853    top/teaching_board_top/target/rd2serial/ram_mask_reg_0_1_0_5_i_28_n_0
    SLICE_X45Y60         LUT4 (Prop_lut4_I3_O)        0.124    22.977 r  top/teaching_board_top/target/rd2serial/ram_mask_reg_0_1_0_5_i_20/O
                         net (fo=8, routed)           1.132    24.109    top/teaching_board_top/target/rd2serial/ram_mask_reg_0_1_0_5_i_20_n_0
    SLICE_X44Y40         LUT2 (Prop_lut2_I1_O)        0.124    24.233 f  top/teaching_board_top/target/rd2serial/req_address[2]_i_3/O
                         net (fo=6, routed)           0.587    24.820    top/teaching_board_top/target/rd2serial/addr_reg[2]_0
    SLICE_X41Y40         LUT4 (Prop_lut4_I2_O)        0.118    24.938 r  top/teaching_board_top/target/rd2serial/ram_mask_reg_0_1_0_5_i_29/O
                         net (fo=1, routed)           0.317    25.255    top/teaching_board_top/target/rd2serial/ram_mask_reg_0_1_0_5_i_29_n_0
    SLICE_X42Y39         LUT6 (Prop_lut6_I4_O)        0.326    25.581 r  top/teaching_board_top/target/rd2serial/ram_mask_reg_0_1_0_5_i_21/O
                         net (fo=2, routed)           0.305    25.885    top/teaching_board_top/target/rd2serial/ram_mask_reg_0_1_0_5_i_21_n_0
    SLICE_X43Y39         LUT6 (Prop_lut6_I0_O)        0.124    26.009 r  top/teaching_board_top/target/rd2serial/ram_mask_reg_0_1_0_5_i_10__0/O
                         net (fo=2, routed)           0.371    26.381    top/teaching_board_top/target/sbus/system_bus_xbar/rd2serial_auto_out_a_bits_mask[0]
    SLICE_X42Y39         LUT4 (Prop_lut4_I2_O)        0.124    26.505 r  top/teaching_board_top/target/sbus/system_bus_xbar/req_mask[0]_i_1/O
                         net (fo=2, routed)           0.979    27.483    top/teaching_board_top/target/backend/req_mask_reg[0]_0
    SLICE_X26Y39         LUT6 (Prop_lut6_I0_O)        0.124    27.607 r  top/teaching_board_top/target/backend/ram_mask_reg_0_7_0_5_i_2/O
                         net (fo=4, routed)           0.637    28.244    top/teaching_board_top/target/bh/TLBroadcastTracker_3/o_data/ram_mask_reg_0_7_0_5/DIA0
    SLICE_X20Y39         RAMD32                                       r  top/teaching_board_top/target/bh/TLBroadcastTracker_3/o_data/ram_mask_reg_0_7_0_5/RAMA/I
  -------------------------------------------------------------------    -------------------

                         (clock host_clk_i rise edge)
                                                     25.000    25.000 r  
    H16                                               0.000    25.000 r  clk (IN)
                         net (fo=0)                   0.000    25.000    clk
    H16                  IBUF (Prop_ibuf_I_O)         1.380    26.380 r  ibufg_gclk/O
                         net (fo=1, routed)           1.162    27.542    gclk_i
    MMCME2_ADV_X1Y2      MMCME2_ADV (Prop_mmcme2_adv_CLKIN1_CLKOUT0)
                                                      0.083    27.625 r  MMCME2_BASE_inst/CLKOUT0
                         net (fo=1, routed)           2.012    29.637    host_clk_i
    BUFGCTRL_X0Y16       BUFG (Prop_bufg_I_O)         0.091    29.728 r  bufg_host_clk/O
                         net (fo=7399, routed)        1.577    31.306    top/teaching_board_top/target/bh/TLBroadcastTracker_3/o_data/ram_mask_reg_0_7_0_5/WCLK
    SLICE_X20Y39         RAMD32                                       r  top/teaching_board_top/target/bh/TLBroadcastTracker_3/o_data/ram_mask_reg_0_7_0_5/RAMA/CLK
                         clock pessimism              0.517    31.823    
                         clock uncertainty           -0.082    31.741    
    SLICE_X20Y39         RAMD32 (Setup_ramd32_CLK_I)
                                                     -0.161    31.580    top/teaching_board_top/target/bh/TLBroadcastTracker_3/o_data/ram_mask_reg_0_7_0_5/RAMA
  -------------------------------------------------------------------
                         required time                         31.580    
                         arrival time                         -28.244    
  -------------------------------------------------------------------
                         slack                                  3.336    

Slack (MET) :             3.360ns  (required time - arrival time)
  Source:                 top/teaching_board_top/target/rd2serial/addr_reg[4]/C
                            (rising edge-triggered cell FDRE clocked by host_clk_i  {rise@0.000ns fall@12.500ns period=25.000ns})
  Destination:            top/teaching_board_top/target/bh/TLBroadcastTracker_1/o_data/ram_mask_reg_0_7_0_5/RAMA/I
                            (rising edge-triggered cell RAMD32 clocked by host_clk_i  {rise@0.000ns fall@12.500ns period=25.000ns})
  Path Group:             host_clk_i
  Path Type:              Setup (Max at Slow Process Corner)
  Requirement:            25.000ns  (host_clk_i rise@25.000ns - host_clk_i rise@0.000ns)
  Data Path Delay:        21.420ns  (logic 9.016ns (42.092%)  route 12.404ns (57.908%))
  Logic Levels:           38  (CARRY4=20 LUT2=3 LUT3=2 LUT4=5 LUT5=2 LUT6=6)
  Clock Path Skew:        0.022ns (DCD - SCD + CPR)
    Destination Clock Delay (DCD):    6.305ns = ( 31.305 - 25.000 ) 
    Source Clock Delay      (SCD):    6.800ns
    Clock Pessimism Removal (CPR):    0.517ns
  Clock Uncertainty:      0.082ns  ((TSJ^2 + DJ^2)^1/2) / 2 + PE
    Total System Jitter     (TSJ):    0.071ns
    Discrete Jitter          (DJ):    0.147ns
    Phase Error              (PE):    0.000ns

    Location             Delay type                Incr(ns)  Path(ns)    Netlist Resource(s)
  -------------------------------------------------------------------    -------------------
                         (clock host_clk_i rise edge)
                                                      0.000     0.000 r  
    H16                                               0.000     0.000 r  clk (IN)
                         net (fo=0)                   0.000     0.000    clk
    H16                  IBUF (Prop_ibuf_I_O)         1.451     1.451 r  ibufg_gclk/O
                         net (fo=1, routed)           1.285     2.736    gclk_i
    MMCME2_ADV_X1Y2      MMCME2_ADV (Prop_mmcme2_adv_CLKIN1_CLKOUT0)
                                                      0.088     2.824 r  MMCME2_BASE_inst/CLKOUT0
                         net (fo=1, routed)           2.206     5.030    host_clk_i
    BUFGCTRL_X0Y16       BUFG (Prop_bufg_I_O)         0.101     5.131 r  bufg_host_clk/O
                         net (fo=7399, routed)        1.669     6.800    top/teaching_board_top/target/rd2serial/host_clk
    SLICE_X44Y47         FDRE                                         r  top/teaching_board_top/target/rd2serial/addr_reg[4]/C
  -------------------------------------------------------------------    -------------------
    SLICE_X44Y47         FDRE (Prop_fdre_C_Q)         0.456     7.256 r  top/teaching_board_top/target/rd2serial/addr_reg[4]/Q
                         net (fo=5, routed)           0.464     7.720    top/teaching_board_top/target/rd2serial/addr_reg[31]_0[1]
    SLICE_X43Y46         CARRY4 (Prop_carry4_S[0]_CO[3])
                                                      0.656     8.376 r  top/teaching_board_top/target/rd2serial/addr_reg[7]_i_2/CO[3]
                         net (fo=1, routed)           0.000     8.376    top/teaching_board_top/target/rd2serial/addr_reg[7]_i_2_n_0
    SLICE_X43Y47         CARRY4 (Prop_carry4_CI_CO[3])
                                                      0.114     8.490 r  top/teaching_board_top/target/rd2serial/addr_reg[11]_i_2/CO[3]
                         net (fo=1, routed)           0.000     8.490    top/teaching_board_top/target/rd2serial/addr_reg[11]_i_2_n_0
    SLICE_X43Y48         CARRY4 (Prop_carry4_CI_CO[3])
                                                      0.114     8.604 r  top/teaching_board_top/target/rd2serial/addr_reg[15]_i_2/CO[3]
                         net (fo=1, routed)           0.000     8.604    top/teaching_board_top/target/rd2serial/addr_reg[15]_i_2_n_0
    SLICE_X43Y49         CARRY4 (Prop_carry4_CI_CO[3])
                                                      0.114     8.718 r  top/teaching_board_top/target/rd2serial/addr_reg[19]_i_2/CO[3]
                         net (fo=1, routed)           0.001     8.719    top/teaching_board_top/target/rd2serial/addr_reg[19]_i_2_n_0
    SLICE_X43Y50         CARRY4 (Prop_carry4_CI_CO[3])
                                                      0.114     8.833 r  top/teaching_board_top/target/rd2serial/addr_reg[23]_i_2/CO[3]
                         net (fo=1, routed)           0.000     8.833    top/teaching_board_top/target/rd2serial/addr_reg[23]_i_2_n_0
    SLICE_X43Y51         CARRY4 (Prop_carry4_CI_O[1])
                                                      0.334     9.167 r  top/teaching_board_top/target/rd2serial/addr_reg[27]_i_2/O[1]
                         net (fo=3, routed)           0.529     9.696    top/teaching_board_top/target/rd2serial/_GEN_86[25]
    SLICE_X40Y52         LUT2 (Prop_lut2_I0_O)        0.303     9.999 r  top/teaching_board_top/target/rd2serial/ram_mask_reg_0_1_0_5_i_182/O
                         net (fo=1, routed)           0.000     9.999    top/teaching_board_top/target/rd2serial/ram_mask_reg_0_1_0_5_i_182_n_0
    SLICE_X40Y52         CARRY4 (Prop_carry4_S[1]_CO[3])
                                                      0.550    10.549 r  top/teaching_board_top/target/rd2serial/ram_mask_reg_0_1_0_5_i_122/CO[3]
                         net (fo=1, routed)           0.000    10.549    top/teaching_board_top/target/rd2serial/ram_mask_reg_0_1_0_5_i_122_n_0
    SLICE_X40Y53         CARRY4 (Prop_carry4_CI_CO[3])
                                                      0.114    10.663 r  top/teaching_board_top/target/rd2serial/ram_mask_reg_0_1_0_5_i_101/CO[3]
                         net (fo=1, routed)           0.000    10.663    top/teaching_board_top/target/rd2serial/ram_mask_reg_0_1_0_5_i_101_n_0
    SLICE_X40Y54         CARRY4 (Prop_carry4_CI_CO[3])
                                                      0.114    10.777 r  top/teaching_board_top/target/rd2serial/ram_mask_reg_0_1_0_5_i_105/CO[3]
                         net (fo=1, routed)           0.000    10.777    top/teaching_board_top/target/rd2serial/ram_mask_reg_0_1_0_5_i_105_n_0
    SLICE_X40Y55         CARRY4 (Prop_carry4_CI_CO[3])
                                                      0.114    10.891 r  top/teaching_board_top/target/rd2serial/req_size_reg[1]_i_64/CO[3]
                         net (fo=1, routed)           0.000    10.891    top/teaching_board_top/target/rd2serial/req_size_reg[1]_i_64_n_0
    SLICE_X40Y56         CARRY4 (Prop_carry4_CI_CO[3])
                                                      0.114    11.005 r  top/teaching_board_top/target/rd2serial/req_size_reg[1]_i_60/CO[3]
                         net (fo=1, routed)           0.000    11.005    top/teaching_board_top/target/rd2serial/req_size_reg[1]_i_60_n_0
    SLICE_X40Y57         CARRY4 (Prop_carry4_CI_CO[3])
                                                      0.114    11.119 r  top/teaching_board_top/target/rd2serial/req_size_reg[1]_i_59/CO[3]
                         net (fo=1, routed)           0.000    11.119    top/teaching_board_top/target/rd2serial/req_size_reg[1]_i_59_n_0
    SLICE_X40Y58         CARRY4 (Prop_carry4_CI_CO[3])
                                                      0.114    11.233 r  top/teaching_board_top/target/rd2serial/req_size_reg[1]_i_37/CO[3]
                         net (fo=1, routed)           0.000    11.233    top/teaching_board_top/target/rd2serial/req_size_reg[1]_i_37_n_0
    SLICE_X40Y59         CARRY4 (Prop_carry4_CI_CO[3])
                                                      0.114    11.347 r  top/teaching_board_top/target/rd2serial/req_size_reg[1]_i_34/CO[3]
                         net (fo=1, routed)           0.000    11.347    top/teaching_board_top/target/rd2serial/req_size_reg[1]_i_34_n_0
    SLICE_X40Y60         CARRY4 (Prop_carry4_CI_CO[3])
                                                      0.114    11.461 r  top/teaching_board_top/target/rd2serial/req_size_reg[1]_i_31/CO[3]
                         net (fo=1, routed)           0.000    11.461    top/teaching_board_top/target/rd2serial/req_size_reg[1]_i_31_n_0
    SLICE_X40Y61         CARRY4 (Prop_carry4_CI_O[2])
                                                      0.239    11.700 r  top/teaching_board_top/target/rd2serial/req_size_reg[1]_i_17/O[2]
                         net (fo=7, routed)           0.862    12.562    top/teaching_board_top/target/rd2serial/_GEN_87[62]
    SLICE_X41Y60         LUT4 (Prop_lut4_I3_O)        0.302    12.864 r  top/teaching_board_top/target/rd2serial/req_size[1]_i_84/O
                         net (fo=1, routed)           0.000    12.864    top/teaching_board_top/target/rd2serial/req_size[1]_i_84_n_0
    SLICE_X41Y60         CARRY4 (Prop_carry4_S[3]_CO[3])
                                                      0.401    13.265 r  top/teaching_board_top/target/rd2serial/req_size_reg[1]_i_45/CO[3]
                         net (fo=1, routed)           0.000    13.265    top/teaching_board_top/target/rd2serial/req_size_reg[1]_i_45_n_0
    SLICE_X41Y61         CARRY4 (Prop_carry4_CI_CO[0])
                                                      0.271    13.536 r  top/teaching_board_top/target/rd2serial/req_size_reg[1]_i_18/CO[0]
                         net (fo=163, routed)         1.036    14.572    top/teaching_board_top/target/rd2serial/_T_174
    SLICE_X37Y60         LUT3 (Prop_lut3_I1_O)        0.367    14.939 r  top/teaching_board_top/target/rd2serial/ram_mask_reg_0_1_0_5_i_155/O
                         net (fo=4, routed)           0.471    15.410    top/teaching_board_top/target/rd2serial/ram_mask_reg_0_1_0_5_i_155_n_0
    SLICE_X36Y60         LUT6 (Prop_lut6_I0_O)        0.326    15.736 r  top/teaching_board_top/target/rd2serial/ram_mask_reg_0_1_0_5_i_156/O
                         net (fo=2, routed)           0.463    16.199    top/teaching_board_top/target/rd2serial/ram_mask_reg_0_1_0_5_i_156_n_0
    SLICE_X36Y60         LUT6 (Prop_lut6_I5_O)        0.124    16.323 r  top/teaching_board_top/target/rd2serial/ram_mask_reg_0_1_0_5_i_106/O
                         net (fo=3, routed)           0.439    16.762    top/teaching_board_top/target/rd2serial/ram_mask_reg_0_1_0_5_i_106_n_0
    SLICE_X36Y61         LUT2 (Prop_lut2_I0_O)        0.124    16.886 r  top/teaching_board_top/target/rd2serial/ram_mask_reg_0_1_0_5_i_84/O
                         net (fo=5, routed)           0.605    17.491    top/teaching_board_top/target/rd2serial/ram_mask_reg_0_1_0_5_i_84_n_0
    SLICE_X38Y61         LUT5 (Prop_lut5_I4_O)        0.150    17.641 r  top/teaching_board_top/target/rd2serial/ram_mask_reg_0_1_0_5_i_93/O
                         net (fo=2, routed)           0.801    18.442    top/teaching_board_top/target/rd2serial/ram_mask_reg_0_1_0_5_i_93_n_0
    SLICE_X39Y62         LUT3 (Prop_lut3_I1_O)        0.376    18.818 r  top/teaching_board_top/target/rd2serial/ram_mask_reg_0_1_0_5_i_61/O
                         net (fo=2, routed)           0.803    19.621    top/teaching_board_top/target/rd2serial/ram_mask_reg_0_1_0_5_i_61_n_0
    SLICE_X41Y63         LUT5 (Prop_lut5_I3_O)        0.354    19.975 r  top/teaching_board_top/target/rd2serial/ram_mask_reg_0_1_0_5_i_63/O
                         net (fo=1, routed)           0.575    20.550    top/teaching_board_top/target/rd2serial/ram_mask_reg_0_1_0_5_i_63_n_0
    SLICE_X42Y61         LUT6 (Prop_lut6_I5_O)        0.332    20.882 r  top/teaching_board_top/target/rd2serial/ram_mask_reg_0_1_0_5_i_40/O
                         net (fo=1, routed)           0.000    20.882    top/teaching_board_top/target/rd2serial/ram_mask_reg_0_1_0_5_i_40_n_0
    SLICE_X42Y61         CARRY4 (Prop_carry4_S[2]_CO[3])
                                                      0.380    21.262 r  top/teaching_board_top/target/rd2serial/ram_mask_reg_0_1_0_5_i_27/CO[3]
                         net (fo=1, routed)           0.000    21.262    top/teaching_board_top/target/rd2serial/ram_mask_reg_0_1_0_5_i_27_n_0
    SLICE_X42Y62         CARRY4 (Prop_carry4_CI_CO[2])
                                                      0.229    21.491 r  top/teaching_board_top/target/rd2serial/ram_mask_reg_0_1_0_5_i_26/CO[2]
                         net (fo=1, routed)           0.411    21.902    top/teaching_board_top/target/rd2serial/_T_317[6]
    SLICE_X45Y61         LUT4 (Prop_lut4_I3_O)        0.310    22.212 r  top/teaching_board_top/target/rd2serial/ram_mask_reg_0_1_0_5_i_28/O
                         net (fo=1, routed)           0.641    22.853    top/teaching_board_top/target/rd2serial/ram_mask_reg_0_1_0_5_i_28_n_0
    SLICE_X45Y60         LUT4 (Prop_lut4_I3_O)        0.124    22.977 r  top/teaching_board_top/target/rd2serial/ram_mask_reg_0_1_0_5_i_20/O
                         net (fo=8, routed)           1.132    24.109    top/teaching_board_top/target/rd2serial/ram_mask_reg_0_1_0_5_i_20_n_0
    SLICE_X44Y40         LUT2 (Prop_lut2_I1_O)        0.124    24.233 f  top/teaching_board_top/target/rd2serial/req_address[2]_i_3/O
                         net (fo=6, routed)           0.587    24.820    top/teaching_board_top/target/rd2serial/addr_reg[2]_0
    SLICE_X41Y40         LUT4 (Prop_lut4_I2_O)        0.118    24.938 r  top/teaching_board_top/target/rd2serial/ram_mask_reg_0_1_0_5_i_29/O
                         net (fo=1, routed)           0.317    25.255    top/teaching_board_top/target/rd2serial/ram_mask_reg_0_1_0_5_i_29_n_0
    SLICE_X42Y39         LUT6 (Prop_lut6_I4_O)        0.326    25.581 r  top/teaching_board_top/target/rd2serial/ram_mask_reg_0_1_0_5_i_21/O
                         net (fo=2, routed)           0.305    25.885    top/teaching_board_top/target/rd2serial/ram_mask_reg_0_1_0_5_i_21_n_0
    SLICE_X43Y39         LUT6 (Prop_lut6_I0_O)        0.124    26.009 r  top/teaching_board_top/target/rd2serial/ram_mask_reg_0_1_0_5_i_10__0/O
                         net (fo=2, routed)           0.371    26.381    top/teaching_board_top/target/sbus/system_bus_xbar/rd2serial_auto_out_a_bits_mask[0]
    SLICE_X42Y39         LUT4 (Prop_lut4_I2_O)        0.124    26.505 r  top/teaching_board_top/target/sbus/system_bus_xbar/req_mask[0]_i_1/O
                         net (fo=2, routed)           0.979    27.483    top/teaching_board_top/target/backend/req_mask_reg[0]_0
    SLICE_X26Y39         LUT6 (Prop_lut6_I0_O)        0.124    27.607 r  top/teaching_board_top/target/backend/ram_mask_reg_0_7_0_5_i_2/O
                         net (fo=4, routed)           0.612    28.219    top/teaching_board_top/target/bh/TLBroadcastTracker_1/o_data/ram_mask_reg_0_7_0_5/DIA0
    SLICE_X22Y39         RAMD32                                       r  top/teaching_board_top/target/bh/TLBroadcastTracker_1/o_data/ram_mask_reg_0_7_0_5/RAMA/I
  -------------------------------------------------------------------    -------------------

                         (clock host_clk_i rise edge)
                                                     25.000    25.000 r  
    H16                                               0.000    25.000 r  clk (IN)
                         net (fo=0)                   0.000    25.000    clk
    H16                  IBUF (Prop_ibuf_I_O)         1.380    26.380 r  ibufg_gclk/O
                         net (fo=1, routed)           1.162    27.542    gclk_i
    MMCME2_ADV_X1Y2      MMCME2_ADV (Prop_mmcme2_adv_CLKIN1_CLKOUT0)
                                                      0.083    27.625 r  MMCME2_BASE_inst/CLKOUT0
                         net (fo=1, routed)           2.012    29.637    host_clk_i
    BUFGCTRL_X0Y16       BUFG (Prop_bufg_I_O)         0.091    29.728 r  bufg_host_clk/O
                         net (fo=7399, routed)        1.576    31.305    top/teaching_board_top/target/bh/TLBroadcastTracker_1/o_data/ram_mask_reg_0_7_0_5/WCLK
    SLICE_X22Y39         RAMD32                                       r  top/teaching_board_top/target/bh/TLBroadcastTracker_1/o_data/ram_mask_reg_0_7_0_5/RAMA/CLK
                         clock pessimism              0.517    31.822    
                         clock uncertainty           -0.082    31.740    
    SLICE_X22Y39         RAMD32 (Setup_ramd32_CLK_I)
                                                     -0.161    31.579    top/teaching_board_top/target/bh/TLBroadcastTracker_1/o_data/ram_mask_reg_0_7_0_5/RAMA
  -------------------------------------------------------------------
                         required time                         31.579    
                         arrival time                         -28.219    
  -------------------------------------------------------------------
                         slack                                  3.360    

Slack (MET) :             3.457ns  (required time - arrival time)
  Source:                 top/teaching_board_top/target/rd2serial/addr_reg[4]/C
                            (rising edge-triggered cell FDRE clocked by host_clk_i  {rise@0.000ns fall@12.500ns period=25.000ns})
  Destination:            top/teaching_board_top/target/bh/TLBroadcastTracker/o_data/ram_mask_reg_0_7_0_5/RAMC_D1/I
                            (rising edge-triggered cell RAMD32 clocked by host_clk_i  {rise@0.000ns fall@12.500ns period=25.000ns})
  Path Group:             host_clk_i
  Path Type:              Setup (Max at Slow Process Corner)
  Requirement:            25.000ns  (host_clk_i rise@25.000ns - host_clk_i rise@0.000ns)
  Data Path Delay:        21.234ns  (logic 8.820ns (41.538%)  route 12.414ns (58.462%))
  Logic Levels:           38  (CARRY4=20 LUT2=3 LUT3=2 LUT4=5 LUT5=3 LUT6=5)
  Clock Path Skew:        0.021ns (DCD - SCD + CPR)
    Destination Clock Delay (DCD):    6.304ns = ( 31.304 - 25.000 ) 
    Source Clock Delay      (SCD):    6.800ns
    Clock Pessimism Removal (CPR):    0.517ns
  Clock Uncertainty:      0.082ns  ((TSJ^2 + DJ^2)^1/2) / 2 + PE
    Total System Jitter     (TSJ):    0.071ns
    Discrete Jitter          (DJ):    0.147ns
    Phase Error              (PE):    0.000ns

    Location             Delay type                Incr(ns)  Path(ns)    Netlist Resource(s)
  -------------------------------------------------------------------    -------------------
                         (clock host_clk_i rise edge)
                                                      0.000     0.000 r  
    H16                                               0.000     0.000 r  clk (IN)
                         net (fo=0)                   0.000     0.000    clk
    H16                  IBUF (Prop_ibuf_I_O)         1.451     1.451 r  ibufg_gclk/O
                         net (fo=1, routed)           1.285     2.736    gclk_i
    MMCME2_ADV_X1Y2      MMCME2_ADV (Prop_mmcme2_adv_CLKIN1_CLKOUT0)
                                                      0.088     2.824 r  MMCME2_BASE_inst/CLKOUT0
                         net (fo=1, routed)           2.206     5.030    host_clk_i
    BUFGCTRL_X0Y16       BUFG (Prop_bufg_I_O)         0.101     5.131 r  bufg_host_clk/O
                         net (fo=7399, routed)        1.669     6.800    top/teaching_board_top/target/rd2serial/host_clk
    SLICE_X44Y47         FDRE                                         r  top/teaching_board_top/target/rd2serial/addr_reg[4]/C
  -------------------------------------------------------------------    -------------------
    SLICE_X44Y47         FDRE (Prop_fdre_C_Q)         0.456     7.256 r  top/teaching_board_top/target/rd2serial/addr_reg[4]/Q
                         net (fo=5, routed)           0.464     7.720    top/teaching_board_top/target/rd2serial/addr_reg[31]_0[1]
    SLICE_X43Y46         CARRY4 (Prop_carry4_S[0]_CO[3])
                                                      0.656     8.376 r  top/teaching_board_top/target/rd2serial/addr_reg[7]_i_2/CO[3]
                         net (fo=1, routed)           0.000     8.376    top/teaching_board_top/target/rd2serial/addr_reg[7]_i_2_n_0
    SLICE_X43Y47         CARRY4 (Prop_carry4_CI_CO[3])
                                                      0.114     8.490 r  top/teaching_board_top/target/rd2serial/addr_reg[11]_i_2/CO[3]
                         net (fo=1, routed)           0.000     8.490    top/teaching_board_top/target/rd2serial/addr_reg[11]_i_2_n_0
    SLICE_X43Y48         CARRY4 (Prop_carry4_CI_CO[3])
                                                      0.114     8.604 r  top/teaching_board_top/target/rd2serial/addr_reg[15]_i_2/CO[3]
                         net (fo=1, routed)           0.000     8.604    top/teaching_board_top/target/rd2serial/addr_reg[15]_i_2_n_0
    SLICE_X43Y49         CARRY4 (Prop_carry4_CI_CO[3])
                                                      0.114     8.718 r  top/teaching_board_top/target/rd2serial/addr_reg[19]_i_2/CO[3]
                         net (fo=1, routed)           0.001     8.719    top/teaching_board_top/target/rd2serial/addr_reg[19]_i_2_n_0
    SLICE_X43Y50         CARRY4 (Prop_carry4_CI_CO[3])
                                                      0.114     8.833 r  top/teaching_board_top/target/rd2serial/addr_reg[23]_i_2/CO[3]
                         net (fo=1, routed)           0.000     8.833    top/teaching_board_top/target/rd2serial/addr_reg[23]_i_2_n_0
    SLICE_X43Y51         CARRY4 (Prop_carry4_CI_O[1])
                                                      0.334     9.167 r  top/teaching_board_top/target/rd2serial/addr_reg[27]_i_2/O[1]
                         net (fo=3, routed)           0.529     9.696    top/teaching_board_top/target/rd2serial/_GEN_86[25]
    SLICE_X40Y52         LUT2 (Prop_lut2_I0_O)        0.303     9.999 r  top/teaching_board_top/target/rd2serial/ram_mask_reg_0_1_0_5_i_182/O
                         net (fo=1, routed)           0.000     9.999    top/teaching_board_top/target/rd2serial/ram_mask_reg_0_1_0_5_i_182_n_0
    SLICE_X40Y52         CARRY4 (Prop_carry4_S[1]_CO[3])
                                                      0.550    10.549 r  top/teaching_board_top/target/rd2serial/ram_mask_reg_0_1_0_5_i_122/CO[3]
                         net (fo=1, routed)           0.000    10.549    top/teaching_board_top/target/rd2serial/ram_mask_reg_0_1_0_5_i_122_n_0
    SLICE_X40Y53         CARRY4 (Prop_carry4_CI_CO[3])
                                                      0.114    10.663 r  top/teaching_board_top/target/rd2serial/ram_mask_reg_0_1_0_5_i_101/CO[3]
                         net (fo=1, routed)           0.000    10.663    top/teaching_board_top/target/rd2serial/ram_mask_reg_0_1_0_5_i_101_n_0
    SLICE_X40Y54         CARRY4 (Prop_carry4_CI_CO[3])
                                                      0.114    10.777 r  top/teaching_board_top/target/rd2serial/ram_mask_reg_0_1_0_5_i_105/CO[3]
                         net (fo=1, routed)           0.000    10.777    top/teaching_board_top/target/rd2serial/ram_mask_reg_0_1_0_5_i_105_n_0
    SLICE_X40Y55         CARRY4 (Prop_carry4_CI_CO[3])
                                                      0.114    10.891 r  top/teaching_board_top/target/rd2serial/req_size_reg[1]_i_64/CO[3]
                         net (fo=1, routed)           0.000    10.891    top/teaching_board_top/target/rd2serial/req_size_reg[1]_i_64_n_0
    SLICE_X40Y56         CARRY4 (Prop_carry4_CI_CO[3])
                                                      0.114    11.005 r  top/teaching_board_top/target/rd2serial/req_size_reg[1]_i_60/CO[3]
                         net (fo=1, routed)           0.000    11.005    top/teaching_board_top/target/rd2serial/req_size_reg[1]_i_60_n_0
    SLICE_X40Y57         CARRY4 (Prop_carry4_CI_CO[3])
                                                      0.114    11.119 r  top/teaching_board_top/target/rd2serial/req_size_reg[1]_i_59/CO[3]
                         net (fo=1, routed)           0.000    11.119    top/teaching_board_top/target/rd2serial/req_size_reg[1]_i_59_n_0
    SLICE_X40Y58         CARRY4 (Prop_carry4_CI_CO[3])
                                                      0.114    11.233 r  top/teaching_board_top/target/rd2serial/req_size_reg[1]_i_37/CO[3]
                         net (fo=1, routed)           0.000    11.233    top/teaching_board_top/target/rd2serial/req_size_reg[1]_i_37_n_0
    SLICE_X40Y59         CARRY4 (Prop_carry4_CI_CO[3])
                                                      0.114    11.347 r  top/teaching_board_top/target/rd2serial/req_size_reg[1]_i_34/CO[3]
                         net (fo=1, routed)           0.000    11.347    top/teaching_board_top/target/rd2serial/req_size_reg[1]_i_34_n_0
    SLICE_X40Y60         CARRY4 (Prop_carry4_CI_CO[3])
                                                      0.114    11.461 r  top/teaching_board_top/target/rd2serial/req_size_reg[1]_i_31/CO[3]
                         net (fo=1, routed)           0.000    11.461    top/teaching_board_top/target/rd2serial/req_size_reg[1]_i_31_n_0
    SLICE_X40Y61         CARRY4 (Prop_carry4_CI_O[2])
                                                      0.239    11.700 r  top/teaching_board_top/target/rd2serial/req_size_reg[1]_i_17/O[2]
                         net (fo=7, routed)           0.862    12.562    top/teaching_board_top/target/rd2serial/_GEN_87[62]
    SLICE_X41Y60         LUT4 (Prop_lut4_I3_O)        0.302    12.864 r  top/teaching_board_top/target/rd2serial/req_size[1]_i_84/O
                         net (fo=1, routed)           0.000    12.864    top/teaching_board_top/target/rd2serial/req_size[1]_i_84_n_0
    SLICE_X41Y60         CARRY4 (Prop_carry4_S[3]_CO[3])
                                                      0.401    13.265 r  top/teaching_board_top/target/rd2serial/req_size_reg[1]_i_45/CO[3]
                         net (fo=1, routed)           0.000    13.265    top/teaching_board_top/target/rd2serial/req_size_reg[1]_i_45_n_0
    SLICE_X41Y61         CARRY4 (Prop_carry4_CI_CO[0])
                                                      0.271    13.536 r  top/teaching_board_top/target/rd2serial/req_size_reg[1]_i_18/CO[0]
                         net (fo=163, routed)         1.036    14.572    top/teaching_board_top/target/rd2serial/_T_174
    SLICE_X37Y60         LUT3 (Prop_lut3_I1_O)        0.367    14.939 r  top/teaching_board_top/target/rd2serial/ram_mask_reg_0_1_0_5_i_155/O
                         net (fo=4, routed)           0.471    15.410    top/teaching_board_top/target/rd2serial/ram_mask_reg_0_1_0_5_i_155_n_0
    SLICE_X36Y60         LUT6 (Prop_lut6_I0_O)        0.326    15.736 r  top/teaching_board_top/target/rd2serial/ram_mask_reg_0_1_0_5_i_156/O
                         net (fo=2, routed)           0.463    16.199    top/teaching_board_top/target/rd2serial/ram_mask_reg_0_1_0_5_i_156_n_0
    SLICE_X36Y60         LUT6 (Prop_lut6_I5_O)        0.124    16.323 r  top/teaching_board_top/target/rd2serial/ram_mask_reg_0_1_0_5_i_106/O
                         net (fo=3, routed)           0.439    16.762    top/teaching_board_top/target/rd2serial/ram_mask_reg_0_1_0_5_i_106_n_0
    SLICE_X36Y61         LUT2 (Prop_lut2_I0_O)        0.124    16.886 r  top/teaching_board_top/target/rd2serial/ram_mask_reg_0_1_0_5_i_84/O
                         net (fo=5, routed)           0.605    17.491    top/teaching_board_top/target/rd2serial/ram_mask_reg_0_1_0_5_i_84_n_0
    SLICE_X38Y61         LUT5 (Prop_lut5_I4_O)        0.150    17.641 r  top/teaching_board_top/target/rd2serial/ram_mask_reg_0_1_0_5_i_93/O
                         net (fo=2, routed)           0.801    18.442    top/teaching_board_top/target/rd2serial/ram_mask_reg_0_1_0_5_i_93_n_0
    SLICE_X39Y62         LUT3 (Prop_lut3_I1_O)        0.376    18.818 r  top/teaching_board_top/target/rd2serial/ram_mask_reg_0_1_0_5_i_61/O
                         net (fo=2, routed)           0.803    19.621    top/teaching_board_top/target/rd2serial/ram_mask_reg_0_1_0_5_i_61_n_0
    SLICE_X41Y63         LUT5 (Prop_lut5_I3_O)        0.354    19.975 r  top/teaching_board_top/target/rd2serial/ram_mask_reg_0_1_0_5_i_63/O
                         net (fo=1, routed)           0.575    20.550    top/teaching_board_top/target/rd2serial/ram_mask_reg_0_1_0_5_i_63_n_0
    SLICE_X42Y61         LUT6 (Prop_lut6_I5_O)        0.332    20.882 r  top/teaching_board_top/target/rd2serial/ram_mask_reg_0_1_0_5_i_40/O
                         net (fo=1, routed)           0.000    20.882    top/teaching_board_top/target/rd2serial/ram_mask_reg_0_1_0_5_i_40_n_0
    SLICE_X42Y61         CARRY4 (Prop_carry4_S[2]_CO[3])
                                                      0.380    21.262 r  top/teaching_board_top/target/rd2serial/ram_mask_reg_0_1_0_5_i_27/CO[3]
                         net (fo=1, routed)           0.000    21.262    top/teaching_board_top/target/rd2serial/ram_mask_reg_0_1_0_5_i_27_n_0
    SLICE_X42Y62         CARRY4 (Prop_carry4_CI_CO[2])
                                                      0.229    21.491 f  top/teaching_board_top/target/rd2serial/ram_mask_reg_0_1_0_5_i_26/CO[2]
                         net (fo=1, routed)           0.411    21.902    top/teaching_board_top/target/rd2serial/_T_317[6]
    SLICE_X45Y61         LUT4 (Prop_lut4_I3_O)        0.310    22.212 f  top/teaching_board_top/target/rd2serial/ram_mask_reg_0_1_0_5_i_28/O
                         net (fo=1, routed)           0.641    22.853    top/teaching_board_top/target/rd2serial/ram_mask_reg_0_1_0_5_i_28_n_0
    SLICE_X45Y60         LUT4 (Prop_lut4_I3_O)        0.124    22.977 f  top/teaching_board_top/target/rd2serial/ram_mask_reg_0_1_0_5_i_20/O
                         net (fo=8, routed)           1.132    24.109    top/teaching_board_top/target/rd2serial/ram_mask_reg_0_1_0_5_i_20_n_0
    SLICE_X44Y40         LUT2 (Prop_lut2_I1_O)        0.124    24.233 r  top/teaching_board_top/target/rd2serial/req_address[2]_i_3/O
                         net (fo=6, routed)           0.587    24.820    top/teaching_board_top/target/rd2serial/addr_reg[2]_0
    SLICE_X41Y40         LUT5 (Prop_lut5_I1_O)        0.124    24.944 r  top/teaching_board_top/target/rd2serial/ram_mask_reg_0_1_0_5_i_25/O
                         net (fo=2, routed)           0.300    25.244    top/teaching_board_top/target/rd2serial/ram_mask_reg_0_1_0_5_i_25_n_0
    SLICE_X41Y40         LUT6 (Prop_lut6_I2_O)        0.124    25.368 r  top/teaching_board_top/target/rd2serial/ram_mask_reg_0_1_0_5_i_16/O
                         net (fo=2, routed)           1.037    26.405    top/teaching_board_top/target/sbus/system_bus_xbar/rd2serial_auto_out_a_bits_mask[5]
    SLICE_X27Y38         LUT4 (Prop_lut4_I2_O)        0.124    26.529 r  top/teaching_board_top/target/sbus/system_bus_xbar/req_mask[5]_i_1/O
                         net (fo=2, routed)           0.306    26.835    top/teaching_board_top/target/backend/req_mask_reg[5]_0
    SLICE_X24Y38         LUT6 (Prop_lut6_I5_O)        0.124    26.959 r  top/teaching_board_top/target/backend/ram_mask_reg_0_7_0_5_i_15/O
                         net (fo=1, routed)           0.488    27.447    top/teaching_board_top/target/backend/ram_mask_reg_0_7_0_5_i_15_n_0
    SLICE_X24Y38         LUT4 (Prop_lut4_I0_O)        0.124    27.571 r  top/teaching_board_top/target/backend/ram_mask_reg_0_7_0_5_i_5/O
                         net (fo=4, routed)           0.462    28.033    top/teaching_board_top/target/bh/TLBroadcastTracker/o_data/ram_mask_reg_0_7_0_5/DIC1
    SLICE_X22Y38         RAMD32                                       r  top/teaching_board_top/target/bh/TLBroadcastTracker/o_data/ram_mask_reg_0_7_0_5/RAMC_D1/I
  -------------------------------------------------------------------    -------------------

                         (clock host_clk_i rise edge)
                                                     25.000    25.000 r  
    H16                                               0.000    25.000 r  clk (IN)
                         net (fo=0)                   0.000    25.000    clk
    H16                  IBUF (Prop_ibuf_I_O)         1.380    26.380 r  ibufg_gclk/O
                         net (fo=1, routed)           1.162    27.542    gclk_i
    MMCME2_ADV_X1Y2      MMCME2_ADV (Prop_mmcme2_adv_CLKIN1_CLKOUT0)
                                                      0.083    27.625 r  MMCME2_BASE_inst/CLKOUT0
                         net (fo=1, routed)           2.012    29.637    host_clk_i
    BUFGCTRL_X0Y16       BUFG (Prop_bufg_I_O)         0.091    29.728 r  bufg_host_clk/O
                         net (fo=7399, routed)        1.575    31.304    top/teaching_board_top/target/bh/TLBroadcastTracker/o_data/ram_mask_reg_0_7_0_5/WCLK
    SLICE_X22Y38         RAMD32                                       r  top/teaching_board_top/target/bh/TLBroadcastTracker/o_data/ram_mask_reg_0_7_0_5/RAMC_D1/CLK
                         clock pessimism              0.517    31.821    
                         clock uncertainty           -0.082    31.739    
    SLICE_X22Y38         RAMD32 (Setup_ramd32_CLK_I)
                                                     -0.249    31.490    top/teaching_board_top/target/bh/TLBroadcastTracker/o_data/ram_mask_reg_0_7_0_5/RAMC_D1
  -------------------------------------------------------------------
                         required time                         31.490    
                         arrival time                         -28.033    
  -------------------------------------------------------------------
                         slack                                  3.457    

Slack (MET) :             3.458ns  (required time - arrival time)
  Source:                 top/teaching_board_top/target/rd2serial/addr_reg[4]/C
                            (rising edge-triggered cell FDRE clocked by host_clk_i  {rise@0.000ns fall@12.500ns period=25.000ns})
  Destination:            top/teaching_board_top/target/bh/TLBroadcastTracker_2/o_data/ram_mask_reg_0_7_6_7/RAMA_D1/I
                            (rising edge-triggered cell RAMD32 clocked by host_clk_i  {rise@0.000ns fall@12.500ns period=25.000ns})
  Path Group:             host_clk_i
  Path Type:              Setup (Max at Slow Process Corner)
  Requirement:            25.000ns  (host_clk_i rise@25.000ns - host_clk_i rise@0.000ns)
  Data Path Delay:        21.228ns  (logic 8.696ns (40.965%)  route 12.532ns (59.035%))
  Logic Levels:           37  (CARRY4=20 LUT2=3 LUT3=2 LUT4=4 LUT5=2 LUT6=6)
  Clock Path Skew:        0.025ns (DCD - SCD + CPR)
    Destination Clock Delay (DCD):    6.308ns = ( 31.308 - 25.000 ) 
    Source Clock Delay      (SCD):    6.800ns
    Clock Pessimism Removal (CPR):    0.517ns
  Clock Uncertainty:      0.082ns  ((TSJ^2 + DJ^2)^1/2) / 2 + PE
    Total System Jitter     (TSJ):    0.071ns
    Discrete Jitter          (DJ):    0.147ns
    Phase Error              (PE):    0.000ns

    Location             Delay type                Incr(ns)  Path(ns)    Netlist Resource(s)
  -------------------------------------------------------------------    -------------------
                         (clock host_clk_i rise edge)
                                                      0.000     0.000 r  
    H16                                               0.000     0.000 r  clk (IN)
                         net (fo=0)                   0.000     0.000    clk
    H16                  IBUF (Prop_ibuf_I_O)         1.451     1.451 r  ibufg_gclk/O
                         net (fo=1, routed)           1.285     2.736    gclk_i
    MMCME2_ADV_X1Y2      MMCME2_ADV (Prop_mmcme2_adv_CLKIN1_CLKOUT0)
                                                      0.088     2.824 r  MMCME2_BASE_inst/CLKOUT0
                         net (fo=1, routed)           2.206     5.030    host_clk_i
    BUFGCTRL_X0Y16       BUFG (Prop_bufg_I_O)         0.101     5.131 r  bufg_host_clk/O
                         net (fo=7399, routed)        1.669     6.800    top/teaching_board_top/target/rd2serial/host_clk
    SLICE_X44Y47         FDRE                                         r  top/teaching_board_top/target/rd2serial/addr_reg[4]/C
  -------------------------------------------------------------------    -------------------
    SLICE_X44Y47         FDRE (Prop_fdre_C_Q)         0.456     7.256 r  top/teaching_board_top/target/rd2serial/addr_reg[4]/Q
                         net (fo=5, routed)           0.464     7.720    top/teaching_board_top/target/rd2serial/addr_reg[31]_0[1]
    SLICE_X43Y46         CARRY4 (Prop_carry4_S[0]_CO[3])
                                                      0.656     8.376 r  top/teaching_board_top/target/rd2serial/addr_reg[7]_i_2/CO[3]
                         net (fo=1, routed)           0.000     8.376    top/teaching_board_top/target/rd2serial/addr_reg[7]_i_2_n_0
    SLICE_X43Y47         CARRY4 (Prop_carry4_CI_CO[3])
                                                      0.114     8.490 r  top/teaching_board_top/target/rd2serial/addr_reg[11]_i_2/CO[3]
                         net (fo=1, routed)           0.000     8.490    top/teaching_board_top/target/rd2serial/addr_reg[11]_i_2_n_0
    SLICE_X43Y48         CARRY4 (Prop_carry4_CI_CO[3])
                                                      0.114     8.604 r  top/teaching_board_top/target/rd2serial/addr_reg[15]_i_2/CO[3]
                         net (fo=1, routed)           0.000     8.604    top/teaching_board_top/target/rd2serial/addr_reg[15]_i_2_n_0
    SLICE_X43Y49         CARRY4 (Prop_carry4_CI_CO[3])
                                                      0.114     8.718 r  top/teaching_board_top/target/rd2serial/addr_reg[19]_i_2/CO[3]
                         net (fo=1, routed)           0.001     8.719    top/teaching_board_top/target/rd2serial/addr_reg[19]_i_2_n_0
    SLICE_X43Y50         CARRY4 (Prop_carry4_CI_CO[3])
                                                      0.114     8.833 r  top/teaching_board_top/target/rd2serial/addr_reg[23]_i_2/CO[3]
                         net (fo=1, routed)           0.000     8.833    top/teaching_board_top/target/rd2serial/addr_reg[23]_i_2_n_0
    SLICE_X43Y51         CARRY4 (Prop_carry4_CI_O[1])
                                                      0.334     9.167 r  top/teaching_board_top/target/rd2serial/addr_reg[27]_i_2/O[1]
                         net (fo=3, routed)           0.529     9.696    top/teaching_board_top/target/rd2serial/_GEN_86[25]
    SLICE_X40Y52         LUT2 (Prop_lut2_I0_O)        0.303     9.999 r  top/teaching_board_top/target/rd2serial/ram_mask_reg_0_1_0_5_i_182/O
                         net (fo=1, routed)           0.000     9.999    top/teaching_board_top/target/rd2serial/ram_mask_reg_0_1_0_5_i_182_n_0
    SLICE_X40Y52         CARRY4 (Prop_carry4_S[1]_CO[3])
                                                      0.550    10.549 r  top/teaching_board_top/target/rd2serial/ram_mask_reg_0_1_0_5_i_122/CO[3]
                         net (fo=1, routed)           0.000    10.549    top/teaching_board_top/target/rd2serial/ram_mask_reg_0_1_0_5_i_122_n_0
    SLICE_X40Y53         CARRY4 (Prop_carry4_CI_CO[3])
                                                      0.114    10.663 r  top/teaching_board_top/target/rd2serial/ram_mask_reg_0_1_0_5_i_101/CO[3]
                         net (fo=1, routed)           0.000    10.663    top/teaching_board_top/target/rd2serial/ram_mask_reg_0_1_0_5_i_101_n_0
    SLICE_X40Y54         CARRY4 (Prop_carry4_CI_CO[3])
                                                      0.114    10.777 r  top/teaching_board_top/target/rd2serial/ram_mask_reg_0_1_0_5_i_105/CO[3]
                         net (fo=1, routed)           0.000    10.777    top/teaching_board_top/target/rd2serial/ram_mask_reg_0_1_0_5_i_105_n_0
    SLICE_X40Y55         CARRY4 (Prop_carry4_CI_CO[3])
                                                      0.114    10.891 r  top/teaching_board_top/target/rd2serial/req_size_reg[1]_i_64/CO[3]
                         net (fo=1, routed)           0.000    10.891    top/teaching_board_top/target/rd2serial/req_size_reg[1]_i_64_n_0
    SLICE_X40Y56         CARRY4 (Prop_carry4_CI_CO[3])
                                                      0.114    11.005 r  top/teaching_board_top/target/rd2serial/req_size_reg[1]_i_60/CO[3]
                         net (fo=1, routed)           0.000    11.005    top/teaching_board_top/target/rd2serial/req_size_reg[1]_i_60_n_0
    SLICE_X40Y57         CARRY4 (Prop_carry4_CI_CO[3])
                                                      0.114    11.119 r  top/teaching_board_top/target/rd2serial/req_size_reg[1]_i_59/CO[3]
                         net (fo=1, routed)           0.000    11.119    top/teaching_board_top/target/rd2serial/req_size_reg[1]_i_59_n_0
    SLICE_X40Y58         CARRY4 (Prop_carry4_CI_CO[3])
                                                      0.114    11.233 r  top/teaching_board_top/target/rd2serial/req_size_reg[1]_i_37/CO[3]
                         net (fo=1, routed)           0.000    11.233    top/teaching_board_top/target/rd2serial/req_size_reg[1]_i_37_n_0
    SLICE_X40Y59         CARRY4 (Prop_carry4_CI_CO[3])
                                                      0.114    11.347 r  top/teaching_board_top/target/rd2serial/req_size_reg[1]_i_34/CO[3]
                         net (fo=1, routed)           0.000    11.347    top/teaching_board_top/target/rd2serial/req_size_reg[1]_i_34_n_0
    SLICE_X40Y60         CARRY4 (Prop_carry4_CI_CO[3])
                                                      0.114    11.461 r  top/teaching_board_top/target/rd2serial/req_size_reg[1]_i_31/CO[3]
                         net (fo=1, routed)           0.000    11.461    top/teaching_board_top/target/rd2serial/req_size_reg[1]_i_31_n_0
    SLICE_X40Y61         CARRY4 (Prop_carry4_CI_O[2])
                                                      0.239    11.700 r  top/teaching_board_top/target/rd2serial/req_size_reg[1]_i_17/O[2]
                         net (fo=7, routed)           0.862    12.562    top/teaching_board_top/target/rd2serial/_GEN_87[62]
    SLICE_X41Y60         LUT4 (Prop_lut4_I3_O)        0.302    12.864 r  top/teaching_board_top/target/rd2serial/req_size[1]_i_84/O
                         net (fo=1, routed)           0.000    12.864    top/teaching_board_top/target/rd2serial/req_size[1]_i_84_n_0
    SLICE_X41Y60         CARRY4 (Prop_carry4_S[3]_CO[3])
                                                      0.401    13.265 r  top/teaching_board_top/target/rd2serial/req_size_reg[1]_i_45/CO[3]
                         net (fo=1, routed)           0.000    13.265    top/teaching_board_top/target/rd2serial/req_size_reg[1]_i_45_n_0
    SLICE_X41Y61         CARRY4 (Prop_carry4_CI_CO[0])
                                                      0.271    13.536 r  top/teaching_board_top/target/rd2serial/req_size_reg[1]_i_18/CO[0]
                         net (fo=163, routed)         1.036    14.572    top/teaching_board_top/target/rd2serial/_T_174
    SLICE_X37Y60         LUT3 (Prop_lut3_I1_O)        0.367    14.939 r  top/teaching_board_top/target/rd2serial/ram_mask_reg_0_1_0_5_i_155/O
                         net (fo=4, routed)           0.471    15.410    top/teaching_board_top/target/rd2serial/ram_mask_reg_0_1_0_5_i_155_n_0
    SLICE_X36Y60         LUT6 (Prop_lut6_I0_O)        0.326    15.736 r  top/teaching_board_top/target/rd2serial/ram_mask_reg_0_1_0_5_i_156/O
                         net (fo=2, routed)           0.463    16.199    top/teaching_board_top/target/rd2serial/ram_mask_reg_0_1_0_5_i_156_n_0
    SLICE_X36Y60         LUT6 (Prop_lut6_I5_O)        0.124    16.323 r  top/teaching_board_top/target/rd2serial/ram_mask_reg_0_1_0_5_i_106/O
                         net (fo=3, routed)           0.439    16.762    top/teaching_board_top/target/rd2serial/ram_mask_reg_0_1_0_5_i_106_n_0
    SLICE_X36Y61         LUT2 (Prop_lut2_I0_O)        0.124    16.886 r  top/teaching_board_top/target/rd2serial/ram_mask_reg_0_1_0_5_i_84/O
                         net (fo=5, routed)           0.605    17.491    top/teaching_board_top/target/rd2serial/ram_mask_reg_0_1_0_5_i_84_n_0
    SLICE_X38Y61         LUT5 (Prop_lut5_I4_O)        0.150    17.641 r  top/teaching_board_top/target/rd2serial/ram_mask_reg_0_1_0_5_i_93/O
                         net (fo=2, routed)           0.801    18.442    top/teaching_board_top/target/rd2serial/ram_mask_reg_0_1_0_5_i_93_n_0
    SLICE_X39Y62         LUT3 (Prop_lut3_I1_O)        0.376    18.818 r  top/teaching_board_top/target/rd2serial/ram_mask_reg_0_1_0_5_i_61/O
                         net (fo=2, routed)           0.803    19.621    top/teaching_board_top/target/rd2serial/ram_mask_reg_0_1_0_5_i_61_n_0
    SLICE_X41Y63         LUT5 (Prop_lut5_I3_O)        0.354    19.975 r  top/teaching_board_top/target/rd2serial/ram_mask_reg_0_1_0_5_i_63/O
                         net (fo=1, routed)           0.575    20.550    top/teaching_board_top/target/rd2serial/ram_mask_reg_0_1_0_5_i_63_n_0
    SLICE_X42Y61         LUT6 (Prop_lut6_I5_O)        0.332    20.882 r  top/teaching_board_top/target/rd2serial/ram_mask_reg_0_1_0_5_i_40/O
                         net (fo=1, routed)           0.000    20.882    top/teaching_board_top/target/rd2serial/ram_mask_reg_0_1_0_5_i_40_n_0
    SLICE_X42Y61         CARRY4 (Prop_carry4_S[2]_CO[3])
                                                      0.380    21.262 r  top/teaching_board_top/target/rd2serial/ram_mask_reg_0_1_0_5_i_27/CO[3]
                         net (fo=1, routed)           0.000    21.262    top/teaching_board_top/target/rd2serial/ram_mask_reg_0_1_0_5_i_27_n_0
    SLICE_X42Y62         CARRY4 (Prop_carry4_CI_CO[2])
                                                      0.229    21.491 f  top/teaching_board_top/target/rd2serial/ram_mask_reg_0_1_0_5_i_26/CO[2]
                         net (fo=1, routed)           0.411    21.902    top/teaching_board_top/target/rd2serial/_T_317[6]
    SLICE_X45Y61         LUT4 (Prop_lut4_I3_O)        0.310    22.212 f  top/teaching_board_top/target/rd2serial/ram_mask_reg_0_1_0_5_i_28/O
                         net (fo=1, routed)           0.641    22.853    top/teaching_board_top/target/rd2serial/ram_mask_reg_0_1_0_5_i_28_n_0
    SLICE_X45Y60         LUT4 (Prop_lut4_I3_O)        0.124    22.977 f  top/teaching_board_top/target/rd2serial/ram_mask_reg_0_1_0_5_i_20/O
                         net (fo=8, routed)           1.129    24.106    top/teaching_board_top/target/rd2serial/ram_mask_reg_0_1_0_5_i_20_n_0
    SLICE_X44Y40         LUT2 (Prop_lut2_I1_O)        0.124    24.230 r  top/teaching_board_top/target/rd2serial/req_address[1]_i_3/O
                         net (fo=6, routed)           0.501    24.731    top/teaching_board_top/target/rd2serial/addr_reg[1]_0
    SLICE_X45Y40         LUT6 (Prop_lut6_I3_O)        0.124    24.855 r  top/teaching_board_top/target/rd2serial/ram_mask_reg_0_1_6_7_i_8__0/O
                         net (fo=2, routed)           0.453    25.308    top/teaching_board_top/target/bridgeV2/rd2serial_auto_out_a_bits_mask[0]
    SLICE_X44Y37         LUT6 (Prop_lut6_I4_O)        0.124    25.432 r  top/teaching_board_top/target/bridgeV2/req_mask[7]_i_1/O
                         net (fo=2, routed)           0.936    26.368    top/teaching_board_top/target/backend/req_mask_reg[7]_0
    SLICE_X27Y38         LUT6 (Prop_lut6_I5_O)        0.124    26.492 r  top/teaching_board_top/target/backend/ram_mask_reg_0_7_6_7_i_7/O
                         net (fo=1, routed)           0.433    26.926    top/teaching_board_top/target/backend/ram_mask_reg_0_7_6_7_i_7_n_0
    SLICE_X27Y38         LUT4 (Prop_lut4_I0_O)        0.124    27.050 r  top/teaching_board_top/target/backend/ram_mask_reg_0_7_6_7_i_1/O
                         net (fo=4, routed)           0.978    28.027    top/teaching_board_top/target/bh/TLBroadcastTracker_2/o_data/ram_mask_reg_0_7_6_7/DIA1
    SLICE_X22Y47         RAMD32                                       r  top/teaching_board_top/target/bh/TLBroadcastTracker_2/o_data/ram_mask_reg_0_7_6_7/RAMA_D1/I
  -------------------------------------------------------------------    -------------------

                         (clock host_clk_i rise edge)
                                                     25.000    25.000 r  
    H16                                               0.000    25.000 r  clk (IN)
                         net (fo=0)                   0.000    25.000    clk
    H16                  IBUF (Prop_ibuf_I_O)         1.380    26.380 r  ibufg_gclk/O
                         net (fo=1, routed)           1.162    27.542    gclk_i
    MMCME2_ADV_X1Y2      MMCME2_ADV (Prop_mmcme2_adv_CLKIN1_CLKOUT0)
                                                      0.083    27.625 r  MMCME2_BASE_inst/CLKOUT0
                         net (fo=1, routed)           2.012    29.637    host_clk_i
    BUFGCTRL_X0Y16       BUFG (Prop_bufg_I_O)         0.091    29.728 r  bufg_host_clk/O
                         net (fo=7399, routed)        1.579    31.308    top/teaching_board_top/target/bh/TLBroadcastTracker_2/o_data/ram_mask_reg_0_7_6_7/WCLK
    SLICE_X22Y47         RAMD32                                       r  top/teaching_board_top/target/bh/TLBroadcastTracker_2/o_data/ram_mask_reg_0_7_6_7/RAMA_D1/CLK
                         clock pessimism              0.517    31.825    
                         clock uncertainty           -0.082    31.743    
    SLICE_X22Y47         RAMD32 (Setup_ramd32_CLK_I)
                                                     -0.258    31.485    top/teaching_board_top/target/bh/TLBroadcastTracker_2/o_data/ram_mask_reg_0_7_6_7/RAMA_D1
  -------------------------------------------------------------------
                         required time                         31.485    
                         arrival time                         -28.027    
  -------------------------------------------------------------------
                         slack                                  3.458    

Slack (MET) :             3.484ns  (required time - arrival time)
  Source:                 top/teaching_board_top/target/rd2serial/addr_reg[4]/C
                            (rising edge-triggered cell FDRE clocked by host_clk_i  {rise@0.000ns fall@12.500ns period=25.000ns})
  Destination:            top/teaching_board_top/target/bh/TLBroadcastTracker_1/o_data/ram_mask_reg_0_7_6_7/RAMA_D1/I
                            (rising edge-triggered cell RAMD32 clocked by host_clk_i  {rise@0.000ns fall@12.500ns period=25.000ns})
  Path Group:             host_clk_i
  Path Type:              Setup (Max at Slow Process Corner)
  Requirement:            25.000ns  (host_clk_i rise@25.000ns - host_clk_i rise@0.000ns)
  Data Path Delay:        21.201ns  (logic 8.696ns (41.018%)  route 12.505ns (58.982%))
  Logic Levels:           37  (CARRY4=20 LUT2=3 LUT3=2 LUT4=4 LUT5=2 LUT6=6)
  Clock Path Skew:        0.024ns (DCD - SCD + CPR)
    Destination Clock Delay (DCD):    6.307ns = ( 31.307 - 25.000 ) 
    Source Clock Delay      (SCD):    6.800ns
    Clock Pessimism Removal (CPR):    0.517ns
  Clock Uncertainty:      0.082ns  ((TSJ^2 + DJ^2)^1/2) / 2 + PE
    Total System Jitter     (TSJ):    0.071ns
    Discrete Jitter          (DJ):    0.147ns
    Phase Error              (PE):    0.000ns

    Location             Delay type                Incr(ns)  Path(ns)    Netlist Resource(s)
  -------------------------------------------------------------------    -------------------
                         (clock host_clk_i rise edge)
                                                      0.000     0.000 r  
    H16                                               0.000     0.000 r  clk (IN)
                         net (fo=0)                   0.000     0.000    clk
    H16                  IBUF (Prop_ibuf_I_O)         1.451     1.451 r  ibufg_gclk/O
                         net (fo=1, routed)           1.285     2.736    gclk_i
    MMCME2_ADV_X1Y2      MMCME2_ADV (Prop_mmcme2_adv_CLKIN1_CLKOUT0)
                                                      0.088     2.824 r  MMCME2_BASE_inst/CLKOUT0
                         net (fo=1, routed)           2.206     5.030    host_clk_i
    BUFGCTRL_X0Y16       BUFG (Prop_bufg_I_O)         0.101     5.131 r  bufg_host_clk/O
                         net (fo=7399, routed)        1.669     6.800    top/teaching_board_top/target/rd2serial/host_clk
    SLICE_X44Y47         FDRE                                         r  top/teaching_board_top/target/rd2serial/addr_reg[4]/C
  -------------------------------------------------------------------    -------------------
    SLICE_X44Y47         FDRE (Prop_fdre_C_Q)         0.456     7.256 r  top/teaching_board_top/target/rd2serial/addr_reg[4]/Q
                         net (fo=5, routed)           0.464     7.720    top/teaching_board_top/target/rd2serial/addr_reg[31]_0[1]
    SLICE_X43Y46         CARRY4 (Prop_carry4_S[0]_CO[3])
                                                      0.656     8.376 r  top/teaching_board_top/target/rd2serial/addr_reg[7]_i_2/CO[3]
                         net (fo=1, routed)           0.000     8.376    top/teaching_board_top/target/rd2serial/addr_reg[7]_i_2_n_0
    SLICE_X43Y47         CARRY4 (Prop_carry4_CI_CO[3])
                                                      0.114     8.490 r  top/teaching_board_top/target/rd2serial/addr_reg[11]_i_2/CO[3]
                         net (fo=1, routed)           0.000     8.490    top/teaching_board_top/target/rd2serial/addr_reg[11]_i_2_n_0
    SLICE_X43Y48         CARRY4 (Prop_carry4_CI_CO[3])
                                                      0.114     8.604 r  top/teaching_board_top/target/rd2serial/addr_reg[15]_i_2/CO[3]
                         net (fo=1, routed)           0.000     8.604    top/teaching_board_top/target/rd2serial/addr_reg[15]_i_2_n_0
    SLICE_X43Y49         CARRY4 (Prop_carry4_CI_CO[3])
                                                      0.114     8.718 r  top/teaching_board_top/target/rd2serial/addr_reg[19]_i_2/CO[3]
                         net (fo=1, routed)           0.001     8.719    top/teaching_board_top/target/rd2serial/addr_reg[19]_i_2_n_0
    SLICE_X43Y50         CARRY4 (Prop_carry4_CI_CO[3])
                                                      0.114     8.833 r  top/teaching_board_top/target/rd2serial/addr_reg[23]_i_2/CO[3]
                         net (fo=1, routed)           0.000     8.833    top/teaching_board_top/target/rd2serial/addr_reg[23]_i_2_n_0
    SLICE_X43Y51         CARRY4 (Prop_carry4_CI_O[1])
                                                      0.334     9.167 r  top/teaching_board_top/target/rd2serial/addr_reg[27]_i_2/O[1]
                         net (fo=3, routed)           0.529     9.696    top/teaching_board_top/target/rd2serial/_GEN_86[25]
    SLICE_X40Y52         LUT2 (Prop_lut2_I0_O)        0.303     9.999 r  top/teaching_board_top/target/rd2serial/ram_mask_reg_0_1_0_5_i_182/O
                         net (fo=1, routed)           0.000     9.999    top/teaching_board_top/target/rd2serial/ram_mask_reg_0_1_0_5_i_182_n_0
    SLICE_X40Y52         CARRY4 (Prop_carry4_S[1]_CO[3])
                                                      0.550    10.549 r  top/teaching_board_top/target/rd2serial/ram_mask_reg_0_1_0_5_i_122/CO[3]
                         net (fo=1, routed)           0.000    10.549    top/teaching_board_top/target/rd2serial/ram_mask_reg_0_1_0_5_i_122_n_0
    SLICE_X40Y53         CARRY4 (Prop_carry4_CI_CO[3])
                                                      0.114    10.663 r  top/teaching_board_top/target/rd2serial/ram_mask_reg_0_1_0_5_i_101/CO[3]
                         net (fo=1, routed)           0.000    10.663    top/teaching_board_top/target/rd2serial/ram_mask_reg_0_1_0_5_i_101_n_0
    SLICE_X40Y54         CARRY4 (Prop_carry4_CI_CO[3])
                                                      0.114    10.777 r  top/teaching_board_top/target/rd2serial/ram_mask_reg_0_1_0_5_i_105/CO[3]
                         net (fo=1, routed)           0.000    10.777    top/teaching_board_top/target/rd2serial/ram_mask_reg_0_1_0_5_i_105_n_0
    SLICE_X40Y55         CARRY4 (Prop_carry4_CI_CO[3])
                                                      0.114    10.891 r  top/teaching_board_top/target/rd2serial/req_size_reg[1]_i_64/CO[3]
                         net (fo=1, routed)           0.000    10.891    top/teaching_board_top/target/rd2serial/req_size_reg[1]_i_64_n_0
    SLICE_X40Y56         CARRY4 (Prop_carry4_CI_CO[3])
                                                      0.114    11.005 r  top/teaching_board_top/target/rd2serial/req_size_reg[1]_i_60/CO[3]
                         net (fo=1, routed)           0.000    11.005    top/teaching_board_top/target/rd2serial/req_size_reg[1]_i_60_n_0
    SLICE_X40Y57         CARRY4 (Prop_carry4_CI_CO[3])
                                                      0.114    11.119 r  top/teaching_board_top/target/rd2serial/req_size_reg[1]_i_59/CO[3]
                         net (fo=1, routed)           0.000    11.119    top/teaching_board_top/target/rd2serial/req_size_reg[1]_i_59_n_0
    SLICE_X40Y58         CARRY4 (Prop_carry4_CI_CO[3])
                                                      0.114    11.233 r  top/teaching_board_top/target/rd2serial/req_size_reg[1]_i_37/CO[3]
                         net (fo=1, routed)           0.000    11.233    top/teaching_board_top/target/rd2serial/req_size_reg[1]_i_37_n_0
    SLICE_X40Y59         CARRY4 (Prop_carry4_CI_CO[3])
                                                      0.114    11.347 r  top/teaching_board_top/target/rd2serial/req_size_reg[1]_i_34/CO[3]
                         net (fo=1, routed)           0.000    11.347    top/teaching_board_top/target/rd2serial/req_size_reg[1]_i_34_n_0
    SLICE_X40Y60         CARRY4 (Prop_carry4_CI_CO[3])
                                                      0.114    11.461 r  top/teaching_board_top/target/rd2serial/req_size_reg[1]_i_31/CO[3]
                         net (fo=1, routed)           0.000    11.461    top/teaching_board_top/target/rd2serial/req_size_reg[1]_i_31_n_0
    SLICE_X40Y61         CARRY4 (Prop_carry4_CI_O[2])
                                                      0.239    11.700 r  top/teaching_board_top/target/rd2serial/req_size_reg[1]_i_17/O[2]
                         net (fo=7, routed)           0.862    12.562    top/teaching_board_top/target/rd2serial/_GEN_87[62]
    SLICE_X41Y60         LUT4 (Prop_lut4_I3_O)        0.302    12.864 r  top/teaching_board_top/target/rd2serial/req_size[1]_i_84/O
                         net (fo=1, routed)           0.000    12.864    top/teaching_board_top/target/rd2serial/req_size[1]_i_84_n_0
    SLICE_X41Y60         CARRY4 (Prop_carry4_S[3]_CO[3])
                                                      0.401    13.265 r  top/teaching_board_top/target/rd2serial/req_size_reg[1]_i_45/CO[3]
                         net (fo=1, routed)           0.000    13.265    top/teaching_board_top/target/rd2serial/req_size_reg[1]_i_45_n_0
    SLICE_X41Y61         CARRY4 (Prop_carry4_CI_CO[0])
                                                      0.271    13.536 r  top/teaching_board_top/target/rd2serial/req_size_reg[1]_i_18/CO[0]
                         net (fo=163, routed)         1.036    14.572    top/teaching_board_top/target/rd2serial/_T_174
    SLICE_X37Y60         LUT3 (Prop_lut3_I1_O)        0.367    14.939 r  top/teaching_board_top/target/rd2serial/ram_mask_reg_0_1_0_5_i_155/O
                         net (fo=4, routed)           0.471    15.410    top/teaching_board_top/target/rd2serial/ram_mask_reg_0_1_0_5_i_155_n_0
    SLICE_X36Y60         LUT6 (Prop_lut6_I0_O)        0.326    15.736 r  top/teaching_board_top/target/rd2serial/ram_mask_reg_0_1_0_5_i_156/O
                         net (fo=2, routed)           0.463    16.199    top/teaching_board_top/target/rd2serial/ram_mask_reg_0_1_0_5_i_156_n_0
    SLICE_X36Y60         LUT6 (Prop_lut6_I5_O)        0.124    16.323 r  top/teaching_board_top/target/rd2serial/ram_mask_reg_0_1_0_5_i_106/O
                         net (fo=3, routed)           0.439    16.762    top/teaching_board_top/target/rd2serial/ram_mask_reg_0_1_0_5_i_106_n_0
    SLICE_X36Y61         LUT2 (Prop_lut2_I0_O)        0.124    16.886 r  top/teaching_board_top/target/rd2serial/ram_mask_reg_0_1_0_5_i_84/O
                         net (fo=5, routed)           0.605    17.491    top/teaching_board_top/target/rd2serial/ram_mask_reg_0_1_0_5_i_84_n_0
    SLICE_X38Y61         LUT5 (Prop_lut5_I4_O)        0.150    17.641 r  top/teaching_board_top/target/rd2serial/ram_mask_reg_0_1_0_5_i_93/O
                         net (fo=2, routed)           0.801    18.442    top/teaching_board_top/target/rd2serial/ram_mask_reg_0_1_0_5_i_93_n_0
    SLICE_X39Y62         LUT3 (Prop_lut3_I1_O)        0.376    18.818 r  top/teaching_board_top/target/rd2serial/ram_mask_reg_0_1_0_5_i_61/O
                         net (fo=2, routed)           0.803    19.621    top/teaching_board_top/target/rd2serial/ram_mask_reg_0_1_0_5_i_61_n_0
    SLICE_X41Y63         LUT5 (Prop_lut5_I3_O)        0.354    19.975 r  top/teaching_board_top/target/rd2serial/ram_mask_reg_0_1_0_5_i_63/O
                         net (fo=1, routed)           0.575    20.550    top/teaching_board_top/target/rd2serial/ram_mask_reg_0_1_0_5_i_63_n_0
    SLICE_X42Y61         LUT6 (Prop_lut6_I5_O)        0.332    20.882 r  top/teaching_board_top/target/rd2serial/ram_mask_reg_0_1_0_5_i_40/O
                         net (fo=1, routed)           0.000    20.882    top/teaching_board_top/target/rd2serial/ram_mask_reg_0_1_0_5_i_40_n_0
    SLICE_X42Y61         CARRY4 (Prop_carry4_S[2]_CO[3])
                                                      0.380    21.262 r  top/teaching_board_top/target/rd2serial/ram_mask_reg_0_1_0_5_i_27/CO[3]
                         net (fo=1, routed)           0.000    21.262    top/teaching_board_top/target/rd2serial/ram_mask_reg_0_1_0_5_i_27_n_0
    SLICE_X42Y62         CARRY4 (Prop_carry4_CI_CO[2])
                                                      0.229    21.491 f  top/teaching_board_top/target/rd2serial/ram_mask_reg_0_1_0_5_i_26/CO[2]
                         net (fo=1, routed)           0.411    21.902    top/teaching_board_top/target/rd2serial/_T_317[6]
    SLICE_X45Y61         LUT4 (Prop_lut4_I3_O)        0.310    22.212 f  top/teaching_board_top/target/rd2serial/ram_mask_reg_0_1_0_5_i_28/O
                         net (fo=1, routed)           0.641    22.853    top/teaching_board_top/target/rd2serial/ram_mask_reg_0_1_0_5_i_28_n_0
    SLICE_X45Y60         LUT4 (Prop_lut4_I3_O)        0.124    22.977 f  top/teaching_board_top/target/rd2serial/ram_mask_reg_0_1_0_5_i_20/O
                         net (fo=8, routed)           1.129    24.106    top/teaching_board_top/target/rd2serial/ram_mask_reg_0_1_0_5_i_20_n_0
    SLICE_X44Y40         LUT2 (Prop_lut2_I1_O)        0.124    24.230 r  top/teaching_board_top/target/rd2serial/req_address[1]_i_3/O
                         net (fo=6, routed)           0.501    24.731    top/teaching_board_top/target/rd2serial/addr_reg[1]_0
    SLICE_X45Y40         LUT6 (Prop_lut6_I3_O)        0.124    24.855 r  top/teaching_board_top/target/rd2serial/ram_mask_reg_0_1_6_7_i_8__0/O
                         net (fo=2, routed)           0.453    25.308    top/teaching_board_top/target/bridgeV2/rd2serial_auto_out_a_bits_mask[0]
    SLICE_X44Y37         LUT6 (Prop_lut6_I4_O)        0.124    25.432 r  top/teaching_board_top/target/bridgeV2/req_mask[7]_i_1/O
                         net (fo=2, routed)           0.936    26.368    top/teaching_board_top/target/backend/req_mask_reg[7]_0
    SLICE_X27Y38         LUT6 (Prop_lut6_I5_O)        0.124    26.492 r  top/teaching_board_top/target/backend/ram_mask_reg_0_7_6_7_i_7/O
                         net (fo=1, routed)           0.433    26.926    top/teaching_board_top/target/backend/ram_mask_reg_0_7_6_7_i_7_n_0
    SLICE_X27Y38         LUT4 (Prop_lut4_I0_O)        0.124    27.050 r  top/teaching_board_top/target/backend/ram_mask_reg_0_7_6_7_i_1/O
                         net (fo=4, routed)           0.951    28.000    top/teaching_board_top/target/bh/TLBroadcastTracker_1/o_data/ram_mask_reg_0_7_6_7/DIA1
    SLICE_X22Y45         RAMD32                                       r  top/teaching_board_top/target/bh/TLBroadcastTracker_1/o_data/ram_mask_reg_0_7_6_7/RAMA_D1/I
  -------------------------------------------------------------------    -------------------

                         (clock host_clk_i rise edge)
                                                     25.000    25.000 r  
    H16                                               0.000    25.000 r  clk (IN)
                         net (fo=0)                   0.000    25.000    clk
    H16                  IBUF (Prop_ibuf_I_O)         1.380    26.380 r  ibufg_gclk/O
                         net (fo=1, routed)           1.162    27.542    gclk_i
    MMCME2_ADV_X1Y2      MMCME2_ADV (Prop_mmcme2_adv_CLKIN1_CLKOUT0)
                                                      0.083    27.625 r  MMCME2_BASE_inst/CLKOUT0
                         net (fo=1, routed)           2.012    29.637    host_clk_i
    BUFGCTRL_X0Y16       BUFG (Prop_bufg_I_O)         0.091    29.728 r  bufg_host_clk/O
                         net (fo=7399, routed)        1.578    31.307    top/teaching_board_top/target/bh/TLBroadcastTracker_1/o_data/ram_mask_reg_0_7_6_7/WCLK
    SLICE_X22Y45         RAMD32                                       r  top/teaching_board_top/target/bh/TLBroadcastTracker_1/o_data/ram_mask_reg_0_7_6_7/RAMA_D1/CLK
                         clock pessimism              0.517    31.824    
                         clock uncertainty           -0.082    31.742    
    SLICE_X22Y45         RAMD32 (Setup_ramd32_CLK_I)
                                                     -0.258    31.484    top/teaching_board_top/target/bh/TLBroadcastTracker_1/o_data/ram_mask_reg_0_7_6_7/RAMA_D1
  -------------------------------------------------------------------
                         required time                         31.484    
                         arrival time                         -28.000    
  -------------------------------------------------------------------
                         slack                                  3.484    

Slack (MET) :             3.491ns  (required time - arrival time)
  Source:                 top/teaching_board_top/target/rd2serial/addr_reg[4]/C
                            (rising edge-triggered cell FDRE clocked by host_clk_i  {rise@0.000ns fall@12.500ns period=25.000ns})
  Destination:            top/teaching_board_top/target/bh/TLBroadcastTracker/o_data/ram_mask_reg_0_7_0_5/RAMA_D1/I
                            (rising edge-triggered cell RAMD32 clocked by host_clk_i  {rise@0.000ns fall@12.500ns period=25.000ns})
  Path Group:             host_clk_i
  Path Type:              Setup (Max at Slow Process Corner)
  Requirement:            25.000ns  (host_clk_i rise@25.000ns - host_clk_i rise@0.000ns)
  Data Path Delay:        21.190ns  (logic 9.016ns (42.547%)  route 12.174ns (57.453%))
  Logic Levels:           38  (CARRY4=20 LUT2=3 LUT3=2 LUT4=5 LUT5=2 LUT6=6)
  Clock Path Skew:        0.021ns (DCD - SCD + CPR)
    Destination Clock Delay (DCD):    6.304ns = ( 31.304 - 25.000 ) 
    Source Clock Delay      (SCD):    6.800ns
    Clock Pessimism Removal (CPR):    0.517ns
  Clock Uncertainty:      0.082ns  ((TSJ^2 + DJ^2)^1/2) / 2 + PE
    Total System Jitter     (TSJ):    0.071ns
    Discrete Jitter          (DJ):    0.147ns
    Phase Error              (PE):    0.000ns

    Location             Delay type                Incr(ns)  Path(ns)    Netlist Resource(s)
  -------------------------------------------------------------------    -------------------
                         (clock host_clk_i rise edge)
                                                      0.000     0.000 r  
    H16                                               0.000     0.000 r  clk (IN)
                         net (fo=0)                   0.000     0.000    clk
    H16                  IBUF (Prop_ibuf_I_O)         1.451     1.451 r  ibufg_gclk/O
                         net (fo=1, routed)           1.285     2.736    gclk_i
    MMCME2_ADV_X1Y2      MMCME2_ADV (Prop_mmcme2_adv_CLKIN1_CLKOUT0)
                                                      0.088     2.824 r  MMCME2_BASE_inst/CLKOUT0
                         net (fo=1, routed)           2.206     5.030    host_clk_i
    BUFGCTRL_X0Y16       BUFG (Prop_bufg_I_O)         0.101     5.131 r  bufg_host_clk/O
                         net (fo=7399, routed)        1.669     6.800    top/teaching_board_top/target/rd2serial/host_clk
    SLICE_X44Y47         FDRE                                         r  top/teaching_board_top/target/rd2serial/addr_reg[4]/C
  -------------------------------------------------------------------    -------------------
    SLICE_X44Y47         FDRE (Prop_fdre_C_Q)         0.456     7.256 r  top/teaching_board_top/target/rd2serial/addr_reg[4]/Q
                         net (fo=5, routed)           0.464     7.720    top/teaching_board_top/target/rd2serial/addr_reg[31]_0[1]
    SLICE_X43Y46         CARRY4 (Prop_carry4_S[0]_CO[3])
                                                      0.656     8.376 r  top/teaching_board_top/target/rd2serial/addr_reg[7]_i_2/CO[3]
                         net (fo=1, routed)           0.000     8.376    top/teaching_board_top/target/rd2serial/addr_reg[7]_i_2_n_0
    SLICE_X43Y47         CARRY4 (Prop_carry4_CI_CO[3])
                                                      0.114     8.490 r  top/teaching_board_top/target/rd2serial/addr_reg[11]_i_2/CO[3]
                         net (fo=1, routed)           0.000     8.490    top/teaching_board_top/target/rd2serial/addr_reg[11]_i_2_n_0
    SLICE_X43Y48         CARRY4 (Prop_carry4_CI_CO[3])
                                                      0.114     8.604 r  top/teaching_board_top/target/rd2serial/addr_reg[15]_i_2/CO[3]
                         net (fo=1, routed)           0.000     8.604    top/teaching_board_top/target/rd2serial/addr_reg[15]_i_2_n_0
    SLICE_X43Y49         CARRY4 (Prop_carry4_CI_CO[3])
                                                      0.114     8.718 r  top/teaching_board_top/target/rd2serial/addr_reg[19]_i_2/CO[3]
                         net (fo=1, routed)           0.001     8.719    top/teaching_board_top/target/rd2serial/addr_reg[19]_i_2_n_0
    SLICE_X43Y50         CARRY4 (Prop_carry4_CI_CO[3])
                                                      0.114     8.833 r  top/teaching_board_top/target/rd2serial/addr_reg[23]_i_2/CO[3]
                         net (fo=1, routed)           0.000     8.833    top/teaching_board_top/target/rd2serial/addr_reg[23]_i_2_n_0
    SLICE_X43Y51         CARRY4 (Prop_carry4_CI_O[1])
                                                      0.334     9.167 r  top/teaching_board_top/target/rd2serial/addr_reg[27]_i_2/O[1]
                         net (fo=3, routed)           0.529     9.696    top/teaching_board_top/target/rd2serial/_GEN_86[25]
    SLICE_X40Y52         LUT2 (Prop_lut2_I0_O)        0.303     9.999 r  top/teaching_board_top/target/rd2serial/ram_mask_reg_0_1_0_5_i_182/O
                         net (fo=1, routed)           0.000     9.999    top/teaching_board_top/target/rd2serial/ram_mask_reg_0_1_0_5_i_182_n_0
    SLICE_X40Y52         CARRY4 (Prop_carry4_S[1]_CO[3])
                                                      0.550    10.549 r  top/teaching_board_top/target/rd2serial/ram_mask_reg_0_1_0_5_i_122/CO[3]
                         net (fo=1, routed)           0.000    10.549    top/teaching_board_top/target/rd2serial/ram_mask_reg_0_1_0_5_i_122_n_0
    SLICE_X40Y53         CARRY4 (Prop_carry4_CI_CO[3])
                                                      0.114    10.663 r  top/teaching_board_top/target/rd2serial/ram_mask_reg_0_1_0_5_i_101/CO[3]
                         net (fo=1, routed)           0.000    10.663    top/teaching_board_top/target/rd2serial/ram_mask_reg_0_1_0_5_i_101_n_0
    SLICE_X40Y54         CARRY4 (Prop_carry4_CI_CO[3])
                                                      0.114    10.777 r  top/teaching_board_top/target/rd2serial/ram_mask_reg_0_1_0_5_i_105/CO[3]
                         net (fo=1, routed)           0.000    10.777    top/teaching_board_top/target/rd2serial/ram_mask_reg_0_1_0_5_i_105_n_0
    SLICE_X40Y55         CARRY4 (Prop_carry4_CI_CO[3])
                                                      0.114    10.891 r  top/teaching_board_top/target/rd2serial/req_size_reg[1]_i_64/CO[3]
                         net (fo=1, routed)           0.000    10.891    top/teaching_board_top/target/rd2serial/req_size_reg[1]_i_64_n_0
    SLICE_X40Y56         CARRY4 (Prop_carry4_CI_CO[3])
                                                      0.114    11.005 r  top/teaching_board_top/target/rd2serial/req_size_reg[1]_i_60/CO[3]
                         net (fo=1, routed)           0.000    11.005    top/teaching_board_top/target/rd2serial/req_size_reg[1]_i_60_n_0
    SLICE_X40Y57         CARRY4 (Prop_carry4_CI_CO[3])
                                                      0.114    11.119 r  top/teaching_board_top/target/rd2serial/req_size_reg[1]_i_59/CO[3]
                         net (fo=1, routed)           0.000    11.119    top/teaching_board_top/target/rd2serial/req_size_reg[1]_i_59_n_0
    SLICE_X40Y58         CARRY4 (Prop_carry4_CI_CO[3])
                                                      0.114    11.233 r  top/teaching_board_top/target/rd2serial/req_size_reg[1]_i_37/CO[3]
                         net (fo=1, routed)           0.000    11.233    top/teaching_board_top/target/rd2serial/req_size_reg[1]_i_37_n_0
    SLICE_X40Y59         CARRY4 (Prop_carry4_CI_CO[3])
                                                      0.114    11.347 r  top/teaching_board_top/target/rd2serial/req_size_reg[1]_i_34/CO[3]
                         net (fo=1, routed)           0.000    11.347    top/teaching_board_top/target/rd2serial/req_size_reg[1]_i_34_n_0
    SLICE_X40Y60         CARRY4 (Prop_carry4_CI_CO[3])
                                                      0.114    11.461 r  top/teaching_board_top/target/rd2serial/req_size_reg[1]_i_31/CO[3]
                         net (fo=1, routed)           0.000    11.461    top/teaching_board_top/target/rd2serial/req_size_reg[1]_i_31_n_0
    SLICE_X40Y61         CARRY4 (Prop_carry4_CI_O[2])
                                                      0.239    11.700 r  top/teaching_board_top/target/rd2serial/req_size_reg[1]_i_17/O[2]
                         net (fo=7, routed)           0.862    12.562    top/teaching_board_top/target/rd2serial/_GEN_87[62]
    SLICE_X41Y60         LUT4 (Prop_lut4_I3_O)        0.302    12.864 r  top/teaching_board_top/target/rd2serial/req_size[1]_i_84/O
                         net (fo=1, routed)           0.000    12.864    top/teaching_board_top/target/rd2serial/req_size[1]_i_84_n_0
    SLICE_X41Y60         CARRY4 (Prop_carry4_S[3]_CO[3])
                                                      0.401    13.265 r  top/teaching_board_top/target/rd2serial/req_size_reg[1]_i_45/CO[3]
                         net (fo=1, routed)           0.000    13.265    top/teaching_board_top/target/rd2serial/req_size_reg[1]_i_45_n_0
    SLICE_X41Y61         CARRY4 (Prop_carry4_CI_CO[0])
                                                      0.271    13.536 r  top/teaching_board_top/target/rd2serial/req_size_reg[1]_i_18/CO[0]
                         net (fo=163, routed)         1.036    14.572    top/teaching_board_top/target/rd2serial/_T_174
    SLICE_X37Y60         LUT3 (Prop_lut3_I1_O)        0.367    14.939 r  top/teaching_board_top/target/rd2serial/ram_mask_reg_0_1_0_5_i_155/O
                         net (fo=4, routed)           0.471    15.410    top/teaching_board_top/target/rd2serial/ram_mask_reg_0_1_0_5_i_155_n_0
    SLICE_X36Y60         LUT6 (Prop_lut6_I0_O)        0.326    15.736 r  top/teaching_board_top/target/rd2serial/ram_mask_reg_0_1_0_5_i_156/O
                         net (fo=2, routed)           0.463    16.199    top/teaching_board_top/target/rd2serial/ram_mask_reg_0_1_0_5_i_156_n_0
    SLICE_X36Y60         LUT6 (Prop_lut6_I5_O)        0.124    16.323 r  top/teaching_board_top/target/rd2serial/ram_mask_reg_0_1_0_5_i_106/O
                         net (fo=3, routed)           0.439    16.762    top/teaching_board_top/target/rd2serial/ram_mask_reg_0_1_0_5_i_106_n_0
    SLICE_X36Y61         LUT2 (Prop_lut2_I0_O)        0.124    16.886 r  top/teaching_board_top/target/rd2serial/ram_mask_reg_0_1_0_5_i_84/O
                         net (fo=5, routed)           0.605    17.491    top/teaching_board_top/target/rd2serial/ram_mask_reg_0_1_0_5_i_84_n_0
    SLICE_X38Y61         LUT5 (Prop_lut5_I4_O)        0.150    17.641 r  top/teaching_board_top/target/rd2serial/ram_mask_reg_0_1_0_5_i_93/O
                         net (fo=2, routed)           0.801    18.442    top/teaching_board_top/target/rd2serial/ram_mask_reg_0_1_0_5_i_93_n_0
    SLICE_X39Y62         LUT3 (Prop_lut3_I1_O)        0.376    18.818 r  top/teaching_board_top/target/rd2serial/ram_mask_reg_0_1_0_5_i_61/O
                         net (fo=2, routed)           0.803    19.621    top/teaching_board_top/target/rd2serial/ram_mask_reg_0_1_0_5_i_61_n_0
    SLICE_X41Y63         LUT5 (Prop_lut5_I3_O)        0.354    19.975 r  top/teaching_board_top/target/rd2serial/ram_mask_reg_0_1_0_5_i_63/O
                         net (fo=1, routed)           0.575    20.550    top/teaching_board_top/target/rd2serial/ram_mask_reg_0_1_0_5_i_63_n_0
    SLICE_X42Y61         LUT6 (Prop_lut6_I5_O)        0.332    20.882 r  top/teaching_board_top/target/rd2serial/ram_mask_reg_0_1_0_5_i_40/O
                         net (fo=1, routed)           0.000    20.882    top/teaching_board_top/target/rd2serial/ram_mask_reg_0_1_0_5_i_40_n_0
    SLICE_X42Y61         CARRY4 (Prop_carry4_S[2]_CO[3])
                                                      0.380    21.262 r  top/teaching_board_top/target/rd2serial/ram_mask_reg_0_1_0_5_i_27/CO[3]
                         net (fo=1, routed)           0.000    21.262    top/teaching_board_top/target/rd2serial/ram_mask_reg_0_1_0_5_i_27_n_0
    SLICE_X42Y62         CARRY4 (Prop_carry4_CI_CO[2])
                                                      0.229    21.491 r  top/teaching_board_top/target/rd2serial/ram_mask_reg_0_1_0_5_i_26/CO[2]
                         net (fo=1, routed)           0.411    21.902    top/teaching_board_top/target/rd2serial/_T_317[6]
    SLICE_X45Y61         LUT4 (Prop_lut4_I3_O)        0.310    22.212 r  top/teaching_board_top/target/rd2serial/ram_mask_reg_0_1_0_5_i_28/O
                         net (fo=1, routed)           0.641    22.853    top/teaching_board_top/target/rd2serial/ram_mask_reg_0_1_0_5_i_28_n_0
    SLICE_X45Y60         LUT4 (Prop_lut4_I3_O)        0.124    22.977 r  top/teaching_board_top/target/rd2serial/ram_mask_reg_0_1_0_5_i_20/O
                         net (fo=8, routed)           1.132    24.109    top/teaching_board_top/target/rd2serial/ram_mask_reg_0_1_0_5_i_20_n_0
    SLICE_X44Y40         LUT2 (Prop_lut2_I1_O)        0.124    24.233 f  top/teaching_board_top/target/rd2serial/req_address[2]_i_3/O
                         net (fo=6, routed)           0.587    24.820    top/teaching_board_top/target/rd2serial/addr_reg[2]_0
    SLICE_X41Y40         LUT4 (Prop_lut4_I2_O)        0.118    24.938 r  top/teaching_board_top/target/rd2serial/ram_mask_reg_0_1_0_5_i_29/O
                         net (fo=1, routed)           0.317    25.255    top/teaching_board_top/target/rd2serial/ram_mask_reg_0_1_0_5_i_29_n_0
    SLICE_X42Y39         LUT6 (Prop_lut6_I4_O)        0.326    25.581 r  top/teaching_board_top/target/rd2serial/ram_mask_reg_0_1_0_5_i_21/O
                         net (fo=2, routed)           0.302    25.882    top/teaching_board_top/target/rd2serial/ram_mask_reg_0_1_0_5_i_21_n_0
    SLICE_X43Y39         LUT6 (Prop_lut6_I5_O)        0.124    26.006 r  top/teaching_board_top/target/rd2serial/ram_mask_reg_0_1_0_5_i_8__0/O
                         net (fo=2, routed)           0.161    26.167    top/teaching_board_top/target/sbus/system_bus_xbar/rd2serial_auto_out_a_bits_mask[1]
    SLICE_X43Y39         LUT4 (Prop_lut4_I2_O)        0.124    26.291 r  top/teaching_board_top/target/sbus/system_bus_xbar/req_mask[1]_i_1/O
                         net (fo=2, routed)           0.782    27.073    top/teaching_board_top/target/backend/req_mask_reg[1]_0
    SLICE_X26Y39         LUT6 (Prop_lut6_I0_O)        0.124    27.197 r  top/teaching_board_top/target/backend/ram_mask_reg_0_7_0_5_i_1/O
                         net (fo=4, routed)           0.793    27.990    top/teaching_board_top/target/bh/TLBroadcastTracker/o_data/ram_mask_reg_0_7_0_5/DIA1
    SLICE_X22Y38         RAMD32                                       r  top/teaching_board_top/target/bh/TLBroadcastTracker/o_data/ram_mask_reg_0_7_0_5/RAMA_D1/I
  -------------------------------------------------------------------    -------------------

                         (clock host_clk_i rise edge)
                                                     25.000    25.000 r  
    H16                                               0.000    25.000 r  clk (IN)
                         net (fo=0)                   0.000    25.000    clk
    H16                  IBUF (Prop_ibuf_I_O)         1.380    26.380 r  ibufg_gclk/O
                         net (fo=1, routed)           1.162    27.542    gclk_i
    MMCME2_ADV_X1Y2      MMCME2_ADV (Prop_mmcme2_adv_CLKIN1_CLKOUT0)
                                                      0.083    27.625 r  MMCME2_BASE_inst/CLKOUT0
                         net (fo=1, routed)           2.012    29.637    host_clk_i
    BUFGCTRL_X0Y16       BUFG (Prop_bufg_I_O)         0.091    29.728 r  bufg_host_clk/O
                         net (fo=7399, routed)        1.575    31.304    top/teaching_board_top/target/bh/TLBroadcastTracker/o_data/ram_mask_reg_0_7_0_5/WCLK
    SLICE_X22Y38         RAMD32                                       r  top/teaching_board_top/target/bh/TLBroadcastTracker/o_data/ram_mask_reg_0_7_0_5/RAMA_D1/CLK
                         clock pessimism              0.517    31.821    
                         clock uncertainty           -0.082    31.739    
    SLICE_X22Y38         RAMD32 (Setup_ramd32_CLK_I)
                                                     -0.258    31.481    top/teaching_board_top/target/bh/TLBroadcastTracker/o_data/ram_mask_reg_0_7_0_5/RAMA_D1
  -------------------------------------------------------------------
                         required time                         31.481    
                         arrival time                         -27.990    
  -------------------------------------------------------------------
                         slack                                  3.491    

Slack (MET) :             3.494ns  (required time - arrival time)
  Source:                 top/teaching_board_top/target/rd2serial/addr_reg[4]/C
                            (rising edge-triggered cell FDRE clocked by host_clk_i  {rise@0.000ns fall@12.500ns period=25.000ns})
  Destination:            top/teaching_board_top/target/bh/TLBroadcastTracker_3/o_data/ram_mask_reg_0_7_6_7/RAMA_D1/I
                            (rising edge-triggered cell RAMD32 clocked by host_clk_i  {rise@0.000ns fall@12.500ns period=25.000ns})
  Path Group:             host_clk_i
  Path Type:              Setup (Max at Slow Process Corner)
  Requirement:            25.000ns  (host_clk_i rise@25.000ns - host_clk_i rise@0.000ns)
  Data Path Delay:        21.191ns  (logic 8.696ns (41.037%)  route 12.495ns (58.963%))
  Logic Levels:           37  (CARRY4=20 LUT2=3 LUT3=2 LUT4=4 LUT5=2 LUT6=6)
  Clock Path Skew:        0.024ns (DCD - SCD + CPR)
    Destination Clock Delay (DCD):    6.307ns = ( 31.307 - 25.000 ) 
    Source Clock Delay      (SCD):    6.800ns
    Clock Pessimism Removal (CPR):    0.517ns
  Clock Uncertainty:      0.082ns  ((TSJ^2 + DJ^2)^1/2) / 2 + PE
    Total System Jitter     (TSJ):    0.071ns
    Discrete Jitter          (DJ):    0.147ns
    Phase Error              (PE):    0.000ns

    Location             Delay type                Incr(ns)  Path(ns)    Netlist Resource(s)
  -------------------------------------------------------------------    -------------------
                         (clock host_clk_i rise edge)
                                                      0.000     0.000 r  
    H16                                               0.000     0.000 r  clk (IN)
                         net (fo=0)                   0.000     0.000    clk
    H16                  IBUF (Prop_ibuf_I_O)         1.451     1.451 r  ibufg_gclk/O
                         net (fo=1, routed)           1.285     2.736    gclk_i
    MMCME2_ADV_X1Y2      MMCME2_ADV (Prop_mmcme2_adv_CLKIN1_CLKOUT0)
                                                      0.088     2.824 r  MMCME2_BASE_inst/CLKOUT0
                         net (fo=1, routed)           2.206     5.030    host_clk_i
    BUFGCTRL_X0Y16       BUFG (Prop_bufg_I_O)         0.101     5.131 r  bufg_host_clk/O
                         net (fo=7399, routed)        1.669     6.800    top/teaching_board_top/target/rd2serial/host_clk
    SLICE_X44Y47         FDRE                                         r  top/teaching_board_top/target/rd2serial/addr_reg[4]/C
  -------------------------------------------------------------------    -------------------
    SLICE_X44Y47         FDRE (Prop_fdre_C_Q)         0.456     7.256 r  top/teaching_board_top/target/rd2serial/addr_reg[4]/Q
                         net (fo=5, routed)           0.464     7.720    top/teaching_board_top/target/rd2serial/addr_reg[31]_0[1]
    SLICE_X43Y46         CARRY4 (Prop_carry4_S[0]_CO[3])
                                                      0.656     8.376 r  top/teaching_board_top/target/rd2serial/addr_reg[7]_i_2/CO[3]
                         net (fo=1, routed)           0.000     8.376    top/teaching_board_top/target/rd2serial/addr_reg[7]_i_2_n_0
    SLICE_X43Y47         CARRY4 (Prop_carry4_CI_CO[3])
                                                      0.114     8.490 r  top/teaching_board_top/target/rd2serial/addr_reg[11]_i_2/CO[3]
                         net (fo=1, routed)           0.000     8.490    top/teaching_board_top/target/rd2serial/addr_reg[11]_i_2_n_0
    SLICE_X43Y48         CARRY4 (Prop_carry4_CI_CO[3])
                                                      0.114     8.604 r  top/teaching_board_top/target/rd2serial/addr_reg[15]_i_2/CO[3]
                         net (fo=1, routed)           0.000     8.604    top/teaching_board_top/target/rd2serial/addr_reg[15]_i_2_n_0
    SLICE_X43Y49         CARRY4 (Prop_carry4_CI_CO[3])
                                                      0.114     8.718 r  top/teaching_board_top/target/rd2serial/addr_reg[19]_i_2/CO[3]
                         net (fo=1, routed)           0.001     8.719    top/teaching_board_top/target/rd2serial/addr_reg[19]_i_2_n_0
    SLICE_X43Y50         CARRY4 (Prop_carry4_CI_CO[3])
                                                      0.114     8.833 r  top/teaching_board_top/target/rd2serial/addr_reg[23]_i_2/CO[3]
                         net (fo=1, routed)           0.000     8.833    top/teaching_board_top/target/rd2serial/addr_reg[23]_i_2_n_0
    SLICE_X43Y51         CARRY4 (Prop_carry4_CI_O[1])
                                                      0.334     9.167 r  top/teaching_board_top/target/rd2serial/addr_reg[27]_i_2/O[1]
                         net (fo=3, routed)           0.529     9.696    top/teaching_board_top/target/rd2serial/_GEN_86[25]
    SLICE_X40Y52         LUT2 (Prop_lut2_I0_O)        0.303     9.999 r  top/teaching_board_top/target/rd2serial/ram_mask_reg_0_1_0_5_i_182/O
                         net (fo=1, routed)           0.000     9.999    top/teaching_board_top/target/rd2serial/ram_mask_reg_0_1_0_5_i_182_n_0
    SLICE_X40Y52         CARRY4 (Prop_carry4_S[1]_CO[3])
                                                      0.550    10.549 r  top/teaching_board_top/target/rd2serial/ram_mask_reg_0_1_0_5_i_122/CO[3]
                         net (fo=1, routed)           0.000    10.549    top/teaching_board_top/target/rd2serial/ram_mask_reg_0_1_0_5_i_122_n_0
    SLICE_X40Y53         CARRY4 (Prop_carry4_CI_CO[3])
                                                      0.114    10.663 r  top/teaching_board_top/target/rd2serial/ram_mask_reg_0_1_0_5_i_101/CO[3]
                         net (fo=1, routed)           0.000    10.663    top/teaching_board_top/target/rd2serial/ram_mask_reg_0_1_0_5_i_101_n_0
    SLICE_X40Y54         CARRY4 (Prop_carry4_CI_CO[3])
                                                      0.114    10.777 r  top/teaching_board_top/target/rd2serial/ram_mask_reg_0_1_0_5_i_105/CO[3]
                         net (fo=1, routed)           0.000    10.777    top/teaching_board_top/target/rd2serial/ram_mask_reg_0_1_0_5_i_105_n_0
    SLICE_X40Y55         CARRY4 (Prop_carry4_CI_CO[3])
                                                      0.114    10.891 r  top/teaching_board_top/target/rd2serial/req_size_reg[1]_i_64/CO[3]
                         net (fo=1, routed)           0.000    10.891    top/teaching_board_top/target/rd2serial/req_size_reg[1]_i_64_n_0
    SLICE_X40Y56         CARRY4 (Prop_carry4_CI_CO[3])
                                                      0.114    11.005 r  top/teaching_board_top/target/rd2serial/req_size_reg[1]_i_60/CO[3]
                         net (fo=1, routed)           0.000    11.005    top/teaching_board_top/target/rd2serial/req_size_reg[1]_i_60_n_0
    SLICE_X40Y57         CARRY4 (Prop_carry4_CI_CO[3])
                                                      0.114    11.119 r  top/teaching_board_top/target/rd2serial/req_size_reg[1]_i_59/CO[3]
                         net (fo=1, routed)           0.000    11.119    top/teaching_board_top/target/rd2serial/req_size_reg[1]_i_59_n_0
    SLICE_X40Y58         CARRY4 (Prop_carry4_CI_CO[3])
                                                      0.114    11.233 r  top/teaching_board_top/target/rd2serial/req_size_reg[1]_i_37/CO[3]
                         net (fo=1, routed)           0.000    11.233    top/teaching_board_top/target/rd2serial/req_size_reg[1]_i_37_n_0
    SLICE_X40Y59         CARRY4 (Prop_carry4_CI_CO[3])
                                                      0.114    11.347 r  top/teaching_board_top/target/rd2serial/req_size_reg[1]_i_34/CO[3]
                         net (fo=1, routed)           0.000    11.347    top/teaching_board_top/target/rd2serial/req_size_reg[1]_i_34_n_0
    SLICE_X40Y60         CARRY4 (Prop_carry4_CI_CO[3])
                                                      0.114    11.461 r  top/teaching_board_top/target/rd2serial/req_size_reg[1]_i_31/CO[3]
                         net (fo=1, routed)           0.000    11.461    top/teaching_board_top/target/rd2serial/req_size_reg[1]_i_31_n_0
    SLICE_X40Y61         CARRY4 (Prop_carry4_CI_O[2])
                                                      0.239    11.700 r  top/teaching_board_top/target/rd2serial/req_size_reg[1]_i_17/O[2]
                         net (fo=7, routed)           0.862    12.562    top/teaching_board_top/target/rd2serial/_GEN_87[62]
    SLICE_X41Y60         LUT4 (Prop_lut4_I3_O)        0.302    12.864 r  top/teaching_board_top/target/rd2serial/req_size[1]_i_84/O
                         net (fo=1, routed)           0.000    12.864    top/teaching_board_top/target/rd2serial/req_size[1]_i_84_n_0
    SLICE_X41Y60         CARRY4 (Prop_carry4_S[3]_CO[3])
                                                      0.401    13.265 r  top/teaching_board_top/target/rd2serial/req_size_reg[1]_i_45/CO[3]
                         net (fo=1, routed)           0.000    13.265    top/teaching_board_top/target/rd2serial/req_size_reg[1]_i_45_n_0
    SLICE_X41Y61         CARRY4 (Prop_carry4_CI_CO[0])
                                                      0.271    13.536 r  top/teaching_board_top/target/rd2serial/req_size_reg[1]_i_18/CO[0]
                         net (fo=163, routed)         1.036    14.572    top/teaching_board_top/target/rd2serial/_T_174
    SLICE_X37Y60         LUT3 (Prop_lut3_I1_O)        0.367    14.939 r  top/teaching_board_top/target/rd2serial/ram_mask_reg_0_1_0_5_i_155/O
                         net (fo=4, routed)           0.471    15.410    top/teaching_board_top/target/rd2serial/ram_mask_reg_0_1_0_5_i_155_n_0
    SLICE_X36Y60         LUT6 (Prop_lut6_I0_O)        0.326    15.736 r  top/teaching_board_top/target/rd2serial/ram_mask_reg_0_1_0_5_i_156/O
                         net (fo=2, routed)           0.463    16.199    top/teaching_board_top/target/rd2serial/ram_mask_reg_0_1_0_5_i_156_n_0
    SLICE_X36Y60         LUT6 (Prop_lut6_I5_O)        0.124    16.323 r  top/teaching_board_top/target/rd2serial/ram_mask_reg_0_1_0_5_i_106/O
                         net (fo=3, routed)           0.439    16.762    top/teaching_board_top/target/rd2serial/ram_mask_reg_0_1_0_5_i_106_n_0
    SLICE_X36Y61         LUT2 (Prop_lut2_I0_O)        0.124    16.886 r  top/teaching_board_top/target/rd2serial/ram_mask_reg_0_1_0_5_i_84/O
                         net (fo=5, routed)           0.605    17.491    top/teaching_board_top/target/rd2serial/ram_mask_reg_0_1_0_5_i_84_n_0
    SLICE_X38Y61         LUT5 (Prop_lut5_I4_O)        0.150    17.641 r  top/teaching_board_top/target/rd2serial/ram_mask_reg_0_1_0_5_i_93/O
                         net (fo=2, routed)           0.801    18.442    top/teaching_board_top/target/rd2serial/ram_mask_reg_0_1_0_5_i_93_n_0
    SLICE_X39Y62         LUT3 (Prop_lut3_I1_O)        0.376    18.818 r  top/teaching_board_top/target/rd2serial/ram_mask_reg_0_1_0_5_i_61/O
                         net (fo=2, routed)           0.803    19.621    top/teaching_board_top/target/rd2serial/ram_mask_reg_0_1_0_5_i_61_n_0
    SLICE_X41Y63         LUT5 (Prop_lut5_I3_O)        0.354    19.975 r  top/teaching_board_top/target/rd2serial/ram_mask_reg_0_1_0_5_i_63/O
                         net (fo=1, routed)           0.575    20.550    top/teaching_board_top/target/rd2serial/ram_mask_reg_0_1_0_5_i_63_n_0
    SLICE_X42Y61         LUT6 (Prop_lut6_I5_O)        0.332    20.882 r  top/teaching_board_top/target/rd2serial/ram_mask_reg_0_1_0_5_i_40/O
                         net (fo=1, routed)           0.000    20.882    top/teaching_board_top/target/rd2serial/ram_mask_reg_0_1_0_5_i_40_n_0
    SLICE_X42Y61         CARRY4 (Prop_carry4_S[2]_CO[3])
                                                      0.380    21.262 r  top/teaching_board_top/target/rd2serial/ram_mask_reg_0_1_0_5_i_27/CO[3]
                         net (fo=1, routed)           0.000    21.262    top/teaching_board_top/target/rd2serial/ram_mask_reg_0_1_0_5_i_27_n_0
    SLICE_X42Y62         CARRY4 (Prop_carry4_CI_CO[2])
                                                      0.229    21.491 f  top/teaching_board_top/target/rd2serial/ram_mask_reg_0_1_0_5_i_26/CO[2]
                         net (fo=1, routed)           0.411    21.902    top/teaching_board_top/target/rd2serial/_T_317[6]
    SLICE_X45Y61         LUT4 (Prop_lut4_I3_O)        0.310    22.212 f  top/teaching_board_top/target/rd2serial/ram_mask_reg_0_1_0_5_i_28/O
                         net (fo=1, routed)           0.641    22.853    top/teaching_board_top/target/rd2serial/ram_mask_reg_0_1_0_5_i_28_n_0
    SLICE_X45Y60         LUT4 (Prop_lut4_I3_O)        0.124    22.977 f  top/teaching_board_top/target/rd2serial/ram_mask_reg_0_1_0_5_i_20/O
                         net (fo=8, routed)           1.129    24.106    top/teaching_board_top/target/rd2serial/ram_mask_reg_0_1_0_5_i_20_n_0
    SLICE_X44Y40         LUT2 (Prop_lut2_I1_O)        0.124    24.230 r  top/teaching_board_top/target/rd2serial/req_address[1]_i_3/O
                         net (fo=6, routed)           0.501    24.731    top/teaching_board_top/target/rd2serial/addr_reg[1]_0
    SLICE_X45Y40         LUT6 (Prop_lut6_I3_O)        0.124    24.855 r  top/teaching_board_top/target/rd2serial/ram_mask_reg_0_1_6_7_i_8__0/O
                         net (fo=2, routed)           0.453    25.308    top/teaching_board_top/target/bridgeV2/rd2serial_auto_out_a_bits_mask[0]
    SLICE_X44Y37         LUT6 (Prop_lut6_I4_O)        0.124    25.432 r  top/teaching_board_top/target/bridgeV2/req_mask[7]_i_1/O
                         net (fo=2, routed)           0.936    26.368    top/teaching_board_top/target/backend/req_mask_reg[7]_0
    SLICE_X27Y38         LUT6 (Prop_lut6_I5_O)        0.124    26.492 r  top/teaching_board_top/target/backend/ram_mask_reg_0_7_6_7_i_7/O
                         net (fo=1, routed)           0.433    26.926    top/teaching_board_top/target/backend/ram_mask_reg_0_7_6_7_i_7_n_0
    SLICE_X27Y38         LUT4 (Prop_lut4_I0_O)        0.124    27.050 r  top/teaching_board_top/target/backend/ram_mask_reg_0_7_6_7_i_1/O
                         net (fo=4, routed)           0.941    27.990    top/teaching_board_top/target/bh/TLBroadcastTracker_3/o_data/ram_mask_reg_0_7_6_7/DIA1
    SLICE_X22Y46         RAMD32                                       r  top/teaching_board_top/target/bh/TLBroadcastTracker_3/o_data/ram_mask_reg_0_7_6_7/RAMA_D1/I
  -------------------------------------------------------------------    -------------------

                         (clock host_clk_i rise edge)
                                                     25.000    25.000 r  
    H16                                               0.000    25.000 r  clk (IN)
                         net (fo=0)                   0.000    25.000    clk
    H16                  IBUF (Prop_ibuf_I_O)         1.380    26.380 r  ibufg_gclk/O
                         net (fo=1, routed)           1.162    27.542    gclk_i
    MMCME2_ADV_X1Y2      MMCME2_ADV (Prop_mmcme2_adv_CLKIN1_CLKOUT0)
                                                      0.083    27.625 r  MMCME2_BASE_inst/CLKOUT0
                         net (fo=1, routed)           2.012    29.637    host_clk_i
    BUFGCTRL_X0Y16       BUFG (Prop_bufg_I_O)         0.091    29.728 r  bufg_host_clk/O
                         net (fo=7399, routed)        1.578    31.307    top/teaching_board_top/target/bh/TLBroadcastTracker_3/o_data/ram_mask_reg_0_7_6_7/WCLK
    SLICE_X22Y46         RAMD32                                       r  top/teaching_board_top/target/bh/TLBroadcastTracker_3/o_data/ram_mask_reg_0_7_6_7/RAMA_D1/CLK
                         clock pessimism              0.517    31.824    
                         clock uncertainty           -0.082    31.742    
    SLICE_X22Y46         RAMD32 (Setup_ramd32_CLK_I)
                                                     -0.258    31.484    top/teaching_board_top/target/bh/TLBroadcastTracker_3/o_data/ram_mask_reg_0_7_6_7/RAMA_D1
  -------------------------------------------------------------------
                         required time                         31.484    
                         arrival time                         -27.990    
  -------------------------------------------------------------------
                         slack                                  3.494    

Slack (MET) :             3.495ns  (required time - arrival time)
  Source:                 top/teaching_board_top/target/rd2serial/addr_reg[4]/C
                            (rising edge-triggered cell FDRE clocked by host_clk_i  {rise@0.000ns fall@12.500ns period=25.000ns})
  Destination:            top/teaching_board_top/target/bh/TLBroadcastTracker/o_data/ram_mask_reg_0_7_6_7/RAMA_D1/I
                            (rising edge-triggered cell RAMD32 clocked by host_clk_i  {rise@0.000ns fall@12.500ns period=25.000ns})
  Path Group:             host_clk_i
  Path Type:              Setup (Max at Slow Process Corner)
  Requirement:            25.000ns  (host_clk_i rise@25.000ns - host_clk_i rise@0.000ns)
  Data Path Delay:        21.190ns  (logic 8.696ns (41.039%)  route 12.494ns (58.961%))
  Logic Levels:           37  (CARRY4=20 LUT2=3 LUT3=2 LUT4=4 LUT5=2 LUT6=6)
  Clock Path Skew:        0.024ns (DCD - SCD + CPR)
    Destination Clock Delay (DCD):    6.307ns = ( 31.307 - 25.000 ) 
    Source Clock Delay      (SCD):    6.800ns
    Clock Pessimism Removal (CPR):    0.517ns
  Clock Uncertainty:      0.082ns  ((TSJ^2 + DJ^2)^1/2) / 2 + PE
    Total System Jitter     (TSJ):    0.071ns
    Discrete Jitter          (DJ):    0.147ns
    Phase Error              (PE):    0.000ns

    Location             Delay type                Incr(ns)  Path(ns)    Netlist Resource(s)
  -------------------------------------------------------------------    -------------------
                         (clock host_clk_i rise edge)
                                                      0.000     0.000 r  
    H16                                               0.000     0.000 r  clk (IN)
                         net (fo=0)                   0.000     0.000    clk
    H16                  IBUF (Prop_ibuf_I_O)         1.451     1.451 r  ibufg_gclk/O
                         net (fo=1, routed)           1.285     2.736    gclk_i
    MMCME2_ADV_X1Y2      MMCME2_ADV (Prop_mmcme2_adv_CLKIN1_CLKOUT0)
                                                      0.088     2.824 r  MMCME2_BASE_inst/CLKOUT0
                         net (fo=1, routed)           2.206     5.030    host_clk_i
    BUFGCTRL_X0Y16       BUFG (Prop_bufg_I_O)         0.101     5.131 r  bufg_host_clk/O
                         net (fo=7399, routed)        1.669     6.800    top/teaching_board_top/target/rd2serial/host_clk
    SLICE_X44Y47         FDRE                                         r  top/teaching_board_top/target/rd2serial/addr_reg[4]/C
  -------------------------------------------------------------------    -------------------
    SLICE_X44Y47         FDRE (Prop_fdre_C_Q)         0.456     7.256 r  top/teaching_board_top/target/rd2serial/addr_reg[4]/Q
                         net (fo=5, routed)           0.464     7.720    top/teaching_board_top/target/rd2serial/addr_reg[31]_0[1]
    SLICE_X43Y46         CARRY4 (Prop_carry4_S[0]_CO[3])
                                                      0.656     8.376 r  top/teaching_board_top/target/rd2serial/addr_reg[7]_i_2/CO[3]
                         net (fo=1, routed)           0.000     8.376    top/teaching_board_top/target/rd2serial/addr_reg[7]_i_2_n_0
    SLICE_X43Y47         CARRY4 (Prop_carry4_CI_CO[3])
                                                      0.114     8.490 r  top/teaching_board_top/target/rd2serial/addr_reg[11]_i_2/CO[3]
                         net (fo=1, routed)           0.000     8.490    top/teaching_board_top/target/rd2serial/addr_reg[11]_i_2_n_0
    SLICE_X43Y48         CARRY4 (Prop_carry4_CI_CO[3])
                                                      0.114     8.604 r  top/teaching_board_top/target/rd2serial/addr_reg[15]_i_2/CO[3]
                         net (fo=1, routed)           0.000     8.604    top/teaching_board_top/target/rd2serial/addr_reg[15]_i_2_n_0
    SLICE_X43Y49         CARRY4 (Prop_carry4_CI_CO[3])
                                                      0.114     8.718 r  top/teaching_board_top/target/rd2serial/addr_reg[19]_i_2/CO[3]
                         net (fo=1, routed)           0.001     8.719    top/teaching_board_top/target/rd2serial/addr_reg[19]_i_2_n_0
    SLICE_X43Y50         CARRY4 (Prop_carry4_CI_CO[3])
                                                      0.114     8.833 r  top/teaching_board_top/target/rd2serial/addr_reg[23]_i_2/CO[3]
                         net (fo=1, routed)           0.000     8.833    top/teaching_board_top/target/rd2serial/addr_reg[23]_i_2_n_0
    SLICE_X43Y51         CARRY4 (Prop_carry4_CI_O[1])
                                                      0.334     9.167 r  top/teaching_board_top/target/rd2serial/addr_reg[27]_i_2/O[1]
                         net (fo=3, routed)           0.529     9.696    top/teaching_board_top/target/rd2serial/_GEN_86[25]
    SLICE_X40Y52         LUT2 (Prop_lut2_I0_O)        0.303     9.999 r  top/teaching_board_top/target/rd2serial/ram_mask_reg_0_1_0_5_i_182/O
                         net (fo=1, routed)           0.000     9.999    top/teaching_board_top/target/rd2serial/ram_mask_reg_0_1_0_5_i_182_n_0
    SLICE_X40Y52         CARRY4 (Prop_carry4_S[1]_CO[3])
                                                      0.550    10.549 r  top/teaching_board_top/target/rd2serial/ram_mask_reg_0_1_0_5_i_122/CO[3]
                         net (fo=1, routed)           0.000    10.549    top/teaching_board_top/target/rd2serial/ram_mask_reg_0_1_0_5_i_122_n_0
    SLICE_X40Y53         CARRY4 (Prop_carry4_CI_CO[3])
                                                      0.114    10.663 r  top/teaching_board_top/target/rd2serial/ram_mask_reg_0_1_0_5_i_101/CO[3]
                         net (fo=1, routed)           0.000    10.663    top/teaching_board_top/target/rd2serial/ram_mask_reg_0_1_0_5_i_101_n_0
    SLICE_X40Y54         CARRY4 (Prop_carry4_CI_CO[3])
                                                      0.114    10.777 r  top/teaching_board_top/target/rd2serial/ram_mask_reg_0_1_0_5_i_105/CO[3]
                         net (fo=1, routed)           0.000    10.777    top/teaching_board_top/target/rd2serial/ram_mask_reg_0_1_0_5_i_105_n_0
    SLICE_X40Y55         CARRY4 (Prop_carry4_CI_CO[3])
                                                      0.114    10.891 r  top/teaching_board_top/target/rd2serial/req_size_reg[1]_i_64/CO[3]
                         net (fo=1, routed)           0.000    10.891    top/teaching_board_top/target/rd2serial/req_size_reg[1]_i_64_n_0
    SLICE_X40Y56         CARRY4 (Prop_carry4_CI_CO[3])
                                                      0.114    11.005 r  top/teaching_board_top/target/rd2serial/req_size_reg[1]_i_60/CO[3]
                         net (fo=1, routed)           0.000    11.005    top/teaching_board_top/target/rd2serial/req_size_reg[1]_i_60_n_0
    SLICE_X40Y57         CARRY4 (Prop_carry4_CI_CO[3])
                                                      0.114    11.119 r  top/teaching_board_top/target/rd2serial/req_size_reg[1]_i_59/CO[3]
                         net (fo=1, routed)           0.000    11.119    top/teaching_board_top/target/rd2serial/req_size_reg[1]_i_59_n_0
    SLICE_X40Y58         CARRY4 (Prop_carry4_CI_CO[3])
                                                      0.114    11.233 r  top/teaching_board_top/target/rd2serial/req_size_reg[1]_i_37/CO[3]
                         net (fo=1, routed)           0.000    11.233    top/teaching_board_top/target/rd2serial/req_size_reg[1]_i_37_n_0
    SLICE_X40Y59         CARRY4 (Prop_carry4_CI_CO[3])
                                                      0.114    11.347 r  top/teaching_board_top/target/rd2serial/req_size_reg[1]_i_34/CO[3]
                         net (fo=1, routed)           0.000    11.347    top/teaching_board_top/target/rd2serial/req_size_reg[1]_i_34_n_0
    SLICE_X40Y60         CARRY4 (Prop_carry4_CI_CO[3])
                                                      0.114    11.461 r  top/teaching_board_top/target/rd2serial/req_size_reg[1]_i_31/CO[3]
                         net (fo=1, routed)           0.000    11.461    top/teaching_board_top/target/rd2serial/req_size_reg[1]_i_31_n_0
    SLICE_X40Y61         CARRY4 (Prop_carry4_CI_O[2])
                                                      0.239    11.700 r  top/teaching_board_top/target/rd2serial/req_size_reg[1]_i_17/O[2]
                         net (fo=7, routed)           0.862    12.562    top/teaching_board_top/target/rd2serial/_GEN_87[62]
    SLICE_X41Y60         LUT4 (Prop_lut4_I3_O)        0.302    12.864 r  top/teaching_board_top/target/rd2serial/req_size[1]_i_84/O
                         net (fo=1, routed)           0.000    12.864    top/teaching_board_top/target/rd2serial/req_size[1]_i_84_n_0
    SLICE_X41Y60         CARRY4 (Prop_carry4_S[3]_CO[3])
                                                      0.401    13.265 r  top/teaching_board_top/target/rd2serial/req_size_reg[1]_i_45/CO[3]
                         net (fo=1, routed)           0.000    13.265    top/teaching_board_top/target/rd2serial/req_size_reg[1]_i_45_n_0
    SLICE_X41Y61         CARRY4 (Prop_carry4_CI_CO[0])
                                                      0.271    13.536 r  top/teaching_board_top/target/rd2serial/req_size_reg[1]_i_18/CO[0]
                         net (fo=163, routed)         1.036    14.572    top/teaching_board_top/target/rd2serial/_T_174
    SLICE_X37Y60         LUT3 (Prop_lut3_I1_O)        0.367    14.939 r  top/teaching_board_top/target/rd2serial/ram_mask_reg_0_1_0_5_i_155/O
                         net (fo=4, routed)           0.471    15.410    top/teaching_board_top/target/rd2serial/ram_mask_reg_0_1_0_5_i_155_n_0
    SLICE_X36Y60         LUT6 (Prop_lut6_I0_O)        0.326    15.736 r  top/teaching_board_top/target/rd2serial/ram_mask_reg_0_1_0_5_i_156/O
                         net (fo=2, routed)           0.463    16.199    top/teaching_board_top/target/rd2serial/ram_mask_reg_0_1_0_5_i_156_n_0
    SLICE_X36Y60         LUT6 (Prop_lut6_I5_O)        0.124    16.323 r  top/teaching_board_top/target/rd2serial/ram_mask_reg_0_1_0_5_i_106/O
                         net (fo=3, routed)           0.439    16.762    top/teaching_board_top/target/rd2serial/ram_mask_reg_0_1_0_5_i_106_n_0
    SLICE_X36Y61         LUT2 (Prop_lut2_I0_O)        0.124    16.886 r  top/teaching_board_top/target/rd2serial/ram_mask_reg_0_1_0_5_i_84/O
                         net (fo=5, routed)           0.605    17.491    top/teaching_board_top/target/rd2serial/ram_mask_reg_0_1_0_5_i_84_n_0
    SLICE_X38Y61         LUT5 (Prop_lut5_I4_O)        0.150    17.641 r  top/teaching_board_top/target/rd2serial/ram_mask_reg_0_1_0_5_i_93/O
                         net (fo=2, routed)           0.801    18.442    top/teaching_board_top/target/rd2serial/ram_mask_reg_0_1_0_5_i_93_n_0
    SLICE_X39Y62         LUT3 (Prop_lut3_I1_O)        0.376    18.818 r  top/teaching_board_top/target/rd2serial/ram_mask_reg_0_1_0_5_i_61/O
                         net (fo=2, routed)           0.803    19.621    top/teaching_board_top/target/rd2serial/ram_mask_reg_0_1_0_5_i_61_n_0
    SLICE_X41Y63         LUT5 (Prop_lut5_I3_O)        0.354    19.975 r  top/teaching_board_top/target/rd2serial/ram_mask_reg_0_1_0_5_i_63/O
                         net (fo=1, routed)           0.575    20.550    top/teaching_board_top/target/rd2serial/ram_mask_reg_0_1_0_5_i_63_n_0
    SLICE_X42Y61         LUT6 (Prop_lut6_I5_O)        0.332    20.882 r  top/teaching_board_top/target/rd2serial/ram_mask_reg_0_1_0_5_i_40/O
                         net (fo=1, routed)           0.000    20.882    top/teaching_board_top/target/rd2serial/ram_mask_reg_0_1_0_5_i_40_n_0
    SLICE_X42Y61         CARRY4 (Prop_carry4_S[2]_CO[3])
                                                      0.380    21.262 r  top/teaching_board_top/target/rd2serial/ram_mask_reg_0_1_0_5_i_27/CO[3]
                         net (fo=1, routed)           0.000    21.262    top/teaching_board_top/target/rd2serial/ram_mask_reg_0_1_0_5_i_27_n_0
    SLICE_X42Y62         CARRY4 (Prop_carry4_CI_CO[2])
                                                      0.229    21.491 f  top/teaching_board_top/target/rd2serial/ram_mask_reg_0_1_0_5_i_26/CO[2]
                         net (fo=1, routed)           0.411    21.902    top/teaching_board_top/target/rd2serial/_T_317[6]
    SLICE_X45Y61         LUT4 (Prop_lut4_I3_O)        0.310    22.212 f  top/teaching_board_top/target/rd2serial/ram_mask_reg_0_1_0_5_i_28/O
                         net (fo=1, routed)           0.641    22.853    top/teaching_board_top/target/rd2serial/ram_mask_reg_0_1_0_5_i_28_n_0
    SLICE_X45Y60         LUT4 (Prop_lut4_I3_O)        0.124    22.977 f  top/teaching_board_top/target/rd2serial/ram_mask_reg_0_1_0_5_i_20/O
                         net (fo=8, routed)           1.129    24.106    top/teaching_board_top/target/rd2serial/ram_mask_reg_0_1_0_5_i_20_n_0
    SLICE_X44Y40         LUT2 (Prop_lut2_I1_O)        0.124    24.230 r  top/teaching_board_top/target/rd2serial/req_address[1]_i_3/O
                         net (fo=6, routed)           0.501    24.731    top/teaching_board_top/target/rd2serial/addr_reg[1]_0
    SLICE_X45Y40         LUT6 (Prop_lut6_I3_O)        0.124    24.855 r  top/teaching_board_top/target/rd2serial/ram_mask_reg_0_1_6_7_i_8__0/O
                         net (fo=2, routed)           0.453    25.308    top/teaching_board_top/target/bridgeV2/rd2serial_auto_out_a_bits_mask[0]
    SLICE_X44Y37         LUT6 (Prop_lut6_I4_O)        0.124    25.432 r  top/teaching_board_top/target/bridgeV2/req_mask[7]_i_1/O
                         net (fo=2, routed)           0.936    26.368    top/teaching_board_top/target/backend/req_mask_reg[7]_0
    SLICE_X27Y38         LUT6 (Prop_lut6_I5_O)        0.124    26.492 r  top/teaching_board_top/target/backend/ram_mask_reg_0_7_6_7_i_7/O
                         net (fo=1, routed)           0.433    26.926    top/teaching_board_top/target/backend/ram_mask_reg_0_7_6_7_i_7_n_0
    SLICE_X27Y38         LUT4 (Prop_lut4_I0_O)        0.124    27.050 r  top/teaching_board_top/target/backend/ram_mask_reg_0_7_6_7_i_1/O
                         net (fo=4, routed)           0.940    27.989    top/teaching_board_top/target/bh/TLBroadcastTracker/o_data/ram_mask_reg_0_7_6_7/DIA1
    SLICE_X22Y44         RAMD32                                       r  top/teaching_board_top/target/bh/TLBroadcastTracker/o_data/ram_mask_reg_0_7_6_7/RAMA_D1/I
  -------------------------------------------------------------------    -------------------

                         (clock host_clk_i rise edge)
                                                     25.000    25.000 r  
    H16                                               0.000    25.000 r  clk (IN)
                         net (fo=0)                   0.000    25.000    clk
    H16                  IBUF (Prop_ibuf_I_O)         1.380    26.380 r  ibufg_gclk/O
                         net (fo=1, routed)           1.162    27.542    gclk_i
    MMCME2_ADV_X1Y2      MMCME2_ADV (Prop_mmcme2_adv_CLKIN1_CLKOUT0)
                                                      0.083    27.625 r  MMCME2_BASE_inst/CLKOUT0
                         net (fo=1, routed)           2.012    29.637    host_clk_i
    BUFGCTRL_X0Y16       BUFG (Prop_bufg_I_O)         0.091    29.728 r  bufg_host_clk/O
                         net (fo=7399, routed)        1.578    31.307    top/teaching_board_top/target/bh/TLBroadcastTracker/o_data/ram_mask_reg_0_7_6_7/WCLK
    SLICE_X22Y44         RAMD32                                       r  top/teaching_board_top/target/bh/TLBroadcastTracker/o_data/ram_mask_reg_0_7_6_7/RAMA_D1/CLK
                         clock pessimism              0.517    31.824    
                         clock uncertainty           -0.082    31.742    
    SLICE_X22Y44         RAMD32 (Setup_ramd32_CLK_I)
                                                     -0.258    31.484    top/teaching_board_top/target/bh/TLBroadcastTracker/o_data/ram_mask_reg_0_7_6_7/RAMA_D1
  -------------------------------------------------------------------
                         required time                         31.484    
                         arrival time                         -27.989    
  -------------------------------------------------------------------
                         slack                                  3.495    

Slack (MET) :             3.544ns  (required time - arrival time)
  Source:                 top/teaching_board_top/target/rd2serial/addr_reg[4]/C
                            (rising edge-triggered cell FDRE clocked by host_clk_i  {rise@0.000ns fall@12.500ns period=25.000ns})
  Destination:            top/teaching_board_top/target/bh/TLBroadcastTracker_2/o_data/ram_mask_reg_0_7_0_5/RAMA_D1/I
                            (rising edge-triggered cell RAMD32 clocked by host_clk_i  {rise@0.000ns fall@12.500ns period=25.000ns})
  Path Group:             host_clk_i
  Path Type:              Setup (Max at Slow Process Corner)
  Requirement:            25.000ns  (host_clk_i rise@25.000ns - host_clk_i rise@0.000ns)
  Data Path Delay:        21.136ns  (logic 9.016ns (42.657%)  route 12.120ns (57.343%))
  Logic Levels:           38  (CARRY4=20 LUT2=3 LUT3=2 LUT4=5 LUT5=2 LUT6=6)
  Clock Path Skew:        0.020ns (DCD - SCD + CPR)
    Destination Clock Delay (DCD):    6.303ns = ( 31.303 - 25.000 ) 
    Source Clock Delay      (SCD):    6.800ns
    Clock Pessimism Removal (CPR):    0.517ns
  Clock Uncertainty:      0.082ns  ((TSJ^2 + DJ^2)^1/2) / 2 + PE
    Total System Jitter     (TSJ):    0.071ns
    Discrete Jitter          (DJ):    0.147ns
    Phase Error              (PE):    0.000ns

    Location             Delay type                Incr(ns)  Path(ns)    Netlist Resource(s)
  -------------------------------------------------------------------    -------------------
                         (clock host_clk_i rise edge)
                                                      0.000     0.000 r  
    H16                                               0.000     0.000 r  clk (IN)
                         net (fo=0)                   0.000     0.000    clk
    H16                  IBUF (Prop_ibuf_I_O)         1.451     1.451 r  ibufg_gclk/O
                         net (fo=1, routed)           1.285     2.736    gclk_i
    MMCME2_ADV_X1Y2      MMCME2_ADV (Prop_mmcme2_adv_CLKIN1_CLKOUT0)
                                                      0.088     2.824 r  MMCME2_BASE_inst/CLKOUT0
                         net (fo=1, routed)           2.206     5.030    host_clk_i
    BUFGCTRL_X0Y16       BUFG (Prop_bufg_I_O)         0.101     5.131 r  bufg_host_clk/O
                         net (fo=7399, routed)        1.669     6.800    top/teaching_board_top/target/rd2serial/host_clk
    SLICE_X44Y47         FDRE                                         r  top/teaching_board_top/target/rd2serial/addr_reg[4]/C
  -------------------------------------------------------------------    -------------------
    SLICE_X44Y47         FDRE (Prop_fdre_C_Q)         0.456     7.256 r  top/teaching_board_top/target/rd2serial/addr_reg[4]/Q
                         net (fo=5, routed)           0.464     7.720    top/teaching_board_top/target/rd2serial/addr_reg[31]_0[1]
    SLICE_X43Y46         CARRY4 (Prop_carry4_S[0]_CO[3])
                                                      0.656     8.376 r  top/teaching_board_top/target/rd2serial/addr_reg[7]_i_2/CO[3]
                         net (fo=1, routed)           0.000     8.376    top/teaching_board_top/target/rd2serial/addr_reg[7]_i_2_n_0
    SLICE_X43Y47         CARRY4 (Prop_carry4_CI_CO[3])
                                                      0.114     8.490 r  top/teaching_board_top/target/rd2serial/addr_reg[11]_i_2/CO[3]
                         net (fo=1, routed)           0.000     8.490    top/teaching_board_top/target/rd2serial/addr_reg[11]_i_2_n_0
    SLICE_X43Y48         CARRY4 (Prop_carry4_CI_CO[3])
                                                      0.114     8.604 r  top/teaching_board_top/target/rd2serial/addr_reg[15]_i_2/CO[3]
                         net (fo=1, routed)           0.000     8.604    top/teaching_board_top/target/rd2serial/addr_reg[15]_i_2_n_0
    SLICE_X43Y49         CARRY4 (Prop_carry4_CI_CO[3])
                                                      0.114     8.718 r  top/teaching_board_top/target/rd2serial/addr_reg[19]_i_2/CO[3]
                         net (fo=1, routed)           0.001     8.719    top/teaching_board_top/target/rd2serial/addr_reg[19]_i_2_n_0
    SLICE_X43Y50         CARRY4 (Prop_carry4_CI_CO[3])
                                                      0.114     8.833 r  top/teaching_board_top/target/rd2serial/addr_reg[23]_i_2/CO[3]
                         net (fo=1, routed)           0.000     8.833    top/teaching_board_top/target/rd2serial/addr_reg[23]_i_2_n_0
    SLICE_X43Y51         CARRY4 (Prop_carry4_CI_O[1])
                                                      0.334     9.167 r  top/teaching_board_top/target/rd2serial/addr_reg[27]_i_2/O[1]
                         net (fo=3, routed)           0.529     9.696    top/teaching_board_top/target/rd2serial/_GEN_86[25]
    SLICE_X40Y52         LUT2 (Prop_lut2_I0_O)        0.303     9.999 r  top/teaching_board_top/target/rd2serial/ram_mask_reg_0_1_0_5_i_182/O
                         net (fo=1, routed)           0.000     9.999    top/teaching_board_top/target/rd2serial/ram_mask_reg_0_1_0_5_i_182_n_0
    SLICE_X40Y52         CARRY4 (Prop_carry4_S[1]_CO[3])
                                                      0.550    10.549 r  top/teaching_board_top/target/rd2serial/ram_mask_reg_0_1_0_5_i_122/CO[3]
                         net (fo=1, routed)           0.000    10.549    top/teaching_board_top/target/rd2serial/ram_mask_reg_0_1_0_5_i_122_n_0
    SLICE_X40Y53         CARRY4 (Prop_carry4_CI_CO[3])
                                                      0.114    10.663 r  top/teaching_board_top/target/rd2serial/ram_mask_reg_0_1_0_5_i_101/CO[3]
                         net (fo=1, routed)           0.000    10.663    top/teaching_board_top/target/rd2serial/ram_mask_reg_0_1_0_5_i_101_n_0
    SLICE_X40Y54         CARRY4 (Prop_carry4_CI_CO[3])
                                                      0.114    10.777 r  top/teaching_board_top/target/rd2serial/ram_mask_reg_0_1_0_5_i_105/CO[3]
                         net (fo=1, routed)           0.000    10.777    top/teaching_board_top/target/rd2serial/ram_mask_reg_0_1_0_5_i_105_n_0
    SLICE_X40Y55         CARRY4 (Prop_carry4_CI_CO[3])
                                                      0.114    10.891 r  top/teaching_board_top/target/rd2serial/req_size_reg[1]_i_64/CO[3]
                         net (fo=1, routed)           0.000    10.891    top/teaching_board_top/target/rd2serial/req_size_reg[1]_i_64_n_0
    SLICE_X40Y56         CARRY4 (Prop_carry4_CI_CO[3])
                                                      0.114    11.005 r  top/teaching_board_top/target/rd2serial/req_size_reg[1]_i_60/CO[3]
                         net (fo=1, routed)           0.000    11.005    top/teaching_board_top/target/rd2serial/req_size_reg[1]_i_60_n_0
    SLICE_X40Y57         CARRY4 (Prop_carry4_CI_CO[3])
                                                      0.114    11.119 r  top/teaching_board_top/target/rd2serial/req_size_reg[1]_i_59/CO[3]
                         net (fo=1, routed)           0.000    11.119    top/teaching_board_top/target/rd2serial/req_size_reg[1]_i_59_n_0
    SLICE_X40Y58         CARRY4 (Prop_carry4_CI_CO[3])
                                                      0.114    11.233 r  top/teaching_board_top/target/rd2serial/req_size_reg[1]_i_37/CO[3]
                         net (fo=1, routed)           0.000    11.233    top/teaching_board_top/target/rd2serial/req_size_reg[1]_i_37_n_0
    SLICE_X40Y59         CARRY4 (Prop_carry4_CI_CO[3])
                                                      0.114    11.347 r  top/teaching_board_top/target/rd2serial/req_size_reg[1]_i_34/CO[3]
                         net (fo=1, routed)           0.000    11.347    top/teaching_board_top/target/rd2serial/req_size_reg[1]_i_34_n_0
    SLICE_X40Y60         CARRY4 (Prop_carry4_CI_CO[3])
                                                      0.114    11.461 r  top/teaching_board_top/target/rd2serial/req_size_reg[1]_i_31/CO[3]
                         net (fo=1, routed)           0.000    11.461    top/teaching_board_top/target/rd2serial/req_size_reg[1]_i_31_n_0
    SLICE_X40Y61         CARRY4 (Prop_carry4_CI_O[2])
                                                      0.239    11.700 r  top/teaching_board_top/target/rd2serial/req_size_reg[1]_i_17/O[2]
                         net (fo=7, routed)           0.862    12.562    top/teaching_board_top/target/rd2serial/_GEN_87[62]
    SLICE_X41Y60         LUT4 (Prop_lut4_I3_O)        0.302    12.864 r  top/teaching_board_top/target/rd2serial/req_size[1]_i_84/O
                         net (fo=1, routed)           0.000    12.864    top/teaching_board_top/target/rd2serial/req_size[1]_i_84_n_0
    SLICE_X41Y60         CARRY4 (Prop_carry4_S[3]_CO[3])
                                                      0.401    13.265 r  top/teaching_board_top/target/rd2serial/req_size_reg[1]_i_45/CO[3]
                         net (fo=1, routed)           0.000    13.265    top/teaching_board_top/target/rd2serial/req_size_reg[1]_i_45_n_0
    SLICE_X41Y61         CARRY4 (Prop_carry4_CI_CO[0])
                                                      0.271    13.536 r  top/teaching_board_top/target/rd2serial/req_size_reg[1]_i_18/CO[0]
                         net (fo=163, routed)         1.036    14.572    top/teaching_board_top/target/rd2serial/_T_174
    SLICE_X37Y60         LUT3 (Prop_lut3_I1_O)        0.367    14.939 r  top/teaching_board_top/target/rd2serial/ram_mask_reg_0_1_0_5_i_155/O
                         net (fo=4, routed)           0.471    15.410    top/teaching_board_top/target/rd2serial/ram_mask_reg_0_1_0_5_i_155_n_0
    SLICE_X36Y60         LUT6 (Prop_lut6_I0_O)        0.326    15.736 r  top/teaching_board_top/target/rd2serial/ram_mask_reg_0_1_0_5_i_156/O
                         net (fo=2, routed)           0.463    16.199    top/teaching_board_top/target/rd2serial/ram_mask_reg_0_1_0_5_i_156_n_0
    SLICE_X36Y60         LUT6 (Prop_lut6_I5_O)        0.124    16.323 r  top/teaching_board_top/target/rd2serial/ram_mask_reg_0_1_0_5_i_106/O
                         net (fo=3, routed)           0.439    16.762    top/teaching_board_top/target/rd2serial/ram_mask_reg_0_1_0_5_i_106_n_0
    SLICE_X36Y61         LUT2 (Prop_lut2_I0_O)        0.124    16.886 r  top/teaching_board_top/target/rd2serial/ram_mask_reg_0_1_0_5_i_84/O
                         net (fo=5, routed)           0.605    17.491    top/teaching_board_top/target/rd2serial/ram_mask_reg_0_1_0_5_i_84_n_0
    SLICE_X38Y61         LUT5 (Prop_lut5_I4_O)        0.150    17.641 r  top/teaching_board_top/target/rd2serial/ram_mask_reg_0_1_0_5_i_93/O
                         net (fo=2, routed)           0.801    18.442    top/teaching_board_top/target/rd2serial/ram_mask_reg_0_1_0_5_i_93_n_0
    SLICE_X39Y62         LUT3 (Prop_lut3_I1_O)        0.376    18.818 r  top/teaching_board_top/target/rd2serial/ram_mask_reg_0_1_0_5_i_61/O
                         net (fo=2, routed)           0.803    19.621    top/teaching_board_top/target/rd2serial/ram_mask_reg_0_1_0_5_i_61_n_0
    SLICE_X41Y63         LUT5 (Prop_lut5_I3_O)        0.354    19.975 r  top/teaching_board_top/target/rd2serial/ram_mask_reg_0_1_0_5_i_63/O
                         net (fo=1, routed)           0.575    20.550    top/teaching_board_top/target/rd2serial/ram_mask_reg_0_1_0_5_i_63_n_0
    SLICE_X42Y61         LUT6 (Prop_lut6_I5_O)        0.332    20.882 r  top/teaching_board_top/target/rd2serial/ram_mask_reg_0_1_0_5_i_40/O
                         net (fo=1, routed)           0.000    20.882    top/teaching_board_top/target/rd2serial/ram_mask_reg_0_1_0_5_i_40_n_0
    SLICE_X42Y61         CARRY4 (Prop_carry4_S[2]_CO[3])
                                                      0.380    21.262 r  top/teaching_board_top/target/rd2serial/ram_mask_reg_0_1_0_5_i_27/CO[3]
                         net (fo=1, routed)           0.000    21.262    top/teaching_board_top/target/rd2serial/ram_mask_reg_0_1_0_5_i_27_n_0
    SLICE_X42Y62         CARRY4 (Prop_carry4_CI_CO[2])
                                                      0.229    21.491 r  top/teaching_board_top/target/rd2serial/ram_mask_reg_0_1_0_5_i_26/CO[2]
                         net (fo=1, routed)           0.411    21.902    top/teaching_board_top/target/rd2serial/_T_317[6]
    SLICE_X45Y61         LUT4 (Prop_lut4_I3_O)        0.310    22.212 r  top/teaching_board_top/target/rd2serial/ram_mask_reg_0_1_0_5_i_28/O
                         net (fo=1, routed)           0.641    22.853    top/teaching_board_top/target/rd2serial/ram_mask_reg_0_1_0_5_i_28_n_0
    SLICE_X45Y60         LUT4 (Prop_lut4_I3_O)        0.124    22.977 r  top/teaching_board_top/target/rd2serial/ram_mask_reg_0_1_0_5_i_20/O
                         net (fo=8, routed)           1.132    24.109    top/teaching_board_top/target/rd2serial/ram_mask_reg_0_1_0_5_i_20_n_0
    SLICE_X44Y40         LUT2 (Prop_lut2_I1_O)        0.124    24.233 f  top/teaching_board_top/target/rd2serial/req_address[2]_i_3/O
                         net (fo=6, routed)           0.587    24.820    top/teaching_board_top/target/rd2serial/addr_reg[2]_0
    SLICE_X41Y40         LUT4 (Prop_lut4_I2_O)        0.118    24.938 r  top/teaching_board_top/target/rd2serial/ram_mask_reg_0_1_0_5_i_29/O
                         net (fo=1, routed)           0.317    25.255    top/teaching_board_top/target/rd2serial/ram_mask_reg_0_1_0_5_i_29_n_0
    SLICE_X42Y39         LUT6 (Prop_lut6_I4_O)        0.326    25.581 r  top/teaching_board_top/target/rd2serial/ram_mask_reg_0_1_0_5_i_21/O
                         net (fo=2, routed)           0.302    25.882    top/teaching_board_top/target/rd2serial/ram_mask_reg_0_1_0_5_i_21_n_0
    SLICE_X43Y39         LUT6 (Prop_lut6_I5_O)        0.124    26.006 r  top/teaching_board_top/target/rd2serial/ram_mask_reg_0_1_0_5_i_8__0/O
                         net (fo=2, routed)           0.161    26.167    top/teaching_board_top/target/sbus/system_bus_xbar/rd2serial_auto_out_a_bits_mask[1]
    SLICE_X43Y39         LUT4 (Prop_lut4_I2_O)        0.124    26.291 r  top/teaching_board_top/target/sbus/system_bus_xbar/req_mask[1]_i_1/O
                         net (fo=2, routed)           0.782    27.073    top/teaching_board_top/target/backend/req_mask_reg[1]_0
    SLICE_X26Y39         LUT6 (Prop_lut6_I0_O)        0.124    27.197 r  top/teaching_board_top/target/backend/ram_mask_reg_0_7_0_5_i_1/O
                         net (fo=4, routed)           0.739    27.936    top/teaching_board_top/target/bh/TLBroadcastTracker_2/o_data/ram_mask_reg_0_7_0_5/DIA1
    SLICE_X22Y37         RAMD32                                       r  top/teaching_board_top/target/bh/TLBroadcastTracker_2/o_data/ram_mask_reg_0_7_0_5/RAMA_D1/I
  -------------------------------------------------------------------    -------------------

                         (clock host_clk_i rise edge)
                                                     25.000    25.000 r  
    H16                                               0.000    25.000 r  clk (IN)
                         net (fo=0)                   0.000    25.000    clk
    H16                  IBUF (Prop_ibuf_I_O)         1.380    26.380 r  ibufg_gclk/O
                         net (fo=1, routed)           1.162    27.542    gclk_i
    MMCME2_ADV_X1Y2      MMCME2_ADV (Prop_mmcme2_adv_CLKIN1_CLKOUT0)
                                                      0.083    27.625 r  MMCME2_BASE_inst/CLKOUT0
                         net (fo=1, routed)           2.012    29.637    host_clk_i
    BUFGCTRL_X0Y16       BUFG (Prop_bufg_I_O)         0.091    29.728 r  bufg_host_clk/O
                         net (fo=7399, routed)        1.574    31.303    top/teaching_board_top/target/bh/TLBroadcastTracker_2/o_data/ram_mask_reg_0_7_0_5/WCLK
    SLICE_X22Y37         RAMD32                                       r  top/teaching_board_top/target/bh/TLBroadcastTracker_2/o_data/ram_mask_reg_0_7_0_5/RAMA_D1/CLK
                         clock pessimism              0.517    31.820    
                         clock uncertainty           -0.082    31.738    
    SLICE_X22Y37         RAMD32 (Setup_ramd32_CLK_I)
                                                     -0.258    31.480    top/teaching_board_top/target/bh/TLBroadcastTracker_2/o_data/ram_mask_reg_0_7_0_5/RAMA_D1
  -------------------------------------------------------------------
                         required time                         31.480    
                         arrival time                         -27.936    
  -------------------------------------------------------------------
                         slack                                  3.544    

Slack (MET) :             3.552ns  (required time - arrival time)
  Source:                 top/teaching_board_top/target/rd2serial/addr_reg[4]/C
                            (rising edge-triggered cell FDRE clocked by host_clk_i  {rise@0.000ns fall@12.500ns period=25.000ns})
  Destination:            top/teaching_board_top/target/bh/TLBroadcastTracker_3/o_data/ram_mask_reg_0_7_0_5/RAMC/I
                            (rising edge-triggered cell RAMD32 clocked by host_clk_i  {rise@0.000ns fall@12.500ns period=25.000ns})
  Path Group:             host_clk_i
  Path Type:              Setup (Max at Slow Process Corner)
  Requirement:            25.000ns  (host_clk_i rise@25.000ns - host_clk_i rise@0.000ns)
  Data Path Delay:        21.214ns  (logic 8.820ns (41.575%)  route 12.394ns (58.425%))
  Logic Levels:           38  (CARRY4=20 LUT2=3 LUT3=2 LUT4=5 LUT5=3 LUT6=5)
  Clock Path Skew:        0.023ns (DCD - SCD + CPR)
    Destination Clock Delay (DCD):    6.306ns = ( 31.306 - 25.000 ) 
    Source Clock Delay      (SCD):    6.800ns
    Clock Pessimism Removal (CPR):    0.517ns
  Clock Uncertainty:      0.082ns  ((TSJ^2 + DJ^2)^1/2) / 2 + PE
    Total System Jitter     (TSJ):    0.071ns
    Discrete Jitter          (DJ):    0.147ns
    Phase Error              (PE):    0.000ns

    Location             Delay type                Incr(ns)  Path(ns)    Netlist Resource(s)
  -------------------------------------------------------------------    -------------------
                         (clock host_clk_i rise edge)
                                                      0.000     0.000 r  
    H16                                               0.000     0.000 r  clk (IN)
                         net (fo=0)                   0.000     0.000    clk
    H16                  IBUF (Prop_ibuf_I_O)         1.451     1.451 r  ibufg_gclk/O
                         net (fo=1, routed)           1.285     2.736    gclk_i
    MMCME2_ADV_X1Y2      MMCME2_ADV (Prop_mmcme2_adv_CLKIN1_CLKOUT0)
                                                      0.088     2.824 r  MMCME2_BASE_inst/CLKOUT0
                         net (fo=1, routed)           2.206     5.030    host_clk_i
    BUFGCTRL_X0Y16       BUFG (Prop_bufg_I_O)         0.101     5.131 r  bufg_host_clk/O
                         net (fo=7399, routed)        1.669     6.800    top/teaching_board_top/target/rd2serial/host_clk
    SLICE_X44Y47         FDRE                                         r  top/teaching_board_top/target/rd2serial/addr_reg[4]/C
  -------------------------------------------------------------------    -------------------
    SLICE_X44Y47         FDRE (Prop_fdre_C_Q)         0.456     7.256 r  top/teaching_board_top/target/rd2serial/addr_reg[4]/Q
                         net (fo=5, routed)           0.464     7.720    top/teaching_board_top/target/rd2serial/addr_reg[31]_0[1]
    SLICE_X43Y46         CARRY4 (Prop_carry4_S[0]_CO[3])
                                                      0.656     8.376 r  top/teaching_board_top/target/rd2serial/addr_reg[7]_i_2/CO[3]
                         net (fo=1, routed)           0.000     8.376    top/teaching_board_top/target/rd2serial/addr_reg[7]_i_2_n_0
    SLICE_X43Y47         CARRY4 (Prop_carry4_CI_CO[3])
                                                      0.114     8.490 r  top/teaching_board_top/target/rd2serial/addr_reg[11]_i_2/CO[3]
                         net (fo=1, routed)           0.000     8.490    top/teaching_board_top/target/rd2serial/addr_reg[11]_i_2_n_0
    SLICE_X43Y48         CARRY4 (Prop_carry4_CI_CO[3])
                                                      0.114     8.604 r  top/teaching_board_top/target/rd2serial/addr_reg[15]_i_2/CO[3]
                         net (fo=1, routed)           0.000     8.604    top/teaching_board_top/target/rd2serial/addr_reg[15]_i_2_n_0
    SLICE_X43Y49         CARRY4 (Prop_carry4_CI_CO[3])
                                                      0.114     8.718 r  top/teaching_board_top/target/rd2serial/addr_reg[19]_i_2/CO[3]
                         net (fo=1, routed)           0.001     8.719    top/teaching_board_top/target/rd2serial/addr_reg[19]_i_2_n_0
    SLICE_X43Y50         CARRY4 (Prop_carry4_CI_CO[3])
                                                      0.114     8.833 r  top/teaching_board_top/target/rd2serial/addr_reg[23]_i_2/CO[3]
                         net (fo=1, routed)           0.000     8.833    top/teaching_board_top/target/rd2serial/addr_reg[23]_i_2_n_0
    SLICE_X43Y51         CARRY4 (Prop_carry4_CI_O[1])
                                                      0.334     9.167 r  top/teaching_board_top/target/rd2serial/addr_reg[27]_i_2/O[1]
                         net (fo=3, routed)           0.529     9.696    top/teaching_board_top/target/rd2serial/_GEN_86[25]
    SLICE_X40Y52         LUT2 (Prop_lut2_I0_O)        0.303     9.999 r  top/teaching_board_top/target/rd2serial/ram_mask_reg_0_1_0_5_i_182/O
                         net (fo=1, routed)           0.000     9.999    top/teaching_board_top/target/rd2serial/ram_mask_reg_0_1_0_5_i_182_n_0
    SLICE_X40Y52         CARRY4 (Prop_carry4_S[1]_CO[3])
                                                      0.550    10.549 r  top/teaching_board_top/target/rd2serial/ram_mask_reg_0_1_0_5_i_122/CO[3]
                         net (fo=1, routed)           0.000    10.549    top/teaching_board_top/target/rd2serial/ram_mask_reg_0_1_0_5_i_122_n_0
    SLICE_X40Y53         CARRY4 (Prop_carry4_CI_CO[3])
                                                      0.114    10.663 r  top/teaching_board_top/target/rd2serial/ram_mask_reg_0_1_0_5_i_101/CO[3]
                         net (fo=1, routed)           0.000    10.663    top/teaching_board_top/target/rd2serial/ram_mask_reg_0_1_0_5_i_101_n_0
    SLICE_X40Y54         CARRY4 (Prop_carry4_CI_CO[3])
                                                      0.114    10.777 r  top/teaching_board_top/target/rd2serial/ram_mask_reg_0_1_0_5_i_105/CO[3]
                         net (fo=1, routed)           0.000    10.777    top/teaching_board_top/target/rd2serial/ram_mask_reg_0_1_0_5_i_105_n_0
    SLICE_X40Y55         CARRY4 (Prop_carry4_CI_CO[3])
                                                      0.114    10.891 r  top/teaching_board_top/target/rd2serial/req_size_reg[1]_i_64/CO[3]
                         net (fo=1, routed)           0.000    10.891    top/teaching_board_top/target/rd2serial/req_size_reg[1]_i_64_n_0
    SLICE_X40Y56         CARRY4 (Prop_carry4_CI_CO[3])
                                                      0.114    11.005 r  top/teaching_board_top/target/rd2serial/req_size_reg[1]_i_60/CO[3]
                         net (fo=1, routed)           0.000    11.005    top/teaching_board_top/target/rd2serial/req_size_reg[1]_i_60_n_0
    SLICE_X40Y57         CARRY4 (Prop_carry4_CI_CO[3])
                                                      0.114    11.119 r  top/teaching_board_top/target/rd2serial/req_size_reg[1]_i_59/CO[3]
                         net (fo=1, routed)           0.000    11.119    top/teaching_board_top/target/rd2serial/req_size_reg[1]_i_59_n_0
    SLICE_X40Y58         CARRY4 (Prop_carry4_CI_CO[3])
                                                      0.114    11.233 r  top/teaching_board_top/target/rd2serial/req_size_reg[1]_i_37/CO[3]
                         net (fo=1, routed)           0.000    11.233    top/teaching_board_top/target/rd2serial/req_size_reg[1]_i_37_n_0
    SLICE_X40Y59         CARRY4 (Prop_carry4_CI_CO[3])
                                                      0.114    11.347 r  top/teaching_board_top/target/rd2serial/req_size_reg[1]_i_34/CO[3]
                         net (fo=1, routed)           0.000    11.347    top/teaching_board_top/target/rd2serial/req_size_reg[1]_i_34_n_0
    SLICE_X40Y60         CARRY4 (Prop_carry4_CI_CO[3])
                                                      0.114    11.461 r  top/teaching_board_top/target/rd2serial/req_size_reg[1]_i_31/CO[3]
                         net (fo=1, routed)           0.000    11.461    top/teaching_board_top/target/rd2serial/req_size_reg[1]_i_31_n_0
    SLICE_X40Y61         CARRY4 (Prop_carry4_CI_O[2])
                                                      0.239    11.700 r  top/teaching_board_top/target/rd2serial/req_size_reg[1]_i_17/O[2]
                         net (fo=7, routed)           0.862    12.562    top/teaching_board_top/target/rd2serial/_GEN_87[62]
    SLICE_X41Y60         LUT4 (Prop_lut4_I3_O)        0.302    12.864 r  top/teaching_board_top/target/rd2serial/req_size[1]_i_84/O
                         net (fo=1, routed)           0.000    12.864    top/teaching_board_top/target/rd2serial/req_size[1]_i_84_n_0
    SLICE_X41Y60         CARRY4 (Prop_carry4_S[3]_CO[3])
                                                      0.401    13.265 r  top/teaching_board_top/target/rd2serial/req_size_reg[1]_i_45/CO[3]
                         net (fo=1, routed)           0.000    13.265    top/teaching_board_top/target/rd2serial/req_size_reg[1]_i_45_n_0
    SLICE_X41Y61         CARRY4 (Prop_carry4_CI_CO[0])
                                                      0.271    13.536 r  top/teaching_board_top/target/rd2serial/req_size_reg[1]_i_18/CO[0]
                         net (fo=163, routed)         1.036    14.572    top/teaching_board_top/target/rd2serial/_T_174
    SLICE_X37Y60         LUT3 (Prop_lut3_I1_O)        0.367    14.939 r  top/teaching_board_top/target/rd2serial/ram_mask_reg_0_1_0_5_i_155/O
                         net (fo=4, routed)           0.471    15.410    top/teaching_board_top/target/rd2serial/ram_mask_reg_0_1_0_5_i_155_n_0
    SLICE_X36Y60         LUT6 (Prop_lut6_I0_O)        0.326    15.736 r  top/teaching_board_top/target/rd2serial/ram_mask_reg_0_1_0_5_i_156/O
                         net (fo=2, routed)           0.463    16.199    top/teaching_board_top/target/rd2serial/ram_mask_reg_0_1_0_5_i_156_n_0
    SLICE_X36Y60         LUT6 (Prop_lut6_I5_O)        0.124    16.323 r  top/teaching_board_top/target/rd2serial/ram_mask_reg_0_1_0_5_i_106/O
                         net (fo=3, routed)           0.439    16.762    top/teaching_board_top/target/rd2serial/ram_mask_reg_0_1_0_5_i_106_n_0
    SLICE_X36Y61         LUT2 (Prop_lut2_I0_O)        0.124    16.886 r  top/teaching_board_top/target/rd2serial/ram_mask_reg_0_1_0_5_i_84/O
                         net (fo=5, routed)           0.605    17.491    top/teaching_board_top/target/rd2serial/ram_mask_reg_0_1_0_5_i_84_n_0
    SLICE_X38Y61         LUT5 (Prop_lut5_I4_O)        0.150    17.641 r  top/teaching_board_top/target/rd2serial/ram_mask_reg_0_1_0_5_i_93/O
                         net (fo=2, routed)           0.801    18.442    top/teaching_board_top/target/rd2serial/ram_mask_reg_0_1_0_5_i_93_n_0
    SLICE_X39Y62         LUT3 (Prop_lut3_I1_O)        0.376    18.818 r  top/teaching_board_top/target/rd2serial/ram_mask_reg_0_1_0_5_i_61/O
                         net (fo=2, routed)           0.803    19.621    top/teaching_board_top/target/rd2serial/ram_mask_reg_0_1_0_5_i_61_n_0
    SLICE_X41Y63         LUT5 (Prop_lut5_I3_O)        0.354    19.975 r  top/teaching_board_top/target/rd2serial/ram_mask_reg_0_1_0_5_i_63/O
                         net (fo=1, routed)           0.575    20.550    top/teaching_board_top/target/rd2serial/ram_mask_reg_0_1_0_5_i_63_n_0
    SLICE_X42Y61         LUT6 (Prop_lut6_I5_O)        0.332    20.882 r  top/teaching_board_top/target/rd2serial/ram_mask_reg_0_1_0_5_i_40/O
                         net (fo=1, routed)           0.000    20.882    top/teaching_board_top/target/rd2serial/ram_mask_reg_0_1_0_5_i_40_n_0
    SLICE_X42Y61         CARRY4 (Prop_carry4_S[2]_CO[3])
                                                      0.380    21.262 r  top/teaching_board_top/target/rd2serial/ram_mask_reg_0_1_0_5_i_27/CO[3]
                         net (fo=1, routed)           0.000    21.262    top/teaching_board_top/target/rd2serial/ram_mask_reg_0_1_0_5_i_27_n_0
    SLICE_X42Y62         CARRY4 (Prop_carry4_CI_CO[2])
                                                      0.229    21.491 f  top/teaching_board_top/target/rd2serial/ram_mask_reg_0_1_0_5_i_26/CO[2]
                         net (fo=1, routed)           0.411    21.902    top/teaching_board_top/target/rd2serial/_T_317[6]
    SLICE_X45Y61         LUT4 (Prop_lut4_I3_O)        0.310    22.212 f  top/teaching_board_top/target/rd2serial/ram_mask_reg_0_1_0_5_i_28/O
                         net (fo=1, routed)           0.641    22.853    top/teaching_board_top/target/rd2serial/ram_mask_reg_0_1_0_5_i_28_n_0
    SLICE_X45Y60         LUT4 (Prop_lut4_I3_O)        0.124    22.977 f  top/teaching_board_top/target/rd2serial/ram_mask_reg_0_1_0_5_i_20/O
                         net (fo=8, routed)           1.132    24.109    top/teaching_board_top/target/rd2serial/ram_mask_reg_0_1_0_5_i_20_n_0
    SLICE_X44Y40         LUT2 (Prop_lut2_I1_O)        0.124    24.233 r  top/teaching_board_top/target/rd2serial/req_address[2]_i_3/O
                         net (fo=6, routed)           0.587    24.820    top/teaching_board_top/target/rd2serial/addr_reg[2]_0
    SLICE_X41Y40         LUT5 (Prop_lut5_I1_O)        0.124    24.944 r  top/teaching_board_top/target/rd2serial/ram_mask_reg_0_1_0_5_i_25/O
                         net (fo=2, routed)           0.412    25.356    top/teaching_board_top/target/rd2serial/ram_mask_reg_0_1_0_5_i_25_n_0
    SLICE_X41Y40         LUT6 (Prop_lut6_I2_O)        0.124    25.480 r  top/teaching_board_top/target/rd2serial/ram_mask_reg_0_1_0_5_i_18/O
                         net (fo=2, routed)           0.459    25.939    top/teaching_board_top/target/sbus/system_bus_xbar/rd2serial_auto_out_a_bits_mask[4]
    SLICE_X41Y39         LUT4 (Prop_lut4_I2_O)        0.124    26.063 r  top/teaching_board_top/target/sbus/system_bus_xbar/req_mask[4]_i_1/O
                         net (fo=2, routed)           0.919    26.982    top/teaching_board_top/target/backend/req_mask_reg[4]_0
    SLICE_X24Y38         LUT6 (Prop_lut6_I5_O)        0.124    27.106 r  top/teaching_board_top/target/backend/ram_mask_reg_0_7_0_5_i_17/O
                         net (fo=1, routed)           0.161    27.267    top/teaching_board_top/target/backend/ram_mask_reg_0_7_0_5_i_17_n_0
    SLICE_X24Y38         LUT4 (Prop_lut4_I0_O)        0.124    27.391 r  top/teaching_board_top/target/backend/ram_mask_reg_0_7_0_5_i_6/O
                         net (fo=4, routed)           0.623    28.014    top/teaching_board_top/target/bh/TLBroadcastTracker_3/o_data/ram_mask_reg_0_7_0_5/DIC0
    SLICE_X20Y39         RAMD32                                       r  top/teaching_board_top/target/bh/TLBroadcastTracker_3/o_data/ram_mask_reg_0_7_0_5/RAMC/I
  -------------------------------------------------------------------    -------------------

                         (clock host_clk_i rise edge)
                                                     25.000    25.000 r  
    H16                                               0.000    25.000 r  clk (IN)
                         net (fo=0)                   0.000    25.000    clk
    H16                  IBUF (Prop_ibuf_I_O)         1.380    26.380 r  ibufg_gclk/O
                         net (fo=1, routed)           1.162    27.542    gclk_i
    MMCME2_ADV_X1Y2      MMCME2_ADV (Prop_mmcme2_adv_CLKIN1_CLKOUT0)
                                                      0.083    27.625 r  MMCME2_BASE_inst/CLKOUT0
                         net (fo=1, routed)           2.012    29.637    host_clk_i
    BUFGCTRL_X0Y16       BUFG (Prop_bufg_I_O)         0.091    29.728 r  bufg_host_clk/O
                         net (fo=7399, routed)        1.577    31.306    top/teaching_board_top/target/bh/TLBroadcastTracker_3/o_data/ram_mask_reg_0_7_0_5/WCLK
    SLICE_X20Y39         RAMD32                                       r  top/teaching_board_top/target/bh/TLBroadcastTracker_3/o_data/ram_mask_reg_0_7_0_5/RAMC/CLK
                         clock pessimism              0.517    31.823    
                         clock uncertainty           -0.082    31.741    
    SLICE_X20Y39         RAMD32 (Setup_ramd32_CLK_I)
                                                     -0.175    31.566    top/teaching_board_top/target/bh/TLBroadcastTracker_3/o_data/ram_mask_reg_0_7_0_5/RAMC
  -------------------------------------------------------------------
                         required time                         31.566    
                         arrival time                         -28.014    
  -------------------------------------------------------------------
                         slack                                  3.552    

Slack (MET) :             3.567ns  (required time - arrival time)
  Source:                 top/teaching_board_top/target/rd2serial/addr_reg[4]/C
                            (rising edge-triggered cell FDRE clocked by host_clk_i  {rise@0.000ns fall@12.500ns period=25.000ns})
  Destination:            top/teaching_board_top/target/bh/TLBroadcastTracker_1/o_data/ram_mask_reg_0_7_0_5/RAMC/I
                            (rising edge-triggered cell RAMD32 clocked by host_clk_i  {rise@0.000ns fall@12.500ns period=25.000ns})
  Path Group:             host_clk_i
  Path Type:              Setup (Max at Slow Process Corner)
  Requirement:            25.000ns  (host_clk_i rise@25.000ns - host_clk_i rise@0.000ns)
  Data Path Delay:        21.199ns  (logic 8.820ns (41.606%)  route 12.379ns (58.393%))
  Logic Levels:           38  (CARRY4=20 LUT2=3 LUT3=2 LUT4=5 LUT5=3 LUT6=5)
  Clock Path Skew:        0.022ns (DCD - SCD + CPR)
    Destination Clock Delay (DCD):    6.305ns = ( 31.305 - 25.000 ) 
    Source Clock Delay      (SCD):    6.800ns
    Clock Pessimism Removal (CPR):    0.517ns
  Clock Uncertainty:      0.082ns  ((TSJ^2 + DJ^2)^1/2) / 2 + PE
    Total System Jitter     (TSJ):    0.071ns
    Discrete Jitter          (DJ):    0.147ns
    Phase Error              (PE):    0.000ns

    Location             Delay type                Incr(ns)  Path(ns)    Netlist Resource(s)
  -------------------------------------------------------------------    -------------------
                         (clock host_clk_i rise edge)
                                                      0.000     0.000 r  
    H16                                               0.000     0.000 r  clk (IN)
                         net (fo=0)                   0.000     0.000    clk
    H16                  IBUF (Prop_ibuf_I_O)         1.451     1.451 r  ibufg_gclk/O
                         net (fo=1, routed)           1.285     2.736    gclk_i
    MMCME2_ADV_X1Y2      MMCME2_ADV (Prop_mmcme2_adv_CLKIN1_CLKOUT0)
                                                      0.088     2.824 r  MMCME2_BASE_inst/CLKOUT0
                         net (fo=1, routed)           2.206     5.030    host_clk_i
    BUFGCTRL_X0Y16       BUFG (Prop_bufg_I_O)         0.101     5.131 r  bufg_host_clk/O
                         net (fo=7399, routed)        1.669     6.800    top/teaching_board_top/target/rd2serial/host_clk
    SLICE_X44Y47         FDRE                                         r  top/teaching_board_top/target/rd2serial/addr_reg[4]/C
  -------------------------------------------------------------------    -------------------
    SLICE_X44Y47         FDRE (Prop_fdre_C_Q)         0.456     7.256 r  top/teaching_board_top/target/rd2serial/addr_reg[4]/Q
                         net (fo=5, routed)           0.464     7.720    top/teaching_board_top/target/rd2serial/addr_reg[31]_0[1]
    SLICE_X43Y46         CARRY4 (Prop_carry4_S[0]_CO[3])
                                                      0.656     8.376 r  top/teaching_board_top/target/rd2serial/addr_reg[7]_i_2/CO[3]
                         net (fo=1, routed)           0.000     8.376    top/teaching_board_top/target/rd2serial/addr_reg[7]_i_2_n_0
    SLICE_X43Y47         CARRY4 (Prop_carry4_CI_CO[3])
                                                      0.114     8.490 r  top/teaching_board_top/target/rd2serial/addr_reg[11]_i_2/CO[3]
                         net (fo=1, routed)           0.000     8.490    top/teaching_board_top/target/rd2serial/addr_reg[11]_i_2_n_0
    SLICE_X43Y48         CARRY4 (Prop_carry4_CI_CO[3])
                                                      0.114     8.604 r  top/teaching_board_top/target/rd2serial/addr_reg[15]_i_2/CO[3]
                         net (fo=1, routed)           0.000     8.604    top/teaching_board_top/target/rd2serial/addr_reg[15]_i_2_n_0
    SLICE_X43Y49         CARRY4 (Prop_carry4_CI_CO[3])
                                                      0.114     8.718 r  top/teaching_board_top/target/rd2serial/addr_reg[19]_i_2/CO[3]
                         net (fo=1, routed)           0.001     8.719    top/teaching_board_top/target/rd2serial/addr_reg[19]_i_2_n_0
    SLICE_X43Y50         CARRY4 (Prop_carry4_CI_CO[3])
                                                      0.114     8.833 r  top/teaching_board_top/target/rd2serial/addr_reg[23]_i_2/CO[3]
                         net (fo=1, routed)           0.000     8.833    top/teaching_board_top/target/rd2serial/addr_reg[23]_i_2_n_0
    SLICE_X43Y51         CARRY4 (Prop_carry4_CI_O[1])
                                                      0.334     9.167 r  top/teaching_board_top/target/rd2serial/addr_reg[27]_i_2/O[1]
                         net (fo=3, routed)           0.529     9.696    top/teaching_board_top/target/rd2serial/_GEN_86[25]
    SLICE_X40Y52         LUT2 (Prop_lut2_I0_O)        0.303     9.999 r  top/teaching_board_top/target/rd2serial/ram_mask_reg_0_1_0_5_i_182/O
                         net (fo=1, routed)           0.000     9.999    top/teaching_board_top/target/rd2serial/ram_mask_reg_0_1_0_5_i_182_n_0
    SLICE_X40Y52         CARRY4 (Prop_carry4_S[1]_CO[3])
                                                      0.550    10.549 r  top/teaching_board_top/target/rd2serial/ram_mask_reg_0_1_0_5_i_122/CO[3]
                         net (fo=1, routed)           0.000    10.549    top/teaching_board_top/target/rd2serial/ram_mask_reg_0_1_0_5_i_122_n_0
    SLICE_X40Y53         CARRY4 (Prop_carry4_CI_CO[3])
                                                      0.114    10.663 r  top/teaching_board_top/target/rd2serial/ram_mask_reg_0_1_0_5_i_101/CO[3]
                         net (fo=1, routed)           0.000    10.663    top/teaching_board_top/target/rd2serial/ram_mask_reg_0_1_0_5_i_101_n_0
    SLICE_X40Y54         CARRY4 (Prop_carry4_CI_CO[3])
                                                      0.114    10.777 r  top/teaching_board_top/target/rd2serial/ram_mask_reg_0_1_0_5_i_105/CO[3]
                         net (fo=1, routed)           0.000    10.777    top/teaching_board_top/target/rd2serial/ram_mask_reg_0_1_0_5_i_105_n_0
    SLICE_X40Y55         CARRY4 (Prop_carry4_CI_CO[3])
                                                      0.114    10.891 r  top/teaching_board_top/target/rd2serial/req_size_reg[1]_i_64/CO[3]
                         net (fo=1, routed)           0.000    10.891    top/teaching_board_top/target/rd2serial/req_size_reg[1]_i_64_n_0
    SLICE_X40Y56         CARRY4 (Prop_carry4_CI_CO[3])
                                                      0.114    11.005 r  top/teaching_board_top/target/rd2serial/req_size_reg[1]_i_60/CO[3]
                         net (fo=1, routed)           0.000    11.005    top/teaching_board_top/target/rd2serial/req_size_reg[1]_i_60_n_0
    SLICE_X40Y57         CARRY4 (Prop_carry4_CI_CO[3])
                                                      0.114    11.119 r  top/teaching_board_top/target/rd2serial/req_size_reg[1]_i_59/CO[3]
                         net (fo=1, routed)           0.000    11.119    top/teaching_board_top/target/rd2serial/req_size_reg[1]_i_59_n_0
    SLICE_X40Y58         CARRY4 (Prop_carry4_CI_CO[3])
                                                      0.114    11.233 r  top/teaching_board_top/target/rd2serial/req_size_reg[1]_i_37/CO[3]
                         net (fo=1, routed)           0.000    11.233    top/teaching_board_top/target/rd2serial/req_size_reg[1]_i_37_n_0
    SLICE_X40Y59         CARRY4 (Prop_carry4_CI_CO[3])
                                                      0.114    11.347 r  top/teaching_board_top/target/rd2serial/req_size_reg[1]_i_34/CO[3]
                         net (fo=1, routed)           0.000    11.347    top/teaching_board_top/target/rd2serial/req_size_reg[1]_i_34_n_0
    SLICE_X40Y60         CARRY4 (Prop_carry4_CI_CO[3])
                                                      0.114    11.461 r  top/teaching_board_top/target/rd2serial/req_size_reg[1]_i_31/CO[3]
                         net (fo=1, routed)           0.000    11.461    top/teaching_board_top/target/rd2serial/req_size_reg[1]_i_31_n_0
    SLICE_X40Y61         CARRY4 (Prop_carry4_CI_O[2])
                                                      0.239    11.700 r  top/teaching_board_top/target/rd2serial/req_size_reg[1]_i_17/O[2]
                         net (fo=7, routed)           0.862    12.562    top/teaching_board_top/target/rd2serial/_GEN_87[62]
    SLICE_X41Y60         LUT4 (Prop_lut4_I3_O)        0.302    12.864 r  top/teaching_board_top/target/rd2serial/req_size[1]_i_84/O
                         net (fo=1, routed)           0.000    12.864    top/teaching_board_top/target/rd2serial/req_size[1]_i_84_n_0
    SLICE_X41Y60         CARRY4 (Prop_carry4_S[3]_CO[3])
                                                      0.401    13.265 r  top/teaching_board_top/target/rd2serial/req_size_reg[1]_i_45/CO[3]
                         net (fo=1, routed)           0.000    13.265    top/teaching_board_top/target/rd2serial/req_size_reg[1]_i_45_n_0
    SLICE_X41Y61         CARRY4 (Prop_carry4_CI_CO[0])
                                                      0.271    13.536 r  top/teaching_board_top/target/rd2serial/req_size_reg[1]_i_18/CO[0]
                         net (fo=163, routed)         1.036    14.572    top/teaching_board_top/target/rd2serial/_T_174
    SLICE_X37Y60         LUT3 (Prop_lut3_I1_O)        0.367    14.939 r  top/teaching_board_top/target/rd2serial/ram_mask_reg_0_1_0_5_i_155/O
                         net (fo=4, routed)           0.471    15.410    top/teaching_board_top/target/rd2serial/ram_mask_reg_0_1_0_5_i_155_n_0
    SLICE_X36Y60         LUT6 (Prop_lut6_I0_O)        0.326    15.736 r  top/teaching_board_top/target/rd2serial/ram_mask_reg_0_1_0_5_i_156/O
                         net (fo=2, routed)           0.463    16.199    top/teaching_board_top/target/rd2serial/ram_mask_reg_0_1_0_5_i_156_n_0
    SLICE_X36Y60         LUT6 (Prop_lut6_I5_O)        0.124    16.323 r  top/teaching_board_top/target/rd2serial/ram_mask_reg_0_1_0_5_i_106/O
                         net (fo=3, routed)           0.439    16.762    top/teaching_board_top/target/rd2serial/ram_mask_reg_0_1_0_5_i_106_n_0
    SLICE_X36Y61         LUT2 (Prop_lut2_I0_O)        0.124    16.886 r  top/teaching_board_top/target/rd2serial/ram_mask_reg_0_1_0_5_i_84/O
                         net (fo=5, routed)           0.605    17.491    top/teaching_board_top/target/rd2serial/ram_mask_reg_0_1_0_5_i_84_n_0
    SLICE_X38Y61         LUT5 (Prop_lut5_I4_O)        0.150    17.641 r  top/teaching_board_top/target/rd2serial/ram_mask_reg_0_1_0_5_i_93/O
                         net (fo=2, routed)           0.801    18.442    top/teaching_board_top/target/rd2serial/ram_mask_reg_0_1_0_5_i_93_n_0
    SLICE_X39Y62         LUT3 (Prop_lut3_I1_O)        0.376    18.818 r  top/teaching_board_top/target/rd2serial/ram_mask_reg_0_1_0_5_i_61/O
                         net (fo=2, routed)           0.803    19.621    top/teaching_board_top/target/rd2serial/ram_mask_reg_0_1_0_5_i_61_n_0
    SLICE_X41Y63         LUT5 (Prop_lut5_I3_O)        0.354    19.975 r  top/teaching_board_top/target/rd2serial/ram_mask_reg_0_1_0_5_i_63/O
                         net (fo=1, routed)           0.575    20.550    top/teaching_board_top/target/rd2serial/ram_mask_reg_0_1_0_5_i_63_n_0
    SLICE_X42Y61         LUT6 (Prop_lut6_I5_O)        0.332    20.882 r  top/teaching_board_top/target/rd2serial/ram_mask_reg_0_1_0_5_i_40/O
                         net (fo=1, routed)           0.000    20.882    top/teaching_board_top/target/rd2serial/ram_mask_reg_0_1_0_5_i_40_n_0
    SLICE_X42Y61         CARRY4 (Prop_carry4_S[2]_CO[3])
                                                      0.380    21.262 r  top/teaching_board_top/target/rd2serial/ram_mask_reg_0_1_0_5_i_27/CO[3]
                         net (fo=1, routed)           0.000    21.262    top/teaching_board_top/target/rd2serial/ram_mask_reg_0_1_0_5_i_27_n_0
    SLICE_X42Y62         CARRY4 (Prop_carry4_CI_CO[2])
                                                      0.229    21.491 f  top/teaching_board_top/target/rd2serial/ram_mask_reg_0_1_0_5_i_26/CO[2]
                         net (fo=1, routed)           0.411    21.902    top/teaching_board_top/target/rd2serial/_T_317[6]
    SLICE_X45Y61         LUT4 (Prop_lut4_I3_O)        0.310    22.212 f  top/teaching_board_top/target/rd2serial/ram_mask_reg_0_1_0_5_i_28/O
                         net (fo=1, routed)           0.641    22.853    top/teaching_board_top/target/rd2serial/ram_mask_reg_0_1_0_5_i_28_n_0
    SLICE_X45Y60         LUT4 (Prop_lut4_I3_O)        0.124    22.977 f  top/teaching_board_top/target/rd2serial/ram_mask_reg_0_1_0_5_i_20/O
                         net (fo=8, routed)           1.132    24.109    top/teaching_board_top/target/rd2serial/ram_mask_reg_0_1_0_5_i_20_n_0
    SLICE_X44Y40         LUT2 (Prop_lut2_I1_O)        0.124    24.233 r  top/teaching_board_top/target/rd2serial/req_address[2]_i_3/O
                         net (fo=6, routed)           0.587    24.820    top/teaching_board_top/target/rd2serial/addr_reg[2]_0
    SLICE_X41Y40         LUT5 (Prop_lut5_I1_O)        0.124    24.944 r  top/teaching_board_top/target/rd2serial/ram_mask_reg_0_1_0_5_i_25/O
                         net (fo=2, routed)           0.412    25.356    top/teaching_board_top/target/rd2serial/ram_mask_reg_0_1_0_5_i_25_n_0
    SLICE_X41Y40         LUT6 (Prop_lut6_I2_O)        0.124    25.480 r  top/teaching_board_top/target/rd2serial/ram_mask_reg_0_1_0_5_i_18/O
                         net (fo=2, routed)           0.459    25.939    top/teaching_board_top/target/sbus/system_bus_xbar/rd2serial_auto_out_a_bits_mask[4]
    SLICE_X41Y39         LUT4 (Prop_lut4_I2_O)        0.124    26.063 r  top/teaching_board_top/target/sbus/system_bus_xbar/req_mask[4]_i_1/O
                         net (fo=2, routed)           0.919    26.982    top/teaching_board_top/target/backend/req_mask_reg[4]_0
    SLICE_X24Y38         LUT6 (Prop_lut6_I5_O)        0.124    27.106 r  top/teaching_board_top/target/backend/ram_mask_reg_0_7_0_5_i_17/O
                         net (fo=1, routed)           0.161    27.267    top/teaching_board_top/target/backend/ram_mask_reg_0_7_0_5_i_17_n_0
    SLICE_X24Y38         LUT4 (Prop_lut4_I0_O)        0.124    27.391 r  top/teaching_board_top/target/backend/ram_mask_reg_0_7_0_5_i_6/O
                         net (fo=4, routed)           0.607    27.998    top/teaching_board_top/target/bh/TLBroadcastTracker_1/o_data/ram_mask_reg_0_7_0_5/DIC0
    SLICE_X22Y39         RAMD32                                       r  top/teaching_board_top/target/bh/TLBroadcastTracker_1/o_data/ram_mask_reg_0_7_0_5/RAMC/I
  -------------------------------------------------------------------    -------------------

                         (clock host_clk_i rise edge)
                                                     25.000    25.000 r  
    H16                                               0.000    25.000 r  clk (IN)
                         net (fo=0)                   0.000    25.000    clk
    H16                  IBUF (Prop_ibuf_I_O)         1.380    26.380 r  ibufg_gclk/O
                         net (fo=1, routed)           1.162    27.542    gclk_i
    MMCME2_ADV_X1Y2      MMCME2_ADV (Prop_mmcme2_adv_CLKIN1_CLKOUT0)
                                                      0.083    27.625 r  MMCME2_BASE_inst/CLKOUT0
                         net (fo=1, routed)           2.012    29.637    host_clk_i
    BUFGCTRL_X0Y16       BUFG (Prop_bufg_I_O)         0.091    29.728 r  bufg_host_clk/O
                         net (fo=7399, routed)        1.576    31.305    top/teaching_board_top/target/bh/TLBroadcastTracker_1/o_data/ram_mask_reg_0_7_0_5/WCLK
    SLICE_X22Y39         RAMD32                                       r  top/teaching_board_top/target/bh/TLBroadcastTracker_1/o_data/ram_mask_reg_0_7_0_5/RAMC/CLK
                         clock pessimism              0.517    31.822    
                         clock uncertainty           -0.082    31.740    
    SLICE_X22Y39         RAMD32 (Setup_ramd32_CLK_I)
                                                     -0.175    31.565    top/teaching_board_top/target/bh/TLBroadcastTracker_1/o_data/ram_mask_reg_0_7_0_5/RAMC
  -------------------------------------------------------------------
                         required time                         31.565    
                         arrival time                         -27.998    
  -------------------------------------------------------------------
                         slack                                  3.567    

Slack (MET) :             3.568ns  (required time - arrival time)
  Source:                 top/teaching_board_top/target/rd2serial/addr_reg[4]/C
                            (rising edge-triggered cell FDRE clocked by host_clk_i  {rise@0.000ns fall@12.500ns period=25.000ns})
  Destination:            top/teaching_board_top/target/bh/TLBroadcastTracker_3/o_data/ram_mask_reg_0_7_0_5/RAMA_D1/I
                            (rising edge-triggered cell RAMD32 clocked by host_clk_i  {rise@0.000ns fall@12.500ns period=25.000ns})
  Path Group:             host_clk_i
  Path Type:              Setup (Max at Slow Process Corner)
  Requirement:            25.000ns  (host_clk_i rise@25.000ns - host_clk_i rise@0.000ns)
  Data Path Delay:        21.115ns  (logic 9.016ns (42.699%)  route 12.099ns (57.301%))
  Logic Levels:           38  (CARRY4=20 LUT2=3 LUT3=2 LUT4=5 LUT5=2 LUT6=6)
  Clock Path Skew:        0.023ns (DCD - SCD + CPR)
    Destination Clock Delay (DCD):    6.306ns = ( 31.306 - 25.000 ) 
    Source Clock Delay      (SCD):    6.800ns
    Clock Pessimism Removal (CPR):    0.517ns
  Clock Uncertainty:      0.082ns  ((TSJ^2 + DJ^2)^1/2) / 2 + PE
    Total System Jitter     (TSJ):    0.071ns
    Discrete Jitter          (DJ):    0.147ns
    Phase Error              (PE):    0.000ns

    Location             Delay type                Incr(ns)  Path(ns)    Netlist Resource(s)
  -------------------------------------------------------------------    -------------------
                         (clock host_clk_i rise edge)
                                                      0.000     0.000 r  
    H16                                               0.000     0.000 r  clk (IN)
                         net (fo=0)                   0.000     0.000    clk
    H16                  IBUF (Prop_ibuf_I_O)         1.451     1.451 r  ibufg_gclk/O
                         net (fo=1, routed)           1.285     2.736    gclk_i
    MMCME2_ADV_X1Y2      MMCME2_ADV (Prop_mmcme2_adv_CLKIN1_CLKOUT0)
                                                      0.088     2.824 r  MMCME2_BASE_inst/CLKOUT0
                         net (fo=1, routed)           2.206     5.030    host_clk_i
    BUFGCTRL_X0Y16       BUFG (Prop_bufg_I_O)         0.101     5.131 r  bufg_host_clk/O
                         net (fo=7399, routed)        1.669     6.800    top/teaching_board_top/target/rd2serial/host_clk
    SLICE_X44Y47         FDRE                                         r  top/teaching_board_top/target/rd2serial/addr_reg[4]/C
  -------------------------------------------------------------------    -------------------
    SLICE_X44Y47         FDRE (Prop_fdre_C_Q)         0.456     7.256 r  top/teaching_board_top/target/rd2serial/addr_reg[4]/Q
                         net (fo=5, routed)           0.464     7.720    top/teaching_board_top/target/rd2serial/addr_reg[31]_0[1]
    SLICE_X43Y46         CARRY4 (Prop_carry4_S[0]_CO[3])
                                                      0.656     8.376 r  top/teaching_board_top/target/rd2serial/addr_reg[7]_i_2/CO[3]
                         net (fo=1, routed)           0.000     8.376    top/teaching_board_top/target/rd2serial/addr_reg[7]_i_2_n_0
    SLICE_X43Y47         CARRY4 (Prop_carry4_CI_CO[3])
                                                      0.114     8.490 r  top/teaching_board_top/target/rd2serial/addr_reg[11]_i_2/CO[3]
                         net (fo=1, routed)           0.000     8.490    top/teaching_board_top/target/rd2serial/addr_reg[11]_i_2_n_0
    SLICE_X43Y48         CARRY4 (Prop_carry4_CI_CO[3])
                                                      0.114     8.604 r  top/teaching_board_top/target/rd2serial/addr_reg[15]_i_2/CO[3]
                         net (fo=1, routed)           0.000     8.604    top/teaching_board_top/target/rd2serial/addr_reg[15]_i_2_n_0
    SLICE_X43Y49         CARRY4 (Prop_carry4_CI_CO[3])
                                                      0.114     8.718 r  top/teaching_board_top/target/rd2serial/addr_reg[19]_i_2/CO[3]
                         net (fo=1, routed)           0.001     8.719    top/teaching_board_top/target/rd2serial/addr_reg[19]_i_2_n_0
    SLICE_X43Y50         CARRY4 (Prop_carry4_CI_CO[3])
                                                      0.114     8.833 r  top/teaching_board_top/target/rd2serial/addr_reg[23]_i_2/CO[3]
                         net (fo=1, routed)           0.000     8.833    top/teaching_board_top/target/rd2serial/addr_reg[23]_i_2_n_0
    SLICE_X43Y51         CARRY4 (Prop_carry4_CI_O[1])
                                                      0.334     9.167 r  top/teaching_board_top/target/rd2serial/addr_reg[27]_i_2/O[1]
                         net (fo=3, routed)           0.529     9.696    top/teaching_board_top/target/rd2serial/_GEN_86[25]
    SLICE_X40Y52         LUT2 (Prop_lut2_I0_O)        0.303     9.999 r  top/teaching_board_top/target/rd2serial/ram_mask_reg_0_1_0_5_i_182/O
                         net (fo=1, routed)           0.000     9.999    top/teaching_board_top/target/rd2serial/ram_mask_reg_0_1_0_5_i_182_n_0
    SLICE_X40Y52         CARRY4 (Prop_carry4_S[1]_CO[3])
                                                      0.550    10.549 r  top/teaching_board_top/target/rd2serial/ram_mask_reg_0_1_0_5_i_122/CO[3]
                         net (fo=1, routed)           0.000    10.549    top/teaching_board_top/target/rd2serial/ram_mask_reg_0_1_0_5_i_122_n_0
    SLICE_X40Y53         CARRY4 (Prop_carry4_CI_CO[3])
                                                      0.114    10.663 r  top/teaching_board_top/target/rd2serial/ram_mask_reg_0_1_0_5_i_101/CO[3]
                         net (fo=1, routed)           0.000    10.663    top/teaching_board_top/target/rd2serial/ram_mask_reg_0_1_0_5_i_101_n_0
    SLICE_X40Y54         CARRY4 (Prop_carry4_CI_CO[3])
                                                      0.114    10.777 r  top/teaching_board_top/target/rd2serial/ram_mask_reg_0_1_0_5_i_105/CO[3]
                         net (fo=1, routed)           0.000    10.777    top/teaching_board_top/target/rd2serial/ram_mask_reg_0_1_0_5_i_105_n_0
    SLICE_X40Y55         CARRY4 (Prop_carry4_CI_CO[3])
                                                      0.114    10.891 r  top/teaching_board_top/target/rd2serial/req_size_reg[1]_i_64/CO[3]
                         net (fo=1, routed)           0.000    10.891    top/teaching_board_top/target/rd2serial/req_size_reg[1]_i_64_n_0
    SLICE_X40Y56         CARRY4 (Prop_carry4_CI_CO[3])
                                                      0.114    11.005 r  top/teaching_board_top/target/rd2serial/req_size_reg[1]_i_60/CO[3]
                         net (fo=1, routed)           0.000    11.005    top/teaching_board_top/target/rd2serial/req_size_reg[1]_i_60_n_0
    SLICE_X40Y57         CARRY4 (Prop_carry4_CI_CO[3])
                                                      0.114    11.119 r  top/teaching_board_top/target/rd2serial/req_size_reg[1]_i_59/CO[3]
                         net (fo=1, routed)           0.000    11.119    top/teaching_board_top/target/rd2serial/req_size_reg[1]_i_59_n_0
    SLICE_X40Y58         CARRY4 (Prop_carry4_CI_CO[3])
                                                      0.114    11.233 r  top/teaching_board_top/target/rd2serial/req_size_reg[1]_i_37/CO[3]
                         net (fo=1, routed)           0.000    11.233    top/teaching_board_top/target/rd2serial/req_size_reg[1]_i_37_n_0
    SLICE_X40Y59         CARRY4 (Prop_carry4_CI_CO[3])
                                                      0.114    11.347 r  top/teaching_board_top/target/rd2serial/req_size_reg[1]_i_34/CO[3]
                         net (fo=1, routed)           0.000    11.347    top/teaching_board_top/target/rd2serial/req_size_reg[1]_i_34_n_0
    SLICE_X40Y60         CARRY4 (Prop_carry4_CI_CO[3])
                                                      0.114    11.461 r  top/teaching_board_top/target/rd2serial/req_size_reg[1]_i_31/CO[3]
                         net (fo=1, routed)           0.000    11.461    top/teaching_board_top/target/rd2serial/req_size_reg[1]_i_31_n_0
    SLICE_X40Y61         CARRY4 (Prop_carry4_CI_O[2])
                                                      0.239    11.700 r  top/teaching_board_top/target/rd2serial/req_size_reg[1]_i_17/O[2]
                         net (fo=7, routed)           0.862    12.562    top/teaching_board_top/target/rd2serial/_GEN_87[62]
    SLICE_X41Y60         LUT4 (Prop_lut4_I3_O)        0.302    12.864 r  top/teaching_board_top/target/rd2serial/req_size[1]_i_84/O
                         net (fo=1, routed)           0.000    12.864    top/teaching_board_top/target/rd2serial/req_size[1]_i_84_n_0
    SLICE_X41Y60         CARRY4 (Prop_carry4_S[3]_CO[3])
                                                      0.401    13.265 r  top/teaching_board_top/target/rd2serial/req_size_reg[1]_i_45/CO[3]
                         net (fo=1, routed)           0.000    13.265    top/teaching_board_top/target/rd2serial/req_size_reg[1]_i_45_n_0
    SLICE_X41Y61         CARRY4 (Prop_carry4_CI_CO[0])
                                                      0.271    13.536 r  top/teaching_board_top/target/rd2serial/req_size_reg[1]_i_18/CO[0]
                         net (fo=163, routed)         1.036    14.572    top/teaching_board_top/target/rd2serial/_T_174
    SLICE_X37Y60         LUT3 (Prop_lut3_I1_O)        0.367    14.939 r  top/teaching_board_top/target/rd2serial/ram_mask_reg_0_1_0_5_i_155/O
                         net (fo=4, routed)           0.471    15.410    top/teaching_board_top/target/rd2serial/ram_mask_reg_0_1_0_5_i_155_n_0
    SLICE_X36Y60         LUT6 (Prop_lut6_I0_O)        0.326    15.736 r  top/teaching_board_top/target/rd2serial/ram_mask_reg_0_1_0_5_i_156/O
                         net (fo=2, routed)           0.463    16.199    top/teaching_board_top/target/rd2serial/ram_mask_reg_0_1_0_5_i_156_n_0
    SLICE_X36Y60         LUT6 (Prop_lut6_I5_O)        0.124    16.323 r  top/teaching_board_top/target/rd2serial/ram_mask_reg_0_1_0_5_i_106/O
                         net (fo=3, routed)           0.439    16.762    top/teaching_board_top/target/rd2serial/ram_mask_reg_0_1_0_5_i_106_n_0
    SLICE_X36Y61         LUT2 (Prop_lut2_I0_O)        0.124    16.886 r  top/teaching_board_top/target/rd2serial/ram_mask_reg_0_1_0_5_i_84/O
                         net (fo=5, routed)           0.605    17.491    top/teaching_board_top/target/rd2serial/ram_mask_reg_0_1_0_5_i_84_n_0
    SLICE_X38Y61         LUT5 (Prop_lut5_I4_O)        0.150    17.641 r  top/teaching_board_top/target/rd2serial/ram_mask_reg_0_1_0_5_i_93/O
                         net (fo=2, routed)           0.801    18.442    top/teaching_board_top/target/rd2serial/ram_mask_reg_0_1_0_5_i_93_n_0
    SLICE_X39Y62         LUT3 (Prop_lut3_I1_O)        0.376    18.818 r  top/teaching_board_top/target/rd2serial/ram_mask_reg_0_1_0_5_i_61/O
                         net (fo=2, routed)           0.803    19.621    top/teaching_board_top/target/rd2serial/ram_mask_reg_0_1_0_5_i_61_n_0
    SLICE_X41Y63         LUT5 (Prop_lut5_I3_O)        0.354    19.975 r  top/teaching_board_top/target/rd2serial/ram_mask_reg_0_1_0_5_i_63/O
                         net (fo=1, routed)           0.575    20.550    top/teaching_board_top/target/rd2serial/ram_mask_reg_0_1_0_5_i_63_n_0
    SLICE_X42Y61         LUT6 (Prop_lut6_I5_O)        0.332    20.882 r  top/teaching_board_top/target/rd2serial/ram_mask_reg_0_1_0_5_i_40/O
                         net (fo=1, routed)           0.000    20.882    top/teaching_board_top/target/rd2serial/ram_mask_reg_0_1_0_5_i_40_n_0
    SLICE_X42Y61         CARRY4 (Prop_carry4_S[2]_CO[3])
                                                      0.380    21.262 r  top/teaching_board_top/target/rd2serial/ram_mask_reg_0_1_0_5_i_27/CO[3]
                         net (fo=1, routed)           0.000    21.262    top/teaching_board_top/target/rd2serial/ram_mask_reg_0_1_0_5_i_27_n_0
    SLICE_X42Y62         CARRY4 (Prop_carry4_CI_CO[2])
                                                      0.229    21.491 r  top/teaching_board_top/target/rd2serial/ram_mask_reg_0_1_0_5_i_26/CO[2]
                         net (fo=1, routed)           0.411    21.902    top/teaching_board_top/target/rd2serial/_T_317[6]
    SLICE_X45Y61         LUT4 (Prop_lut4_I3_O)        0.310    22.212 r  top/teaching_board_top/target/rd2serial/ram_mask_reg_0_1_0_5_i_28/O
                         net (fo=1, routed)           0.641    22.853    top/teaching_board_top/target/rd2serial/ram_mask_reg_0_1_0_5_i_28_n_0
    SLICE_X45Y60         LUT4 (Prop_lut4_I3_O)        0.124    22.977 r  top/teaching_board_top/target/rd2serial/ram_mask_reg_0_1_0_5_i_20/O
                         net (fo=8, routed)           1.132    24.109    top/teaching_board_top/target/rd2serial/ram_mask_reg_0_1_0_5_i_20_n_0
    SLICE_X44Y40         LUT2 (Prop_lut2_I1_O)        0.124    24.233 f  top/teaching_board_top/target/rd2serial/req_address[2]_i_3/O
                         net (fo=6, routed)           0.587    24.820    top/teaching_board_top/target/rd2serial/addr_reg[2]_0
    SLICE_X41Y40         LUT4 (Prop_lut4_I2_O)        0.118    24.938 r  top/teaching_board_top/target/rd2serial/ram_mask_reg_0_1_0_5_i_29/O
                         net (fo=1, routed)           0.317    25.255    top/teaching_board_top/target/rd2serial/ram_mask_reg_0_1_0_5_i_29_n_0
    SLICE_X42Y39         LUT6 (Prop_lut6_I4_O)        0.326    25.581 r  top/teaching_board_top/target/rd2serial/ram_mask_reg_0_1_0_5_i_21/O
                         net (fo=2, routed)           0.302    25.882    top/teaching_board_top/target/rd2serial/ram_mask_reg_0_1_0_5_i_21_n_0
    SLICE_X43Y39         LUT6 (Prop_lut6_I5_O)        0.124    26.006 r  top/teaching_board_top/target/rd2serial/ram_mask_reg_0_1_0_5_i_8__0/O
                         net (fo=2, routed)           0.161    26.167    top/teaching_board_top/target/sbus/system_bus_xbar/rd2serial_auto_out_a_bits_mask[1]
    SLICE_X43Y39         LUT4 (Prop_lut4_I2_O)        0.124    26.291 r  top/teaching_board_top/target/sbus/system_bus_xbar/req_mask[1]_i_1/O
                         net (fo=2, routed)           0.782    27.073    top/teaching_board_top/target/backend/req_mask_reg[1]_0
    SLICE_X26Y39         LUT6 (Prop_lut6_I0_O)        0.124    27.197 r  top/teaching_board_top/target/backend/ram_mask_reg_0_7_0_5_i_1/O
                         net (fo=4, routed)           0.718    27.915    top/teaching_board_top/target/bh/TLBroadcastTracker_3/o_data/ram_mask_reg_0_7_0_5/DIA1
    SLICE_X20Y39         RAMD32                                       r  top/teaching_board_top/target/bh/TLBroadcastTracker_3/o_data/ram_mask_reg_0_7_0_5/RAMA_D1/I
  -------------------------------------------------------------------    -------------------

                         (clock host_clk_i rise edge)
                                                     25.000    25.000 r  
    H16                                               0.000    25.000 r  clk (IN)
                         net (fo=0)                   0.000    25.000    clk
    H16                  IBUF (Prop_ibuf_I_O)         1.380    26.380 r  ibufg_gclk/O
                         net (fo=1, routed)           1.162    27.542    gclk_i
    MMCME2_ADV_X1Y2      MMCME2_ADV (Prop_mmcme2_adv_CLKIN1_CLKOUT0)
                                                      0.083    27.625 r  MMCME2_BASE_inst/CLKOUT0
                         net (fo=1, routed)           2.012    29.637    host_clk_i
    BUFGCTRL_X0Y16       BUFG (Prop_bufg_I_O)         0.091    29.728 r  bufg_host_clk/O
                         net (fo=7399, routed)        1.577    31.306    top/teaching_board_top/target/bh/TLBroadcastTracker_3/o_data/ram_mask_reg_0_7_0_5/WCLK
    SLICE_X20Y39         RAMD32                                       r  top/teaching_board_top/target/bh/TLBroadcastTracker_3/o_data/ram_mask_reg_0_7_0_5/RAMA_D1/CLK
                         clock pessimism              0.517    31.823    
                         clock uncertainty           -0.082    31.741    
    SLICE_X20Y39         RAMD32 (Setup_ramd32_CLK_I)
                                                     -0.258    31.483    top/teaching_board_top/target/bh/TLBroadcastTracker_3/o_data/ram_mask_reg_0_7_0_5/RAMA_D1
  -------------------------------------------------------------------
                         required time                         31.483    
                         arrival time                         -27.915    
  -------------------------------------------------------------------
                         slack                                  3.568    

Slack (MET) :             3.570ns  (required time - arrival time)
  Source:                 top/teaching_board_top/target/rd2serial/addr_reg[4]/C
                            (rising edge-triggered cell FDRE clocked by host_clk_i  {rise@0.000ns fall@12.500ns period=25.000ns})
  Destination:            top/teaching_board_top/target/bh/TLBroadcastTracker_2/o_data/ram_mask_reg_0_7_0_5/RAMC/I
                            (rising edge-triggered cell RAMD32 clocked by host_clk_i  {rise@0.000ns fall@12.500ns period=25.000ns})
  Path Group:             host_clk_i
  Path Type:              Setup (Max at Slow Process Corner)
  Requirement:            25.000ns  (host_clk_i rise@25.000ns - host_clk_i rise@0.000ns)
  Data Path Delay:        21.193ns  (logic 8.820ns (41.617%)  route 12.373ns (58.383%))
  Logic Levels:           38  (CARRY4=20 LUT2=3 LUT3=2 LUT4=5 LUT5=3 LUT6=5)
  Clock Path Skew:        0.020ns (DCD - SCD + CPR)
    Destination Clock Delay (DCD):    6.303ns = ( 31.303 - 25.000 ) 
    Source Clock Delay      (SCD):    6.800ns
    Clock Pessimism Removal (CPR):    0.517ns
  Clock Uncertainty:      0.082ns  ((TSJ^2 + DJ^2)^1/2) / 2 + PE
    Total System Jitter     (TSJ):    0.071ns
    Discrete Jitter          (DJ):    0.147ns
    Phase Error              (PE):    0.000ns

    Location             Delay type                Incr(ns)  Path(ns)    Netlist Resource(s)
  -------------------------------------------------------------------    -------------------
                         (clock host_clk_i rise edge)
                                                      0.000     0.000 r  
    H16                                               0.000     0.000 r  clk (IN)
                         net (fo=0)                   0.000     0.000    clk
    H16                  IBUF (Prop_ibuf_I_O)         1.451     1.451 r  ibufg_gclk/O
                         net (fo=1, routed)           1.285     2.736    gclk_i
    MMCME2_ADV_X1Y2      MMCME2_ADV (Prop_mmcme2_adv_CLKIN1_CLKOUT0)
                                                      0.088     2.824 r  MMCME2_BASE_inst/CLKOUT0
                         net (fo=1, routed)           2.206     5.030    host_clk_i
    BUFGCTRL_X0Y16       BUFG (Prop_bufg_I_O)         0.101     5.131 r  bufg_host_clk/O
                         net (fo=7399, routed)        1.669     6.800    top/teaching_board_top/target/rd2serial/host_clk
    SLICE_X44Y47         FDRE                                         r  top/teaching_board_top/target/rd2serial/addr_reg[4]/C
  -------------------------------------------------------------------    -------------------
    SLICE_X44Y47         FDRE (Prop_fdre_C_Q)         0.456     7.256 r  top/teaching_board_top/target/rd2serial/addr_reg[4]/Q
                         net (fo=5, routed)           0.464     7.720    top/teaching_board_top/target/rd2serial/addr_reg[31]_0[1]
    SLICE_X43Y46         CARRY4 (Prop_carry4_S[0]_CO[3])
                                                      0.656     8.376 r  top/teaching_board_top/target/rd2serial/addr_reg[7]_i_2/CO[3]
                         net (fo=1, routed)           0.000     8.376    top/teaching_board_top/target/rd2serial/addr_reg[7]_i_2_n_0
    SLICE_X43Y47         CARRY4 (Prop_carry4_CI_CO[3])
                                                      0.114     8.490 r  top/teaching_board_top/target/rd2serial/addr_reg[11]_i_2/CO[3]
                         net (fo=1, routed)           0.000     8.490    top/teaching_board_top/target/rd2serial/addr_reg[11]_i_2_n_0
    SLICE_X43Y48         CARRY4 (Prop_carry4_CI_CO[3])
                                                      0.114     8.604 r  top/teaching_board_top/target/rd2serial/addr_reg[15]_i_2/CO[3]
                         net (fo=1, routed)           0.000     8.604    top/teaching_board_top/target/rd2serial/addr_reg[15]_i_2_n_0
    SLICE_X43Y49         CARRY4 (Prop_carry4_CI_CO[3])
                                                      0.114     8.718 r  top/teaching_board_top/target/rd2serial/addr_reg[19]_i_2/CO[3]
                         net (fo=1, routed)           0.001     8.719    top/teaching_board_top/target/rd2serial/addr_reg[19]_i_2_n_0
    SLICE_X43Y50         CARRY4 (Prop_carry4_CI_CO[3])
                                                      0.114     8.833 r  top/teaching_board_top/target/rd2serial/addr_reg[23]_i_2/CO[3]
                         net (fo=1, routed)           0.000     8.833    top/teaching_board_top/target/rd2serial/addr_reg[23]_i_2_n_0
    SLICE_X43Y51         CARRY4 (Prop_carry4_CI_O[1])
                                                      0.334     9.167 r  top/teaching_board_top/target/rd2serial/addr_reg[27]_i_2/O[1]
                         net (fo=3, routed)           0.529     9.696    top/teaching_board_top/target/rd2serial/_GEN_86[25]
    SLICE_X40Y52         LUT2 (Prop_lut2_I0_O)        0.303     9.999 r  top/teaching_board_top/target/rd2serial/ram_mask_reg_0_1_0_5_i_182/O
                         net (fo=1, routed)           0.000     9.999    top/teaching_board_top/target/rd2serial/ram_mask_reg_0_1_0_5_i_182_n_0
    SLICE_X40Y52         CARRY4 (Prop_carry4_S[1]_CO[3])
                                                      0.550    10.549 r  top/teaching_board_top/target/rd2serial/ram_mask_reg_0_1_0_5_i_122/CO[3]
                         net (fo=1, routed)           0.000    10.549    top/teaching_board_top/target/rd2serial/ram_mask_reg_0_1_0_5_i_122_n_0
    SLICE_X40Y53         CARRY4 (Prop_carry4_CI_CO[3])
                                                      0.114    10.663 r  top/teaching_board_top/target/rd2serial/ram_mask_reg_0_1_0_5_i_101/CO[3]
                         net (fo=1, routed)           0.000    10.663    top/teaching_board_top/target/rd2serial/ram_mask_reg_0_1_0_5_i_101_n_0
    SLICE_X40Y54         CARRY4 (Prop_carry4_CI_CO[3])
                                                      0.114    10.777 r  top/teaching_board_top/target/rd2serial/ram_mask_reg_0_1_0_5_i_105/CO[3]
                         net (fo=1, routed)           0.000    10.777    top/teaching_board_top/target/rd2serial/ram_mask_reg_0_1_0_5_i_105_n_0
    SLICE_X40Y55         CARRY4 (Prop_carry4_CI_CO[3])
                                                      0.114    10.891 r  top/teaching_board_top/target/rd2serial/req_size_reg[1]_i_64/CO[3]
                         net (fo=1, routed)           0.000    10.891    top/teaching_board_top/target/rd2serial/req_size_reg[1]_i_64_n_0
    SLICE_X40Y56         CARRY4 (Prop_carry4_CI_CO[3])
                                                      0.114    11.005 r  top/teaching_board_top/target/rd2serial/req_size_reg[1]_i_60/CO[3]
                         net (fo=1, routed)           0.000    11.005    top/teaching_board_top/target/rd2serial/req_size_reg[1]_i_60_n_0
    SLICE_X40Y57         CARRY4 (Prop_carry4_CI_CO[3])
                                                      0.114    11.119 r  top/teaching_board_top/target/rd2serial/req_size_reg[1]_i_59/CO[3]
                         net (fo=1, routed)           0.000    11.119    top/teaching_board_top/target/rd2serial/req_size_reg[1]_i_59_n_0
    SLICE_X40Y58         CARRY4 (Prop_carry4_CI_CO[3])
                                                      0.114    11.233 r  top/teaching_board_top/target/rd2serial/req_size_reg[1]_i_37/CO[3]
                         net (fo=1, routed)           0.000    11.233    top/teaching_board_top/target/rd2serial/req_size_reg[1]_i_37_n_0
    SLICE_X40Y59         CARRY4 (Prop_carry4_CI_CO[3])
                                                      0.114    11.347 r  top/teaching_board_top/target/rd2serial/req_size_reg[1]_i_34/CO[3]
                         net (fo=1, routed)           0.000    11.347    top/teaching_board_top/target/rd2serial/req_size_reg[1]_i_34_n_0
    SLICE_X40Y60         CARRY4 (Prop_carry4_CI_CO[3])
                                                      0.114    11.461 r  top/teaching_board_top/target/rd2serial/req_size_reg[1]_i_31/CO[3]
                         net (fo=1, routed)           0.000    11.461    top/teaching_board_top/target/rd2serial/req_size_reg[1]_i_31_n_0
    SLICE_X40Y61         CARRY4 (Prop_carry4_CI_O[2])
                                                      0.239    11.700 r  top/teaching_board_top/target/rd2serial/req_size_reg[1]_i_17/O[2]
                         net (fo=7, routed)           0.862    12.562    top/teaching_board_top/target/rd2serial/_GEN_87[62]
    SLICE_X41Y60         LUT4 (Prop_lut4_I3_O)        0.302    12.864 r  top/teaching_board_top/target/rd2serial/req_size[1]_i_84/O
                         net (fo=1, routed)           0.000    12.864    top/teaching_board_top/target/rd2serial/req_size[1]_i_84_n_0
    SLICE_X41Y60         CARRY4 (Prop_carry4_S[3]_CO[3])
                                                      0.401    13.265 r  top/teaching_board_top/target/rd2serial/req_size_reg[1]_i_45/CO[3]
                         net (fo=1, routed)           0.000    13.265    top/teaching_board_top/target/rd2serial/req_size_reg[1]_i_45_n_0
    SLICE_X41Y61         CARRY4 (Prop_carry4_CI_CO[0])
                                                      0.271    13.536 r  top/teaching_board_top/target/rd2serial/req_size_reg[1]_i_18/CO[0]
                         net (fo=163, routed)         1.036    14.572    top/teaching_board_top/target/rd2serial/_T_174
    SLICE_X37Y60         LUT3 (Prop_lut3_I1_O)        0.367    14.939 r  top/teaching_board_top/target/rd2serial/ram_mask_reg_0_1_0_5_i_155/O
                         net (fo=4, routed)           0.471    15.410    top/teaching_board_top/target/rd2serial/ram_mask_reg_0_1_0_5_i_155_n_0
    SLICE_X36Y60         LUT6 (Prop_lut6_I0_O)        0.326    15.736 r  top/teaching_board_top/target/rd2serial/ram_mask_reg_0_1_0_5_i_156/O
                         net (fo=2, routed)           0.463    16.199    top/teaching_board_top/target/rd2serial/ram_mask_reg_0_1_0_5_i_156_n_0
    SLICE_X36Y60         LUT6 (Prop_lut6_I5_O)        0.124    16.323 r  top/teaching_board_top/target/rd2serial/ram_mask_reg_0_1_0_5_i_106/O
                         net (fo=3, routed)           0.439    16.762    top/teaching_board_top/target/rd2serial/ram_mask_reg_0_1_0_5_i_106_n_0
    SLICE_X36Y61         LUT2 (Prop_lut2_I0_O)        0.124    16.886 r  top/teaching_board_top/target/rd2serial/ram_mask_reg_0_1_0_5_i_84/O
                         net (fo=5, routed)           0.605    17.491    top/teaching_board_top/target/rd2serial/ram_mask_reg_0_1_0_5_i_84_n_0
    SLICE_X38Y61         LUT5 (Prop_lut5_I4_O)        0.150    17.641 r  top/teaching_board_top/target/rd2serial/ram_mask_reg_0_1_0_5_i_93/O
                         net (fo=2, routed)           0.801    18.442    top/teaching_board_top/target/rd2serial/ram_mask_reg_0_1_0_5_i_93_n_0
    SLICE_X39Y62         LUT3 (Prop_lut3_I1_O)        0.376    18.818 r  top/teaching_board_top/target/rd2serial/ram_mask_reg_0_1_0_5_i_61/O
                         net (fo=2, routed)           0.803    19.621    top/teaching_board_top/target/rd2serial/ram_mask_reg_0_1_0_5_i_61_n_0
    SLICE_X41Y63         LUT5 (Prop_lut5_I3_O)        0.354    19.975 r  top/teaching_board_top/target/rd2serial/ram_mask_reg_0_1_0_5_i_63/O
                         net (fo=1, routed)           0.575    20.550    top/teaching_board_top/target/rd2serial/ram_mask_reg_0_1_0_5_i_63_n_0
    SLICE_X42Y61         LUT6 (Prop_lut6_I5_O)        0.332    20.882 r  top/teaching_board_top/target/rd2serial/ram_mask_reg_0_1_0_5_i_40/O
                         net (fo=1, routed)           0.000    20.882    top/teaching_board_top/target/rd2serial/ram_mask_reg_0_1_0_5_i_40_n_0
    SLICE_X42Y61         CARRY4 (Prop_carry4_S[2]_CO[3])
                                                      0.380    21.262 r  top/teaching_board_top/target/rd2serial/ram_mask_reg_0_1_0_5_i_27/CO[3]
                         net (fo=1, routed)           0.000    21.262    top/teaching_board_top/target/rd2serial/ram_mask_reg_0_1_0_5_i_27_n_0
    SLICE_X42Y62         CARRY4 (Prop_carry4_CI_CO[2])
                                                      0.229    21.491 f  top/teaching_board_top/target/rd2serial/ram_mask_reg_0_1_0_5_i_26/CO[2]
                         net (fo=1, routed)           0.411    21.902    top/teaching_board_top/target/rd2serial/_T_317[6]
    SLICE_X45Y61         LUT4 (Prop_lut4_I3_O)        0.310    22.212 f  top/teaching_board_top/target/rd2serial/ram_mask_reg_0_1_0_5_i_28/O
                         net (fo=1, routed)           0.641    22.853    top/teaching_board_top/target/rd2serial/ram_mask_reg_0_1_0_5_i_28_n_0
    SLICE_X45Y60         LUT4 (Prop_lut4_I3_O)        0.124    22.977 f  top/teaching_board_top/target/rd2serial/ram_mask_reg_0_1_0_5_i_20/O
                         net (fo=8, routed)           1.132    24.109    top/teaching_board_top/target/rd2serial/ram_mask_reg_0_1_0_5_i_20_n_0
    SLICE_X44Y40         LUT2 (Prop_lut2_I1_O)        0.124    24.233 r  top/teaching_board_top/target/rd2serial/req_address[2]_i_3/O
                         net (fo=6, routed)           0.587    24.820    top/teaching_board_top/target/rd2serial/addr_reg[2]_0
    SLICE_X41Y40         LUT5 (Prop_lut5_I1_O)        0.124    24.944 r  top/teaching_board_top/target/rd2serial/ram_mask_reg_0_1_0_5_i_25/O
                         net (fo=2, routed)           0.412    25.356    top/teaching_board_top/target/rd2serial/ram_mask_reg_0_1_0_5_i_25_n_0
    SLICE_X41Y40         LUT6 (Prop_lut6_I2_O)        0.124    25.480 r  top/teaching_board_top/target/rd2serial/ram_mask_reg_0_1_0_5_i_18/O
                         net (fo=2, routed)           0.459    25.939    top/teaching_board_top/target/sbus/system_bus_xbar/rd2serial_auto_out_a_bits_mask[4]
    SLICE_X41Y39         LUT4 (Prop_lut4_I2_O)        0.124    26.063 r  top/teaching_board_top/target/sbus/system_bus_xbar/req_mask[4]_i_1/O
                         net (fo=2, routed)           0.919    26.982    top/teaching_board_top/target/backend/req_mask_reg[4]_0
    SLICE_X24Y38         LUT6 (Prop_lut6_I5_O)        0.124    27.106 r  top/teaching_board_top/target/backend/ram_mask_reg_0_7_0_5_i_17/O
                         net (fo=1, routed)           0.161    27.267    top/teaching_board_top/target/backend/ram_mask_reg_0_7_0_5_i_17_n_0
    SLICE_X24Y38         LUT4 (Prop_lut4_I0_O)        0.124    27.391 r  top/teaching_board_top/target/backend/ram_mask_reg_0_7_0_5_i_6/O
                         net (fo=4, routed)           0.601    27.993    top/teaching_board_top/target/bh/TLBroadcastTracker_2/o_data/ram_mask_reg_0_7_0_5/DIC0
    SLICE_X22Y37         RAMD32                                       r  top/teaching_board_top/target/bh/TLBroadcastTracker_2/o_data/ram_mask_reg_0_7_0_5/RAMC/I
  -------------------------------------------------------------------    -------------------

                         (clock host_clk_i rise edge)
                                                     25.000    25.000 r  
    H16                                               0.000    25.000 r  clk (IN)
                         net (fo=0)                   0.000    25.000    clk
    H16                  IBUF (Prop_ibuf_I_O)         1.380    26.380 r  ibufg_gclk/O
                         net (fo=1, routed)           1.162    27.542    gclk_i
    MMCME2_ADV_X1Y2      MMCME2_ADV (Prop_mmcme2_adv_CLKIN1_CLKOUT0)
                                                      0.083    27.625 r  MMCME2_BASE_inst/CLKOUT0
                         net (fo=1, routed)           2.012    29.637    host_clk_i
    BUFGCTRL_X0Y16       BUFG (Prop_bufg_I_O)         0.091    29.728 r  bufg_host_clk/O
                         net (fo=7399, routed)        1.574    31.303    top/teaching_board_top/target/bh/TLBroadcastTracker_2/o_data/ram_mask_reg_0_7_0_5/WCLK
    SLICE_X22Y37         RAMD32                                       r  top/teaching_board_top/target/bh/TLBroadcastTracker_2/o_data/ram_mask_reg_0_7_0_5/RAMC/CLK
                         clock pessimism              0.517    31.820    
                         clock uncertainty           -0.082    31.738    
    SLICE_X22Y37         RAMD32 (Setup_ramd32_CLK_I)
                                                     -0.175    31.563    top/teaching_board_top/target/bh/TLBroadcastTracker_2/o_data/ram_mask_reg_0_7_0_5/RAMC
  -------------------------------------------------------------------
                         required time                         31.563    
                         arrival time                         -27.993    
  -------------------------------------------------------------------
                         slack                                  3.570    

Slack (MET) :             3.581ns  (required time - arrival time)
  Source:                 top/teaching_board_top/target/rd2serial/addr_reg[4]/C
                            (rising edge-triggered cell FDRE clocked by host_clk_i  {rise@0.000ns fall@12.500ns period=25.000ns})
  Destination:            top/teaching_board_top/target/bh/TLBroadcastTracker/o_data/ram_mask_reg_0_7_0_5/RAMC/I
                            (rising edge-triggered cell RAMD32 clocked by host_clk_i  {rise@0.000ns fall@12.500ns period=25.000ns})
  Path Group:             host_clk_i
  Path Type:              Setup (Max at Slow Process Corner)
  Requirement:            25.000ns  (host_clk_i rise@25.000ns - host_clk_i rise@0.000ns)
  Data Path Delay:        21.184ns  (logic 8.820ns (41.636%)  route 12.364ns (58.364%))
  Logic Levels:           38  (CARRY4=20 LUT2=3 LUT3=2 LUT4=5 LUT5=3 LUT6=5)
  Clock Path Skew:        0.021ns (DCD - SCD + CPR)
    Destination Clock Delay (DCD):    6.304ns = ( 31.304 - 25.000 ) 
    Source Clock Delay      (SCD):    6.800ns
    Clock Pessimism Removal (CPR):    0.517ns
  Clock Uncertainty:      0.082ns  ((TSJ^2 + DJ^2)^1/2) / 2 + PE
    Total System Jitter     (TSJ):    0.071ns
    Discrete Jitter          (DJ):    0.147ns
    Phase Error              (PE):    0.000ns

    Location             Delay type                Incr(ns)  Path(ns)    Netlist Resource(s)
  -------------------------------------------------------------------    -------------------
                         (clock host_clk_i rise edge)
                                                      0.000     0.000 r  
    H16                                               0.000     0.000 r  clk (IN)
                         net (fo=0)                   0.000     0.000    clk
    H16                  IBUF (Prop_ibuf_I_O)         1.451     1.451 r  ibufg_gclk/O
                         net (fo=1, routed)           1.285     2.736    gclk_i
    MMCME2_ADV_X1Y2      MMCME2_ADV (Prop_mmcme2_adv_CLKIN1_CLKOUT0)
                                                      0.088     2.824 r  MMCME2_BASE_inst/CLKOUT0
                         net (fo=1, routed)           2.206     5.030    host_clk_i
    BUFGCTRL_X0Y16       BUFG (Prop_bufg_I_O)         0.101     5.131 r  bufg_host_clk/O
                         net (fo=7399, routed)        1.669     6.800    top/teaching_board_top/target/rd2serial/host_clk
    SLICE_X44Y47         FDRE                                         r  top/teaching_board_top/target/rd2serial/addr_reg[4]/C
  -------------------------------------------------------------------    -------------------
    SLICE_X44Y47         FDRE (Prop_fdre_C_Q)         0.456     7.256 r  top/teaching_board_top/target/rd2serial/addr_reg[4]/Q
                         net (fo=5, routed)           0.464     7.720    top/teaching_board_top/target/rd2serial/addr_reg[31]_0[1]
    SLICE_X43Y46         CARRY4 (Prop_carry4_S[0]_CO[3])
                                                      0.656     8.376 r  top/teaching_board_top/target/rd2serial/addr_reg[7]_i_2/CO[3]
                         net (fo=1, routed)           0.000     8.376    top/teaching_board_top/target/rd2serial/addr_reg[7]_i_2_n_0
    SLICE_X43Y47         CARRY4 (Prop_carry4_CI_CO[3])
                                                      0.114     8.490 r  top/teaching_board_top/target/rd2serial/addr_reg[11]_i_2/CO[3]
                         net (fo=1, routed)           0.000     8.490    top/teaching_board_top/target/rd2serial/addr_reg[11]_i_2_n_0
    SLICE_X43Y48         CARRY4 (Prop_carry4_CI_CO[3])
                                                      0.114     8.604 r  top/teaching_board_top/target/rd2serial/addr_reg[15]_i_2/CO[3]
                         net (fo=1, routed)           0.000     8.604    top/teaching_board_top/target/rd2serial/addr_reg[15]_i_2_n_0
    SLICE_X43Y49         CARRY4 (Prop_carry4_CI_CO[3])
                                                      0.114     8.718 r  top/teaching_board_top/target/rd2serial/addr_reg[19]_i_2/CO[3]
                         net (fo=1, routed)           0.001     8.719    top/teaching_board_top/target/rd2serial/addr_reg[19]_i_2_n_0
    SLICE_X43Y50         CARRY4 (Prop_carry4_CI_CO[3])
                                                      0.114     8.833 r  top/teaching_board_top/target/rd2serial/addr_reg[23]_i_2/CO[3]
                         net (fo=1, routed)           0.000     8.833    top/teaching_board_top/target/rd2serial/addr_reg[23]_i_2_n_0
    SLICE_X43Y51         CARRY4 (Prop_carry4_CI_O[1])
                                                      0.334     9.167 r  top/teaching_board_top/target/rd2serial/addr_reg[27]_i_2/O[1]
                         net (fo=3, routed)           0.529     9.696    top/teaching_board_top/target/rd2serial/_GEN_86[25]
    SLICE_X40Y52         LUT2 (Prop_lut2_I0_O)        0.303     9.999 r  top/teaching_board_top/target/rd2serial/ram_mask_reg_0_1_0_5_i_182/O
                         net (fo=1, routed)           0.000     9.999    top/teaching_board_top/target/rd2serial/ram_mask_reg_0_1_0_5_i_182_n_0
    SLICE_X40Y52         CARRY4 (Prop_carry4_S[1]_CO[3])
                                                      0.550    10.549 r  top/teaching_board_top/target/rd2serial/ram_mask_reg_0_1_0_5_i_122/CO[3]
                         net (fo=1, routed)           0.000    10.549    top/teaching_board_top/target/rd2serial/ram_mask_reg_0_1_0_5_i_122_n_0
    SLICE_X40Y53         CARRY4 (Prop_carry4_CI_CO[3])
                                                      0.114    10.663 r  top/teaching_board_top/target/rd2serial/ram_mask_reg_0_1_0_5_i_101/CO[3]
                         net (fo=1, routed)           0.000    10.663    top/teaching_board_top/target/rd2serial/ram_mask_reg_0_1_0_5_i_101_n_0
    SLICE_X40Y54         CARRY4 (Prop_carry4_CI_CO[3])
                                                      0.114    10.777 r  top/teaching_board_top/target/rd2serial/ram_mask_reg_0_1_0_5_i_105/CO[3]
                         net (fo=1, routed)           0.000    10.777    top/teaching_board_top/target/rd2serial/ram_mask_reg_0_1_0_5_i_105_n_0
    SLICE_X40Y55         CARRY4 (Prop_carry4_CI_CO[3])
                                                      0.114    10.891 r  top/teaching_board_top/target/rd2serial/req_size_reg[1]_i_64/CO[3]
                         net (fo=1, routed)           0.000    10.891    top/teaching_board_top/target/rd2serial/req_size_reg[1]_i_64_n_0
    SLICE_X40Y56         CARRY4 (Prop_carry4_CI_CO[3])
                                                      0.114    11.005 r  top/teaching_board_top/target/rd2serial/req_size_reg[1]_i_60/CO[3]
                         net (fo=1, routed)           0.000    11.005    top/teaching_board_top/target/rd2serial/req_size_reg[1]_i_60_n_0
    SLICE_X40Y57         CARRY4 (Prop_carry4_CI_CO[3])
                                                      0.114    11.119 r  top/teaching_board_top/target/rd2serial/req_size_reg[1]_i_59/CO[3]
                         net (fo=1, routed)           0.000    11.119    top/teaching_board_top/target/rd2serial/req_size_reg[1]_i_59_n_0
    SLICE_X40Y58         CARRY4 (Prop_carry4_CI_CO[3])
                                                      0.114    11.233 r  top/teaching_board_top/target/rd2serial/req_size_reg[1]_i_37/CO[3]
                         net (fo=1, routed)           0.000    11.233    top/teaching_board_top/target/rd2serial/req_size_reg[1]_i_37_n_0
    SLICE_X40Y59         CARRY4 (Prop_carry4_CI_CO[3])
                                                      0.114    11.347 r  top/teaching_board_top/target/rd2serial/req_size_reg[1]_i_34/CO[3]
                         net (fo=1, routed)           0.000    11.347    top/teaching_board_top/target/rd2serial/req_size_reg[1]_i_34_n_0
    SLICE_X40Y60         CARRY4 (Prop_carry4_CI_CO[3])
                                                      0.114    11.461 r  top/teaching_board_top/target/rd2serial/req_size_reg[1]_i_31/CO[3]
                         net (fo=1, routed)           0.000    11.461    top/teaching_board_top/target/rd2serial/req_size_reg[1]_i_31_n_0
    SLICE_X40Y61         CARRY4 (Prop_carry4_CI_O[2])
                                                      0.239    11.700 r  top/teaching_board_top/target/rd2serial/req_size_reg[1]_i_17/O[2]
                         net (fo=7, routed)           0.862    12.562    top/teaching_board_top/target/rd2serial/_GEN_87[62]
    SLICE_X41Y60         LUT4 (Prop_lut4_I3_O)        0.302    12.864 r  top/teaching_board_top/target/rd2serial/req_size[1]_i_84/O
                         net (fo=1, routed)           0.000    12.864    top/teaching_board_top/target/rd2serial/req_size[1]_i_84_n_0
    SLICE_X41Y60         CARRY4 (Prop_carry4_S[3]_CO[3])
                                                      0.401    13.265 r  top/teaching_board_top/target/rd2serial/req_size_reg[1]_i_45/CO[3]
                         net (fo=1, routed)           0.000    13.265    top/teaching_board_top/target/rd2serial/req_size_reg[1]_i_45_n_0
    SLICE_X41Y61         CARRY4 (Prop_carry4_CI_CO[0])
                                                      0.271    13.536 r  top/teaching_board_top/target/rd2serial/req_size_reg[1]_i_18/CO[0]
                         net (fo=163, routed)         1.036    14.572    top/teaching_board_top/target/rd2serial/_T_174
    SLICE_X37Y60         LUT3 (Prop_lut3_I1_O)        0.367    14.939 r  top/teaching_board_top/target/rd2serial/ram_mask_reg_0_1_0_5_i_155/O
                         net (fo=4, routed)           0.471    15.410    top/teaching_board_top/target/rd2serial/ram_mask_reg_0_1_0_5_i_155_n_0
    SLICE_X36Y60         LUT6 (Prop_lut6_I0_O)        0.326    15.736 r  top/teaching_board_top/target/rd2serial/ram_mask_reg_0_1_0_5_i_156/O
                         net (fo=2, routed)           0.463    16.199    top/teaching_board_top/target/rd2serial/ram_mask_reg_0_1_0_5_i_156_n_0
    SLICE_X36Y60         LUT6 (Prop_lut6_I5_O)        0.124    16.323 r  top/teaching_board_top/target/rd2serial/ram_mask_reg_0_1_0_5_i_106/O
                         net (fo=3, routed)           0.439    16.762    top/teaching_board_top/target/rd2serial/ram_mask_reg_0_1_0_5_i_106_n_0
    SLICE_X36Y61         LUT2 (Prop_lut2_I0_O)        0.124    16.886 r  top/teaching_board_top/target/rd2serial/ram_mask_reg_0_1_0_5_i_84/O
                         net (fo=5, routed)           0.605    17.491    top/teaching_board_top/target/rd2serial/ram_mask_reg_0_1_0_5_i_84_n_0
    SLICE_X38Y61         LUT5 (Prop_lut5_I4_O)        0.150    17.641 r  top/teaching_board_top/target/rd2serial/ram_mask_reg_0_1_0_5_i_93/O
                         net (fo=2, routed)           0.801    18.442    top/teaching_board_top/target/rd2serial/ram_mask_reg_0_1_0_5_i_93_n_0
    SLICE_X39Y62         LUT3 (Prop_lut3_I1_O)        0.376    18.818 r  top/teaching_board_top/target/rd2serial/ram_mask_reg_0_1_0_5_i_61/O
                         net (fo=2, routed)           0.803    19.621    top/teaching_board_top/target/rd2serial/ram_mask_reg_0_1_0_5_i_61_n_0
    SLICE_X41Y63         LUT5 (Prop_lut5_I3_O)        0.354    19.975 r  top/teaching_board_top/target/rd2serial/ram_mask_reg_0_1_0_5_i_63/O
                         net (fo=1, routed)           0.575    20.550    top/teaching_board_top/target/rd2serial/ram_mask_reg_0_1_0_5_i_63_n_0
    SLICE_X42Y61         LUT6 (Prop_lut6_I5_O)        0.332    20.882 r  top/teaching_board_top/target/rd2serial/ram_mask_reg_0_1_0_5_i_40/O
                         net (fo=1, routed)           0.000    20.882    top/teaching_board_top/target/rd2serial/ram_mask_reg_0_1_0_5_i_40_n_0
    SLICE_X42Y61         CARRY4 (Prop_carry4_S[2]_CO[3])
                                                      0.380    21.262 r  top/teaching_board_top/target/rd2serial/ram_mask_reg_0_1_0_5_i_27/CO[3]
                         net (fo=1, routed)           0.000    21.262    top/teaching_board_top/target/rd2serial/ram_mask_reg_0_1_0_5_i_27_n_0
    SLICE_X42Y62         CARRY4 (Prop_carry4_CI_CO[2])
                                                      0.229    21.491 f  top/teaching_board_top/target/rd2serial/ram_mask_reg_0_1_0_5_i_26/CO[2]
                         net (fo=1, routed)           0.411    21.902    top/teaching_board_top/target/rd2serial/_T_317[6]
    SLICE_X45Y61         LUT4 (Prop_lut4_I3_O)        0.310    22.212 f  top/teaching_board_top/target/rd2serial/ram_mask_reg_0_1_0_5_i_28/O
                         net (fo=1, routed)           0.641    22.853    top/teaching_board_top/target/rd2serial/ram_mask_reg_0_1_0_5_i_28_n_0
    SLICE_X45Y60         LUT4 (Prop_lut4_I3_O)        0.124    22.977 f  top/teaching_board_top/target/rd2serial/ram_mask_reg_0_1_0_5_i_20/O
                         net (fo=8, routed)           1.132    24.109    top/teaching_board_top/target/rd2serial/ram_mask_reg_0_1_0_5_i_20_n_0
    SLICE_X44Y40         LUT2 (Prop_lut2_I1_O)        0.124    24.233 r  top/teaching_board_top/target/rd2serial/req_address[2]_i_3/O
                         net (fo=6, routed)           0.587    24.820    top/teaching_board_top/target/rd2serial/addr_reg[2]_0
    SLICE_X41Y40         LUT5 (Prop_lut5_I1_O)        0.124    24.944 r  top/teaching_board_top/target/rd2serial/ram_mask_reg_0_1_0_5_i_25/O
                         net (fo=2, routed)           0.412    25.356    top/teaching_board_top/target/rd2serial/ram_mask_reg_0_1_0_5_i_25_n_0
    SLICE_X41Y40         LUT6 (Prop_lut6_I2_O)        0.124    25.480 r  top/teaching_board_top/target/rd2serial/ram_mask_reg_0_1_0_5_i_18/O
                         net (fo=2, routed)           0.459    25.939    top/teaching_board_top/target/sbus/system_bus_xbar/rd2serial_auto_out_a_bits_mask[4]
    SLICE_X41Y39         LUT4 (Prop_lut4_I2_O)        0.124    26.063 r  top/teaching_board_top/target/sbus/system_bus_xbar/req_mask[4]_i_1/O
                         net (fo=2, routed)           0.919    26.982    top/teaching_board_top/target/backend/req_mask_reg[4]_0
    SLICE_X24Y38         LUT6 (Prop_lut6_I5_O)        0.124    27.106 r  top/teaching_board_top/target/backend/ram_mask_reg_0_7_0_5_i_17/O
                         net (fo=1, routed)           0.161    27.267    top/teaching_board_top/target/backend/ram_mask_reg_0_7_0_5_i_17_n_0
    SLICE_X24Y38         LUT4 (Prop_lut4_I0_O)        0.124    27.391 r  top/teaching_board_top/target/backend/ram_mask_reg_0_7_0_5_i_6/O
                         net (fo=4, routed)           0.592    27.983    top/teaching_board_top/target/bh/TLBroadcastTracker/o_data/ram_mask_reg_0_7_0_5/DIC0
    SLICE_X22Y38         RAMD32                                       r  top/teaching_board_top/target/bh/TLBroadcastTracker/o_data/ram_mask_reg_0_7_0_5/RAMC/I
  -------------------------------------------------------------------    -------------------

                         (clock host_clk_i rise edge)
                                                     25.000    25.000 r  
    H16                                               0.000    25.000 r  clk (IN)
                         net (fo=0)                   0.000    25.000    clk
    H16                  IBUF (Prop_ibuf_I_O)         1.380    26.380 r  ibufg_gclk/O
                         net (fo=1, routed)           1.162    27.542    gclk_i
    MMCME2_ADV_X1Y2      MMCME2_ADV (Prop_mmcme2_adv_CLKIN1_CLKOUT0)
                                                      0.083    27.625 r  MMCME2_BASE_inst/CLKOUT0
                         net (fo=1, routed)           2.012    29.637    host_clk_i
    BUFGCTRL_X0Y16       BUFG (Prop_bufg_I_O)         0.091    29.728 r  bufg_host_clk/O
                         net (fo=7399, routed)        1.575    31.304    top/teaching_board_top/target/bh/TLBroadcastTracker/o_data/ram_mask_reg_0_7_0_5/WCLK
    SLICE_X22Y38         RAMD32                                       r  top/teaching_board_top/target/bh/TLBroadcastTracker/o_data/ram_mask_reg_0_7_0_5/RAMC/CLK
                         clock pessimism              0.517    31.821    
                         clock uncertainty           -0.082    31.739    
    SLICE_X22Y38         RAMD32 (Setup_ramd32_CLK_I)
                                                     -0.175    31.564    top/teaching_board_top/target/bh/TLBroadcastTracker/o_data/ram_mask_reg_0_7_0_5/RAMC
  -------------------------------------------------------------------
                         required time                         31.564    
                         arrival time                         -27.983    
  -------------------------------------------------------------------
                         slack                                  3.581    

Slack (MET) :             20.763ns  (required time - arrival time)
  Source:                 rocketchip_wrapper/system/system_axi_interconnect_1_0/s00_couplers_imp_8CNLH6/system_axi_interconnect_1_imp_auto_pc_0/system_axi_interconnect_1_imp_auto_pc_0_axi_protocol_converter_v2_1_37_axi_protocol_converter/system_axi_interconnect_1_imp_auto_pc_0_axi_protocol_converter_v2_1_37_axi3_conv/system_axi_interconnect_1_imp_auto_pc_0_axi_protocol_converter_v2_1_37_a_axi3_conv/system_axi_interconnect_1_imp_auto_pc_0_axi_data_fifo_v2_1_36_axic_fifo/system_axi_interconnect_1_imp_auto_pc_0_axi_data_fifo_v2_1_36_fifo_gen/<hidden>/<hidden>/<hidden>/<hidden>/<hidden>/<hidden>
                            (rising edge-triggered cell FDPE clocked by host_clk_i  {rise@0.000ns fall@12.500ns period=25.000ns})
  Destination:            rocketchip_wrapper/system/system_axi_interconnect_1_0/s00_couplers_imp_8CNLH6/system_axi_interconnect_1_imp_auto_pc_0/system_axi_interconnect_1_imp_auto_pc_0_axi_protocol_converter_v2_1_37_axi_protocol_converter/system_axi_interconnect_1_imp_auto_pc_0_axi_protocol_converter_v2_1_37_axi3_conv/system_axi_interconnect_1_imp_auto_pc_0_axi_protocol_converter_v2_1_37_a_axi3_conv/system_axi_interconnect_1_imp_auto_pc_0_axi_data_fifo_v2_1_36_axic_fifo/system_axi_interconnect_1_imp_auto_pc_0_axi_data_fifo_v2_1_36_fifo_gen/<hidden>/<hidden>/<hidden>/<hidden>/<hidden>/<hidden>
                            (recovery check against rising-edge clock host_clk_i  {rise@0.000ns fall@12.500ns period=25.000ns})
  Path Group:             **async_default**
  Path Type:              Recovery (Max at Slow Process Corner)
  Requirement:            25.000ns  (host_clk_i rise@25.000ns - host_clk_i rise@0.000ns)
  Data Path Delay:        3.511ns  (logic 0.773ns (22.014%)  route 2.738ns (77.986%))
  Logic Levels:           1  (LUT3=1)
  Clock Path Skew:        -0.239ns (DCD - SCD + CPR)
    Destination Clock Delay (DCD):    6.247ns = ( 31.247 - 25.000 ) 
    Source Clock Delay      (SCD):    6.889ns
    Clock Pessimism Removal (CPR):    0.402ns
  Clock Uncertainty:      0.082ns  ((TSJ^2 + DJ^2)^1/2) / 2 + PE
    Total System Jitter     (TSJ):    0.071ns
    Discrete Jitter          (DJ):    0.147ns
    Phase Error              (PE):    0.000ns

    Location             Delay type                Incr(ns)  Path(ns)    Netlist Resource(s)
  -------------------------------------------------------------------    -------------------
                         (clock host_clk_i rise edge)
                                                      0.000     0.000 r  
    H16                                               0.000     0.000 r  clk (IN)
                         net (fo=0)                   0.000     0.000    clk
    H16                  IBUF (Prop_ibuf_I_O)         1.451     1.451 r  ibufg_gclk/O
                         net (fo=1, routed)           1.285     2.736    gclk_i
    MMCME2_ADV_X1Y2      MMCME2_ADV (Prop_mmcme2_adv_CLKIN1_CLKOUT0)
                                                      0.088     2.824 r  MMCME2_BASE_inst/CLKOUT0
                         net (fo=1, routed)           2.206     5.030    host_clk_i
    BUFGCTRL_X0Y16       BUFG (Prop_bufg_I_O)         0.101     5.131 r  bufg_host_clk/O
                         net (fo=7399, routed)        1.758     6.889    rocketchip_wrapper/system/system_axi_interconnect_1_0/s00_couplers_imp_8CNLH6/system_axi_interconnect_1_imp_auto_pc_0/system_axi_interconnect_1_imp_auto_pc_0_axi_protocol_converter_v2_1_37_axi_protocol_converter/system_axi_interconnect_1_imp_auto_pc_0_axi_protocol_converter_v2_1_37_axi3_conv/system_axi_interconnect_1_imp_auto_pc_0_axi_protocol_converter_v2_1_37_a_axi3_conv/system_axi_interconnect_1_imp_auto_pc_0_axi_data_fifo_v2_1_36_axic_fifo/system_axi_interconnect_1_imp_auto_pc_0_axi_data_fifo_v2_1_36_fifo_gen/<hidden>/<hidden>/<hidden>/<hidden>/<hidden>/<hidden>
    SLICE_X14Y49         FDPE                                         r  rocketchip_wrapper/system/system_axi_interconnect_1_0/s00_couplers_imp_8CNLH6/system_axi_interconnect_1_imp_auto_pc_0/system_axi_interconnect_1_imp_auto_pc_0_axi_protocol_converter_v2_1_37_axi_protocol_converter/system_axi_interconnect_1_imp_auto_pc_0_axi_protocol_converter_v2_1_37_axi3_conv/system_axi_interconnect_1_imp_auto_pc_0_axi_protocol_converter_v2_1_37_a_axi3_conv/system_axi_interconnect_1_imp_auto_pc_0_axi_data_fifo_v2_1_36_axic_fifo/system_axi_interconnect_1_imp_auto_pc_0_axi_data_fifo_v2_1_36_fifo_gen/<hidden>/<hidden>/<hidden>/<hidden>/<hidden>/<hidden>
  -------------------------------------------------------------------    -------------------
    SLICE_X14Y49         FDPE (Prop_fdpe_C_Q)         0.478     7.367 f  rocketchip_wrapper/system/system_axi_interconnect_1_0/s00_couplers_imp_8CNLH6/system_axi_interconnect_1_imp_auto_pc_0/system_axi_interconnect_1_imp_auto_pc_0_axi_protocol_converter_v2_1_37_axi_protocol_converter/system_axi_interconnect_1_imp_auto_pc_0_axi_protocol_converter_v2_1_37_axi3_conv/system_axi_interconnect_1_imp_auto_pc_0_axi_protocol_converter_v2_1_37_a_axi3_conv/system_axi_interconnect_1_imp_auto_pc_0_axi_data_fifo_v2_1_36_axic_fifo/system_axi_interconnect_1_imp_auto_pc_0_axi_data_fifo_v2_1_36_fifo_gen/<hidden>/<hidden>/<hidden>/<hidden>/<hidden>/<hidden>
                         net (fo=3, routed)           0.594     7.961    rocketchip_wrapper/system/system_axi_interconnect_1_0/s00_couplers_imp_8CNLH6/system_axi_interconnect_1_imp_auto_pc_0/system_axi_interconnect_1_imp_auto_pc_0_axi_protocol_converter_v2_1_37_axi_protocol_converter/system_axi_interconnect_1_imp_auto_pc_0_axi_protocol_converter_v2_1_37_axi3_conv/system_axi_interconnect_1_imp_auto_pc_0_axi_protocol_converter_v2_1_37_a_axi3_conv/system_axi_interconnect_1_imp_auto_pc_0_axi_data_fifo_v2_1_36_axic_fifo/system_axi_interconnect_1_imp_auto_pc_0_axi_data_fifo_v2_1_36_fifo_gen/<hidden>/<hidden>/<hidden>/<hidden>/<hidden>
    SLICE_X13Y49         LUT3 (Prop_lut3_I2_O)        0.295     8.256 f  rocketchip_wrapper/system/system_axi_interconnect_1_0/s00_couplers_imp_8CNLH6/system_axi_interconnect_1_imp_auto_pc_0/system_axi_interconnect_1_imp_auto_pc_0_axi_protocol_converter_v2_1_37_axi_protocol_converter/system_axi_interconnect_1_imp_auto_pc_0_axi_protocol_converter_v2_1_37_axi3_conv/system_axi_interconnect_1_imp_auto_pc_0_axi_protocol_converter_v2_1_37_a_axi3_conv/system_axi_interconnect_1_imp_auto_pc_0_axi_data_fifo_v2_1_36_axic_fifo/system_axi_interconnect_1_imp_auto_pc_0_axi_data_fifo_v2_1_36_fifo_gen/<hidden>/<hidden>/<hidden>/<hidden>/<hidden>
                         net (fo=32, routed)          2.144    10.400    rocketchip_wrapper/system/system_axi_interconnect_1_0/s00_couplers_imp_8CNLH6/system_axi_interconnect_1_imp_auto_pc_0/system_axi_interconnect_1_imp_auto_pc_0_axi_protocol_converter_v2_1_37_axi_protocol_converter/system_axi_interconnect_1_imp_auto_pc_0_axi_protocol_converter_v2_1_37_axi3_conv/system_axi_interconnect_1_imp_auto_pc_0_axi_protocol_converter_v2_1_37_a_axi3_conv/system_axi_interconnect_1_imp_auto_pc_0_axi_data_fifo_v2_1_36_axic_fifo/system_axi_interconnect_1_imp_auto_pc_0_axi_data_fifo_v2_1_36_fifo_gen/<hidden>/<hidden>/<hidden>/<hidden>/<hidden>/<hidden>
    SLICE_X27Y60         FDCE                                         f  rocketchip_wrapper/system/system_axi_interconnect_1_0/s00_couplers_imp_8CNLH6/system_axi_interconnect_1_imp_auto_pc_0/system_axi_interconnect_1_imp_auto_pc_0_axi_protocol_converter_v2_1_37_axi_protocol_converter/system_axi_interconnect_1_imp_auto_pc_0_axi_protocol_converter_v2_1_37_axi3_conv/system_axi_interconnect_1_imp_auto_pc_0_axi_protocol_converter_v2_1_37_a_axi3_conv/system_axi_interconnect_1_imp_auto_pc_0_axi_data_fifo_v2_1_36_axic_fifo/system_axi_interconnect_1_imp_auto_pc_0_axi_data_fifo_v2_1_36_fifo_gen/<hidden>/<hidden>/<hidden>/<hidden>/<hidden>/<hidden>
  -------------------------------------------------------------------    -------------------

                         (clock host_clk_i rise edge)
                                                     25.000    25.000 r  
    H16                                               0.000    25.000 r  clk (IN)
                         net (fo=0)                   0.000    25.000    clk
    H16                  IBUF (Prop_ibuf_I_O)         1.380    26.380 r  ibufg_gclk/O
                         net (fo=1, routed)           1.162    27.542    gclk_i
    MMCME2_ADV_X1Y2      MMCME2_ADV (Prop_mmcme2_adv_CLKIN1_CLKOUT0)
                                                      0.083    27.625 r  MMCME2_BASE_inst/CLKOUT0
                         net (fo=1, routed)           2.012    29.637    host_clk_i
    BUFGCTRL_X0Y16       BUFG (Prop_bufg_I_O)         0.091    29.728 r  bufg_host_clk/O
                         net (fo=7399, routed)        1.519    31.247    rocketchip_wrapper/system/system_axi_interconnect_1_0/s00_couplers_imp_8CNLH6/system_axi_interconnect_1_imp_auto_pc_0/system_axi_interconnect_1_imp_auto_pc_0_axi_protocol_converter_v2_1_37_axi_protocol_converter/system_axi_interconnect_1_imp_auto_pc_0_axi_protocol_converter_v2_1_37_axi3_conv/system_axi_interconnect_1_imp_auto_pc_0_axi_protocol_converter_v2_1_37_a_axi3_conv/system_axi_interconnect_1_imp_auto_pc_0_axi_data_fifo_v2_1_36_axic_fifo/system_axi_interconnect_1_imp_auto_pc_0_axi_data_fifo_v2_1_36_fifo_gen/<hidden>/<hidden>/<hidden>/<hidden>/<hidden>/<hidden>
    SLICE_X27Y60         FDCE                                         r  rocketchip_wrapper/system/system_axi_interconnect_1_0/s00_couplers_imp_8CNLH6/system_axi_interconnect_1_imp_auto_pc_0/system_axi_interconnect_1_imp_auto_pc_0_axi_protocol_converter_v2_1_37_axi_protocol_converter/system_axi_interconnect_1_imp_auto_pc_0_axi_protocol_converter_v2_1_37_axi3_conv/system_axi_interconnect_1_imp_auto_pc_0_axi_protocol_converter_v2_1_37_a_axi3_conv/system_axi_interconnect_1_imp_auto_pc_0_axi_data_fifo_v2_1_36_axic_fifo/system_axi_interconnect_1_imp_auto_pc_0_axi_data_fifo_v2_1_36_fifo_gen/<hidden>/<hidden>/<hidden>/<hidden>/<hidden>/<hidden>
                         clock pessimism              0.402    31.649    
                         clock uncertainty           -0.082    31.568    
    SLICE_X27Y60         FDCE (Recov_fdce_C_CLR)     -0.405    31.163    rocketchip_wrapper/system/system_axi_interconnect_1_0/s00_couplers_imp_8CNLH6/system_axi_interconnect_1_imp_auto_pc_0/system_axi_interconnect_1_imp_auto_pc_0_axi_protocol_converter_v2_1_37_axi_protocol_converter/system_axi_interconnect_1_imp_auto_pc_0_axi_protocol_converter_v2_1_37_axi3_conv/system_axi_interconnect_1_imp_auto_pc_0_axi_protocol_converter_v2_1_37_a_axi3_conv/system_axi_interconnect_1_imp_auto_pc_0_axi_data_fifo_v2_1_36_axic_fifo/system_axi_interconnect_1_imp_auto_pc_0_axi_data_fifo_v2_1_36_fifo_gen/<hidden>/<hidden>/<hidden>/<hidden>/<hidden>/<hidden>
  -------------------------------------------------------------------
                         required time                         31.163    
                         arrival time                         -10.400    
  -------------------------------------------------------------------
                         slack                                 20.763    

Slack (MET) :             20.763ns  (required time - arrival time)
  Source:                 rocketchip_wrapper/system/system_axi_interconnect_1_0/s00_couplers_imp_8CNLH6/system_axi_interconnect_1_imp_auto_pc_0/system_axi_interconnect_1_imp_auto_pc_0_axi_protocol_converter_v2_1_37_axi_protocol_converter/system_axi_interconnect_1_imp_auto_pc_0_axi_protocol_converter_v2_1_37_axi3_conv/system_axi_interconnect_1_imp_auto_pc_0_axi_protocol_converter_v2_1_37_a_axi3_conv/system_axi_interconnect_1_imp_auto_pc_0_axi_data_fifo_v2_1_36_axic_fifo/system_axi_interconnect_1_imp_auto_pc_0_axi_data_fifo_v2_1_36_fifo_gen/<hidden>/<hidden>/<hidden>/<hidden>/<hidden>/<hidden>
                            (rising edge-triggered cell FDPE clocked by host_clk_i  {rise@0.000ns fall@12.500ns period=25.000ns})
  Destination:            rocketchip_wrapper/system/system_axi_interconnect_1_0/s00_couplers_imp_8CNLH6/system_axi_interconnect_1_imp_auto_pc_0/system_axi_interconnect_1_imp_auto_pc_0_axi_protocol_converter_v2_1_37_axi_protocol_converter/system_axi_interconnect_1_imp_auto_pc_0_axi_protocol_converter_v2_1_37_axi3_conv/system_axi_interconnect_1_imp_auto_pc_0_axi_protocol_converter_v2_1_37_a_axi3_conv/system_axi_interconnect_1_imp_auto_pc_0_axi_data_fifo_v2_1_36_axic_fifo/system_axi_interconnect_1_imp_auto_pc_0_axi_data_fifo_v2_1_36_fifo_gen/<hidden>/<hidden>/<hidden>/<hidden>/<hidden>/<hidden>
                            (recovery check against rising-edge clock host_clk_i  {rise@0.000ns fall@12.500ns period=25.000ns})
  Path Group:             **async_default**
  Path Type:              Recovery (Max at Slow Process Corner)
  Requirement:            25.000ns  (host_clk_i rise@25.000ns - host_clk_i rise@0.000ns)
  Data Path Delay:        3.511ns  (logic 0.773ns (22.014%)  route 2.738ns (77.986%))
  Logic Levels:           1  (LUT3=1)
  Clock Path Skew:        -0.239ns (DCD - SCD + CPR)
    Destination Clock Delay (DCD):    6.247ns = ( 31.247 - 25.000 ) 
    Source Clock Delay      (SCD):    6.889ns
    Clock Pessimism Removal (CPR):    0.402ns
  Clock Uncertainty:      0.082ns  ((TSJ^2 + DJ^2)^1/2) / 2 + PE
    Total System Jitter     (TSJ):    0.071ns
    Discrete Jitter          (DJ):    0.147ns
    Phase Error              (PE):    0.000ns

    Location             Delay type                Incr(ns)  Path(ns)    Netlist Resource(s)
  -------------------------------------------------------------------    -------------------
                         (clock host_clk_i rise edge)
                                                      0.000     0.000 r  
    H16                                               0.000     0.000 r  clk (IN)
                         net (fo=0)                   0.000     0.000    clk
    H16                  IBUF (Prop_ibuf_I_O)         1.451     1.451 r  ibufg_gclk/O
                         net (fo=1, routed)           1.285     2.736    gclk_i
    MMCME2_ADV_X1Y2      MMCME2_ADV (Prop_mmcme2_adv_CLKIN1_CLKOUT0)
                                                      0.088     2.824 r  MMCME2_BASE_inst/CLKOUT0
                         net (fo=1, routed)           2.206     5.030    host_clk_i
    BUFGCTRL_X0Y16       BUFG (Prop_bufg_I_O)         0.101     5.131 r  bufg_host_clk/O
                         net (fo=7399, routed)        1.758     6.889    rocketchip_wrapper/system/system_axi_interconnect_1_0/s00_couplers_imp_8CNLH6/system_axi_interconnect_1_imp_auto_pc_0/system_axi_interconnect_1_imp_auto_pc_0_axi_protocol_converter_v2_1_37_axi_protocol_converter/system_axi_interconnect_1_imp_auto_pc_0_axi_protocol_converter_v2_1_37_axi3_conv/system_axi_interconnect_1_imp_auto_pc_0_axi_protocol_converter_v2_1_37_a_axi3_conv/system_axi_interconnect_1_imp_auto_pc_0_axi_data_fifo_v2_1_36_axic_fifo/system_axi_interconnect_1_imp_auto_pc_0_axi_data_fifo_v2_1_36_fifo_gen/<hidden>/<hidden>/<hidden>/<hidden>/<hidden>/<hidden>
    SLICE_X14Y49         FDPE                                         r  rocketchip_wrapper/system/system_axi_interconnect_1_0/s00_couplers_imp_8CNLH6/system_axi_interconnect_1_imp_auto_pc_0/system_axi_interconnect_1_imp_auto_pc_0_axi_protocol_converter_v2_1_37_axi_protocol_converter/system_axi_interconnect_1_imp_auto_pc_0_axi_protocol_converter_v2_1_37_axi3_conv/system_axi_interconnect_1_imp_auto_pc_0_axi_protocol_converter_v2_1_37_a_axi3_conv/system_axi_interconnect_1_imp_auto_pc_0_axi_data_fifo_v2_1_36_axic_fifo/system_axi_interconnect_1_imp_auto_pc_0_axi_data_fifo_v2_1_36_fifo_gen/<hidden>/<hidden>/<hidden>/<hidden>/<hidden>/<hidden>
  -------------------------------------------------------------------    -------------------
    SLICE_X14Y49         FDPE (Prop_fdpe_C_Q)         0.478     7.367 f  rocketchip_wrapper/system/system_axi_interconnect_1_0/s00_couplers_imp_8CNLH6/system_axi_interconnect_1_imp_auto_pc_0/system_axi_interconnect_1_imp_auto_pc_0_axi_protocol_converter_v2_1_37_axi_protocol_converter/system_axi_interconnect_1_imp_auto_pc_0_axi_protocol_converter_v2_1_37_axi3_conv/system_axi_interconnect_1_imp_auto_pc_0_axi_protocol_converter_v2_1_37_a_axi3_conv/system_axi_interconnect_1_imp_auto_pc_0_axi_data_fifo_v2_1_36_axic_fifo/system_axi_interconnect_1_imp_auto_pc_0_axi_data_fifo_v2_1_36_fifo_gen/<hidden>/<hidden>/<hidden>/<hidden>/<hidden>/<hidden>
                         net (fo=3, routed)           0.594     7.961    rocketchip_wrapper/system/system_axi_interconnect_1_0/s00_couplers_imp_8CNLH6/system_axi_interconnect_1_imp_auto_pc_0/system_axi_interconnect_1_imp_auto_pc_0_axi_protocol_converter_v2_1_37_axi_protocol_converter/system_axi_interconnect_1_imp_auto_pc_0_axi_protocol_converter_v2_1_37_axi3_conv/system_axi_interconnect_1_imp_auto_pc_0_axi_protocol_converter_v2_1_37_a_axi3_conv/system_axi_interconnect_1_imp_auto_pc_0_axi_data_fifo_v2_1_36_axic_fifo/system_axi_interconnect_1_imp_auto_pc_0_axi_data_fifo_v2_1_36_fifo_gen/<hidden>/<hidden>/<hidden>/<hidden>/<hidden>
    SLICE_X13Y49         LUT3 (Prop_lut3_I2_O)        0.295     8.256 f  rocketchip_wrapper/system/system_axi_interconnect_1_0/s00_couplers_imp_8CNLH6/system_axi_interconnect_1_imp_auto_pc_0/system_axi_interconnect_1_imp_auto_pc_0_axi_protocol_converter_v2_1_37_axi_protocol_converter/system_axi_interconnect_1_imp_auto_pc_0_axi_protocol_converter_v2_1_37_axi3_conv/system_axi_interconnect_1_imp_auto_pc_0_axi_protocol_converter_v2_1_37_a_axi3_conv/system_axi_interconnect_1_imp_auto_pc_0_axi_data_fifo_v2_1_36_axic_fifo/system_axi_interconnect_1_imp_auto_pc_0_axi_data_fifo_v2_1_36_fifo_gen/<hidden>/<hidden>/<hidden>/<hidden>/<hidden>
                         net (fo=32, routed)          2.144    10.400    rocketchip_wrapper/system/system_axi_interconnect_1_0/s00_couplers_imp_8CNLH6/system_axi_interconnect_1_imp_auto_pc_0/system_axi_interconnect_1_imp_auto_pc_0_axi_protocol_converter_v2_1_37_axi_protocol_converter/system_axi_interconnect_1_imp_auto_pc_0_axi_protocol_converter_v2_1_37_axi3_conv/system_axi_interconnect_1_imp_auto_pc_0_axi_protocol_converter_v2_1_37_a_axi3_conv/system_axi_interconnect_1_imp_auto_pc_0_axi_data_fifo_v2_1_36_axic_fifo/system_axi_interconnect_1_imp_auto_pc_0_axi_data_fifo_v2_1_36_fifo_gen/<hidden>/<hidden>/<hidden>/<hidden>/<hidden>/<hidden>
    SLICE_X27Y60         FDCE                                         f  rocketchip_wrapper/system/system_axi_interconnect_1_0/s00_couplers_imp_8CNLH6/system_axi_interconnect_1_imp_auto_pc_0/system_axi_interconnect_1_imp_auto_pc_0_axi_protocol_converter_v2_1_37_axi_protocol_converter/system_axi_interconnect_1_imp_auto_pc_0_axi_protocol_converter_v2_1_37_axi3_conv/system_axi_interconnect_1_imp_auto_pc_0_axi_protocol_converter_v2_1_37_a_axi3_conv/system_axi_interconnect_1_imp_auto_pc_0_axi_data_fifo_v2_1_36_axic_fifo/system_axi_interconnect_1_imp_auto_pc_0_axi_data_fifo_v2_1_36_fifo_gen/<hidden>/<hidden>/<hidden>/<hidden>/<hidden>/<hidden>
  -------------------------------------------------------------------    -------------------

                         (clock host_clk_i rise edge)
                                                     25.000    25.000 r  
    H16                                               0.000    25.000 r  clk (IN)
                         net (fo=0)                   0.000    25.000    clk
    H16                  IBUF (Prop_ibuf_I_O)         1.380    26.380 r  ibufg_gclk/O
                         net (fo=1, routed)           1.162    27.542    gclk_i
    MMCME2_ADV_X1Y2      MMCME2_ADV (Prop_mmcme2_adv_CLKIN1_CLKOUT0)
                                                      0.083    27.625 r  MMCME2_BASE_inst/CLKOUT0
                         net (fo=1, routed)           2.012    29.637    host_clk_i
    BUFGCTRL_X0Y16       BUFG (Prop_bufg_I_O)         0.091    29.728 r  bufg_host_clk/O
                         net (fo=7399, routed)        1.519    31.247    rocketchip_wrapper/system/system_axi_interconnect_1_0/s00_couplers_imp_8CNLH6/system_axi_interconnect_1_imp_auto_pc_0/system_axi_interconnect_1_imp_auto_pc_0_axi_protocol_converter_v2_1_37_axi_protocol_converter/system_axi_interconnect_1_imp_auto_pc_0_axi_protocol_converter_v2_1_37_axi3_conv/system_axi_interconnect_1_imp_auto_pc_0_axi_protocol_converter_v2_1_37_a_axi3_conv/system_axi_interconnect_1_imp_auto_pc_0_axi_data_fifo_v2_1_36_axic_fifo/system_axi_interconnect_1_imp_auto_pc_0_axi_data_fifo_v2_1_36_fifo_gen/<hidden>/<hidden>/<hidden>/<hidden>/<hidden>/<hidden>
    SLICE_X27Y60         FDCE                                         r  rocketchip_wrapper/system/system_axi_interconnect_1_0/s00_couplers_imp_8CNLH6/system_axi_interconnect_1_imp_auto_pc_0/system_axi_interconnect_1_imp_auto_pc_0_axi_protocol_converter_v2_1_37_axi_protocol_converter/system_axi_interconnect_1_imp_auto_pc_0_axi_protocol_converter_v2_1_37_axi3_conv/system_axi_interconnect_1_imp_auto_pc_0_axi_protocol_converter_v2_1_37_a_axi3_conv/system_axi_interconnect_1_imp_auto_pc_0_axi_data_fifo_v2_1_36_axic_fifo/system_axi_interconnect_1_imp_auto_pc_0_axi_data_fifo_v2_1_36_fifo_gen/<hidden>/<hidden>/<hidden>/<hidden>/<hidden>/<hidden>
                         clock pessimism              0.402    31.649    
                         clock uncertainty           -0.082    31.568    
    SLICE_X27Y60         FDCE (Recov_fdce_C_CLR)     -0.405    31.163    rocketchip_wrapper/system/system_axi_interconnect_1_0/s00_couplers_imp_8CNLH6/system_axi_interconnect_1_imp_auto_pc_0/system_axi_interconnect_1_imp_auto_pc_0_axi_protocol_converter_v2_1_37_axi_protocol_converter/system_axi_interconnect_1_imp_auto_pc_0_axi_protocol_converter_v2_1_37_axi3_conv/system_axi_interconnect_1_imp_auto_pc_0_axi_protocol_converter_v2_1_37_a_axi3_conv/system_axi_interconnect_1_imp_auto_pc_0_axi_data_fifo_v2_1_36_axic_fifo/system_axi_interconnect_1_imp_auto_pc_0_axi_data_fifo_v2_1_36_fifo_gen/<hidden>/<hidden>/<hidden>/<hidden>/<hidden>/<hidden>
  -------------------------------------------------------------------
                         required time                         31.163    
                         arrival time                         -10.400    
  -------------------------------------------------------------------
                         slack                                 20.763    

Slack (MET) :             20.763ns  (required time - arrival time)
  Source:                 rocketchip_wrapper/system/system_axi_interconnect_1_0/s00_couplers_imp_8CNLH6/system_axi_interconnect_1_imp_auto_pc_0/system_axi_interconnect_1_imp_auto_pc_0_axi_protocol_converter_v2_1_37_axi_protocol_converter/system_axi_interconnect_1_imp_auto_pc_0_axi_protocol_converter_v2_1_37_axi3_conv/system_axi_interconnect_1_imp_auto_pc_0_axi_protocol_converter_v2_1_37_a_axi3_conv/system_axi_interconnect_1_imp_auto_pc_0_axi_data_fifo_v2_1_36_axic_fifo/system_axi_interconnect_1_imp_auto_pc_0_axi_data_fifo_v2_1_36_fifo_gen/<hidden>/<hidden>/<hidden>/<hidden>/<hidden>/<hidden>
                            (rising edge-triggered cell FDPE clocked by host_clk_i  {rise@0.000ns fall@12.500ns period=25.000ns})
  Destination:            rocketchip_wrapper/system/system_axi_interconnect_1_0/s00_couplers_imp_8CNLH6/system_axi_interconnect_1_imp_auto_pc_0/system_axi_interconnect_1_imp_auto_pc_0_axi_protocol_converter_v2_1_37_axi_protocol_converter/system_axi_interconnect_1_imp_auto_pc_0_axi_protocol_converter_v2_1_37_axi3_conv/system_axi_interconnect_1_imp_auto_pc_0_axi_protocol_converter_v2_1_37_a_axi3_conv/system_axi_interconnect_1_imp_auto_pc_0_axi_data_fifo_v2_1_36_axic_fifo/system_axi_interconnect_1_imp_auto_pc_0_axi_data_fifo_v2_1_36_fifo_gen/<hidden>/<hidden>/<hidden>/<hidden>/<hidden>/<hidden>
                            (recovery check against rising-edge clock host_clk_i  {rise@0.000ns fall@12.500ns period=25.000ns})
  Path Group:             **async_default**
  Path Type:              Recovery (Max at Slow Process Corner)
  Requirement:            25.000ns  (host_clk_i rise@25.000ns - host_clk_i rise@0.000ns)
  Data Path Delay:        3.511ns  (logic 0.773ns (22.014%)  route 2.738ns (77.986%))
  Logic Levels:           1  (LUT3=1)
  Clock Path Skew:        -0.239ns (DCD - SCD + CPR)
    Destination Clock Delay (DCD):    6.247ns = ( 31.247 - 25.000 ) 
    Source Clock Delay      (SCD):    6.889ns
    Clock Pessimism Removal (CPR):    0.402ns
  Clock Uncertainty:      0.082ns  ((TSJ^2 + DJ^2)^1/2) / 2 + PE
    Total System Jitter     (TSJ):    0.071ns
    Discrete Jitter          (DJ):    0.147ns
    Phase Error              (PE):    0.000ns

    Location             Delay type                Incr(ns)  Path(ns)    Netlist Resource(s)
  -------------------------------------------------------------------    -------------------
                         (clock host_clk_i rise edge)
                                                      0.000     0.000 r  
    H16                                               0.000     0.000 r  clk (IN)
                         net (fo=0)                   0.000     0.000    clk
    H16                  IBUF (Prop_ibuf_I_O)         1.451     1.451 r  ibufg_gclk/O
                         net (fo=1, routed)           1.285     2.736    gclk_i
    MMCME2_ADV_X1Y2      MMCME2_ADV (Prop_mmcme2_adv_CLKIN1_CLKOUT0)
                                                      0.088     2.824 r  MMCME2_BASE_inst/CLKOUT0
                         net (fo=1, routed)           2.206     5.030    host_clk_i
    BUFGCTRL_X0Y16       BUFG (Prop_bufg_I_O)         0.101     5.131 r  bufg_host_clk/O
                         net (fo=7399, routed)        1.758     6.889    rocketchip_wrapper/system/system_axi_interconnect_1_0/s00_couplers_imp_8CNLH6/system_axi_interconnect_1_imp_auto_pc_0/system_axi_interconnect_1_imp_auto_pc_0_axi_protocol_converter_v2_1_37_axi_protocol_converter/system_axi_interconnect_1_imp_auto_pc_0_axi_protocol_converter_v2_1_37_axi3_conv/system_axi_interconnect_1_imp_auto_pc_0_axi_protocol_converter_v2_1_37_a_axi3_conv/system_axi_interconnect_1_imp_auto_pc_0_axi_data_fifo_v2_1_36_axic_fifo/system_axi_interconnect_1_imp_auto_pc_0_axi_data_fifo_v2_1_36_fifo_gen/<hidden>/<hidden>/<hidden>/<hidden>/<hidden>/<hidden>
    SLICE_X14Y49         FDPE                                         r  rocketchip_wrapper/system/system_axi_interconnect_1_0/s00_couplers_imp_8CNLH6/system_axi_interconnect_1_imp_auto_pc_0/system_axi_interconnect_1_imp_auto_pc_0_axi_protocol_converter_v2_1_37_axi_protocol_converter/system_axi_interconnect_1_imp_auto_pc_0_axi_protocol_converter_v2_1_37_axi3_conv/system_axi_interconnect_1_imp_auto_pc_0_axi_protocol_converter_v2_1_37_a_axi3_conv/system_axi_interconnect_1_imp_auto_pc_0_axi_data_fifo_v2_1_36_axic_fifo/system_axi_interconnect_1_imp_auto_pc_0_axi_data_fifo_v2_1_36_fifo_gen/<hidden>/<hidden>/<hidden>/<hidden>/<hidden>/<hidden>
  -------------------------------------------------------------------    -------------------
    SLICE_X14Y49         FDPE (Prop_fdpe_C_Q)         0.478     7.367 f  rocketchip_wrapper/system/system_axi_interconnect_1_0/s00_couplers_imp_8CNLH6/system_axi_interconnect_1_imp_auto_pc_0/system_axi_interconnect_1_imp_auto_pc_0_axi_protocol_converter_v2_1_37_axi_protocol_converter/system_axi_interconnect_1_imp_auto_pc_0_axi_protocol_converter_v2_1_37_axi3_conv/system_axi_interconnect_1_imp_auto_pc_0_axi_protocol_converter_v2_1_37_a_axi3_conv/system_axi_interconnect_1_imp_auto_pc_0_axi_data_fifo_v2_1_36_axic_fifo/system_axi_interconnect_1_imp_auto_pc_0_axi_data_fifo_v2_1_36_fifo_gen/<hidden>/<hidden>/<hidden>/<hidden>/<hidden>/<hidden>
                         net (fo=3, routed)           0.594     7.961    rocketchip_wrapper/system/system_axi_interconnect_1_0/s00_couplers_imp_8CNLH6/system_axi_interconnect_1_imp_auto_pc_0/system_axi_interconnect_1_imp_auto_pc_0_axi_protocol_converter_v2_1_37_axi_protocol_converter/system_axi_interconnect_1_imp_auto_pc_0_axi_protocol_converter_v2_1_37_axi3_conv/system_axi_interconnect_1_imp_auto_pc_0_axi_protocol_converter_v2_1_37_a_axi3_conv/system_axi_interconnect_1_imp_auto_pc_0_axi_data_fifo_v2_1_36_axic_fifo/system_axi_interconnect_1_imp_auto_pc_0_axi_data_fifo_v2_1_36_fifo_gen/<hidden>/<hidden>/<hidden>/<hidden>/<hidden>
    SLICE_X13Y49         LUT3 (Prop_lut3_I2_O)        0.295     8.256 f  rocketchip_wrapper/system/system_axi_interconnect_1_0/s00_couplers_imp_8CNLH6/system_axi_interconnect_1_imp_auto_pc_0/system_axi_interconnect_1_imp_auto_pc_0_axi_protocol_converter_v2_1_37_axi_protocol_converter/system_axi_interconnect_1_imp_auto_pc_0_axi_protocol_converter_v2_1_37_axi3_conv/system_axi_interconnect_1_imp_auto_pc_0_axi_protocol_converter_v2_1_37_a_axi3_conv/system_axi_interconnect_1_imp_auto_pc_0_axi_data_fifo_v2_1_36_axic_fifo/system_axi_interconnect_1_imp_auto_pc_0_axi_data_fifo_v2_1_36_fifo_gen/<hidden>/<hidden>/<hidden>/<hidden>/<hidden>
                         net (fo=32, routed)          2.144    10.400    rocketchip_wrapper/system/system_axi_interconnect_1_0/s00_couplers_imp_8CNLH6/system_axi_interconnect_1_imp_auto_pc_0/system_axi_interconnect_1_imp_auto_pc_0_axi_protocol_converter_v2_1_37_axi_protocol_converter/system_axi_interconnect_1_imp_auto_pc_0_axi_protocol_converter_v2_1_37_axi3_conv/system_axi_interconnect_1_imp_auto_pc_0_axi_protocol_converter_v2_1_37_a_axi3_conv/system_axi_interconnect_1_imp_auto_pc_0_axi_data_fifo_v2_1_36_axic_fifo/system_axi_interconnect_1_imp_auto_pc_0_axi_data_fifo_v2_1_36_fifo_gen/<hidden>/<hidden>/<hidden>/<hidden>/<hidden>/<hidden>
    SLICE_X27Y60         FDCE                                         f  rocketchip_wrapper/system/system_axi_interconnect_1_0/s00_couplers_imp_8CNLH6/system_axi_interconnect_1_imp_auto_pc_0/system_axi_interconnect_1_imp_auto_pc_0_axi_protocol_converter_v2_1_37_axi_protocol_converter/system_axi_interconnect_1_imp_auto_pc_0_axi_protocol_converter_v2_1_37_axi3_conv/system_axi_interconnect_1_imp_auto_pc_0_axi_protocol_converter_v2_1_37_a_axi3_conv/system_axi_interconnect_1_imp_auto_pc_0_axi_data_fifo_v2_1_36_axic_fifo/system_axi_interconnect_1_imp_auto_pc_0_axi_data_fifo_v2_1_36_fifo_gen/<hidden>/<hidden>/<hidden>/<hidden>/<hidden>/<hidden>
  -------------------------------------------------------------------    -------------------

                         (clock host_clk_i rise edge)
                                                     25.000    25.000 r  
    H16                                               0.000    25.000 r  clk (IN)
                         net (fo=0)                   0.000    25.000    clk
    H16                  IBUF (Prop_ibuf_I_O)         1.380    26.380 r  ibufg_gclk/O
                         net (fo=1, routed)           1.162    27.542    gclk_i
    MMCME2_ADV_X1Y2      MMCME2_ADV (Prop_mmcme2_adv_CLKIN1_CLKOUT0)
                                                      0.083    27.625 r  MMCME2_BASE_inst/CLKOUT0
                         net (fo=1, routed)           2.012    29.637    host_clk_i
    BUFGCTRL_X0Y16       BUFG (Prop_bufg_I_O)         0.091    29.728 r  bufg_host_clk/O
                         net (fo=7399, routed)        1.519    31.247    rocketchip_wrapper/system/system_axi_interconnect_1_0/s00_couplers_imp_8CNLH6/system_axi_interconnect_1_imp_auto_pc_0/system_axi_interconnect_1_imp_auto_pc_0_axi_protocol_converter_v2_1_37_axi_protocol_converter/system_axi_interconnect_1_imp_auto_pc_0_axi_protocol_converter_v2_1_37_axi3_conv/system_axi_interconnect_1_imp_auto_pc_0_axi_protocol_converter_v2_1_37_a_axi3_conv/system_axi_interconnect_1_imp_auto_pc_0_axi_data_fifo_v2_1_36_axic_fifo/system_axi_interconnect_1_imp_auto_pc_0_axi_data_fifo_v2_1_36_fifo_gen/<hidden>/<hidden>/<hidden>/<hidden>/<hidden>/<hidden>
    SLICE_X27Y60         FDCE                                         r  rocketchip_wrapper/system/system_axi_interconnect_1_0/s00_couplers_imp_8CNLH6/system_axi_interconnect_1_imp_auto_pc_0/system_axi_interconnect_1_imp_auto_pc_0_axi_protocol_converter_v2_1_37_axi_protocol_converter/system_axi_interconnect_1_imp_auto_pc_0_axi_protocol_converter_v2_1_37_axi3_conv/system_axi_interconnect_1_imp_auto_pc_0_axi_protocol_converter_v2_1_37_a_axi3_conv/system_axi_interconnect_1_imp_auto_pc_0_axi_data_fifo_v2_1_36_axic_fifo/system_axi_interconnect_1_imp_auto_pc_0_axi_data_fifo_v2_1_36_fifo_gen/<hidden>/<hidden>/<hidden>/<hidden>/<hidden>/<hidden>
                         clock pessimism              0.402    31.649    
                         clock uncertainty           -0.082    31.568    
    SLICE_X27Y60         FDCE (Recov_fdce_C_CLR)     -0.405    31.163    rocketchip_wrapper/system/system_axi_interconnect_1_0/s00_couplers_imp_8CNLH6/system_axi_interconnect_1_imp_auto_pc_0/system_axi_interconnect_1_imp_auto_pc_0_axi_protocol_converter_v2_1_37_axi_protocol_converter/system_axi_interconnect_1_imp_auto_pc_0_axi_protocol_converter_v2_1_37_axi3_conv/system_axi_interconnect_1_imp_auto_pc_0_axi_protocol_converter_v2_1_37_a_axi3_conv/system_axi_interconnect_1_imp_auto_pc_0_axi_data_fifo_v2_1_36_axic_fifo/system_axi_interconnect_1_imp_auto_pc_0_axi_data_fifo_v2_1_36_fifo_gen/<hidden>/<hidden>/<hidden>/<hidden>/<hidden>/<hidden>
  -------------------------------------------------------------------
                         required time                         31.163    
                         arrival time                         -10.400    
  -------------------------------------------------------------------
                         slack                                 20.763    

Slack (MET) :             20.763ns  (required time - arrival time)
  Source:                 rocketchip_wrapper/system/system_axi_interconnect_1_0/s00_couplers_imp_8CNLH6/system_axi_interconnect_1_imp_auto_pc_0/system_axi_interconnect_1_imp_auto_pc_0_axi_protocol_converter_v2_1_37_axi_protocol_converter/system_axi_interconnect_1_imp_auto_pc_0_axi_protocol_converter_v2_1_37_axi3_conv/system_axi_interconnect_1_imp_auto_pc_0_axi_protocol_converter_v2_1_37_a_axi3_conv/system_axi_interconnect_1_imp_auto_pc_0_axi_data_fifo_v2_1_36_axic_fifo/system_axi_interconnect_1_imp_auto_pc_0_axi_data_fifo_v2_1_36_fifo_gen/<hidden>/<hidden>/<hidden>/<hidden>/<hidden>/<hidden>
                            (rising edge-triggered cell FDPE clocked by host_clk_i  {rise@0.000ns fall@12.500ns period=25.000ns})
  Destination:            rocketchip_wrapper/system/system_axi_interconnect_1_0/s00_couplers_imp_8CNLH6/system_axi_interconnect_1_imp_auto_pc_0/system_axi_interconnect_1_imp_auto_pc_0_axi_protocol_converter_v2_1_37_axi_protocol_converter/system_axi_interconnect_1_imp_auto_pc_0_axi_protocol_converter_v2_1_37_axi3_conv/system_axi_interconnect_1_imp_auto_pc_0_axi_protocol_converter_v2_1_37_a_axi3_conv/system_axi_interconnect_1_imp_auto_pc_0_axi_data_fifo_v2_1_36_axic_fifo/system_axi_interconnect_1_imp_auto_pc_0_axi_data_fifo_v2_1_36_fifo_gen/<hidden>/<hidden>/<hidden>/<hidden>/<hidden>/<hidden>
                            (recovery check against rising-edge clock host_clk_i  {rise@0.000ns fall@12.500ns period=25.000ns})
  Path Group:             **async_default**
  Path Type:              Recovery (Max at Slow Process Corner)
  Requirement:            25.000ns  (host_clk_i rise@25.000ns - host_clk_i rise@0.000ns)
  Data Path Delay:        3.511ns  (logic 0.773ns (22.014%)  route 2.738ns (77.986%))
  Logic Levels:           1  (LUT3=1)
  Clock Path Skew:        -0.239ns (DCD - SCD + CPR)
    Destination Clock Delay (DCD):    6.247ns = ( 31.247 - 25.000 ) 
    Source Clock Delay      (SCD):    6.889ns
    Clock Pessimism Removal (CPR):    0.402ns
  Clock Uncertainty:      0.082ns  ((TSJ^2 + DJ^2)^1/2) / 2 + PE
    Total System Jitter     (TSJ):    0.071ns
    Discrete Jitter          (DJ):    0.147ns
    Phase Error              (PE):    0.000ns

    Location             Delay type                Incr(ns)  Path(ns)    Netlist Resource(s)
  -------------------------------------------------------------------    -------------------
                         (clock host_clk_i rise edge)
                                                      0.000     0.000 r  
    H16                                               0.000     0.000 r  clk (IN)
                         net (fo=0)                   0.000     0.000    clk
    H16                  IBUF (Prop_ibuf_I_O)         1.451     1.451 r  ibufg_gclk/O
                         net (fo=1, routed)           1.285     2.736    gclk_i
    MMCME2_ADV_X1Y2      MMCME2_ADV (Prop_mmcme2_adv_CLKIN1_CLKOUT0)
                                                      0.088     2.824 r  MMCME2_BASE_inst/CLKOUT0
                         net (fo=1, routed)           2.206     5.030    host_clk_i
    BUFGCTRL_X0Y16       BUFG (Prop_bufg_I_O)         0.101     5.131 r  bufg_host_clk/O
                         net (fo=7399, routed)        1.758     6.889    rocketchip_wrapper/system/system_axi_interconnect_1_0/s00_couplers_imp_8CNLH6/system_axi_interconnect_1_imp_auto_pc_0/system_axi_interconnect_1_imp_auto_pc_0_axi_protocol_converter_v2_1_37_axi_protocol_converter/system_axi_interconnect_1_imp_auto_pc_0_axi_protocol_converter_v2_1_37_axi3_conv/system_axi_interconnect_1_imp_auto_pc_0_axi_protocol_converter_v2_1_37_a_axi3_conv/system_axi_interconnect_1_imp_auto_pc_0_axi_data_fifo_v2_1_36_axic_fifo/system_axi_interconnect_1_imp_auto_pc_0_axi_data_fifo_v2_1_36_fifo_gen/<hidden>/<hidden>/<hidden>/<hidden>/<hidden>/<hidden>
    SLICE_X14Y49         FDPE                                         r  rocketchip_wrapper/system/system_axi_interconnect_1_0/s00_couplers_imp_8CNLH6/system_axi_interconnect_1_imp_auto_pc_0/system_axi_interconnect_1_imp_auto_pc_0_axi_protocol_converter_v2_1_37_axi_protocol_converter/system_axi_interconnect_1_imp_auto_pc_0_axi_protocol_converter_v2_1_37_axi3_conv/system_axi_interconnect_1_imp_auto_pc_0_axi_protocol_converter_v2_1_37_a_axi3_conv/system_axi_interconnect_1_imp_auto_pc_0_axi_data_fifo_v2_1_36_axic_fifo/system_axi_interconnect_1_imp_auto_pc_0_axi_data_fifo_v2_1_36_fifo_gen/<hidden>/<hidden>/<hidden>/<hidden>/<hidden>/<hidden>
  -------------------------------------------------------------------    -------------------
    SLICE_X14Y49         FDPE (Prop_fdpe_C_Q)         0.478     7.367 f  rocketchip_wrapper/system/system_axi_interconnect_1_0/s00_couplers_imp_8CNLH6/system_axi_interconnect_1_imp_auto_pc_0/system_axi_interconnect_1_imp_auto_pc_0_axi_protocol_converter_v2_1_37_axi_protocol_converter/system_axi_interconnect_1_imp_auto_pc_0_axi_protocol_converter_v2_1_37_axi3_conv/system_axi_interconnect_1_imp_auto_pc_0_axi_protocol_converter_v2_1_37_a_axi3_conv/system_axi_interconnect_1_imp_auto_pc_0_axi_data_fifo_v2_1_36_axic_fifo/system_axi_interconnect_1_imp_auto_pc_0_axi_data_fifo_v2_1_36_fifo_gen/<hidden>/<hidden>/<hidden>/<hidden>/<hidden>/<hidden>
                         net (fo=3, routed)           0.594     7.961    rocketchip_wrapper/system/system_axi_interconnect_1_0/s00_couplers_imp_8CNLH6/system_axi_interconnect_1_imp_auto_pc_0/system_axi_interconnect_1_imp_auto_pc_0_axi_protocol_converter_v2_1_37_axi_protocol_converter/system_axi_interconnect_1_imp_auto_pc_0_axi_protocol_converter_v2_1_37_axi3_conv/system_axi_interconnect_1_imp_auto_pc_0_axi_protocol_converter_v2_1_37_a_axi3_conv/system_axi_interconnect_1_imp_auto_pc_0_axi_data_fifo_v2_1_36_axic_fifo/system_axi_interconnect_1_imp_auto_pc_0_axi_data_fifo_v2_1_36_fifo_gen/<hidden>/<hidden>/<hidden>/<hidden>/<hidden>
    SLICE_X13Y49         LUT3 (Prop_lut3_I2_O)        0.295     8.256 f  rocketchip_wrapper/system/system_axi_interconnect_1_0/s00_couplers_imp_8CNLH6/system_axi_interconnect_1_imp_auto_pc_0/system_axi_interconnect_1_imp_auto_pc_0_axi_protocol_converter_v2_1_37_axi_protocol_converter/system_axi_interconnect_1_imp_auto_pc_0_axi_protocol_converter_v2_1_37_axi3_conv/system_axi_interconnect_1_imp_auto_pc_0_axi_protocol_converter_v2_1_37_a_axi3_conv/system_axi_interconnect_1_imp_auto_pc_0_axi_data_fifo_v2_1_36_axic_fifo/system_axi_interconnect_1_imp_auto_pc_0_axi_data_fifo_v2_1_36_fifo_gen/<hidden>/<hidden>/<hidden>/<hidden>/<hidden>
                         net (fo=32, routed)          2.144    10.400    rocketchip_wrapper/system/system_axi_interconnect_1_0/s00_couplers_imp_8CNLH6/system_axi_interconnect_1_imp_auto_pc_0/system_axi_interconnect_1_imp_auto_pc_0_axi_protocol_converter_v2_1_37_axi_protocol_converter/system_axi_interconnect_1_imp_auto_pc_0_axi_protocol_converter_v2_1_37_axi3_conv/system_axi_interconnect_1_imp_auto_pc_0_axi_protocol_converter_v2_1_37_a_axi3_conv/system_axi_interconnect_1_imp_auto_pc_0_axi_data_fifo_v2_1_36_axic_fifo/system_axi_interconnect_1_imp_auto_pc_0_axi_data_fifo_v2_1_36_fifo_gen/<hidden>/<hidden>/<hidden>/<hidden>/<hidden>/<hidden>
    SLICE_X27Y60         FDCE                                         f  rocketchip_wrapper/system/system_axi_interconnect_1_0/s00_couplers_imp_8CNLH6/system_axi_interconnect_1_imp_auto_pc_0/system_axi_interconnect_1_imp_auto_pc_0_axi_protocol_converter_v2_1_37_axi_protocol_converter/system_axi_interconnect_1_imp_auto_pc_0_axi_protocol_converter_v2_1_37_axi3_conv/system_axi_interconnect_1_imp_auto_pc_0_axi_protocol_converter_v2_1_37_a_axi3_conv/system_axi_interconnect_1_imp_auto_pc_0_axi_data_fifo_v2_1_36_axic_fifo/system_axi_interconnect_1_imp_auto_pc_0_axi_data_fifo_v2_1_36_fifo_gen/<hidden>/<hidden>/<hidden>/<hidden>/<hidden>/<hidden>
  -------------------------------------------------------------------    -------------------

                         (clock host_clk_i rise edge)
                                                     25.000    25.000 r  
    H16                                               0.000    25.000 r  clk (IN)
                         net (fo=0)                   0.000    25.000    clk
    H16                  IBUF (Prop_ibuf_I_O)         1.380    26.380 r  ibufg_gclk/O
                         net (fo=1, routed)           1.162    27.542    gclk_i
    MMCME2_ADV_X1Y2      MMCME2_ADV (Prop_mmcme2_adv_CLKIN1_CLKOUT0)
                                                      0.083    27.625 r  MMCME2_BASE_inst/CLKOUT0
                         net (fo=1, routed)           2.012    29.637    host_clk_i
    BUFGCTRL_X0Y16       BUFG (Prop_bufg_I_O)         0.091    29.728 r  bufg_host_clk/O
                         net (fo=7399, routed)        1.519    31.247    rocketchip_wrapper/system/system_axi_interconnect_1_0/s00_couplers_imp_8CNLH6/system_axi_interconnect_1_imp_auto_pc_0/system_axi_interconnect_1_imp_auto_pc_0_axi_protocol_converter_v2_1_37_axi_protocol_converter/system_axi_interconnect_1_imp_auto_pc_0_axi_protocol_converter_v2_1_37_axi3_conv/system_axi_interconnect_1_imp_auto_pc_0_axi_protocol_converter_v2_1_37_a_axi3_conv/system_axi_interconnect_1_imp_auto_pc_0_axi_data_fifo_v2_1_36_axic_fifo/system_axi_interconnect_1_imp_auto_pc_0_axi_data_fifo_v2_1_36_fifo_gen/<hidden>/<hidden>/<hidden>/<hidden>/<hidden>/<hidden>
    SLICE_X27Y60         FDCE                                         r  rocketchip_wrapper/system/system_axi_interconnect_1_0/s00_couplers_imp_8CNLH6/system_axi_interconnect_1_imp_auto_pc_0/system_axi_interconnect_1_imp_auto_pc_0_axi_protocol_converter_v2_1_37_axi_protocol_converter/system_axi_interconnect_1_imp_auto_pc_0_axi_protocol_converter_v2_1_37_axi3_conv/system_axi_interconnect_1_imp_auto_pc_0_axi_protocol_converter_v2_1_37_a_axi3_conv/system_axi_interconnect_1_imp_auto_pc_0_axi_data_fifo_v2_1_36_axic_fifo/system_axi_interconnect_1_imp_auto_pc_0_axi_data_fifo_v2_1_36_fifo_gen/<hidden>/<hidden>/<hidden>/<hidden>/<hidden>/<hidden>
                         clock pessimism              0.402    31.649    
                         clock uncertainty           -0.082    31.568    
    SLICE_X27Y60         FDCE (Recov_fdce_C_CLR)     -0.405    31.163    rocketchip_wrapper/system/system_axi_interconnect_1_0/s00_couplers_imp_8CNLH6/system_axi_interconnect_1_imp_auto_pc_0/system_axi_interconnect_1_imp_auto_pc_0_axi_protocol_converter_v2_1_37_axi_protocol_converter/system_axi_interconnect_1_imp_auto_pc_0_axi_protocol_converter_v2_1_37_axi3_conv/system_axi_interconnect_1_imp_auto_pc_0_axi_protocol_converter_v2_1_37_a_axi3_conv/system_axi_interconnect_1_imp_auto_pc_0_axi_data_fifo_v2_1_36_axic_fifo/system_axi_interconnect_1_imp_auto_pc_0_axi_data_fifo_v2_1_36_fifo_gen/<hidden>/<hidden>/<hidden>/<hidden>/<hidden>/<hidden>
  -------------------------------------------------------------------
                         required time                         31.163    
                         arrival time                         -10.400    
  -------------------------------------------------------------------
                         slack                                 20.763    

Slack (MET) :             20.807ns  (required time - arrival time)
  Source:                 rocketchip_wrapper/system/system_axi_interconnect_1_0/s00_couplers_imp_8CNLH6/system_axi_interconnect_1_imp_auto_pc_0/system_axi_interconnect_1_imp_auto_pc_0_axi_protocol_converter_v2_1_37_axi_protocol_converter/system_axi_interconnect_1_imp_auto_pc_0_axi_protocol_converter_v2_1_37_axi3_conv/system_axi_interconnect_1_imp_auto_pc_0_axi_protocol_converter_v2_1_37_a_axi3_conv/system_axi_interconnect_1_imp_auto_pc_0_axi_data_fifo_v2_1_36_axic_fifo/system_axi_interconnect_1_imp_auto_pc_0_axi_data_fifo_v2_1_36_fifo_gen/<hidden>/<hidden>/<hidden>/<hidden>/<hidden>/<hidden>
                            (rising edge-triggered cell FDPE clocked by host_clk_i  {rise@0.000ns fall@12.500ns period=25.000ns})
  Destination:            rocketchip_wrapper/system/system_axi_interconnect_1_0/s00_couplers_imp_8CNLH6/system_axi_interconnect_1_imp_auto_pc_0/system_axi_interconnect_1_imp_auto_pc_0_axi_protocol_converter_v2_1_37_axi_protocol_converter/system_axi_interconnect_1_imp_auto_pc_0_axi_protocol_converter_v2_1_37_axi3_conv/system_axi_interconnect_1_imp_auto_pc_0_axi_protocol_converter_v2_1_37_a_axi3_conv/system_axi_interconnect_1_imp_auto_pc_0_axi_data_fifo_v2_1_36_axic_fifo/system_axi_interconnect_1_imp_auto_pc_0_axi_data_fifo_v2_1_36_fifo_gen/<hidden>/<hidden>/<hidden>/<hidden>/<hidden>/<hidden>
                            (recovery check against rising-edge clock host_clk_i  {rise@0.000ns fall@12.500ns period=25.000ns})
  Path Group:             **async_default**
  Path Type:              Recovery (Max at Slow Process Corner)
  Requirement:            25.000ns  (host_clk_i rise@25.000ns - host_clk_i rise@0.000ns)
  Data Path Delay:        3.511ns  (logic 0.773ns (22.014%)  route 2.738ns (77.986%))
  Logic Levels:           1  (LUT3=1)
  Clock Path Skew:        -0.239ns (DCD - SCD + CPR)
    Destination Clock Delay (DCD):    6.247ns = ( 31.247 - 25.000 ) 
    Source Clock Delay      (SCD):    6.889ns
    Clock Pessimism Removal (CPR):    0.402ns
  Clock Uncertainty:      0.082ns  ((TSJ^2 + DJ^2)^1/2) / 2 + PE
    Total System Jitter     (TSJ):    0.071ns
    Discrete Jitter          (DJ):    0.147ns
    Phase Error              (PE):    0.000ns

    Location             Delay type                Incr(ns)  Path(ns)    Netlist Resource(s)
  -------------------------------------------------------------------    -------------------
                         (clock host_clk_i rise edge)
                                                      0.000     0.000 r  
    H16                                               0.000     0.000 r  clk (IN)
                         net (fo=0)                   0.000     0.000    clk
    H16                  IBUF (Prop_ibuf_I_O)         1.451     1.451 r  ibufg_gclk/O
                         net (fo=1, routed)           1.285     2.736    gclk_i
    MMCME2_ADV_X1Y2      MMCME2_ADV (Prop_mmcme2_adv_CLKIN1_CLKOUT0)
                                                      0.088     2.824 r  MMCME2_BASE_inst/CLKOUT0
                         net (fo=1, routed)           2.206     5.030    host_clk_i
    BUFGCTRL_X0Y16       BUFG (Prop_bufg_I_O)         0.101     5.131 r  bufg_host_clk/O
                         net (fo=7399, routed)        1.758     6.889    rocketchip_wrapper/system/system_axi_interconnect_1_0/s00_couplers_imp_8CNLH6/system_axi_interconnect_1_imp_auto_pc_0/system_axi_interconnect_1_imp_auto_pc_0_axi_protocol_converter_v2_1_37_axi_protocol_converter/system_axi_interconnect_1_imp_auto_pc_0_axi_protocol_converter_v2_1_37_axi3_conv/system_axi_interconnect_1_imp_auto_pc_0_axi_protocol_converter_v2_1_37_a_axi3_conv/system_axi_interconnect_1_imp_auto_pc_0_axi_data_fifo_v2_1_36_axic_fifo/system_axi_interconnect_1_imp_auto_pc_0_axi_data_fifo_v2_1_36_fifo_gen/<hidden>/<hidden>/<hidden>/<hidden>/<hidden>/<hidden>
    SLICE_X14Y49         FDPE                                         r  rocketchip_wrapper/system/system_axi_interconnect_1_0/s00_couplers_imp_8CNLH6/system_axi_interconnect_1_imp_auto_pc_0/system_axi_interconnect_1_imp_auto_pc_0_axi_protocol_converter_v2_1_37_axi_protocol_converter/system_axi_interconnect_1_imp_auto_pc_0_axi_protocol_converter_v2_1_37_axi3_conv/system_axi_interconnect_1_imp_auto_pc_0_axi_protocol_converter_v2_1_37_a_axi3_conv/system_axi_interconnect_1_imp_auto_pc_0_axi_data_fifo_v2_1_36_axic_fifo/system_axi_interconnect_1_imp_auto_pc_0_axi_data_fifo_v2_1_36_fifo_gen/<hidden>/<hidden>/<hidden>/<hidden>/<hidden>/<hidden>
  -------------------------------------------------------------------    -------------------
    SLICE_X14Y49         FDPE (Prop_fdpe_C_Q)         0.478     7.367 f  rocketchip_wrapper/system/system_axi_interconnect_1_0/s00_couplers_imp_8CNLH6/system_axi_interconnect_1_imp_auto_pc_0/system_axi_interconnect_1_imp_auto_pc_0_axi_protocol_converter_v2_1_37_axi_protocol_converter/system_axi_interconnect_1_imp_auto_pc_0_axi_protocol_converter_v2_1_37_axi3_conv/system_axi_interconnect_1_imp_auto_pc_0_axi_protocol_converter_v2_1_37_a_axi3_conv/system_axi_interconnect_1_imp_auto_pc_0_axi_data_fifo_v2_1_36_axic_fifo/system_axi_interconnect_1_imp_auto_pc_0_axi_data_fifo_v2_1_36_fifo_gen/<hidden>/<hidden>/<hidden>/<hidden>/<hidden>/<hidden>
                         net (fo=3, routed)           0.594     7.961    rocketchip_wrapper/system/system_axi_interconnect_1_0/s00_couplers_imp_8CNLH6/system_axi_interconnect_1_imp_auto_pc_0/system_axi_interconnect_1_imp_auto_pc_0_axi_protocol_converter_v2_1_37_axi_protocol_converter/system_axi_interconnect_1_imp_auto_pc_0_axi_protocol_converter_v2_1_37_axi3_conv/system_axi_interconnect_1_imp_auto_pc_0_axi_protocol_converter_v2_1_37_a_axi3_conv/system_axi_interconnect_1_imp_auto_pc_0_axi_data_fifo_v2_1_36_axic_fifo/system_axi_interconnect_1_imp_auto_pc_0_axi_data_fifo_v2_1_36_fifo_gen/<hidden>/<hidden>/<hidden>/<hidden>/<hidden>
    SLICE_X13Y49         LUT3 (Prop_lut3_I2_O)        0.295     8.256 f  rocketchip_wrapper/system/system_axi_interconnect_1_0/s00_couplers_imp_8CNLH6/system_axi_interconnect_1_imp_auto_pc_0/system_axi_interconnect_1_imp_auto_pc_0_axi_protocol_converter_v2_1_37_axi_protocol_converter/system_axi_interconnect_1_imp_auto_pc_0_axi_protocol_converter_v2_1_37_axi3_conv/system_axi_interconnect_1_imp_auto_pc_0_axi_protocol_converter_v2_1_37_a_axi3_conv/system_axi_interconnect_1_imp_auto_pc_0_axi_data_fifo_v2_1_36_axic_fifo/system_axi_interconnect_1_imp_auto_pc_0_axi_data_fifo_v2_1_36_fifo_gen/<hidden>/<hidden>/<hidden>/<hidden>/<hidden>
                         net (fo=32, routed)          2.144    10.400    rocketchip_wrapper/system/system_axi_interconnect_1_0/s00_couplers_imp_8CNLH6/system_axi_interconnect_1_imp_auto_pc_0/system_axi_interconnect_1_imp_auto_pc_0_axi_protocol_converter_v2_1_37_axi_protocol_converter/system_axi_interconnect_1_imp_auto_pc_0_axi_protocol_converter_v2_1_37_axi3_conv/system_axi_interconnect_1_imp_auto_pc_0_axi_protocol_converter_v2_1_37_a_axi3_conv/system_axi_interconnect_1_imp_auto_pc_0_axi_data_fifo_v2_1_36_axic_fifo/system_axi_interconnect_1_imp_auto_pc_0_axi_data_fifo_v2_1_36_fifo_gen/<hidden>/<hidden>/<hidden>/<hidden>/<hidden>/<hidden>
    SLICE_X26Y60         FDPE                                         f  rocketchip_wrapper/system/system_axi_interconnect_1_0/s00_couplers_imp_8CNLH6/system_axi_interconnect_1_imp_auto_pc_0/system_axi_interconnect_1_imp_auto_pc_0_axi_protocol_converter_v2_1_37_axi_protocol_converter/system_axi_interconnect_1_imp_auto_pc_0_axi_protocol_converter_v2_1_37_axi3_conv/system_axi_interconnect_1_imp_auto_pc_0_axi_protocol_converter_v2_1_37_a_axi3_conv/system_axi_interconnect_1_imp_auto_pc_0_axi_data_fifo_v2_1_36_axic_fifo/system_axi_interconnect_1_imp_auto_pc_0_axi_data_fifo_v2_1_36_fifo_gen/<hidden>/<hidden>/<hidden>/<hidden>/<hidden>/<hidden>
  -------------------------------------------------------------------    -------------------

                         (clock host_clk_i rise edge)
                                                     25.000    25.000 r  
    H16                                               0.000    25.000 r  clk (IN)
                         net (fo=0)                   0.000    25.000    clk
    H16                  IBUF (Prop_ibuf_I_O)         1.380    26.380 r  ibufg_gclk/O
                         net (fo=1, routed)           1.162    27.542    gclk_i
    MMCME2_ADV_X1Y2      MMCME2_ADV (Prop_mmcme2_adv_CLKIN1_CLKOUT0)
                                                      0.083    27.625 r  MMCME2_BASE_inst/CLKOUT0
                         net (fo=1, routed)           2.012    29.637    host_clk_i
    BUFGCTRL_X0Y16       BUFG (Prop_bufg_I_O)         0.091    29.728 r  bufg_host_clk/O
                         net (fo=7399, routed)        1.519    31.247    rocketchip_wrapper/system/system_axi_interconnect_1_0/s00_couplers_imp_8CNLH6/system_axi_interconnect_1_imp_auto_pc_0/system_axi_interconnect_1_imp_auto_pc_0_axi_protocol_converter_v2_1_37_axi_protocol_converter/system_axi_interconnect_1_imp_auto_pc_0_axi_protocol_converter_v2_1_37_axi3_conv/system_axi_interconnect_1_imp_auto_pc_0_axi_protocol_converter_v2_1_37_a_axi3_conv/system_axi_interconnect_1_imp_auto_pc_0_axi_data_fifo_v2_1_36_axic_fifo/system_axi_interconnect_1_imp_auto_pc_0_axi_data_fifo_v2_1_36_fifo_gen/<hidden>/<hidden>/<hidden>/<hidden>/<hidden>/<hidden>
    SLICE_X26Y60         FDPE                                         r  rocketchip_wrapper/system/system_axi_interconnect_1_0/s00_couplers_imp_8CNLH6/system_axi_interconnect_1_imp_auto_pc_0/system_axi_interconnect_1_imp_auto_pc_0_axi_protocol_converter_v2_1_37_axi_protocol_converter/system_axi_interconnect_1_imp_auto_pc_0_axi_protocol_converter_v2_1_37_axi3_conv/system_axi_interconnect_1_imp_auto_pc_0_axi_protocol_converter_v2_1_37_a_axi3_conv/system_axi_interconnect_1_imp_auto_pc_0_axi_data_fifo_v2_1_36_axic_fifo/system_axi_interconnect_1_imp_auto_pc_0_axi_data_fifo_v2_1_36_fifo_gen/<hidden>/<hidden>/<hidden>/<hidden>/<hidden>/<hidden>
                         clock pessimism              0.402    31.649    
                         clock uncertainty           -0.082    31.568    
    SLICE_X26Y60         FDPE (Recov_fdpe_C_PRE)     -0.361    31.207    rocketchip_wrapper/system/system_axi_interconnect_1_0/s00_couplers_imp_8CNLH6/system_axi_interconnect_1_imp_auto_pc_0/system_axi_interconnect_1_imp_auto_pc_0_axi_protocol_converter_v2_1_37_axi_protocol_converter/system_axi_interconnect_1_imp_auto_pc_0_axi_protocol_converter_v2_1_37_axi3_conv/system_axi_interconnect_1_imp_auto_pc_0_axi_protocol_converter_v2_1_37_a_axi3_conv/system_axi_interconnect_1_imp_auto_pc_0_axi_data_fifo_v2_1_36_axic_fifo/system_axi_interconnect_1_imp_auto_pc_0_axi_data_fifo_v2_1_36_fifo_gen/<hidden>/<hidden>/<hidden>/<hidden>/<hidden>/<hidden>
  -------------------------------------------------------------------
                         required time                         31.207    
                         arrival time                         -10.400    
  -------------------------------------------------------------------
                         slack                                 20.807    

Slack (MET) :             20.807ns  (required time - arrival time)
  Source:                 rocketchip_wrapper/system/system_axi_interconnect_1_0/s00_couplers_imp_8CNLH6/system_axi_interconnect_1_imp_auto_pc_0/system_axi_interconnect_1_imp_auto_pc_0_axi_protocol_converter_v2_1_37_axi_protocol_converter/system_axi_interconnect_1_imp_auto_pc_0_axi_protocol_converter_v2_1_37_axi3_conv/system_axi_interconnect_1_imp_auto_pc_0_axi_protocol_converter_v2_1_37_a_axi3_conv/system_axi_interconnect_1_imp_auto_pc_0_axi_data_fifo_v2_1_36_axic_fifo/system_axi_interconnect_1_imp_auto_pc_0_axi_data_fifo_v2_1_36_fifo_gen/<hidden>/<hidden>/<hidden>/<hidden>/<hidden>/<hidden>
                            (rising edge-triggered cell FDPE clocked by host_clk_i  {rise@0.000ns fall@12.500ns period=25.000ns})
  Destination:            rocketchip_wrapper/system/system_axi_interconnect_1_0/s00_couplers_imp_8CNLH6/system_axi_interconnect_1_imp_auto_pc_0/system_axi_interconnect_1_imp_auto_pc_0_axi_protocol_converter_v2_1_37_axi_protocol_converter/system_axi_interconnect_1_imp_auto_pc_0_axi_protocol_converter_v2_1_37_axi3_conv/system_axi_interconnect_1_imp_auto_pc_0_axi_protocol_converter_v2_1_37_a_axi3_conv/system_axi_interconnect_1_imp_auto_pc_0_axi_data_fifo_v2_1_36_axic_fifo/system_axi_interconnect_1_imp_auto_pc_0_axi_data_fifo_v2_1_36_fifo_gen/<hidden>/<hidden>/<hidden>/<hidden>/<hidden>/<hidden>
                            (recovery check against rising-edge clock host_clk_i  {rise@0.000ns fall@12.500ns period=25.000ns})
  Path Group:             **async_default**
  Path Type:              Recovery (Max at Slow Process Corner)
  Requirement:            25.000ns  (host_clk_i rise@25.000ns - host_clk_i rise@0.000ns)
  Data Path Delay:        3.511ns  (logic 0.773ns (22.014%)  route 2.738ns (77.986%))
  Logic Levels:           1  (LUT3=1)
  Clock Path Skew:        -0.239ns (DCD - SCD + CPR)
    Destination Clock Delay (DCD):    6.247ns = ( 31.247 - 25.000 ) 
    Source Clock Delay      (SCD):    6.889ns
    Clock Pessimism Removal (CPR):    0.402ns
  Clock Uncertainty:      0.082ns  ((TSJ^2 + DJ^2)^1/2) / 2 + PE
    Total System Jitter     (TSJ):    0.071ns
    Discrete Jitter          (DJ):    0.147ns
    Phase Error              (PE):    0.000ns

    Location             Delay type                Incr(ns)  Path(ns)    Netlist Resource(s)
  -------------------------------------------------------------------    -------------------
                         (clock host_clk_i rise edge)
                                                      0.000     0.000 r  
    H16                                               0.000     0.000 r  clk (IN)
                         net (fo=0)                   0.000     0.000    clk
    H16                  IBUF (Prop_ibuf_I_O)         1.451     1.451 r  ibufg_gclk/O
                         net (fo=1, routed)           1.285     2.736    gclk_i
    MMCME2_ADV_X1Y2      MMCME2_ADV (Prop_mmcme2_adv_CLKIN1_CLKOUT0)
                                                      0.088     2.824 r  MMCME2_BASE_inst/CLKOUT0
                         net (fo=1, routed)           2.206     5.030    host_clk_i
    BUFGCTRL_X0Y16       BUFG (Prop_bufg_I_O)         0.101     5.131 r  bufg_host_clk/O
                         net (fo=7399, routed)        1.758     6.889    rocketchip_wrapper/system/system_axi_interconnect_1_0/s00_couplers_imp_8CNLH6/system_axi_interconnect_1_imp_auto_pc_0/system_axi_interconnect_1_imp_auto_pc_0_axi_protocol_converter_v2_1_37_axi_protocol_converter/system_axi_interconnect_1_imp_auto_pc_0_axi_protocol_converter_v2_1_37_axi3_conv/system_axi_interconnect_1_imp_auto_pc_0_axi_protocol_converter_v2_1_37_a_axi3_conv/system_axi_interconnect_1_imp_auto_pc_0_axi_data_fifo_v2_1_36_axic_fifo/system_axi_interconnect_1_imp_auto_pc_0_axi_data_fifo_v2_1_36_fifo_gen/<hidden>/<hidden>/<hidden>/<hidden>/<hidden>/<hidden>
    SLICE_X14Y49         FDPE                                         r  rocketchip_wrapper/system/system_axi_interconnect_1_0/s00_couplers_imp_8CNLH6/system_axi_interconnect_1_imp_auto_pc_0/system_axi_interconnect_1_imp_auto_pc_0_axi_protocol_converter_v2_1_37_axi_protocol_converter/system_axi_interconnect_1_imp_auto_pc_0_axi_protocol_converter_v2_1_37_axi3_conv/system_axi_interconnect_1_imp_auto_pc_0_axi_protocol_converter_v2_1_37_a_axi3_conv/system_axi_interconnect_1_imp_auto_pc_0_axi_data_fifo_v2_1_36_axic_fifo/system_axi_interconnect_1_imp_auto_pc_0_axi_data_fifo_v2_1_36_fifo_gen/<hidden>/<hidden>/<hidden>/<hidden>/<hidden>/<hidden>
  -------------------------------------------------------------------    -------------------
    SLICE_X14Y49         FDPE (Prop_fdpe_C_Q)         0.478     7.367 f  rocketchip_wrapper/system/system_axi_interconnect_1_0/s00_couplers_imp_8CNLH6/system_axi_interconnect_1_imp_auto_pc_0/system_axi_interconnect_1_imp_auto_pc_0_axi_protocol_converter_v2_1_37_axi_protocol_converter/system_axi_interconnect_1_imp_auto_pc_0_axi_protocol_converter_v2_1_37_axi3_conv/system_axi_interconnect_1_imp_auto_pc_0_axi_protocol_converter_v2_1_37_a_axi3_conv/system_axi_interconnect_1_imp_auto_pc_0_axi_data_fifo_v2_1_36_axic_fifo/system_axi_interconnect_1_imp_auto_pc_0_axi_data_fifo_v2_1_36_fifo_gen/<hidden>/<hidden>/<hidden>/<hidden>/<hidden>/<hidden>
                         net (fo=3, routed)           0.594     7.961    rocketchip_wrapper/system/system_axi_interconnect_1_0/s00_couplers_imp_8CNLH6/system_axi_interconnect_1_imp_auto_pc_0/system_axi_interconnect_1_imp_auto_pc_0_axi_protocol_converter_v2_1_37_axi_protocol_converter/system_axi_interconnect_1_imp_auto_pc_0_axi_protocol_converter_v2_1_37_axi3_conv/system_axi_interconnect_1_imp_auto_pc_0_axi_protocol_converter_v2_1_37_a_axi3_conv/system_axi_interconnect_1_imp_auto_pc_0_axi_data_fifo_v2_1_36_axic_fifo/system_axi_interconnect_1_imp_auto_pc_0_axi_data_fifo_v2_1_36_fifo_gen/<hidden>/<hidden>/<hidden>/<hidden>/<hidden>
    SLICE_X13Y49         LUT3 (Prop_lut3_I2_O)        0.295     8.256 f  rocketchip_wrapper/system/system_axi_interconnect_1_0/s00_couplers_imp_8CNLH6/system_axi_interconnect_1_imp_auto_pc_0/system_axi_interconnect_1_imp_auto_pc_0_axi_protocol_converter_v2_1_37_axi_protocol_converter/system_axi_interconnect_1_imp_auto_pc_0_axi_protocol_converter_v2_1_37_axi3_conv/system_axi_interconnect_1_imp_auto_pc_0_axi_protocol_converter_v2_1_37_a_axi3_conv/system_axi_interconnect_1_imp_auto_pc_0_axi_data_fifo_v2_1_36_axic_fifo/system_axi_interconnect_1_imp_auto_pc_0_axi_data_fifo_v2_1_36_fifo_gen/<hidden>/<hidden>/<hidden>/<hidden>/<hidden>
                         net (fo=32, routed)          2.144    10.400    rocketchip_wrapper/system/system_axi_interconnect_1_0/s00_couplers_imp_8CNLH6/system_axi_interconnect_1_imp_auto_pc_0/system_axi_interconnect_1_imp_auto_pc_0_axi_protocol_converter_v2_1_37_axi_protocol_converter/system_axi_interconnect_1_imp_auto_pc_0_axi_protocol_converter_v2_1_37_axi3_conv/system_axi_interconnect_1_imp_auto_pc_0_axi_protocol_converter_v2_1_37_a_axi3_conv/system_axi_interconnect_1_imp_auto_pc_0_axi_data_fifo_v2_1_36_axic_fifo/system_axi_interconnect_1_imp_auto_pc_0_axi_data_fifo_v2_1_36_fifo_gen/<hidden>/<hidden>/<hidden>/<hidden>/<hidden>/<hidden>
    SLICE_X26Y60         FDPE                                         f  rocketchip_wrapper/system/system_axi_interconnect_1_0/s00_couplers_imp_8CNLH6/system_axi_interconnect_1_imp_auto_pc_0/system_axi_interconnect_1_imp_auto_pc_0_axi_protocol_converter_v2_1_37_axi_protocol_converter/system_axi_interconnect_1_imp_auto_pc_0_axi_protocol_converter_v2_1_37_axi3_conv/system_axi_interconnect_1_imp_auto_pc_0_axi_protocol_converter_v2_1_37_a_axi3_conv/system_axi_interconnect_1_imp_auto_pc_0_axi_data_fifo_v2_1_36_axic_fifo/system_axi_interconnect_1_imp_auto_pc_0_axi_data_fifo_v2_1_36_fifo_gen/<hidden>/<hidden>/<hidden>/<hidden>/<hidden>/<hidden>
  -------------------------------------------------------------------    -------------------

                         (clock host_clk_i rise edge)
                                                     25.000    25.000 r  
    H16                                               0.000    25.000 r  clk (IN)
                         net (fo=0)                   0.000    25.000    clk
    H16                  IBUF (Prop_ibuf_I_O)         1.380    26.380 r  ibufg_gclk/O
                         net (fo=1, routed)           1.162    27.542    gclk_i
    MMCME2_ADV_X1Y2      MMCME2_ADV (Prop_mmcme2_adv_CLKIN1_CLKOUT0)
                                                      0.083    27.625 r  MMCME2_BASE_inst/CLKOUT0
                         net (fo=1, routed)           2.012    29.637    host_clk_i
    BUFGCTRL_X0Y16       BUFG (Prop_bufg_I_O)         0.091    29.728 r  bufg_host_clk/O
                         net (fo=7399, routed)        1.519    31.247    rocketchip_wrapper/system/system_axi_interconnect_1_0/s00_couplers_imp_8CNLH6/system_axi_interconnect_1_imp_auto_pc_0/system_axi_interconnect_1_imp_auto_pc_0_axi_protocol_converter_v2_1_37_axi_protocol_converter/system_axi_interconnect_1_imp_auto_pc_0_axi_protocol_converter_v2_1_37_axi3_conv/system_axi_interconnect_1_imp_auto_pc_0_axi_protocol_converter_v2_1_37_a_axi3_conv/system_axi_interconnect_1_imp_auto_pc_0_axi_data_fifo_v2_1_36_axic_fifo/system_axi_interconnect_1_imp_auto_pc_0_axi_data_fifo_v2_1_36_fifo_gen/<hidden>/<hidden>/<hidden>/<hidden>/<hidden>/<hidden>
    SLICE_X26Y60         FDPE                                         r  rocketchip_wrapper/system/system_axi_interconnect_1_0/s00_couplers_imp_8CNLH6/system_axi_interconnect_1_imp_auto_pc_0/system_axi_interconnect_1_imp_auto_pc_0_axi_protocol_converter_v2_1_37_axi_protocol_converter/system_axi_interconnect_1_imp_auto_pc_0_axi_protocol_converter_v2_1_37_axi3_conv/system_axi_interconnect_1_imp_auto_pc_0_axi_protocol_converter_v2_1_37_a_axi3_conv/system_axi_interconnect_1_imp_auto_pc_0_axi_data_fifo_v2_1_36_axic_fifo/system_axi_interconnect_1_imp_auto_pc_0_axi_data_fifo_v2_1_36_fifo_gen/<hidden>/<hidden>/<hidden>/<hidden>/<hidden>/<hidden>
                         clock pessimism              0.402    31.649    
                         clock uncertainty           -0.082    31.568    
    SLICE_X26Y60         FDPE (Recov_fdpe_C_PRE)     -0.361    31.207    rocketchip_wrapper/system/system_axi_interconnect_1_0/s00_couplers_imp_8CNLH6/system_axi_interconnect_1_imp_auto_pc_0/system_axi_interconnect_1_imp_auto_pc_0_axi_protocol_converter_v2_1_37_axi_protocol_converter/system_axi_interconnect_1_imp_auto_pc_0_axi_protocol_converter_v2_1_37_axi3_conv/system_axi_interconnect_1_imp_auto_pc_0_axi_protocol_converter_v2_1_37_a_axi3_conv/system_axi_interconnect_1_imp_auto_pc_0_axi_data_fifo_v2_1_36_axic_fifo/system_axi_interconnect_1_imp_auto_pc_0_axi_data_fifo_v2_1_36_fifo_gen/<hidden>/<hidden>/<hidden>/<hidden>/<hidden>/<hidden>
  -------------------------------------------------------------------
                         required time                         31.207    
                         arrival time                         -10.400    
  -------------------------------------------------------------------
                         slack                                 20.807    

Slack (MET) :             20.807ns  (required time - arrival time)
  Source:                 rocketchip_wrapper/system/system_axi_interconnect_1_0/s00_couplers_imp_8CNLH6/system_axi_interconnect_1_imp_auto_pc_0/system_axi_interconnect_1_imp_auto_pc_0_axi_protocol_converter_v2_1_37_axi_protocol_converter/system_axi_interconnect_1_imp_auto_pc_0_axi_protocol_converter_v2_1_37_axi3_conv/system_axi_interconnect_1_imp_auto_pc_0_axi_protocol_converter_v2_1_37_a_axi3_conv/system_axi_interconnect_1_imp_auto_pc_0_axi_data_fifo_v2_1_36_axic_fifo/system_axi_interconnect_1_imp_auto_pc_0_axi_data_fifo_v2_1_36_fifo_gen/<hidden>/<hidden>/<hidden>/<hidden>/<hidden>/<hidden>
                            (rising edge-triggered cell FDPE clocked by host_clk_i  {rise@0.000ns fall@12.500ns period=25.000ns})
  Destination:            rocketchip_wrapper/system/system_axi_interconnect_1_0/s00_couplers_imp_8CNLH6/system_axi_interconnect_1_imp_auto_pc_0/system_axi_interconnect_1_imp_auto_pc_0_axi_protocol_converter_v2_1_37_axi_protocol_converter/system_axi_interconnect_1_imp_auto_pc_0_axi_protocol_converter_v2_1_37_axi3_conv/system_axi_interconnect_1_imp_auto_pc_0_axi_protocol_converter_v2_1_37_a_axi3_conv/system_axi_interconnect_1_imp_auto_pc_0_axi_data_fifo_v2_1_36_axic_fifo/system_axi_interconnect_1_imp_auto_pc_0_axi_data_fifo_v2_1_36_fifo_gen/<hidden>/<hidden>/<hidden>/<hidden>/<hidden>/<hidden>
                            (recovery check against rising-edge clock host_clk_i  {rise@0.000ns fall@12.500ns period=25.000ns})
  Path Group:             **async_default**
  Path Type:              Recovery (Max at Slow Process Corner)
  Requirement:            25.000ns  (host_clk_i rise@25.000ns - host_clk_i rise@0.000ns)
  Data Path Delay:        3.511ns  (logic 0.773ns (22.014%)  route 2.738ns (77.986%))
  Logic Levels:           1  (LUT3=1)
  Clock Path Skew:        -0.239ns (DCD - SCD + CPR)
    Destination Clock Delay (DCD):    6.247ns = ( 31.247 - 25.000 ) 
    Source Clock Delay      (SCD):    6.889ns
    Clock Pessimism Removal (CPR):    0.402ns
  Clock Uncertainty:      0.082ns  ((TSJ^2 + DJ^2)^1/2) / 2 + PE
    Total System Jitter     (TSJ):    0.071ns
    Discrete Jitter          (DJ):    0.147ns
    Phase Error              (PE):    0.000ns

    Location             Delay type                Incr(ns)  Path(ns)    Netlist Resource(s)
  -------------------------------------------------------------------    -------------------
                         (clock host_clk_i rise edge)
                                                      0.000     0.000 r  
    H16                                               0.000     0.000 r  clk (IN)
                         net (fo=0)                   0.000     0.000    clk
    H16                  IBUF (Prop_ibuf_I_O)         1.451     1.451 r  ibufg_gclk/O
                         net (fo=1, routed)           1.285     2.736    gclk_i
    MMCME2_ADV_X1Y2      MMCME2_ADV (Prop_mmcme2_adv_CLKIN1_CLKOUT0)
                                                      0.088     2.824 r  MMCME2_BASE_inst/CLKOUT0
                         net (fo=1, routed)           2.206     5.030    host_clk_i
    BUFGCTRL_X0Y16       BUFG (Prop_bufg_I_O)         0.101     5.131 r  bufg_host_clk/O
                         net (fo=7399, routed)        1.758     6.889    rocketchip_wrapper/system/system_axi_interconnect_1_0/s00_couplers_imp_8CNLH6/system_axi_interconnect_1_imp_auto_pc_0/system_axi_interconnect_1_imp_auto_pc_0_axi_protocol_converter_v2_1_37_axi_protocol_converter/system_axi_interconnect_1_imp_auto_pc_0_axi_protocol_converter_v2_1_37_axi3_conv/system_axi_interconnect_1_imp_auto_pc_0_axi_protocol_converter_v2_1_37_a_axi3_conv/system_axi_interconnect_1_imp_auto_pc_0_axi_data_fifo_v2_1_36_axic_fifo/system_axi_interconnect_1_imp_auto_pc_0_axi_data_fifo_v2_1_36_fifo_gen/<hidden>/<hidden>/<hidden>/<hidden>/<hidden>/<hidden>
    SLICE_X14Y49         FDPE                                         r  rocketchip_wrapper/system/system_axi_interconnect_1_0/s00_couplers_imp_8CNLH6/system_axi_interconnect_1_imp_auto_pc_0/system_axi_interconnect_1_imp_auto_pc_0_axi_protocol_converter_v2_1_37_axi_protocol_converter/system_axi_interconnect_1_imp_auto_pc_0_axi_protocol_converter_v2_1_37_axi3_conv/system_axi_interconnect_1_imp_auto_pc_0_axi_protocol_converter_v2_1_37_a_axi3_conv/system_axi_interconnect_1_imp_auto_pc_0_axi_data_fifo_v2_1_36_axic_fifo/system_axi_interconnect_1_imp_auto_pc_0_axi_data_fifo_v2_1_36_fifo_gen/<hidden>/<hidden>/<hidden>/<hidden>/<hidden>/<hidden>
  -------------------------------------------------------------------    -------------------
    SLICE_X14Y49         FDPE (Prop_fdpe_C_Q)         0.478     7.367 f  rocketchip_wrapper/system/system_axi_interconnect_1_0/s00_couplers_imp_8CNLH6/system_axi_interconnect_1_imp_auto_pc_0/system_axi_interconnect_1_imp_auto_pc_0_axi_protocol_converter_v2_1_37_axi_protocol_converter/system_axi_interconnect_1_imp_auto_pc_0_axi_protocol_converter_v2_1_37_axi3_conv/system_axi_interconnect_1_imp_auto_pc_0_axi_protocol_converter_v2_1_37_a_axi3_conv/system_axi_interconnect_1_imp_auto_pc_0_axi_data_fifo_v2_1_36_axic_fifo/system_axi_interconnect_1_imp_auto_pc_0_axi_data_fifo_v2_1_36_fifo_gen/<hidden>/<hidden>/<hidden>/<hidden>/<hidden>/<hidden>
                         net (fo=3, routed)           0.594     7.961    rocketchip_wrapper/system/system_axi_interconnect_1_0/s00_couplers_imp_8CNLH6/system_axi_interconnect_1_imp_auto_pc_0/system_axi_interconnect_1_imp_auto_pc_0_axi_protocol_converter_v2_1_37_axi_protocol_converter/system_axi_interconnect_1_imp_auto_pc_0_axi_protocol_converter_v2_1_37_axi3_conv/system_axi_interconnect_1_imp_auto_pc_0_axi_protocol_converter_v2_1_37_a_axi3_conv/system_axi_interconnect_1_imp_auto_pc_0_axi_data_fifo_v2_1_36_axic_fifo/system_axi_interconnect_1_imp_auto_pc_0_axi_data_fifo_v2_1_36_fifo_gen/<hidden>/<hidden>/<hidden>/<hidden>/<hidden>
    SLICE_X13Y49         LUT3 (Prop_lut3_I2_O)        0.295     8.256 f  rocketchip_wrapper/system/system_axi_interconnect_1_0/s00_couplers_imp_8CNLH6/system_axi_interconnect_1_imp_auto_pc_0/system_axi_interconnect_1_imp_auto_pc_0_axi_protocol_converter_v2_1_37_axi_protocol_converter/system_axi_interconnect_1_imp_auto_pc_0_axi_protocol_converter_v2_1_37_axi3_conv/system_axi_interconnect_1_imp_auto_pc_0_axi_protocol_converter_v2_1_37_a_axi3_conv/system_axi_interconnect_1_imp_auto_pc_0_axi_data_fifo_v2_1_36_axic_fifo/system_axi_interconnect_1_imp_auto_pc_0_axi_data_fifo_v2_1_36_fifo_gen/<hidden>/<hidden>/<hidden>/<hidden>/<hidden>
                         net (fo=32, routed)          2.144    10.400    rocketchip_wrapper/system/system_axi_interconnect_1_0/s00_couplers_imp_8CNLH6/system_axi_interconnect_1_imp_auto_pc_0/system_axi_interconnect_1_imp_auto_pc_0_axi_protocol_converter_v2_1_37_axi_protocol_converter/system_axi_interconnect_1_imp_auto_pc_0_axi_protocol_converter_v2_1_37_axi3_conv/system_axi_interconnect_1_imp_auto_pc_0_axi_protocol_converter_v2_1_37_a_axi3_conv/system_axi_interconnect_1_imp_auto_pc_0_axi_data_fifo_v2_1_36_axic_fifo/system_axi_interconnect_1_imp_auto_pc_0_axi_data_fifo_v2_1_36_fifo_gen/<hidden>/<hidden>/<hidden>/<hidden>/<hidden>/<hidden>
    SLICE_X26Y60         FDPE                                         f  rocketchip_wrapper/system/system_axi_interconnect_1_0/s00_couplers_imp_8CNLH6/system_axi_interconnect_1_imp_auto_pc_0/system_axi_interconnect_1_imp_auto_pc_0_axi_protocol_converter_v2_1_37_axi_protocol_converter/system_axi_interconnect_1_imp_auto_pc_0_axi_protocol_converter_v2_1_37_axi3_conv/system_axi_interconnect_1_imp_auto_pc_0_axi_protocol_converter_v2_1_37_a_axi3_conv/system_axi_interconnect_1_imp_auto_pc_0_axi_data_fifo_v2_1_36_axic_fifo/system_axi_interconnect_1_imp_auto_pc_0_axi_data_fifo_v2_1_36_fifo_gen/<hidden>/<hidden>/<hidden>/<hidden>/<hidden>/<hidden>
  -------------------------------------------------------------------    -------------------

                         (clock host_clk_i rise edge)
                                                     25.000    25.000 r  
    H16                                               0.000    25.000 r  clk (IN)
                         net (fo=0)                   0.000    25.000    clk
    H16                  IBUF (Prop_ibuf_I_O)         1.380    26.380 r  ibufg_gclk/O
                         net (fo=1, routed)           1.162    27.542    gclk_i
    MMCME2_ADV_X1Y2      MMCME2_ADV (Prop_mmcme2_adv_CLKIN1_CLKOUT0)
                                                      0.083    27.625 r  MMCME2_BASE_inst/CLKOUT0
                         net (fo=1, routed)           2.012    29.637    host_clk_i
    BUFGCTRL_X0Y16       BUFG (Prop_bufg_I_O)         0.091    29.728 r  bufg_host_clk/O
                         net (fo=7399, routed)        1.519    31.247    rocketchip_wrapper/system/system_axi_interconnect_1_0/s00_couplers_imp_8CNLH6/system_axi_interconnect_1_imp_auto_pc_0/system_axi_interconnect_1_imp_auto_pc_0_axi_protocol_converter_v2_1_37_axi_protocol_converter/system_axi_interconnect_1_imp_auto_pc_0_axi_protocol_converter_v2_1_37_axi3_conv/system_axi_interconnect_1_imp_auto_pc_0_axi_protocol_converter_v2_1_37_a_axi3_conv/system_axi_interconnect_1_imp_auto_pc_0_axi_data_fifo_v2_1_36_axic_fifo/system_axi_interconnect_1_imp_auto_pc_0_axi_data_fifo_v2_1_36_fifo_gen/<hidden>/<hidden>/<hidden>/<hidden>/<hidden>/<hidden>
    SLICE_X26Y60         FDPE                                         r  rocketchip_wrapper/system/system_axi_interconnect_1_0/s00_couplers_imp_8CNLH6/system_axi_interconnect_1_imp_auto_pc_0/system_axi_interconnect_1_imp_auto_pc_0_axi_protocol_converter_v2_1_37_axi_protocol_converter/system_axi_interconnect_1_imp_auto_pc_0_axi_protocol_converter_v2_1_37_axi3_conv/system_axi_interconnect_1_imp_auto_pc_0_axi_protocol_converter_v2_1_37_a_axi3_conv/system_axi_interconnect_1_imp_auto_pc_0_axi_data_fifo_v2_1_36_axic_fifo/system_axi_interconnect_1_imp_auto_pc_0_axi_data_fifo_v2_1_36_fifo_gen/<hidden>/<hidden>/<hidden>/<hidden>/<hidden>/<hidden>
                         clock pessimism              0.402    31.649    
                         clock uncertainty           -0.082    31.568    
    SLICE_X26Y60         FDPE (Recov_fdpe_C_PRE)     -0.361    31.207    rocketchip_wrapper/system/system_axi_interconnect_1_0/s00_couplers_imp_8CNLH6/system_axi_interconnect_1_imp_auto_pc_0/system_axi_interconnect_1_imp_auto_pc_0_axi_protocol_converter_v2_1_37_axi_protocol_converter/system_axi_interconnect_1_imp_auto_pc_0_axi_protocol_converter_v2_1_37_axi3_conv/system_axi_interconnect_1_imp_auto_pc_0_axi_protocol_converter_v2_1_37_a_axi3_conv/system_axi_interconnect_1_imp_auto_pc_0_axi_data_fifo_v2_1_36_axic_fifo/system_axi_interconnect_1_imp_auto_pc_0_axi_data_fifo_v2_1_36_fifo_gen/<hidden>/<hidden>/<hidden>/<hidden>/<hidden>/<hidden>
  -------------------------------------------------------------------
                         required time                         31.207    
                         arrival time                         -10.400    
  -------------------------------------------------------------------
                         slack                                 20.807    

Slack (MET) :             20.807ns  (required time - arrival time)
  Source:                 rocketchip_wrapper/system/system_axi_interconnect_1_0/s00_couplers_imp_8CNLH6/system_axi_interconnect_1_imp_auto_pc_0/system_axi_interconnect_1_imp_auto_pc_0_axi_protocol_converter_v2_1_37_axi_protocol_converter/system_axi_interconnect_1_imp_auto_pc_0_axi_protocol_converter_v2_1_37_axi3_conv/system_axi_interconnect_1_imp_auto_pc_0_axi_protocol_converter_v2_1_37_a_axi3_conv/system_axi_interconnect_1_imp_auto_pc_0_axi_data_fifo_v2_1_36_axic_fifo/system_axi_interconnect_1_imp_auto_pc_0_axi_data_fifo_v2_1_36_fifo_gen/<hidden>/<hidden>/<hidden>/<hidden>/<hidden>/<hidden>
                            (rising edge-triggered cell FDPE clocked by host_clk_i  {rise@0.000ns fall@12.500ns period=25.000ns})
  Destination:            rocketchip_wrapper/system/system_axi_interconnect_1_0/s00_couplers_imp_8CNLH6/system_axi_interconnect_1_imp_auto_pc_0/system_axi_interconnect_1_imp_auto_pc_0_axi_protocol_converter_v2_1_37_axi_protocol_converter/system_axi_interconnect_1_imp_auto_pc_0_axi_protocol_converter_v2_1_37_axi3_conv/system_axi_interconnect_1_imp_auto_pc_0_axi_protocol_converter_v2_1_37_a_axi3_conv/system_axi_interconnect_1_imp_auto_pc_0_axi_data_fifo_v2_1_36_axic_fifo/system_axi_interconnect_1_imp_auto_pc_0_axi_data_fifo_v2_1_36_fifo_gen/<hidden>/<hidden>/<hidden>/<hidden>/<hidden>/<hidden>
                            (recovery check against rising-edge clock host_clk_i  {rise@0.000ns fall@12.500ns period=25.000ns})
  Path Group:             **async_default**
  Path Type:              Recovery (Max at Slow Process Corner)
  Requirement:            25.000ns  (host_clk_i rise@25.000ns - host_clk_i rise@0.000ns)
  Data Path Delay:        3.511ns  (logic 0.773ns (22.014%)  route 2.738ns (77.986%))
  Logic Levels:           1  (LUT3=1)
  Clock Path Skew:        -0.239ns (DCD - SCD + CPR)
    Destination Clock Delay (DCD):    6.247ns = ( 31.247 - 25.000 ) 
    Source Clock Delay      (SCD):    6.889ns
    Clock Pessimism Removal (CPR):    0.402ns
  Clock Uncertainty:      0.082ns  ((TSJ^2 + DJ^2)^1/2) / 2 + PE
    Total System Jitter     (TSJ):    0.071ns
    Discrete Jitter          (DJ):    0.147ns
    Phase Error              (PE):    0.000ns

    Location             Delay type                Incr(ns)  Path(ns)    Netlist Resource(s)
  -------------------------------------------------------------------    -------------------
                         (clock host_clk_i rise edge)
                                                      0.000     0.000 r  
    H16                                               0.000     0.000 r  clk (IN)
                         net (fo=0)                   0.000     0.000    clk
    H16                  IBUF (Prop_ibuf_I_O)         1.451     1.451 r  ibufg_gclk/O
                         net (fo=1, routed)           1.285     2.736    gclk_i
    MMCME2_ADV_X1Y2      MMCME2_ADV (Prop_mmcme2_adv_CLKIN1_CLKOUT0)
                                                      0.088     2.824 r  MMCME2_BASE_inst/CLKOUT0
                         net (fo=1, routed)           2.206     5.030    host_clk_i
    BUFGCTRL_X0Y16       BUFG (Prop_bufg_I_O)         0.101     5.131 r  bufg_host_clk/O
                         net (fo=7399, routed)        1.758     6.889    rocketchip_wrapper/system/system_axi_interconnect_1_0/s00_couplers_imp_8CNLH6/system_axi_interconnect_1_imp_auto_pc_0/system_axi_interconnect_1_imp_auto_pc_0_axi_protocol_converter_v2_1_37_axi_protocol_converter/system_axi_interconnect_1_imp_auto_pc_0_axi_protocol_converter_v2_1_37_axi3_conv/system_axi_interconnect_1_imp_auto_pc_0_axi_protocol_converter_v2_1_37_a_axi3_conv/system_axi_interconnect_1_imp_auto_pc_0_axi_data_fifo_v2_1_36_axic_fifo/system_axi_interconnect_1_imp_auto_pc_0_axi_data_fifo_v2_1_36_fifo_gen/<hidden>/<hidden>/<hidden>/<hidden>/<hidden>/<hidden>
    SLICE_X14Y49         FDPE                                         r  rocketchip_wrapper/system/system_axi_interconnect_1_0/s00_couplers_imp_8CNLH6/system_axi_interconnect_1_imp_auto_pc_0/system_axi_interconnect_1_imp_auto_pc_0_axi_protocol_converter_v2_1_37_axi_protocol_converter/system_axi_interconnect_1_imp_auto_pc_0_axi_protocol_converter_v2_1_37_axi3_conv/system_axi_interconnect_1_imp_auto_pc_0_axi_protocol_converter_v2_1_37_a_axi3_conv/system_axi_interconnect_1_imp_auto_pc_0_axi_data_fifo_v2_1_36_axic_fifo/system_axi_interconnect_1_imp_auto_pc_0_axi_data_fifo_v2_1_36_fifo_gen/<hidden>/<hidden>/<hidden>/<hidden>/<hidden>/<hidden>
  -------------------------------------------------------------------    -------------------
    SLICE_X14Y49         FDPE (Prop_fdpe_C_Q)         0.478     7.367 f  rocketchip_wrapper/system/system_axi_interconnect_1_0/s00_couplers_imp_8CNLH6/system_axi_interconnect_1_imp_auto_pc_0/system_axi_interconnect_1_imp_auto_pc_0_axi_protocol_converter_v2_1_37_axi_protocol_converter/system_axi_interconnect_1_imp_auto_pc_0_axi_protocol_converter_v2_1_37_axi3_conv/system_axi_interconnect_1_imp_auto_pc_0_axi_protocol_converter_v2_1_37_a_axi3_conv/system_axi_interconnect_1_imp_auto_pc_0_axi_data_fifo_v2_1_36_axic_fifo/system_axi_interconnect_1_imp_auto_pc_0_axi_data_fifo_v2_1_36_fifo_gen/<hidden>/<hidden>/<hidden>/<hidden>/<hidden>/<hidden>
                         net (fo=3, routed)           0.594     7.961    rocketchip_wrapper/system/system_axi_interconnect_1_0/s00_couplers_imp_8CNLH6/system_axi_interconnect_1_imp_auto_pc_0/system_axi_interconnect_1_imp_auto_pc_0_axi_protocol_converter_v2_1_37_axi_protocol_converter/system_axi_interconnect_1_imp_auto_pc_0_axi_protocol_converter_v2_1_37_axi3_conv/system_axi_interconnect_1_imp_auto_pc_0_axi_protocol_converter_v2_1_37_a_axi3_conv/system_axi_interconnect_1_imp_auto_pc_0_axi_data_fifo_v2_1_36_axic_fifo/system_axi_interconnect_1_imp_auto_pc_0_axi_data_fifo_v2_1_36_fifo_gen/<hidden>/<hidden>/<hidden>/<hidden>/<hidden>
    SLICE_X13Y49         LUT3 (Prop_lut3_I2_O)        0.295     8.256 f  rocketchip_wrapper/system/system_axi_interconnect_1_0/s00_couplers_imp_8CNLH6/system_axi_interconnect_1_imp_auto_pc_0/system_axi_interconnect_1_imp_auto_pc_0_axi_protocol_converter_v2_1_37_axi_protocol_converter/system_axi_interconnect_1_imp_auto_pc_0_axi_protocol_converter_v2_1_37_axi3_conv/system_axi_interconnect_1_imp_auto_pc_0_axi_protocol_converter_v2_1_37_a_axi3_conv/system_axi_interconnect_1_imp_auto_pc_0_axi_data_fifo_v2_1_36_axic_fifo/system_axi_interconnect_1_imp_auto_pc_0_axi_data_fifo_v2_1_36_fifo_gen/<hidden>/<hidden>/<hidden>/<hidden>/<hidden>
                         net (fo=32, routed)          2.144    10.400    rocketchip_wrapper/system/system_axi_interconnect_1_0/s00_couplers_imp_8CNLH6/system_axi_interconnect_1_imp_auto_pc_0/system_axi_interconnect_1_imp_auto_pc_0_axi_protocol_converter_v2_1_37_axi_protocol_converter/system_axi_interconnect_1_imp_auto_pc_0_axi_protocol_converter_v2_1_37_axi3_conv/system_axi_interconnect_1_imp_auto_pc_0_axi_protocol_converter_v2_1_37_a_axi3_conv/system_axi_interconnect_1_imp_auto_pc_0_axi_data_fifo_v2_1_36_axic_fifo/system_axi_interconnect_1_imp_auto_pc_0_axi_data_fifo_v2_1_36_fifo_gen/<hidden>/<hidden>/<hidden>/<hidden>/<hidden>/<hidden>
    SLICE_X26Y60         FDPE                                         f  rocketchip_wrapper/system/system_axi_interconnect_1_0/s00_couplers_imp_8CNLH6/system_axi_interconnect_1_imp_auto_pc_0/system_axi_interconnect_1_imp_auto_pc_0_axi_protocol_converter_v2_1_37_axi_protocol_converter/system_axi_interconnect_1_imp_auto_pc_0_axi_protocol_converter_v2_1_37_axi3_conv/system_axi_interconnect_1_imp_auto_pc_0_axi_protocol_converter_v2_1_37_a_axi3_conv/system_axi_interconnect_1_imp_auto_pc_0_axi_data_fifo_v2_1_36_axic_fifo/system_axi_interconnect_1_imp_auto_pc_0_axi_data_fifo_v2_1_36_fifo_gen/<hidden>/<hidden>/<hidden>/<hidden>/<hidden>/<hidden>
  -------------------------------------------------------------------    -------------------

                         (clock host_clk_i rise edge)
                                                     25.000    25.000 r  
    H16                                               0.000    25.000 r  clk (IN)
                         net (fo=0)                   0.000    25.000    clk
    H16                  IBUF (Prop_ibuf_I_O)         1.380    26.380 r  ibufg_gclk/O
                         net (fo=1, routed)           1.162    27.542    gclk_i
    MMCME2_ADV_X1Y2      MMCME2_ADV (Prop_mmcme2_adv_CLKIN1_CLKOUT0)
                                                      0.083    27.625 r  MMCME2_BASE_inst/CLKOUT0
                         net (fo=1, routed)           2.012    29.637    host_clk_i
    BUFGCTRL_X0Y16       BUFG (Prop_bufg_I_O)         0.091    29.728 r  bufg_host_clk/O
                         net (fo=7399, routed)        1.519    31.247    rocketchip_wrapper/system/system_axi_interconnect_1_0/s00_couplers_imp_8CNLH6/system_axi_interconnect_1_imp_auto_pc_0/system_axi_interconnect_1_imp_auto_pc_0_axi_protocol_converter_v2_1_37_axi_protocol_converter/system_axi_interconnect_1_imp_auto_pc_0_axi_protocol_converter_v2_1_37_axi3_conv/system_axi_interconnect_1_imp_auto_pc_0_axi_protocol_converter_v2_1_37_a_axi3_conv/system_axi_interconnect_1_imp_auto_pc_0_axi_data_fifo_v2_1_36_axic_fifo/system_axi_interconnect_1_imp_auto_pc_0_axi_data_fifo_v2_1_36_fifo_gen/<hidden>/<hidden>/<hidden>/<hidden>/<hidden>/<hidden>
    SLICE_X26Y60         FDPE                                         r  rocketchip_wrapper/system/system_axi_interconnect_1_0/s00_couplers_imp_8CNLH6/system_axi_interconnect_1_imp_auto_pc_0/system_axi_interconnect_1_imp_auto_pc_0_axi_protocol_converter_v2_1_37_axi_protocol_converter/system_axi_interconnect_1_imp_auto_pc_0_axi_protocol_converter_v2_1_37_axi3_conv/system_axi_interconnect_1_imp_auto_pc_0_axi_protocol_converter_v2_1_37_a_axi3_conv/system_axi_interconnect_1_imp_auto_pc_0_axi_data_fifo_v2_1_36_axic_fifo/system_axi_interconnect_1_imp_auto_pc_0_axi_data_fifo_v2_1_36_fifo_gen/<hidden>/<hidden>/<hidden>/<hidden>/<hidden>/<hidden>
                         clock pessimism              0.402    31.649    
                         clock uncertainty           -0.082    31.568    
    SLICE_X26Y60         FDPE (Recov_fdpe_C_PRE)     -0.361    31.207    rocketchip_wrapper/system/system_axi_interconnect_1_0/s00_couplers_imp_8CNLH6/system_axi_interconnect_1_imp_auto_pc_0/system_axi_interconnect_1_imp_auto_pc_0_axi_protocol_converter_v2_1_37_axi_protocol_converter/system_axi_interconnect_1_imp_auto_pc_0_axi_protocol_converter_v2_1_37_axi3_conv/system_axi_interconnect_1_imp_auto_pc_0_axi_protocol_converter_v2_1_37_a_axi3_conv/system_axi_interconnect_1_imp_auto_pc_0_axi_data_fifo_v2_1_36_axic_fifo/system_axi_interconnect_1_imp_auto_pc_0_axi_data_fifo_v2_1_36_fifo_gen/<hidden>/<hidden>/<hidden>/<hidden>/<hidden>/<hidden>
  -------------------------------------------------------------------
                         required time                         31.207    
                         arrival time                         -10.400    
  -------------------------------------------------------------------
                         slack                                 20.807    

Slack (MET) :             20.807ns  (required time - arrival time)
  Source:                 rocketchip_wrapper/system/system_axi_interconnect_1_0/s00_couplers_imp_8CNLH6/system_axi_interconnect_1_imp_auto_pc_0/system_axi_interconnect_1_imp_auto_pc_0_axi_protocol_converter_v2_1_37_axi_protocol_converter/system_axi_interconnect_1_imp_auto_pc_0_axi_protocol_converter_v2_1_37_axi3_conv/system_axi_interconnect_1_imp_auto_pc_0_axi_protocol_converter_v2_1_37_a_axi3_conv/system_axi_interconnect_1_imp_auto_pc_0_axi_data_fifo_v2_1_36_axic_fifo/system_axi_interconnect_1_imp_auto_pc_0_axi_data_fifo_v2_1_36_fifo_gen/<hidden>/<hidden>/<hidden>/<hidden>/<hidden>/<hidden>
                            (rising edge-triggered cell FDPE clocked by host_clk_i  {rise@0.000ns fall@12.500ns period=25.000ns})
  Destination:            rocketchip_wrapper/system/system_axi_interconnect_1_0/s00_couplers_imp_8CNLH6/system_axi_interconnect_1_imp_auto_pc_0/system_axi_interconnect_1_imp_auto_pc_0_axi_protocol_converter_v2_1_37_axi_protocol_converter/system_axi_interconnect_1_imp_auto_pc_0_axi_protocol_converter_v2_1_37_axi3_conv/system_axi_interconnect_1_imp_auto_pc_0_axi_protocol_converter_v2_1_37_a_axi3_conv/system_axi_interconnect_1_imp_auto_pc_0_axi_data_fifo_v2_1_36_axic_fifo/system_axi_interconnect_1_imp_auto_pc_0_axi_data_fifo_v2_1_36_fifo_gen/<hidden>/<hidden>/<hidden>/<hidden>/<hidden>/<hidden>
                            (recovery check against rising-edge clock host_clk_i  {rise@0.000ns fall@12.500ns period=25.000ns})
  Path Group:             **async_default**
  Path Type:              Recovery (Max at Slow Process Corner)
  Requirement:            25.000ns  (host_clk_i rise@25.000ns - host_clk_i rise@0.000ns)
  Data Path Delay:        3.511ns  (logic 0.773ns (22.014%)  route 2.738ns (77.986%))
  Logic Levels:           1  (LUT3=1)
  Clock Path Skew:        -0.239ns (DCD - SCD + CPR)
    Destination Clock Delay (DCD):    6.247ns = ( 31.247 - 25.000 ) 
    Source Clock Delay      (SCD):    6.889ns
    Clock Pessimism Removal (CPR):    0.402ns
  Clock Uncertainty:      0.082ns  ((TSJ^2 + DJ^2)^1/2) / 2 + PE
    Total System Jitter     (TSJ):    0.071ns
    Discrete Jitter          (DJ):    0.147ns
    Phase Error              (PE):    0.000ns

    Location             Delay type                Incr(ns)  Path(ns)    Netlist Resource(s)
  -------------------------------------------------------------------    -------------------
                         (clock host_clk_i rise edge)
                                                      0.000     0.000 r  
    H16                                               0.000     0.000 r  clk (IN)
                         net (fo=0)                   0.000     0.000    clk
    H16                  IBUF (Prop_ibuf_I_O)         1.451     1.451 r  ibufg_gclk/O
                         net (fo=1, routed)           1.285     2.736    gclk_i
    MMCME2_ADV_X1Y2      MMCME2_ADV (Prop_mmcme2_adv_CLKIN1_CLKOUT0)
                                                      0.088     2.824 r  MMCME2_BASE_inst/CLKOUT0
                         net (fo=1, routed)           2.206     5.030    host_clk_i
    BUFGCTRL_X0Y16       BUFG (Prop_bufg_I_O)         0.101     5.131 r  bufg_host_clk/O
                         net (fo=7399, routed)        1.758     6.889    rocketchip_wrapper/system/system_axi_interconnect_1_0/s00_couplers_imp_8CNLH6/system_axi_interconnect_1_imp_auto_pc_0/system_axi_interconnect_1_imp_auto_pc_0_axi_protocol_converter_v2_1_37_axi_protocol_converter/system_axi_interconnect_1_imp_auto_pc_0_axi_protocol_converter_v2_1_37_axi3_conv/system_axi_interconnect_1_imp_auto_pc_0_axi_protocol_converter_v2_1_37_a_axi3_conv/system_axi_interconnect_1_imp_auto_pc_0_axi_data_fifo_v2_1_36_axic_fifo/system_axi_interconnect_1_imp_auto_pc_0_axi_data_fifo_v2_1_36_fifo_gen/<hidden>/<hidden>/<hidden>/<hidden>/<hidden>/<hidden>
    SLICE_X14Y49         FDPE                                         r  rocketchip_wrapper/system/system_axi_interconnect_1_0/s00_couplers_imp_8CNLH6/system_axi_interconnect_1_imp_auto_pc_0/system_axi_interconnect_1_imp_auto_pc_0_axi_protocol_converter_v2_1_37_axi_protocol_converter/system_axi_interconnect_1_imp_auto_pc_0_axi_protocol_converter_v2_1_37_axi3_conv/system_axi_interconnect_1_imp_auto_pc_0_axi_protocol_converter_v2_1_37_a_axi3_conv/system_axi_interconnect_1_imp_auto_pc_0_axi_data_fifo_v2_1_36_axic_fifo/system_axi_interconnect_1_imp_auto_pc_0_axi_data_fifo_v2_1_36_fifo_gen/<hidden>/<hidden>/<hidden>/<hidden>/<hidden>/<hidden>
  -------------------------------------------------------------------    -------------------
    SLICE_X14Y49         FDPE (Prop_fdpe_C_Q)         0.478     7.367 f  rocketchip_wrapper/system/system_axi_interconnect_1_0/s00_couplers_imp_8CNLH6/system_axi_interconnect_1_imp_auto_pc_0/system_axi_interconnect_1_imp_auto_pc_0_axi_protocol_converter_v2_1_37_axi_protocol_converter/system_axi_interconnect_1_imp_auto_pc_0_axi_protocol_converter_v2_1_37_axi3_conv/system_axi_interconnect_1_imp_auto_pc_0_axi_protocol_converter_v2_1_37_a_axi3_conv/system_axi_interconnect_1_imp_auto_pc_0_axi_data_fifo_v2_1_36_axic_fifo/system_axi_interconnect_1_imp_auto_pc_0_axi_data_fifo_v2_1_36_fifo_gen/<hidden>/<hidden>/<hidden>/<hidden>/<hidden>/<hidden>
                         net (fo=3, routed)           0.594     7.961    rocketchip_wrapper/system/system_axi_interconnect_1_0/s00_couplers_imp_8CNLH6/system_axi_interconnect_1_imp_auto_pc_0/system_axi_interconnect_1_imp_auto_pc_0_axi_protocol_converter_v2_1_37_axi_protocol_converter/system_axi_interconnect_1_imp_auto_pc_0_axi_protocol_converter_v2_1_37_axi3_conv/system_axi_interconnect_1_imp_auto_pc_0_axi_protocol_converter_v2_1_37_a_axi3_conv/system_axi_interconnect_1_imp_auto_pc_0_axi_data_fifo_v2_1_36_axic_fifo/system_axi_interconnect_1_imp_auto_pc_0_axi_data_fifo_v2_1_36_fifo_gen/<hidden>/<hidden>/<hidden>/<hidden>/<hidden>
    SLICE_X13Y49         LUT3 (Prop_lut3_I2_O)        0.295     8.256 f  rocketchip_wrapper/system/system_axi_interconnect_1_0/s00_couplers_imp_8CNLH6/system_axi_interconnect_1_imp_auto_pc_0/system_axi_interconnect_1_imp_auto_pc_0_axi_protocol_converter_v2_1_37_axi_protocol_converter/system_axi_interconnect_1_imp_auto_pc_0_axi_protocol_converter_v2_1_37_axi3_conv/system_axi_interconnect_1_imp_auto_pc_0_axi_protocol_converter_v2_1_37_a_axi3_conv/system_axi_interconnect_1_imp_auto_pc_0_axi_data_fifo_v2_1_36_axic_fifo/system_axi_interconnect_1_imp_auto_pc_0_axi_data_fifo_v2_1_36_fifo_gen/<hidden>/<hidden>/<hidden>/<hidden>/<hidden>
                         net (fo=32, routed)          2.144    10.400    rocketchip_wrapper/system/system_axi_interconnect_1_0/s00_couplers_imp_8CNLH6/system_axi_interconnect_1_imp_auto_pc_0/system_axi_interconnect_1_imp_auto_pc_0_axi_protocol_converter_v2_1_37_axi_protocol_converter/system_axi_interconnect_1_imp_auto_pc_0_axi_protocol_converter_v2_1_37_axi3_conv/system_axi_interconnect_1_imp_auto_pc_0_axi_protocol_converter_v2_1_37_a_axi3_conv/system_axi_interconnect_1_imp_auto_pc_0_axi_data_fifo_v2_1_36_axic_fifo/system_axi_interconnect_1_imp_auto_pc_0_axi_data_fifo_v2_1_36_fifo_gen/<hidden>/<hidden>/<hidden>/<hidden>/<hidden>/<hidden>
    SLICE_X26Y60         FDCE                                         f  rocketchip_wrapper/system/system_axi_interconnect_1_0/s00_couplers_imp_8CNLH6/system_axi_interconnect_1_imp_auto_pc_0/system_axi_interconnect_1_imp_auto_pc_0_axi_protocol_converter_v2_1_37_axi_protocol_converter/system_axi_interconnect_1_imp_auto_pc_0_axi_protocol_converter_v2_1_37_axi3_conv/system_axi_interconnect_1_imp_auto_pc_0_axi_protocol_converter_v2_1_37_a_axi3_conv/system_axi_interconnect_1_imp_auto_pc_0_axi_data_fifo_v2_1_36_axic_fifo/system_axi_interconnect_1_imp_auto_pc_0_axi_data_fifo_v2_1_36_fifo_gen/<hidden>/<hidden>/<hidden>/<hidden>/<hidden>/<hidden>
  -------------------------------------------------------------------    -------------------

                         (clock host_clk_i rise edge)
                                                     25.000    25.000 r  
    H16                                               0.000    25.000 r  clk (IN)
                         net (fo=0)                   0.000    25.000    clk
    H16                  IBUF (Prop_ibuf_I_O)         1.380    26.380 r  ibufg_gclk/O
                         net (fo=1, routed)           1.162    27.542    gclk_i
    MMCME2_ADV_X1Y2      MMCME2_ADV (Prop_mmcme2_adv_CLKIN1_CLKOUT0)
                                                      0.083    27.625 r  MMCME2_BASE_inst/CLKOUT0
                         net (fo=1, routed)           2.012    29.637    host_clk_i
    BUFGCTRL_X0Y16       BUFG (Prop_bufg_I_O)         0.091    29.728 r  bufg_host_clk/O
                         net (fo=7399, routed)        1.519    31.247    rocketchip_wrapper/system/system_axi_interconnect_1_0/s00_couplers_imp_8CNLH6/system_axi_interconnect_1_imp_auto_pc_0/system_axi_interconnect_1_imp_auto_pc_0_axi_protocol_converter_v2_1_37_axi_protocol_converter/system_axi_interconnect_1_imp_auto_pc_0_axi_protocol_converter_v2_1_37_axi3_conv/system_axi_interconnect_1_imp_auto_pc_0_axi_protocol_converter_v2_1_37_a_axi3_conv/system_axi_interconnect_1_imp_auto_pc_0_axi_data_fifo_v2_1_36_axic_fifo/system_axi_interconnect_1_imp_auto_pc_0_axi_data_fifo_v2_1_36_fifo_gen/<hidden>/<hidden>/<hidden>/<hidden>/<hidden>/<hidden>
    SLICE_X26Y60         FDCE                                         r  rocketchip_wrapper/system/system_axi_interconnect_1_0/s00_couplers_imp_8CNLH6/system_axi_interconnect_1_imp_auto_pc_0/system_axi_interconnect_1_imp_auto_pc_0_axi_protocol_converter_v2_1_37_axi_protocol_converter/system_axi_interconnect_1_imp_auto_pc_0_axi_protocol_converter_v2_1_37_axi3_conv/system_axi_interconnect_1_imp_auto_pc_0_axi_protocol_converter_v2_1_37_a_axi3_conv/system_axi_interconnect_1_imp_auto_pc_0_axi_data_fifo_v2_1_36_axic_fifo/system_axi_interconnect_1_imp_auto_pc_0_axi_data_fifo_v2_1_36_fifo_gen/<hidden>/<hidden>/<hidden>/<hidden>/<hidden>/<hidden>
                         clock pessimism              0.402    31.649    
                         clock uncertainty           -0.082    31.568    
    SLICE_X26Y60         FDCE (Recov_fdce_C_CLR)     -0.361    31.207    rocketchip_wrapper/system/system_axi_interconnect_1_0/s00_couplers_imp_8CNLH6/system_axi_interconnect_1_imp_auto_pc_0/system_axi_interconnect_1_imp_auto_pc_0_axi_protocol_converter_v2_1_37_axi_protocol_converter/system_axi_interconnect_1_imp_auto_pc_0_axi_protocol_converter_v2_1_37_axi3_conv/system_axi_interconnect_1_imp_auto_pc_0_axi_protocol_converter_v2_1_37_a_axi3_conv/system_axi_interconnect_1_imp_auto_pc_0_axi_data_fifo_v2_1_36_axic_fifo/system_axi_interconnect_1_imp_auto_pc_0_axi_data_fifo_v2_1_36_fifo_gen/<hidden>/<hidden>/<hidden>/<hidden>/<hidden>/<hidden>
  -------------------------------------------------------------------
                         required time                         31.207    
                         arrival time                         -10.400    
  -------------------------------------------------------------------
                         slack                                 20.807    

Slack (MET) :             20.809ns  (required time - arrival time)
  Source:                 rocketchip_wrapper/system/system_axi_interconnect_1_0/s00_couplers_imp_8CNLH6/system_axi_interconnect_1_imp_auto_pc_0/system_axi_interconnect_1_imp_auto_pc_0_axi_protocol_converter_v2_1_37_axi_protocol_converter/system_axi_interconnect_1_imp_auto_pc_0_axi_protocol_converter_v2_1_37_axi3_conv/system_axi_interconnect_1_imp_auto_pc_0_axi_protocol_converter_v2_1_37_a_axi3_conv/system_axi_interconnect_1_imp_auto_pc_0_axi_data_fifo_v2_1_36_axic_fifo/system_axi_interconnect_1_imp_auto_pc_0_axi_data_fifo_v2_1_36_fifo_gen/<hidden>/<hidden>/<hidden>/<hidden>/<hidden>/<hidden>
                            (rising edge-triggered cell FDPE clocked by host_clk_i  {rise@0.000ns fall@12.500ns period=25.000ns})
  Destination:            rocketchip_wrapper/system/system_axi_interconnect_1_0/s00_couplers_imp_8CNLH6/system_axi_interconnect_1_imp_auto_pc_0/system_axi_interconnect_1_imp_auto_pc_0_axi_protocol_converter_v2_1_37_axi_protocol_converter/system_axi_interconnect_1_imp_auto_pc_0_axi_protocol_converter_v2_1_37_axi3_conv/system_axi_interconnect_1_imp_auto_pc_0_axi_protocol_converter_v2_1_37_a_axi3_conv/system_axi_interconnect_1_imp_auto_pc_0_axi_data_fifo_v2_1_36_axic_fifo/system_axi_interconnect_1_imp_auto_pc_0_axi_data_fifo_v2_1_36_fifo_gen/<hidden>/<hidden>/<hidden>/<hidden>/<hidden>/<hidden>
                            (recovery check against rising-edge clock host_clk_i  {rise@0.000ns fall@12.500ns period=25.000ns})
  Path Group:             **async_default**
  Path Type:              Recovery (Max at Slow Process Corner)
  Requirement:            25.000ns  (host_clk_i rise@25.000ns - host_clk_i rise@0.000ns)
  Data Path Delay:        3.511ns  (logic 0.773ns (22.014%)  route 2.738ns (77.986%))
  Logic Levels:           1  (LUT3=1)
  Clock Path Skew:        -0.239ns (DCD - SCD + CPR)
    Destination Clock Delay (DCD):    6.247ns = ( 31.247 - 25.000 ) 
    Source Clock Delay      (SCD):    6.889ns
    Clock Pessimism Removal (CPR):    0.402ns
  Clock Uncertainty:      0.082ns  ((TSJ^2 + DJ^2)^1/2) / 2 + PE
    Total System Jitter     (TSJ):    0.071ns
    Discrete Jitter          (DJ):    0.147ns
    Phase Error              (PE):    0.000ns

    Location             Delay type                Incr(ns)  Path(ns)    Netlist Resource(s)
  -------------------------------------------------------------------    -------------------
                         (clock host_clk_i rise edge)
                                                      0.000     0.000 r  
    H16                                               0.000     0.000 r  clk (IN)
                         net (fo=0)                   0.000     0.000    clk
    H16                  IBUF (Prop_ibuf_I_O)         1.451     1.451 r  ibufg_gclk/O
                         net (fo=1, routed)           1.285     2.736    gclk_i
    MMCME2_ADV_X1Y2      MMCME2_ADV (Prop_mmcme2_adv_CLKIN1_CLKOUT0)
                                                      0.088     2.824 r  MMCME2_BASE_inst/CLKOUT0
                         net (fo=1, routed)           2.206     5.030    host_clk_i
    BUFGCTRL_X0Y16       BUFG (Prop_bufg_I_O)         0.101     5.131 r  bufg_host_clk/O
                         net (fo=7399, routed)        1.758     6.889    rocketchip_wrapper/system/system_axi_interconnect_1_0/s00_couplers_imp_8CNLH6/system_axi_interconnect_1_imp_auto_pc_0/system_axi_interconnect_1_imp_auto_pc_0_axi_protocol_converter_v2_1_37_axi_protocol_converter/system_axi_interconnect_1_imp_auto_pc_0_axi_protocol_converter_v2_1_37_axi3_conv/system_axi_interconnect_1_imp_auto_pc_0_axi_protocol_converter_v2_1_37_a_axi3_conv/system_axi_interconnect_1_imp_auto_pc_0_axi_data_fifo_v2_1_36_axic_fifo/system_axi_interconnect_1_imp_auto_pc_0_axi_data_fifo_v2_1_36_fifo_gen/<hidden>/<hidden>/<hidden>/<hidden>/<hidden>/<hidden>
    SLICE_X14Y49         FDPE                                         r  rocketchip_wrapper/system/system_axi_interconnect_1_0/s00_couplers_imp_8CNLH6/system_axi_interconnect_1_imp_auto_pc_0/system_axi_interconnect_1_imp_auto_pc_0_axi_protocol_converter_v2_1_37_axi_protocol_converter/system_axi_interconnect_1_imp_auto_pc_0_axi_protocol_converter_v2_1_37_axi3_conv/system_axi_interconnect_1_imp_auto_pc_0_axi_protocol_converter_v2_1_37_a_axi3_conv/system_axi_interconnect_1_imp_auto_pc_0_axi_data_fifo_v2_1_36_axic_fifo/system_axi_interconnect_1_imp_auto_pc_0_axi_data_fifo_v2_1_36_fifo_gen/<hidden>/<hidden>/<hidden>/<hidden>/<hidden>/<hidden>
  -------------------------------------------------------------------    -------------------
    SLICE_X14Y49         FDPE (Prop_fdpe_C_Q)         0.478     7.367 f  rocketchip_wrapper/system/system_axi_interconnect_1_0/s00_couplers_imp_8CNLH6/system_axi_interconnect_1_imp_auto_pc_0/system_axi_interconnect_1_imp_auto_pc_0_axi_protocol_converter_v2_1_37_axi_protocol_converter/system_axi_interconnect_1_imp_auto_pc_0_axi_protocol_converter_v2_1_37_axi3_conv/system_axi_interconnect_1_imp_auto_pc_0_axi_protocol_converter_v2_1_37_a_axi3_conv/system_axi_interconnect_1_imp_auto_pc_0_axi_data_fifo_v2_1_36_axic_fifo/system_axi_interconnect_1_imp_auto_pc_0_axi_data_fifo_v2_1_36_fifo_gen/<hidden>/<hidden>/<hidden>/<hidden>/<hidden>/<hidden>
                         net (fo=3, routed)           0.594     7.961    rocketchip_wrapper/system/system_axi_interconnect_1_0/s00_couplers_imp_8CNLH6/system_axi_interconnect_1_imp_auto_pc_0/system_axi_interconnect_1_imp_auto_pc_0_axi_protocol_converter_v2_1_37_axi_protocol_converter/system_axi_interconnect_1_imp_auto_pc_0_axi_protocol_converter_v2_1_37_axi3_conv/system_axi_interconnect_1_imp_auto_pc_0_axi_protocol_converter_v2_1_37_a_axi3_conv/system_axi_interconnect_1_imp_auto_pc_0_axi_data_fifo_v2_1_36_axic_fifo/system_axi_interconnect_1_imp_auto_pc_0_axi_data_fifo_v2_1_36_fifo_gen/<hidden>/<hidden>/<hidden>/<hidden>/<hidden>
    SLICE_X13Y49         LUT3 (Prop_lut3_I2_O)        0.295     8.256 f  rocketchip_wrapper/system/system_axi_interconnect_1_0/s00_couplers_imp_8CNLH6/system_axi_interconnect_1_imp_auto_pc_0/system_axi_interconnect_1_imp_auto_pc_0_axi_protocol_converter_v2_1_37_axi_protocol_converter/system_axi_interconnect_1_imp_auto_pc_0_axi_protocol_converter_v2_1_37_axi3_conv/system_axi_interconnect_1_imp_auto_pc_0_axi_protocol_converter_v2_1_37_a_axi3_conv/system_axi_interconnect_1_imp_auto_pc_0_axi_data_fifo_v2_1_36_axic_fifo/system_axi_interconnect_1_imp_auto_pc_0_axi_data_fifo_v2_1_36_fifo_gen/<hidden>/<hidden>/<hidden>/<hidden>/<hidden>
                         net (fo=32, routed)          2.144    10.400    rocketchip_wrapper/system/system_axi_interconnect_1_0/s00_couplers_imp_8CNLH6/system_axi_interconnect_1_imp_auto_pc_0/system_axi_interconnect_1_imp_auto_pc_0_axi_protocol_converter_v2_1_37_axi_protocol_converter/system_axi_interconnect_1_imp_auto_pc_0_axi_protocol_converter_v2_1_37_axi3_conv/system_axi_interconnect_1_imp_auto_pc_0_axi_protocol_converter_v2_1_37_a_axi3_conv/system_axi_interconnect_1_imp_auto_pc_0_axi_data_fifo_v2_1_36_axic_fifo/system_axi_interconnect_1_imp_auto_pc_0_axi_data_fifo_v2_1_36_fifo_gen/<hidden>/<hidden>/<hidden>/<hidden>/<hidden>/<hidden>
    SLICE_X27Y60         FDPE                                         f  rocketchip_wrapper/system/system_axi_interconnect_1_0/s00_couplers_imp_8CNLH6/system_axi_interconnect_1_imp_auto_pc_0/system_axi_interconnect_1_imp_auto_pc_0_axi_protocol_converter_v2_1_37_axi_protocol_converter/system_axi_interconnect_1_imp_auto_pc_0_axi_protocol_converter_v2_1_37_axi3_conv/system_axi_interconnect_1_imp_auto_pc_0_axi_protocol_converter_v2_1_37_a_axi3_conv/system_axi_interconnect_1_imp_auto_pc_0_axi_data_fifo_v2_1_36_axic_fifo/system_axi_interconnect_1_imp_auto_pc_0_axi_data_fifo_v2_1_36_fifo_gen/<hidden>/<hidden>/<hidden>/<hidden>/<hidden>/<hidden>
  -------------------------------------------------------------------    -------------------

                         (clock host_clk_i rise edge)
                                                     25.000    25.000 r  
    H16                                               0.000    25.000 r  clk (IN)
                         net (fo=0)                   0.000    25.000    clk
    H16                  IBUF (Prop_ibuf_I_O)         1.380    26.380 r  ibufg_gclk/O
                         net (fo=1, routed)           1.162    27.542    gclk_i
    MMCME2_ADV_X1Y2      MMCME2_ADV (Prop_mmcme2_adv_CLKIN1_CLKOUT0)
                                                      0.083    27.625 r  MMCME2_BASE_inst/CLKOUT0
                         net (fo=1, routed)           2.012    29.637    host_clk_i
    BUFGCTRL_X0Y16       BUFG (Prop_bufg_I_O)         0.091    29.728 r  bufg_host_clk/O
                         net (fo=7399, routed)        1.519    31.247    rocketchip_wrapper/system/system_axi_interconnect_1_0/s00_couplers_imp_8CNLH6/system_axi_interconnect_1_imp_auto_pc_0/system_axi_interconnect_1_imp_auto_pc_0_axi_protocol_converter_v2_1_37_axi_protocol_converter/system_axi_interconnect_1_imp_auto_pc_0_axi_protocol_converter_v2_1_37_axi3_conv/system_axi_interconnect_1_imp_auto_pc_0_axi_protocol_converter_v2_1_37_a_axi3_conv/system_axi_interconnect_1_imp_auto_pc_0_axi_data_fifo_v2_1_36_axic_fifo/system_axi_interconnect_1_imp_auto_pc_0_axi_data_fifo_v2_1_36_fifo_gen/<hidden>/<hidden>/<hidden>/<hidden>/<hidden>/<hidden>
    SLICE_X27Y60         FDPE                                         r  rocketchip_wrapper/system/system_axi_interconnect_1_0/s00_couplers_imp_8CNLH6/system_axi_interconnect_1_imp_auto_pc_0/system_axi_interconnect_1_imp_auto_pc_0_axi_protocol_converter_v2_1_37_axi_protocol_converter/system_axi_interconnect_1_imp_auto_pc_0_axi_protocol_converter_v2_1_37_axi3_conv/system_axi_interconnect_1_imp_auto_pc_0_axi_protocol_converter_v2_1_37_a_axi3_conv/system_axi_interconnect_1_imp_auto_pc_0_axi_data_fifo_v2_1_36_axic_fifo/system_axi_interconnect_1_imp_auto_pc_0_axi_data_fifo_v2_1_36_fifo_gen/<hidden>/<hidden>/<hidden>/<hidden>/<hidden>/<hidden>
                         clock pessimism              0.402    31.649    
                         clock uncertainty           -0.082    31.568    
    SLICE_X27Y60         FDPE (Recov_fdpe_C_PRE)     -0.359    31.209    rocketchip_wrapper/system/system_axi_interconnect_1_0/s00_couplers_imp_8CNLH6/system_axi_interconnect_1_imp_auto_pc_0/system_axi_interconnect_1_imp_auto_pc_0_axi_protocol_converter_v2_1_37_axi_protocol_converter/system_axi_interconnect_1_imp_auto_pc_0_axi_protocol_converter_v2_1_37_axi3_conv/system_axi_interconnect_1_imp_auto_pc_0_axi_protocol_converter_v2_1_37_a_axi3_conv/system_axi_interconnect_1_imp_auto_pc_0_axi_data_fifo_v2_1_36_axic_fifo/system_axi_interconnect_1_imp_auto_pc_0_axi_data_fifo_v2_1_36_fifo_gen/<hidden>/<hidden>/<hidden>/<hidden>/<hidden>/<hidden>
  -------------------------------------------------------------------
                         required time                         31.209    
                         arrival time                         -10.400    
  -------------------------------------------------------------------
                         slack                                 20.809    

Slack (MET) :             20.872ns  (required time - arrival time)
  Source:                 rocketchip_wrapper/system/system_axi_interconnect_1_0/s00_couplers_imp_8CNLH6/system_axi_interconnect_1_imp_auto_pc_0/system_axi_interconnect_1_imp_auto_pc_0_axi_protocol_converter_v2_1_37_axi_protocol_converter/system_axi_interconnect_1_imp_auto_pc_0_axi_protocol_converter_v2_1_37_axi3_conv/system_axi_interconnect_1_imp_auto_pc_0_axi_protocol_converter_v2_1_37_a_axi3_conv/system_axi_interconnect_1_imp_auto_pc_0_axi_data_fifo_v2_1_36_axic_fifo/system_axi_interconnect_1_imp_auto_pc_0_axi_data_fifo_v2_1_36_fifo_gen/<hidden>/<hidden>/<hidden>/<hidden>/<hidden>/<hidden>
                            (rising edge-triggered cell FDPE clocked by host_clk_i  {rise@0.000ns fall@12.500ns period=25.000ns})
  Destination:            rocketchip_wrapper/system/system_axi_interconnect_1_0/s00_couplers_imp_8CNLH6/system_axi_interconnect_1_imp_auto_pc_0/system_axi_interconnect_1_imp_auto_pc_0_axi_protocol_converter_v2_1_37_axi_protocol_converter/system_axi_interconnect_1_imp_auto_pc_0_axi_protocol_converter_v2_1_37_axi3_conv/system_axi_interconnect_1_imp_auto_pc_0_axi_protocol_converter_v2_1_37_a_axi3_conv/system_axi_interconnect_1_imp_auto_pc_0_axi_data_fifo_v2_1_36_axic_fifo/system_axi_interconnect_1_imp_auto_pc_0_axi_data_fifo_v2_1_36_fifo_gen/<hidden>/<hidden>/<hidden>/<hidden>/<hidden>/<hidden>
                            (recovery check against rising-edge clock host_clk_i  {rise@0.000ns fall@12.500ns period=25.000ns})
  Path Group:             **async_default**
  Path Type:              Recovery (Max at Slow Process Corner)
  Requirement:            25.000ns  (host_clk_i rise@25.000ns - host_clk_i rise@0.000ns)
  Data Path Delay:        3.407ns  (logic 0.773ns (22.687%)  route 2.634ns (77.313%))
  Logic Levels:           1  (LUT3=1)
  Clock Path Skew:        -0.234ns (DCD - SCD + CPR)
    Destination Clock Delay (DCD):    6.252ns = ( 31.252 - 25.000 ) 
    Source Clock Delay      (SCD):    6.889ns
    Clock Pessimism Removal (CPR):    0.402ns
  Clock Uncertainty:      0.082ns  ((TSJ^2 + DJ^2)^1/2) / 2 + PE
    Total System Jitter     (TSJ):    0.071ns
    Discrete Jitter          (DJ):    0.147ns
    Phase Error              (PE):    0.000ns

    Location             Delay type                Incr(ns)  Path(ns)    Netlist Resource(s)
  -------------------------------------------------------------------    -------------------
                         (clock host_clk_i rise edge)
                                                      0.000     0.000 r  
    H16                                               0.000     0.000 r  clk (IN)
                         net (fo=0)                   0.000     0.000    clk
    H16                  IBUF (Prop_ibuf_I_O)         1.451     1.451 r  ibufg_gclk/O
                         net (fo=1, routed)           1.285     2.736    gclk_i
    MMCME2_ADV_X1Y2      MMCME2_ADV (Prop_mmcme2_adv_CLKIN1_CLKOUT0)
                                                      0.088     2.824 r  MMCME2_BASE_inst/CLKOUT0
                         net (fo=1, routed)           2.206     5.030    host_clk_i
    BUFGCTRL_X0Y16       BUFG (Prop_bufg_I_O)         0.101     5.131 r  bufg_host_clk/O
                         net (fo=7399, routed)        1.758     6.889    rocketchip_wrapper/system/system_axi_interconnect_1_0/s00_couplers_imp_8CNLH6/system_axi_interconnect_1_imp_auto_pc_0/system_axi_interconnect_1_imp_auto_pc_0_axi_protocol_converter_v2_1_37_axi_protocol_converter/system_axi_interconnect_1_imp_auto_pc_0_axi_protocol_converter_v2_1_37_axi3_conv/system_axi_interconnect_1_imp_auto_pc_0_axi_protocol_converter_v2_1_37_a_axi3_conv/system_axi_interconnect_1_imp_auto_pc_0_axi_data_fifo_v2_1_36_axic_fifo/system_axi_interconnect_1_imp_auto_pc_0_axi_data_fifo_v2_1_36_fifo_gen/<hidden>/<hidden>/<hidden>/<hidden>/<hidden>/<hidden>
    SLICE_X14Y49         FDPE                                         r  rocketchip_wrapper/system/system_axi_interconnect_1_0/s00_couplers_imp_8CNLH6/system_axi_interconnect_1_imp_auto_pc_0/system_axi_interconnect_1_imp_auto_pc_0_axi_protocol_converter_v2_1_37_axi_protocol_converter/system_axi_interconnect_1_imp_auto_pc_0_axi_protocol_converter_v2_1_37_axi3_conv/system_axi_interconnect_1_imp_auto_pc_0_axi_protocol_converter_v2_1_37_a_axi3_conv/system_axi_interconnect_1_imp_auto_pc_0_axi_data_fifo_v2_1_36_axic_fifo/system_axi_interconnect_1_imp_auto_pc_0_axi_data_fifo_v2_1_36_fifo_gen/<hidden>/<hidden>/<hidden>/<hidden>/<hidden>/<hidden>
  -------------------------------------------------------------------    -------------------
    SLICE_X14Y49         FDPE (Prop_fdpe_C_Q)         0.478     7.367 f  rocketchip_wrapper/system/system_axi_interconnect_1_0/s00_couplers_imp_8CNLH6/system_axi_interconnect_1_imp_auto_pc_0/system_axi_interconnect_1_imp_auto_pc_0_axi_protocol_converter_v2_1_37_axi_protocol_converter/system_axi_interconnect_1_imp_auto_pc_0_axi_protocol_converter_v2_1_37_axi3_conv/system_axi_interconnect_1_imp_auto_pc_0_axi_protocol_converter_v2_1_37_a_axi3_conv/system_axi_interconnect_1_imp_auto_pc_0_axi_data_fifo_v2_1_36_axic_fifo/system_axi_interconnect_1_imp_auto_pc_0_axi_data_fifo_v2_1_36_fifo_gen/<hidden>/<hidden>/<hidden>/<hidden>/<hidden>/<hidden>
                         net (fo=3, routed)           0.594     7.961    rocketchip_wrapper/system/system_axi_interconnect_1_0/s00_couplers_imp_8CNLH6/system_axi_interconnect_1_imp_auto_pc_0/system_axi_interconnect_1_imp_auto_pc_0_axi_protocol_converter_v2_1_37_axi_protocol_converter/system_axi_interconnect_1_imp_auto_pc_0_axi_protocol_converter_v2_1_37_axi3_conv/system_axi_interconnect_1_imp_auto_pc_0_axi_protocol_converter_v2_1_37_a_axi3_conv/system_axi_interconnect_1_imp_auto_pc_0_axi_data_fifo_v2_1_36_axic_fifo/system_axi_interconnect_1_imp_auto_pc_0_axi_data_fifo_v2_1_36_fifo_gen/<hidden>/<hidden>/<hidden>/<hidden>/<hidden>
    SLICE_X13Y49         LUT3 (Prop_lut3_I2_O)        0.295     8.256 f  rocketchip_wrapper/system/system_axi_interconnect_1_0/s00_couplers_imp_8CNLH6/system_axi_interconnect_1_imp_auto_pc_0/system_axi_interconnect_1_imp_auto_pc_0_axi_protocol_converter_v2_1_37_axi_protocol_converter/system_axi_interconnect_1_imp_auto_pc_0_axi_protocol_converter_v2_1_37_axi3_conv/system_axi_interconnect_1_imp_auto_pc_0_axi_protocol_converter_v2_1_37_a_axi3_conv/system_axi_interconnect_1_imp_auto_pc_0_axi_data_fifo_v2_1_36_axic_fifo/system_axi_interconnect_1_imp_auto_pc_0_axi_data_fifo_v2_1_36_fifo_gen/<hidden>/<hidden>/<hidden>/<hidden>/<hidden>
                         net (fo=32, routed)          2.040    10.296    rocketchip_wrapper/system/system_axi_interconnect_1_0/s00_couplers_imp_8CNLH6/system_axi_interconnect_1_imp_auto_pc_0/system_axi_interconnect_1_imp_auto_pc_0_axi_protocol_converter_v2_1_37_axi_protocol_converter/system_axi_interconnect_1_imp_auto_pc_0_axi_protocol_converter_v2_1_37_axi3_conv/system_axi_interconnect_1_imp_auto_pc_0_axi_protocol_converter_v2_1_37_a_axi3_conv/system_axi_interconnect_1_imp_auto_pc_0_axi_data_fifo_v2_1_36_axic_fifo/system_axi_interconnect_1_imp_auto_pc_0_axi_data_fifo_v2_1_36_fifo_gen/<hidden>/<hidden>/<hidden>/<hidden>/<hidden>/<hidden>
    SLICE_X28Y58         FDCE                                         f  rocketchip_wrapper/system/system_axi_interconnect_1_0/s00_couplers_imp_8CNLH6/system_axi_interconnect_1_imp_auto_pc_0/system_axi_interconnect_1_imp_auto_pc_0_axi_protocol_converter_v2_1_37_axi_protocol_converter/system_axi_interconnect_1_imp_auto_pc_0_axi_protocol_converter_v2_1_37_axi3_conv/system_axi_interconnect_1_imp_auto_pc_0_axi_protocol_converter_v2_1_37_a_axi3_conv/system_axi_interconnect_1_imp_auto_pc_0_axi_data_fifo_v2_1_36_axic_fifo/system_axi_interconnect_1_imp_auto_pc_0_axi_data_fifo_v2_1_36_fifo_gen/<hidden>/<hidden>/<hidden>/<hidden>/<hidden>/<hidden>
  -------------------------------------------------------------------    -------------------

                         (clock host_clk_i rise edge)
                                                     25.000    25.000 r  
    H16                                               0.000    25.000 r  clk (IN)
                         net (fo=0)                   0.000    25.000    clk
    H16                  IBUF (Prop_ibuf_I_O)         1.380    26.380 r  ibufg_gclk/O
                         net (fo=1, routed)           1.162    27.542    gclk_i
    MMCME2_ADV_X1Y2      MMCME2_ADV (Prop_mmcme2_adv_CLKIN1_CLKOUT0)
                                                      0.083    27.625 r  MMCME2_BASE_inst/CLKOUT0
                         net (fo=1, routed)           2.012    29.637    host_clk_i
    BUFGCTRL_X0Y16       BUFG (Prop_bufg_I_O)         0.091    29.728 r  bufg_host_clk/O
                         net (fo=7399, routed)        1.524    31.252    rocketchip_wrapper/system/system_axi_interconnect_1_0/s00_couplers_imp_8CNLH6/system_axi_interconnect_1_imp_auto_pc_0/system_axi_interconnect_1_imp_auto_pc_0_axi_protocol_converter_v2_1_37_axi_protocol_converter/system_axi_interconnect_1_imp_auto_pc_0_axi_protocol_converter_v2_1_37_axi3_conv/system_axi_interconnect_1_imp_auto_pc_0_axi_protocol_converter_v2_1_37_a_axi3_conv/system_axi_interconnect_1_imp_auto_pc_0_axi_data_fifo_v2_1_36_axic_fifo/system_axi_interconnect_1_imp_auto_pc_0_axi_data_fifo_v2_1_36_fifo_gen/<hidden>/<hidden>/<hidden>/<hidden>/<hidden>/<hidden>
    SLICE_X28Y58         FDCE                                         r  rocketchip_wrapper/system/system_axi_interconnect_1_0/s00_couplers_imp_8CNLH6/system_axi_interconnect_1_imp_auto_pc_0/system_axi_interconnect_1_imp_auto_pc_0_axi_protocol_converter_v2_1_37_axi_protocol_converter/system_axi_interconnect_1_imp_auto_pc_0_axi_protocol_converter_v2_1_37_axi3_conv/system_axi_interconnect_1_imp_auto_pc_0_axi_protocol_converter_v2_1_37_a_axi3_conv/system_axi_interconnect_1_imp_auto_pc_0_axi_data_fifo_v2_1_36_axic_fifo/system_axi_interconnect_1_imp_auto_pc_0_axi_data_fifo_v2_1_36_fifo_gen/<hidden>/<hidden>/<hidden>/<hidden>/<hidden>/<hidden>
                         clock pessimism              0.402    31.654    
                         clock uncertainty           -0.082    31.573    
    SLICE_X28Y58         FDCE (Recov_fdce_C_CLR)     -0.405    31.168    rocketchip_wrapper/system/system_axi_interconnect_1_0/s00_couplers_imp_8CNLH6/system_axi_interconnect_1_imp_auto_pc_0/system_axi_interconnect_1_imp_auto_pc_0_axi_protocol_converter_v2_1_37_axi_protocol_converter/system_axi_interconnect_1_imp_auto_pc_0_axi_protocol_converter_v2_1_37_axi3_conv/system_axi_interconnect_1_imp_auto_pc_0_axi_protocol_converter_v2_1_37_a_axi3_conv/system_axi_interconnect_1_imp_auto_pc_0_axi_data_fifo_v2_1_36_axic_fifo/system_axi_interconnect_1_imp_auto_pc_0_axi_data_fifo_v2_1_36_fifo_gen/<hidden>/<hidden>/<hidden>/<hidden>/<hidden>/<hidden>
  -------------------------------------------------------------------
                         required time                         31.168    
                         arrival time                         -10.296    
  -------------------------------------------------------------------
                         slack                                 20.872    

Slack (MET) :             20.872ns  (required time - arrival time)
  Source:                 rocketchip_wrapper/system/system_axi_interconnect_1_0/s00_couplers_imp_8CNLH6/system_axi_interconnect_1_imp_auto_pc_0/system_axi_interconnect_1_imp_auto_pc_0_axi_protocol_converter_v2_1_37_axi_protocol_converter/system_axi_interconnect_1_imp_auto_pc_0_axi_protocol_converter_v2_1_37_axi3_conv/system_axi_interconnect_1_imp_auto_pc_0_axi_protocol_converter_v2_1_37_a_axi3_conv/system_axi_interconnect_1_imp_auto_pc_0_axi_data_fifo_v2_1_36_axic_fifo/system_axi_interconnect_1_imp_auto_pc_0_axi_data_fifo_v2_1_36_fifo_gen/<hidden>/<hidden>/<hidden>/<hidden>/<hidden>/<hidden>
                            (rising edge-triggered cell FDPE clocked by host_clk_i  {rise@0.000ns fall@12.500ns period=25.000ns})
  Destination:            rocketchip_wrapper/system/system_axi_interconnect_1_0/s00_couplers_imp_8CNLH6/system_axi_interconnect_1_imp_auto_pc_0/system_axi_interconnect_1_imp_auto_pc_0_axi_protocol_converter_v2_1_37_axi_protocol_converter/system_axi_interconnect_1_imp_auto_pc_0_axi_protocol_converter_v2_1_37_axi3_conv/system_axi_interconnect_1_imp_auto_pc_0_axi_protocol_converter_v2_1_37_a_axi3_conv/system_axi_interconnect_1_imp_auto_pc_0_axi_data_fifo_v2_1_36_axic_fifo/system_axi_interconnect_1_imp_auto_pc_0_axi_data_fifo_v2_1_36_fifo_gen/<hidden>/<hidden>/<hidden>/<hidden>/<hidden>/<hidden>
                            (recovery check against rising-edge clock host_clk_i  {rise@0.000ns fall@12.500ns period=25.000ns})
  Path Group:             **async_default**
  Path Type:              Recovery (Max at Slow Process Corner)
  Requirement:            25.000ns  (host_clk_i rise@25.000ns - host_clk_i rise@0.000ns)
  Data Path Delay:        3.407ns  (logic 0.773ns (22.687%)  route 2.634ns (77.313%))
  Logic Levels:           1  (LUT3=1)
  Clock Path Skew:        -0.234ns (DCD - SCD + CPR)
    Destination Clock Delay (DCD):    6.252ns = ( 31.252 - 25.000 ) 
    Source Clock Delay      (SCD):    6.889ns
    Clock Pessimism Removal (CPR):    0.402ns
  Clock Uncertainty:      0.082ns  ((TSJ^2 + DJ^2)^1/2) / 2 + PE
    Total System Jitter     (TSJ):    0.071ns
    Discrete Jitter          (DJ):    0.147ns
    Phase Error              (PE):    0.000ns

    Location             Delay type                Incr(ns)  Path(ns)    Netlist Resource(s)
  -------------------------------------------------------------------    -------------------
                         (clock host_clk_i rise edge)
                                                      0.000     0.000 r  
    H16                                               0.000     0.000 r  clk (IN)
                         net (fo=0)                   0.000     0.000    clk
    H16                  IBUF (Prop_ibuf_I_O)         1.451     1.451 r  ibufg_gclk/O
                         net (fo=1, routed)           1.285     2.736    gclk_i
    MMCME2_ADV_X1Y2      MMCME2_ADV (Prop_mmcme2_adv_CLKIN1_CLKOUT0)
                                                      0.088     2.824 r  MMCME2_BASE_inst/CLKOUT0
                         net (fo=1, routed)           2.206     5.030    host_clk_i
    BUFGCTRL_X0Y16       BUFG (Prop_bufg_I_O)         0.101     5.131 r  bufg_host_clk/O
                         net (fo=7399, routed)        1.758     6.889    rocketchip_wrapper/system/system_axi_interconnect_1_0/s00_couplers_imp_8CNLH6/system_axi_interconnect_1_imp_auto_pc_0/system_axi_interconnect_1_imp_auto_pc_0_axi_protocol_converter_v2_1_37_axi_protocol_converter/system_axi_interconnect_1_imp_auto_pc_0_axi_protocol_converter_v2_1_37_axi3_conv/system_axi_interconnect_1_imp_auto_pc_0_axi_protocol_converter_v2_1_37_a_axi3_conv/system_axi_interconnect_1_imp_auto_pc_0_axi_data_fifo_v2_1_36_axic_fifo/system_axi_interconnect_1_imp_auto_pc_0_axi_data_fifo_v2_1_36_fifo_gen/<hidden>/<hidden>/<hidden>/<hidden>/<hidden>/<hidden>
    SLICE_X14Y49         FDPE                                         r  rocketchip_wrapper/system/system_axi_interconnect_1_0/s00_couplers_imp_8CNLH6/system_axi_interconnect_1_imp_auto_pc_0/system_axi_interconnect_1_imp_auto_pc_0_axi_protocol_converter_v2_1_37_axi_protocol_converter/system_axi_interconnect_1_imp_auto_pc_0_axi_protocol_converter_v2_1_37_axi3_conv/system_axi_interconnect_1_imp_auto_pc_0_axi_protocol_converter_v2_1_37_a_axi3_conv/system_axi_interconnect_1_imp_auto_pc_0_axi_data_fifo_v2_1_36_axic_fifo/system_axi_interconnect_1_imp_auto_pc_0_axi_data_fifo_v2_1_36_fifo_gen/<hidden>/<hidden>/<hidden>/<hidden>/<hidden>/<hidden>
  -------------------------------------------------------------------    -------------------
    SLICE_X14Y49         FDPE (Prop_fdpe_C_Q)         0.478     7.367 f  rocketchip_wrapper/system/system_axi_interconnect_1_0/s00_couplers_imp_8CNLH6/system_axi_interconnect_1_imp_auto_pc_0/system_axi_interconnect_1_imp_auto_pc_0_axi_protocol_converter_v2_1_37_axi_protocol_converter/system_axi_interconnect_1_imp_auto_pc_0_axi_protocol_converter_v2_1_37_axi3_conv/system_axi_interconnect_1_imp_auto_pc_0_axi_protocol_converter_v2_1_37_a_axi3_conv/system_axi_interconnect_1_imp_auto_pc_0_axi_data_fifo_v2_1_36_axic_fifo/system_axi_interconnect_1_imp_auto_pc_0_axi_data_fifo_v2_1_36_fifo_gen/<hidden>/<hidden>/<hidden>/<hidden>/<hidden>/<hidden>
                         net (fo=3, routed)           0.594     7.961    rocketchip_wrapper/system/system_axi_interconnect_1_0/s00_couplers_imp_8CNLH6/system_axi_interconnect_1_imp_auto_pc_0/system_axi_interconnect_1_imp_auto_pc_0_axi_protocol_converter_v2_1_37_axi_protocol_converter/system_axi_interconnect_1_imp_auto_pc_0_axi_protocol_converter_v2_1_37_axi3_conv/system_axi_interconnect_1_imp_auto_pc_0_axi_protocol_converter_v2_1_37_a_axi3_conv/system_axi_interconnect_1_imp_auto_pc_0_axi_data_fifo_v2_1_36_axic_fifo/system_axi_interconnect_1_imp_auto_pc_0_axi_data_fifo_v2_1_36_fifo_gen/<hidden>/<hidden>/<hidden>/<hidden>/<hidden>
    SLICE_X13Y49         LUT3 (Prop_lut3_I2_O)        0.295     8.256 f  rocketchip_wrapper/system/system_axi_interconnect_1_0/s00_couplers_imp_8CNLH6/system_axi_interconnect_1_imp_auto_pc_0/system_axi_interconnect_1_imp_auto_pc_0_axi_protocol_converter_v2_1_37_axi_protocol_converter/system_axi_interconnect_1_imp_auto_pc_0_axi_protocol_converter_v2_1_37_axi3_conv/system_axi_interconnect_1_imp_auto_pc_0_axi_protocol_converter_v2_1_37_a_axi3_conv/system_axi_interconnect_1_imp_auto_pc_0_axi_data_fifo_v2_1_36_axic_fifo/system_axi_interconnect_1_imp_auto_pc_0_axi_data_fifo_v2_1_36_fifo_gen/<hidden>/<hidden>/<hidden>/<hidden>/<hidden>
                         net (fo=32, routed)          2.040    10.296    rocketchip_wrapper/system/system_axi_interconnect_1_0/s00_couplers_imp_8CNLH6/system_axi_interconnect_1_imp_auto_pc_0/system_axi_interconnect_1_imp_auto_pc_0_axi_protocol_converter_v2_1_37_axi_protocol_converter/system_axi_interconnect_1_imp_auto_pc_0_axi_protocol_converter_v2_1_37_axi3_conv/system_axi_interconnect_1_imp_auto_pc_0_axi_protocol_converter_v2_1_37_a_axi3_conv/system_axi_interconnect_1_imp_auto_pc_0_axi_data_fifo_v2_1_36_axic_fifo/system_axi_interconnect_1_imp_auto_pc_0_axi_data_fifo_v2_1_36_fifo_gen/<hidden>/<hidden>/<hidden>/<hidden>/<hidden>/<hidden>
    SLICE_X28Y58         FDCE                                         f  rocketchip_wrapper/system/system_axi_interconnect_1_0/s00_couplers_imp_8CNLH6/system_axi_interconnect_1_imp_auto_pc_0/system_axi_interconnect_1_imp_auto_pc_0_axi_protocol_converter_v2_1_37_axi_protocol_converter/system_axi_interconnect_1_imp_auto_pc_0_axi_protocol_converter_v2_1_37_axi3_conv/system_axi_interconnect_1_imp_auto_pc_0_axi_protocol_converter_v2_1_37_a_axi3_conv/system_axi_interconnect_1_imp_auto_pc_0_axi_data_fifo_v2_1_36_axic_fifo/system_axi_interconnect_1_imp_auto_pc_0_axi_data_fifo_v2_1_36_fifo_gen/<hidden>/<hidden>/<hidden>/<hidden>/<hidden>/<hidden>
  -------------------------------------------------------------------    -------------------

                         (clock host_clk_i rise edge)
                                                     25.000    25.000 r  
    H16                                               0.000    25.000 r  clk (IN)
                         net (fo=0)                   0.000    25.000    clk
    H16                  IBUF (Prop_ibuf_I_O)         1.380    26.380 r  ibufg_gclk/O
                         net (fo=1, routed)           1.162    27.542    gclk_i
    MMCME2_ADV_X1Y2      MMCME2_ADV (Prop_mmcme2_adv_CLKIN1_CLKOUT0)
                                                      0.083    27.625 r  MMCME2_BASE_inst/CLKOUT0
                         net (fo=1, routed)           2.012    29.637    host_clk_i
    BUFGCTRL_X0Y16       BUFG (Prop_bufg_I_O)         0.091    29.728 r  bufg_host_clk/O
                         net (fo=7399, routed)        1.524    31.252    rocketchip_wrapper/system/system_axi_interconnect_1_0/s00_couplers_imp_8CNLH6/system_axi_interconnect_1_imp_auto_pc_0/system_axi_interconnect_1_imp_auto_pc_0_axi_protocol_converter_v2_1_37_axi_protocol_converter/system_axi_interconnect_1_imp_auto_pc_0_axi_protocol_converter_v2_1_37_axi3_conv/system_axi_interconnect_1_imp_auto_pc_0_axi_protocol_converter_v2_1_37_a_axi3_conv/system_axi_interconnect_1_imp_auto_pc_0_axi_data_fifo_v2_1_36_axic_fifo/system_axi_interconnect_1_imp_auto_pc_0_axi_data_fifo_v2_1_36_fifo_gen/<hidden>/<hidden>/<hidden>/<hidden>/<hidden>/<hidden>
    SLICE_X28Y58         FDCE                                         r  rocketchip_wrapper/system/system_axi_interconnect_1_0/s00_couplers_imp_8CNLH6/system_axi_interconnect_1_imp_auto_pc_0/system_axi_interconnect_1_imp_auto_pc_0_axi_protocol_converter_v2_1_37_axi_protocol_converter/system_axi_interconnect_1_imp_auto_pc_0_axi_protocol_converter_v2_1_37_axi3_conv/system_axi_interconnect_1_imp_auto_pc_0_axi_protocol_converter_v2_1_37_a_axi3_conv/system_axi_interconnect_1_imp_auto_pc_0_axi_data_fifo_v2_1_36_axic_fifo/system_axi_interconnect_1_imp_auto_pc_0_axi_data_fifo_v2_1_36_fifo_gen/<hidden>/<hidden>/<hidden>/<hidden>/<hidden>/<hidden>
                         clock pessimism              0.402    31.654    
                         clock uncertainty           -0.082    31.573    
    SLICE_X28Y58         FDCE (Recov_fdce_C_CLR)     -0.405    31.168    rocketchip_wrapper/system/system_axi_interconnect_1_0/s00_couplers_imp_8CNLH6/system_axi_interconnect_1_imp_auto_pc_0/system_axi_interconnect_1_imp_auto_pc_0_axi_protocol_converter_v2_1_37_axi_protocol_converter/system_axi_interconnect_1_imp_auto_pc_0_axi_protocol_converter_v2_1_37_axi3_conv/system_axi_interconnect_1_imp_auto_pc_0_axi_protocol_converter_v2_1_37_a_axi3_conv/system_axi_interconnect_1_imp_auto_pc_0_axi_data_fifo_v2_1_36_axic_fifo/system_axi_interconnect_1_imp_auto_pc_0_axi_data_fifo_v2_1_36_fifo_gen/<hidden>/<hidden>/<hidden>/<hidden>/<hidden>/<hidden>
  -------------------------------------------------------------------
                         required time                         31.168    
                         arrival time                         -10.296    
  -------------------------------------------------------------------
                         slack                                 20.872    

Slack (MET) :             20.872ns  (required time - arrival time)
  Source:                 rocketchip_wrapper/system/system_axi_interconnect_1_0/s00_couplers_imp_8CNLH6/system_axi_interconnect_1_imp_auto_pc_0/system_axi_interconnect_1_imp_auto_pc_0_axi_protocol_converter_v2_1_37_axi_protocol_converter/system_axi_interconnect_1_imp_auto_pc_0_axi_protocol_converter_v2_1_37_axi3_conv/system_axi_interconnect_1_imp_auto_pc_0_axi_protocol_converter_v2_1_37_a_axi3_conv/system_axi_interconnect_1_imp_auto_pc_0_axi_data_fifo_v2_1_36_axic_fifo/system_axi_interconnect_1_imp_auto_pc_0_axi_data_fifo_v2_1_36_fifo_gen/<hidden>/<hidden>/<hidden>/<hidden>/<hidden>/<hidden>
                            (rising edge-triggered cell FDPE clocked by host_clk_i  {rise@0.000ns fall@12.500ns period=25.000ns})
  Destination:            rocketchip_wrapper/system/system_axi_interconnect_1_0/s00_couplers_imp_8CNLH6/system_axi_interconnect_1_imp_auto_pc_0/system_axi_interconnect_1_imp_auto_pc_0_axi_protocol_converter_v2_1_37_axi_protocol_converter/system_axi_interconnect_1_imp_auto_pc_0_axi_protocol_converter_v2_1_37_axi3_conv/system_axi_interconnect_1_imp_auto_pc_0_axi_protocol_converter_v2_1_37_a_axi3_conv/system_axi_interconnect_1_imp_auto_pc_0_axi_data_fifo_v2_1_36_axic_fifo/system_axi_interconnect_1_imp_auto_pc_0_axi_data_fifo_v2_1_36_fifo_gen/<hidden>/<hidden>/<hidden>/<hidden>/<hidden>/<hidden>
                            (recovery check against rising-edge clock host_clk_i  {rise@0.000ns fall@12.500ns period=25.000ns})
  Path Group:             **async_default**
  Path Type:              Recovery (Max at Slow Process Corner)
  Requirement:            25.000ns  (host_clk_i rise@25.000ns - host_clk_i rise@0.000ns)
  Data Path Delay:        3.407ns  (logic 0.773ns (22.687%)  route 2.634ns (77.313%))
  Logic Levels:           1  (LUT3=1)
  Clock Path Skew:        -0.234ns (DCD - SCD + CPR)
    Destination Clock Delay (DCD):    6.252ns = ( 31.252 - 25.000 ) 
    Source Clock Delay      (SCD):    6.889ns
    Clock Pessimism Removal (CPR):    0.402ns
  Clock Uncertainty:      0.082ns  ((TSJ^2 + DJ^2)^1/2) / 2 + PE
    Total System Jitter     (TSJ):    0.071ns
    Discrete Jitter          (DJ):    0.147ns
    Phase Error              (PE):    0.000ns

    Location             Delay type                Incr(ns)  Path(ns)    Netlist Resource(s)
  -------------------------------------------------------------------    -------------------
                         (clock host_clk_i rise edge)
                                                      0.000     0.000 r  
    H16                                               0.000     0.000 r  clk (IN)
                         net (fo=0)                   0.000     0.000    clk
    H16                  IBUF (Prop_ibuf_I_O)         1.451     1.451 r  ibufg_gclk/O
                         net (fo=1, routed)           1.285     2.736    gclk_i
    MMCME2_ADV_X1Y2      MMCME2_ADV (Prop_mmcme2_adv_CLKIN1_CLKOUT0)
                                                      0.088     2.824 r  MMCME2_BASE_inst/CLKOUT0
                         net (fo=1, routed)           2.206     5.030    host_clk_i
    BUFGCTRL_X0Y16       BUFG (Prop_bufg_I_O)         0.101     5.131 r  bufg_host_clk/O
                         net (fo=7399, routed)        1.758     6.889    rocketchip_wrapper/system/system_axi_interconnect_1_0/s00_couplers_imp_8CNLH6/system_axi_interconnect_1_imp_auto_pc_0/system_axi_interconnect_1_imp_auto_pc_0_axi_protocol_converter_v2_1_37_axi_protocol_converter/system_axi_interconnect_1_imp_auto_pc_0_axi_protocol_converter_v2_1_37_axi3_conv/system_axi_interconnect_1_imp_auto_pc_0_axi_protocol_converter_v2_1_37_a_axi3_conv/system_axi_interconnect_1_imp_auto_pc_0_axi_data_fifo_v2_1_36_axic_fifo/system_axi_interconnect_1_imp_auto_pc_0_axi_data_fifo_v2_1_36_fifo_gen/<hidden>/<hidden>/<hidden>/<hidden>/<hidden>/<hidden>
    SLICE_X14Y49         FDPE                                         r  rocketchip_wrapper/system/system_axi_interconnect_1_0/s00_couplers_imp_8CNLH6/system_axi_interconnect_1_imp_auto_pc_0/system_axi_interconnect_1_imp_auto_pc_0_axi_protocol_converter_v2_1_37_axi_protocol_converter/system_axi_interconnect_1_imp_auto_pc_0_axi_protocol_converter_v2_1_37_axi3_conv/system_axi_interconnect_1_imp_auto_pc_0_axi_protocol_converter_v2_1_37_a_axi3_conv/system_axi_interconnect_1_imp_auto_pc_0_axi_data_fifo_v2_1_36_axic_fifo/system_axi_interconnect_1_imp_auto_pc_0_axi_data_fifo_v2_1_36_fifo_gen/<hidden>/<hidden>/<hidden>/<hidden>/<hidden>/<hidden>
  -------------------------------------------------------------------    -------------------
    SLICE_X14Y49         FDPE (Prop_fdpe_C_Q)         0.478     7.367 f  rocketchip_wrapper/system/system_axi_interconnect_1_0/s00_couplers_imp_8CNLH6/system_axi_interconnect_1_imp_auto_pc_0/system_axi_interconnect_1_imp_auto_pc_0_axi_protocol_converter_v2_1_37_axi_protocol_converter/system_axi_interconnect_1_imp_auto_pc_0_axi_protocol_converter_v2_1_37_axi3_conv/system_axi_interconnect_1_imp_auto_pc_0_axi_protocol_converter_v2_1_37_a_axi3_conv/system_axi_interconnect_1_imp_auto_pc_0_axi_data_fifo_v2_1_36_axic_fifo/system_axi_interconnect_1_imp_auto_pc_0_axi_data_fifo_v2_1_36_fifo_gen/<hidden>/<hidden>/<hidden>/<hidden>/<hidden>/<hidden>
                         net (fo=3, routed)           0.594     7.961    rocketchip_wrapper/system/system_axi_interconnect_1_0/s00_couplers_imp_8CNLH6/system_axi_interconnect_1_imp_auto_pc_0/system_axi_interconnect_1_imp_auto_pc_0_axi_protocol_converter_v2_1_37_axi_protocol_converter/system_axi_interconnect_1_imp_auto_pc_0_axi_protocol_converter_v2_1_37_axi3_conv/system_axi_interconnect_1_imp_auto_pc_0_axi_protocol_converter_v2_1_37_a_axi3_conv/system_axi_interconnect_1_imp_auto_pc_0_axi_data_fifo_v2_1_36_axic_fifo/system_axi_interconnect_1_imp_auto_pc_0_axi_data_fifo_v2_1_36_fifo_gen/<hidden>/<hidden>/<hidden>/<hidden>/<hidden>
    SLICE_X13Y49         LUT3 (Prop_lut3_I2_O)        0.295     8.256 f  rocketchip_wrapper/system/system_axi_interconnect_1_0/s00_couplers_imp_8CNLH6/system_axi_interconnect_1_imp_auto_pc_0/system_axi_interconnect_1_imp_auto_pc_0_axi_protocol_converter_v2_1_37_axi_protocol_converter/system_axi_interconnect_1_imp_auto_pc_0_axi_protocol_converter_v2_1_37_axi3_conv/system_axi_interconnect_1_imp_auto_pc_0_axi_protocol_converter_v2_1_37_a_axi3_conv/system_axi_interconnect_1_imp_auto_pc_0_axi_data_fifo_v2_1_36_axic_fifo/system_axi_interconnect_1_imp_auto_pc_0_axi_data_fifo_v2_1_36_fifo_gen/<hidden>/<hidden>/<hidden>/<hidden>/<hidden>
                         net (fo=32, routed)          2.040    10.296    rocketchip_wrapper/system/system_axi_interconnect_1_0/s00_couplers_imp_8CNLH6/system_axi_interconnect_1_imp_auto_pc_0/system_axi_interconnect_1_imp_auto_pc_0_axi_protocol_converter_v2_1_37_axi_protocol_converter/system_axi_interconnect_1_imp_auto_pc_0_axi_protocol_converter_v2_1_37_axi3_conv/system_axi_interconnect_1_imp_auto_pc_0_axi_protocol_converter_v2_1_37_a_axi3_conv/system_axi_interconnect_1_imp_auto_pc_0_axi_data_fifo_v2_1_36_axic_fifo/system_axi_interconnect_1_imp_auto_pc_0_axi_data_fifo_v2_1_36_fifo_gen/<hidden>/<hidden>/<hidden>/<hidden>/<hidden>/<hidden>
    SLICE_X28Y58         FDCE                                         f  rocketchip_wrapper/system/system_axi_interconnect_1_0/s00_couplers_imp_8CNLH6/system_axi_interconnect_1_imp_auto_pc_0/system_axi_interconnect_1_imp_auto_pc_0_axi_protocol_converter_v2_1_37_axi_protocol_converter/system_axi_interconnect_1_imp_auto_pc_0_axi_protocol_converter_v2_1_37_axi3_conv/system_axi_interconnect_1_imp_auto_pc_0_axi_protocol_converter_v2_1_37_a_axi3_conv/system_axi_interconnect_1_imp_auto_pc_0_axi_data_fifo_v2_1_36_axic_fifo/system_axi_interconnect_1_imp_auto_pc_0_axi_data_fifo_v2_1_36_fifo_gen/<hidden>/<hidden>/<hidden>/<hidden>/<hidden>/<hidden>
  -------------------------------------------------------------------    -------------------

                         (clock host_clk_i rise edge)
                                                     25.000    25.000 r  
    H16                                               0.000    25.000 r  clk (IN)
                         net (fo=0)                   0.000    25.000    clk
    H16                  IBUF (Prop_ibuf_I_O)         1.380    26.380 r  ibufg_gclk/O
                         net (fo=1, routed)           1.162    27.542    gclk_i
    MMCME2_ADV_X1Y2      MMCME2_ADV (Prop_mmcme2_adv_CLKIN1_CLKOUT0)
                                                      0.083    27.625 r  MMCME2_BASE_inst/CLKOUT0
                         net (fo=1, routed)           2.012    29.637    host_clk_i
    BUFGCTRL_X0Y16       BUFG (Prop_bufg_I_O)         0.091    29.728 r  bufg_host_clk/O
                         net (fo=7399, routed)        1.524    31.252    rocketchip_wrapper/system/system_axi_interconnect_1_0/s00_couplers_imp_8CNLH6/system_axi_interconnect_1_imp_auto_pc_0/system_axi_interconnect_1_imp_auto_pc_0_axi_protocol_converter_v2_1_37_axi_protocol_converter/system_axi_interconnect_1_imp_auto_pc_0_axi_protocol_converter_v2_1_37_axi3_conv/system_axi_interconnect_1_imp_auto_pc_0_axi_protocol_converter_v2_1_37_a_axi3_conv/system_axi_interconnect_1_imp_auto_pc_0_axi_data_fifo_v2_1_36_axic_fifo/system_axi_interconnect_1_imp_auto_pc_0_axi_data_fifo_v2_1_36_fifo_gen/<hidden>/<hidden>/<hidden>/<hidden>/<hidden>/<hidden>
    SLICE_X28Y58         FDCE                                         r  rocketchip_wrapper/system/system_axi_interconnect_1_0/s00_couplers_imp_8CNLH6/system_axi_interconnect_1_imp_auto_pc_0/system_axi_interconnect_1_imp_auto_pc_0_axi_protocol_converter_v2_1_37_axi_protocol_converter/system_axi_interconnect_1_imp_auto_pc_0_axi_protocol_converter_v2_1_37_axi3_conv/system_axi_interconnect_1_imp_auto_pc_0_axi_protocol_converter_v2_1_37_a_axi3_conv/system_axi_interconnect_1_imp_auto_pc_0_axi_data_fifo_v2_1_36_axic_fifo/system_axi_interconnect_1_imp_auto_pc_0_axi_data_fifo_v2_1_36_fifo_gen/<hidden>/<hidden>/<hidden>/<hidden>/<hidden>/<hidden>
                         clock pessimism              0.402    31.654    
                         clock uncertainty           -0.082    31.573    
    SLICE_X28Y58         FDCE (Recov_fdce_C_CLR)     -0.405    31.168    rocketchip_wrapper/system/system_axi_interconnect_1_0/s00_couplers_imp_8CNLH6/system_axi_interconnect_1_imp_auto_pc_0/system_axi_interconnect_1_imp_auto_pc_0_axi_protocol_converter_v2_1_37_axi_protocol_converter/system_axi_interconnect_1_imp_auto_pc_0_axi_protocol_converter_v2_1_37_axi3_conv/system_axi_interconnect_1_imp_auto_pc_0_axi_protocol_converter_v2_1_37_a_axi3_conv/system_axi_interconnect_1_imp_auto_pc_0_axi_data_fifo_v2_1_36_axic_fifo/system_axi_interconnect_1_imp_auto_pc_0_axi_data_fifo_v2_1_36_fifo_gen/<hidden>/<hidden>/<hidden>/<hidden>/<hidden>/<hidden>
  -------------------------------------------------------------------
                         required time                         31.168    
                         arrival time                         -10.296    
  -------------------------------------------------------------------
                         slack                                 20.872    

Slack (MET) :             20.872ns  (required time - arrival time)
  Source:                 rocketchip_wrapper/system/system_axi_interconnect_1_0/s00_couplers_imp_8CNLH6/system_axi_interconnect_1_imp_auto_pc_0/system_axi_interconnect_1_imp_auto_pc_0_axi_protocol_converter_v2_1_37_axi_protocol_converter/system_axi_interconnect_1_imp_auto_pc_0_axi_protocol_converter_v2_1_37_axi3_conv/system_axi_interconnect_1_imp_auto_pc_0_axi_protocol_converter_v2_1_37_a_axi3_conv/system_axi_interconnect_1_imp_auto_pc_0_axi_data_fifo_v2_1_36_axic_fifo/system_axi_interconnect_1_imp_auto_pc_0_axi_data_fifo_v2_1_36_fifo_gen/<hidden>/<hidden>/<hidden>/<hidden>/<hidden>/<hidden>
                            (rising edge-triggered cell FDPE clocked by host_clk_i  {rise@0.000ns fall@12.500ns period=25.000ns})
  Destination:            rocketchip_wrapper/system/system_axi_interconnect_1_0/s00_couplers_imp_8CNLH6/system_axi_interconnect_1_imp_auto_pc_0/system_axi_interconnect_1_imp_auto_pc_0_axi_protocol_converter_v2_1_37_axi_protocol_converter/system_axi_interconnect_1_imp_auto_pc_0_axi_protocol_converter_v2_1_37_axi3_conv/system_axi_interconnect_1_imp_auto_pc_0_axi_protocol_converter_v2_1_37_a_axi3_conv/system_axi_interconnect_1_imp_auto_pc_0_axi_data_fifo_v2_1_36_axic_fifo/system_axi_interconnect_1_imp_auto_pc_0_axi_data_fifo_v2_1_36_fifo_gen/<hidden>/<hidden>/<hidden>/<hidden>/<hidden>/<hidden>
                            (recovery check against rising-edge clock host_clk_i  {rise@0.000ns fall@12.500ns period=25.000ns})
  Path Group:             **async_default**
  Path Type:              Recovery (Max at Slow Process Corner)
  Requirement:            25.000ns  (host_clk_i rise@25.000ns - host_clk_i rise@0.000ns)
  Data Path Delay:        3.407ns  (logic 0.773ns (22.687%)  route 2.634ns (77.313%))
  Logic Levels:           1  (LUT3=1)
  Clock Path Skew:        -0.234ns (DCD - SCD + CPR)
    Destination Clock Delay (DCD):    6.252ns = ( 31.252 - 25.000 ) 
    Source Clock Delay      (SCD):    6.889ns
    Clock Pessimism Removal (CPR):    0.402ns
  Clock Uncertainty:      0.082ns  ((TSJ^2 + DJ^2)^1/2) / 2 + PE
    Total System Jitter     (TSJ):    0.071ns
    Discrete Jitter          (DJ):    0.147ns
    Phase Error              (PE):    0.000ns

    Location             Delay type                Incr(ns)  Path(ns)    Netlist Resource(s)
  -------------------------------------------------------------------    -------------------
                         (clock host_clk_i rise edge)
                                                      0.000     0.000 r  
    H16                                               0.000     0.000 r  clk (IN)
                         net (fo=0)                   0.000     0.000    clk
    H16                  IBUF (Prop_ibuf_I_O)         1.451     1.451 r  ibufg_gclk/O
                         net (fo=1, routed)           1.285     2.736    gclk_i
    MMCME2_ADV_X1Y2      MMCME2_ADV (Prop_mmcme2_adv_CLKIN1_CLKOUT0)
                                                      0.088     2.824 r  MMCME2_BASE_inst/CLKOUT0
                         net (fo=1, routed)           2.206     5.030    host_clk_i
    BUFGCTRL_X0Y16       BUFG (Prop_bufg_I_O)         0.101     5.131 r  bufg_host_clk/O
                         net (fo=7399, routed)        1.758     6.889    rocketchip_wrapper/system/system_axi_interconnect_1_0/s00_couplers_imp_8CNLH6/system_axi_interconnect_1_imp_auto_pc_0/system_axi_interconnect_1_imp_auto_pc_0_axi_protocol_converter_v2_1_37_axi_protocol_converter/system_axi_interconnect_1_imp_auto_pc_0_axi_protocol_converter_v2_1_37_axi3_conv/system_axi_interconnect_1_imp_auto_pc_0_axi_protocol_converter_v2_1_37_a_axi3_conv/system_axi_interconnect_1_imp_auto_pc_0_axi_data_fifo_v2_1_36_axic_fifo/system_axi_interconnect_1_imp_auto_pc_0_axi_data_fifo_v2_1_36_fifo_gen/<hidden>/<hidden>/<hidden>/<hidden>/<hidden>/<hidden>
    SLICE_X14Y49         FDPE                                         r  rocketchip_wrapper/system/system_axi_interconnect_1_0/s00_couplers_imp_8CNLH6/system_axi_interconnect_1_imp_auto_pc_0/system_axi_interconnect_1_imp_auto_pc_0_axi_protocol_converter_v2_1_37_axi_protocol_converter/system_axi_interconnect_1_imp_auto_pc_0_axi_protocol_converter_v2_1_37_axi3_conv/system_axi_interconnect_1_imp_auto_pc_0_axi_protocol_converter_v2_1_37_a_axi3_conv/system_axi_interconnect_1_imp_auto_pc_0_axi_data_fifo_v2_1_36_axic_fifo/system_axi_interconnect_1_imp_auto_pc_0_axi_data_fifo_v2_1_36_fifo_gen/<hidden>/<hidden>/<hidden>/<hidden>/<hidden>/<hidden>
  -------------------------------------------------------------------    -------------------
    SLICE_X14Y49         FDPE (Prop_fdpe_C_Q)         0.478     7.367 f  rocketchip_wrapper/system/system_axi_interconnect_1_0/s00_couplers_imp_8CNLH6/system_axi_interconnect_1_imp_auto_pc_0/system_axi_interconnect_1_imp_auto_pc_0_axi_protocol_converter_v2_1_37_axi_protocol_converter/system_axi_interconnect_1_imp_auto_pc_0_axi_protocol_converter_v2_1_37_axi3_conv/system_axi_interconnect_1_imp_auto_pc_0_axi_protocol_converter_v2_1_37_a_axi3_conv/system_axi_interconnect_1_imp_auto_pc_0_axi_data_fifo_v2_1_36_axic_fifo/system_axi_interconnect_1_imp_auto_pc_0_axi_data_fifo_v2_1_36_fifo_gen/<hidden>/<hidden>/<hidden>/<hidden>/<hidden>/<hidden>
                         net (fo=3, routed)           0.594     7.961    rocketchip_wrapper/system/system_axi_interconnect_1_0/s00_couplers_imp_8CNLH6/system_axi_interconnect_1_imp_auto_pc_0/system_axi_interconnect_1_imp_auto_pc_0_axi_protocol_converter_v2_1_37_axi_protocol_converter/system_axi_interconnect_1_imp_auto_pc_0_axi_protocol_converter_v2_1_37_axi3_conv/system_axi_interconnect_1_imp_auto_pc_0_axi_protocol_converter_v2_1_37_a_axi3_conv/system_axi_interconnect_1_imp_auto_pc_0_axi_data_fifo_v2_1_36_axic_fifo/system_axi_interconnect_1_imp_auto_pc_0_axi_data_fifo_v2_1_36_fifo_gen/<hidden>/<hidden>/<hidden>/<hidden>/<hidden>
    SLICE_X13Y49         LUT3 (Prop_lut3_I2_O)        0.295     8.256 f  rocketchip_wrapper/system/system_axi_interconnect_1_0/s00_couplers_imp_8CNLH6/system_axi_interconnect_1_imp_auto_pc_0/system_axi_interconnect_1_imp_auto_pc_0_axi_protocol_converter_v2_1_37_axi_protocol_converter/system_axi_interconnect_1_imp_auto_pc_0_axi_protocol_converter_v2_1_37_axi3_conv/system_axi_interconnect_1_imp_auto_pc_0_axi_protocol_converter_v2_1_37_a_axi3_conv/system_axi_interconnect_1_imp_auto_pc_0_axi_data_fifo_v2_1_36_axic_fifo/system_axi_interconnect_1_imp_auto_pc_0_axi_data_fifo_v2_1_36_fifo_gen/<hidden>/<hidden>/<hidden>/<hidden>/<hidden>
                         net (fo=32, routed)          2.040    10.296    rocketchip_wrapper/system/system_axi_interconnect_1_0/s00_couplers_imp_8CNLH6/system_axi_interconnect_1_imp_auto_pc_0/system_axi_interconnect_1_imp_auto_pc_0_axi_protocol_converter_v2_1_37_axi_protocol_converter/system_axi_interconnect_1_imp_auto_pc_0_axi_protocol_converter_v2_1_37_axi3_conv/system_axi_interconnect_1_imp_auto_pc_0_axi_protocol_converter_v2_1_37_a_axi3_conv/system_axi_interconnect_1_imp_auto_pc_0_axi_data_fifo_v2_1_36_axic_fifo/system_axi_interconnect_1_imp_auto_pc_0_axi_data_fifo_v2_1_36_fifo_gen/<hidden>/<hidden>/<hidden>/<hidden>/<hidden>/<hidden>
    SLICE_X28Y58         FDCE                                         f  rocketchip_wrapper/system/system_axi_interconnect_1_0/s00_couplers_imp_8CNLH6/system_axi_interconnect_1_imp_auto_pc_0/system_axi_interconnect_1_imp_auto_pc_0_axi_protocol_converter_v2_1_37_axi_protocol_converter/system_axi_interconnect_1_imp_auto_pc_0_axi_protocol_converter_v2_1_37_axi3_conv/system_axi_interconnect_1_imp_auto_pc_0_axi_protocol_converter_v2_1_37_a_axi3_conv/system_axi_interconnect_1_imp_auto_pc_0_axi_data_fifo_v2_1_36_axic_fifo/system_axi_interconnect_1_imp_auto_pc_0_axi_data_fifo_v2_1_36_fifo_gen/<hidden>/<hidden>/<hidden>/<hidden>/<hidden>/<hidden>
  -------------------------------------------------------------------    -------------------

                         (clock host_clk_i rise edge)
                                                     25.000    25.000 r  
    H16                                               0.000    25.000 r  clk (IN)
                         net (fo=0)                   0.000    25.000    clk
    H16                  IBUF (Prop_ibuf_I_O)         1.380    26.380 r  ibufg_gclk/O
                         net (fo=1, routed)           1.162    27.542    gclk_i
    MMCME2_ADV_X1Y2      MMCME2_ADV (Prop_mmcme2_adv_CLKIN1_CLKOUT0)
                                                      0.083    27.625 r  MMCME2_BASE_inst/CLKOUT0
                         net (fo=1, routed)           2.012    29.637    host_clk_i
    BUFGCTRL_X0Y16       BUFG (Prop_bufg_I_O)         0.091    29.728 r  bufg_host_clk/O
                         net (fo=7399, routed)        1.524    31.252    rocketchip_wrapper/system/system_axi_interconnect_1_0/s00_couplers_imp_8CNLH6/system_axi_interconnect_1_imp_auto_pc_0/system_axi_interconnect_1_imp_auto_pc_0_axi_protocol_converter_v2_1_37_axi_protocol_converter/system_axi_interconnect_1_imp_auto_pc_0_axi_protocol_converter_v2_1_37_axi3_conv/system_axi_interconnect_1_imp_auto_pc_0_axi_protocol_converter_v2_1_37_a_axi3_conv/system_axi_interconnect_1_imp_auto_pc_0_axi_data_fifo_v2_1_36_axic_fifo/system_axi_interconnect_1_imp_auto_pc_0_axi_data_fifo_v2_1_36_fifo_gen/<hidden>/<hidden>/<hidden>/<hidden>/<hidden>/<hidden>
    SLICE_X28Y58         FDCE                                         r  rocketchip_wrapper/system/system_axi_interconnect_1_0/s00_couplers_imp_8CNLH6/system_axi_interconnect_1_imp_auto_pc_0/system_axi_interconnect_1_imp_auto_pc_0_axi_protocol_converter_v2_1_37_axi_protocol_converter/system_axi_interconnect_1_imp_auto_pc_0_axi_protocol_converter_v2_1_37_axi3_conv/system_axi_interconnect_1_imp_auto_pc_0_axi_protocol_converter_v2_1_37_a_axi3_conv/system_axi_interconnect_1_imp_auto_pc_0_axi_data_fifo_v2_1_36_axic_fifo/system_axi_interconnect_1_imp_auto_pc_0_axi_data_fifo_v2_1_36_fifo_gen/<hidden>/<hidden>/<hidden>/<hidden>/<hidden>/<hidden>
                         clock pessimism              0.402    31.654    
                         clock uncertainty           -0.082    31.573    
    SLICE_X28Y58         FDCE (Recov_fdce_C_CLR)     -0.405    31.168    rocketchip_wrapper/system/system_axi_interconnect_1_0/s00_couplers_imp_8CNLH6/system_axi_interconnect_1_imp_auto_pc_0/system_axi_interconnect_1_imp_auto_pc_0_axi_protocol_converter_v2_1_37_axi_protocol_converter/system_axi_interconnect_1_imp_auto_pc_0_axi_protocol_converter_v2_1_37_axi3_conv/system_axi_interconnect_1_imp_auto_pc_0_axi_protocol_converter_v2_1_37_a_axi3_conv/system_axi_interconnect_1_imp_auto_pc_0_axi_data_fifo_v2_1_36_axic_fifo/system_axi_interconnect_1_imp_auto_pc_0_axi_data_fifo_v2_1_36_fifo_gen/<hidden>/<hidden>/<hidden>/<hidden>/<hidden>/<hidden>
  -------------------------------------------------------------------
                         required time                         31.168    
                         arrival time                         -10.296    
  -------------------------------------------------------------------
                         slack                                 20.872    

Slack (MET) :             20.872ns  (required time - arrival time)
  Source:                 rocketchip_wrapper/system/system_axi_interconnect_1_0/s00_couplers_imp_8CNLH6/system_axi_interconnect_1_imp_auto_pc_0/system_axi_interconnect_1_imp_auto_pc_0_axi_protocol_converter_v2_1_37_axi_protocol_converter/system_axi_interconnect_1_imp_auto_pc_0_axi_protocol_converter_v2_1_37_axi3_conv/system_axi_interconnect_1_imp_auto_pc_0_axi_protocol_converter_v2_1_37_a_axi3_conv/system_axi_interconnect_1_imp_auto_pc_0_axi_data_fifo_v2_1_36_axic_fifo/system_axi_interconnect_1_imp_auto_pc_0_axi_data_fifo_v2_1_36_fifo_gen/<hidden>/<hidden>/<hidden>/<hidden>/<hidden>/<hidden>
                            (rising edge-triggered cell FDPE clocked by host_clk_i  {rise@0.000ns fall@12.500ns period=25.000ns})
  Destination:            rocketchip_wrapper/system/system_axi_interconnect_1_0/s00_couplers_imp_8CNLH6/system_axi_interconnect_1_imp_auto_pc_0/system_axi_interconnect_1_imp_auto_pc_0_axi_protocol_converter_v2_1_37_axi_protocol_converter/system_axi_interconnect_1_imp_auto_pc_0_axi_protocol_converter_v2_1_37_axi3_conv/system_axi_interconnect_1_imp_auto_pc_0_axi_protocol_converter_v2_1_37_a_axi3_conv/system_axi_interconnect_1_imp_auto_pc_0_axi_data_fifo_v2_1_36_axic_fifo/system_axi_interconnect_1_imp_auto_pc_0_axi_data_fifo_v2_1_36_fifo_gen/<hidden>/<hidden>/<hidden>/<hidden>/<hidden>/<hidden>
                            (recovery check against rising-edge clock host_clk_i  {rise@0.000ns fall@12.500ns period=25.000ns})
  Path Group:             **async_default**
  Path Type:              Recovery (Max at Slow Process Corner)
  Requirement:            25.000ns  (host_clk_i rise@25.000ns - host_clk_i rise@0.000ns)
  Data Path Delay:        3.407ns  (logic 0.773ns (22.687%)  route 2.634ns (77.313%))
  Logic Levels:           1  (LUT3=1)
  Clock Path Skew:        -0.234ns (DCD - SCD + CPR)
    Destination Clock Delay (DCD):    6.252ns = ( 31.252 - 25.000 ) 
    Source Clock Delay      (SCD):    6.889ns
    Clock Pessimism Removal (CPR):    0.402ns
  Clock Uncertainty:      0.082ns  ((TSJ^2 + DJ^2)^1/2) / 2 + PE
    Total System Jitter     (TSJ):    0.071ns
    Discrete Jitter          (DJ):    0.147ns
    Phase Error              (PE):    0.000ns

    Location             Delay type                Incr(ns)  Path(ns)    Netlist Resource(s)
  -------------------------------------------------------------------    -------------------
                         (clock host_clk_i rise edge)
                                                      0.000     0.000 r  
    H16                                               0.000     0.000 r  clk (IN)
                         net (fo=0)                   0.000     0.000    clk
    H16                  IBUF (Prop_ibuf_I_O)         1.451     1.451 r  ibufg_gclk/O
                         net (fo=1, routed)           1.285     2.736    gclk_i
    MMCME2_ADV_X1Y2      MMCME2_ADV (Prop_mmcme2_adv_CLKIN1_CLKOUT0)
                                                      0.088     2.824 r  MMCME2_BASE_inst/CLKOUT0
                         net (fo=1, routed)           2.206     5.030    host_clk_i
    BUFGCTRL_X0Y16       BUFG (Prop_bufg_I_O)         0.101     5.131 r  bufg_host_clk/O
                         net (fo=7399, routed)        1.758     6.889    rocketchip_wrapper/system/system_axi_interconnect_1_0/s00_couplers_imp_8CNLH6/system_axi_interconnect_1_imp_auto_pc_0/system_axi_interconnect_1_imp_auto_pc_0_axi_protocol_converter_v2_1_37_axi_protocol_converter/system_axi_interconnect_1_imp_auto_pc_0_axi_protocol_converter_v2_1_37_axi3_conv/system_axi_interconnect_1_imp_auto_pc_0_axi_protocol_converter_v2_1_37_a_axi3_conv/system_axi_interconnect_1_imp_auto_pc_0_axi_data_fifo_v2_1_36_axic_fifo/system_axi_interconnect_1_imp_auto_pc_0_axi_data_fifo_v2_1_36_fifo_gen/<hidden>/<hidden>/<hidden>/<hidden>/<hidden>/<hidden>
    SLICE_X14Y49         FDPE                                         r  rocketchip_wrapper/system/system_axi_interconnect_1_0/s00_couplers_imp_8CNLH6/system_axi_interconnect_1_imp_auto_pc_0/system_axi_interconnect_1_imp_auto_pc_0_axi_protocol_converter_v2_1_37_axi_protocol_converter/system_axi_interconnect_1_imp_auto_pc_0_axi_protocol_converter_v2_1_37_axi3_conv/system_axi_interconnect_1_imp_auto_pc_0_axi_protocol_converter_v2_1_37_a_axi3_conv/system_axi_interconnect_1_imp_auto_pc_0_axi_data_fifo_v2_1_36_axic_fifo/system_axi_interconnect_1_imp_auto_pc_0_axi_data_fifo_v2_1_36_fifo_gen/<hidden>/<hidden>/<hidden>/<hidden>/<hidden>/<hidden>
  -------------------------------------------------------------------    -------------------
    SLICE_X14Y49         FDPE (Prop_fdpe_C_Q)         0.478     7.367 f  rocketchip_wrapper/system/system_axi_interconnect_1_0/s00_couplers_imp_8CNLH6/system_axi_interconnect_1_imp_auto_pc_0/system_axi_interconnect_1_imp_auto_pc_0_axi_protocol_converter_v2_1_37_axi_protocol_converter/system_axi_interconnect_1_imp_auto_pc_0_axi_protocol_converter_v2_1_37_axi3_conv/system_axi_interconnect_1_imp_auto_pc_0_axi_protocol_converter_v2_1_37_a_axi3_conv/system_axi_interconnect_1_imp_auto_pc_0_axi_data_fifo_v2_1_36_axic_fifo/system_axi_interconnect_1_imp_auto_pc_0_axi_data_fifo_v2_1_36_fifo_gen/<hidden>/<hidden>/<hidden>/<hidden>/<hidden>/<hidden>
                         net (fo=3, routed)           0.594     7.961    rocketchip_wrapper/system/system_axi_interconnect_1_0/s00_couplers_imp_8CNLH6/system_axi_interconnect_1_imp_auto_pc_0/system_axi_interconnect_1_imp_auto_pc_0_axi_protocol_converter_v2_1_37_axi_protocol_converter/system_axi_interconnect_1_imp_auto_pc_0_axi_protocol_converter_v2_1_37_axi3_conv/system_axi_interconnect_1_imp_auto_pc_0_axi_protocol_converter_v2_1_37_a_axi3_conv/system_axi_interconnect_1_imp_auto_pc_0_axi_data_fifo_v2_1_36_axic_fifo/system_axi_interconnect_1_imp_auto_pc_0_axi_data_fifo_v2_1_36_fifo_gen/<hidden>/<hidden>/<hidden>/<hidden>/<hidden>
    SLICE_X13Y49         LUT3 (Prop_lut3_I2_O)        0.295     8.256 f  rocketchip_wrapper/system/system_axi_interconnect_1_0/s00_couplers_imp_8CNLH6/system_axi_interconnect_1_imp_auto_pc_0/system_axi_interconnect_1_imp_auto_pc_0_axi_protocol_converter_v2_1_37_axi_protocol_converter/system_axi_interconnect_1_imp_auto_pc_0_axi_protocol_converter_v2_1_37_axi3_conv/system_axi_interconnect_1_imp_auto_pc_0_axi_protocol_converter_v2_1_37_a_axi3_conv/system_axi_interconnect_1_imp_auto_pc_0_axi_data_fifo_v2_1_36_axic_fifo/system_axi_interconnect_1_imp_auto_pc_0_axi_data_fifo_v2_1_36_fifo_gen/<hidden>/<hidden>/<hidden>/<hidden>/<hidden>
                         net (fo=32, routed)          2.040    10.296    rocketchip_wrapper/system/system_axi_interconnect_1_0/s00_couplers_imp_8CNLH6/system_axi_interconnect_1_imp_auto_pc_0/system_axi_interconnect_1_imp_auto_pc_0_axi_protocol_converter_v2_1_37_axi_protocol_converter/system_axi_interconnect_1_imp_auto_pc_0_axi_protocol_converter_v2_1_37_axi3_conv/system_axi_interconnect_1_imp_auto_pc_0_axi_protocol_converter_v2_1_37_a_axi3_conv/system_axi_interconnect_1_imp_auto_pc_0_axi_data_fifo_v2_1_36_axic_fifo/system_axi_interconnect_1_imp_auto_pc_0_axi_data_fifo_v2_1_36_fifo_gen/<hidden>/<hidden>/<hidden>/<hidden>/<hidden>/<hidden>
    SLICE_X28Y58         FDCE                                         f  rocketchip_wrapper/system/system_axi_interconnect_1_0/s00_couplers_imp_8CNLH6/system_axi_interconnect_1_imp_auto_pc_0/system_axi_interconnect_1_imp_auto_pc_0_axi_protocol_converter_v2_1_37_axi_protocol_converter/system_axi_interconnect_1_imp_auto_pc_0_axi_protocol_converter_v2_1_37_axi3_conv/system_axi_interconnect_1_imp_auto_pc_0_axi_protocol_converter_v2_1_37_a_axi3_conv/system_axi_interconnect_1_imp_auto_pc_0_axi_data_fifo_v2_1_36_axic_fifo/system_axi_interconnect_1_imp_auto_pc_0_axi_data_fifo_v2_1_36_fifo_gen/<hidden>/<hidden>/<hidden>/<hidden>/<hidden>/<hidden>
  -------------------------------------------------------------------    -------------------

                         (clock host_clk_i rise edge)
                                                     25.000    25.000 r  
    H16                                               0.000    25.000 r  clk (IN)
                         net (fo=0)                   0.000    25.000    clk
    H16                  IBUF (Prop_ibuf_I_O)         1.380    26.380 r  ibufg_gclk/O
                         net (fo=1, routed)           1.162    27.542    gclk_i
    MMCME2_ADV_X1Y2      MMCME2_ADV (Prop_mmcme2_adv_CLKIN1_CLKOUT0)
                                                      0.083    27.625 r  MMCME2_BASE_inst/CLKOUT0
                         net (fo=1, routed)           2.012    29.637    host_clk_i
    BUFGCTRL_X0Y16       BUFG (Prop_bufg_I_O)         0.091    29.728 r  bufg_host_clk/O
                         net (fo=7399, routed)        1.524    31.252    rocketchip_wrapper/system/system_axi_interconnect_1_0/s00_couplers_imp_8CNLH6/system_axi_interconnect_1_imp_auto_pc_0/system_axi_interconnect_1_imp_auto_pc_0_axi_protocol_converter_v2_1_37_axi_protocol_converter/system_axi_interconnect_1_imp_auto_pc_0_axi_protocol_converter_v2_1_37_axi3_conv/system_axi_interconnect_1_imp_auto_pc_0_axi_protocol_converter_v2_1_37_a_axi3_conv/system_axi_interconnect_1_imp_auto_pc_0_axi_data_fifo_v2_1_36_axic_fifo/system_axi_interconnect_1_imp_auto_pc_0_axi_data_fifo_v2_1_36_fifo_gen/<hidden>/<hidden>/<hidden>/<hidden>/<hidden>/<hidden>
    SLICE_X28Y58         FDCE                                         r  rocketchip_wrapper/system/system_axi_interconnect_1_0/s00_couplers_imp_8CNLH6/system_axi_interconnect_1_imp_auto_pc_0/system_axi_interconnect_1_imp_auto_pc_0_axi_protocol_converter_v2_1_37_axi_protocol_converter/system_axi_interconnect_1_imp_auto_pc_0_axi_protocol_converter_v2_1_37_axi3_conv/system_axi_interconnect_1_imp_auto_pc_0_axi_protocol_converter_v2_1_37_a_axi3_conv/system_axi_interconnect_1_imp_auto_pc_0_axi_data_fifo_v2_1_36_axic_fifo/system_axi_interconnect_1_imp_auto_pc_0_axi_data_fifo_v2_1_36_fifo_gen/<hidden>/<hidden>/<hidden>/<hidden>/<hidden>/<hidden>
                         clock pessimism              0.402    31.654    
                         clock uncertainty           -0.082    31.573    
    SLICE_X28Y58         FDCE (Recov_fdce_C_CLR)     -0.405    31.168    rocketchip_wrapper/system/system_axi_interconnect_1_0/s00_couplers_imp_8CNLH6/system_axi_interconnect_1_imp_auto_pc_0/system_axi_interconnect_1_imp_auto_pc_0_axi_protocol_converter_v2_1_37_axi_protocol_converter/system_axi_interconnect_1_imp_auto_pc_0_axi_protocol_converter_v2_1_37_axi3_conv/system_axi_interconnect_1_imp_auto_pc_0_axi_protocol_converter_v2_1_37_a_axi3_conv/system_axi_interconnect_1_imp_auto_pc_0_axi_data_fifo_v2_1_36_axic_fifo/system_axi_interconnect_1_imp_auto_pc_0_axi_data_fifo_v2_1_36_fifo_gen/<hidden>/<hidden>/<hidden>/<hidden>/<hidden>/<hidden>
  -------------------------------------------------------------------
                         required time                         31.168    
                         arrival time                         -10.296    
  -------------------------------------------------------------------
                         slack                                 20.872    

Slack (MET) :             20.872ns  (required time - arrival time)
  Source:                 rocketchip_wrapper/system/system_axi_interconnect_1_0/s00_couplers_imp_8CNLH6/system_axi_interconnect_1_imp_auto_pc_0/system_axi_interconnect_1_imp_auto_pc_0_axi_protocol_converter_v2_1_37_axi_protocol_converter/system_axi_interconnect_1_imp_auto_pc_0_axi_protocol_converter_v2_1_37_axi3_conv/system_axi_interconnect_1_imp_auto_pc_0_axi_protocol_converter_v2_1_37_a_axi3_conv/system_axi_interconnect_1_imp_auto_pc_0_axi_data_fifo_v2_1_36_axic_fifo/system_axi_interconnect_1_imp_auto_pc_0_axi_data_fifo_v2_1_36_fifo_gen/<hidden>/<hidden>/<hidden>/<hidden>/<hidden>/<hidden>
                            (rising edge-triggered cell FDPE clocked by host_clk_i  {rise@0.000ns fall@12.500ns period=25.000ns})
  Destination:            rocketchip_wrapper/system/system_axi_interconnect_1_0/s00_couplers_imp_8CNLH6/system_axi_interconnect_1_imp_auto_pc_0/system_axi_interconnect_1_imp_auto_pc_0_axi_protocol_converter_v2_1_37_axi_protocol_converter/system_axi_interconnect_1_imp_auto_pc_0_axi_protocol_converter_v2_1_37_axi3_conv/system_axi_interconnect_1_imp_auto_pc_0_axi_protocol_converter_v2_1_37_a_axi3_conv/system_axi_interconnect_1_imp_auto_pc_0_axi_data_fifo_v2_1_36_axic_fifo/system_axi_interconnect_1_imp_auto_pc_0_axi_data_fifo_v2_1_36_fifo_gen/<hidden>/<hidden>/<hidden>/<hidden>/<hidden>/<hidden>
                            (recovery check against rising-edge clock host_clk_i  {rise@0.000ns fall@12.500ns period=25.000ns})
  Path Group:             **async_default**
  Path Type:              Recovery (Max at Slow Process Corner)
  Requirement:            25.000ns  (host_clk_i rise@25.000ns - host_clk_i rise@0.000ns)
  Data Path Delay:        3.407ns  (logic 0.773ns (22.687%)  route 2.634ns (77.313%))
  Logic Levels:           1  (LUT3=1)
  Clock Path Skew:        -0.234ns (DCD - SCD + CPR)
    Destination Clock Delay (DCD):    6.252ns = ( 31.252 - 25.000 ) 
    Source Clock Delay      (SCD):    6.889ns
    Clock Pessimism Removal (CPR):    0.402ns
  Clock Uncertainty:      0.082ns  ((TSJ^2 + DJ^2)^1/2) / 2 + PE
    Total System Jitter     (TSJ):    0.071ns
    Discrete Jitter          (DJ):    0.147ns
    Phase Error              (PE):    0.000ns

    Location             Delay type                Incr(ns)  Path(ns)    Netlist Resource(s)
  -------------------------------------------------------------------    -------------------
                         (clock host_clk_i rise edge)
                                                      0.000     0.000 r  
    H16                                               0.000     0.000 r  clk (IN)
                         net (fo=0)                   0.000     0.000    clk
    H16                  IBUF (Prop_ibuf_I_O)         1.451     1.451 r  ibufg_gclk/O
                         net (fo=1, routed)           1.285     2.736    gclk_i
    MMCME2_ADV_X1Y2      MMCME2_ADV (Prop_mmcme2_adv_CLKIN1_CLKOUT0)
                                                      0.088     2.824 r  MMCME2_BASE_inst/CLKOUT0
                         net (fo=1, routed)           2.206     5.030    host_clk_i
    BUFGCTRL_X0Y16       BUFG (Prop_bufg_I_O)         0.101     5.131 r  bufg_host_clk/O
                         net (fo=7399, routed)        1.758     6.889    rocketchip_wrapper/system/system_axi_interconnect_1_0/s00_couplers_imp_8CNLH6/system_axi_interconnect_1_imp_auto_pc_0/system_axi_interconnect_1_imp_auto_pc_0_axi_protocol_converter_v2_1_37_axi_protocol_converter/system_axi_interconnect_1_imp_auto_pc_0_axi_protocol_converter_v2_1_37_axi3_conv/system_axi_interconnect_1_imp_auto_pc_0_axi_protocol_converter_v2_1_37_a_axi3_conv/system_axi_interconnect_1_imp_auto_pc_0_axi_data_fifo_v2_1_36_axic_fifo/system_axi_interconnect_1_imp_auto_pc_0_axi_data_fifo_v2_1_36_fifo_gen/<hidden>/<hidden>/<hidden>/<hidden>/<hidden>/<hidden>
    SLICE_X14Y49         FDPE                                         r  rocketchip_wrapper/system/system_axi_interconnect_1_0/s00_couplers_imp_8CNLH6/system_axi_interconnect_1_imp_auto_pc_0/system_axi_interconnect_1_imp_auto_pc_0_axi_protocol_converter_v2_1_37_axi_protocol_converter/system_axi_interconnect_1_imp_auto_pc_0_axi_protocol_converter_v2_1_37_axi3_conv/system_axi_interconnect_1_imp_auto_pc_0_axi_protocol_converter_v2_1_37_a_axi3_conv/system_axi_interconnect_1_imp_auto_pc_0_axi_data_fifo_v2_1_36_axic_fifo/system_axi_interconnect_1_imp_auto_pc_0_axi_data_fifo_v2_1_36_fifo_gen/<hidden>/<hidden>/<hidden>/<hidden>/<hidden>/<hidden>
  -------------------------------------------------------------------    -------------------
    SLICE_X14Y49         FDPE (Prop_fdpe_C_Q)         0.478     7.367 f  rocketchip_wrapper/system/system_axi_interconnect_1_0/s00_couplers_imp_8CNLH6/system_axi_interconnect_1_imp_auto_pc_0/system_axi_interconnect_1_imp_auto_pc_0_axi_protocol_converter_v2_1_37_axi_protocol_converter/system_axi_interconnect_1_imp_auto_pc_0_axi_protocol_converter_v2_1_37_axi3_conv/system_axi_interconnect_1_imp_auto_pc_0_axi_protocol_converter_v2_1_37_a_axi3_conv/system_axi_interconnect_1_imp_auto_pc_0_axi_data_fifo_v2_1_36_axic_fifo/system_axi_interconnect_1_imp_auto_pc_0_axi_data_fifo_v2_1_36_fifo_gen/<hidden>/<hidden>/<hidden>/<hidden>/<hidden>/<hidden>
                         net (fo=3, routed)           0.594     7.961    rocketchip_wrapper/system/system_axi_interconnect_1_0/s00_couplers_imp_8CNLH6/system_axi_interconnect_1_imp_auto_pc_0/system_axi_interconnect_1_imp_auto_pc_0_axi_protocol_converter_v2_1_37_axi_protocol_converter/system_axi_interconnect_1_imp_auto_pc_0_axi_protocol_converter_v2_1_37_axi3_conv/system_axi_interconnect_1_imp_auto_pc_0_axi_protocol_converter_v2_1_37_a_axi3_conv/system_axi_interconnect_1_imp_auto_pc_0_axi_data_fifo_v2_1_36_axic_fifo/system_axi_interconnect_1_imp_auto_pc_0_axi_data_fifo_v2_1_36_fifo_gen/<hidden>/<hidden>/<hidden>/<hidden>/<hidden>
    SLICE_X13Y49         LUT3 (Prop_lut3_I2_O)        0.295     8.256 f  rocketchip_wrapper/system/system_axi_interconnect_1_0/s00_couplers_imp_8CNLH6/system_axi_interconnect_1_imp_auto_pc_0/system_axi_interconnect_1_imp_auto_pc_0_axi_protocol_converter_v2_1_37_axi_protocol_converter/system_axi_interconnect_1_imp_auto_pc_0_axi_protocol_converter_v2_1_37_axi3_conv/system_axi_interconnect_1_imp_auto_pc_0_axi_protocol_converter_v2_1_37_a_axi3_conv/system_axi_interconnect_1_imp_auto_pc_0_axi_data_fifo_v2_1_36_axic_fifo/system_axi_interconnect_1_imp_auto_pc_0_axi_data_fifo_v2_1_36_fifo_gen/<hidden>/<hidden>/<hidden>/<hidden>/<hidden>
                         net (fo=32, routed)          2.040    10.296    rocketchip_wrapper/system/system_axi_interconnect_1_0/s00_couplers_imp_8CNLH6/system_axi_interconnect_1_imp_auto_pc_0/system_axi_interconnect_1_imp_auto_pc_0_axi_protocol_converter_v2_1_37_axi_protocol_converter/system_axi_interconnect_1_imp_auto_pc_0_axi_protocol_converter_v2_1_37_axi3_conv/system_axi_interconnect_1_imp_auto_pc_0_axi_protocol_converter_v2_1_37_a_axi3_conv/system_axi_interconnect_1_imp_auto_pc_0_axi_data_fifo_v2_1_36_axic_fifo/system_axi_interconnect_1_imp_auto_pc_0_axi_data_fifo_v2_1_36_fifo_gen/<hidden>/<hidden>/<hidden>/<hidden>/<hidden>/<hidden>
    SLICE_X28Y58         FDCE                                         f  rocketchip_wrapper/system/system_axi_interconnect_1_0/s00_couplers_imp_8CNLH6/system_axi_interconnect_1_imp_auto_pc_0/system_axi_interconnect_1_imp_auto_pc_0_axi_protocol_converter_v2_1_37_axi_protocol_converter/system_axi_interconnect_1_imp_auto_pc_0_axi_protocol_converter_v2_1_37_axi3_conv/system_axi_interconnect_1_imp_auto_pc_0_axi_protocol_converter_v2_1_37_a_axi3_conv/system_axi_interconnect_1_imp_auto_pc_0_axi_data_fifo_v2_1_36_axic_fifo/system_axi_interconnect_1_imp_auto_pc_0_axi_data_fifo_v2_1_36_fifo_gen/<hidden>/<hidden>/<hidden>/<hidden>/<hidden>/<hidden>
  -------------------------------------------------------------------    -------------------

                         (clock host_clk_i rise edge)
                                                     25.000    25.000 r  
    H16                                               0.000    25.000 r  clk (IN)
                         net (fo=0)                   0.000    25.000    clk
    H16                  IBUF (Prop_ibuf_I_O)         1.380    26.380 r  ibufg_gclk/O
                         net (fo=1, routed)           1.162    27.542    gclk_i
    MMCME2_ADV_X1Y2      MMCME2_ADV (Prop_mmcme2_adv_CLKIN1_CLKOUT0)
                                                      0.083    27.625 r  MMCME2_BASE_inst/CLKOUT0
                         net (fo=1, routed)           2.012    29.637    host_clk_i
    BUFGCTRL_X0Y16       BUFG (Prop_bufg_I_O)         0.091    29.728 r  bufg_host_clk/O
                         net (fo=7399, routed)        1.524    31.252    rocketchip_wrapper/system/system_axi_interconnect_1_0/s00_couplers_imp_8CNLH6/system_axi_interconnect_1_imp_auto_pc_0/system_axi_interconnect_1_imp_auto_pc_0_axi_protocol_converter_v2_1_37_axi_protocol_converter/system_axi_interconnect_1_imp_auto_pc_0_axi_protocol_converter_v2_1_37_axi3_conv/system_axi_interconnect_1_imp_auto_pc_0_axi_protocol_converter_v2_1_37_a_axi3_conv/system_axi_interconnect_1_imp_auto_pc_0_axi_data_fifo_v2_1_36_axic_fifo/system_axi_interconnect_1_imp_auto_pc_0_axi_data_fifo_v2_1_36_fifo_gen/<hidden>/<hidden>/<hidden>/<hidden>/<hidden>/<hidden>
    SLICE_X28Y58         FDCE                                         r  rocketchip_wrapper/system/system_axi_interconnect_1_0/s00_couplers_imp_8CNLH6/system_axi_interconnect_1_imp_auto_pc_0/system_axi_interconnect_1_imp_auto_pc_0_axi_protocol_converter_v2_1_37_axi_protocol_converter/system_axi_interconnect_1_imp_auto_pc_0_axi_protocol_converter_v2_1_37_axi3_conv/system_axi_interconnect_1_imp_auto_pc_0_axi_protocol_converter_v2_1_37_a_axi3_conv/system_axi_interconnect_1_imp_auto_pc_0_axi_data_fifo_v2_1_36_axic_fifo/system_axi_interconnect_1_imp_auto_pc_0_axi_data_fifo_v2_1_36_fifo_gen/<hidden>/<hidden>/<hidden>/<hidden>/<hidden>/<hidden>
                         clock pessimism              0.402    31.654    
                         clock uncertainty           -0.082    31.573    
    SLICE_X28Y58         FDCE (Recov_fdce_C_CLR)     -0.405    31.168    rocketchip_wrapper/system/system_axi_interconnect_1_0/s00_couplers_imp_8CNLH6/system_axi_interconnect_1_imp_auto_pc_0/system_axi_interconnect_1_imp_auto_pc_0_axi_protocol_converter_v2_1_37_axi_protocol_converter/system_axi_interconnect_1_imp_auto_pc_0_axi_protocol_converter_v2_1_37_axi3_conv/system_axi_interconnect_1_imp_auto_pc_0_axi_protocol_converter_v2_1_37_a_axi3_conv/system_axi_interconnect_1_imp_auto_pc_0_axi_data_fifo_v2_1_36_axic_fifo/system_axi_interconnect_1_imp_auto_pc_0_axi_data_fifo_v2_1_36_fifo_gen/<hidden>/<hidden>/<hidden>/<hidden>/<hidden>/<hidden>
  -------------------------------------------------------------------
                         required time                         31.168    
                         arrival time                         -10.296    
  -------------------------------------------------------------------
                         slack                                 20.872    

Slack (MET) :             20.879ns  (required time - arrival time)
  Source:                 rocketchip_wrapper/system/system_axi_interconnect_1_0/s00_couplers_imp_8CNLH6/system_axi_interconnect_1_imp_auto_pc_0/system_axi_interconnect_1_imp_auto_pc_0_axi_protocol_converter_v2_1_37_axi_protocol_converter/system_axi_interconnect_1_imp_auto_pc_0_axi_protocol_converter_v2_1_37_axi3_conv/system_axi_interconnect_1_imp_auto_pc_0_axi_protocol_converter_v2_1_37_a_axi3_conv__parameterized0/system_axi_interconnect_1_imp_auto_pc_0_axi_data_fifo_v2_1_36_axic_fifo__parameterized1/system_axi_interconnect_1_imp_auto_pc_0_axi_data_fifo_v2_1_36_fifo_gen__parameterized1/<hidden>/<hidden>/<hidden>/<hidden>/<hidden>/<hidden>
                            (rising edge-triggered cell FDPE clocked by host_clk_i  {rise@0.000ns fall@12.500ns period=25.000ns})
  Destination:            rocketchip_wrapper/system/system_axi_interconnect_1_0/s00_couplers_imp_8CNLH6/system_axi_interconnect_1_imp_auto_pc_0/system_axi_interconnect_1_imp_auto_pc_0_axi_protocol_converter_v2_1_37_axi_protocol_converter/system_axi_interconnect_1_imp_auto_pc_0_axi_protocol_converter_v2_1_37_axi3_conv/system_axi_interconnect_1_imp_auto_pc_0_axi_protocol_converter_v2_1_37_a_axi3_conv__parameterized0/system_axi_interconnect_1_imp_auto_pc_0_axi_data_fifo_v2_1_36_axic_fifo__parameterized1/system_axi_interconnect_1_imp_auto_pc_0_axi_data_fifo_v2_1_36_fifo_gen__parameterized1/<hidden>/<hidden>/<hidden>/<hidden>/<hidden>/<hidden>
                            (recovery check against rising-edge clock host_clk_i  {rise@0.000ns fall@12.500ns period=25.000ns})
  Path Group:             **async_default**
  Path Type:              Recovery (Max at Slow Process Corner)
  Requirement:            25.000ns  (host_clk_i rise@25.000ns - host_clk_i rise@0.000ns)
  Data Path Delay:        3.619ns  (logic 0.773ns (21.361%)  route 2.846ns (78.639%))
  Logic Levels:           1  (LUT3=1)
  Clock Path Skew:        -0.060ns (DCD - SCD + CPR)
    Destination Clock Delay (DCD):    6.309ns = ( 31.309 - 25.000 ) 
    Source Clock Delay      (SCD):    6.886ns
    Clock Pessimism Removal (CPR):    0.517ns
  Clock Uncertainty:      0.082ns  ((TSJ^2 + DJ^2)^1/2) / 2 + PE
    Total System Jitter     (TSJ):    0.071ns
    Discrete Jitter          (DJ):    0.147ns
    Phase Error              (PE):    0.000ns

    Location             Delay type                Incr(ns)  Path(ns)    Netlist Resource(s)
  -------------------------------------------------------------------    -------------------
                         (clock host_clk_i rise edge)
                                                      0.000     0.000 r  
    H16                                               0.000     0.000 r  clk (IN)
                         net (fo=0)                   0.000     0.000    clk
    H16                  IBUF (Prop_ibuf_I_O)         1.451     1.451 r  ibufg_gclk/O
                         net (fo=1, routed)           1.285     2.736    gclk_i
    MMCME2_ADV_X1Y2      MMCME2_ADV (Prop_mmcme2_adv_CLKIN1_CLKOUT0)
                                                      0.088     2.824 r  MMCME2_BASE_inst/CLKOUT0
                         net (fo=1, routed)           2.206     5.030    host_clk_i
    BUFGCTRL_X0Y16       BUFG (Prop_bufg_I_O)         0.101     5.131 r  bufg_host_clk/O
                         net (fo=7399, routed)        1.755     6.886    rocketchip_wrapper/system/system_axi_interconnect_1_0/s00_couplers_imp_8CNLH6/system_axi_interconnect_1_imp_auto_pc_0/system_axi_interconnect_1_imp_auto_pc_0_axi_protocol_converter_v2_1_37_axi_protocol_converter/system_axi_interconnect_1_imp_auto_pc_0_axi_protocol_converter_v2_1_37_axi3_conv/system_axi_interconnect_1_imp_auto_pc_0_axi_protocol_converter_v2_1_37_a_axi3_conv__parameterized0/system_axi_interconnect_1_imp_auto_pc_0_axi_data_fifo_v2_1_36_axic_fifo__parameterized1/system_axi_interconnect_1_imp_auto_pc_0_axi_data_fifo_v2_1_36_fifo_gen__parameterized1/<hidden>/<hidden>/<hidden>/<hidden>/<hidden>/<hidden>
    SLICE_X8Y42          FDPE                                         r  rocketchip_wrapper/system/system_axi_interconnect_1_0/s00_couplers_imp_8CNLH6/system_axi_interconnect_1_imp_auto_pc_0/system_axi_interconnect_1_imp_auto_pc_0_axi_protocol_converter_v2_1_37_axi_protocol_converter/system_axi_interconnect_1_imp_auto_pc_0_axi_protocol_converter_v2_1_37_axi3_conv/system_axi_interconnect_1_imp_auto_pc_0_axi_protocol_converter_v2_1_37_a_axi3_conv__parameterized0/system_axi_interconnect_1_imp_auto_pc_0_axi_data_fifo_v2_1_36_axic_fifo__parameterized1/system_axi_interconnect_1_imp_auto_pc_0_axi_data_fifo_v2_1_36_fifo_gen__parameterized1/<hidden>/<hidden>/<hidden>/<hidden>/<hidden>/<hidden>
  -------------------------------------------------------------------    -------------------
    SLICE_X8Y42          FDPE (Prop_fdpe_C_Q)         0.478     7.364 f  rocketchip_wrapper/system/system_axi_interconnect_1_0/s00_couplers_imp_8CNLH6/system_axi_interconnect_1_imp_auto_pc_0/system_axi_interconnect_1_imp_auto_pc_0_axi_protocol_converter_v2_1_37_axi_protocol_converter/system_axi_interconnect_1_imp_auto_pc_0_axi_protocol_converter_v2_1_37_axi3_conv/system_axi_interconnect_1_imp_auto_pc_0_axi_protocol_converter_v2_1_37_a_axi3_conv__parameterized0/system_axi_interconnect_1_imp_auto_pc_0_axi_data_fifo_v2_1_36_axic_fifo__parameterized1/system_axi_interconnect_1_imp_auto_pc_0_axi_data_fifo_v2_1_36_fifo_gen__parameterized1/<hidden>/<hidden>/<hidden>/<hidden>/<hidden>/<hidden>
                         net (fo=2, routed)           1.005     8.368    rocketchip_wrapper/system/system_axi_interconnect_1_0/s00_couplers_imp_8CNLH6/system_axi_interconnect_1_imp_auto_pc_0/system_axi_interconnect_1_imp_auto_pc_0_axi_protocol_converter_v2_1_37_axi_protocol_converter/system_axi_interconnect_1_imp_auto_pc_0_axi_protocol_converter_v2_1_37_axi3_conv/system_axi_interconnect_1_imp_auto_pc_0_axi_protocol_converter_v2_1_37_a_axi3_conv__parameterized0/system_axi_interconnect_1_imp_auto_pc_0_axi_data_fifo_v2_1_36_axic_fifo__parameterized1/system_axi_interconnect_1_imp_auto_pc_0_axi_data_fifo_v2_1_36_fifo_gen__parameterized1/<hidden>/<hidden>/<hidden>/<hidden>/<hidden>
    SLICE_X7Y41          LUT3 (Prop_lut3_I2_O)        0.295     8.663 f  rocketchip_wrapper/system/system_axi_interconnect_1_0/s00_couplers_imp_8CNLH6/system_axi_interconnect_1_imp_auto_pc_0/system_axi_interconnect_1_imp_auto_pc_0_axi_protocol_converter_v2_1_37_axi_protocol_converter/system_axi_interconnect_1_imp_auto_pc_0_axi_protocol_converter_v2_1_37_axi3_conv/system_axi_interconnect_1_imp_auto_pc_0_axi_protocol_converter_v2_1_37_a_axi3_conv__parameterized0/system_axi_interconnect_1_imp_auto_pc_0_axi_data_fifo_v2_1_36_axic_fifo__parameterized1/system_axi_interconnect_1_imp_auto_pc_0_axi_data_fifo_v2_1_36_fifo_gen__parameterized1/<hidden>/<hidden>/<hidden>/<hidden>/<hidden>
                         net (fo=33, routed)          1.841    10.504    rocketchip_wrapper/system/system_axi_interconnect_1_0/s00_couplers_imp_8CNLH6/system_axi_interconnect_1_imp_auto_pc_0/system_axi_interconnect_1_imp_auto_pc_0_axi_protocol_converter_v2_1_37_axi_protocol_converter/system_axi_interconnect_1_imp_auto_pc_0_axi_protocol_converter_v2_1_37_axi3_conv/system_axi_interconnect_1_imp_auto_pc_0_axi_protocol_converter_v2_1_37_a_axi3_conv__parameterized0/system_axi_interconnect_1_imp_auto_pc_0_axi_data_fifo_v2_1_36_axic_fifo__parameterized1/system_axi_interconnect_1_imp_auto_pc_0_axi_data_fifo_v2_1_36_fifo_gen__parameterized1/<hidden>/<hidden>/<hidden>/<hidden>/<hidden>/<hidden>
    SLICE_X12Y44         FDPE                                         f  rocketchip_wrapper/system/system_axi_interconnect_1_0/s00_couplers_imp_8CNLH6/system_axi_interconnect_1_imp_auto_pc_0/system_axi_interconnect_1_imp_auto_pc_0_axi_protocol_converter_v2_1_37_axi_protocol_converter/system_axi_interconnect_1_imp_auto_pc_0_axi_protocol_converter_v2_1_37_axi3_conv/system_axi_interconnect_1_imp_auto_pc_0_axi_protocol_converter_v2_1_37_a_axi3_conv__parameterized0/system_axi_interconnect_1_imp_auto_pc_0_axi_data_fifo_v2_1_36_axic_fifo__parameterized1/system_axi_interconnect_1_imp_auto_pc_0_axi_data_fifo_v2_1_36_fifo_gen__parameterized1/<hidden>/<hidden>/<hidden>/<hidden>/<hidden>/<hidden>
  -------------------------------------------------------------------    -------------------

                         (clock host_clk_i rise edge)
                                                     25.000    25.000 r  
    H16                                               0.000    25.000 r  clk (IN)
                         net (fo=0)                   0.000    25.000    clk
    H16                  IBUF (Prop_ibuf_I_O)         1.380    26.380 r  ibufg_gclk/O
                         net (fo=1, routed)           1.162    27.542    gclk_i
    MMCME2_ADV_X1Y2      MMCME2_ADV (Prop_mmcme2_adv_CLKIN1_CLKOUT0)
                                                      0.083    27.625 r  MMCME2_BASE_inst/CLKOUT0
                         net (fo=1, routed)           2.012    29.637    host_clk_i
    BUFGCTRL_X0Y16       BUFG (Prop_bufg_I_O)         0.091    29.728 r  bufg_host_clk/O
                         net (fo=7399, routed)        1.580    31.309    rocketchip_wrapper/system/system_axi_interconnect_1_0/s00_couplers_imp_8CNLH6/system_axi_interconnect_1_imp_auto_pc_0/system_axi_interconnect_1_imp_auto_pc_0_axi_protocol_converter_v2_1_37_axi_protocol_converter/system_axi_interconnect_1_imp_auto_pc_0_axi_protocol_converter_v2_1_37_axi3_conv/system_axi_interconnect_1_imp_auto_pc_0_axi_protocol_converter_v2_1_37_a_axi3_conv__parameterized0/system_axi_interconnect_1_imp_auto_pc_0_axi_data_fifo_v2_1_36_axic_fifo__parameterized1/system_axi_interconnect_1_imp_auto_pc_0_axi_data_fifo_v2_1_36_fifo_gen__parameterized1/<hidden>/<hidden>/<hidden>/<hidden>/<hidden>/<hidden>
    SLICE_X12Y44         FDPE                                         r  rocketchip_wrapper/system/system_axi_interconnect_1_0/s00_couplers_imp_8CNLH6/system_axi_interconnect_1_imp_auto_pc_0/system_axi_interconnect_1_imp_auto_pc_0_axi_protocol_converter_v2_1_37_axi_protocol_converter/system_axi_interconnect_1_imp_auto_pc_0_axi_protocol_converter_v2_1_37_axi3_conv/system_axi_interconnect_1_imp_auto_pc_0_axi_protocol_converter_v2_1_37_a_axi3_conv__parameterized0/system_axi_interconnect_1_imp_auto_pc_0_axi_data_fifo_v2_1_36_axic_fifo__parameterized1/system_axi_interconnect_1_imp_auto_pc_0_axi_data_fifo_v2_1_36_fifo_gen__parameterized1/<hidden>/<hidden>/<hidden>/<hidden>/<hidden>/<hidden>
                         clock pessimism              0.517    31.826    
                         clock uncertainty           -0.082    31.744    
    SLICE_X12Y44         FDPE (Recov_fdpe_C_PRE)     -0.361    31.383    rocketchip_wrapper/system/system_axi_interconnect_1_0/s00_couplers_imp_8CNLH6/system_axi_interconnect_1_imp_auto_pc_0/system_axi_interconnect_1_imp_auto_pc_0_axi_protocol_converter_v2_1_37_axi_protocol_converter/system_axi_interconnect_1_imp_auto_pc_0_axi_protocol_converter_v2_1_37_axi3_conv/system_axi_interconnect_1_imp_auto_pc_0_axi_protocol_converter_v2_1_37_a_axi3_conv__parameterized0/system_axi_interconnect_1_imp_auto_pc_0_axi_data_fifo_v2_1_36_axic_fifo__parameterized1/system_axi_interconnect_1_imp_auto_pc_0_axi_data_fifo_v2_1_36_fifo_gen__parameterized1/<hidden>/<hidden>/<hidden>/<hidden>/<hidden>/<hidden>
  -------------------------------------------------------------------
                         required time                         31.383    
                         arrival time                         -10.504    
  -------------------------------------------------------------------
                         slack                                 20.879    

Slack (MET) :             20.879ns  (required time - arrival time)
  Source:                 rocketchip_wrapper/system/system_axi_interconnect_1_0/s00_couplers_imp_8CNLH6/system_axi_interconnect_1_imp_auto_pc_0/system_axi_interconnect_1_imp_auto_pc_0_axi_protocol_converter_v2_1_37_axi_protocol_converter/system_axi_interconnect_1_imp_auto_pc_0_axi_protocol_converter_v2_1_37_axi3_conv/system_axi_interconnect_1_imp_auto_pc_0_axi_protocol_converter_v2_1_37_a_axi3_conv__parameterized0/system_axi_interconnect_1_imp_auto_pc_0_axi_data_fifo_v2_1_36_axic_fifo__parameterized1/system_axi_interconnect_1_imp_auto_pc_0_axi_data_fifo_v2_1_36_fifo_gen__parameterized1/<hidden>/<hidden>/<hidden>/<hidden>/<hidden>/<hidden>
                            (rising edge-triggered cell FDPE clocked by host_clk_i  {rise@0.000ns fall@12.500ns period=25.000ns})
  Destination:            rocketchip_wrapper/system/system_axi_interconnect_1_0/s00_couplers_imp_8CNLH6/system_axi_interconnect_1_imp_auto_pc_0/system_axi_interconnect_1_imp_auto_pc_0_axi_protocol_converter_v2_1_37_axi_protocol_converter/system_axi_interconnect_1_imp_auto_pc_0_axi_protocol_converter_v2_1_37_axi3_conv/system_axi_interconnect_1_imp_auto_pc_0_axi_protocol_converter_v2_1_37_a_axi3_conv__parameterized0/system_axi_interconnect_1_imp_auto_pc_0_axi_data_fifo_v2_1_36_axic_fifo__parameterized1/system_axi_interconnect_1_imp_auto_pc_0_axi_data_fifo_v2_1_36_fifo_gen__parameterized1/<hidden>/<hidden>/<hidden>/<hidden>/<hidden>/<hidden>
                            (recovery check against rising-edge clock host_clk_i  {rise@0.000ns fall@12.500ns period=25.000ns})
  Path Group:             **async_default**
  Path Type:              Recovery (Max at Slow Process Corner)
  Requirement:            25.000ns  (host_clk_i rise@25.000ns - host_clk_i rise@0.000ns)
  Data Path Delay:        3.619ns  (logic 0.773ns (21.361%)  route 2.846ns (78.639%))
  Logic Levels:           1  (LUT3=1)
  Clock Path Skew:        -0.060ns (DCD - SCD + CPR)
    Destination Clock Delay (DCD):    6.309ns = ( 31.309 - 25.000 ) 
    Source Clock Delay      (SCD):    6.886ns
    Clock Pessimism Removal (CPR):    0.517ns
  Clock Uncertainty:      0.082ns  ((TSJ^2 + DJ^2)^1/2) / 2 + PE
    Total System Jitter     (TSJ):    0.071ns
    Discrete Jitter          (DJ):    0.147ns
    Phase Error              (PE):    0.000ns

    Location             Delay type                Incr(ns)  Path(ns)    Netlist Resource(s)
  -------------------------------------------------------------------    -------------------
                         (clock host_clk_i rise edge)
                                                      0.000     0.000 r  
    H16                                               0.000     0.000 r  clk (IN)
                         net (fo=0)                   0.000     0.000    clk
    H16                  IBUF (Prop_ibuf_I_O)         1.451     1.451 r  ibufg_gclk/O
                         net (fo=1, routed)           1.285     2.736    gclk_i
    MMCME2_ADV_X1Y2      MMCME2_ADV (Prop_mmcme2_adv_CLKIN1_CLKOUT0)
                                                      0.088     2.824 r  MMCME2_BASE_inst/CLKOUT0
                         net (fo=1, routed)           2.206     5.030    host_clk_i
    BUFGCTRL_X0Y16       BUFG (Prop_bufg_I_O)         0.101     5.131 r  bufg_host_clk/O
                         net (fo=7399, routed)        1.755     6.886    rocketchip_wrapper/system/system_axi_interconnect_1_0/s00_couplers_imp_8CNLH6/system_axi_interconnect_1_imp_auto_pc_0/system_axi_interconnect_1_imp_auto_pc_0_axi_protocol_converter_v2_1_37_axi_protocol_converter/system_axi_interconnect_1_imp_auto_pc_0_axi_protocol_converter_v2_1_37_axi3_conv/system_axi_interconnect_1_imp_auto_pc_0_axi_protocol_converter_v2_1_37_a_axi3_conv__parameterized0/system_axi_interconnect_1_imp_auto_pc_0_axi_data_fifo_v2_1_36_axic_fifo__parameterized1/system_axi_interconnect_1_imp_auto_pc_0_axi_data_fifo_v2_1_36_fifo_gen__parameterized1/<hidden>/<hidden>/<hidden>/<hidden>/<hidden>/<hidden>
    SLICE_X8Y42          FDPE                                         r  rocketchip_wrapper/system/system_axi_interconnect_1_0/s00_couplers_imp_8CNLH6/system_axi_interconnect_1_imp_auto_pc_0/system_axi_interconnect_1_imp_auto_pc_0_axi_protocol_converter_v2_1_37_axi_protocol_converter/system_axi_interconnect_1_imp_auto_pc_0_axi_protocol_converter_v2_1_37_axi3_conv/system_axi_interconnect_1_imp_auto_pc_0_axi_protocol_converter_v2_1_37_a_axi3_conv__parameterized0/system_axi_interconnect_1_imp_auto_pc_0_axi_data_fifo_v2_1_36_axic_fifo__parameterized1/system_axi_interconnect_1_imp_auto_pc_0_axi_data_fifo_v2_1_36_fifo_gen__parameterized1/<hidden>/<hidden>/<hidden>/<hidden>/<hidden>/<hidden>
  -------------------------------------------------------------------    -------------------
    SLICE_X8Y42          FDPE (Prop_fdpe_C_Q)         0.478     7.364 f  rocketchip_wrapper/system/system_axi_interconnect_1_0/s00_couplers_imp_8CNLH6/system_axi_interconnect_1_imp_auto_pc_0/system_axi_interconnect_1_imp_auto_pc_0_axi_protocol_converter_v2_1_37_axi_protocol_converter/system_axi_interconnect_1_imp_auto_pc_0_axi_protocol_converter_v2_1_37_axi3_conv/system_axi_interconnect_1_imp_auto_pc_0_axi_protocol_converter_v2_1_37_a_axi3_conv__parameterized0/system_axi_interconnect_1_imp_auto_pc_0_axi_data_fifo_v2_1_36_axic_fifo__parameterized1/system_axi_interconnect_1_imp_auto_pc_0_axi_data_fifo_v2_1_36_fifo_gen__parameterized1/<hidden>/<hidden>/<hidden>/<hidden>/<hidden>/<hidden>
                         net (fo=2, routed)           1.005     8.368    rocketchip_wrapper/system/system_axi_interconnect_1_0/s00_couplers_imp_8CNLH6/system_axi_interconnect_1_imp_auto_pc_0/system_axi_interconnect_1_imp_auto_pc_0_axi_protocol_converter_v2_1_37_axi_protocol_converter/system_axi_interconnect_1_imp_auto_pc_0_axi_protocol_converter_v2_1_37_axi3_conv/system_axi_interconnect_1_imp_auto_pc_0_axi_protocol_converter_v2_1_37_a_axi3_conv__parameterized0/system_axi_interconnect_1_imp_auto_pc_0_axi_data_fifo_v2_1_36_axic_fifo__parameterized1/system_axi_interconnect_1_imp_auto_pc_0_axi_data_fifo_v2_1_36_fifo_gen__parameterized1/<hidden>/<hidden>/<hidden>/<hidden>/<hidden>
    SLICE_X7Y41          LUT3 (Prop_lut3_I2_O)        0.295     8.663 f  rocketchip_wrapper/system/system_axi_interconnect_1_0/s00_couplers_imp_8CNLH6/system_axi_interconnect_1_imp_auto_pc_0/system_axi_interconnect_1_imp_auto_pc_0_axi_protocol_converter_v2_1_37_axi_protocol_converter/system_axi_interconnect_1_imp_auto_pc_0_axi_protocol_converter_v2_1_37_axi3_conv/system_axi_interconnect_1_imp_auto_pc_0_axi_protocol_converter_v2_1_37_a_axi3_conv__parameterized0/system_axi_interconnect_1_imp_auto_pc_0_axi_data_fifo_v2_1_36_axic_fifo__parameterized1/system_axi_interconnect_1_imp_auto_pc_0_axi_data_fifo_v2_1_36_fifo_gen__parameterized1/<hidden>/<hidden>/<hidden>/<hidden>/<hidden>
                         net (fo=33, routed)          1.841    10.504    rocketchip_wrapper/system/system_axi_interconnect_1_0/s00_couplers_imp_8CNLH6/system_axi_interconnect_1_imp_auto_pc_0/system_axi_interconnect_1_imp_auto_pc_0_axi_protocol_converter_v2_1_37_axi_protocol_converter/system_axi_interconnect_1_imp_auto_pc_0_axi_protocol_converter_v2_1_37_axi3_conv/system_axi_interconnect_1_imp_auto_pc_0_axi_protocol_converter_v2_1_37_a_axi3_conv__parameterized0/system_axi_interconnect_1_imp_auto_pc_0_axi_data_fifo_v2_1_36_axic_fifo__parameterized1/system_axi_interconnect_1_imp_auto_pc_0_axi_data_fifo_v2_1_36_fifo_gen__parameterized1/<hidden>/<hidden>/<hidden>/<hidden>/<hidden>/<hidden>
    SLICE_X12Y44         FDPE                                         f  rocketchip_wrapper/system/system_axi_interconnect_1_0/s00_couplers_imp_8CNLH6/system_axi_interconnect_1_imp_auto_pc_0/system_axi_interconnect_1_imp_auto_pc_0_axi_protocol_converter_v2_1_37_axi_protocol_converter/system_axi_interconnect_1_imp_auto_pc_0_axi_protocol_converter_v2_1_37_axi3_conv/system_axi_interconnect_1_imp_auto_pc_0_axi_protocol_converter_v2_1_37_a_axi3_conv__parameterized0/system_axi_interconnect_1_imp_auto_pc_0_axi_data_fifo_v2_1_36_axic_fifo__parameterized1/system_axi_interconnect_1_imp_auto_pc_0_axi_data_fifo_v2_1_36_fifo_gen__parameterized1/<hidden>/<hidden>/<hidden>/<hidden>/<hidden>/<hidden>
  -------------------------------------------------------------------    -------------------

                         (clock host_clk_i rise edge)
                                                     25.000    25.000 r  
    H16                                               0.000    25.000 r  clk (IN)
                         net (fo=0)                   0.000    25.000    clk
    H16                  IBUF (Prop_ibuf_I_O)         1.380    26.380 r  ibufg_gclk/O
                         net (fo=1, routed)           1.162    27.542    gclk_i
    MMCME2_ADV_X1Y2      MMCME2_ADV (Prop_mmcme2_adv_CLKIN1_CLKOUT0)
                                                      0.083    27.625 r  MMCME2_BASE_inst/CLKOUT0
                         net (fo=1, routed)           2.012    29.637    host_clk_i
    BUFGCTRL_X0Y16       BUFG (Prop_bufg_I_O)         0.091    29.728 r  bufg_host_clk/O
                         net (fo=7399, routed)        1.580    31.309    rocketchip_wrapper/system/system_axi_interconnect_1_0/s00_couplers_imp_8CNLH6/system_axi_interconnect_1_imp_auto_pc_0/system_axi_interconnect_1_imp_auto_pc_0_axi_protocol_converter_v2_1_37_axi_protocol_converter/system_axi_interconnect_1_imp_auto_pc_0_axi_protocol_converter_v2_1_37_axi3_conv/system_axi_interconnect_1_imp_auto_pc_0_axi_protocol_converter_v2_1_37_a_axi3_conv__parameterized0/system_axi_interconnect_1_imp_auto_pc_0_axi_data_fifo_v2_1_36_axic_fifo__parameterized1/system_axi_interconnect_1_imp_auto_pc_0_axi_data_fifo_v2_1_36_fifo_gen__parameterized1/<hidden>/<hidden>/<hidden>/<hidden>/<hidden>/<hidden>
    SLICE_X12Y44         FDPE                                         r  rocketchip_wrapper/system/system_axi_interconnect_1_0/s00_couplers_imp_8CNLH6/system_axi_interconnect_1_imp_auto_pc_0/system_axi_interconnect_1_imp_auto_pc_0_axi_protocol_converter_v2_1_37_axi_protocol_converter/system_axi_interconnect_1_imp_auto_pc_0_axi_protocol_converter_v2_1_37_axi3_conv/system_axi_interconnect_1_imp_auto_pc_0_axi_protocol_converter_v2_1_37_a_axi3_conv__parameterized0/system_axi_interconnect_1_imp_auto_pc_0_axi_data_fifo_v2_1_36_axic_fifo__parameterized1/system_axi_interconnect_1_imp_auto_pc_0_axi_data_fifo_v2_1_36_fifo_gen__parameterized1/<hidden>/<hidden>/<hidden>/<hidden>/<hidden>/<hidden>
                         clock pessimism              0.517    31.826    
                         clock uncertainty           -0.082    31.744    
    SLICE_X12Y44         FDPE (Recov_fdpe_C_PRE)     -0.361    31.383    rocketchip_wrapper/system/system_axi_interconnect_1_0/s00_couplers_imp_8CNLH6/system_axi_interconnect_1_imp_auto_pc_0/system_axi_interconnect_1_imp_auto_pc_0_axi_protocol_converter_v2_1_37_axi_protocol_converter/system_axi_interconnect_1_imp_auto_pc_0_axi_protocol_converter_v2_1_37_axi3_conv/system_axi_interconnect_1_imp_auto_pc_0_axi_protocol_converter_v2_1_37_a_axi3_conv__parameterized0/system_axi_interconnect_1_imp_auto_pc_0_axi_data_fifo_v2_1_36_axic_fifo__parameterized1/system_axi_interconnect_1_imp_auto_pc_0_axi_data_fifo_v2_1_36_fifo_gen__parameterized1/<hidden>/<hidden>/<hidden>/<hidden>/<hidden>/<hidden>
  -------------------------------------------------------------------
                         required time                         31.383    
                         arrival time                         -10.504    
  -------------------------------------------------------------------
                         slack                                 20.879    

Slack (MET) :             20.887ns  (required time - arrival time)
  Source:                 rocketchip_wrapper/system/system_axi_interconnect_1_0/s00_couplers_imp_8CNLH6/system_axi_interconnect_1_imp_auto_pc_0/system_axi_interconnect_1_imp_auto_pc_0_axi_protocol_converter_v2_1_37_axi_protocol_converter/system_axi_interconnect_1_imp_auto_pc_0_axi_protocol_converter_v2_1_37_axi3_conv/system_axi_interconnect_1_imp_auto_pc_0_axi_protocol_converter_v2_1_37_a_axi3_conv/system_axi_interconnect_1_imp_auto_pc_0_axi_data_fifo_v2_1_36_axic_fifo/system_axi_interconnect_1_imp_auto_pc_0_axi_data_fifo_v2_1_36_fifo_gen/<hidden>/<hidden>/<hidden>/<hidden>/<hidden>/<hidden>
                            (rising edge-triggered cell FDPE clocked by host_clk_i  {rise@0.000ns fall@12.500ns period=25.000ns})
  Destination:            rocketchip_wrapper/system/system_axi_interconnect_1_0/s00_couplers_imp_8CNLH6/system_axi_interconnect_1_imp_auto_pc_0/system_axi_interconnect_1_imp_auto_pc_0_axi_protocol_converter_v2_1_37_axi_protocol_converter/system_axi_interconnect_1_imp_auto_pc_0_axi_protocol_converter_v2_1_37_axi3_conv/system_axi_interconnect_1_imp_auto_pc_0_axi_protocol_converter_v2_1_37_a_axi3_conv/system_axi_interconnect_1_imp_auto_pc_0_axi_data_fifo_v2_1_36_axic_fifo/system_axi_interconnect_1_imp_auto_pc_0_axi_data_fifo_v2_1_36_fifo_gen/<hidden>/<hidden>/<hidden>/<hidden>/<hidden>/<hidden>
                            (recovery check against rising-edge clock host_clk_i  {rise@0.000ns fall@12.500ns period=25.000ns})
  Path Group:             **async_default**
  Path Type:              Recovery (Max at Slow Process Corner)
  Requirement:            25.000ns  (host_clk_i rise@25.000ns - host_clk_i rise@0.000ns)
  Data Path Delay:        3.387ns  (logic 0.773ns (22.822%)  route 2.614ns (77.178%))
  Logic Levels:           1  (LUT3=1)
  Clock Path Skew:        -0.239ns (DCD - SCD + CPR)
    Destination Clock Delay (DCD):    6.247ns = ( 31.247 - 25.000 ) 
    Source Clock Delay      (SCD):    6.889ns
    Clock Pessimism Removal (CPR):    0.402ns
  Clock Uncertainty:      0.082ns  ((TSJ^2 + DJ^2)^1/2) / 2 + PE
    Total System Jitter     (TSJ):    0.071ns
    Discrete Jitter          (DJ):    0.147ns
    Phase Error              (PE):    0.000ns

    Location             Delay type                Incr(ns)  Path(ns)    Netlist Resource(s)
  -------------------------------------------------------------------    -------------------
                         (clock host_clk_i rise edge)
                                                      0.000     0.000 r  
    H16                                               0.000     0.000 r  clk (IN)
                         net (fo=0)                   0.000     0.000    clk
    H16                  IBUF (Prop_ibuf_I_O)         1.451     1.451 r  ibufg_gclk/O
                         net (fo=1, routed)           1.285     2.736    gclk_i
    MMCME2_ADV_X1Y2      MMCME2_ADV (Prop_mmcme2_adv_CLKIN1_CLKOUT0)
                                                      0.088     2.824 r  MMCME2_BASE_inst/CLKOUT0
                         net (fo=1, routed)           2.206     5.030    host_clk_i
    BUFGCTRL_X0Y16       BUFG (Prop_bufg_I_O)         0.101     5.131 r  bufg_host_clk/O
                         net (fo=7399, routed)        1.758     6.889    rocketchip_wrapper/system/system_axi_interconnect_1_0/s00_couplers_imp_8CNLH6/system_axi_interconnect_1_imp_auto_pc_0/system_axi_interconnect_1_imp_auto_pc_0_axi_protocol_converter_v2_1_37_axi_protocol_converter/system_axi_interconnect_1_imp_auto_pc_0_axi_protocol_converter_v2_1_37_axi3_conv/system_axi_interconnect_1_imp_auto_pc_0_axi_protocol_converter_v2_1_37_a_axi3_conv/system_axi_interconnect_1_imp_auto_pc_0_axi_data_fifo_v2_1_36_axic_fifo/system_axi_interconnect_1_imp_auto_pc_0_axi_data_fifo_v2_1_36_fifo_gen/<hidden>/<hidden>/<hidden>/<hidden>/<hidden>/<hidden>
    SLICE_X14Y49         FDPE                                         r  rocketchip_wrapper/system/system_axi_interconnect_1_0/s00_couplers_imp_8CNLH6/system_axi_interconnect_1_imp_auto_pc_0/system_axi_interconnect_1_imp_auto_pc_0_axi_protocol_converter_v2_1_37_axi_protocol_converter/system_axi_interconnect_1_imp_auto_pc_0_axi_protocol_converter_v2_1_37_axi3_conv/system_axi_interconnect_1_imp_auto_pc_0_axi_protocol_converter_v2_1_37_a_axi3_conv/system_axi_interconnect_1_imp_auto_pc_0_axi_data_fifo_v2_1_36_axic_fifo/system_axi_interconnect_1_imp_auto_pc_0_axi_data_fifo_v2_1_36_fifo_gen/<hidden>/<hidden>/<hidden>/<hidden>/<hidden>/<hidden>
  -------------------------------------------------------------------    -------------------
    SLICE_X14Y49         FDPE (Prop_fdpe_C_Q)         0.478     7.367 f  rocketchip_wrapper/system/system_axi_interconnect_1_0/s00_couplers_imp_8CNLH6/system_axi_interconnect_1_imp_auto_pc_0/system_axi_interconnect_1_imp_auto_pc_0_axi_protocol_converter_v2_1_37_axi_protocol_converter/system_axi_interconnect_1_imp_auto_pc_0_axi_protocol_converter_v2_1_37_axi3_conv/system_axi_interconnect_1_imp_auto_pc_0_axi_protocol_converter_v2_1_37_a_axi3_conv/system_axi_interconnect_1_imp_auto_pc_0_axi_data_fifo_v2_1_36_axic_fifo/system_axi_interconnect_1_imp_auto_pc_0_axi_data_fifo_v2_1_36_fifo_gen/<hidden>/<hidden>/<hidden>/<hidden>/<hidden>/<hidden>
                         net (fo=3, routed)           0.594     7.961    rocketchip_wrapper/system/system_axi_interconnect_1_0/s00_couplers_imp_8CNLH6/system_axi_interconnect_1_imp_auto_pc_0/system_axi_interconnect_1_imp_auto_pc_0_axi_protocol_converter_v2_1_37_axi_protocol_converter/system_axi_interconnect_1_imp_auto_pc_0_axi_protocol_converter_v2_1_37_axi3_conv/system_axi_interconnect_1_imp_auto_pc_0_axi_protocol_converter_v2_1_37_a_axi3_conv/system_axi_interconnect_1_imp_auto_pc_0_axi_data_fifo_v2_1_36_axic_fifo/system_axi_interconnect_1_imp_auto_pc_0_axi_data_fifo_v2_1_36_fifo_gen/<hidden>/<hidden>/<hidden>/<hidden>/<hidden>
    SLICE_X13Y49         LUT3 (Prop_lut3_I2_O)        0.295     8.256 f  rocketchip_wrapper/system/system_axi_interconnect_1_0/s00_couplers_imp_8CNLH6/system_axi_interconnect_1_imp_auto_pc_0/system_axi_interconnect_1_imp_auto_pc_0_axi_protocol_converter_v2_1_37_axi_protocol_converter/system_axi_interconnect_1_imp_auto_pc_0_axi_protocol_converter_v2_1_37_axi3_conv/system_axi_interconnect_1_imp_auto_pc_0_axi_protocol_converter_v2_1_37_a_axi3_conv/system_axi_interconnect_1_imp_auto_pc_0_axi_data_fifo_v2_1_36_axic_fifo/system_axi_interconnect_1_imp_auto_pc_0_axi_data_fifo_v2_1_36_fifo_gen/<hidden>/<hidden>/<hidden>/<hidden>/<hidden>
                         net (fo=32, routed)          2.020    10.276    rocketchip_wrapper/system/system_axi_interconnect_1_0/s00_couplers_imp_8CNLH6/system_axi_interconnect_1_imp_auto_pc_0/system_axi_interconnect_1_imp_auto_pc_0_axi_protocol_converter_v2_1_37_axi_protocol_converter/system_axi_interconnect_1_imp_auto_pc_0_axi_protocol_converter_v2_1_37_axi3_conv/system_axi_interconnect_1_imp_auto_pc_0_axi_protocol_converter_v2_1_37_a_axi3_conv/system_axi_interconnect_1_imp_auto_pc_0_axi_data_fifo_v2_1_36_axic_fifo/system_axi_interconnect_1_imp_auto_pc_0_axi_data_fifo_v2_1_36_fifo_gen/<hidden>/<hidden>/<hidden>/<hidden>/<hidden>/<hidden>
    SLICE_X27Y59         FDCE                                         f  rocketchip_wrapper/system/system_axi_interconnect_1_0/s00_couplers_imp_8CNLH6/system_axi_interconnect_1_imp_auto_pc_0/system_axi_interconnect_1_imp_auto_pc_0_axi_protocol_converter_v2_1_37_axi_protocol_converter/system_axi_interconnect_1_imp_auto_pc_0_axi_protocol_converter_v2_1_37_axi3_conv/system_axi_interconnect_1_imp_auto_pc_0_axi_protocol_converter_v2_1_37_a_axi3_conv/system_axi_interconnect_1_imp_auto_pc_0_axi_data_fifo_v2_1_36_axic_fifo/system_axi_interconnect_1_imp_auto_pc_0_axi_data_fifo_v2_1_36_fifo_gen/<hidden>/<hidden>/<hidden>/<hidden>/<hidden>/<hidden>
  -------------------------------------------------------------------    -------------------

                         (clock host_clk_i rise edge)
                                                     25.000    25.000 r  
    H16                                               0.000    25.000 r  clk (IN)
                         net (fo=0)                   0.000    25.000    clk
    H16                  IBUF (Prop_ibuf_I_O)         1.380    26.380 r  ibufg_gclk/O
                         net (fo=1, routed)           1.162    27.542    gclk_i
    MMCME2_ADV_X1Y2      MMCME2_ADV (Prop_mmcme2_adv_CLKIN1_CLKOUT0)
                                                      0.083    27.625 r  MMCME2_BASE_inst/CLKOUT0
                         net (fo=1, routed)           2.012    29.637    host_clk_i
    BUFGCTRL_X0Y16       BUFG (Prop_bufg_I_O)         0.091    29.728 r  bufg_host_clk/O
                         net (fo=7399, routed)        1.519    31.247    rocketchip_wrapper/system/system_axi_interconnect_1_0/s00_couplers_imp_8CNLH6/system_axi_interconnect_1_imp_auto_pc_0/system_axi_interconnect_1_imp_auto_pc_0_axi_protocol_converter_v2_1_37_axi_protocol_converter/system_axi_interconnect_1_imp_auto_pc_0_axi_protocol_converter_v2_1_37_axi3_conv/system_axi_interconnect_1_imp_auto_pc_0_axi_protocol_converter_v2_1_37_a_axi3_conv/system_axi_interconnect_1_imp_auto_pc_0_axi_data_fifo_v2_1_36_axic_fifo/system_axi_interconnect_1_imp_auto_pc_0_axi_data_fifo_v2_1_36_fifo_gen/<hidden>/<hidden>/<hidden>/<hidden>/<hidden>/<hidden>
    SLICE_X27Y59         FDCE                                         r  rocketchip_wrapper/system/system_axi_interconnect_1_0/s00_couplers_imp_8CNLH6/system_axi_interconnect_1_imp_auto_pc_0/system_axi_interconnect_1_imp_auto_pc_0_axi_protocol_converter_v2_1_37_axi_protocol_converter/system_axi_interconnect_1_imp_auto_pc_0_axi_protocol_converter_v2_1_37_axi3_conv/system_axi_interconnect_1_imp_auto_pc_0_axi_protocol_converter_v2_1_37_a_axi3_conv/system_axi_interconnect_1_imp_auto_pc_0_axi_data_fifo_v2_1_36_axic_fifo/system_axi_interconnect_1_imp_auto_pc_0_axi_data_fifo_v2_1_36_fifo_gen/<hidden>/<hidden>/<hidden>/<hidden>/<hidden>/<hidden>
                         clock pessimism              0.402    31.649    
                         clock uncertainty           -0.082    31.568    
    SLICE_X27Y59         FDCE (Recov_fdce_C_CLR)     -0.405    31.163    rocketchip_wrapper/system/system_axi_interconnect_1_0/s00_couplers_imp_8CNLH6/system_axi_interconnect_1_imp_auto_pc_0/system_axi_interconnect_1_imp_auto_pc_0_axi_protocol_converter_v2_1_37_axi_protocol_converter/system_axi_interconnect_1_imp_auto_pc_0_axi_protocol_converter_v2_1_37_axi3_conv/system_axi_interconnect_1_imp_auto_pc_0_axi_protocol_converter_v2_1_37_a_axi3_conv/system_axi_interconnect_1_imp_auto_pc_0_axi_data_fifo_v2_1_36_axic_fifo/system_axi_interconnect_1_imp_auto_pc_0_axi_data_fifo_v2_1_36_fifo_gen/<hidden>/<hidden>/<hidden>/<hidden>/<hidden>/<hidden>
  -------------------------------------------------------------------
                         required time                         31.163    
                         arrival time                         -10.276    
  -------------------------------------------------------------------
                         slack                                 20.887    

Slack (MET) :             20.887ns  (required time - arrival time)
  Source:                 rocketchip_wrapper/system/system_axi_interconnect_1_0/s00_couplers_imp_8CNLH6/system_axi_interconnect_1_imp_auto_pc_0/system_axi_interconnect_1_imp_auto_pc_0_axi_protocol_converter_v2_1_37_axi_protocol_converter/system_axi_interconnect_1_imp_auto_pc_0_axi_protocol_converter_v2_1_37_axi3_conv/system_axi_interconnect_1_imp_auto_pc_0_axi_protocol_converter_v2_1_37_a_axi3_conv/system_axi_interconnect_1_imp_auto_pc_0_axi_data_fifo_v2_1_36_axic_fifo/system_axi_interconnect_1_imp_auto_pc_0_axi_data_fifo_v2_1_36_fifo_gen/<hidden>/<hidden>/<hidden>/<hidden>/<hidden>/<hidden>
                            (rising edge-triggered cell FDPE clocked by host_clk_i  {rise@0.000ns fall@12.500ns period=25.000ns})
  Destination:            rocketchip_wrapper/system/system_axi_interconnect_1_0/s00_couplers_imp_8CNLH6/system_axi_interconnect_1_imp_auto_pc_0/system_axi_interconnect_1_imp_auto_pc_0_axi_protocol_converter_v2_1_37_axi_protocol_converter/system_axi_interconnect_1_imp_auto_pc_0_axi_protocol_converter_v2_1_37_axi3_conv/system_axi_interconnect_1_imp_auto_pc_0_axi_protocol_converter_v2_1_37_a_axi3_conv/system_axi_interconnect_1_imp_auto_pc_0_axi_data_fifo_v2_1_36_axic_fifo/system_axi_interconnect_1_imp_auto_pc_0_axi_data_fifo_v2_1_36_fifo_gen/<hidden>/<hidden>/<hidden>/<hidden>/<hidden>/<hidden>
                            (recovery check against rising-edge clock host_clk_i  {rise@0.000ns fall@12.500ns period=25.000ns})
  Path Group:             **async_default**
  Path Type:              Recovery (Max at Slow Process Corner)
  Requirement:            25.000ns  (host_clk_i rise@25.000ns - host_clk_i rise@0.000ns)
  Data Path Delay:        3.387ns  (logic 0.773ns (22.822%)  route 2.614ns (77.178%))
  Logic Levels:           1  (LUT3=1)
  Clock Path Skew:        -0.239ns (DCD - SCD + CPR)
    Destination Clock Delay (DCD):    6.247ns = ( 31.247 - 25.000 ) 
    Source Clock Delay      (SCD):    6.889ns
    Clock Pessimism Removal (CPR):    0.402ns
  Clock Uncertainty:      0.082ns  ((TSJ^2 + DJ^2)^1/2) / 2 + PE
    Total System Jitter     (TSJ):    0.071ns
    Discrete Jitter          (DJ):    0.147ns
    Phase Error              (PE):    0.000ns

    Location             Delay type                Incr(ns)  Path(ns)    Netlist Resource(s)
  -------------------------------------------------------------------    -------------------
                         (clock host_clk_i rise edge)
                                                      0.000     0.000 r  
    H16                                               0.000     0.000 r  clk (IN)
                         net (fo=0)                   0.000     0.000    clk
    H16                  IBUF (Prop_ibuf_I_O)         1.451     1.451 r  ibufg_gclk/O
                         net (fo=1, routed)           1.285     2.736    gclk_i
    MMCME2_ADV_X1Y2      MMCME2_ADV (Prop_mmcme2_adv_CLKIN1_CLKOUT0)
                                                      0.088     2.824 r  MMCME2_BASE_inst/CLKOUT0
                         net (fo=1, routed)           2.206     5.030    host_clk_i
    BUFGCTRL_X0Y16       BUFG (Prop_bufg_I_O)         0.101     5.131 r  bufg_host_clk/O
                         net (fo=7399, routed)        1.758     6.889    rocketchip_wrapper/system/system_axi_interconnect_1_0/s00_couplers_imp_8CNLH6/system_axi_interconnect_1_imp_auto_pc_0/system_axi_interconnect_1_imp_auto_pc_0_axi_protocol_converter_v2_1_37_axi_protocol_converter/system_axi_interconnect_1_imp_auto_pc_0_axi_protocol_converter_v2_1_37_axi3_conv/system_axi_interconnect_1_imp_auto_pc_0_axi_protocol_converter_v2_1_37_a_axi3_conv/system_axi_interconnect_1_imp_auto_pc_0_axi_data_fifo_v2_1_36_axic_fifo/system_axi_interconnect_1_imp_auto_pc_0_axi_data_fifo_v2_1_36_fifo_gen/<hidden>/<hidden>/<hidden>/<hidden>/<hidden>/<hidden>
    SLICE_X14Y49         FDPE                                         r  rocketchip_wrapper/system/system_axi_interconnect_1_0/s00_couplers_imp_8CNLH6/system_axi_interconnect_1_imp_auto_pc_0/system_axi_interconnect_1_imp_auto_pc_0_axi_protocol_converter_v2_1_37_axi_protocol_converter/system_axi_interconnect_1_imp_auto_pc_0_axi_protocol_converter_v2_1_37_axi3_conv/system_axi_interconnect_1_imp_auto_pc_0_axi_protocol_converter_v2_1_37_a_axi3_conv/system_axi_interconnect_1_imp_auto_pc_0_axi_data_fifo_v2_1_36_axic_fifo/system_axi_interconnect_1_imp_auto_pc_0_axi_data_fifo_v2_1_36_fifo_gen/<hidden>/<hidden>/<hidden>/<hidden>/<hidden>/<hidden>
  -------------------------------------------------------------------    -------------------
    SLICE_X14Y49         FDPE (Prop_fdpe_C_Q)         0.478     7.367 f  rocketchip_wrapper/system/system_axi_interconnect_1_0/s00_couplers_imp_8CNLH6/system_axi_interconnect_1_imp_auto_pc_0/system_axi_interconnect_1_imp_auto_pc_0_axi_protocol_converter_v2_1_37_axi_protocol_converter/system_axi_interconnect_1_imp_auto_pc_0_axi_protocol_converter_v2_1_37_axi3_conv/system_axi_interconnect_1_imp_auto_pc_0_axi_protocol_converter_v2_1_37_a_axi3_conv/system_axi_interconnect_1_imp_auto_pc_0_axi_data_fifo_v2_1_36_axic_fifo/system_axi_interconnect_1_imp_auto_pc_0_axi_data_fifo_v2_1_36_fifo_gen/<hidden>/<hidden>/<hidden>/<hidden>/<hidden>/<hidden>
                         net (fo=3, routed)           0.594     7.961    rocketchip_wrapper/system/system_axi_interconnect_1_0/s00_couplers_imp_8CNLH6/system_axi_interconnect_1_imp_auto_pc_0/system_axi_interconnect_1_imp_auto_pc_0_axi_protocol_converter_v2_1_37_axi_protocol_converter/system_axi_interconnect_1_imp_auto_pc_0_axi_protocol_converter_v2_1_37_axi3_conv/system_axi_interconnect_1_imp_auto_pc_0_axi_protocol_converter_v2_1_37_a_axi3_conv/system_axi_interconnect_1_imp_auto_pc_0_axi_data_fifo_v2_1_36_axic_fifo/system_axi_interconnect_1_imp_auto_pc_0_axi_data_fifo_v2_1_36_fifo_gen/<hidden>/<hidden>/<hidden>/<hidden>/<hidden>
    SLICE_X13Y49         LUT3 (Prop_lut3_I2_O)        0.295     8.256 f  rocketchip_wrapper/system/system_axi_interconnect_1_0/s00_couplers_imp_8CNLH6/system_axi_interconnect_1_imp_auto_pc_0/system_axi_interconnect_1_imp_auto_pc_0_axi_protocol_converter_v2_1_37_axi_protocol_converter/system_axi_interconnect_1_imp_auto_pc_0_axi_protocol_converter_v2_1_37_axi3_conv/system_axi_interconnect_1_imp_auto_pc_0_axi_protocol_converter_v2_1_37_a_axi3_conv/system_axi_interconnect_1_imp_auto_pc_0_axi_data_fifo_v2_1_36_axic_fifo/system_axi_interconnect_1_imp_auto_pc_0_axi_data_fifo_v2_1_36_fifo_gen/<hidden>/<hidden>/<hidden>/<hidden>/<hidden>
                         net (fo=32, routed)          2.020    10.276    rocketchip_wrapper/system/system_axi_interconnect_1_0/s00_couplers_imp_8CNLH6/system_axi_interconnect_1_imp_auto_pc_0/system_axi_interconnect_1_imp_auto_pc_0_axi_protocol_converter_v2_1_37_axi_protocol_converter/system_axi_interconnect_1_imp_auto_pc_0_axi_protocol_converter_v2_1_37_axi3_conv/system_axi_interconnect_1_imp_auto_pc_0_axi_protocol_converter_v2_1_37_a_axi3_conv/system_axi_interconnect_1_imp_auto_pc_0_axi_data_fifo_v2_1_36_axic_fifo/system_axi_interconnect_1_imp_auto_pc_0_axi_data_fifo_v2_1_36_fifo_gen/<hidden>/<hidden>/<hidden>/<hidden>/<hidden>/<hidden>
    SLICE_X27Y59         FDCE                                         f  rocketchip_wrapper/system/system_axi_interconnect_1_0/s00_couplers_imp_8CNLH6/system_axi_interconnect_1_imp_auto_pc_0/system_axi_interconnect_1_imp_auto_pc_0_axi_protocol_converter_v2_1_37_axi_protocol_converter/system_axi_interconnect_1_imp_auto_pc_0_axi_protocol_converter_v2_1_37_axi3_conv/system_axi_interconnect_1_imp_auto_pc_0_axi_protocol_converter_v2_1_37_a_axi3_conv/system_axi_interconnect_1_imp_auto_pc_0_axi_data_fifo_v2_1_36_axic_fifo/system_axi_interconnect_1_imp_auto_pc_0_axi_data_fifo_v2_1_36_fifo_gen/<hidden>/<hidden>/<hidden>/<hidden>/<hidden>/<hidden>
  -------------------------------------------------------------------    -------------------

                         (clock host_clk_i rise edge)
                                                     25.000    25.000 r  
    H16                                               0.000    25.000 r  clk (IN)
                         net (fo=0)                   0.000    25.000    clk
    H16                  IBUF (Prop_ibuf_I_O)         1.380    26.380 r  ibufg_gclk/O
                         net (fo=1, routed)           1.162    27.542    gclk_i
    MMCME2_ADV_X1Y2      MMCME2_ADV (Prop_mmcme2_adv_CLKIN1_CLKOUT0)
                                                      0.083    27.625 r  MMCME2_BASE_inst/CLKOUT0
                         net (fo=1, routed)           2.012    29.637    host_clk_i
    BUFGCTRL_X0Y16       BUFG (Prop_bufg_I_O)         0.091    29.728 r  bufg_host_clk/O
                         net (fo=7399, routed)        1.519    31.247    rocketchip_wrapper/system/system_axi_interconnect_1_0/s00_couplers_imp_8CNLH6/system_axi_interconnect_1_imp_auto_pc_0/system_axi_interconnect_1_imp_auto_pc_0_axi_protocol_converter_v2_1_37_axi_protocol_converter/system_axi_interconnect_1_imp_auto_pc_0_axi_protocol_converter_v2_1_37_axi3_conv/system_axi_interconnect_1_imp_auto_pc_0_axi_protocol_converter_v2_1_37_a_axi3_conv/system_axi_interconnect_1_imp_auto_pc_0_axi_data_fifo_v2_1_36_axic_fifo/system_axi_interconnect_1_imp_auto_pc_0_axi_data_fifo_v2_1_36_fifo_gen/<hidden>/<hidden>/<hidden>/<hidden>/<hidden>/<hidden>
    SLICE_X27Y59         FDCE                                         r  rocketchip_wrapper/system/system_axi_interconnect_1_0/s00_couplers_imp_8CNLH6/system_axi_interconnect_1_imp_auto_pc_0/system_axi_interconnect_1_imp_auto_pc_0_axi_protocol_converter_v2_1_37_axi_protocol_converter/system_axi_interconnect_1_imp_auto_pc_0_axi_protocol_converter_v2_1_37_axi3_conv/system_axi_interconnect_1_imp_auto_pc_0_axi_protocol_converter_v2_1_37_a_axi3_conv/system_axi_interconnect_1_imp_auto_pc_0_axi_data_fifo_v2_1_36_axic_fifo/system_axi_interconnect_1_imp_auto_pc_0_axi_data_fifo_v2_1_36_fifo_gen/<hidden>/<hidden>/<hidden>/<hidden>/<hidden>/<hidden>
                         clock pessimism              0.402    31.649    
                         clock uncertainty           -0.082    31.568    
    SLICE_X27Y59         FDCE (Recov_fdce_C_CLR)     -0.405    31.163    rocketchip_wrapper/system/system_axi_interconnect_1_0/s00_couplers_imp_8CNLH6/system_axi_interconnect_1_imp_auto_pc_0/system_axi_interconnect_1_imp_auto_pc_0_axi_protocol_converter_v2_1_37_axi_protocol_converter/system_axi_interconnect_1_imp_auto_pc_0_axi_protocol_converter_v2_1_37_axi3_conv/system_axi_interconnect_1_imp_auto_pc_0_axi_protocol_converter_v2_1_37_a_axi3_conv/system_axi_interconnect_1_imp_auto_pc_0_axi_data_fifo_v2_1_36_axic_fifo/system_axi_interconnect_1_imp_auto_pc_0_axi_data_fifo_v2_1_36_fifo_gen/<hidden>/<hidden>/<hidden>/<hidden>/<hidden>/<hidden>
  -------------------------------------------------------------------
                         required time                         31.163    
                         arrival time                         -10.276    
  -------------------------------------------------------------------
                         slack                                 20.887    




