Copyright 1986-2022 Xilinx, Inc. All Rights Reserved. Copyright 2022-2026 Advanced Micro Devices, Inc. All Rights Reserved.
----------------------------------------------------------------------------------------------------------------------------------------------------------------------------------
| Tool Version : Vivado v.2025.2.1 (lin64) Build 6403652 Thu Mar 19 13:47:00 MDT 2026
| Date         : Thu Sep 24 23:40:18 2026
| Host         : ubuntu running 64-bit Ubuntu 24.04.2 LTS
| Command      : report_timing_summary -max_paths 10 -file /home/engineer/fpga/worktrees/ips-fetch32/experiments/IPS-campaign/build-fetch32/reports/post_route_timing_summary.rpt
| Design       : rocketchip_wrapper
| Device       : 7z020-clg400
| Speed File   : -1  PRODUCTION 1.12 2019-11-22
| Design State : Routed
----------------------------------------------------------------------------------------------------------------------------------------------------------------------------------

Timing Summary Report

------------------------------------------------------------------------------------------------
| Timer Settings
| --------------
------------------------------------------------------------------------------------------------

  Enable Multi Corner Analysis               :  Yes
  Enable Pessimism Removal                   :  Yes
  Pessimism Removal Resolution               :  Nearest Common Node
  Enable Input Delay Default Clock           :  No
  Enable Preset / Clear Arcs                 :  No
  Disable Flight Delays                      :  No
  Ignore I/O Paths                           :  No
  Timing Early Launch at Borrowing Latches   :  No
  Borrow Time for Max Delay Exceptions       :  Yes
  Merge Timing Exceptions                    :  Yes
  Inter-SLR Compensation                     :  Conservative

  Corner  Analyze    Analyze    
  Name    Max Paths  Min Paths  
  ------  ---------  ---------  
  Slow    Yes        Yes        
  Fast    Yes        Yes        


------------------------------------------------------------------------------------------------
| Report Methodology
| ------------------
------------------------------------------------------------------------------------------------

Rule     Severity  Description                   Violations  
-------  --------  ----------------------------  ----------  
LUTAR-1  Warning   LUT drives async reset alert  3           

Note: This report is based on the most recent report_methodology run and may not be up-to-date. Run report_methodology on the current design for the latest report.



check_timing report

Table of Contents
-----------------
1. checking no_clock (0)
2. checking constant_clock (0)
3. checking pulse_width_clock (0)
4. checking unconstrained_internal_endpoints (0)
5. checking no_input_delay (0)
6. checking no_output_delay (0)
7. checking multiple_clock (0)
8. checking generated_clocks (0)
9. checking loops (0)
10. checking partial_input_delay (0)
11. checking partial_output_delay (0)
12. checking latch_loops (0)

1. checking no_clock (0)
------------------------
 There are 0 register/latch pins with no clock.


2. checking constant_clock (0)
------------------------------
 There are 0 register/latch pins with constant_clock.


3. checking pulse_width_clock (0)
---------------------------------
 There are 0 register/latch pins which need pulse_width check


4. checking unconstrained_internal_endpoints (0)
------------------------------------------------
 There are 0 pins that are not constrained for maximum delay.

 There are 0 pins that are not constrained for maximum delay due to constant clock.


5. checking no_input_delay (0)
------------------------------
 There are 0 input ports with no input delay specified.

 There are 0 input ports with no input delay but user has a false path constraint.


6. checking no_output_delay (0)
-------------------------------
 There are 0 ports with no output delay specified.

 There are 0 ports with no output delay but user has a false path constraint

 There are 0 ports with no output delay but with a timing clock defined on it or propagating through it


7. checking multiple_clock (0)
------------------------------
 There are 0 register/latch pins with multiple clocks.


8. checking generated_clocks (0)
--------------------------------
 There are 0 generated clocks that are not connected to a clock source.


9. checking loops (0)
---------------------
 There are 0 combinational loops in the design.


10. checking partial_input_delay (0)
------------------------------------
 There are 0 input ports with partial input delay specified.


11. checking partial_output_delay (0)
-------------------------------------
 There are 0 ports with partial output delay specified.


12. checking latch_loops (0)
----------------------------
 There are 0 combinational latch loops in the design through latch input



------------------------------------------------------------------------------------------------
| Design Timing Summary
| ---------------------
------------------------------------------------------------------------------------------------

    WNS(ns)      TNS(ns)  TNS Failing Endpoints  TNS Total Endpoints      WHS(ns)      THS(ns)  THS Failing Endpoints  THS Total Endpoints     WPWS(ns)     TPWS(ns)  TPWS Failing Endpoints  TPWS Total Endpoints  
    -------      -------  ---------------------  -------------------      -------      -------  ---------------------  -------------------     --------     --------  ----------------------  --------------------  
      0.733        0.000                      0                20383        0.020        0.000                      0                20383        2.000        0.000                       0                  7402  


All user specified timing constraints are met.


------------------------------------------------------------------------------------------------
| Clock Summary
| -------------
------------------------------------------------------------------------------------------------

Clock         Waveform(ns)         Period(ns)      Frequency(MHz)
-----         ------------         ----------      --------------
clk_fpga_0    {0.000 5.000}        10.000          100.000         
gclk_0        {0.000 4.000}        8.000           125.000         
  gclk_fbout  {0.000 4.000}        8.000           125.000         
  host_clk_i  {0.000 12.500}       25.000          40.000          


------------------------------------------------------------------------------------------------
| Intra Clock Table
| -----------------
------------------------------------------------------------------------------------------------

Clock             WNS(ns)      TNS(ns)  TNS Failing Endpoints  TNS Total Endpoints      WHS(ns)      THS(ns)  THS Failing Endpoints  THS Total Endpoints     WPWS(ns)     TPWS(ns)  TPWS Failing Endpoints  TPWS Total Endpoints  
-----             -------      -------  ---------------------  -------------------      -------      -------  ---------------------  -------------------     --------     --------  ----------------------  --------------------  
gclk_0                                                                                                                                                          2.000        0.000                       0                     1  
  gclk_fbout                                                                                                                                                    6.751        0.000                       0                     2  
  host_clk_i        0.733        0.000                      0                20287        0.020        0.000                      0                20287       11.250        0.000                       0                  7399  


------------------------------------------------------------------------------------------------
| Inter Clock Table
| -----------------
------------------------------------------------------------------------------------------------

From Clock    To Clock          WNS(ns)      TNS(ns)  TNS Failing Endpoints  TNS Total Endpoints      WHS(ns)      THS(ns)  THS Failing Endpoints  THS Total Endpoints  
----------    --------          -------      -------  ---------------------  -------------------      -------      -------  ---------------------  -------------------  


------------------------------------------------------------------------------------------------
| Other Path Groups Table
| -----------------------
------------------------------------------------------------------------------------------------

Path Group         From Clock         To Clock               WNS(ns)      TNS(ns)  TNS Failing Endpoints  TNS Total Endpoints      WHS(ns)      THS(ns)  THS Failing Endpoints  THS Total Endpoints  
----------         ----------         --------               -------      -------  ---------------------  -------------------      -------      -------  ---------------------  -------------------  
**async_default**  host_clk_i         host_clk_i              20.763        0.000                      0                   96        0.482        0.000                      0                   96  


------------------------------------------------------------------------------------------------
| Timing Details
| --------------
------------------------------------------------------------------------------------------------


---------------------------------------------------------------------------------------------------
From Clock:  gclk_0
  To Clock:  gclk_0

Setup :           NA  Failing Endpoints,  Worst Slack           NA  ,  Total Violation           NA
Hold  :           NA  Failing Endpoints,  Worst Slack           NA  ,  Total Violation           NA
PW    :            0  Failing Endpoints,  Worst Slack        2.000ns,  Total Violation        0.000ns
---------------------------------------------------------------------------------------------------


Pulse Width Checks
--------------------------------------------------------------------------------------
Clock Name:         gclk_0
Waveform(ns):       { 0.000 4.000 }
Period(ns):         8.000
Sources:            { clk }

Check Type        Corner  Lib Pin            Reference Pin  Required(ns)  Actual(ns)  Slack(ns)  Location         Pin
Min Period        n/a     MMCME2_ADV/CLKIN1  n/a            1.249         8.000       6.751      MMCME2_ADV_X1Y2  MMCME2_BASE_inst/CLKIN1
Max Period        n/a     MMCME2_ADV/CLKIN1  n/a            100.000       8.000       92.000     MMCME2_ADV_X1Y2  MMCME2_BASE_inst/CLKIN1
Low Pulse Width   Slow    MMCME2_ADV/CLKIN1  n/a            2.000         4.000       2.000      MMCME2_ADV_X1Y2  MMCME2_BASE_inst/CLKIN1
Low Pulse Width   Fast    MMCME2_ADV/CLKIN1  n/a            2.000         4.000       2.000      MMCME2_ADV_X1Y2  MMCME2_BASE_inst/CLKIN1
High Pulse Width  Slow    MMCME2_ADV/CLKIN1  n/a            2.000         4.000       2.000      MMCME2_ADV_X1Y2  MMCME2_BASE_inst/CLKIN1
High Pulse Width  Fast    MMCME2_ADV/CLKIN1  n/a            2.000         4.000       2.000      MMCME2_ADV_X1Y2  MMCME2_BASE_inst/CLKIN1



---------------------------------------------------------------------------------------------------
From Clock:  gclk_fbout
  To Clock:  gclk_fbout

Setup :           NA  Failing Endpoints,  Worst Slack           NA  ,  Total Violation           NA
Hold  :           NA  Failing Endpoints,  Worst Slack           NA  ,  Total Violation           NA
PW    :            0  Failing Endpoints,  Worst Slack        6.751ns,  Total Violation        0.000ns
---------------------------------------------------------------------------------------------------


Pulse Width Checks
--------------------------------------------------------------------------------------
Clock Name:         gclk_fbout
Waveform(ns):       { 0.000 4.000 }
Period(ns):         8.000
Sources:            { MMCME2_BASE_inst/CLKFBOUT }

Check Type  Corner  Lib Pin              Reference Pin  Required(ns)  Actual(ns)  Slack(ns)  Location         Pin
Min Period  n/a     MMCME2_ADV/CLKFBOUT  n/a            1.249         8.000       6.751      MMCME2_ADV_X1Y2  MMCME2_BASE_inst/CLKFBOUT
Min Period  n/a     MMCME2_ADV/CLKFBIN   n/a            1.249         8.000       6.751      MMCME2_ADV_X1Y2  MMCME2_BASE_inst/CLKFBIN
Max Period  n/a     MMCME2_ADV/CLKFBIN   n/a            100.000       8.000       92.000     MMCME2_ADV_X1Y2  MMCME2_BASE_inst/CLKFBIN
Max Period  n/a     MMCME2_ADV/CLKFBOUT  n/a            213.360       8.000       205.360    MMCME2_ADV_X1Y2  MMCME2_BASE_inst/CLKFBOUT



---------------------------------------------------------------------------------------------------
From Clock:  host_clk_i
  To Clock:  host_clk_i

Setup :            0  Failing Endpoints,  Worst Slack        0.733ns,  Total Violation        0.000ns
Hold  :            0  Failing Endpoints,  Worst Slack        0.020ns,  Total Violation        0.000ns
PW    :            0  Failing Endpoints,  Worst Slack       11.250ns,  Total Violation        0.000ns
---------------------------------------------------------------------------------------------------


Max Delay Paths
--------------------------------------------------------------------------------------
Slack (MET) :             0.733ns  (required time - arrival time)
  Source:                 top/teaching_board_top/target/rd2serial/addr_reg[4]/C
                            (rising edge-triggered cell FDRE clocked by host_clk_i  {rise@0.000ns fall@12.500ns period=25.000ns})
  Destination:            top/teaching_board_top/target/backend/resvValid_reg/D
                            (rising edge-triggered cell FDRE clocked by host_clk_i  {rise@0.000ns fall@12.500ns period=25.000ns})
  Path Group:             host_clk_i
  Path Type:              Setup (Max at Slow Process Corner)
  Requirement:            25.000ns  (host_clk_i rise@25.000ns - host_clk_i rise@0.000ns)
  Data Path Delay:        24.229ns  (logic 11.378ns (46.960%)  route 12.851ns (53.040%))
  Logic Levels:           47  (CARRY4=29 LUT2=3 LUT3=2 LUT4=3 LUT5=4 LUT6=6)
  Clock Path Skew:        0.015ns (DCD - SCD + CPR)
    Destination Clock Delay (DCD):    6.298ns = ( 31.298 - 25.000 ) 
    Source Clock Delay      (SCD):    6.800ns
    Clock Pessimism Removal (CPR):    0.517ns
  Clock Uncertainty:      0.082ns  ((TSJ^2 + DJ^2)^1/2) / 2 + PE
    Total System Jitter     (TSJ):    0.071ns
    Discrete Jitter          (DJ):    0.147ns
    Phase Error              (PE):    0.000ns

    Location             Delay type                Incr(ns)  Path(ns)    Netlist Resource(s)
  -------------------------------------------------------------------    -------------------
                         (clock host_clk_i rise edge)
                                                      0.000     0.000 r  
    H16                                               0.000     0.000 r  clk (IN)
                         net (fo=0)                   0.000     0.000    clk
    H16                  IBUF (Prop_ibuf_I_O)         1.451     1.451 r  ibufg_gclk/O
                         net (fo=1, routed)           1.285     2.736    gclk_i
    MMCME2_ADV_X1Y2      MMCME2_ADV (Prop_mmcme2_adv_CLKIN1_CLKOUT0)
                                                      0.088     2.824 r  MMCME2_BASE_inst/CLKOUT0
                         net (fo=1, routed)           2.206     5.030    host_clk_i
    BUFGCTRL_X0Y16       BUFG (Prop_bufg_I_O)         0.101     5.131 r  bufg_host_clk/O
                         net (fo=7399, routed)        1.669     6.800    top/teaching_board_top/target/rd2serial/host_clk
    SLICE_X44Y47         FDRE                                         r  top/teaching_board_top/target/rd2serial/addr_reg[4]/C
  -------------------------------------------------------------------    -------------------
    SLICE_X44Y47         FDRE (Prop_fdre_C_Q)         0.456     7.256 r  top/teaching_board_top/target/rd2serial/addr_reg[4]/Q
                         net (fo=5, routed)           0.464     7.720    top/teaching_board_top/target/rd2serial/addr_reg[31]_0[1]
    SLICE_X43Y46         CARRY4 (Prop_carry4_S[0]_CO[3])
                                                      0.656     8.376 r  top/teaching_board_top/target/rd2serial/addr_reg[7]_i_2/CO[3]
                         net (fo=1, routed)           0.000     8.376    top/teaching_board_top/target/rd2serial/addr_reg[7]_i_2_n_0
    SLICE_X43Y47         CARRY4 (Prop_carry4_CI_CO[3])
                                                      0.114     8.490 r  top/teaching_board_top/target/rd2serial/addr_reg[11]_i_2/CO[3]
                         net (fo=1, routed)           0.000     8.490    top/teaching_board_top/target/rd2serial/addr_reg[11]_i_2_n_0
    SLICE_X43Y48         CARRY4 (Prop_carry4_CI_CO[3])
                                                      0.114     8.604 r  top/teaching_board_top/target/rd2serial/addr_reg[15]_i_2/CO[3]
                         net (fo=1, routed)           0.000     8.604    top/teaching_board_top/target/rd2serial/addr_reg[15]_i_2_n_0
    SLICE_X43Y49         CARRY4 (Prop_carry4_CI_CO[3])
                                                      0.114     8.718 r  top/teaching_board_top/target/rd2serial/addr_reg[19]_i_2/CO[3]
                         net (fo=1, routed)           0.001     8.719    top/teaching_board_top/target/rd2serial/addr_reg[19]_i_2_n_0
    SLICE_X43Y50         CARRY4 (Prop_carry4_CI_CO[3])
                                                      0.114     8.833 r  top/teaching_board_top/target/rd2serial/addr_reg[23]_i_2/CO[3]
                         net (fo=1, routed)           0.000     8.833    top/teaching_board_top/target/rd2serial/addr_reg[23]_i_2_n_0
    SLICE_X43Y51         CARRY4 (Prop_carry4_CI_O[1])
                                                      0.334     9.167 r  top/teaching_board_top/target/rd2serial/addr_reg[27]_i_2/O[1]
                         net (fo=3, routed)           0.529     9.696    top/teaching_board_top/target/rd2serial/_GEN_86[25]
    SLICE_X40Y52         LUT2 (Prop_lut2_I0_O)        0.303     9.999 r  top/teaching_board_top/target/rd2serial/ram_mask_reg_0_1_0_5_i_182/O
                         net (fo=1, routed)           0.000     9.999    top/teaching_board_top/target/rd2serial/ram_mask_reg_0_1_0_5_i_182_n_0
    SLICE_X40Y52         CARRY4 (Prop_carry4_S[1]_CO[3])
                                                      0.550    10.549 r  top/teaching_board_top/target/rd2serial/ram_mask_reg_0_1_0_5_i_122/CO[3]
                         net (fo=1, routed)           0.000    10.549    top/teaching_board_top/target/rd2serial/ram_mask_reg_0_1_0_5_i_122_n_0
    SLICE_X40Y53         CARRY4 (Prop_carry4_CI_CO[3])
                                                      0.114    10.663 r  top/teaching_board_top/target/rd2serial/ram_mask_reg_0_1_0_5_i_101/CO[3]
                         net (fo=1, routed)           0.000    10.663    top/teaching_board_top/target/rd2serial/ram_mask_reg_0_1_0_5_i_101_n_0
    SLICE_X40Y54         CARRY4 (Prop_carry4_CI_CO[3])
                                                      0.114    10.777 r  top/teaching_board_top/target/rd2serial/ram_mask_reg_0_1_0_5_i_105/CO[3]
                         net (fo=1, routed)           0.000    10.777    top/teaching_board_top/target/rd2serial/ram_mask_reg_0_1_0_5_i_105_n_0
    SLICE_X40Y55         CARRY4 (Prop_carry4_CI_CO[3])
                                                      0.114    10.891 r  top/teaching_board_top/target/rd2serial/req_size_reg[1]_i_64/CO[3]
                         net (fo=1, routed)           0.000    10.891    top/teaching_board_top/target/rd2serial/req_size_reg[1]_i_64_n_0
    SLICE_X40Y56         CARRY4 (Prop_carry4_CI_CO[3])
                                                      0.114    11.005 r  top/teaching_board_top/target/rd2serial/req_size_reg[1]_i_60/CO[3]
                         net (fo=1, routed)           0.000    11.005    top/teaching_board_top/target/rd2serial/req_size_reg[1]_i_60_n_0
    SLICE_X40Y57         CARRY4 (Prop_carry4_CI_CO[3])
                                                      0.114    11.119 r  top/teaching_board_top/target/rd2serial/req_size_reg[1]_i_59/CO[3]
                         net (fo=1, routed)           0.000    11.119    top/teaching_board_top/target/rd2serial/req_size_reg[1]_i_59_n_0
    SLICE_X40Y58         CARRY4 (Prop_carry4_CI_CO[3])
                                                      0.114    11.233 r  top/teaching_board_top/target/rd2serial/req_size_reg[1]_i_37/CO[3]
                         net (fo=1, routed)           0.000    11.233    top/teaching_board_top/target/rd2serial/req_size_reg[1]_i_37_n_0
    SLICE_X40Y59         CARRY4 (Prop_carry4_CI_CO[3])
                                                      0.114    11.347 r  top/teaching_board_top/target/rd2serial/req_size_reg[1]_i_34/CO[3]
                         net (fo=1, routed)           0.000    11.347    top/teaching_board_top/target/rd2serial/req_size_reg[1]_i_34_n_0
    SLICE_X40Y60         CARRY4 (Prop_carry4_CI_CO[3])
                                                      0.114    11.461 r  top/teaching_board_top/target/rd2serial/req_size_reg[1]_i_31/CO[3]
                         net (fo=1, routed)           0.000    11.461    top/teaching_board_top/target/rd2serial/req_size_reg[1]_i_31_n_0
    SLICE_X40Y61         CARRY4 (Prop_carry4_CI_O[2])
                                                      0.239    11.700 r  top/teaching_board_top/target/rd2serial/req_size_reg[1]_i_17/O[2]
                         net (fo=7, routed)           0.862    12.562    top/teaching_board_top/target/rd2serial/_GEN_87[62]
    SLICE_X41Y60         LUT4 (Prop_lut4_I3_O)        0.302    12.864 r  top/teaching_board_top/target/rd2serial/req_size[1]_i_84/O
                         net (fo=1, routed)           0.000    12.864    top/teaching_board_top/target/rd2serial/req_size[1]_i_84_n_0
    SLICE_X41Y60         CARRY4 (Prop_carry4_S[3]_CO[3])
                                                      0.401    13.265 r  top/teaching_board_top/target/rd2serial/req_size_reg[1]_i_45/CO[3]
                         net (fo=1, routed)           0.000    13.265    top/teaching_board_top/target/rd2serial/req_size_reg[1]_i_45_n_0
    SLICE_X41Y61         CARRY4 (Prop_carry4_CI_CO[0])
                                                      0.271    13.536 r  top/teaching_board_top/target/rd2serial/req_size_reg[1]_i_18/CO[0]
                         net (fo=163, routed)         1.036    14.572    top/teaching_board_top/target/rd2serial/_T_174
    SLICE_X37Y60         LUT3 (Prop_lut3_I1_O)        0.367    14.939 r  top/teaching_board_top/target/rd2serial/ram_mask_reg_0_1_0_5_i_155/O
                         net (fo=4, routed)           0.471    15.410    top/teaching_board_top/target/rd2serial/ram_mask_reg_0_1_0_5_i_155_n_0
    SLICE_X36Y60         LUT6 (Prop_lut6_I0_O)        0.326    15.736 r  top/teaching_board_top/target/rd2serial/ram_mask_reg_0_1_0_5_i_156/O
                         net (fo=2, routed)           0.463    16.199    top/teaching_board_top/target/rd2serial/ram_mask_reg_0_1_0_5_i_156_n_0
    SLICE_X36Y60         LUT6 (Prop_lut6_I5_O)        0.124    16.323 r  top/teaching_board_top/target/rd2serial/ram_mask_reg_0_1_0_5_i_106/O
                         net (fo=3, routed)           0.439    16.762    top/teaching_board_top/target/rd2serial/ram_mask_reg_0_1_0_5_i_106_n_0
    SLICE_X36Y61         LUT2 (Prop_lut2_I0_O)        0.124    16.886 r  top/teaching_board_top/target/rd2serial/ram_mask_reg_0_1_0_5_i_84/O
                         net (fo=5, routed)           0.605    17.491    top/teaching_board_top/target/rd2serial/ram_mask_reg_0_1_0_5_i_84_n_0
    SLICE_X38Y61         LUT5 (Prop_lut5_I4_O)        0.150    17.641 r  top/teaching_board_top/target/rd2serial/ram_mask_reg_0_1_0_5_i_93/O
                         net (fo=2, routed)           0.801    18.442    top/teaching_board_top/target/rd2serial/ram_mask_reg_0_1_0_5_i_93_n_0
    SLICE_X39Y62         LUT3 (Prop_lut3_I1_O)        0.376    18.818 r  top/teaching_board_top/target/rd2serial/ram_mask_reg_0_1_0_5_i_61/O
                         net (fo=2, routed)           0.803    19.621    top/teaching_board_top/target/rd2serial/ram_mask_reg_0_1_0_5_i_61_n_0
    SLICE_X41Y63         LUT5 (Prop_lut5_I3_O)        0.354    19.975 r  top/teaching_board_top/target/rd2serial/ram_mask_reg_0_1_0_5_i_63/O
                         net (fo=1, routed)           0.575    20.550    top/teaching_board_top/target/rd2serial/ram_mask_reg_0_1_0_5_i_63_n_0
    SLICE_X42Y61         LUT6 (Prop_lut6_I5_O)        0.332    20.882 r  top/teaching_board_top/target/rd2serial/ram_mask_reg_0_1_0_5_i_40/O
                         net (fo=1, routed)           0.000    20.882    top/teaching_board_top/target/rd2serial/ram_mask_reg_0_1_0_5_i_40_n_0
    SLICE_X42Y61         CARRY4 (Prop_carry4_S[2]_CO[3])
                                                      0.380    21.262 r  top/teaching_board_top/target/rd2serial/ram_mask_reg_0_1_0_5_i_27/CO[3]
                         net (fo=1, routed)           0.000    21.262    top/teaching_board_top/target/rd2serial/ram_mask_reg_0_1_0_5_i_27_n_0
    SLICE_X42Y62         CARRY4 (Prop_carry4_CI_CO[2])
                                                      0.229    21.491 f  top/teaching_board_top/target/rd2serial/ram_mask_reg_0_1_0_5_i_26/CO[2]
                         net (fo=1, routed)           0.411    21.902    top/teaching_board_top/target/rd2serial/_T_317[6]
    SLICE_X45Y61         LUT4 (Prop_lut4_I3_O)        0.310    22.212 f  top/teaching_board_top/target/rd2serial/ram_mask_reg_0_1_0_5_i_28/O
                         net (fo=1, routed)           0.641    22.853    top/teaching_board_top/target/rd2serial/ram_mask_reg_0_1_0_5_i_28_n_0
    SLICE_X45Y60         LUT4 (Prop_lut4_I3_O)        0.124    22.977 f  top/teaching_board_top/target/rd2serial/ram_mask_reg_0_1_0_5_i_20/O
                         net (fo=8, routed)           1.180    24.156    top/teaching_board_top/target/rd2serial/ram_mask_reg_0_1_0_5_i_20_n_0
    SLICE_X42Y39         LUT6 (Prop_lut6_I5_O)        0.124    24.280 r  top/teaching_board_top/target/rd2serial/req_address[0]_i_3/O
                         net (fo=2, routed)           0.501    24.782    top/teaching_board_top/target/sbus/system_bus_xbar/req_address_reg[0]_0
    SLICE_X42Y38         LUT5 (Prop_lut5_I2_O)        0.124    24.906 r  top/teaching_board_top/target/sbus/system_bus_xbar/req_address[0]_i_1/O
                         net (fo=8, routed)           0.799    25.705    top/teaching_board_top/target/sbus/system_bus_xbar/sbus_auto_coupler_to_mbus_nodelay_out_a_bits_address[0]
    SLICE_X35Y33         LUT5 (Prop_lut5_I0_O)        0.124    25.829 r  top/teaching_board_top/target/sbus/system_bus_xbar/resvValid_i_142/O
                         net (fo=1, routed)           0.000    25.829    top/teaching_board_top/target/sbus/system_bus_xbar/resvValid_i_142_n_0
    SLICE_X35Y33         CARRY4 (Prop_carry4_S[0]_CO[3])
                                                      0.532    26.361 r  top/teaching_board_top/target/sbus/system_bus_xbar/resvValid_reg_i_134/CO[3]
                         net (fo=1, routed)           0.000    26.361    top/teaching_board_top/target/sbus/system_bus_xbar/resvValid_reg_i_134_n_0
    SLICE_X35Y34         CARRY4 (Prop_carry4_CI_O[1])
                                                      0.334    26.695 r  top/teaching_board_top/target/sbus/system_bus_xbar/resvValid_reg_i_128/O[1]
                         net (fo=1, routed)           0.442    27.137    top/teaching_board_top/target/backend/resvValid_reg_i_92_0[1]
    SLICE_X32Y34         LUT2 (Prop_lut2_I1_O)        0.303    27.440 r  top/teaching_board_top/target/backend/resvValid_i_112/O
                         net (fo=1, routed)           0.000    27.440    top/teaching_board_top/target/backend/resvValid_i_112_n_0
    SLICE_X32Y34         CARRY4 (Prop_carry4_S[0]_CO[3])
                                                      0.513    27.953 r  top/teaching_board_top/target/backend/resvValid_reg_i_92/CO[3]
                         net (fo=1, routed)           0.000    27.953    top/teaching_board_top/target/backend/resvValid_reg_i_92_n_0
    SLICE_X32Y35         CARRY4 (Prop_carry4_CI_CO[3])
                                                      0.117    28.070 r  top/teaching_board_top/target/backend/resvValid_reg_i_76/CO[3]
                         net (fo=1, routed)           0.000    28.070    top/teaching_board_top/target/backend/resvValid_reg_i_76_n_0
    SLICE_X32Y36         CARRY4 (Prop_carry4_CI_CO[3])
                                                      0.117    28.187 r  top/teaching_board_top/target/backend/resvValid_reg_i_60/CO[3]
                         net (fo=1, routed)           0.000    28.187    top/teaching_board_top/target/backend/resvValid_reg_i_60_n_0
    SLICE_X32Y37         CARRY4 (Prop_carry4_CI_CO[3])
                                                      0.117    28.304 r  top/teaching_board_top/target/backend/resvValid_reg_i_44/CO[3]
                         net (fo=1, routed)           0.000    28.304    top/teaching_board_top/target/backend/resvValid_reg_i_44_n_0
    SLICE_X32Y38         CARRY4 (Prop_carry4_CI_CO[3])
                                                      0.117    28.421 r  top/teaching_board_top/target/backend/resvValid_reg_i_32/CO[3]
                         net (fo=1, routed)           0.000    28.421    top/teaching_board_top/target/backend/resvValid_reg_i_32_n_0
    SLICE_X32Y39         CARRY4 (Prop_carry4_CI_CO[3])
                                                      0.117    28.538 r  top/teaching_board_top/target/backend/resvValid_reg_i_21/CO[3]
                         net (fo=1, routed)           0.000    28.538    top/teaching_board_top/target/backend/resvValid_reg_i_21_n_0
    SLICE_X32Y40         CARRY4 (Prop_carry4_CI_CO[2])
                                                      0.229    28.767 f  top/teaching_board_top/target/backend/resvValid_reg_i_15/CO[2]
                         net (fo=1, routed)           1.284    30.051    top/teaching_board_top/target/sbus/system_bus_xbar/CO[0]
    SLICE_X19Y32         LUT6 (Prop_lut6_I4_O)        0.310    30.361 r  top/teaching_board_top/target/sbus/system_bus_xbar/resvValid_i_6/O
                         net (fo=1, routed)           0.544    30.905    top/teaching_board_top/target/sbus_n_504
    SLICE_X19Y30         LUT6 (Prop_lut6_I4_O)        0.124    31.029 r  top/teaching_board_top/target/resvValid_i_1/O
                         net (fo=1, routed)           0.000    31.029    top/teaching_board_top/target/backend/resvValid_reg_1
    SLICE_X19Y30         FDRE                                         r  top/teaching_board_top/target/backend/resvValid_reg/D
  -------------------------------------------------------------------    -------------------

                         (clock host_clk_i rise edge)
                                                     25.000    25.000 r  
    H16                                               0.000    25.000 r  clk (IN)
                         net (fo=0)                   0.000    25.000    clk
    H16                  IBUF (Prop_ibuf_I_O)         1.380    26.380 r  ibufg_gclk/O
                         net (fo=1, routed)           1.162    27.542    gclk_i
    MMCME2_ADV_X1Y2      MMCME2_ADV (Prop_mmcme2_adv_CLKIN1_CLKOUT0)
                                                      0.083    27.625 r  MMCME2_BASE_inst/CLKOUT0
                         net (fo=1, routed)           2.012    29.637    host_clk_i
    BUFGCTRL_X0Y16       BUFG (Prop_bufg_I_O)         0.091    29.728 r  bufg_host_clk/O
                         net (fo=7399, routed)        1.569    31.298    top/teaching_board_top/target/backend/host_clk
    SLICE_X19Y30         FDRE                                         r  top/teaching_board_top/target/backend/resvValid_reg/C
                         clock pessimism              0.517    31.815    
                         clock uncertainty           -0.082    31.733    
    SLICE_X19Y30         FDRE (Setup_fdre_C_D)        0.029    31.762    top/teaching_board_top/target/backend/resvValid_reg
  -------------------------------------------------------------------
                         required time                         31.762    
                         arrival time                         -31.029    
  -------------------------------------------------------------------
                         slack                                  0.733    

Slack (MET) :             3.218ns  (required time - arrival time)
  Source:                 top/teaching_board_top/target/rd2serial/addr_reg[4]/C
                            (rising edge-triggered cell FDRE clocked by host_clk_i  {rise@0.000ns fall@12.500ns period=25.000ns})
  Destination:            top/teaching_board_top/target/bh/TLBroadcastTracker/o_data/ram_mask_reg_0_7_0_5/RAMA/I
                            (rising edge-triggered cell RAMD32 clocked by host_clk_i  {rise@0.000ns fall@12.500ns period=25.000ns})
  Path Group:             host_clk_i
  Path Type:              Setup (Max at Slow Process Corner)
  Requirement:            25.000ns  (host_clk_i rise@25.000ns - host_clk_i rise@0.000ns)
  Data Path Delay:        21.560ns  (logic 9.016ns (41.817%)  route 12.544ns (58.183%))
  Logic Levels:           38  (CARRY4=20 LUT2=3 LUT3=2 LUT4=5 LUT5=2 LUT6=6)
  Clock Path Skew:        0.021ns (DCD - SCD + CPR)
    Destination Clock Delay (DCD):    6.304ns = ( 31.304 - 25.000 ) 
    Source Clock Delay      (SCD):    6.800ns
    Clock Pessimism Removal (CPR):    0.517ns
  Clock Uncertainty:      0.082ns  ((TSJ^2 + DJ^2)^1/2) / 2 + PE
    Total System Jitter     (TSJ):    0.071ns
    Discrete Jitter          (DJ):    0.147ns
    Phase Error              (PE):    0.000ns

    Location             Delay type                Incr(ns)  Path(ns)    Netlist Resource(s)
  -------------------------------------------------------------------    -------------------
                         (clock host_clk_i rise edge)
                                                      0.000     0.000 r  
    H16                                               0.000     0.000 r  clk (IN)
                         net (fo=0)                   0.000     0.000    clk
    H16                  IBUF (Prop_ibuf_I_O)         1.451     1.451 r  ibufg_gclk/O
                         net (fo=1, routed)           1.285     2.736    gclk_i
    MMCME2_ADV_X1Y2      MMCME2_ADV (Prop_mmcme2_adv_CLKIN1_CLKOUT0)
                                                      0.088     2.824 r  MMCME2_BASE_inst/CLKOUT0
                         net (fo=1, routed)           2.206     5.030    host_clk_i
    BUFGCTRL_X0Y16       BUFG (Prop_bufg_I_O)         0.101     5.131 r  bufg_host_clk/O
                         net (fo=7399, routed)        1.669     6.800    top/teaching_board_top/target/rd2serial/host_clk
    SLICE_X44Y47         FDRE                                         r  top/teaching_board_top/target/rd2serial/addr_reg[4]/C
  -------------------------------------------------------------------    -------------------
    SLICE_X44Y47         FDRE (Prop_fdre_C_Q)         0.456     7.256 r  top/teaching_board_top/target/rd2serial/addr_reg[4]/Q
                         net (fo=5, routed)           0.464     7.720    top/teaching_board_top/target/rd2serial/addr_reg[31]_0[1]
    SLICE_X43Y46         CARRY4 (Prop_carry4_S[0]_CO[3])
                                                      0.656     8.376 r  top/teaching_board_top/target/rd2serial/addr_reg[7]_i_2/CO[3]
                         net (fo=1, routed)           0.000     8.376    top/teaching_board_top/target/rd2serial/addr_reg[7]_i_2_n_0
    SLICE_X43Y47         CARRY4 (Prop_carry4_CI_CO[3])
                                                      0.114     8.490 r  top/teaching_board_top/target/rd2serial/addr_reg[11]_i_2/CO[3]
                         net (fo=1, routed)           0.000     8.490    top/teaching_board_top/target/rd2serial/addr_reg[11]_i_2_n_0
    SLICE_X43Y48         CARRY4 (Prop_carry4_CI_CO[3])
                                                      0.114     8.604 r  top/teaching_board_top/target/rd2serial/addr_reg[15]_i_2/CO[3]
                         net (fo=1, routed)           0.000     8.604    top/teaching_board_top/target/rd2serial/addr_reg[15]_i_2_n_0
    SLICE_X43Y49         CARRY4 (Prop_carry4_CI_CO[3])
                                                      0.114     8.718 r  top/teaching_board_top/target/rd2serial/addr_reg[19]_i_2/CO[3]
                         net (fo=1, routed)           0.001     8.719    top/teaching_board_top/target/rd2serial/addr_reg[19]_i_2_n_0
    SLICE_X43Y50         CARRY4 (Prop_carry4_CI_CO[3])
                                                      0.114     8.833 r  top/teaching_board_top/target/rd2serial/addr_reg[23]_i_2/CO[3]
                         net (fo=1, routed)           0.000     8.833    top/teaching_board_top/target/rd2serial/addr_reg[23]_i_2_n_0
    SLICE_X43Y51         CARRY4 (Prop_carry4_CI_O[1])
                                                      0.334     9.167 r  top/teaching_board_top/target/rd2serial/addr_reg[27]_i_2/O[1]
                         net (fo=3, routed)           0.529     9.696    top/teaching_board_top/target/rd2serial/_GEN_86[25]
    SLICE_X40Y52         LUT2 (Prop_lut2_I0_O)        0.303     9.999 r  top/teaching_board_top/target/rd2serial/ram_mask_reg_0_1_0_5_i_182/O
                         net (fo=1, routed)           0.000     9.999    top/teaching_board_top/target/rd2serial/ram_mask_reg_0_1_0_5_i_182_n_0
    SLICE_X40Y52         CARRY4 (Prop_carry4_S[1]_CO[3])
                                                      0.550    10.549 r  top/teaching_board_top/target/rd2serial/ram_mask_reg_0_1_0_5_i_122/CO[3]
                         net (fo=1, routed)           0.000    10.549    top/teaching_board_top/target/rd2serial/ram_mask_reg_0_1_0_5_i_122_n_0
    SLICE_X40Y53         CARRY4 (Prop_carry4_CI_CO[3])
                                                      0.114    10.663 r  top/teaching_board_top/target/rd2serial/ram_mask_reg_0_1_0_5_i_101/CO[3]
                         net (fo=1, routed)           0.000    10.663    top/teaching_board_top/target/rd2serial/ram_mask_reg_0_1_0_5_i_101_n_0
    SLICE_X40Y54         CARRY4 (Prop_carry4_CI_CO[3])
                                                      0.114    10.777 r  top/teaching_board_top/target/rd2serial/ram_mask_reg_0_1_0_5_i_105/CO[3]
                         net (fo=1, routed)           0.000    10.777    top/teaching_board_top/target/rd2serial/ram_mask_reg_0_1_0_5_i_105_n_0
    SLICE_X40Y55         CARRY4 (Prop_carry4_CI_CO[3])
                                                      0.114    10.891 r  top/teaching_board_top/target/rd2serial/req_size_reg[1]_i_64/CO[3]
                         net (fo=1, routed)           0.000    10.891    top/teaching_board_top/target/rd2serial/req_size_reg[1]_i_64_n_0
    SLICE_X40Y56         CARRY4 (Prop_carry4_CI_CO[3])
                                                      0.114    11.005 r  top/teaching_board_top/target/rd2serial/req_size_reg[1]_i_60/CO[3]
                         net (fo=1, routed)           0.000    11.005    top/teaching_board_top/target/rd2serial/req_size_reg[1]_i_60_n_0
    SLICE_X40Y57         CARRY4 (Prop_carry4_CI_CO[3])
                                                      0.114    11.119 r  top/teaching_board_top/target/rd2serial/req_size_reg[1]_i_59/CO[3]
                         net (fo=1, routed)           0.000    11.119    top/teaching_board_top/target/rd2serial/req_size_reg[1]_i_59_n_0
    SLICE_X40Y58         CARRY4 (Prop_carry4_CI_CO[3])
                                                      0.114    11.233 r  top/teaching_board_top/target/rd2serial/req_size_reg[1]_i_37/CO[3]
                         net (fo=1, routed)           0.000    11.233    top/teaching_board_top/target/rd2serial/req_size_reg[1]_i_37_n_0
    SLICE_X40Y59         CARRY4 (Prop_carry4_CI_CO[3])
                                                      0.114    11.347 r  top/teaching_board_top/target/rd2serial/req_size_reg[1]_i_34/CO[3]
                         net (fo=1, routed)           0.000    11.347    top/teaching_board_top/target/rd2serial/req_size_reg[1]_i_34_n_0
    SLICE_X40Y60         CARRY4 (Prop_carry4_CI_CO[3])
                                                      0.114    11.461 r  top/teaching_board_top/target/rd2serial/req_size_reg[1]_i_31/CO[3]
                         net (fo=1, routed)           0.000    11.461    top/teaching_board_top/target/rd2serial/req_size_reg[1]_i_31_n_0
    SLICE_X40Y61         CARRY4 (Prop_carry4_CI_O[2])
                                                      0.239    11.700 r  top/teaching_board_top/target/rd2serial/req_size_reg[1]_i_17/O[2]
                         net (fo=7, routed)           0.862    12.562    top/teaching_board_top/target/rd2serial/_GEN_87[62]
    SLICE_X41Y60         LUT4 (Prop_lut4_I3_O)        0.302    12.864 r  top/teaching_board_top/target/rd2serial/req_size[1]_i_84/O
                         net (fo=1, routed)           0.000    12.864    top/teaching_board_top/target/rd2serial/req_size[1]_i_84_n_0
    SLICE_X41Y60         CARRY4 (Prop_carry4_S[3]_CO[3])
                                                      0.401    13.265 r  top/teaching_board_top/target/rd2serial/req_size_reg[1]_i_45/CO[3]
                         net (fo=1, routed)           0.000    13.265    top/teaching_board_top/target/rd2serial/req_size_reg[1]_i_45_n_0
    SLICE_X41Y61         CARRY4 (Prop_carry4_CI_CO[0])
                                                      0.271    13.536 r  top/teaching_board_top/target/rd2serial/req_size_reg[1]_i_18/CO[0]
                         net (fo=163, routed)         1.036    14.572    top/teaching_board_top/target/rd2serial/_T_174
    SLICE_X37Y60         LUT3 (Prop_lut3_I1_O)        0.367    14.939 r  top/teaching_board_top/target/rd2serial/ram_mask_reg_0_1_0_5_i_155/O
                         net (fo=4, routed)           0.471    15.410    top/teaching_board_top/target/rd2serial/ram_mask_reg_0_1_0_5_i_155_n_0
    SLICE_X36Y60         LUT6 (Prop_lut6_I0_O)        0.326    15.736 r  top/teaching_board_top/target/rd2serial/ram_mask_reg_0_1_0_5_i_156/O
                         net (fo=2, routed)           0.463    16.199    top/teaching_board_top/target/rd2serial/ram_mask_reg_0_1_0_5_i_156_n_0
    SLICE_X36Y60         LUT6 (Prop_lut6_I5_O)        0.124    16.323 r  top/teaching_board_top/target/rd2serial/ram_mask_reg_0_1_0_5_i_106/O
                         net (fo=3, routed)           0.439    16.762    top/teaching_board_top/target/rd2serial/ram_mask_reg_0_1_0_5_i_106_n_0
    SLICE_X36Y61         LUT2 (Prop_lut2_I0_O)        0.124    16.886 r  top/teaching_board_top/target/rd2serial/ram_mask_reg_0_1_0_5_i_84/O
                         net (fo=5, routed)           0.605    17.491    top/teaching_board_top/target/rd2serial/ram_mask_reg_0_1_0_5_i_84_n_0
    SLICE_X38Y61         LUT5 (Prop_lut5_I4_O)        0.150    17.641 r  top/teaching_board_top/target/rd2serial/ram_mask_reg_0_1_0_5_i_93/O
                         net (fo=2, routed)           0.801    18.442    top/teaching_board_top/target/rd2serial/ram_mask_reg_0_1_0_5_i_93_n_0
    SLICE_X39Y62         LUT3 (Prop_lut3_I1_O)        0.376    18.818 r  top/teaching_board_top/target/rd2serial/ram_mask_reg_0_1_0_5_i_61/O
                         net (fo=2, routed)           0.803    19.621    top/teaching_board_top/target/rd2serial/ram_mask_reg_0_1_0_5_i_61_n_0
    SLICE_X41Y63         LUT5 (Prop_lut5_I3_O)        0.354    19.975 r  top/teaching_board_top/target/rd2serial/ram_mask_reg_0_1_0_5_i_63/O
                         net (fo=1, routed)           0.575    20.550    top/teaching_board_top/target/rd2serial/ram_mask_reg_0_1_0_5_i_63_n_0
    SLICE_X42Y61         LUT6 (Prop_lut6_I5_O)        0.332    20.882 r  top/teaching_board_top/target/rd2serial/ram_mask_reg_0_1_0_5_i_40/O
                         net (fo=1, routed)           0.000    20.882    top/teaching_board_top/target/rd2serial/ram_mask_reg_0_1_0_5_i_40_n_0
    SLICE_X42Y61         CARRY4 (Prop_carry4_S[2]_CO[3])
                                                      0.380    21.262 r  top/teaching_board_top/target/rd2serial/ram_mask_reg_0_1_0_5_i_27/CO[3]
                         net (fo=1, routed)           0.000    21.262    top/teaching_board_top/target/rd2serial/ram_mask_reg_0_1_0_5_i_27_n_0
    SLICE_X42Y62         CARRY4 (Prop_carry4_CI_CO[2])
                                                      0.229    21.491 r  top/teaching_board_top/target/rd2serial/ram_mask_reg_0_1_0_5_i_26/CO[2]
                         net (fo=1, routed)           0.411    21.902    top/teaching_board_top/target/rd2serial/_T_317[6]
    SLICE_X45Y61         LUT4 (Prop_lut4_I3_O)        0.310    22.212 r  top/teaching_board_top/target/rd2serial/ram_mask_reg_0_1_0_5_i_28/O
                         net (fo=1, routed)           0.641    22.853    top/teaching_board_top/target/rd2serial/ram_mask_reg_0_1_0_5_i_28_n_0
    SLICE_X45Y60         LUT4 (Prop_lut4_I3_O)        0.124    22.977 r  top/teaching_board_top/target/rd2serial/ram_mask_reg_0_1_0_5_i_20/O
                         net (fo=8, routed)           1.132    24.109    top/teaching_board_top/target/rd2serial/ram_mask_reg_0_1_0_5_i_20_n_0
    SLICE_X44Y40         LUT2 (Prop_lut2_I1_O)        0.124    24.233 f  top/teaching_board_top/target/rd2serial/req_address[2]_i_3/O
                         net (fo=6, routed)           0.587    24.820    top/teaching_board_top/target/rd2serial/addr_reg[2]_0
    SLICE_X41Y40         LUT4 (Prop_lut4_I2_O)        0.118    24.938 r  top/teaching_board_top/target/rd2serial/ram_mask_reg_0_1_0_5_i_29/O
                         net (fo=1, routed)           0.317    25.255    top/teaching_board_top/target/rd2serial/ram_mask_reg_0_1_0_5_i_29_n_0
    SLICE_X42Y39         LUT6 (Prop_lut6_I4_O)        0.326    25.581 r  top/teaching_board_top/target/rd2serial/ram_mask_reg_0_1_0_5_i_21/O
                         net (fo=2, routed)           0.305    25.885    top/teaching_board_top/target/rd2serial/ram_mask_reg_0_1_0_5_i_21_n_0
    SLICE_X43Y39         LUT6 (Prop_lut6_I0_O)        0.124    26.009 r  top/teaching_board_top/target/rd2serial/ram_mask_reg_0_1_0_5_i_10__0/O
                         net (fo=2, routed)           0.371    26.381    top/teaching_board_top/target/sbus/system_bus_xbar/rd2serial_auto_out_a_bits_mask[0]
    SLICE_X42Y39         LUT4 (Prop_lut4_I2_O)        0.124    26.505 r  top/teaching_board_top/target/sbus/system_bus_xbar/req_mask[0]_i_1/O
                         net (fo=2, routed)           0.979    27.483    top/teaching_board_top/target/backend/req_mask_reg[0]_0
    SLICE_X26Y39         LUT6 (Prop_lut6_I0_O)        0.124    27.607 r  top/teaching_board_top/target/backend/ram_mask_reg_0_7_0_5_i_2/O
                         net (fo=4, routed)           0.753    28.360    top/teaching_board_top/target/bh/TLBroadcastTracker/o_data/ram_mask_reg_0_7_0_5/DIA0
    SLICE_X22Y38         RAMD32                                       r  top/teaching_board_top/target/bh/TLBroadcastTracker/o_data/ram_mask_reg_0_7_0_5/RAMA/I
  -------------------------------------------------------------------    -------------------

                         (clock host_clk_i rise edge)
                                                     25.000    25.000 r  
    H16                                               0.000    25.000 r  clk (IN)
                         net (fo=0)                   0.000    25.000    clk
    H16                  IBUF (Prop_ibuf_I_O)         1.380    26.380 r  ibufg_gclk/O
                         net (fo=1, routed)           1.162    27.542    gclk_i
    MMCME2_ADV_X1Y2      MMCME2_ADV (Prop_mmcme2_adv_CLKIN1_CLKOUT0)
                                                      0.083    27.625 r  MMCME2_BASE_inst/CLKOUT0
                         net (fo=1, routed)           2.012    29.637    host_clk_i
    BUFGCTRL_X0Y16       BUFG (Prop_bufg_I_O)         0.091    29.728 r  bufg_host_clk/O
                         net (fo=7399, routed)        1.575    31.304    top/teaching_board_top/target/bh/TLBroadcastTracker/o_data/ram_mask_reg_0_7_0_5/WCLK
    SLICE_X22Y38         RAMD32                                       r  top/teaching_board_top/target/bh/TLBroadcastTracker/o_data/ram_mask_reg_0_7_0_5/RAMA/CLK
                         clock pessimism              0.517    31.821    
                         clock uncertainty           -0.082    31.739    
    SLICE_X22Y38         RAMD32 (Setup_ramd32_CLK_I)
                                                     -0.161    31.578    top/teaching_board_top/target/bh/TLBroadcastTracker/o_data/ram_mask_reg_0_7_0_5/RAMA
  -------------------------------------------------------------------
                         required time                         31.578    
                         arrival time                         -28.360    
  -------------------------------------------------------------------
                         slack                                  3.218    

Slack (MET) :             3.294ns  (required time - arrival time)
  Source:                 top/teaching_board_top/target/rd2serial/addr_reg[4]/C
                            (rising edge-triggered cell FDRE clocked by host_clk_i  {rise@0.000ns fall@12.500ns period=25.000ns})
  Destination:            top/teaching_board_top/target/bh/TLBroadcastTracker_3/o_data/ram_mask_reg_0_7_0_5/RAMC_D1/I
                            (rising edge-triggered cell RAMD32 clocked by host_clk_i  {rise@0.000ns fall@12.500ns period=25.000ns})
  Path Group:             host_clk_i
  Path Type:              Setup (Max at Slow Process Corner)
  Requirement:            25.000ns  (host_clk_i rise@25.000ns - host_clk_i rise@0.000ns)
  Data Path Delay:        21.399ns  (logic 8.820ns (41.218%)  route 12.579ns (58.782%))
  Logic Levels:           38  (CARRY4=20 LUT2=3 LUT3=2 LUT4=5 LUT5=3 LUT6=5)
  Clock Path Skew:        0.023ns (DCD - SCD + CPR)
    Destination Clock Delay (DCD):    6.306ns = ( 31.306 - 25.000 ) 
    Source Clock Delay      (SCD):    6.800ns
    Clock Pessimism Removal (CPR):    0.517ns
  Clock Uncertainty:      0.082ns  ((TSJ^2 + DJ^2)^1/2) / 2 + PE
    Total System Jitter     (TSJ):    0.071ns
    Discrete Jitter          (DJ):    0.147ns
    Phase Error              (PE):    0.000ns

    Location             Delay type                Incr(ns)  Path(ns)    Netlist Resource(s)
  -------------------------------------------------------------------    -------------------
                         (clock host_clk_i rise edge)
                                                      0.000     0.000 r  
    H16                                               0.000     0.000 r  clk (IN)
                         net (fo=0)                   0.000     0.000    clk
    H16                  IBUF (Prop_ibuf_I_O)         1.451     1.451 r  ibufg_gclk/O
                         net (fo=1, routed)           1.285     2.736    gclk_i
    MMCME2_ADV_X1Y2      MMCME2_ADV (Prop_mmcme2_adv_CLKIN1_CLKOUT0)
                                                      0.088     2.824 r  MMCME2_BASE_inst/CLKOUT0
                         net (fo=1, routed)           2.206     5.030    host_clk_i
    BUFGCTRL_X0Y16       BUFG (Prop_bufg_I_O)         0.101     5.131 r  bufg_host_clk/O
                         net (fo=7399, routed)        1.669     6.800    top/teaching_board_top/target/rd2serial/host_clk
    SLICE_X44Y47         FDRE                                         r  top/teaching_board_top/target/rd2serial/addr_reg[4]/C
  -------------------------------------------------------------------    -------------------
    SLICE_X44Y47         FDRE (Prop_fdre_C_Q)         0.456     7.256 r  top/teaching_board_top/target/rd2serial/addr_reg[4]/Q
                         net (fo=5, routed)           0.464     7.720    top/teaching_board_top/target/rd2serial/addr_reg[31]_0[1]
    SLICE_X43Y46         CARRY4 (Prop_carry4_S[0]_CO[3])
                                                      0.656     8.376 r  top/teaching_board_top/target/rd2serial/addr_reg[7]_i_2/CO[3]
                         net (fo=1, routed)           0.000     8.376    top/teaching_board_top/target/rd2serial/addr_reg[7]_i_2_n_0
    SLICE_X43Y47         CARRY4 (Prop_carry4_CI_CO[3])
                                                      0.114     8.490 r  top/teaching_board_top/target/rd2serial/addr_reg[11]_i_2/CO[3]
                         net (fo=1, routed)           0.000     8.490    top/teaching_board_top/target/rd2serial/addr_reg[11]_i_2_n_0
    SLICE_X43Y48         CARRY4 (Prop_carry4_CI_CO[3])
                                                      0.114     8.604 r  top/teaching_board_top/target/rd2serial/addr_reg[15]_i_2/CO[3]
                         net (fo=1, routed)           0.000     8.604    top/teaching_board_top/target/rd2serial/addr_reg[15]_i_2_n_0
    SLICE_X43Y49         CARRY4 (Prop_carry4_CI_CO[3])
                                                      0.114     8.718 r  top/teaching_board_top/target/rd2serial/addr_reg[19]_i_2/CO[3]
                         net (fo=1, routed)           0.001     8.719    top/teaching_board_top/target/rd2serial/addr_reg[19]_i_2_n_0
    SLICE_X43Y50         CARRY4 (Prop_carry4_CI_CO[3])
                                                      0.114     8.833 r  top/teaching_board_top/target/rd2serial/addr_reg[23]_i_2/CO[3]
                         net (fo=1, routed)           0.000     8.833    top/teaching_board_top/target/rd2serial/addr_reg[23]_i_2_n_0
    SLICE_X43Y51         CARRY4 (Prop_carry4_CI_O[1])
                                                      0.334     9.167 r  top/teaching_board_top/target/rd2serial/addr_reg[27]_i_2/O[1]
                         net (fo=3, routed)           0.529     9.696    top/teaching_board_top/target/rd2serial/_GEN_86[25]
    SLICE_X40Y52         LUT2 (Prop_lut2_I0_O)        0.303     9.999 r  top/teaching_board_top/target/rd2serial/ram_mask_reg_0_1_0_5_i_182/O
                         net (fo=1, routed)           0.000     9.999    top/teaching_board_top/target/rd2serial/ram_mask_reg_0_1_0_5_i_182_n_0
    SLICE_X40Y52         CARRY4 (Prop_carry4_S[1]_CO[3])
                                                      0.550    10.549 r  top/teaching_board_top/target/rd2serial/ram_mask_reg_0_1_0_5_i_122/CO[3]
                         net (fo=1, routed)           0.000    10.549    top/teaching_board_top/target/rd2serial/ram_mask_reg_0_1_0_5_i_122_n_0
    SLICE_X40Y53         CARRY4 (Prop_carry4_CI_CO[3])
                                                      0.114    10.663 r  top/teaching_board_top/target/rd2serial/ram_mask_reg_0_1_0_5_i_101/CO[3]
                         net (fo=1, routed)           0.000    10.663    top/teaching_board_top/target/rd2serial/ram_mask_reg_0_1_0_5_i_101_n_0
    SLICE_X40Y54         CARRY4 (Prop_carry4_CI_CO[3])
                                                      0.114    10.777 r  top/teaching_board_top/target/rd2serial/ram_mask_reg_0_1_0_5_i_105/CO[3]
                         net (fo=1, routed)           0.000    10.777    top/teaching_board_top/target/rd2serial/ram_mask_reg_0_1_0_5_i_105_n_0
    SLICE_X40Y55         CARRY4 (Prop_carry4_CI_CO[3])
                                                      0.114    10.891 r  top/teaching_board_top/target/rd2serial/req_size_reg[1]_i_64/CO[3]
                         net (fo=1, routed)           0.000    10.891    top/teaching_board_top/target/rd2serial/req_size_reg[1]_i_64_n_0
    SLICE_X40Y56         CARRY4 (Prop_carry4_CI_CO[3])
                                                      0.114    11.005 r  top/teaching_board_top/target/rd2serial/req_size_reg[1]_i_60/CO[3]
                         net (fo=1, routed)           0.000    11.005    top/teaching_board_top/target/rd2serial/req_size_reg[1]_i_60_n_0
    SLICE_X40Y57         CARRY4 (Prop_carry4_CI_CO[3])
                                                      0.114    11.119 r  top/teaching_board_top/target/rd2serial/req_size_reg[1]_i_59/CO[3]
                         net (fo=1, routed)           0.000    11.119    top/teaching_board_top/target/rd2serial/req_size_reg[1]_i_59_n_0
    SLICE_X40Y58         CARRY4 (Prop_carry4_CI_CO[3])
                                                      0.114    11.233 r  top/teaching_board_top/target/rd2serial/req_size_reg[1]_i_37/CO[3]
                         net (fo=1, routed)           0.000    11.233    top/teaching_board_top/target/rd2serial/req_size_reg[1]_i_37_n_0
    SLICE_X40Y59         CARRY4 (Prop_carry4_CI_CO[3])
                                                      0.114    11.347 r  top/teaching_board_top/target/rd2serial/req_size_reg[1]_i_34/CO[3]
                         net (fo=1, routed)           0.000    11.347    top/teaching_board_top/target/rd2serial/req_size_reg[1]_i_34_n_0
    SLICE_X40Y60         CARRY4 (Prop_carry4_CI_CO[3])
                                                      0.114    11.461 r  top/teaching_board_top/target/rd2serial/req_size_reg[1]_i_31/CO[3]
                         net (fo=1, routed)           0.000    11.461    top/teaching_board_top/target/rd2serial/req_size_reg[1]_i_31_n_0
    SLICE_X40Y61         CARRY4 (Prop_carry4_CI_O[2])
                                                      0.239    11.700 r  top/teaching_board_top/target/rd2serial/req_size_reg[1]_i_17/O[2]
                         net (fo=7, routed)           0.862    12.562    top/teaching_board_top/target/rd2serial/_GEN_87[62]
    SLICE_X41Y60         LUT4 (Prop_lut4_I3_O)        0.302    12.864 r  top/teaching_board_top/target/rd2serial/req_size[1]_i_84/O
                         net (fo=1, routed)           0.000    12.864    top/teaching_board_top/target/rd2serial/req_size[1]_i_84_n_0
    SLICE_X41Y60         CARRY4 (Prop_carry4_S[3]_CO[3])
                                                      0.401    13.265 r  top/teaching_board_top/target/rd2serial/req_size_reg[1]_i_45/CO[3]
                         net (fo=1, routed)           0.000    13.265    top/teaching_board_top/target/rd2serial/req_size_reg[1]_i_45_n_0
    SLICE_X41Y61         CARRY4 (Prop_carry4_CI_CO[0])
                                                      0.271    13.536 r  top/teaching_board_top/target/rd2serial/req_size_reg[1]_i_18/CO[0]
                         net (fo=163, routed)         1.036    14.572    top/teaching_board_top/target/rd2serial/_T_174
    SLICE_X37Y60         LUT3 (Prop_lut3_I1_O)        0.367    14.939 r  top/teaching_board_top/target/rd2serial/ram_mask_reg_0_1_0_5_i_155/O
                         net (fo=4, routed)           0.471    15.410    top/teaching_board_top/target/rd2serial/ram_mask_reg_0_1_0_5_i_155_n_0
    SLICE_X36Y60         LUT6 (Prop_lut6_I0_O)        0.326    15.736 r  top/teaching_board_top/target/rd2serial/ram_mask_reg_0_1_0_5_i_156/O
                         net (fo=2, routed)           0.463    16.199    top/teaching_board_top/target/rd2serial/ram_mask_reg_0_1_0_5_i_156_n_0
    SLICE_X36Y60         LUT6 (Prop_lut6_I5_O)        0.124    16.323 r  top/teaching_board_top/target/rd2serial/ram_mask_reg_0_1_0_5_i_106/O
                         net (fo=3, routed)           0.439    16.762    top/teaching_board_top/target/rd2serial/ram_mask_reg_0_1_0_5_i_106_n_0
    SLICE_X36Y61         LUT2 (Prop_lut2_I0_O)        0.124    16.886 r  top/teaching_board_top/target/rd2serial/ram_mask_reg_0_1_0_5_i_84/O
                         net (fo=5, routed)           0.605    17.491    top/teaching_board_top/target/rd2serial/ram_mask_reg_0_1_0_5_i_84_n_0
    SLICE_X38Y61         LUT5 (Prop_lut5_I4_O)        0.150    17.641 r  top/teaching_board_top/target/rd2serial/ram_mask_reg_0_1_0_5_i_93/O
                         net (fo=2, routed)           0.801    18.442    top/teaching_board_top/target/rd2serial/ram_mask_reg_0_1_0_5_i_93_n_0
    SLICE_X39Y62         LUT3 (Prop_lut3_I1_O)        0.376    18.818 r  top/teaching_board_top/target/rd2serial/ram_mask_reg_0_1_0_5_i_61/O
                         net (fo=2, routed)           0.803    19.621    top/teaching_board_top/target/rd2serial/ram_mask_reg_0_1_0_5_i_61_n_0
    SLICE_X41Y63         LUT5 (Prop_lut5_I3_O)        0.354    19.975 r  top/teaching_board_top/target/rd2serial/ram_mask_reg_0_1_0_5_i_63/O
                         net (fo=1, routed)           0.575    20.550    top/teaching_board_top/target/rd2serial/ram_mask_reg_0_1_0_5_i_63_n_0
    SLICE_X42Y61         LUT6 (Prop_lut6_I5_O)        0.332    20.882 r  top/teaching_board_top/target/rd2serial/ram_mask_reg_0_1_0_5_i_40/O
                         net (fo=1, routed)           0.000    20.882    top/teaching_board_top/target/rd2serial/ram_mask_reg_0_1_0_5_i_40_n_0
    SLICE_X42Y61         CARRY4 (Prop_carry4_S[2]_CO[3])
                                                      0.380    21.262 r  top/teaching_board_top/target/rd2serial/ram_mask_reg_0_1_0_5_i_27/CO[3]
                         net (fo=1, routed)           0.000    21.262    top/teaching_board_top/target/rd2serial/ram_mask_reg_0_1_0_5_i_27_n_0
    SLICE_X42Y62         CARRY4 (Prop_carry4_CI_CO[2])
                                                      0.229    21.491 f  top/teaching_board_top/target/rd2serial/ram_mask_reg_0_1_0_5_i_26/CO[2]
                         net (fo=1, routed)           0.411    21.902    top/teaching_board_top/target/rd2serial/_T_317[6]
    SLICE_X45Y61         LUT4 (Prop_lut4_I3_O)        0.310    22.212 f  top/teaching_board_top/target/rd2serial/ram_mask_reg_0_1_0_5_i_28/O
                         net (fo=1, routed)           0.641    22.853    top/teaching_board_top/target/rd2serial/ram_mask_reg_0_1_0_5_i_28_n_0
    SLICE_X45Y60         LUT4 (Prop_lut4_I3_O)        0.124    22.977 f  top/teaching_board_top/target/rd2serial/ram_mask_reg_0_1_0_5_i_20/O
                         net (fo=8, routed)           1.132    24.109    top/teaching_board_top/target/rd2serial/ram_mask_reg_0_1_0_5_i_20_n_0
    SLICE_X44Y40         LUT2 (Prop_lut2_I1_O)        0.124    24.233 r  top/teaching_board_top/target/rd2serial/req_address[2]_i_3/O
                         net (fo=6, routed)           0.587    24.820    top/teaching_board_top/target/rd2serial/addr_reg[2]_0
    SLICE_X41Y40         LUT5 (Prop_lut5_I1_O)        0.124    24.944 r  top/teaching_board_top/target/rd2serial/ram_mask_reg_0_1_0_5_i_25/O
                         net (fo=2, routed)           0.300    25.244    top/teaching_board_top/target/rd2serial/ram_mask_reg_0_1_0_5_i_25_n_0
    SLICE_X41Y40         LUT6 (Prop_lut6_I2_O)        0.124    25.368 r  top/teaching_board_top/target/rd2serial/ram_mask_reg_0_1_0_5_i_16/O
                         net (fo=2, routed)           1.037    26.405    top/teaching_board_top/target/sbus/system_bus_xbar/rd2serial_auto_out_a_bits_mask[5]
    SLICE_X27Y38         LUT4 (Prop_lut4_I2_O)        0.124    26.529 r  top/teaching_board_top/target/sbus/system_bus_xbar/req_mask[5]_i_1/O
                         net (fo=2, routed)           0.306    26.835    top/teaching_board_top/target/backend/req_mask_reg[5]_0
    SLICE_X24Y38         LUT6 (Prop_lut6_I5_O)        0.124    26.959 r  top/teaching_board_top/target/backend/ram_mask_reg_0_7_0_5_i_15/O
                         net (fo=1, routed)           0.488    27.447    top/teaching_board_top/target/backend/ram_mask_reg_0_7_0_5_i_15_n_0
    SLICE_X24Y38         LUT4 (Prop_lut4_I0_O)        0.124    27.571 r  top/teaching_board_top/target/backend/ram_mask_reg_0_7_0_5_i_5/O
                         net (fo=4, routed)           0.627    28.198    top/teaching_board_top/target/bh/TLBroadcastTracker_3/o_data/ram_mask_reg_0_7_0_5/DIC1
    SLICE_X20Y39         RAMD32                                       r  top/teaching_board_top/target/bh/TLBroadcastTracker_3/o_data/ram_mask_reg_0_7_0_5/RAMC_D1/I
  -------------------------------------------------------------------    -------------------

                         (clock host_clk_i rise edge)
                                                     25.000    25.000 r  
    H16                                               0.000    25.000 r  clk (IN)
                         net (fo=0)                   0.000    25.000    clk
    H16                  IBUF (Prop_ibuf_I_O)         1.380    26.380 r  ibufg_gclk/O
                         net (fo=1, routed)           1.162    27.542    gclk_i
    MMCME2_ADV_X1Y2      MMCME2_ADV (Prop_mmcme2_adv_CLKIN1_CLKOUT0)
                                                      0.083    27.625 r  MMCME2_BASE_inst/CLKOUT0
                         net (fo=1, routed)           2.012    29.637    host_clk_i
    BUFGCTRL_X0Y16       BUFG (Prop_bufg_I_O)         0.091    29.728 r  bufg_host_clk/O
                         net (fo=7399, routed)        1.577    31.306    top/teaching_board_top/target/bh/TLBroadcastTracker_3/o_data/ram_mask_reg_0_7_0_5/WCLK
    SLICE_X20Y39         RAMD32                                       r  top/teaching_board_top/target/bh/TLBroadcastTracker_3/o_data/ram_mask_reg_0_7_0_5/RAMC_D1/CLK
                         clock pessimism              0.517    31.823    
                         clock uncertainty           -0.082    31.741    
    SLICE_X20Y39         RAMD32 (Setup_ramd32_CLK_I)
                                                     -0.249    31.492    top/teaching_board_top/target/bh/TLBroadcastTracker_3/o_data/ram_mask_reg_0_7_0_5/RAMC_D1
  -------------------------------------------------------------------
                         required time                         31.492    
                         arrival time                         -28.198    
  -------------------------------------------------------------------
                         slack                                  3.294    

Slack (MET) :             3.299ns  (required time - arrival time)
  Source:                 top/teaching_board_top/target/rd2serial/addr_reg[4]/C
                            (rising edge-triggered cell FDRE clocked by host_clk_i  {rise@0.000ns fall@12.500ns period=25.000ns})
  Destination:            top/teaching_board_top/target/bh/TLBroadcastTracker_2/o_data/ram_mask_reg_0_7_0_5/RAMA/I
                            (rising edge-triggered cell RAMD32 clocked by host_clk_i  {rise@0.000ns fall@12.500ns period=25.000ns})
  Path Group:             host_clk_i
  Path Type:              Setup (Max at Slow Process Corner)
  Requirement:            25.000ns  (host_clk_i rise@25.000ns - host_clk_i rise@0.000ns)
  Data Path Delay:        21.478ns  (logic 9.016ns (41.978%)  route 12.462ns (58.022%))
  Logic Levels:           38  (CARRY4=20 LUT2=3 LUT3=2 LUT4=5 LUT5=2 LUT6=6)
  Clock Path Skew:        0.020ns (DCD - SCD + CPR)
    Destination Clock Delay (DCD):    6.303ns = ( 31.303 - 25.000 ) 
    Source Clock Delay      (SCD):    6.800ns
    Clock Pessimism Removal (CPR):    0.517ns
  Clock Uncertainty:      0.082ns  ((TSJ^2 + DJ^2)^1/2) / 2 + PE
    Total System Jitter     (TSJ):    0.071ns
    Discrete Jitter          (DJ):    0.147ns
    Phase Error              (PE):    0.000ns

    Location             Delay type                Incr(ns)  Path(ns)    Netlist Resource(s)
  -------------------------------------------------------------------    -------------------
                         (clock host_clk_i rise edge)
                                                      0.000     0.000 r  
    H16                                               0.000     0.000 r  clk (IN)
                         net (fo=0)                   0.000     0.000    clk
    H16                  IBUF (Prop_ibuf_I_O)         1.451     1.451 r  ibufg_gclk/O
                         net (fo=1, routed)           1.285     2.736    gclk_i
    MMCME2_ADV_X1Y2      MMCME2_ADV (Prop_mmcme2_adv_CLKIN1_CLKOUT0)
                                                      0.088     2.824 r  MMCME2_BASE_inst/CLKOUT0
                         net (fo=1, routed)           2.206     5.030    host_clk_i
    BUFGCTRL_X0Y16       BUFG (Prop_bufg_I_O)         0.101     5.131 r  bufg_host_clk/O
                         net (fo=7399, routed)        1.669     6.800    top/teaching_board_top/target/rd2serial/host_clk
    SLICE_X44Y47         FDRE                                         r  top/teaching_board_top/target/rd2serial/addr_reg[4]/C
  -------------------------------------------------------------------    -------------------
    SLICE_X44Y47         FDRE (Prop_fdre_C_Q)         0.456     7.256 r  top/teaching_board_top/target/rd2serial/addr_reg[4]/Q
                         net (fo=5, routed)           0.464     7.720    top/teaching_board_top/target/rd2serial/addr_reg[31]_0[1]
    SLICE_X43Y46         CARRY4 (Prop_carry4_S[0]_CO[3])
                                                      0.656     8.376 r  top/teaching_board_top/target/rd2serial/addr_reg[7]_i_2/CO[3]
                         net (fo=1, routed)           0.000     8.376    top/teaching_board_top/target/rd2serial/addr_reg[7]_i_2_n_0
    SLICE_X43Y47         CARRY4 (Prop_carry4_CI_CO[3])
                                                      0.114     8.490 r  top/teaching_board_top/target/rd2serial/addr_reg[11]_i_2/CO[3]
                         net (fo=1, routed)           0.000     8.490    top/teaching_board_top/target/rd2serial/addr_reg[11]_i_2_n_0
    SLICE_X43Y48         CARRY4 (Prop_carry4_CI_CO[3])
                                                      0.114     8.604 r  top/teaching_board_top/target/rd2serial/addr_reg[15]_i_2/CO[3]
                         net (fo=1, routed)           0.000     8.604    top/teaching_board_top/target/rd2serial/addr_reg[15]_i_2_n_0
    SLICE_X43Y49         CARRY4 (Prop_carry4_CI_CO[3])
                                                      0.114     8.718 r  top/teaching_board_top/target/rd2serial/addr_reg[19]_i_2/CO[3]
                         net (fo=1, routed)           0.001     8.719    top/teaching_board_top/target/rd2serial/addr_reg[19]_i_2_n_0
    SLICE_X43Y50         CARRY4 (Prop_carry4_CI_CO[3])
                                                      0.114     8.833 r  top/teaching_board_top/target/rd2serial/addr_reg[23]_i_2/CO[3]
                         net (fo=1, routed)           0.000     8.833    top/teaching_board_top/target/rd2serial/addr_reg[23]_i_2_n_0
    SLICE_X43Y51         CARRY4 (Prop_carry4_CI_O[1])
                                                      0.334     9.167 r  top/teaching_board_top/target/rd2serial/addr_reg[27]_i_2/O[1]
                         net (fo=3, routed)           0.529     9.696    top/teaching_board_top/target/rd2serial/_GEN_86[25]
    SLICE_X40Y52         LUT2 (Prop_lut2_I0_O)        0.303     9.999 r  top/teaching_board_top/target/rd2serial/ram_mask_reg_0_1_0_5_i_182/O
                         net (fo=1, routed)           0.000     9.999    top/teaching_board_top/target/rd2serial/ram_mask_reg_0_1_0_5_i_182_n_0
    SLICE_X40Y52         CARRY4 (Prop_carry4_S[1]_CO[3])
                                                      0.550    10.549 r  top/teaching_board_top/target/rd2serial/ram_mask_reg_0_1_0_5_i_122/CO[3]
                         net (fo=1, routed)           0.000    10.549    top/teaching_board_top/target/rd2serial/ram_mask_reg_0_1_0_5_i_122_n_0
    SLICE_X40Y53         CARRY4 (Prop_carry4_CI_CO[3])
                                                      0.114    10.663 r  top/teaching_board_top/target/rd2serial/ram_mask_reg_0_1_0_5_i_101/CO[3]
                         net (fo=1, routed)           0.000    10.663    top/teaching_board_top/target/rd2serial/ram_mask_reg_0_1_0_5_i_101_n_0
    SLICE_X40Y54         CARRY4 (Prop_carry4_CI_CO[3])
                                                      0.114    10.777 r  top/teaching_board_top/target/rd2serial/ram_mask_reg_0_1_0_5_i_105/CO[3]
                         net (fo=1, routed)           0.000    10.777    top/teaching_board_top/target/rd2serial/ram_mask_reg_0_1_0_5_i_105_n_0
    SLICE_X40Y55         CARRY4 (Prop_carry4_CI_CO[3])
                                                      0.114    10.891 r  top/teaching_board_top/target/rd2serial/req_size_reg[1]_i_64/CO[3]
                         net (fo=1, routed)           0.000    10.891    top/teaching_board_top/target/rd2serial/req_size_reg[1]_i_64_n_0
    SLICE_X40Y56         CARRY4 (Prop_carry4_CI_CO[3])
                                                      0.114    11.005 r  top/teaching_board_top/target/rd2serial/req_size_reg[1]_i_60/CO[3]
                         net (fo=1, routed)           0.000    11.005    top/teaching_board_top/target/rd2serial/req_size_reg[1]_i_60_n_0
    SLICE_X40Y57         CARRY4 (Prop_carry4_CI_CO[3])
                                                      0.114    11.119 r  top/teaching_board_top/target/rd2serial/req_size_reg[1]_i_59/CO[3]
                         net (fo=1, routed)           0.000    11.119    top/teaching_board_top/target/rd2serial/req_size_reg[1]_i_59_n_0
    SLICE_X40Y58         CARRY4 (Prop_carry4_CI_CO[3])
                                                      0.114    11.233 r  top/teaching_board_top/target/rd2serial/req_size_reg[1]_i_37/CO[3]
                         net (fo=1, routed)           0.000    11.233    top/teaching_board_top/target/rd2serial/req_size_reg[1]_i_37_n_0
    SLICE_X40Y59         CARRY4 (Prop_carry4_CI_CO[3])
                                                      0.114    11.347 r  top/teaching_board_top/target/rd2serial/req_size_reg[1]_i_34/CO[3]
                         net (fo=1, routed)           0.000    11.347    top/teaching_board_top/target/rd2serial/req_size_reg[1]_i_34_n_0
    SLICE_X40Y60         CARRY4 (Prop_carry4_CI_CO[3])
                                                      0.114    11.461 r  top/teaching_board_top/target/rd2serial/req_size_reg[1]_i_31/CO[3]
                         net (fo=1, routed)           0.000    11.461    top/teaching_board_top/target/rd2serial/req_size_reg[1]_i_31_n_0
    SLICE_X40Y61         CARRY4 (Prop_carry4_CI_O[2])
                                                      0.239    11.700 r  top/teaching_board_top/target/rd2serial/req_size_reg[1]_i_17/O[2]
                         net (fo=7, routed)           0.862    12.562    top/teaching_board_top/target/rd2serial/_GEN_87[62]
    SLICE_X41Y60         LUT4 (Prop_lut4_I3_O)        0.302    12.864 r  top/teaching_board_top/target/rd2serial/req_size[1]_i_84/O
                         net (fo=1, routed)           0.000    12.864    top/teaching_board_top/target/rd2serial/req_size[1]_i_84_n_0
    SLICE_X41Y60         CARRY4 (Prop_carry4_S[3]_CO[3])
                                                      0.401    13.265 r  top/teaching_board_top/target/rd2serial/req_size_reg[1]_i_45/CO[3]
                         net (fo=1, routed)           0.000    13.265    top/teaching_board_top/target/rd2serial/req_size_reg[1]_i_45_n_0
    SLICE_X41Y61         CARRY4 (Prop_carry4_CI_CO[0])
                                                      0.271    13.536 r  top/teaching_board_top/target/rd2serial/req_size_reg[1]_i_18/CO[0]
                         net (fo=163, routed)         1.036    14.572    top/teaching_board_top/target/rd2serial/_T_174
    SLICE_X37Y60         LUT3 (Prop_lut3_I1_O)        0.367    14.939 r  top/teaching_board_top/target/rd2serial/ram_mask_reg_0_1_0_5_i_155/O
                         net (fo=4, routed)           0.471    15.410    top/teaching_board_top/target/rd2serial/ram_mask_reg_0_1_0_5_i_155_n_0
    SLICE_X36Y60         LUT6 (Prop_lut6_I0_O)        0.326    15.736 r  top/teaching_board_top/target/rd2serial/ram_mask_reg_0_1_0_5_i_156/O
                         net (fo=2, routed)           0.463    16.199    top/teaching_board_top/target/rd2serial/ram_mask_reg_0_1_0_5_i_156_n_0
    SLICE_X36Y60         LUT6 (Prop_lut6_I5_O)        0.124    16.323 r  top/teaching_board_top/target/rd2serial/ram_mask_reg_0_1_0_5_i_106/O
                         net (fo=3, routed)           0.439    16.762    top/teaching_board_top/target/rd2serial/ram_mask_reg_0_1_0_5_i_106_n_0
    SLICE_X36Y61         LUT2 (Prop_lut2_I0_O)        0.124    16.886 r  top/teaching_board_top/target/rd2serial/ram_mask_reg_0_1_0_5_i_84/O
                         net (fo=5, routed)           0.605    17.491    top/teaching_board_top/target/rd2serial/ram_mask_reg_0_1_0_5_i_84_n_0
    SLICE_X38Y61         LUT5 (Prop_lut5_I4_O)        0.150    17.641 r  top/teaching_board_top/target/rd2serial/ram_mask_reg_0_1_0_5_i_93/O
                         net (fo=2, routed)           0.801    18.442    top/teaching_board_top/target/rd2serial/ram_mask_reg_0_1_0_5_i_93_n_0
    SLICE_X39Y62         LUT3 (Prop_lut3_I1_O)        0.376    18.818 r  top/teaching_board_top/target/rd2serial/ram_mask_reg_0_1_0_5_i_61/O
                         net (fo=2, routed)           0.803    19.621    top/teaching_board_top/target/rd2serial/ram_mask_reg_0_1_0_5_i_61_n_0
    SLICE_X41Y63         LUT5 (Prop_lut5_I3_O)        0.354    19.975 r  top/teaching_board_top/target/rd2serial/ram_mask_reg_0_1_0_5_i_63/O
                         net (fo=1, routed)           0.575    20.550    top/teaching_board_top/target/rd2serial/ram_mask_reg_0_1_0_5_i_63_n_0
    SLICE_X42Y61         LUT6 (Prop_lut6_I5_O)        0.332    20.882 r  top/teaching_board_top/target/rd2serial/ram_mask_reg_0_1_0_5_i_40/O
                         net (fo=1, routed)           0.000    20.882    top/teaching_board_top/target/rd2serial/ram_mask_reg_0_1_0_5_i_40_n_0
    SLICE_X42Y61         CARRY4 (Prop_carry4_S[2]_CO[3])
                                                      0.380    21.262 r  top/teaching_board_top/target/rd2serial/ram_mask_reg_0_1_0_5_i_27/CO[3]
                         net (fo=1, routed)           0.000    21.262    top/teaching_board_top/target/rd2serial/ram_mask_reg_0_1_0_5_i_27_n_0
    SLICE_X42Y62         CARRY4 (Prop_carry4_CI_CO[2])
                                                      0.229    21.491 r  top/teaching_board_top/target/rd2serial/ram_mask_reg_0_1_0_5_i_26/CO[2]
                         net (fo=1, routed)           0.411    21.902    top/teaching_board_top/target/rd2serial/_T_317[6]
    SLICE_X45Y61         LUT4 (Prop_lut4_I3_O)        0.310    22.212 r  top/teaching_board_top/target/rd2serial/ram_mask_reg_0_1_0_5_i_28/O
                         net (fo=1, routed)           0.641    22.853    top/teaching_board_top/target/rd2serial/ram_mask_reg_0_1_0_5_i_28_n_0
    SLICE_X45Y60         LUT4 (Prop_lut4_I3_O)        0.124    22.977 r  top/teaching_board_top/target/rd2serial/ram_mask_reg_0_1_0_5_i_20/O
                         net (fo=8, routed)           1.132    24.109    top/teaching_board_top/target/rd2serial/ram_mask_reg_0_1_0_5_i_20_n_0
    SLICE_X44Y40         LUT2 (Prop_lut2_I1_O)        0.124    24.233 f  top/teaching_board_top/target/rd2serial/req_address[2]_i_3/O
                         net (fo=6, routed)           0.587    24.820    top/teaching_board_top/target/rd2serial/addr_reg[2]_0
    SLICE_X41Y40         LUT4 (Prop_lut4_I2_O)        0.118    24.938 r  top/teaching_board_top/target/rd2serial/ram_mask_reg_0_1_0_5_i_29/O
                         net (fo=1, routed)           0.317    25.255    top/teaching_board_top/target/rd2serial/ram_mask_reg_0_1_0_5_i_29_n_0
    SLICE_X42Y39         LUT6 (Prop_lut6_I4_O)        0.326    25.581 r  top/teaching_board_top/target/rd2serial/ram_mask_reg_0_1_0_5_i_21/O
                         net (fo=2, routed)           0.305    25.885    top/teaching_board_top/target/rd2serial/ram_mask_reg_0_1_0_5_i_21_n_0
    SLICE_X43Y39         LUT6 (Prop_lut6_I0_O)        0.124    26.009 r  top/teaching_board_top/target/rd2serial/ram_mask_reg_0_1_0_5_i_10__0/O
                         net (fo=2, routed)           0.371    26.381    top/teaching_board_top/target/sbus/system_bus_xbar/rd2serial_auto_out_a_bits_mask[0]
    SLICE_X42Y39         LUT4 (Prop_lut4_I2_O)        0.124    26.505 r  top/teaching_board_top/target/sbus/system_bus_xbar/req_mask[0]_i_1/O
                         net (fo=2, routed)           0.979    27.483    top/teaching_board_top/target/backend/req_mask_reg[0]_0
    SLICE_X26Y39         LUT6 (Prop_lut6_I0_O)        0.124    27.607 r  top/teaching_board_top/target/backend/ram_mask_reg_0_7_0_5_i_2/O
                         net (fo=4, routed)           0.670    28.278    top/teaching_board_top/target/bh/TLBroadcastTracker_2/o_data/ram_mask_reg_0_7_0_5/DIA0
    SLICE_X22Y37         RAMD32                                       r  top/teaching_board_top/target/bh/TLBroadcastTracker_2/o_data/ram_mask_reg_0_7_0_5/RAMA/I
  -------------------------------------------------------------------    -------------------

                         (clock host_clk_i rise edge)
                                                     25.000    25.000 r  
    H16                                               0.000    25.000 r  clk (IN)
                         net (fo=0)                   0.000    25.000    clk
    H16                  IBUF (Prop_ibuf_I_O)         1.380    26.380 r  ibufg_gclk/O
                         net (fo=1, routed)           1.162    27.542    gclk_i
    MMCME2_ADV_X1Y2      MMCME2_ADV (Prop_mmcme2_adv_CLKIN1_CLKOUT0)
                                                      0.083    27.625 r  MMCME2_BASE_inst/CLKOUT0
                         net (fo=1, routed)           2.012    29.637    host_clk_i
    BUFGCTRL_X0Y16       BUFG (Prop_bufg_I_O)         0.091    29.728 r  bufg_host_clk/O
                         net (fo=7399, routed)        1.574    31.303    top/teaching_board_top/target/bh/TLBroadcastTracker_2/o_data/ram_mask_reg_0_7_0_5/WCLK
    SLICE_X22Y37         RAMD32                                       r  top/teaching_board_top/target/bh/TLBroadcastTracker_2/o_data/ram_mask_reg_0_7_0_5/RAMA/CLK
                         clock pessimism              0.517    31.820    
                         clock uncertainty           -0.082    31.738    
    SLICE_X22Y37         RAMD32 (Setup_ramd32_CLK_I)
                                                     -0.161    31.577    top/teaching_board_top/target/bh/TLBroadcastTracker_2/o_data/ram_mask_reg_0_7_0_5/RAMA
  -------------------------------------------------------------------
                         required time                         31.577    
                         arrival time                         -28.278    
  -------------------------------------------------------------------
                         slack                                  3.299    

Slack (MET) :             3.327ns  (required time - arrival time)
  Source:                 top/teaching_board_top/target/rd2serial/addr_reg[4]/C
                            (rising edge-triggered cell FDRE clocked by host_clk_i  {rise@0.000ns fall@12.500ns period=25.000ns})
  Destination:            top/teaching_board_top/target/bh/TLBroadcastTracker_2/o_data/ram_mask_reg_0_7_0_5/RAMC_D1/I
                            (rising edge-triggered cell RAMD32 clocked by host_clk_i  {rise@0.000ns fall@12.500ns period=25.000ns})
  Path Group:             host_clk_i
  Path Type:              Setup (Max at Slow Process Corner)
  Requirement:            25.000ns  (host_clk_i rise@25.000ns - host_clk_i rise@0.000ns)
  Data Path Delay:        21.363ns  (logic 8.820ns (41.287%)  route 12.543ns (58.713%))
  Logic Levels:           38  (CARRY4=20 LUT2=3 LUT3=2 LUT4=5 LUT5=3 LUT6=5)
  Clock Path Skew:        0.020ns (DCD - SCD + CPR)
    Destination Clock Delay (DCD):    6.303ns = ( 31.303 - 25.000 ) 
    Source Clock Delay      (SCD):    6.800ns
    Clock Pessimism Removal (CPR):    0.517ns
  Clock Uncertainty:      0.082ns  ((TSJ^2 + DJ^2)^1/2) / 2 + PE
    Total System Jitter     (TSJ):    0.071ns
    Discrete Jitter          (DJ):    0.147ns
    Phase Error              (PE):    0.000ns

    Location             Delay type                Incr(ns)  Path(ns)    Netlist Resource(s)
  -------------------------------------------------------------------    -------------------
                         (clock host_clk_i rise edge)
                                                      0.000     0.000 r  
    H16                                               0.000     0.000 r  clk (IN)
                         net (fo=0)                   0.000     0.000    clk
    H16                  IBUF (Prop_ibuf_I_O)         1.451     1.451 r  ibufg_gclk/O
                         net (fo=1, routed)           1.285     2.736    gclk_i
    MMCME2_ADV_X1Y2      MMCME2_ADV (Prop_mmcme2_adv_CLKIN1_CLKOUT0)
                                                      0.088     2.824 r  MMCME2_BASE_inst/CLKOUT0
                         net (fo=1, routed)           2.206     5.030    host_clk_i
    BUFGCTRL_X0Y16       BUFG (Prop_bufg_I_O)         0.101     5.131 r  bufg_host_clk/O
                         net (fo=7399, routed)        1.669     6.800    top/teaching_board_top/target/rd2serial/host_clk
    SLICE_X44Y47         FDRE                                         r  top/teaching_board_top/target/rd2serial/addr_reg[4]/C
  -------------------------------------------------------------------    -------------------
    SLICE_X44Y47         FDRE (Prop_fdre_C_Q)         0.456     7.256 r  top/teaching_board_top/target/rd2serial/addr_reg[4]/Q
                         net (fo=5, routed)           0.464     7.720    top/teaching_board_top/target/rd2serial/addr_reg[31]_0[1]
    SLICE_X43Y46         CARRY4 (Prop_carry4_S[0]_CO[3])
                                                      0.656     8.376 r  top/teaching_board_top/target/rd2serial/addr_reg[7]_i_2/CO[3]
                         net (fo=1, routed)           0.000     8.376    top/teaching_board_top/target/rd2serial/addr_reg[7]_i_2_n_0
    SLICE_X43Y47         CARRY4 (Prop_carry4_CI_CO[3])
                                                      0.114     8.490 r  top/teaching_board_top/target/rd2serial/addr_reg[11]_i_2/CO[3]
                         net (fo=1, routed)           0.000     8.490    top/teaching_board_top/target/rd2serial/addr_reg[11]_i_2_n_0
    SLICE_X43Y48         CARRY4 (Prop_carry4_CI_CO[3])
                                                      0.114     8.604 r  top/teaching_board_top/target/rd2serial/addr_reg[15]_i_2/CO[3]
                         net (fo=1, routed)           0.000     8.604    top/teaching_board_top/target/rd2serial/addr_reg[15]_i_2_n_0
    SLICE_X43Y49         CARRY4 (Prop_carry4_CI_CO[3])
                                                      0.114     8.718 r  top/teaching_board_top/target/rd2serial/addr_reg[19]_i_2/CO[3]
                         net (fo=1, routed)           0.001     8.719    top/teaching_board_top/target/rd2serial/addr_reg[19]_i_2_n_0
    SLICE_X43Y50         CARRY4 (Prop_carry4_CI_CO[3])
                                                      0.114     8.833 r  top/teaching_board_top/target/rd2serial/addr_reg[23]_i_2/CO[3]
                         net (fo=1, routed)           0.000     8.833    top/teaching_board_top/target/rd2serial/addr_reg[23]_i_2_n_0
    SLICE_X43Y51         CARRY4 (Prop_carry4_CI_O[1])
                                                      0.334     9.167 r  top/teaching_board_top/target/rd2serial/addr_reg[27]_i_2/O[1]
                         net (fo=3, routed)           0.529     9.696    top/teaching_board_top/target/rd2serial/_GEN_86[25]
    SLICE_X40Y52         LUT2 (Prop_lut2_I0_O)        0.303     9.999 r  top/teaching_board_top/target/rd2serial/ram_mask_reg_0_1_0_5_i_182/O
                         net (fo=1, routed)           0.000     9.999    top/teaching_board_top/target/rd2serial/ram_mask_reg_0_1_0_5_i_182_n_0
    SLICE_X40Y52         CARRY4 (Prop_carry4_S[1]_CO[3])
                                                      0.550    10.549 r  top/teaching_board_top/target/rd2serial/ram_mask_reg_0_1_0_5_i_122/CO[3]
                         net (fo=1, routed)           0.000    10.549    top/teaching_board_top/target/rd2serial/ram_mask_reg_0_1_0_5_i_122_n_0
    SLICE_X40Y53         CARRY4 (Prop_carry4_CI_CO[3])
                                                      0.114    10.663 r  top/teaching_board_top/target/rd2serial/ram_mask_reg_0_1_0_5_i_101/CO[3]
                         net (fo=1, routed)           0.000    10.663    top/teaching_board_top/target/rd2serial/ram_mask_reg_0_1_0_5_i_101_n_0
    SLICE_X40Y54         CARRY4 (Prop_carry4_CI_CO[3])
                                                      0.114    10.777 r  top/teaching_board_top/target/rd2serial/ram_mask_reg_0_1_0_5_i_105/CO[3]
                         net (fo=1, routed)           0.000    10.777    top/teaching_board_top/target/rd2serial/ram_mask_reg_0_1_0_5_i_105_n_0
    SLICE_X40Y55         CARRY4 (Prop_carry4_CI_CO[3])
                                                      0.114    10.891 r  top/teaching_board_top/target/rd2serial/req_size_reg[1]_i_64/CO[3]
                         net (fo=1, routed)           0.000    10.891    top/teaching_board_top/target/rd2serial/req_size_reg[1]_i_64_n_0
    SLICE_X40Y56         CARRY4 (Prop_carry4_CI_CO[3])
                                                      0.114    11.005 r  top/teaching_board_top/target/rd2serial/req_size_reg[1]_i_60/CO[3]
                         net (fo=1, routed)           0.000    11.005    top/teaching_board_top/target/rd2serial/req_size_reg[1]_i_60_n_0
    SLICE_X40Y57         CARRY4 (Prop_carry4_CI_CO[3])
                                                      0.114    11.119 r  top/teaching_board_top/target/rd2serial/req_size_reg[1]_i_59/CO[3]
                         net (fo=1, routed)           0.000    11.119    top/teaching_board_top/target/rd2serial/req_size_reg[1]_i_59_n_0
    SLICE_X40Y58         CARRY4 (Prop_carry4_CI_CO[3])
                                                      0.114    11.233 r  top/teaching_board_top/target/rd2serial/req_size_reg[1]_i_37/CO[3]
                         net (fo=1, routed)           0.000    11.233    top/teaching_board_top/target/rd2serial/req_size_reg[1]_i_37_n_0
    SLICE_X40Y59         CARRY4 (Prop_carry4_CI_CO[3])
                                                      0.114    11.347 r  top/teaching_board_top/target/rd2serial/req_size_reg[1]_i_34/CO[3]
                         net (fo=1, routed)           0.000    11.347    top/teaching_board_top/target/rd2serial/req_size_reg[1]_i_34_n_0
    SLICE_X40Y60         CARRY4 (Prop_carry4_CI_CO[3])
                                                      0.114    11.461 r  top/teaching_board_top/target/rd2serial/req_size_reg[1]_i_31/CO[3]
                         net (fo=1, routed)           0.000    11.461    top/teaching_board_top/target/rd2serial/req_size_reg[1]_i_31_n_0
    SLICE_X40Y61         CARRY4 (Prop_carry4_CI_O[2])
                                                      0.239    11.700 r  top/teaching_board_top/target/rd2serial/req_size_reg[1]_i_17/O[2]
                         net (fo=7, routed)           0.862    12.562    top/teaching_board_top/target/rd2serial/_GEN_87[62]
    SLICE_X41Y60         LUT4 (Prop_lut4_I3_O)        0.302    12.864 r  top/teaching_board_top/target/rd2serial/req_size[1]_i_84/O
                         net (fo=1, routed)           0.000    12.864    top/teaching_board_top/target/rd2serial/req_size[1]_i_84_n_0
    SLICE_X41Y60         CARRY4 (Prop_carry4_S[3]_CO[3])
                                                      0.401    13.265 r  top/teaching_board_top/target/rd2serial/req_size_reg[1]_i_45/CO[3]
                         net (fo=1, routed)           0.000    13.265    top/teaching_board_top/target/rd2serial/req_size_reg[1]_i_45_n_0
    SLICE_X41Y61         CARRY4 (Prop_carry4_CI_CO[0])
                                                      0.271    13.536 r  top/teaching_board_top/target/rd2serial/req_size_reg[1]_i_18/CO[0]
                         net (fo=163, routed)         1.036    14.572    top/teaching_board_top/target/rd2serial/_T_174
    SLICE_X37Y60         LUT3 (Prop_lut3_I1_O)        0.367    14.939 r  top/teaching_board_top/target/rd2serial/ram_mask_reg_0_1_0_5_i_155/O
                         net (fo=4, routed)           0.471    15.410    top/teaching_board_top/target/rd2serial/ram_mask_reg_0_1_0_5_i_155_n_0
    SLICE_X36Y60         LUT6 (Prop_lut6_I0_O)        0.326    15.736 r  top/teaching_board_top/target/rd2serial/ram_mask_reg_0_1_0_5_i_156/O
                         net (fo=2, routed)           0.463    16.199    top/teaching_board_top/target/rd2serial/ram_mask_reg_0_1_0_5_i_156_n_0
    SLICE_X36Y60         LUT6 (Prop_lut6_I5_O)        0.124    16.323 r  top/teaching_board_top/target/rd2serial/ram_mask_reg_0_1_0_5_i_106/O
                         net (fo=3, routed)           0.439    16.762    top/teaching_board_top/target/rd2serial/ram_mask_reg_0_1_0_5_i_106_n_0
    SLICE_X36Y61         LUT2 (Prop_lut2_I0_O)        0.124    16.886 r  top/teaching_board_top/target/rd2serial/ram_mask_reg_0_1_0_5_i_84/O
                         net (fo=5, routed)           0.605    17.491    top/teaching_board_top/target/rd2serial/ram_mask_reg_0_1_0_5_i_84_n_0
    SLICE_X38Y61         LUT5 (Prop_lut5_I4_O)        0.150    17.641 r  top/teaching_board_top/target/rd2serial/ram_mask_reg_0_1_0_5_i_93/O
                         net (fo=2, routed)           0.801    18.442    top/teaching_board_top/target/rd2serial/ram_mask_reg_0_1_0_5_i_93_n_0
    SLICE_X39Y62         LUT3 (Prop_lut3_I1_O)        0.376    18.818 r  top/teaching_board_top/target/rd2serial/ram_mask_reg_0_1_0_5_i_61/O
                         net (fo=2, routed)           0.803    19.621    top/teaching_board_top/target/rd2serial/ram_mask_reg_0_1_0_5_i_61_n_0
    SLICE_X41Y63         LUT5 (Prop_lut5_I3_O)        0.354    19.975 r  top/teaching_board_top/target/rd2serial/ram_mask_reg_0_1_0_5_i_63/O
                         net (fo=1, routed)           0.575    20.550    top/teaching_board_top/target/rd2serial/ram_mask_reg_0_1_0_5_i_63_n_0
    SLICE_X42Y61         LUT6 (Prop_lut6_I5_O)        0.332    20.882 r  top/teaching_board_top/target/rd2serial/ram_mask_reg_0_1_0_5_i_40/O
                         net (fo=1, routed)           0.000    20.882    top/teaching_board_top/target/rd2serial/ram_mask_reg_0_1_0_5_i_40_n_0
    SLICE_X42Y61         CARRY4 (Prop_carry4_S[2]_CO[3])
                                                      0.380    21.262 r  top/teaching_board_top/target/rd2serial/ram_mask_reg_0_1_0_5_i_27/CO[3]
                         net (fo=1, routed)           0.000    21.262    top/teaching_board_top/target/rd2serial/ram_mask_reg_0_1_0_5_i_27_n_0
    SLICE_X42Y62         CARRY4 (Prop_carry4_CI_CO[2])
                                                      0.229    21.491 f  top/teaching_board_top/target/rd2serial/ram_mask_reg_0_1_0_5_i_26/CO[2]
                         net (fo=1, routed)           0.411    21.902    top/teaching_board_top/target/rd2serial/_T_317[6]
    SLICE_X45Y61         LUT4 (Prop_lut4_I3_O)        0.310    22.212 f  top/teaching_board_top/target/rd2serial/ram_mask_reg_0_1_0_5_i_28/O
                         net (fo=1, routed)           0.641    22.853    top/teaching_board_top/target/rd2serial/ram_mask_reg_0_1_0_5_i_28_n_0
    SLICE_X45Y60         LUT4 (Prop_lut4_I3_O)        0.124    22.977 f  top/teaching_board_top/target/rd2serial/ram_mask_reg_0_1_0_5_i_20/O
                         net (fo=8, routed)           1.132    24.109    top/teaching_board_top/target/rd2serial/ram_mask_reg_0_1_0_5_i_20_n_0
    SLICE_X44Y40         LUT2 (Prop_lut2_I1_O)        0.124    24.233 r  top/teaching_board_top/target/rd2serial/req_address[2]_i_3/O
                         net (fo=6, routed)           0.587    24.820    top/teaching_board_top/target/rd2serial/addr_reg[2]_0
    SLICE_X41Y40         LUT5 (Prop_lut5_I1_O)        0.124    24.944 r  top/teaching_board_top/target/rd2serial/ram_mask_reg_0_1_0_5_i_25/O
                         net (fo=2, routed)           0.300    25.244    top/teaching_board_top/target/rd2serial/ram_mask_reg_0_1_0_5_i_25_n_0
    SLICE_X41Y40         LUT6 (Prop_lut6_I2_O)        0.124    25.368 r  top/teaching_board_top/target/rd2serial/ram_mask_reg_0_1_0_5_i_16/O
                         net (fo=2, routed)           1.037    26.405    top/teaching_board_top/target/sbus/system_bus_xbar/rd2serial_auto_out_a_bits_mask[5]
    SLICE_X27Y38         LUT4 (Prop_lut4_I2_O)        0.124    26.529 r  top/teaching_board_top/target/sbus/system_bus_xbar/req_mask[5]_i_1/O
                         net (fo=2, routed)           0.306    26.835    top/teaching_board_top/target/backend/req_mask_reg[5]_0
    SLICE_X24Y38         LUT6 (Prop_lut6_I5_O)        0.124    26.959 r  top/teaching_board_top/target/backend/ram_mask_reg_0_7_0_5_i_15/O
                         net (fo=1, routed)           0.488    27.447    top/teaching_board_top/target/backend/ram_mask_reg_0_7_0_5_i_15_n_0
    SLICE_X24Y38         LUT4 (Prop_lut4_I0_O)        0.124    27.571 r  top/teaching_board_top/target/backend/ram_mask_reg_0_7_0_5_i_5/O
                         net (fo=4, routed)           0.591    28.162    top/teaching_board_top/target/bh/TLBroadcastTracker_2/o_data/ram_mask_reg_0_7_0_5/DIC1
    SLICE_X22Y37         RAMD32                                       r  top/teaching_board_top/target/bh/TLBroadcastTracker_2/o_data/ram_mask_reg_0_7_0_5/RAMC_D1/I
  -------------------------------------------------------------------    -------------------

                         (clock host_clk_i rise edge)
                                                     25.000    25.000 r  
    H16                                               0.000    25.000 r  clk (IN)
                         net (fo=0)                   0.000    25.000    clk
    H16                  IBUF (Prop_ibuf_I_O)         1.380    26.380 r  ibufg_gclk/O
                         net (fo=1, routed)           1.162    27.542    gclk_i
    MMCME2_ADV_X1Y2      MMCME2_ADV (Prop_mmcme2_adv_CLKIN1_CLKOUT0)
                                                      0.083    27.625 r  MMCME2_BASE_inst/CLKOUT0
                         net (fo=1, routed)           2.012    29.637    host_clk_i
    BUFGCTRL_X0Y16       BUFG (Prop_bufg_I_O)         0.091    29.728 r  bufg_host_clk/O
                         net (fo=7399, routed)        1.574    31.303    top/teaching_board_top/target/bh/TLBroadcastTracker_2/o_data/ram_mask_reg_0_7_0_5/WCLK
    SLICE_X22Y37         RAMD32                                       r  top/teaching_board_top/target/bh/TLBroadcastTracker_2/o_data/ram_mask_reg_0_7_0_5/RAMC_D1/CLK
                         clock pessimism              0.517    31.820    
                         clock uncertainty           -0.082    31.738    
    SLICE_X22Y37         RAMD32 (Setup_ramd32_CLK_I)
                                                     -0.249    31.489    top/teaching_board_top/target/bh/TLBroadcastTracker_2/o_data/ram_mask_reg_0_7_0_5/RAMC_D1
  -------------------------------------------------------------------
                         required time                         31.489    
                         arrival time                         -28.162    
  -------------------------------------------------------------------
                         slack                                  3.327    

Slack (MET) :             3.327ns  (required time - arrival time)
  Source:                 top/teaching_board_top/target/rd2serial/addr_reg[4]/C
                            (rising edge-triggered cell FDRE clocked by host_clk_i  {rise@0.000ns fall@12.500ns period=25.000ns})
  Destination:            top/teaching_board_top/target/bh/TLBroadcastTracker_1/o_data/ram_mask_reg_0_7_0_5/RAMC_D1/I
                            (rising edge-triggered cell RAMD32 clocked by host_clk_i  {rise@0.000ns fall@12.500ns period=25.000ns})
  Path Group:             host_clk_i
  Path Type:              Setup (Max at Slow Process Corner)
  Requirement:            25.000ns  (host_clk_i rise@25.000ns - host_clk_i rise@0.000ns)
  Data Path Delay:        21.364ns  (logic 8.820ns (41.284%)  route 12.544ns (58.716%))
  Logic Levels:           38  (CARRY4=20 LUT2=3 LUT3=2 LUT4=5 LUT5=3 LUT6=5)
  Clock Path Skew:        0.022ns (DCD - SCD + CPR)
    Destination Clock Delay (DCD):    6.305ns = ( 31.305 - 25.000 ) 
    Source Clock Delay      (SCD):    6.800ns
    Clock Pessimism Removal (CPR):    0.517ns
  Clock Uncertainty:      0.082ns  ((TSJ^2 + DJ^2)^1/2) / 2 + PE
    Total System Jitter     (TSJ):    0.071ns
    Discrete Jitter          (DJ):    0.147ns
    Phase Error              (PE):    0.000ns

    Location             Delay type                Incr(ns)  Path(ns)    Netlist Resource(s)
  -------------------------------------------------------------------    -------------------
                         (clock host_clk_i rise edge)
                                                      0.000     0.000 r  
    H16                                               0.000     0.000 r  clk (IN)
                         net (fo=0)                   0.000     0.000    clk
    H16                  IBUF (Prop_ibuf_I_O)         1.451     1.451 r  ibufg_gclk/O
                         net (fo=1, routed)           1.285     2.736    gclk_i
    MMCME2_ADV_X1Y2      MMCME2_ADV (Prop_mmcme2_adv_CLKIN1_CLKOUT0)
                                                      0.088     2.824 r  MMCME2_BASE_inst/CLKOUT0
                         net (fo=1, routed)           2.206     5.030    host_clk_i
    BUFGCTRL_X0Y16       BUFG (Prop_bufg_I_O)         0.101     5.131 r  bufg_host_clk/O
                         net (fo=7399, routed)        1.669     6.800    top/teaching_board_top/target/rd2serial/host_clk
    SLICE_X44Y47         FDRE                                         r  top/teaching_board_top/target/rd2serial/addr_reg[4]/C
  -------------------------------------------------------------------    -------------------
    SLICE_X44Y47         FDRE (Prop_fdre_C_Q)         0.456     7.256 r  top/teaching_board_top/target/rd2serial/addr_reg[4]/Q
                         net (fo=5, routed)           0.464     7.720    top/teaching_board_top/target/rd2serial/addr_reg[31]_0[1]
    SLICE_X43Y46         CARRY4 (Prop_carry4_S[0]_CO[3])
                                                      0.656     8.376 r  top/teaching_board_top/target/rd2serial/addr_reg[7]_i_2/CO[3]
                         net (fo=1, routed)           0.000     8.376    top/teaching_board_top/target/rd2serial/addr_reg[7]_i_2_n_0
    SLICE_X43Y47         CARRY4 (Prop_carry4_CI_CO[3])
                                                      0.114     8.490 r  top/teaching_board_top/target/rd2serial/addr_reg[11]_i_2/CO[3]
                         net (fo=1, routed)           0.000     8.490    top/teaching_board_top/target/rd2serial/addr_reg[11]_i_2_n_0
    SLICE_X43Y48         CARRY4 (Prop_carry4_CI_CO[3])
                                                      0.114     8.604 r  top/teaching_board_top/target/rd2serial/addr_reg[15]_i_2/CO[3]
                         net (fo=1, routed)           0.000     8.604    top/teaching_board_top/target/rd2serial/addr_reg[15]_i_2_n_0
    SLICE_X43Y49         CARRY4 (Prop_carry4_CI_CO[3])
                                                      0.114     8.718 r  top/teaching_board_top/target/rd2serial/addr_reg[19]_i_2/CO[3]
                         net (fo=1, routed)           0.001     8.719    top/teaching_board_top/target/rd2serial/addr_reg[19]_i_2_n_0
    SLICE_X43Y50         CARRY4 (Prop_carry4_CI_CO[3])
                                                      0.114     8.833 r  top/teaching_board_top/target/rd2serial/addr_reg[23]_i_2/CO[3]
                         net (fo=1, routed)           0.000     8.833    top/teaching_board_top/target/rd2serial/addr_reg[23]_i_2_n_0
    SLICE_X43Y51         CARRY4 (Prop_carry4_CI_O[1])
                                                      0.334     9.167 r  top/teaching_board_top/target/rd2serial/addr_reg[27]_i_2/O[1]
                         net (fo=3, routed)           0.529     9.696    top/teaching_board_top/target/rd2serial/_GEN_86[25]
    SLICE_X40Y52         LUT2 (Prop_lut2_I0_O)        0.303     9.999 r  top/teaching_board_top/target/rd2serial/ram_mask_reg_0_1_0_5_i_182/O
                         net (fo=1, routed)           0.000     9.999    top/teaching_board_top/target/rd2serial/ram_mask_reg_0_1_0_5_i_182_n_0
    SLICE_X40Y52         CARRY4 (Prop_carry4_S[1]_CO[3])
                                                      0.550    10.549 r  top/teaching_board_top/target/rd2serial/ram_mask_reg_0_1_0_5_i_122/CO[3]
                         net (fo=1, routed)           0.000    10.549    top/teaching_board_top/target/rd2serial/ram_mask_reg_0_1_0_5_i_122_n_0
    SLICE_X40Y53         CARRY4 (Prop_carry4_CI_CO[3])
                                                      0.114    10.663 r  top/teaching_board_top/target/rd2serial/ram_mask_reg_0_1_0_5_i_101/CO[3]
                         net (fo=1, routed)           0.000    10.663    top/teaching_board_top/target/rd2serial/ram_mask_reg_0_1_0_5_i_101_n_0
    SLICE_X40Y54         CARRY4 (Prop_carry4_CI_CO[3])
                                                      0.114    10.777 r  top/teaching_board_top/target/rd2serial/ram_mask_reg_0_1_0_5_i_105/CO[3]
                         net (fo=1, routed)           0.000    10.777    top/teaching_board_top/target/rd2serial/ram_mask_reg_0_1_0_5_i_105_n_0
    SLICE_X40Y55         CARRY4 (Prop_carry4_CI_CO[3])
                                                      0.114    10.891 r  top/teaching_board_top/target/rd2serial/req_size_reg[1]_i_64/CO[3]
                         net (fo=1, routed)           0.000    10.891    top/teaching_board_top/target/rd2serial/req_size_reg[1]_i_64_n_0
    SLICE_X40Y56         CARRY4 (Prop_carry4_CI_CO[3])
                                                      0.114    11.005 r  top/teaching_board_top/target/rd2serial/req_size_reg[1]_i_60/CO[3]
                         net (fo=1, routed)           0.000    11.005    top/teaching_board_top/target/rd2serial/req_size_reg[1]_i_60_n_0
    SLICE_X40Y57         CARRY4 (Prop_carry4_CI_CO[3])
                                                      0.114    11.119 r  top/teaching_board_top/target/rd2serial/req_size_reg[1]_i_59/CO[3]
                         net (fo=1, routed)           0.000    11.119    top/teaching_board_top/target/rd2serial/req_size_reg[1]_i_59_n_0
    SLICE_X40Y58         CARRY4 (Prop_carry4_CI_CO[3])
                                                      0.114    11.233 r  top/teaching_board_top/target/rd2serial/req_size_reg[1]_i_37/CO[3]
                         net (fo=1, routed)           0.000    11.233    top/teaching_board_top/target/rd2serial/req_size_reg[1]_i_37_n_0
    SLICE_X40Y59         CARRY4 (Prop_carry4_CI_CO[3])
                                                      0.114    11.347 r  top/teaching_board_top/target/rd2serial/req_size_reg[1]_i_34/CO[3]
                         net (fo=1, routed)           0.000    11.347    top/teaching_board_top/target/rd2serial/req_size_reg[1]_i_34_n_0
    SLICE_X40Y60         CARRY4 (Prop_carry4_CI_CO[3])
                                                      0.114    11.461 r  top/teaching_board_top/target/rd2serial/req_size_reg[1]_i_31/CO[3]
                         net (fo=1, routed)           0.000    11.461    top/teaching_board_top/target/rd2serial/req_size_reg[1]_i_31_n_0
    SLICE_X40Y61         CARRY4 (Prop_carry4_CI_O[2])
                                                      0.239    11.700 r  top/teaching_board_top/target/rd2serial/req_size_reg[1]_i_17/O[2]
                         net (fo=7, routed)           0.862    12.562    top/teaching_board_top/target/rd2serial/_GEN_87[62]
    SLICE_X41Y60         LUT4 (Prop_lut4_I3_O)        0.302    12.864 r  top/teaching_board_top/target/rd2serial/req_size[1]_i_84/O
                         net (fo=1, routed)           0.000    12.864    top/teaching_board_top/target/rd2serial/req_size[1]_i_84_n_0
    SLICE_X41Y60         CARRY4 (Prop_carry4_S[3]_CO[3])
                                                      0.401    13.265 r  top/teaching_board_top/target/rd2serial/req_size_reg[1]_i_45/CO[3]
                         net (fo=1, routed)           0.000    13.265    top/teaching_board_top/target/rd2serial/req_size_reg[1]_i_45_n_0
    SLICE_X41Y61         CARRY4 (Prop_carry4_CI_CO[0])
                                                      0.271    13.536 r  top/teaching_board_top/target/rd2serial/req_size_reg[1]_i_18/CO[0]
                         net (fo=163, routed)         1.036    14.572    top/teaching_board_top/target/rd2serial/_T_174
    SLICE_X37Y60         LUT3 (Prop_lut3_I1_O)        0.367    14.939 r  top/teaching_board_top/target/rd2serial/ram_mask_reg_0_1_0_5_i_155/O
                         net (fo=4, routed)           0.471    15.410    top/teaching_board_top/target/rd2serial/ram_mask_reg_0_1_0_5_i_155_n_0
    SLICE_X36Y60         LUT6 (Prop_lut6_I0_O)        0.326    15.736 r  top/teaching_board_top/target/rd2serial/ram_mask_reg_0_1_0_5_i_156/O
                         net (fo=2, routed)           0.463    16.199    top/teaching_board_top/target/rd2serial/ram_mask_reg_0_1_0_5_i_156_n_0
    SLICE_X36Y60         LUT6 (Prop_lut6_I5_O)        0.124    16.323 r  top/teaching_board_top/target/rd2serial/ram_mask_reg_0_1_0_5_i_106/O
                         net (fo=3, routed)           0.439    16.762    top/teaching_board_top/target/rd2serial/ram_mask_reg_0_1_0_5_i_106_n_0
    SLICE_X36Y61         LUT2 (Prop_lut2_I0_O)        0.124    16.886 r  top/teaching_board_top/target/rd2serial/ram_mask_reg_0_1_0_5_i_84/O
                         net (fo=5, routed)           0.605    17.491    top/teaching_board_top/target/rd2serial/ram_mask_reg_0_1_0_5_i_84_n_0
    SLICE_X38Y61         LUT5 (Prop_lut5_I4_O)        0.150    17.641 r  top/teaching_board_top/target/rd2serial/ram_mask_reg_0_1_0_5_i_93/O
                         net (fo=2, routed)           0.801    18.442    top/teaching_board_top/target/rd2serial/ram_mask_reg_0_1_0_5_i_93_n_0
    SLICE_X39Y62         LUT3 (Prop_lut3_I1_O)        0.376    18.818 r  top/teaching_board_top/target/rd2serial/ram_mask_reg_0_1_0_5_i_61/O
                         net (fo=2, routed)           0.803    19.621    top/teaching_board_top/target/rd2serial/ram_mask_reg_0_1_0_5_i_61_n_0
    SLICE_X41Y63         LUT5 (Prop_lut5_I3_O)        0.354    19.975 r  top/teaching_board_top/target/rd2serial/ram_mask_reg_0_1_0_5_i_63/O
                         net (fo=1, routed)           0.575    20.550    top/teaching_board_top/target/rd2serial/ram_mask_reg_0_1_0_5_i_63_n_0
    SLICE_X42Y61         LUT6 (Prop_lut6_I5_O)        0.332    20.882 r  top/teaching_board_top/target/rd2serial/ram_mask_reg_0_1_0_5_i_40/O
                         net (fo=1, routed)           0.000    20.882    top/teaching_board_top/target/rd2serial/ram_mask_reg_0_1_0_5_i_40_n_0
    SLICE_X42Y61         CARRY4 (Prop_carry4_S[2]_CO[3])
                                                      0.380    21.262 r  top/teaching_board_top/target/rd2serial/ram_mask_reg_0_1_0_5_i_27/CO[3]
                         net (fo=1, routed)           0.000    21.262    top/teaching_board_top/target/rd2serial/ram_mask_reg_0_1_0_5_i_27_n_0
    SLICE_X42Y62         CARRY4 (Prop_carry4_CI_CO[2])
                                                      0.229    21.491 f  top/teaching_board_top/target/rd2serial/ram_mask_reg_0_1_0_5_i_26/CO[2]
                         net (fo=1, routed)           0.411    21.902    top/teaching_board_top/target/rd2serial/_T_317[6]
    SLICE_X45Y61         LUT4 (Prop_lut4_I3_O)        0.310    22.212 f  top/teaching_board_top/target/rd2serial/ram_mask_reg_0_1_0_5_i_28/O
                         net (fo=1, routed)           0.641    22.853    top/teaching_board_top/target/rd2serial/ram_mask_reg_0_1_0_5_i_28_n_0
    SLICE_X45Y60         LUT4 (Prop_lut4_I3_O)        0.124    22.977 f  top/teaching_board_top/target/rd2serial/ram_mask_reg_0_1_0_5_i_20/O
                         net (fo=8, routed)           1.132    24.109    top/teaching_board_top/target/rd2serial/ram_mask_reg_0_1_0_5_i_20_n_0
    SLICE_X44Y40         LUT2 (Prop_lut2_I1_O)        0.124    24.233 r  top/teaching_board_top/target/rd2serial/req_address[2]_i_3/O
                         net (fo=6, routed)           0.587    24.820    top/teaching_board_top/target/rd2serial/addr_reg[2]_0
    SLICE_X41Y40         LUT5 (Prop_lut5_I1_O)        0.124    24.944 r  top/teaching_board_top/target/rd2serial/ram_mask_reg_0_1_0_5_i_25/O
                         net (fo=2, routed)           0.300    25.244    top/teaching_board_top/target/rd2serial/ram_mask_reg_0_1_0_5_i_25_n_0
    SLICE_X41Y40         LUT6 (Prop_lut6_I2_O)        0.124    25.368 r  top/teaching_board_top/target/rd2serial/ram_mask_reg_0_1_0_5_i_16/O
                         net (fo=2, routed)           1.037    26.405    top/teaching_board_top/target/sbus/system_bus_xbar/rd2serial_auto_out_a_bits_mask[5]
    SLICE_X27Y38         LUT4 (Prop_lut4_I2_O)        0.124    26.529 r  top/teaching_board_top/target/sbus/system_bus_xbar/req_mask[5]_i_1/O
                         net (fo=2, routed)           0.306    26.835    top/teaching_board_top/target/backend/req_mask_reg[5]_0
    SLICE_X24Y38         LUT6 (Prop_lut6_I5_O)        0.124    26.959 r  top/teaching_board_top/target/backend/ram_mask_reg_0_7_0_5_i_15/O
                         net (fo=1, routed)           0.488    27.447    top/teaching_board_top/target/backend/ram_mask_reg_0_7_0_5_i_15_n_0
    SLICE_X24Y38         LUT4 (Prop_lut4_I0_O)        0.124    27.571 r  top/teaching_board_top/target/backend/ram_mask_reg_0_7_0_5_i_5/O
                         net (fo=4, routed)           0.593    28.164    top/teaching_board_top/target/bh/TLBroadcastTracker_1/o_data/ram_mask_reg_0_7_0_5/DIC1
    SLICE_X22Y39         RAMD32                                       r  top/teaching_board_top/target/bh/TLBroadcastTracker_1/o_data/ram_mask_reg_0_7_0_5/RAMC_D1/I
  -------------------------------------------------------------------    -------------------

                         (clock host_clk_i rise edge)
                                                     25.000    25.000 r  
    H16                                               0.000    25.000 r  clk (IN)
                         net (fo=0)                   0.000    25.000    clk
    H16                  IBUF (Prop_ibuf_I_O)         1.380    26.380 r  ibufg_gclk/O
                         net (fo=1, routed)           1.162    27.542    gclk_i
    MMCME2_ADV_X1Y2      MMCME2_ADV (Prop_mmcme2_adv_CLKIN1_CLKOUT0)
                                                      0.083    27.625 r  MMCME2_BASE_inst/CLKOUT0
                         net (fo=1, routed)           2.012    29.637    host_clk_i
    BUFGCTRL_X0Y16       BUFG (Prop_bufg_I_O)         0.091    29.728 r  bufg_host_clk/O
                         net (fo=7399, routed)        1.576    31.305    top/teaching_board_top/target/bh/TLBroadcastTracker_1/o_data/ram_mask_reg_0_7_0_5/WCLK
    SLICE_X22Y39         RAMD32                                       r  top/teaching_board_top/target/bh/TLBroadcastTracker_1/o_data/ram_mask_reg_0_7_0_5/RAMC_D1/CLK
                         clock pessimism              0.517    31.822    
                         clock uncertainty           -0.082    31.740    
    SLICE_X22Y39         RAMD32 (Setup_ramd32_CLK_I)
                                                     -0.249    31.491    top/teaching_board_top/target/bh/TLBroadcastTracker_1/o_data/ram_mask_reg_0_7_0_5/RAMC_D1
  -------------------------------------------------------------------
                         required time                         31.491    
                         arrival time                         -28.164    
  -------------------------------------------------------------------
                         slack                                  3.327    

Slack (MET) :             3.336ns  (required time - arrival time)
  Source:                 top/teaching_board_top/target/rd2serial/addr_reg[4]/C
                            (rising edge-triggered cell FDRE clocked by host_clk_i  {rise@0.000ns fall@12.500ns period=25.000ns})
  Destination:            top/teaching_board_top/target/bh/TLBroadcastTracker_3/o_data/ram_mask_reg_0_7_0_5/RAMA/I
                            (rising edge-triggered cell RAMD32 clocked by host_clk_i  {rise@0.000ns fall@12.500ns period=25.000ns})
  Path Group:             host_clk_i
  Path Type:              Setup (Max at Slow Process Corner)
  Requirement:            25.000ns  (host_clk_i rise@25.000ns - host_clk_i rise@0.000ns)
  Data Path Delay:        21.445ns  (logic 9.016ns (42.043%)  route 12.429ns (57.957%))
  Logic Levels:           38  (CARRY4=20 LUT2=3 LUT3=2 LUT4=5 LUT5=2 LUT6=6)
  Clock Path Skew:        0.023ns (DCD - SCD + CPR)
    Destination Clock Delay (DCD):    6.306ns = ( 31.306 - 25.000 ) 
    Source Clock Delay      (SCD):    6.800ns
    Clock Pessimism Removal (CPR):    0.517ns
  Clock Uncertainty:      0.082ns  ((TSJ^2 + DJ^2)^1/2) / 2 + PE
    Total System Jitter     (TSJ):    0.071ns
    Discrete Jitter          (DJ):    0.147ns
    Phase Error              (PE):    0.000ns

    Location             Delay type                Incr(ns)  Path(ns)    Netlist Resource(s)
  -------------------------------------------------------------------    -------------------
                         (clock host_clk_i rise edge)
                                                      0.000     0.000 r  
    H16                                               0.000     0.000 r  clk (IN)
                         net (fo=0)                   0.000     0.000    clk
    H16                  IBUF (Prop_ibuf_I_O)         1.451     1.451 r  ibufg_gclk/O
                         net (fo=1, routed)           1.285     2.736    gclk_i
    MMCME2_ADV_X1Y2      MMCME2_ADV (Prop_mmcme2_adv_CLKIN1_CLKOUT0)
                                                      0.088     2.824 r  MMCME2_BASE_inst/CLKOUT0
                         net (fo=1, routed)           2.206     5.030    host_clk_i
    BUFGCTRL_X0Y16       BUFG (Prop_bufg_I_O)         0.101     5.131 r  bufg_host_clk/O
                         net (fo=7399, routed)        1.669     6.800    top/teaching_board_top/target/rd2serial/host_clk
    SLICE_X44Y47         FDRE                                         r  top/teaching_board_top/target/rd2serial/addr_reg[4]/C
  -------------------------------------------------------------------    -------------------
    SLICE_X44Y47         FDRE (Prop_fdre_C_Q)         0.456     7.256 r  top/teaching_board_top/target/rd2serial/addr_reg[4]/Q
                         net (fo=5, routed)           0.464     7.720    top/teaching_board_top/target/rd2serial/addr_reg[31]_0[1]
    SLICE_X43Y46         CARRY4 (Prop_carry4_S[0]_CO[3])
                                                      0.656     8.376 r  top/teaching_board_top/target/rd2serial/addr_reg[7]_i_2/CO[3]
                         net (fo=1, routed)           0.000     8.376    top/teaching_board_top/target/rd2serial/addr_reg[7]_i_2_n_0
    SLICE_X43Y47         CARRY4 (Prop_carry4_CI_CO[3])
                                                      0.114     8.490 r  top/teaching_board_top/target/rd2serial/addr_reg[11]_i_2/CO[3]
                         net (fo=1, routed)           0.000     8.490    top/teaching_board_top/target/rd2serial/addr_reg[11]_i_2_n_0
    SLICE_X43Y48         CARRY4 (Prop_carry4_CI_CO[3])
                                                      0.114     8.604 r  top/teaching_board_top/target/rd2serial/addr_reg[15]_i_2/CO[3]
                         net (fo=1, routed)           0.000     8.604    top/teaching_board_top/target/rd2serial/addr_reg[15]_i_2_n_0
    SLICE_X43Y49         CARRY4 (Prop_carry4_CI_CO[3])
                                                      0.114     8.718 r  top/teaching_board_top/target/rd2serial/addr_reg[19]_i_2/CO[3]
                         net (fo=1, routed)           0.001     8.719    top/teaching_board_top/target/rd2serial/addr_reg[19]_i_2_n_0
    SLICE_X43Y50         CARRY4 (Prop_carry4_CI_CO[3])
                                                      0.114     8.833 r  top/teaching_board_top/target/rd2serial/addr_reg[23]_i_2/CO[3]
                         net (fo=1, routed)           0.000     8.833    top/teaching_board_top/target/rd2serial/addr_reg[23]_i_2_n_0
    SLICE_X43Y51         CARRY4 (Prop_carry4_CI_O[1])
                                                      0.334     9.167 r  top/teaching_board_top/target/rd2serial/addr_reg[27]_i_2/O[1]
                         net (fo=3, routed)           0.529     9.696    top/teaching_board_top/target/rd2serial/_GEN_86[25]
    SLICE_X40Y52         LUT2 (Prop_lut2_I0_O)        0.303     9.999 r  top/teaching_board_top/target/rd2serial/ram_mask_reg_0_1_0_5_i_182/O
                         net (fo=1, routed)           0.000     9.999    top/teaching_board_top/target/rd2serial/ram_mask_reg_0_1_0_5_i_182_n_0
    SLICE_X40Y52         CARRY4 (Prop_carry4_S[1]_CO[3])
                                                      0.550    10.549 r  top/teaching_board_top/target/rd2serial/ram_mask_reg_0_1_0_5_i_122/CO[3]
                         net (fo=1, routed)           0.000    10.549    top/teaching_board_top/target/rd2serial/ram_mask_reg_0_1_0_5_i_122_n_0
    SLICE_X40Y53         CARRY4 (Prop_carry4_CI_CO[3])
                                                      0.114    10.663 r  top/teaching_board_top/target/rd2serial/ram_mask_reg_0_1_0_5_i_101/CO[3]
                         net (fo=1, routed)           0.000    10.663    top/teaching_board_top/target/rd2serial/ram_mask_reg_0_1_0_5_i_101_n_0
    SLICE_X40Y54         CARRY4 (Prop_carry4_CI_CO[3])
                                                      0.114    10.777 r  top/teaching_board_top/target/rd2serial/ram_mask_reg_0_1_0_5_i_105/CO[3]
                         net (fo=1, routed)           0.000    10.777    top/teaching_board_top/target/rd2serial/ram_mask_reg_0_1_0_5_i_105_n_0
    SLICE_X40Y55         CARRY4 (Prop_carry4_CI_CO[3])
                                                      0.114    10.891 r  top/teaching_board_top/target/rd2serial/req_size_reg[1]_i_64/CO[3]
                         net (fo=1, routed)           0.000    10.891    top/teaching_board_top/target/rd2serial/req_size_reg[1]_i_64_n_0
    SLICE_X40Y56         CARRY4 (Prop_carry4_CI_CO[3])
                                                      0.114    11.005 r  top/teaching_board_top/target/rd2serial/req_size_reg[1]_i_60/CO[3]
                         net (fo=1, routed)           0.000    11.005    top/teaching_board_top/target/rd2serial/req_size_reg[1]_i_60_n_0
    SLICE_X40Y57         CARRY4 (Prop_carry4_CI_CO[3])
                                                      0.114    11.119 r  top/teaching_board_top/target/rd2serial/req_size_reg[1]_i_59/CO[3]
                         net (fo=1, routed)           0.000    11.119    top/teaching_board_top/target/rd2serial/req_size_reg[1]_i_59_n_0
    SLICE_X40Y58         CARRY4 (Prop_carry4_CI_CO[3])
                                                      0.114    11.233 r  top/teaching_board_top/target/rd2serial/req_size_reg[1]_i_37/CO[3]
                         net (fo=1, routed)           0.000    11.233    top/teaching_board_top/target/rd2serial/req_size_reg[1]_i_37_n_0
    SLICE_X40Y59         CARRY4 (Prop_carry4_CI_CO[3])
                                                      0.114    11.347 r  top/teaching_board_top/target/rd2serial/req_size_reg[1]_i_34/CO[3]
                         net (fo=1, routed)           0.000    11.347    top/teaching_board_top/target/rd2serial/req_size_reg[1]_i_34_n_0
    SLICE_X40Y60         CARRY4 (Prop_carry4_CI_CO[3])
                                                      0.114    11.461 r  top/teaching_board_top/target/rd2serial/req_size_reg[1]_i_31/CO[3]
                         net (fo=1, routed)           0.000    11.461    top/teaching_board_top/target/rd2serial/req_size_reg[1]_i_31_n_0
    SLICE_X40Y61         CARRY4 (Prop_carry4_CI_O[2])
                                                      0.239    11.700 r  top/teaching_board_top/target/rd2serial/req_size_reg[1]_i_17/O[2]
                         net (fo=7, routed)           0.862    12.562    top/teaching_board_top/target/rd2serial/_GEN_87[62]
    SLICE_X41Y60         LUT4 (Prop_lut4_I3_O)        0.302    12.864 r  top/teaching_board_top/target/rd2serial/req_size[1]_i_84/O
                         net (fo=1, routed)           0.000    12.864    top/teaching_board_top/target/rd2serial/req_size[1]_i_84_n_0
    SLICE_X41Y60         CARRY4 (Prop_carry4_S[3]_CO[3])
                                                      0.401    13.265 r  top/teaching_board_top/target/rd2serial/req_size_reg[1]_i_45/CO[3]
                         net (fo=1, routed)           0.000    13.265    top/teaching_board_top/target/rd2serial/req_size_reg[1]_i_45_n_0
    SLICE_X41Y61         CARRY4 (Prop_carry4_CI_CO[0])
                                                      0.271    13.536 r  top/teaching_board_top/target/rd2serial/req_size_reg[1]_i_18/CO[0]
                         net (fo=163, routed)         1.036    14.572    top/teaching_board_top/target/rd2serial/_T_174
    SLICE_X37Y60         LUT3 (Prop_lut3_I1_O)        0.367    14.939 r  top/teaching_board_top/target/rd2serial/ram_mask_reg_0_1_0_5_i_155/O
                         net (fo=4, routed)           0.471    15.410    top/teaching_board_top/target/rd2serial/ram_mask_reg_0_1_0_5_i_155_n_0
    SLICE_X36Y60         LUT6 (Prop_lut6_I0_O)        0.326    15.736 r  top/teaching_board_top/target/rd2serial/ram_mask_reg_0_1_0_5_i_156/O
                         net (fo=2, routed)           0.463    16.199    top/teaching_board_top/target/rd2serial/ram_mask_reg_0_1_0_5_i_156_n_0
    SLICE_X36Y60         LUT6 (Prop_lut6_I5_O)        0.124    16.323 r  top/teaching_board_top/target/rd2serial/ram_mask_reg_0_1_0_5_i_106/O
                         net (fo=3, routed)           0.439    16.762    top/teaching_board_top/target/rd2serial/ram_mask_reg_0_1_0_5_i_106_n_0
    SLICE_X36Y61         LUT2 (Prop_lut2_I0_O)        0.124    16.886 r  top/teaching_board_top/target/rd2serial/ram_mask_reg_0_1_0_5_i_84/O
                         net (fo=5, routed)           0.605    17.491    top/teaching_board_top/target/rd2serial/ram_mask_reg_0_1_0_5_i_84_n_0
    SLICE_X38Y61         LUT5 (Prop_lut5_I4_O)        0.150    17.641 r  top/teaching_board_top/target/rd2serial/ram_mask_reg_0_1_0_5_i_93/O
                         net (fo=2, routed)           0.801    18.442    top/teaching_board_top/target/rd2serial/ram_mask_reg_0_1_0_5_i_93_n_0
    SLICE_X39Y62         LUT3 (Prop_lut3_I1_O)        0.376    18.818 r  top/teaching_board_top/target/rd2serial/ram_mask_reg_0_1_0_5_i_61/O
                         net (fo=2, routed)           0.803    19.621    top/teaching_board_top/target/rd2serial/ram_mask_reg_0_1_0_5_i_61_n_0
    SLICE_X41Y63         LUT5 (Prop_lut5_I3_O)        0.354    19.975 r  top/teaching_board_top/target/rd2serial/ram_mask_reg_0_1_0_5_i_63/O
                         net (fo=1, routed)           0.575    20.550    top/teaching_board_top/target/rd2serial/ram_mask_reg_0_1_0_5_i_63_n_0
    SLICE_X42Y61         LUT6 (Prop_lut6_I5_O)        0.332    20.882 r  top/teaching_board_top/target/rd2serial/ram_mask_reg_0_1_0_5_i_40/O
                         net (fo=1, routed)           0.000    20.882    top/teaching_board_top/target/rd2serial/ram_mask_reg_0_1_0_5_i_40_n_0
    SLICE_X42Y61         CARRY4 (Prop_carry4_S[2]_CO[3])
                                                      0.380    21.262 r  top/teaching_board_top/target/rd2serial/ram_mask_reg_0_1_0_5_i_27/CO[3]
                         net (fo=1, routed)           0.000    21.262    top/teaching_board_top/target/rd2serial/ram_mask_reg_0_1_0_5_i_27_n_0
    SLICE_X42Y62         CARRY4 (Prop_carry4_CI_CO[2])
                                                      0.229    21.491 r  top/teaching_board_top/target/rd2serial/ram_mask_reg_0_1_0_5_i_26/CO[2]
                         net (fo=1, routed)           0.411    21.902    top/teaching_board_top/target/rd2serial/_T_317[6]
    SLICE_X45Y61         LUT4 (Prop_lut4_I3_O)        0.310    22.212 r  top/teaching_board_top/target/rd2serial/ram_mask_reg_0_1_0_5_i_28/O
                         net (fo=1, routed)           0.641    22.853    top/teaching_board_top/target/rd2serial/ram_mask_reg_0_1_0_5_i_28_n_0
    SLICE_X45Y60         LUT4 (Prop_lut4_I3_O)        0.124    22.977 r  top/teaching_board_top/target/rd2serial/ram_mask_reg_0_1_0_5_i_20/O
                         net (fo=8, routed)           1.132    24.109    top/teaching_board_top/target/rd2serial/ram_mask_reg_0_1_0_5_i_20_n_0
    SLICE_X44Y40         LUT2 (Prop_lut2_I1_O)        0.124    24.233 f  top/teaching_board_top/target/rd2serial/req_address[2]_i_3/O
                         net (fo=6, routed)           0.587    24.820    top/teaching_board_top/target/rd2serial/addr_reg[2]_0
    SLICE_X41Y40         LUT4 (Prop_lut4_I2_O)        0.118    24.938 r  top/teaching_board_top/target/rd2serial/ram_mask_reg_0_1_0_5_i_29/O
                         net (fo=1, routed)           0.317    25.255    top/teaching_board_top/target/rd2serial/ram_mask_reg_0_1_0_5_i_29_n_0
    SLICE_X42Y39         LUT6 (Prop_lut6_I4_O)        0.326    25.581 r  top/teaching_board_top/target/rd2serial/ram_mask_reg_0_1_0_5_i_21/O
                         net (fo=2, routed)           0.305    25.885    top/teaching_board_top/target/rd2serial/ram_mask_reg_0_1_0_5_i_21_n_0
    SLICE_X43Y39         LUT6 (Prop_lut6_I0_O)        0.124    26.009 r  top/teaching_board_top/target/rd2serial/ram_mask_reg_0_1_0_5_i_10__0/O
                         net (fo=2, routed)           0.371    26.381    top/teaching_board_top/target/sbus/system_bus_xbar/rd2serial_auto_out_a_bits_mask[0]
    SLICE_X42Y39         LUT4 (Prop_lut4_I2_O)        0.124    26.505 r  top/teaching_board_top/target/sbus/system_bus_xbar/req_mask[0]_i_1/O
                         net (fo=2, routed)           0.979    27.483    top/teaching_board_top/target/backend/req_mask_reg[0]_0
    SLICE_X26Y39         LUT6 (Prop_lut6_I0_O)        0.124    27.607 r  top/teaching_board_top/target/backend/ram_mask_reg_0_7_0_5_i_2/O
                         net (fo=4, routed)           0.637    28.244    top/teaching_board_top/target/bh/TLBroadcastTracker_3/o_data/ram_mask_reg_0_7_0_5/DIA0
    SLICE_X20Y39         RAMD32                                       r  top/teaching_board_top/target/bh/TLBroadcastTracker_3/o_data/ram_mask_reg_0_7_0_5/RAMA/I
  -------------------------------------------------------------------    -------------------

                         (clock host_clk_i rise edge)
                                                     25.000    25.000 r  
    H16                                               0.000    25.000 r  clk (IN)
                         net (fo=0)                   0.000    25.000    clk
    H16                  IBUF (Prop_ibuf_I_O)         1.380    26.380 r  ibufg_gclk/O
                         net (fo=1, routed)           1.162    27.542    gclk_i
    MMCME2_ADV_X1Y2      MMCME2_ADV (Prop_mmcme2_adv_CLKIN1_CLKOUT0)
                                                      0.083    27.625 r  MMCME2_BASE_inst/CLKOUT0
                         net (fo=1, routed)           2.012    29.637    host_clk_i
    BUFGCTRL_X0Y16       BUFG (Prop_bufg_I_O)         0.091    29.728 r  bufg_host_clk/O
                         net (fo=7399, routed)        1.577    31.306    top/teaching_board_top/target/bh/TLBroadcastTracker_3/o_data/ram_mask_reg_0_7_0_5/WCLK
    SLICE_X20Y39         RAMD32                                       r  top/teaching_board_top/target/bh/TLBroadcastTracker_3/o_data/ram_mask_reg_0_7_0_5/RAMA/CLK
                         clock pessimism              0.517    31.823    
                         clock uncertainty           -0.082    31.741    
    SLICE_X20Y39         RAMD32 (Setup_ramd32_CLK_I)
                                                     -0.161    31.580    top/teaching_board_top/target/bh/TLBroadcastTracker_3/o_data/ram_mask_reg_0_7_0_5/RAMA
  -------------------------------------------------------------------
                         required time                         31.580    
                         arrival time                         -28.244    
  -------------------------------------------------------------------
                         slack                                  3.336    

Slack (MET) :             3.360ns  (required time - arrival time)
  Source:                 top/teaching_board_top/target/rd2serial/addr_reg[4]/C
                            (rising edge-triggered cell FDRE clocked by host_clk_i  {rise@0.000ns fall@12.500ns period=25.000ns})
  Destination:            top/teaching_board_top/target/bh/TLBroadcastTracker_1/o_data/ram_mask_reg_0_7_0_5/RAMA/I
                            (rising edge-triggered cell RAMD32 clocked by host_clk_i  {rise@0.000ns fall@12.500ns period=25.000ns})
  Path Group:             host_clk_i
  Path Type:              Setup (Max at Slow Process Corner)
  Requirement:            25.000ns  (host_clk_i rise@25.000ns - host_clk_i rise@0.000ns)
  Data Path Delay:        21.420ns  (logic 9.016ns (42.092%)  route 12.404ns (57.908%))
  Logic Levels:           38  (CARRY4=20 LUT2=3 LUT3=2 LUT4=5 LUT5=2 LUT6=6)
  Clock Path Skew:        0.022ns (DCD - SCD + CPR)
    Destination Clock Delay (DCD):    6.305ns = ( 31.305 - 25.000 ) 
    Source Clock Delay      (SCD):    6.800ns
    Clock Pessimism Removal (CPR):    0.517ns
  Clock Uncertainty:      0.082ns  ((TSJ^2 + DJ^2)^1/2) / 2 + PE
    Total System Jitter     (TSJ):    0.071ns
    Discrete Jitter          (DJ):    0.147ns
    Phase Error              (PE):    0.000ns

    Location             Delay type                Incr(ns)  Path(ns)    Netlist Resource(s)
  -------------------------------------------------------------------    -------------------
                         (clock host_clk_i rise edge)
                                                      0.000     0.000 r  
    H16                                               0.000     0.000 r  clk (IN)
                         net (fo=0)                   0.000     0.000    clk
    H16                  IBUF (Prop_ibuf_I_O)         1.451     1.451 r  ibufg_gclk/O
                         net (fo=1, routed)           1.285     2.736    gclk_i
    MMCME2_ADV_X1Y2      MMCME2_ADV (Prop_mmcme2_adv_CLKIN1_CLKOUT0)
                                                      0.088     2.824 r  MMCME2_BASE_inst/CLKOUT0
                         net (fo=1, routed)           2.206     5.030    host_clk_i
    BUFGCTRL_X0Y16       BUFG (Prop_bufg_I_O)         0.101     5.131 r  bufg_host_clk/O
                         net (fo=7399, routed)        1.669     6.800    top/teaching_board_top/target/rd2serial/host_clk
    SLICE_X44Y47         FDRE                                         r  top/teaching_board_top/target/rd2serial/addr_reg[4]/C
  -------------------------------------------------------------------    -------------------
    SLICE_X44Y47         FDRE (Prop_fdre_C_Q)         0.456     7.256 r  top/teaching_board_top/target/rd2serial/addr_reg[4]/Q
                         net (fo=5, routed)           0.464     7.720    top/teaching_board_top/target/rd2serial/addr_reg[31]_0[1]
    SLICE_X43Y46         CARRY4 (Prop_carry4_S[0]_CO[3])
                                                      0.656     8.376 r  top/teaching_board_top/target/rd2serial/addr_reg[7]_i_2/CO[3]
                         net (fo=1, routed)           0.000     8.376    top/teaching_board_top/target/rd2serial/addr_reg[7]_i_2_n_0
    SLICE_X43Y47         CARRY4 (Prop_carry4_CI_CO[3])
                                                      0.114     8.490 r  top/teaching_board_top/target/rd2serial/addr_reg[11]_i_2/CO[3]
                         net (fo=1, routed)           0.000     8.490    top/teaching_board_top/target/rd2serial/addr_reg[11]_i_2_n_0
    SLICE_X43Y48         CARRY4 (Prop_carry4_CI_CO[3])
                                                      0.114     8.604 r  top/teaching_board_top/target/rd2serial/addr_reg[15]_i_2/CO[3]
                         net (fo=1, routed)           0.000     8.604    top/teaching_board_top/target/rd2serial/addr_reg[15]_i_2_n_0
    SLICE_X43Y49         CARRY4 (Prop_carry4_CI_CO[3])
                                                      0.114     8.718 r  top/teaching_board_top/target/rd2serial/addr_reg[19]_i_2/CO[3]
                         net (fo=1, routed)           0.001     8.719    top/teaching_board_top/target/rd2serial/addr_reg[19]_i_2_n_0
    SLICE_X43Y50         CARRY4 (Prop_carry4_CI_CO[3])
                                                      0.114     8.833 r  top/teaching_board_top/target/rd2serial/addr_reg[23]_i_2/CO[3]
                         net (fo=1, routed)           0.000     8.833    top/teaching_board_top/target/rd2serial/addr_reg[23]_i_2_n_0
    SLICE_X43Y51         CARRY4 (Prop_carry4_CI_O[1])
                                                      0.334     9.167 r  top/teaching_board_top/target/rd2serial/addr_reg[27]_i_2/O[1]
                         net (fo=3, routed)           0.529     9.696    top/teaching_board_top/target/rd2serial/_GEN_86[25]
    SLICE_X40Y52         LUT2 (Prop_lut2_I0_O)        0.303     9.999 r  top/teaching_board_top/target/rd2serial/ram_mask_reg_0_1_0_5_i_182/O
                         net (fo=1, routed)           0.000     9.999    top/teaching_board_top/target/rd2serial/ram_mask_reg_0_1_0_5_i_182_n_0
    SLICE_X40Y52         CARRY4 (Prop_carry4_S[1]_CO[3])
                                                      0.550    10.549 r  top/teaching_board_top/target/rd2serial/ram_mask_reg_0_1_0_5_i_122/CO[3]
                         net (fo=1, routed)           0.000    10.549    top/teaching_board_top/target/rd2serial/ram_mask_reg_0_1_0_5_i_122_n_0
    SLICE_X40Y53         CARRY4 (Prop_carry4_CI_CO[3])
                                                      0.114    10.663 r  top/teaching_board_top/target/rd2serial/ram_mask_reg_0_1_0_5_i_101/CO[3]
                         net (fo=1, routed)           0.000    10.663    top/teaching_board_top/target/rd2serial/ram_mask_reg_0_1_0_5_i_101_n_0
    SLICE_X40Y54         CARRY4 (Prop_carry4_CI_CO[3])
                                                      0.114    10.777 r  top/teaching_board_top/target/rd2serial/ram_mask_reg_0_1_0_5_i_105/CO[3]
                         net (fo=1, routed)           0.000    10.777    top/teaching_board_top/target/rd2serial/ram_mask_reg_0_1_0_5_i_105_n_0
    SLICE_X40Y55         CARRY4 (Prop_carry4_CI_CO[3])
                                                      0.114    10.891 r  top/teaching_board_top/target/rd2serial/req_size_reg[1]_i_64/CO[3]
                         net (fo=1, routed)           0.000    10.891    top/teaching_board_top/target/rd2serial/req_size_reg[1]_i_64_n_0
    SLICE_X40Y56         CARRY4 (Prop_carry4_CI_CO[3])
                                                      0.114    11.005 r  top/teaching_board_top/target/rd2serial/req_size_reg[1]_i_60/CO[3]
                         net (fo=1, routed)           0.000    11.005    top/teaching_board_top/target/rd2serial/req_size_reg[1]_i_60_n_0
    SLICE_X40Y57         CARRY4 (Prop_carry4_CI_CO[3])
                                                      0.114    11.119 r  top/teaching_board_top/target/rd2serial/req_size_reg[1]_i_59/CO[3]
                         net (fo=1, routed)           0.000    11.119    top/teaching_board_top/target/rd2serial/req_size_reg[1]_i_59_n_0
    SLICE_X40Y58         CARRY4 (Prop_carry4_CI_CO[3])
                                                      0.114    11.233 r  top/teaching_board_top/target/rd2serial/req_size_reg[1]_i_37/CO[3]
                         net (fo=1, routed)           0.000    11.233    top/teaching_board_top/target/rd2serial/req_size_reg[1]_i_37_n_0
    SLICE_X40Y59         CARRY4 (Prop_carry4_CI_CO[3])
                                                      0.114    11.347 r  top/teaching_board_top/target/rd2serial/req_size_reg[1]_i_34/CO[3]
                         net (fo=1, routed)           0.000    11.347    top/teaching_board_top/target/rd2serial/req_size_reg[1]_i_34_n_0
    SLICE_X40Y60         CARRY4 (Prop_carry4_CI_CO[3])
                                                      0.114    11.461 r  top/teaching_board_top/target/rd2serial/req_size_reg[1]_i_31/CO[3]
                         net (fo=1, routed)           0.000    11.461    top/teaching_board_top/target/rd2serial/req_size_reg[1]_i_31_n_0
    SLICE_X40Y61         CARRY4 (Prop_carry4_CI_O[2])
                                                      0.239    11.700 r  top/teaching_board_top/target/rd2serial/req_size_reg[1]_i_17/O[2]
                         net (fo=7, routed)           0.862    12.562    top/teaching_board_top/target/rd2serial/_GEN_87[62]
    SLICE_X41Y60         LUT4 (Prop_lut4_I3_O)        0.302    12.864 r  top/teaching_board_top/target/rd2serial/req_size[1]_i_84/O
                         net (fo=1, routed)           0.000    12.864    top/teaching_board_top/target/rd2serial/req_size[1]_i_84_n_0
    SLICE_X41Y60         CARRY4 (Prop_carry4_S[3]_CO[3])
                                                      0.401    13.265 r  top/teaching_board_top/target/rd2serial/req_size_reg[1]_i_45/CO[3]
                         net (fo=1, routed)           0.000    13.265    top/teaching_board_top/target/rd2serial/req_size_reg[1]_i_45_n_0
    SLICE_X41Y61         CARRY4 (Prop_carry4_CI_CO[0])
                                                      0.271    13.536 r  top/teaching_board_top/target/rd2serial/req_size_reg[1]_i_18/CO[0]
                         net (fo=163, routed)         1.036    14.572    top/teaching_board_top/target/rd2serial/_T_174
    SLICE_X37Y60         LUT3 (Prop_lut3_I1_O)        0.367    14.939 r  top/teaching_board_top/target/rd2serial/ram_mask_reg_0_1_0_5_i_155/O
                         net (fo=4, routed)           0.471    15.410    top/teaching_board_top/target/rd2serial/ram_mask_reg_0_1_0_5_i_155_n_0
    SLICE_X36Y60         LUT6 (Prop_lut6_I0_O)        0.326    15.736 r  top/teaching_board_top/target/rd2serial/ram_mask_reg_0_1_0_5_i_156/O
                         net (fo=2, routed)           0.463    16.199    top/teaching_board_top/target/rd2serial/ram_mask_reg_0_1_0_5_i_156_n_0
    SLICE_X36Y60         LUT6 (Prop_lut6_I5_O)        0.124    16.323 r  top/teaching_board_top/target/rd2serial/ram_mask_reg_0_1_0_5_i_106/O
                         net (fo=3, routed)           0.439    16.762    top/teaching_board_top/target/rd2serial/ram_mask_reg_0_1_0_5_i_106_n_0
    SLICE_X36Y61         LUT2 (Prop_lut2_I0_O)        0.124    16.886 r  top/teaching_board_top/target/rd2serial/ram_mask_reg_0_1_0_5_i_84/O
                         net (fo=5, routed)           0.605    17.491    top/teaching_board_top/target/rd2serial/ram_mask_reg_0_1_0_5_i_84_n_0
    SLICE_X38Y61         LUT5 (Prop_lut5_I4_O)        0.150    17.641 r  top/teaching_board_top/target/rd2serial/ram_mask_reg_0_1_0_5_i_93/O
                         net (fo=2, routed)           0.801    18.442    top/teaching_board_top/target/rd2serial/ram_mask_reg_0_1_0_5_i_93_n_0
    SLICE_X39Y62         LUT3 (Prop_lut3_I1_O)        0.376    18.818 r  top/teaching_board_top/target/rd2serial/ram_mask_reg_0_1_0_5_i_61/O
                         net (fo=2, routed)           0.803    19.621    top/teaching_board_top/target/rd2serial/ram_mask_reg_0_1_0_5_i_61_n_0
    SLICE_X41Y63         LUT5 (Prop_lut5_I3_O)        0.354    19.975 r  top/teaching_board_top/target/rd2serial/ram_mask_reg_0_1_0_5_i_63/O
                         net (fo=1, routed)           0.575    20.550    top/teaching_board_top/target/rd2serial/ram_mask_reg_0_1_0_5_i_63_n_0
    SLICE_X42Y61         LUT6 (Prop_lut6_I5_O)        0.332    20.882 r  top/teaching_board_top/target/rd2serial/ram_mask_reg_0_1_0_5_i_40/O
                         net (fo=1, routed)           0.000    20.882    top/teaching_board_top/target/rd2serial/ram_mask_reg_0_1_0_5_i_40_n_0
    SLICE_X42Y61         CARRY4 (Prop_carry4_S[2]_CO[3])
                                                      0.380    21.262 r  top/teaching_board_top/target/rd2serial/ram_mask_reg_0_1_0_5_i_27/CO[3]
                         net (fo=1, routed)           0.000    21.262    top/teaching_board_top/target/rd2serial/ram_mask_reg_0_1_0_5_i_27_n_0
    SLICE_X42Y62         CARRY4 (Prop_carry4_CI_CO[2])
                                                      0.229    21.491 r  top/teaching_board_top/target/rd2serial/ram_mask_reg_0_1_0_5_i_26/CO[2]
                         net (fo=1, routed)           0.411    21.902    top/teaching_board_top/target/rd2serial/_T_317[6]
    SLICE_X45Y61         LUT4 (Prop_lut4_I3_O)        0.310    22.212 r  top/teaching_board_top/target/rd2serial/ram_mask_reg_0_1_0_5_i_28/O
                         net (fo=1, routed)           0.641    22.853    top/teaching_board_top/target/rd2serial/ram_mask_reg_0_1_0_5_i_28_n_0
    SLICE_X45Y60         LUT4 (Prop_lut4_I3_O)        0.124    22.977 r  top/teaching_board_top/target/rd2serial/ram_mask_reg_0_1_0_5_i_20/O
                         net (fo=8, routed)           1.132    24.109    top/teaching_board_top/target/rd2serial/ram_mask_reg_0_1_0_5_i_20_n_0
    SLICE_X44Y40         LUT2 (Prop_lut2_I1_O)        0.124    24.233 f  top/teaching_board_top/target/rd2serial/req_address[2]_i_3/O
                         net (fo=6, routed)           0.587    24.820    top/teaching_board_top/target/rd2serial/addr_reg[2]_0
    SLICE_X41Y40         LUT4 (Prop_lut4_I2_O)        0.118    24.938 r  top/teaching_board_top/target/rd2serial/ram_mask_reg_0_1_0_5_i_29/O
                         net (fo=1, routed)           0.317    25.255    top/teaching_board_top/target/rd2serial/ram_mask_reg_0_1_0_5_i_29_n_0
    SLICE_X42Y39         LUT6 (Prop_lut6_I4_O)        0.326    25.581 r  top/teaching_board_top/target/rd2serial/ram_mask_reg_0_1_0_5_i_21/O
                         net (fo=2, routed)           0.305    25.885    top/teaching_board_top/target/rd2serial/ram_mask_reg_0_1_0_5_i_21_n_0
    SLICE_X43Y39         LUT6 (Prop_lut6_I0_O)        0.124    26.009 r  top/teaching_board_top/target/rd2serial/ram_mask_reg_0_1_0_5_i_10__0/O
                         net (fo=2, routed)           0.371    26.381    top/teaching_board_top/target/sbus/system_bus_xbar/rd2serial_auto_out_a_bits_mask[0]
    SLICE_X42Y39         LUT4 (Prop_lut4_I2_O)        0.124    26.505 r  top/teaching_board_top/target/sbus/system_bus_xbar/req_mask[0]_i_1/O
                         net (fo=2, routed)           0.979    27.483    top/teaching_board_top/target/backend/req_mask_reg[0]_0
    SLICE_X26Y39         LUT6 (Prop_lut6_I0_O)        0.124    27.607 r  top/teaching_board_top/target/backend/ram_mask_reg_0_7_0_5_i_2/O
                         net (fo=4, routed)           0.612    28.219    top/teaching_board_top/target/bh/TLBroadcastTracker_1/o_data/ram_mask_reg_0_7_0_5/DIA0
    SLICE_X22Y39         RAMD32                                       r  top/teaching_board_top/target/bh/TLBroadcastTracker_1/o_data/ram_mask_reg_0_7_0_5/RAMA/I
  -------------------------------------------------------------------    -------------------

                         (clock host_clk_i rise edge)
                                                     25.000    25.000 r  
    H16                                               0.000    25.000 r  clk (IN)
                         net (fo=0)                   0.000    25.000    clk
    H16                  IBUF (Prop_ibuf_I_O)         1.380    26.380 r  ibufg_gclk/O
                         net (fo=1, routed)           1.162    27.542    gclk_i
    MMCME2_ADV_X1Y2      MMCME2_ADV (Prop_mmcme2_adv_CLKIN1_CLKOUT0)
                                                      0.083    27.625 r  MMCME2_BASE_inst/CLKOUT0
                         net (fo=1, routed)           2.012    29.637    host_clk_i
    BUFGCTRL_X0Y16       BUFG (Prop_bufg_I_O)         0.091    29.728 r  bufg_host_clk/O
                         net (fo=7399, routed)        1.576    31.305    top/teaching_board_top/target/bh/TLBroadcastTracker_1/o_data/ram_mask_reg_0_7_0_5/WCLK
    SLICE_X22Y39         RAMD32                                       r  top/teaching_board_top/target/bh/TLBroadcastTracker_1/o_data/ram_mask_reg_0_7_0_5/RAMA/CLK
                         clock pessimism              0.517    31.822    
                         clock uncertainty           -0.082    31.740    
    SLICE_X22Y39         RAMD32 (Setup_ramd32_CLK_I)
                                                     -0.161    31.579    top/teaching_board_top/target/bh/TLBroadcastTracker_1/o_data/ram_mask_reg_0_7_0_5/RAMA
  -------------------------------------------------------------------
                         required time                         31.579    
                         arrival time                         -28.219    
  -------------------------------------------------------------------
                         slack                                  3.360    

Slack (MET) :             3.457ns  (required time - arrival time)
  Source:                 top/teaching_board_top/target/rd2serial/addr_reg[4]/C
                            (rising edge-triggered cell FDRE clocked by host_clk_i  {rise@0.000ns fall@12.500ns period=25.000ns})
  Destination:            top/teaching_board_top/target/bh/TLBroadcastTracker/o_data/ram_mask_reg_0_7_0_5/RAMC_D1/I
                            (rising edge-triggered cell RAMD32 clocked by host_clk_i  {rise@0.000ns fall@12.500ns period=25.000ns})
  Path Group:             host_clk_i
  Path Type:              Setup (Max at Slow Process Corner)
  Requirement:            25.000ns  (host_clk_i rise@25.000ns - host_clk_i rise@0.000ns)
  Data Path Delay:        21.234ns  (logic 8.820ns (41.538%)  route 12.414ns (58.462%))
  Logic Levels:           38  (CARRY4=20 LUT2=3 LUT3=2 LUT4=5 LUT5=3 LUT6=5)
  Clock Path Skew:        0.021ns (DCD - SCD + CPR)
    Destination Clock Delay (DCD):    6.304ns = ( 31.304 - 25.000 ) 
    Source Clock Delay      (SCD):    6.800ns
    Clock Pessimism Removal (CPR):    0.517ns
  Clock Uncertainty:      0.082ns  ((TSJ^2 + DJ^2)^1/2) / 2 + PE
    Total System Jitter     (TSJ):    0.071ns
    Discrete Jitter          (DJ):    0.147ns
    Phase Error              (PE):    0.000ns

    Location             Delay type                Incr(ns)  Path(ns)    Netlist Resource(s)
  -------------------------------------------------------------------    -------------------
                         (clock host_clk_i rise edge)
                                                      0.000     0.000 r  
    H16                                               0.000     0.000 r  clk (IN)
                         net (fo=0)                   0.000     0.000    clk
    H16                  IBUF (Prop_ibuf_I_O)         1.451     1.451 r  ibufg_gclk/O
                         net (fo=1, routed)           1.285     2.736    gclk_i
    MMCME2_ADV_X1Y2      MMCME2_ADV (Prop_mmcme2_adv_CLKIN1_CLKOUT0)
                                                      0.088     2.824 r  MMCME2_BASE_inst/CLKOUT0
                         net (fo=1, routed)           2.206     5.030    host_clk_i
    BUFGCTRL_X0Y16       BUFG (Prop_bufg_I_O)         0.101     5.131 r  bufg_host_clk/O
                         net (fo=7399, routed)        1.669     6.800    top/teaching_board_top/target/rd2serial/host_clk
    SLICE_X44Y47         FDRE                                         r  top/teaching_board_top/target/rd2serial/addr_reg[4]/C
  -------------------------------------------------------------------    -------------------
    SLICE_X44Y47         FDRE (Prop_fdre_C_Q)         0.456     7.256 r  top/teaching_board_top/target/rd2serial/addr_reg[4]/Q
                         net (fo=5, routed)           0.464     7.720    top/teaching_board_top/target/rd2serial/addr_reg[31]_0[1]
    SLICE_X43Y46         CARRY4 (Prop_carry4_S[0]_CO[3])
                                                      0.656     8.376 r  top/teaching_board_top/target/rd2serial/addr_reg[7]_i_2/CO[3]
                         net (fo=1, routed)           0.000     8.376    top/teaching_board_top/target/rd2serial/addr_reg[7]_i_2_n_0
    SLICE_X43Y47         CARRY4 (Prop_carry4_CI_CO[3])
                                                      0.114     8.490 r  top/teaching_board_top/target/rd2serial/addr_reg[11]_i_2/CO[3]
                         net (fo=1, routed)           0.000     8.490    top/teaching_board_top/target/rd2serial/addr_reg[11]_i_2_n_0
    SLICE_X43Y48         CARRY4 (Prop_carry4_CI_CO[3])
                                                      0.114     8.604 r  top/teaching_board_top/target/rd2serial/addr_reg[15]_i_2/CO[3]
                         net (fo=1, routed)           0.000     8.604    top/teaching_board_top/target/rd2serial/addr_reg[15]_i_2_n_0
    SLICE_X43Y49         CARRY4 (Prop_carry4_CI_CO[3])
                                                      0.114     8.718 r  top/teaching_board_top/target/rd2serial/addr_reg[19]_i_2/CO[3]
                         net (fo=1, routed)           0.001     8.719    top/teaching_board_top/target/rd2serial/addr_reg[19]_i_2_n_0
    SLICE_X43Y50         CARRY4 (Prop_carry4_CI_CO[3])
                                                      0.114     8.833 r  top/teaching_board_top/target/rd2serial/addr_reg[23]_i_2/CO[3]
                         net (fo=1, routed)           0.000     8.833    top/teaching_board_top/target/rd2serial/addr_reg[23]_i_2_n_0
    SLICE_X43Y51         CARRY4 (Prop_carry4_CI_O[1])
                                                      0.334     9.167 r  top/teaching_board_top/target/rd2serial/addr_reg[27]_i_2/O[1]
                         net (fo=3, routed)           0.529     9.696    top/teaching_board_top/target/rd2serial/_GEN_86[25]
    SLICE_X40Y52         LUT2 (Prop_lut2_I0_O)        0.303     9.999 r  top/teaching_board_top/target/rd2serial/ram_mask_reg_0_1_0_5_i_182/O
                         net (fo=1, routed)           0.000     9.999    top/teaching_board_top/target/rd2serial/ram_mask_reg_0_1_0_5_i_182_n_0
    SLICE_X40Y52         CARRY4 (Prop_carry4_S[1]_CO[3])
                                                      0.550    10.549 r  top/teaching_board_top/target/rd2serial/ram_mask_reg_0_1_0_5_i_122/CO[3]
                         net (fo=1, routed)           0.000    10.549    top/teaching_board_top/target/rd2serial/ram_mask_reg_0_1_0_5_i_122_n_0
    SLICE_X40Y53         CARRY4 (Prop_carry4_CI_CO[3])
                                                      0.114    10.663 r  top/teaching_board_top/target/rd2serial/ram_mask_reg_0_1_0_5_i_101/CO[3]
                         net (fo=1, routed)           0.000    10.663    top/teaching_board_top/target/rd2serial/ram_mask_reg_0_1_0_5_i_101_n_0
    SLICE_X40Y54         CARRY4 (Prop_carry4_CI_CO[3])
                                                      0.114    10.777 r  top/teaching_board_top/target/rd2serial/ram_mask_reg_0_1_0_5_i_105/CO[3]
                         net (fo=1, routed)           0.000    10.777    top/teaching_board_top/target/rd2serial/ram_mask_reg_0_1_0_5_i_105_n_0
    SLICE_X40Y55         CARRY4 (Prop_carry4_CI_CO[3])
                                                      0.114    10.891 r  top/teaching_board_top/target/rd2serial/req_size_reg[1]_i_64/CO[3]
                         net (fo=1, routed)           0.000    10.891    top/teaching_board_top/target/rd2serial/req_size_reg[1]_i_64_n_0
    SLICE_X40Y56         CARRY4 (Prop_carry4_CI_CO[3])
                                                      0.114    11.005 r  top/teaching_board_top/target/rd2serial/req_size_reg[1]_i_60/CO[3]
                         net (fo=1, routed)           0.000    11.005    top/teaching_board_top/target/rd2serial/req_size_reg[1]_i_60_n_0
    SLICE_X40Y57         CARRY4 (Prop_carry4_CI_CO[3])
                                                      0.114    11.119 r  top/teaching_board_top/target/rd2serial/req_size_reg[1]_i_59/CO[3]
                         net (fo=1, routed)           0.000    11.119    top/teaching_board_top/target/rd2serial/req_size_reg[1]_i_59_n_0
    SLICE_X40Y58         CARRY4 (Prop_carry4_CI_CO[3])
                                                      0.114    11.233 r  top/teaching_board_top/target/rd2serial/req_size_reg[1]_i_37/CO[3]
                         net (fo=1, routed)           0.000    11.233    top/teaching_board_top/target/rd2serial/req_size_reg[1]_i_37_n_0
    SLICE_X40Y59         CARRY4 (Prop_carry4_CI_CO[3])
                                                      0.114    11.347 r  top/teaching_board_top/target/rd2serial/req_size_reg[1]_i_34/CO[3]
                         net (fo=1, routed)           0.000    11.347    top/teaching_board_top/target/rd2serial/req_size_reg[1]_i_34_n_0
    SLICE_X40Y60         CARRY4 (Prop_carry4_CI_CO[3])
                                                      0.114    11.461 r  top/teaching_board_top/target/rd2serial/req_size_reg[1]_i_31/CO[3]
                         net (fo=1, routed)           0.000    11.461    top/teaching_board_top/target/rd2serial/req_size_reg[1]_i_31_n_0
    SLICE_X40Y61         CARRY4 (Prop_carry4_CI_O[2])
                                                      0.239    11.700 r  top/teaching_board_top/target/rd2serial/req_size_reg[1]_i_17/O[2]
                         net (fo=7, routed)           0.862    12.562    top/teaching_board_top/target/rd2serial/_GEN_87[62]
    SLICE_X41Y60         LUT4 (Prop_lut4_I3_O)        0.302    12.864 r  top/teaching_board_top/target/rd2serial/req_size[1]_i_84/O
                         net (fo=1, routed)           0.000    12.864    top/teaching_board_top/target/rd2serial/req_size[1]_i_84_n_0
    SLICE_X41Y60         CARRY4 (Prop_carry4_S[3]_CO[3])
                                                      0.401    13.265 r  top/teaching_board_top/target/rd2serial/req_size_reg[1]_i_45/CO[3]
                         net (fo=1, routed)           0.000    13.265    top/teaching_board_top/target/rd2serial/req_size_reg[1]_i_45_n_0
    SLICE_X41Y61         CARRY4 (Prop_carry4_CI_CO[0])
                                                      0.271    13.536 r  top/teaching_board_top/target/rd2serial/req_size_reg[1]_i_18/CO[0]
                         net (fo=163, routed)         1.036    14.572    top/teaching_board_top/target/rd2serial/_T_174
    SLICE_X37Y60         LUT3 (Prop_lut3_I1_O)        0.367    14.939 r  top/teaching_board_top/target/rd2serial/ram_mask_reg_0_1_0_5_i_155/O
                         net (fo=4, routed)           0.471    15.410    top/teaching_board_top/target/rd2serial/ram_mask_reg_0_1_0_5_i_155_n_0
    SLICE_X36Y60         LUT6 (Prop_lut6_I0_O)        0.326    15.736 r  top/teaching_board_top/target/rd2serial/ram_mask_reg_0_1_0_5_i_156/O
                         net (fo=2, routed)           0.463    16.199    top/teaching_board_top/target/rd2serial/ram_mask_reg_0_1_0_5_i_156_n_0
    SLICE_X36Y60         LUT6 (Prop_lut6_I5_O)        0.124    16.323 r  top/teaching_board_top/target/rd2serial/ram_mask_reg_0_1_0_5_i_106/O
                         net (fo=3, routed)           0.439    16.762    top/teaching_board_top/target/rd2serial/ram_mask_reg_0_1_0_5_i_106_n_0
    SLICE_X36Y61         LUT2 (Prop_lut2_I0_O)        0.124    16.886 r  top/teaching_board_top/target/rd2serial/ram_mask_reg_0_1_0_5_i_84/O
                         net (fo=5, routed)           0.605    17.491    top/teaching_board_top/target/rd2serial/ram_mask_reg_0_1_0_5_i_84_n_0
    SLICE_X38Y61         LUT5 (Prop_lut5_I4_O)        0.150    17.641 r  top/teaching_board_top/target/rd2serial/ram_mask_reg_0_1_0_5_i_93/O
                         net (fo=2, routed)           0.801    18.442    top/teaching_board_top/target/rd2serial/ram_mask_reg_0_1_0_5_i_93_n_0
    SLICE_X39Y62         LUT3 (Prop_lut3_I1_O)        0.376    18.818 r  top/teaching_board_top/target/rd2serial/ram_mask_reg_0_1_0_5_i_61/O
                         net (fo=2, routed)           0.803    19.621    top/teaching_board_top/target/rd2serial/ram_mask_reg_0_1_0_5_i_61_n_0
    SLICE_X41Y63         LUT5 (Prop_lut5_I3_O)        0.354    19.975 r  top/teaching_board_top/target/rd2serial/ram_mask_reg_0_1_0_5_i_63/O
                         net (fo=1, routed)           0.575    20.550    top/teaching_board_top/target/rd2serial/ram_mask_reg_0_1_0_5_i_63_n_0
    SLICE_X42Y61         LUT6 (Prop_lut6_I5_O)        0.332    20.882 r  top/teaching_board_top/target/rd2serial/ram_mask_reg_0_1_0_5_i_40/O
                         net (fo=1, routed)           0.000    20.882    top/teaching_board_top/target/rd2serial/ram_mask_reg_0_1_0_5_i_40_n_0
    SLICE_X42Y61         CARRY4 (Prop_carry4_S[2]_CO[3])
                                                      0.380    21.262 r  top/teaching_board_top/target/rd2serial/ram_mask_reg_0_1_0_5_i_27/CO[3]
                         net (fo=1, routed)           0.000    21.262    top/teaching_board_top/target/rd2serial/ram_mask_reg_0_1_0_5_i_27_n_0
    SLICE_X42Y62         CARRY4 (Prop_carry4_CI_CO[2])
                                                      0.229    21.491 f  top/teaching_board_top/target/rd2serial/ram_mask_reg_0_1_0_5_i_26/CO[2]
                         net (fo=1, routed)           0.411    21.902    top/teaching_board_top/target/rd2serial/_T_317[6]
    SLICE_X45Y61         LUT4 (Prop_lut4_I3_O)        0.310    22.212 f  top/teaching_board_top/target/rd2serial/ram_mask_reg_0_1_0_5_i_28/O
                         net (fo=1, routed)           0.641    22.853    top/teaching_board_top/target/rd2serial/ram_mask_reg_0_1_0_5_i_28_n_0
    SLICE_X45Y60         LUT4 (Prop_lut4_I3_O)        0.124    22.977 f  top/teaching_board_top/target/rd2serial/ram_mask_reg_0_1_0_5_i_20/O
                         net (fo=8, routed)           1.132    24.109    top/teaching_board_top/target/rd2serial/ram_mask_reg_0_1_0_5_i_20_n_0
    SLICE_X44Y40         LUT2 (Prop_lut2_I1_O)        0.124    24.233 r  top/teaching_board_top/target/rd2serial/req_address[2]_i_3/O
                         net (fo=6, routed)           0.587    24.820    top/teaching_board_top/target/rd2serial/addr_reg[2]_0
    SLICE_X41Y40         LUT5 (Prop_lut5_I1_O)        0.124    24.944 r  top/teaching_board_top/target/rd2serial/ram_mask_reg_0_1_0_5_i_25/O
                         net (fo=2, routed)           0.300    25.244    top/teaching_board_top/target/rd2serial/ram_mask_reg_0_1_0_5_i_25_n_0
    SLICE_X41Y40         LUT6 (Prop_lut6_I2_O)        0.124    25.368 r  top/teaching_board_top/target/rd2serial/ram_mask_reg_0_1_0_5_i_16/O
                         net (fo=2, routed)           1.037    26.405    top/teaching_board_top/target/sbus/system_bus_xbar/rd2serial_auto_out_a_bits_mask[5]
    SLICE_X27Y38         LUT4 (Prop_lut4_I2_O)        0.124    26.529 r  top/teaching_board_top/target/sbus/system_bus_xbar/req_mask[5]_i_1/O
                         net (fo=2, routed)           0.306    26.835    top/teaching_board_top/target/backend/req_mask_reg[5]_0
    SLICE_X24Y38         LUT6 (Prop_lut6_I5_O)        0.124    26.959 r  top/teaching_board_top/target/backend/ram_mask_reg_0_7_0_5_i_15/O
                         net (fo=1, routed)           0.488    27.447    top/teaching_board_top/target/backend/ram_mask_reg_0_7_0_5_i_15_n_0
    SLICE_X24Y38         LUT4 (Prop_lut4_I0_O)        0.124    27.571 r  top/teaching_board_top/target/backend/ram_mask_reg_0_7_0_5_i_5/O
                         net (fo=4, routed)           0.462    28.033    top/teaching_board_top/target/bh/TLBroadcastTracker/o_data/ram_mask_reg_0_7_0_5/DIC1
    SLICE_X22Y38         RAMD32                                       r  top/teaching_board_top/target/bh/TLBroadcastTracker/o_data/ram_mask_reg_0_7_0_5/RAMC_D1/I
  -------------------------------------------------------------------    -------------------

                         (clock host_clk_i rise edge)
                                                     25.000    25.000 r  
    H16                                               0.000    25.000 r  clk (IN)
                         net (fo=0)                   0.000    25.000    clk
    H16                  IBUF (Prop_ibuf_I_O)         1.380    26.380 r  ibufg_gclk/O
                         net (fo=1, routed)           1.162    27.542    gclk_i
    MMCME2_ADV_X1Y2      MMCME2_ADV (Prop_mmcme2_adv_CLKIN1_CLKOUT0)
                                                      0.083    27.625 r  MMCME2_BASE_inst/CLKOUT0
                         net (fo=1, routed)           2.012    29.637    host_clk_i
    BUFGCTRL_X0Y16       BUFG (Prop_bufg_I_O)         0.091    29.728 r  bufg_host_clk/O
                         net (fo=7399, routed)        1.575    31.304    top/teaching_board_top/target/bh/TLBroadcastTracker/o_data/ram_mask_reg_0_7_0_5/WCLK
    SLICE_X22Y38         RAMD32                                       r  top/teaching_board_top/target/bh/TLBroadcastTracker/o_data/ram_mask_reg_0_7_0_5/RAMC_D1/CLK
                         clock pessimism              0.517    31.821    
                         clock uncertainty           -0.082    31.739    
    SLICE_X22Y38         RAMD32 (Setup_ramd32_CLK_I)
                                                     -0.249    31.490    top/teaching_board_top/target/bh/TLBroadcastTracker/o_data/ram_mask_reg_0_7_0_5/RAMC_D1
  -------------------------------------------------------------------
                         required time                         31.490    
                         arrival time                         -28.033    
  -------------------------------------------------------------------
                         slack                                  3.457    

Slack (MET) :             3.458ns  (required time - arrival time)
  Source:                 top/teaching_board_top/target/rd2serial/addr_reg[4]/C
                            (rising edge-triggered cell FDRE clocked by host_clk_i  {rise@0.000ns fall@12.500ns period=25.000ns})
  Destination:            top/teaching_board_top/target/bh/TLBroadcastTracker_2/o_data/ram_mask_reg_0_7_6_7/RAMA_D1/I
                            (rising edge-triggered cell RAMD32 clocked by host_clk_i  {rise@0.000ns fall@12.500ns period=25.000ns})
  Path Group:             host_clk_i
  Path Type:              Setup (Max at Slow Process Corner)
  Requirement:            25.000ns  (host_clk_i rise@25.000ns - host_clk_i rise@0.000ns)
  Data Path Delay:        21.228ns  (logic 8.696ns (40.965%)  route 12.532ns (59.035%))
  Logic Levels:           37  (CARRY4=20 LUT2=3 LUT3=2 LUT4=4 LUT5=2 LUT6=6)
  Clock Path Skew:        0.025ns (DCD - SCD + CPR)
    Destination Clock Delay (DCD):    6.308ns = ( 31.308 - 25.000 ) 
    Source Clock Delay      (SCD):    6.800ns
    Clock Pessimism Removal (CPR):    0.517ns
  Clock Uncertainty:      0.082ns  ((TSJ^2 + DJ^2)^1/2) / 2 + PE
    Total System Jitter     (TSJ):    0.071ns
    Discrete Jitter          (DJ):    0.147ns
    Phase Error              (PE):    0.000ns

    Location             Delay type                Incr(ns)  Path(ns)    Netlist Resource(s)
  -------------------------------------------------------------------    -------------------
                         (clock host_clk_i rise edge)
                                                      0.000     0.000 r  
    H16                                               0.000     0.000 r  clk (IN)
                         net (fo=0)                   0.000     0.000    clk
    H16                  IBUF (Prop_ibuf_I_O)         1.451     1.451 r  ibufg_gclk/O
                         net (fo=1, routed)           1.285     2.736    gclk_i
    MMCME2_ADV_X1Y2      MMCME2_ADV (Prop_mmcme2_adv_CLKIN1_CLKOUT0)
                                                      0.088     2.824 r  MMCME2_BASE_inst/CLKOUT0
                         net (fo=1, routed)           2.206     5.030    host_clk_i
    BUFGCTRL_X0Y16       BUFG (Prop_bufg_I_O)         0.101     5.131 r  bufg_host_clk/O
                         net (fo=7399, routed)        1.669     6.800    top/teaching_board_top/target/rd2serial/host_clk
    SLICE_X44Y47         FDRE                                         r  top/teaching_board_top/target/rd2serial/addr_reg[4]/C
  -------------------------------------------------------------------    -------------------
    SLICE_X44Y47         FDRE (Prop_fdre_C_Q)         0.456     7.256 r  top/teaching_board_top/target/rd2serial/addr_reg[4]/Q
                         net (fo=5, routed)           0.464     7.720    top/teaching_board_top/target/rd2serial/addr_reg[31]_0[1]
    SLICE_X43Y46         CARRY4 (Prop_carry4_S[0]_CO[3])
                                                      0.656     8.376 r  top/teaching_board_top/target/rd2serial/addr_reg[7]_i_2/CO[3]
                         net (fo=1, routed)           0.000     8.376    top/teaching_board_top/target/rd2serial/addr_reg[7]_i_2_n_0
    SLICE_X43Y47         CARRY4 (Prop_carry4_CI_CO[3])
                                                      0.114     8.490 r  top/teaching_board_top/target/rd2serial/addr_reg[11]_i_2/CO[3]
                         net (fo=1, routed)           0.000     8.490    top/teaching_board_top/target/rd2serial/addr_reg[11]_i_2_n_0
    SLICE_X43Y48         CARRY4 (Prop_carry4_CI_CO[3])
                                                      0.114     8.604 r  top/teaching_board_top/target/rd2serial/addr_reg[15]_i_2/CO[3]
                         net (fo=1, routed)           0.000     8.604    top/teaching_board_top/target/rd2serial/addr_reg[15]_i_2_n_0
    SLICE_X43Y49         CARRY4 (Prop_carry4_CI_CO[3])
                                                      0.114     8.718 r  top/teaching_board_top/target/rd2serial/addr_reg[19]_i_2/CO[3]
                         net (fo=1, routed)           0.001     8.719    top/teaching_board_top/target/rd2serial/addr_reg[19]_i_2_n_0
    SLICE_X43Y50         CARRY4 (Prop_carry4_CI_CO[3])
                                                      0.114     8.833 r  top/teaching_board_top/target/rd2serial/addr_reg[23]_i_2/CO[3]
                         net (fo=1, routed)           0.000     8.833    top/teaching_board_top/target/rd2serial/addr_reg[23]_i_2_n_0
    SLICE_X43Y51         CARRY4 (Prop_carry4_CI_O[1])
                                                      0.334     9.167 r  top/teaching_board_top/target/rd2serial/addr_reg[27]_i_2/O[1]
                         net (fo=3, routed)           0.529     9.696    top/teaching_board_top/target/rd2serial/_GEN_86[25]
    SLICE_X40Y52         LUT2 (Prop_lut2_I0_O)        0.303     9.999 r  top/teaching_board_top/target/rd2serial/ram_mask_reg_0_1_0_5_i_182/O
                         net (fo=1, routed)           0.000     9.999    top/teaching_board_top/target/rd2serial/ram_mask_reg_0_1_0_5_i_182_n_0
    SLICE_X40Y52         CARRY4 (Prop_carry4_S[1]_CO[3])
                                                      0.550    10.549 r  top/teaching_board_top/target/rd2serial/ram_mask_reg_0_1_0_5_i_122/CO[3]
                         net (fo=1, routed)           0.000    10.549    top/teaching_board_top/target/rd2serial/ram_mask_reg_0_1_0_5_i_122_n_0
    SLICE_X40Y53         CARRY4 (Prop_carry4_CI_CO[3])
                                                      0.114    10.663 r  top/teaching_board_top/target/rd2serial/ram_mask_reg_0_1_0_5_i_101/CO[3]
                         net (fo=1, routed)           0.000    10.663    top/teaching_board_top/target/rd2serial/ram_mask_reg_0_1_0_5_i_101_n_0
    SLICE_X40Y54         CARRY4 (Prop_carry4_CI_CO[3])
                                                      0.114    10.777 r  top/teaching_board_top/target/rd2serial/ram_mask_reg_0_1_0_5_i_105/CO[3]
                         net (fo=1, routed)           0.000    10.777    top/teaching_board_top/target/rd2serial/ram_mask_reg_0_1_0_5_i_105_n_0
    SLICE_X40Y55         CARRY4 (Prop_carry4_CI_CO[3])
                                                      0.114    10.891 r  top/teaching_board_top/target/rd2serial/req_size_reg[1]_i_64/CO[3]
                         net (fo=1, routed)           0.000    10.891    top/teaching_board_top/target/rd2serial/req_size_reg[1]_i_64_n_0
    SLICE_X40Y56         CARRY4 (Prop_carry4_CI_CO[3])
                                                      0.114    11.005 r  top/teaching_board_top/target/rd2serial/req_size_reg[1]_i_60/CO[3]
                         net (fo=1, routed)           0.000    11.005    top/teaching_board_top/target/rd2serial/req_size_reg[1]_i_60_n_0
    SLICE_X40Y57         CARRY4 (Prop_carry4_CI_CO[3])
                                                      0.114    11.119 r  top/teaching_board_top/target/rd2serial/req_size_reg[1]_i_59/CO[3]
                         net (fo=1, routed)           0.000    11.119    top/teaching_board_top/target/rd2serial/req_size_reg[1]_i_59_n_0
    SLICE_X40Y58         CARRY4 (Prop_carry4_CI_CO[3])
                                                      0.114    11.233 r  top/teaching_board_top/target/rd2serial/req_size_reg[1]_i_37/CO[3]
                         net (fo=1, routed)           0.000    11.233    top/teaching_board_top/target/rd2serial/req_size_reg[1]_i_37_n_0
    SLICE_X40Y59         CARRY4 (Prop_carry4_CI_CO[3])
                                                      0.114    11.347 r  top/teaching_board_top/target/rd2serial/req_size_reg[1]_i_34/CO[3]
                         net (fo=1, routed)           0.000    11.347    top/teaching_board_top/target/rd2serial/req_size_reg[1]_i_34_n_0
    SLICE_X40Y60         CARRY4 (Prop_carry4_CI_CO[3])
                                                      0.114    11.461 r  top/teaching_board_top/target/rd2serial/req_size_reg[1]_i_31/CO[3]
                         net (fo=1, routed)           0.000    11.461    top/teaching_board_top/target/rd2serial/req_size_reg[1]_i_31_n_0
    SLICE_X40Y61         CARRY4 (Prop_carry4_CI_O[2])
                                                      0.239    11.700 r  top/teaching_board_top/target/rd2serial/req_size_reg[1]_i_17/O[2]
                         net (fo=7, routed)           0.862    12.562    top/teaching_board_top/target/rd2serial/_GEN_87[62]
    SLICE_X41Y60         LUT4 (Prop_lut4_I3_O)        0.302    12.864 r  top/teaching_board_top/target/rd2serial/req_size[1]_i_84/O
                         net (fo=1, routed)           0.000    12.864    top/teaching_board_top/target/rd2serial/req_size[1]_i_84_n_0
    SLICE_X41Y60         CARRY4 (Prop_carry4_S[3]_CO[3])
                                                      0.401    13.265 r  top/teaching_board_top/target/rd2serial/req_size_reg[1]_i_45/CO[3]
                         net (fo=1, routed)           0.000    13.265    top/teaching_board_top/target/rd2serial/req_size_reg[1]_i_45_n_0
    SLICE_X41Y61         CARRY4 (Prop_carry4_CI_CO[0])
                                                      0.271    13.536 r  top/teaching_board_top/target/rd2serial/req_size_reg[1]_i_18/CO[0]
                         net (fo=163, routed)         1.036    14.572    top/teaching_board_top/target/rd2serial/_T_174
    SLICE_X37Y60         LUT3 (Prop_lut3_I1_O)        0.367    14.939 r  top/teaching_board_top/target/rd2serial/ram_mask_reg_0_1_0_5_i_155/O
                         net (fo=4, routed)           0.471    15.410    top/teaching_board_top/target/rd2serial/ram_mask_reg_0_1_0_5_i_155_n_0
    SLICE_X36Y60         LUT6 (Prop_lut6_I0_O)        0.326    15.736 r  top/teaching_board_top/target/rd2serial/ram_mask_reg_0_1_0_5_i_156/O
                         net (fo=2, routed)           0.463    16.199    top/teaching_board_top/target/rd2serial/ram_mask_reg_0_1_0_5_i_156_n_0
    SLICE_X36Y60         LUT6 (Prop_lut6_I5_O)        0.124    16.323 r  top/teaching_board_top/target/rd2serial/ram_mask_reg_0_1_0_5_i_106/O
                         net (fo=3, routed)           0.439    16.762    top/teaching_board_top/target/rd2serial/ram_mask_reg_0_1_0_5_i_106_n_0
    SLICE_X36Y61         LUT2 (Prop_lut2_I0_O)        0.124    16.886 r  top/teaching_board_top/target/rd2serial/ram_mask_reg_0_1_0_5_i_84/O
                         net (fo=5, routed)           0.605    17.491    top/teaching_board_top/target/rd2serial/ram_mask_reg_0_1_0_5_i_84_n_0
    SLICE_X38Y61         LUT5 (Prop_lut5_I4_O)        0.150    17.641 r  top/teaching_board_top/target/rd2serial/ram_mask_reg_0_1_0_5_i_93/O
                         net (fo=2, routed)           0.801    18.442    top/teaching_board_top/target/rd2serial/ram_mask_reg_0_1_0_5_i_93_n_0
    SLICE_X39Y62         LUT3 (Prop_lut3_I1_O)        0.376    18.818 r  top/teaching_board_top/target/rd2serial/ram_mask_reg_0_1_0_5_i_61/O
                         net (fo=2, routed)           0.803    19.621    top/teaching_board_top/target/rd2serial/ram_mask_reg_0_1_0_5_i_61_n_0
    SLICE_X41Y63         LUT5 (Prop_lut5_I3_O)        0.354    19.975 r  top/teaching_board_top/target/rd2serial/ram_mask_reg_0_1_0_5_i_63/O
                         net (fo=1, routed)           0.575    20.550    top/teaching_board_top/target/rd2serial/ram_mask_reg_0_1_0_5_i_63_n_0
    SLICE_X42Y61         LUT6 (Prop_lut6_I5_O)        0.332    20.882 r  top/teaching_board_top/target/rd2serial/ram_mask_reg_0_1_0_5_i_40/O
                         net (fo=1, routed)           0.000    20.882    top/teaching_board_top/target/rd2serial/ram_mask_reg_0_1_0_5_i_40_n_0
    SLICE_X42Y61         CARRY4 (Prop_carry4_S[2]_CO[3])
                                                      0.380    21.262 r  top/teaching_board_top/target/rd2serial/ram_mask_reg_0_1_0_5_i_27/CO[3]
                         net (fo=1, routed)           0.000    21.262    top/teaching_board_top/target/rd2serial/ram_mask_reg_0_1_0_5_i_27_n_0
    SLICE_X42Y62         CARRY4 (Prop_carry4_CI_CO[2])
                                                      0.229    21.491 f  top/teaching_board_top/target/rd2serial/ram_mask_reg_0_1_0_5_i_26/CO[2]
                         net (fo=1, routed)           0.411    21.902    top/teaching_board_top/target/rd2serial/_T_317[6]
    SLICE_X45Y61         LUT4 (Prop_lut4_I3_O)        0.310    22.212 f  top/teaching_board_top/target/rd2serial/ram_mask_reg_0_1_0_5_i_28/O
                         net (fo=1, routed)           0.641    22.853    top/teaching_board_top/target/rd2serial/ram_mask_reg_0_1_0_5_i_28_n_0
    SLICE_X45Y60         LUT4 (Prop_lut4_I3_O)        0.124    22.977 f  top/teaching_board_top/target/rd2serial/ram_mask_reg_0_1_0_5_i_20/O
                         net (fo=8, routed)           1.129    24.106    top/teaching_board_top/target/rd2serial/ram_mask_reg_0_1_0_5_i_20_n_0
    SLICE_X44Y40         LUT2 (Prop_lut2_I1_O)        0.124    24.230 r  top/teaching_board_top/target/rd2serial/req_address[1]_i_3/O
                         net (fo=6, routed)           0.501    24.731    top/teaching_board_top/target/rd2serial/addr_reg[1]_0
    SLICE_X45Y40         LUT6 (Prop_lut6_I3_O)        0.124    24.855 r  top/teaching_board_top/target/rd2serial/ram_mask_reg_0_1_6_7_i_8__0/O
                         net (fo=2, routed)           0.453    25.308    top/teaching_board_top/target/bridgeV2/rd2serial_auto_out_a_bits_mask[0]
    SLICE_X44Y37         LUT6 (Prop_lut6_I4_O)        0.124    25.432 r  top/teaching_board_top/target/bridgeV2/req_mask[7]_i_1/O
                         net (fo=2, routed)           0.936    26.368    top/teaching_board_top/target/backend/req_mask_reg[7]_0
    SLICE_X27Y38         LUT6 (Prop_lut6_I5_O)        0.124    26.492 r  top/teaching_board_top/target/backend/ram_mask_reg_0_7_6_7_i_7/O
                         net (fo=1, routed)           0.433    26.926    top/teaching_board_top/target/backend/ram_mask_reg_0_7_6_7_i_7_n_0
    SLICE_X27Y38         LUT4 (Prop_lut4_I0_O)        0.124    27.050 r  top/teaching_board_top/target/backend/ram_mask_reg_0_7_6_7_i_1/O
                         net (fo=4, routed)           0.978    28.027    top/teaching_board_top/target/bh/TLBroadcastTracker_2/o_data/ram_mask_reg_0_7_6_7/DIA1
    SLICE_X22Y47         RAMD32                                       r  top/teaching_board_top/target/bh/TLBroadcastTracker_2/o_data/ram_mask_reg_0_7_6_7/RAMA_D1/I
  -------------------------------------------------------------------    -------------------

                         (clock host_clk_i rise edge)
                                                     25.000    25.000 r  
    H16                                               0.000    25.000 r  clk (IN)
                         net (fo=0)                   0.000    25.000    clk
    H16                  IBUF (Prop_ibuf_I_O)         1.380    26.380 r  ibufg_gclk/O
                         net (fo=1, routed)           1.162    27.542    gclk_i
    MMCME2_ADV_X1Y2      MMCME2_ADV (Prop_mmcme2_adv_CLKIN1_CLKOUT0)
                                                      0.083    27.625 r  MMCME2_BASE_inst/CLKOUT0
                         net (fo=1, routed)           2.012    29.637    host_clk_i
    BUFGCTRL_X0Y16       BUFG (Prop_bufg_I_O)         0.091    29.728 r  bufg_host_clk/O
                         net (fo=7399, routed)        1.579    31.308    top/teaching_board_top/target/bh/TLBroadcastTracker_2/o_data/ram_mask_reg_0_7_6_7/WCLK
    SLICE_X22Y47         RAMD32                                       r  top/teaching_board_top/target/bh/TLBroadcastTracker_2/o_data/ram_mask_reg_0_7_6_7/RAMA_D1/CLK
                         clock pessimism              0.517    31.825    
                         clock uncertainty           -0.082    31.743    
    SLICE_X22Y47         RAMD32 (Setup_ramd32_CLK_I)
                                                     -0.258    31.485    top/teaching_board_top/target/bh/TLBroadcastTracker_2/o_data/ram_mask_reg_0_7_6_7/RAMA_D1
  -------------------------------------------------------------------
                         required time                         31.485    
                         arrival time                         -28.027    
  -------------------------------------------------------------------
                         slack                                  3.458    





Min Delay Paths
--------------------------------------------------------------------------------------
Slack (MET) :             0.020ns  (arrival time - required time)
  Source:                 rocketchip_wrapper/system/system_axi_interconnect_1_0/s00_couplers_imp_8CNLH6/system_axi_interconnect_1_imp_auto_pc_0/system_axi_interconnect_1_imp_auto_pc_0_axi_protocol_converter_v2_1_37_axi_protocol_converter/system_axi_interconnect_1_imp_auto_pc_0_axi_protocol_converter_v2_1_37_axi3_conv/system_axi_interconnect_1_imp_auto_pc_0_axi_protocol_converter_v2_1_37_a_axi3_conv__parameterized0/system_axi_interconnect_1_imp_auto_pc_0_axi_data_fifo_v2_1_36_axic_fifo__parameterized1/system_axi_interconnect_1_imp_auto_pc_0_axi_data_fifo_v2_1_36_fifo_gen__parameterized1/<hidden>/<hidden>/<hidden>/<hidden>/<hidden>/<hidden>
                            (rising edge-triggered cell FDCE clocked by host_clk_i  {rise@0.000ns fall@12.500ns period=25.000ns})
  Destination:            rocketchip_wrapper/system/system_axi_interconnect_1_0/s00_couplers_imp_8CNLH6/system_axi_interconnect_1_imp_auto_pc_0/system_axi_interconnect_1_imp_auto_pc_0_axi_protocol_converter_v2_1_37_axi_protocol_converter/system_axi_interconnect_1_imp_auto_pc_0_axi_protocol_converter_v2_1_37_axi3_conv/system_axi_interconnect_1_imp_auto_pc_0_axi_protocol_converter_v2_1_37_a_axi3_conv__parameterized0/system_axi_interconnect_1_imp_auto_pc_0_axi_data_fifo_v2_1_36_axic_fifo__parameterized1/system_axi_interconnect_1_imp_auto_pc_0_axi_data_fifo_v2_1_36_fifo_gen__parameterized1/<hidden>/<hidden>/<hidden>/<hidden>/<hidden>/<hidden>/<hidden>
                            (rising edge-triggered cell RAMD32 clocked by host_clk_i  {rise@0.000ns fall@12.500ns period=25.000ns})
  Path Group:             host_clk_i
  Path Type:              Hold (Min at Fast Process Corner)
  Requirement:            0.000ns  (host_clk_i rise@0.000ns - host_clk_i rise@0.000ns)
  Data Path Delay:        0.233ns  (logic 0.141ns (60.453%)  route 0.092ns (39.547%))
  Logic Levels:           0  
  Clock Path Skew:        0.013ns (DCD - SCD - CPR)
    Destination Clock Delay (DCD):    2.613ns
    Source Clock Delay      (SCD):    2.055ns
    Clock Pessimism Removal (CPR):    0.545ns

    Location             Delay type                Incr(ns)  Path(ns)    Netlist Resource(s)
  -------------------------------------------------------------------    -------------------
                         (clock host_clk_i rise edge)
                                                      0.000     0.000 r  
    H16                                               0.000     0.000 r  clk (IN)
                         net (fo=0)                   0.000     0.000    clk
    H16                  IBUF (Prop_ibuf_I_O)         0.219     0.219 r  ibufg_gclk/O
                         net (fo=1, routed)           0.440     0.659    gclk_i
    MMCME2_ADV_X1Y2      MMCME2_ADV (Prop_mmcme2_adv_CLKIN1_CLKOUT0)
                                                      0.050     0.709 r  MMCME2_BASE_inst/CLKOUT0
                         net (fo=1, routed)           0.696     1.405    host_clk_i
    BUFGCTRL_X0Y16       BUFG (Prop_bufg_I_O)         0.026     1.431 r  bufg_host_clk/O
                         net (fo=7399, routed)        0.624     2.055    rocketchip_wrapper/system/system_axi_interconnect_1_0/s00_couplers_imp_8CNLH6/system_axi_interconnect_1_imp_auto_pc_0/system_axi_interconnect_1_imp_auto_pc_0_axi_protocol_converter_v2_1_37_axi_protocol_converter/system_axi_interconnect_1_imp_auto_pc_0_axi_protocol_converter_v2_1_37_axi3_conv/system_axi_interconnect_1_imp_auto_pc_0_axi_protocol_converter_v2_1_37_a_axi3_conv__parameterized0/system_axi_interconnect_1_imp_auto_pc_0_axi_data_fifo_v2_1_36_axic_fifo__parameterized1/system_axi_interconnect_1_imp_auto_pc_0_axi_data_fifo_v2_1_36_fifo_gen__parameterized1/<hidden>/<hidden>/<hidden>/<hidden>/<hidden>/<hidden>
    SLICE_X7Y42          FDCE                                         r  rocketchip_wrapper/system/system_axi_interconnect_1_0/s00_couplers_imp_8CNLH6/system_axi_interconnect_1_imp_auto_pc_0/system_axi_interconnect_1_imp_auto_pc_0_axi_protocol_converter_v2_1_37_axi_protocol_converter/system_axi_interconnect_1_imp_auto_pc_0_axi_protocol_converter_v2_1_37_axi3_conv/system_axi_interconnect_1_imp_auto_pc_0_axi_protocol_converter_v2_1_37_a_axi3_conv__parameterized0/system_axi_interconnect_1_imp_auto_pc_0_axi_data_fifo_v2_1_36_axic_fifo__parameterized1/system_axi_interconnect_1_imp_auto_pc_0_axi_data_fifo_v2_1_36_fifo_gen__parameterized1/<hidden>/<hidden>/<hidden>/<hidden>/<hidden>/<hidden>
  -------------------------------------------------------------------    -------------------
    SLICE_X7Y42          FDCE (Prop_fdce_C_Q)         0.141     2.196 r  rocketchip_wrapper/system/system_axi_interconnect_1_0/s00_couplers_imp_8CNLH6/system_axi_interconnect_1_imp_auto_pc_0/system_axi_interconnect_1_imp_auto_pc_0_axi_protocol_converter_v2_1_37_axi_protocol_converter/system_axi_interconnect_1_imp_auto_pc_0_axi_protocol_converter_v2_1_37_axi3_conv/system_axi_interconnect_1_imp_auto_pc_0_axi_protocol_converter_v2_1_37_a_axi3_conv__parameterized0/system_axi_interconnect_1_imp_auto_pc_0_axi_data_fifo_v2_1_36_axic_fifo__parameterized1/system_axi_interconnect_1_imp_auto_pc_0_axi_data_fifo_v2_1_36_fifo_gen__parameterized1/<hidden>/<hidden>/<hidden>/<hidden>/<hidden>/<hidden>
                         net (fo=5, routed)           0.092     2.288    rocketchip_wrapper/system/system_axi_interconnect_1_0/s00_couplers_imp_8CNLH6/system_axi_interconnect_1_imp_auto_pc_0/system_axi_interconnect_1_imp_auto_pc_0_axi_protocol_converter_v2_1_37_axi_protocol_converter/system_axi_interconnect_1_imp_auto_pc_0_axi_protocol_converter_v2_1_37_axi3_conv/system_axi_interconnect_1_imp_auto_pc_0_axi_protocol_converter_v2_1_37_a_axi3_conv__parameterized0/system_axi_interconnect_1_imp_auto_pc_0_axi_data_fifo_v2_1_36_axic_fifo__parameterized1/system_axi_interconnect_1_imp_auto_pc_0_axi_data_fifo_v2_1_36_fifo_gen__parameterized1/<hidden>/<hidden>/<hidden>/<hidden>/<hidden>/<hidden>/<hidden>
    SLICE_X6Y42          RAMD32                                       r  rocketchip_wrapper/system/system_axi_interconnect_1_0/s00_couplers_imp_8CNLH6/system_axi_interconnect_1_imp_auto_pc_0/system_axi_interconnect_1_imp_auto_pc_0_axi_protocol_converter_v2_1_37_axi_protocol_converter/system_axi_interconnect_1_imp_auto_pc_0_axi_protocol_converter_v2_1_37_axi3_conv/system_axi_interconnect_1_imp_auto_pc_0_axi_protocol_converter_v2_1_37_a_axi3_conv__parameterized0/system_axi_interconnect_1_imp_auto_pc_0_axi_data_fifo_v2_1_36_axic_fifo__parameterized1/system_axi_interconnect_1_imp_auto_pc_0_axi_data_fifo_v2_1_36_fifo_gen__parameterized1/<hidden>/<hidden>/<hidden>/<hidden>/<hidden>/<hidden>/<hidden>
  -------------------------------------------------------------------    -------------------

                         (clock host_clk_i rise edge)
                                                      0.000     0.000 r  
    H16                                               0.000     0.000 r  clk (IN)
                         net (fo=0)                   0.000     0.000    clk
    H16                  IBUF (Prop_ibuf_I_O)         0.406     0.406 r  ibufg_gclk/O
                         net (fo=1, routed)           0.480     0.886    gclk_i
    MMCME2_ADV_X1Y2      MMCME2_ADV (Prop_mmcme2_adv_CLKIN1_CLKOUT0)
                                                      0.053     0.939 r  MMCME2_BASE_inst/CLKOUT0
                         net (fo=1, routed)           0.752     1.691    host_clk_i
    BUFGCTRL_X0Y16       BUFG (Prop_bufg_I_O)         0.029     1.720 r  bufg_host_clk/O
                         net (fo=7399, routed)        0.893     2.613    rocketchip_wrapper/system/system_axi_interconnect_1_0/s00_couplers_imp_8CNLH6/system_axi_interconnect_1_imp_auto_pc_0/system_axi_interconnect_1_imp_auto_pc_0_axi_protocol_converter_v2_1_37_axi_protocol_converter/system_axi_interconnect_1_imp_auto_pc_0_axi_protocol_converter_v2_1_37_axi3_conv/system_axi_interconnect_1_imp_auto_pc_0_axi_protocol_converter_v2_1_37_a_axi3_conv__parameterized0/system_axi_interconnect_1_imp_auto_pc_0_axi_data_fifo_v2_1_36_axic_fifo__parameterized1/system_axi_interconnect_1_imp_auto_pc_0_axi_data_fifo_v2_1_36_fifo_gen__parameterized1/<hidden>/<hidden>/<hidden>/<hidden>/<hidden>/<hidden>/<hidden>
    SLICE_X6Y42          RAMD32                                       r  rocketchip_wrapper/system/system_axi_interconnect_1_0/s00_couplers_imp_8CNLH6/system_axi_interconnect_1_imp_auto_pc_0/system_axi_interconnect_1_imp_auto_pc_0_axi_protocol_converter_v2_1_37_axi_protocol_converter/system_axi_interconnect_1_imp_auto_pc_0_axi_protocol_converter_v2_1_37_axi3_conv/system_axi_interconnect_1_imp_auto_pc_0_axi_protocol_converter_v2_1_37_a_axi3_conv__parameterized0/system_axi_interconnect_1_imp_auto_pc_0_axi_data_fifo_v2_1_36_axic_fifo__parameterized1/system_axi_interconnect_1_imp_auto_pc_0_axi_data_fifo_v2_1_36_fifo_gen__parameterized1/<hidden>/<hidden>/<hidden>/<hidden>/<hidden>/<hidden>/<hidden>
                         clock pessimism             -0.545     2.068    
    SLICE_X6Y42          RAMD32 (Hold_ramd32_CLK_WADR4)
                                                      0.200     2.268    rocketchip_wrapper/system/system_axi_interconnect_1_0/s00_couplers_imp_8CNLH6/system_axi_interconnect_1_imp_auto_pc_0/system_axi_interconnect_1_imp_auto_pc_0_axi_protocol_converter_v2_1_37_axi_protocol_converter/system_axi_interconnect_1_imp_auto_pc_0_axi_protocol_converter_v2_1_37_axi3_conv/system_axi_interconnect_1_imp_auto_pc_0_axi_protocol_converter_v2_1_37_a_axi3_conv__parameterized0/system_axi_interconnect_1_imp_auto_pc_0_axi_data_fifo_v2_1_36_axic_fifo__parameterized1/system_axi_interconnect_1_imp_auto_pc_0_axi_data_fifo_v2_1_36_fifo_gen__parameterized1/<hidden>/<hidden>/<hidden>/<hidden>/<hidden>/<hidden>/<hidden>
  -------------------------------------------------------------------
                         required time                         -2.268    
                         arrival time                           2.288    
  -------------------------------------------------------------------
                         slack                                  0.020    

Slack (MET) :             0.020ns  (arrival time - required time)
  Source:                 rocketchip_wrapper/system/system_axi_interconnect_1_0/s00_couplers_imp_8CNLH6/system_axi_interconnect_1_imp_auto_pc_0/system_axi_interconnect_1_imp_auto_pc_0_axi_protocol_converter_v2_1_37_axi_protocol_converter/system_axi_interconnect_1_imp_auto_pc_0_axi_protocol_converter_v2_1_37_axi3_conv/system_axi_interconnect_1_imp_auto_pc_0_axi_protocol_converter_v2_1_37_a_axi3_conv__parameterized0/system_axi_interconnect_1_imp_auto_pc_0_axi_data_fifo_v2_1_36_axic_fifo__parameterized1/system_axi_interconnect_1_imp_auto_pc_0_axi_data_fifo_v2_1_36_fifo_gen__parameterized1/<hidden>/<hidden>/<hidden>/<hidden>/<hidden>/<hidden>
                            (rising edge-triggered cell FDCE clocked by host_clk_i  {rise@0.000ns fall@12.500ns period=25.000ns})
  Destination:            rocketchip_wrapper/system/system_axi_interconnect_1_0/s00_couplers_imp_8CNLH6/system_axi_interconnect_1_imp_auto_pc_0/system_axi_interconnect_1_imp_auto_pc_0_axi_protocol_converter_v2_1_37_axi_protocol_converter/system_axi_interconnect_1_imp_auto_pc_0_axi_protocol_converter_v2_1_37_axi3_conv/system_axi_interconnect_1_imp_auto_pc_0_axi_protocol_converter_v2_1_37_a_axi3_conv__parameterized0/system_axi_interconnect_1_imp_auto_pc_0_axi_data_fifo_v2_1_36_axic_fifo__parameterized1/system_axi_interconnect_1_imp_auto_pc_0_axi_data_fifo_v2_1_36_fifo_gen__parameterized1/<hidden>/<hidden>/<hidden>/<hidden>/<hidden>/<hidden>/<hidden>
                            (rising edge-triggered cell RAMD32 clocked by host_clk_i  {rise@0.000ns fall@12.500ns period=25.000ns})
  Path Group:             host_clk_i
  Path Type:              Hold (Min at Fast Process Corner)
  Requirement:            0.000ns  (host_clk_i rise@0.000ns - host_clk_i rise@0.000ns)
  Data Path Delay:        0.233ns  (logic 0.141ns (60.453%)  route 0.092ns (39.547%))
  Logic Levels:           0  
  Clock Path Skew:        0.013ns (DCD - SCD - CPR)
    Destination Clock Delay (DCD):    2.613ns
    Source Clock Delay      (SCD):    2.055ns
    Clock Pessimism Removal (CPR):    0.545ns

    Location             Delay type                Incr(ns)  Path(ns)    Netlist Resource(s)
  -------------------------------------------------------------------    -------------------
                         (clock host_clk_i rise edge)
                                                      0.000     0.000 r  
    H16                                               0.000     0.000 r  clk (IN)
                         net (fo=0)                   0.000     0.000    clk
    H16                  IBUF (Prop_ibuf_I_O)         0.219     0.219 r  ibufg_gclk/O
                         net (fo=1, routed)           0.440     0.659    gclk_i
    MMCME2_ADV_X1Y2      MMCME2_ADV (Prop_mmcme2_adv_CLKIN1_CLKOUT0)
                                                      0.050     0.709 r  MMCME2_BASE_inst/CLKOUT0
                         net (fo=1, routed)           0.696     1.405    host_clk_i
    BUFGCTRL_X0Y16       BUFG (Prop_bufg_I_O)         0.026     1.431 r  bufg_host_clk/O
                         net (fo=7399, routed)        0.624     2.055    rocketchip_wrapper/system/system_axi_interconnect_1_0/s00_couplers_imp_8CNLH6/system_axi_interconnect_1_imp_auto_pc_0/system_axi_interconnect_1_imp_auto_pc_0_axi_protocol_converter_v2_1_37_axi_protocol_converter/system_axi_interconnect_1_imp_auto_pc_0_axi_protocol_converter_v2_1_37_axi3_conv/system_axi_interconnect_1_imp_auto_pc_0_axi_protocol_converter_v2_1_37_a_axi3_conv__parameterized0/system_axi_interconnect_1_imp_auto_pc_0_axi_data_fifo_v2_1_36_axic_fifo__parameterized1/system_axi_interconnect_1_imp_auto_pc_0_axi_data_fifo_v2_1_36_fifo_gen__parameterized1/<hidden>/<hidden>/<hidden>/<hidden>/<hidden>/<hidden>
    SLICE_X7Y42          FDCE                                         r  rocketchip_wrapper/system/system_axi_interconnect_1_0/s00_couplers_imp_8CNLH6/system_axi_interconnect_1_imp_auto_pc_0/system_axi_interconnect_1_imp_auto_pc_0_axi_protocol_converter_v2_1_37_axi_protocol_converter/system_axi_interconnect_1_imp_auto_pc_0_axi_protocol_converter_v2_1_37_axi3_conv/system_axi_interconnect_1_imp_auto_pc_0_axi_protocol_converter_v2_1_37_a_axi3_conv__parameterized0/system_axi_interconnect_1_imp_auto_pc_0_axi_data_fifo_v2_1_36_axic_fifo__parameterized1/system_axi_interconnect_1_imp_auto_pc_0_axi_data_fifo_v2_1_36_fifo_gen__parameterized1/<hidden>/<hidden>/<hidden>/<hidden>/<hidden>/<hidden>
  -------------------------------------------------------------------    -------------------
    SLICE_X7Y42          FDCE (Prop_fdce_C_Q)         0.141     2.196 r  rocketchip_wrapper/system/system_axi_interconnect_1_0/s00_couplers_imp_8CNLH6/system_axi_interconnect_1_imp_auto_pc_0/system_axi_interconnect_1_imp_auto_pc_0_axi_protocol_converter_v2_1_37_axi_protocol_converter/system_axi_interconnect_1_imp_auto_pc_0_axi_protocol_converter_v2_1_37_axi3_conv/system_axi_interconnect_1_imp_auto_pc_0_axi_protocol_converter_v2_1_37_a_axi3_conv__parameterized0/system_axi_interconnect_1_imp_auto_pc_0_axi_data_fifo_v2_1_36_axic_fifo__parameterized1/system_axi_interconnect_1_imp_auto_pc_0_axi_data_fifo_v2_1_36_fifo_gen__parameterized1/<hidden>/<hidden>/<hidden>/<hidden>/<hidden>/<hidden>
                         net (fo=5, routed)           0.092     2.288    rocketchip_wrapper/system/system_axi_interconnect_1_0/s00_couplers_imp_8CNLH6/system_axi_interconnect_1_imp_auto_pc_0/system_axi_interconnect_1_imp_auto_pc_0_axi_protocol_converter_v2_1_37_axi_protocol_converter/system_axi_interconnect_1_imp_auto_pc_0_axi_protocol_converter_v2_1_37_axi3_conv/system_axi_interconnect_1_imp_auto_pc_0_axi_protocol_converter_v2_1_37_a_axi3_conv__parameterized0/system_axi_interconnect_1_imp_auto_pc_0_axi_data_fifo_v2_1_36_axic_fifo__parameterized1/system_axi_interconnect_1_imp_auto_pc_0_axi_data_fifo_v2_1_36_fifo_gen__parameterized1/<hidden>/<hidden>/<hidden>/<hidden>/<hidden>/<hidden>/<hidden>
    SLICE_X6Y42          RAMD32                                       r  rocketchip_wrapper/system/system_axi_interconnect_1_0/s00_couplers_imp_8CNLH6/system_axi_interconnect_1_imp_auto_pc_0/system_axi_interconnect_1_imp_auto_pc_0_axi_protocol_converter_v2_1_37_axi_protocol_converter/system_axi_interconnect_1_imp_auto_pc_0_axi_protocol_converter_v2_1_37_axi3_conv/system_axi_interconnect_1_imp_auto_pc_0_axi_protocol_converter_v2_1_37_a_axi3_conv__parameterized0/system_axi_interconnect_1_imp_auto_pc_0_axi_data_fifo_v2_1_36_axic_fifo__parameterized1/system_axi_interconnect_1_imp_auto_pc_0_axi_data_fifo_v2_1_36_fifo_gen__parameterized1/<hidden>/<hidden>/<hidden>/<hidden>/<hidden>/<hidden>/<hidden>
  -------------------------------------------------------------------    -------------------

                         (clock host_clk_i rise edge)
                                                      0.000     0.000 r  
    H16                                               0.000     0.000 r  clk (IN)
                         net (fo=0)                   0.000     0.000    clk
    H16                  IBUF (Prop_ibuf_I_O)         0.406     0.406 r  ibufg_gclk/O
                         net (fo=1, routed)           0.480     0.886    gclk_i
    MMCME2_ADV_X1Y2      MMCME2_ADV (Prop_mmcme2_adv_CLKIN1_CLKOUT0)
                                                      0.053     0.939 r  MMCME2_BASE_inst/CLKOUT0
                         net (fo=1, routed)           0.752     1.691    host_clk_i
    BUFGCTRL_X0Y16       BUFG (Prop_bufg_I_O)         0.029     1.720 r  bufg_host_clk/O
                         net (fo=7399, routed)        0.893     2.613    rocketchip_wrapper/system/system_axi_interconnect_1_0/s00_couplers_imp_8CNLH6/system_axi_interconnect_1_imp_auto_pc_0/system_axi_interconnect_1_imp_auto_pc_0_axi_protocol_converter_v2_1_37_axi_protocol_converter/system_axi_interconnect_1_imp_auto_pc_0_axi_protocol_converter_v2_1_37_axi3_conv/system_axi_interconnect_1_imp_auto_pc_0_axi_protocol_converter_v2_1_37_a_axi3_conv__parameterized0/system_axi_interconnect_1_imp_auto_pc_0_axi_data_fifo_v2_1_36_axic_fifo__parameterized1/system_axi_interconnect_1_imp_auto_pc_0_axi_data_fifo_v2_1_36_fifo_gen__parameterized1/<hidden>/<hidden>/<hidden>/<hidden>/<hidden>/<hidden>/<hidden>
    SLICE_X6Y42          RAMD32                                       r  rocketchip_wrapper/system/system_axi_interconnect_1_0/s00_couplers_imp_8CNLH6/system_axi_interconnect_1_imp_auto_pc_0/system_axi_interconnect_1_imp_auto_pc_0_axi_protocol_converter_v2_1_37_axi_protocol_converter/system_axi_interconnect_1_imp_auto_pc_0_axi_protocol_converter_v2_1_37_axi3_conv/system_axi_interconnect_1_imp_auto_pc_0_axi_protocol_converter_v2_1_37_a_axi3_conv__parameterized0/system_axi_interconnect_1_imp_auto_pc_0_axi_data_fifo_v2_1_36_axic_fifo__parameterized1/system_axi_interconnect_1_imp_auto_pc_0_axi_data_fifo_v2_1_36_fifo_gen__parameterized1/<hidden>/<hidden>/<hidden>/<hidden>/<hidden>/<hidden>/<hidden>
                         clock pessimism             -0.545     2.068    
    SLICE_X6Y42          RAMD32 (Hold_ramd32_CLK_WADR4)
                                                      0.200     2.268    rocketchip_wrapper/system/system_axi_interconnect_1_0/s00_couplers_imp_8CNLH6/system_axi_interconnect_1_imp_auto_pc_0/system_axi_interconnect_1_imp_auto_pc_0_axi_protocol_converter_v2_1_37_axi_protocol_converter/system_axi_interconnect_1_imp_auto_pc_0_axi_protocol_converter_v2_1_37_axi3_conv/system_axi_interconnect_1_imp_auto_pc_0_axi_protocol_converter_v2_1_37_a_axi3_conv__parameterized0/system_axi_interconnect_1_imp_auto_pc_0_axi_data_fifo_v2_1_36_axic_fifo__parameterized1/system_axi_interconnect_1_imp_auto_pc_0_axi_data_fifo_v2_1_36_fifo_gen__parameterized1/<hidden>/<hidden>/<hidden>/<hidden>/<hidden>/<hidden>/<hidden>
  -------------------------------------------------------------------
                         required time                         -2.268    
                         arrival time                           2.288    
  -------------------------------------------------------------------
                         slack                                  0.020    

Slack (MET) :             0.035ns  (arrival time - required time)
  Source:                 top/teaching_board_top/adapter/core/Queue_1/value_reg/C
                            (rising edge-triggered cell FDRE clocked by host_clk_i  {rise@0.000ns fall@12.500ns period=25.000ns})
  Destination:            top/teaching_board_top/adapter/core/Queue_1/ram_data_reg_0_1_24_29/RAMA/WADR0
                            (rising edge-triggered cell RAMD32 clocked by host_clk_i  {rise@0.000ns fall@12.500ns period=25.000ns})
  Path Group:             host_clk_i
  Path Type:              Hold (Min at Fast Process Corner)
  Requirement:            0.000ns  (host_clk_i rise@0.000ns - host_clk_i rise@0.000ns)
  Data Path Delay:        0.358ns  (logic 0.141ns (39.348%)  route 0.217ns (60.652%))
  Logic Levels:           0  
  Clock Path Skew:        0.013ns (DCD - SCD - CPR)
    Destination Clock Delay (DCD):    2.538ns
    Source Clock Delay      (SCD):    1.984ns
    Clock Pessimism Removal (CPR):    0.541ns

    Location             Delay type                Incr(ns)  Path(ns)    Netlist Resource(s)
  -------------------------------------------------------------------    -------------------
                         (clock host_clk_i rise edge)
                                                      0.000     0.000 r  
    H16                                               0.000     0.000 r  clk (IN)
                         net (fo=0)                   0.000     0.000    clk
    H16                  IBUF (Prop_ibuf_I_O)         0.219     0.219 r  ibufg_gclk/O
                         net (fo=1, routed)           0.440     0.659    gclk_i
    MMCME2_ADV_X1Y2      MMCME2_ADV (Prop_mmcme2_adv_CLKIN1_CLKOUT0)
                                                      0.050     0.709 r  MMCME2_BASE_inst/CLKOUT0
                         net (fo=1, routed)           0.696     1.405    host_clk_i
    BUFGCTRL_X0Y16       BUFG (Prop_bufg_I_O)         0.026     1.431 r  bufg_host_clk/O
                         net (fo=7399, routed)        0.553     1.984    top/teaching_board_top/adapter/core/Queue_1/host_clk
    SLICE_X35Y83         FDRE                                         r  top/teaching_board_top/adapter/core/Queue_1/value_reg/C
  -------------------------------------------------------------------    -------------------
    SLICE_X35Y83         FDRE (Prop_fdre_C_Q)         0.141     2.125 r  top/teaching_board_top/adapter/core/Queue_1/value_reg/Q
                         net (fo=72, routed)          0.217     2.343    top/teaching_board_top/adapter/core/Queue_1/ram_data_reg_0_1_24_29/ADDRD0
    SLICE_X34Y83         RAMD32                                       r  top/teaching_board_top/adapter/core/Queue_1/ram_data_reg_0_1_24_29/RAMA/WADR0
  -------------------------------------------------------------------    -------------------

                         (clock host_clk_i rise edge)
                                                      0.000     0.000 r  
    H16                                               0.000     0.000 r  clk (IN)
                         net (fo=0)                   0.000     0.000    clk
    H16                  IBUF (Prop_ibuf_I_O)         0.406     0.406 r  ibufg_gclk/O
                         net (fo=1, routed)           0.480     0.886    gclk_i
    MMCME2_ADV_X1Y2      MMCME2_ADV (Prop_mmcme2_adv_CLKIN1_CLKOUT0)
                                                      0.053     0.939 r  MMCME2_BASE_inst/CLKOUT0
                         net (fo=1, routed)           0.752     1.691    host_clk_i
    BUFGCTRL_X0Y16       BUFG (Prop_bufg_I_O)         0.029     1.720 r  bufg_host_clk/O
                         net (fo=7399, routed)        0.818     2.538    top/teaching_board_top/adapter/core/Queue_1/ram_data_reg_0_1_24_29/WCLK
    SLICE_X34Y83         RAMD32                                       r  top/teaching_board_top/adapter/core/Queue_1/ram_data_reg_0_1_24_29/RAMA/CLK
                         clock pessimism             -0.541     1.997    
    SLICE_X34Y83         RAMD32 (Hold_ramd32_CLK_WADR0)
                                                      0.310     2.307    top/teaching_board_top/adapter/core/Queue_1/ram_data_reg_0_1_24_29/RAMA
  -------------------------------------------------------------------
                         required time                         -2.307    
                         arrival time                           2.343    
  -------------------------------------------------------------------
                         slack                                  0.035    

Slack (MET) :             0.035ns  (arrival time - required time)
  Source:                 top/teaching_board_top/adapter/core/Queue_1/value_reg/C
                            (rising edge-triggered cell FDRE clocked by host_clk_i  {rise@0.000ns fall@12.500ns period=25.000ns})
  Destination:            top/teaching_board_top/adapter/core/Queue_1/ram_data_reg_0_1_24_29/RAMA_D1/WADR0
                            (rising edge-triggered cell RAMD32 clocked by host_clk_i  {rise@0.000ns fall@12.500ns period=25.000ns})
  Path Group:             host_clk_i
  Path Type:              Hold (Min at Fast Process Corner)
  Requirement:            0.000ns  (host_clk_i rise@0.000ns - host_clk_i rise@0.000ns)
  Data Path Delay:        0.358ns  (logic 0.141ns (39.348%)  route 0.217ns (60.652%))
  Logic Levels:           0  
  Clock Path Skew:        0.013ns (DCD - SCD - CPR)
    Destination Clock Delay (DCD):    2.538ns
    Source Clock Delay      (SCD):    1.984ns
    Clock Pessimism Removal (CPR):    0.541ns

    Location             Delay type                Incr(ns)  Path(ns)    Netlist Resource(s)
  -------------------------------------------------------------------    -------------------
                         (clock host_clk_i rise edge)
                                                      0.000     0.000 r  
    H16                                               0.000     0.000 r  clk (IN)
                         net (fo=0)                   0.000     0.000    clk
    H16                  IBUF (Prop_ibuf_I_O)         0.219     0.219 r  ibufg_gclk/O
                         net (fo=1, routed)           0.440     0.659    gclk_i
    MMCME2_ADV_X1Y2      MMCME2_ADV (Prop_mmcme2_adv_CLKIN1_CLKOUT0)
                                                      0.050     0.709 r  MMCME2_BASE_inst/CLKOUT0
                         net (fo=1, routed)           0.696     1.405    host_clk_i
    BUFGCTRL_X0Y16       BUFG (Prop_bufg_I_O)         0.026     1.431 r  bufg_host_clk/O
                         net (fo=7399, routed)        0.553     1.984    top/teaching_board_top/adapter/core/Queue_1/host_clk
    SLICE_X35Y83         FDRE                                         r  top/teaching_board_top/adapter/core/Queue_1/value_reg/C
  -------------------------------------------------------------------    -------------------
    SLICE_X35Y83         FDRE (Prop_fdre_C_Q)         0.141     2.125 r  top/teaching_board_top/adapter/core/Queue_1/value_reg/Q
                         net (fo=72, routed)          0.217     2.343    top/teaching_board_top/adapter/core/Queue_1/ram_data_reg_0_1_24_29/ADDRD0
    SLICE_X34Y83         RAMD32                                       r  top/teaching_board_top/adapter/core/Queue_1/ram_data_reg_0_1_24_29/RAMA_D1/WADR0
  -------------------------------------------------------------------    -------------------

                         (clock host_clk_i rise edge)
                                                      0.000     0.000 r  
    H16                                               0.000     0.000 r  clk (IN)
                         net (fo=0)                   0.000     0.000    clk
    H16                  IBUF (Prop_ibuf_I_O)         0.406     0.406 r  ibufg_gclk/O
                         net (fo=1, routed)           0.480     0.886    gclk_i
    MMCME2_ADV_X1Y2      MMCME2_ADV (Prop_mmcme2_adv_CLKIN1_CLKOUT0)
                                                      0.053     0.939 r  MMCME2_BASE_inst/CLKOUT0
                         net (fo=1, routed)           0.752     1.691    host_clk_i
    BUFGCTRL_X0Y16       BUFG (Prop_bufg_I_O)         0.029     1.720 r  bufg_host_clk/O
                         net (fo=7399, routed)        0.818     2.538    top/teaching_board_top/adapter/core/Queue_1/ram_data_reg_0_1_24_29/WCLK
    SLICE_X34Y83         RAMD32                                       r  top/teaching_board_top/adapter/core/Queue_1/ram_data_reg_0_1_24_29/RAMA_D1/CLK
                         clock pessimism             -0.541     1.997    
    SLICE_X34Y83         RAMD32 (Hold_ramd32_CLK_WADR0)
                                                      0.310     2.307    top/teaching_board_top/adapter/core/Queue_1/ram_data_reg_0_1_24_29/RAMA_D1
  -------------------------------------------------------------------
                         required time                         -2.307    
                         arrival time                           2.343    
  -------------------------------------------------------------------
                         slack                                  0.035    

Slack (MET) :             0.035ns  (arrival time - required time)
  Source:                 top/teaching_board_top/adapter/core/Queue_1/value_reg/C
                            (rising edge-triggered cell FDRE clocked by host_clk_i  {rise@0.000ns fall@12.500ns period=25.000ns})
  Destination:            top/teaching_board_top/adapter/core/Queue_1/ram_data_reg_0_1_24_29/RAMB/WADR0
                            (rising edge-triggered cell RAMD32 clocked by host_clk_i  {rise@0.000ns fall@12.500ns period=25.000ns})
  Path Group:             host_clk_i
  Path Type:              Hold (Min at Fast Process Corner)
  Requirement:            0.000ns  (host_clk_i rise@0.000ns - host_clk_i rise@0.000ns)
  Data Path Delay:        0.358ns  (logic 0.141ns (39.348%)  route 0.217ns (60.652%))
  Logic Levels:           0  
  Clock Path Skew:        0.013ns (DCD - SCD - CPR)
    Destination Clock Delay (DCD):    2.538ns
    Source Clock Delay      (SCD):    1.984ns
    Clock Pessimism Removal (CPR):    0.541ns

    Location             Delay type                Incr(ns)  Path(ns)    Netlist Resource(s)
  -------------------------------------------------------------------    -------------------
                         (clock host_clk_i rise edge)
                                                      0.000     0.000 r  
    H16                                               0.000     0.000 r  clk (IN)
                         net (fo=0)                   0.000     0.000    clk
    H16                  IBUF (Prop_ibuf_I_O)         0.219     0.219 r  ibufg_gclk/O
                         net (fo=1, routed)           0.440     0.659    gclk_i
    MMCME2_ADV_X1Y2      MMCME2_ADV (Prop_mmcme2_adv_CLKIN1_CLKOUT0)
                                                      0.050     0.709 r  MMCME2_BASE_inst/CLKOUT0
                         net (fo=1, routed)           0.696     1.405    host_clk_i
    BUFGCTRL_X0Y16       BUFG (Prop_bufg_I_O)         0.026     1.431 r  bufg_host_clk/O
                         net (fo=7399, routed)        0.553     1.984    top/teaching_board_top/adapter/core/Queue_1/host_clk
    SLICE_X35Y83         FDRE                                         r  top/teaching_board_top/adapter/core/Queue_1/value_reg/C
  -------------------------------------------------------------------    -------------------
    SLICE_X35Y83         FDRE (Prop_fdre_C_Q)         0.141     2.125 r  top/teaching_board_top/adapter/core/Queue_1/value_reg/Q
                         net (fo=72, routed)          0.217     2.343    top/teaching_board_top/adapter/core/Queue_1/ram_data_reg_0_1_24_29/ADDRD0
    SLICE_X34Y83         RAMD32                                       r  top/teaching_board_top/adapter/core/Queue_1/ram_data_reg_0_1_24_29/RAMB/WADR0
  -------------------------------------------------------------------    -------------------

                         (clock host_clk_i rise edge)
                                                      0.000     0.000 r  
    H16                                               0.000     0.000 r  clk (IN)
                         net (fo=0)                   0.000     0.000    clk
    H16                  IBUF (Prop_ibuf_I_O)         0.406     0.406 r  ibufg_gclk/O
                         net (fo=1, routed)           0.480     0.886    gclk_i
    MMCME2_ADV_X1Y2      MMCME2_ADV (Prop_mmcme2_adv_CLKIN1_CLKOUT0)
                                                      0.053     0.939 r  MMCME2_BASE_inst/CLKOUT0
                         net (fo=1, routed)           0.752     1.691    host_clk_i
    BUFGCTRL_X0Y16       BUFG (Prop_bufg_I_O)         0.029     1.720 r  bufg_host_clk/O
                         net (fo=7399, routed)        0.818     2.538    top/teaching_board_top/adapter/core/Queue_1/ram_data_reg_0_1_24_29/WCLK
    SLICE_X34Y83         RAMD32                                       r  top/teaching_board_top/adapter/core/Queue_1/ram_data_reg_0_1_24_29/RAMB/CLK
                         clock pessimism             -0.541     1.997    
    SLICE_X34Y83         RAMD32 (Hold_ramd32_CLK_WADR0)
                                                      0.310     2.307    top/teaching_board_top/adapter/core/Queue_1/ram_data_reg_0_1_24_29/RAMB
  -------------------------------------------------------------------
                         required time                         -2.307    
                         arrival time                           2.343    
  -------------------------------------------------------------------
                         slack                                  0.035    

Slack (MET) :             0.035ns  (arrival time - required time)
  Source:                 top/teaching_board_top/adapter/core/Queue_1/value_reg/C
                            (rising edge-triggered cell FDRE clocked by host_clk_i  {rise@0.000ns fall@12.500ns period=25.000ns})
  Destination:            top/teaching_board_top/adapter/core/Queue_1/ram_data_reg_0_1_24_29/RAMB_D1/WADR0
                            (rising edge-triggered cell RAMD32 clocked by host_clk_i  {rise@0.000ns fall@12.500ns period=25.000ns})
  Path Group:             host_clk_i
  Path Type:              Hold (Min at Fast Process Corner)
  Requirement:            0.000ns  (host_clk_i rise@0.000ns - host_clk_i rise@0.000ns)
  Data Path Delay:        0.358ns  (logic 0.141ns (39.348%)  route 0.217ns (60.652%))
  Logic Levels:           0  
  Clock Path Skew:        0.013ns (DCD - SCD - CPR)
    Destination Clock Delay (DCD):    2.538ns
    Source Clock Delay      (SCD):    1.984ns
    Clock Pessimism Removal (CPR):    0.541ns

    Location             Delay type                Incr(ns)  Path(ns)    Netlist Resource(s)
  -------------------------------------------------------------------    -------------------
                         (clock host_clk_i rise edge)
                                                      0.000     0.000 r  
    H16                                               0.000     0.000 r  clk (IN)
                         net (fo=0)                   0.000     0.000    clk
    H16                  IBUF (Prop_ibuf_I_O)         0.219     0.219 r  ibufg_gclk/O
                         net (fo=1, routed)           0.440     0.659    gclk_i
    MMCME2_ADV_X1Y2      MMCME2_ADV (Prop_mmcme2_adv_CLKIN1_CLKOUT0)
                                                      0.050     0.709 r  MMCME2_BASE_inst/CLKOUT0
                         net (fo=1, routed)           0.696     1.405    host_clk_i
    BUFGCTRL_X0Y16       BUFG (Prop_bufg_I_O)         0.026     1.431 r  bufg_host_clk/O
                         net (fo=7399, routed)        0.553     1.984    top/teaching_board_top/adapter/core/Queue_1/host_clk
    SLICE_X35Y83         FDRE                                         r  top/teaching_board_top/adapter/core/Queue_1/value_reg/C
  -------------------------------------------------------------------    -------------------
    SLICE_X35Y83         FDRE (Prop_fdre_C_Q)         0.141     2.125 r  top/teaching_board_top/adapter/core/Queue_1/value_reg/Q
                         net (fo=72, routed)          0.217     2.343    top/teaching_board_top/adapter/core/Queue_1/ram_data_reg_0_1_24_29/ADDRD0
    SLICE_X34Y83         RAMD32                                       r  top/teaching_board_top/adapter/core/Queue_1/ram_data_reg_0_1_24_29/RAMB_D1/WADR0
  -------------------------------------------------------------------    -------------------

                         (clock host_clk_i rise edge)
                                                      0.000     0.000 r  
    H16                                               0.000     0.000 r  clk (IN)
                         net (fo=0)                   0.000     0.000    clk
    H16                  IBUF (Prop_ibuf_I_O)         0.406     0.406 r  ibufg_gclk/O
                         net (fo=1, routed)           0.480     0.886    gclk_i
    MMCME2_ADV_X1Y2      MMCME2_ADV (Prop_mmcme2_adv_CLKIN1_CLKOUT0)
                                                      0.053     0.939 r  MMCME2_BASE_inst/CLKOUT0
                         net (fo=1, routed)           0.752     1.691    host_clk_i
    BUFGCTRL_X0Y16       BUFG (Prop_bufg_I_O)         0.029     1.720 r  bufg_host_clk/O
                         net (fo=7399, routed)        0.818     2.538    top/teaching_board_top/adapter/core/Queue_1/ram_data_reg_0_1_24_29/WCLK
    SLICE_X34Y83         RAMD32                                       r  top/teaching_board_top/adapter/core/Queue_1/ram_data_reg_0_1_24_29/RAMB_D1/CLK
                         clock pessimism             -0.541     1.997    
    SLICE_X34Y83         RAMD32 (Hold_ramd32_CLK_WADR0)
                                                      0.310     2.307    top/teaching_board_top/adapter/core/Queue_1/ram_data_reg_0_1_24_29/RAMB_D1
  -------------------------------------------------------------------
                         required time                         -2.307    
                         arrival time                           2.343    
  -------------------------------------------------------------------
                         slack                                  0.035    

Slack (MET) :             0.035ns  (arrival time - required time)
  Source:                 top/teaching_board_top/adapter/core/Queue_1/value_reg/C
                            (rising edge-triggered cell FDRE clocked by host_clk_i  {rise@0.000ns fall@12.500ns period=25.000ns})
  Destination:            top/teaching_board_top/adapter/core/Queue_1/ram_data_reg_0_1_24_29/RAMC/WADR0
                            (rising edge-triggered cell RAMD32 clocked by host_clk_i  {rise@0.000ns fall@12.500ns period=25.000ns})
  Path Group:             host_clk_i
  Path Type:              Hold (Min at Fast Process Corner)
  Requirement:            0.000ns  (host_clk_i rise@0.000ns - host_clk_i rise@0.000ns)
  Data Path Delay:        0.358ns  (logic 0.141ns (39.348%)  route 0.217ns (60.652%))
  Logic Levels:           0  
  Clock Path Skew:        0.013ns (DCD - SCD - CPR)
    Destination Clock Delay (DCD):    2.538ns
    Source Clock Delay      (SCD):    1.984ns
    Clock Pessimism Removal (CPR):    0.541ns

    Location             Delay type                Incr(ns)  Path(ns)    Netlist Resource(s)
  -------------------------------------------------------------------    -------------------
                         (clock host_clk_i rise edge)
                                                      0.000     0.000 r  
    H16                                               0.000     0.000 r  clk (IN)
                         net (fo=0)                   0.000     0.000    clk
    H16                  IBUF (Prop_ibuf_I_O)         0.219     0.219 r  ibufg_gclk/O
                         net (fo=1, routed)           0.440     0.659    gclk_i
    MMCME2_ADV_X1Y2      MMCME2_ADV (Prop_mmcme2_adv_CLKIN1_CLKOUT0)
                                                      0.050     0.709 r  MMCME2_BASE_inst/CLKOUT0
                         net (fo=1, routed)           0.696     1.405    host_clk_i
    BUFGCTRL_X0Y16       BUFG (Prop_bufg_I_O)         0.026     1.431 r  bufg_host_clk/O
                         net (fo=7399, routed)        0.553     1.984    top/teaching_board_top/adapter/core/Queue_1/host_clk
    SLICE_X35Y83         FDRE                                         r  top/teaching_board_top/adapter/core/Queue_1/value_reg/C
  -------------------------------------------------------------------    -------------------
    SLICE_X35Y83         FDRE (Prop_fdre_C_Q)         0.141     2.125 r  top/teaching_board_top/adapter/core/Queue_1/value_reg/Q
                         net (fo=72, routed)          0.217     2.343    top/teaching_board_top/adapter/core/Queue_1/ram_data_reg_0_1_24_29/ADDRD0
    SLICE_X34Y83         RAMD32                                       r  top/teaching_board_top/adapter/core/Queue_1/ram_data_reg_0_1_24_29/RAMC/WADR0
  -------------------------------------------------------------------    -------------------

                         (clock host_clk_i rise edge)
                                                      0.000     0.000 r  
    H16                                               0.000     0.000 r  clk (IN)
                         net (fo=0)                   0.000     0.000    clk
    H16                  IBUF (Prop_ibuf_I_O)         0.406     0.406 r  ibufg_gclk/O
                         net (fo=1, routed)           0.480     0.886    gclk_i
    MMCME2_ADV_X1Y2      MMCME2_ADV (Prop_mmcme2_adv_CLKIN1_CLKOUT0)
                                                      0.053     0.939 r  MMCME2_BASE_inst/CLKOUT0
                         net (fo=1, routed)           0.752     1.691    host_clk_i
    BUFGCTRL_X0Y16       BUFG (Prop_bufg_I_O)         0.029     1.720 r  bufg_host_clk/O
                         net (fo=7399, routed)        0.818     2.538    top/teaching_board_top/adapter/core/Queue_1/ram_data_reg_0_1_24_29/WCLK
    SLICE_X34Y83         RAMD32                                       r  top/teaching_board_top/adapter/core/Queue_1/ram_data_reg_0_1_24_29/RAMC/CLK
                         clock pessimism             -0.541     1.997    
    SLICE_X34Y83         RAMD32 (Hold_ramd32_CLK_WADR0)
                                                      0.310     2.307    top/teaching_board_top/adapter/core/Queue_1/ram_data_reg_0_1_24_29/RAMC
  -------------------------------------------------------------------
                         required time                         -2.307    
                         arrival time                           2.343    
  -------------------------------------------------------------------
                         slack                                  0.035    

Slack (MET) :             0.035ns  (arrival time - required time)
  Source:                 top/teaching_board_top/adapter/core/Queue_1/value_reg/C
                            (rising edge-triggered cell FDRE clocked by host_clk_i  {rise@0.000ns fall@12.500ns period=25.000ns})
  Destination:            top/teaching_board_top/adapter/core/Queue_1/ram_data_reg_0_1_24_29/RAMC_D1/WADR0
                            (rising edge-triggered cell RAMD32 clocked by host_clk_i  {rise@0.000ns fall@12.500ns period=25.000ns})
  Path Group:             host_clk_i
  Path Type:              Hold (Min at Fast Process Corner)
  Requirement:            0.000ns  (host_clk_i rise@0.000ns - host_clk_i rise@0.000ns)
  Data Path Delay:        0.358ns  (logic 0.141ns (39.348%)  route 0.217ns (60.652%))
  Logic Levels:           0  
  Clock Path Skew:        0.013ns (DCD - SCD - CPR)
    Destination Clock Delay (DCD):    2.538ns
    Source Clock Delay      (SCD):    1.984ns
    Clock Pessimism Removal (CPR):    0.541ns

    Location             Delay type                Incr(ns)  Path(ns)    Netlist Resource(s)
  -------------------------------------------------------------------    -------------------
                         (clock host_clk_i rise edge)
                                                      0.000     0.000 r  
    H16                                               0.000     0.000 r  clk (IN)
                         net (fo=0)                   0.000     0.000    clk
    H16                  IBUF (Prop_ibuf_I_O)         0.219     0.219 r  ibufg_gclk/O
                         net (fo=1, routed)           0.440     0.659    gclk_i
    MMCME2_ADV_X1Y2      MMCME2_ADV (Prop_mmcme2_adv_CLKIN1_CLKOUT0)
                                                      0.050     0.709 r  MMCME2_BASE_inst/CLKOUT0
                         net (fo=1, routed)           0.696     1.405    host_clk_i
    BUFGCTRL_X0Y16       BUFG (Prop_bufg_I_O)         0.026     1.431 r  bufg_host_clk/O
                         net (fo=7399, routed)        0.553     1.984    top/teaching_board_top/adapter/core/Queue_1/host_clk
    SLICE_X35Y83         FDRE                                         r  top/teaching_board_top/adapter/core/Queue_1/value_reg/C
  -------------------------------------------------------------------    -------------------
    SLICE_X35Y83         FDRE (Prop_fdre_C_Q)         0.141     2.125 r  top/teaching_board_top/adapter/core/Queue_1/value_reg/Q
                         net (fo=72, routed)          0.217     2.343    top/teaching_board_top/adapter/core/Queue_1/ram_data_reg_0_1_24_29/ADDRD0
    SLICE_X34Y83         RAMD32                                       r  top/teaching_board_top/adapter/core/Queue_1/ram_data_reg_0_1_24_29/RAMC_D1/WADR0
  -------------------------------------------------------------------    -------------------

                         (clock host_clk_i rise edge)
                                                      0.000     0.000 r  
    H16                                               0.000     0.000 r  clk (IN)
                         net (fo=0)                   0.000     0.000    clk
    H16                  IBUF (Prop_ibuf_I_O)         0.406     0.406 r  ibufg_gclk/O
                         net (fo=1, routed)           0.480     0.886    gclk_i
    MMCME2_ADV_X1Y2      MMCME2_ADV (Prop_mmcme2_adv_CLKIN1_CLKOUT0)
                                                      0.053     0.939 r  MMCME2_BASE_inst/CLKOUT0
                         net (fo=1, routed)           0.752     1.691    host_clk_i
    BUFGCTRL_X0Y16       BUFG (Prop_bufg_I_O)         0.029     1.720 r  bufg_host_clk/O
                         net (fo=7399, routed)        0.818     2.538    top/teaching_board_top/adapter/core/Queue_1/ram_data_reg_0_1_24_29/WCLK
    SLICE_X34Y83         RAMD32                                       r  top/teaching_board_top/adapter/core/Queue_1/ram_data_reg_0_1_24_29/RAMC_D1/CLK
                         clock pessimism             -0.541     1.997    
    SLICE_X34Y83         RAMD32 (Hold_ramd32_CLK_WADR0)
                                                      0.310     2.307    top/teaching_board_top/adapter/core/Queue_1/ram_data_reg_0_1_24_29/RAMC_D1
  -------------------------------------------------------------------
                         required time                         -2.307    
                         arrival time                           2.343    
  -------------------------------------------------------------------
                         slack                                  0.035    

Slack (MET) :             0.035ns  (arrival time - required time)
  Source:                 top/teaching_board_top/adapter/core/Queue_1/value_reg/C
                            (rising edge-triggered cell FDRE clocked by host_clk_i  {rise@0.000ns fall@12.500ns period=25.000ns})
  Destination:            top/teaching_board_top/adapter/core/Queue_1/ram_data_reg_0_1_24_29/RAMD/ADR0
                            (rising edge-triggered cell RAMS32 clocked by host_clk_i  {rise@0.000ns fall@12.500ns period=25.000ns})
  Path Group:             host_clk_i
  Path Type:              Hold (Min at Fast Process Corner)
  Requirement:            0.000ns  (host_clk_i rise@0.000ns - host_clk_i rise@0.000ns)
  Data Path Delay:        0.358ns  (logic 0.141ns (39.348%)  route 0.217ns (60.652%))
  Logic Levels:           0  
  Clock Path Skew:        0.013ns (DCD - SCD - CPR)
    Destination Clock Delay (DCD):    2.538ns
    Source Clock Delay      (SCD):    1.984ns
    Clock Pessimism Removal (CPR):    0.541ns

    Location             Delay type                Incr(ns)  Path(ns)    Netlist Resource(s)
  -------------------------------------------------------------------    -------------------
                         (clock host_clk_i rise edge)
                                                      0.000     0.000 r  
    H16                                               0.000     0.000 r  clk (IN)
                         net (fo=0)                   0.000     0.000    clk
    H16                  IBUF (Prop_ibuf_I_O)         0.219     0.219 r  ibufg_gclk/O
                         net (fo=1, routed)           0.440     0.659    gclk_i
    MMCME2_ADV_X1Y2      MMCME2_ADV (Prop_mmcme2_adv_CLKIN1_CLKOUT0)
                                                      0.050     0.709 r  MMCME2_BASE_inst/CLKOUT0
                         net (fo=1, routed)           0.696     1.405    host_clk_i
    BUFGCTRL_X0Y16       BUFG (Prop_bufg_I_O)         0.026     1.431 r  bufg_host_clk/O
                         net (fo=7399, routed)        0.553     1.984    top/teaching_board_top/adapter/core/Queue_1/host_clk
    SLICE_X35Y83         FDRE                                         r  top/teaching_board_top/adapter/core/Queue_1/value_reg/C
  -------------------------------------------------------------------    -------------------
    SLICE_X35Y83         FDRE (Prop_fdre_C_Q)         0.141     2.125 r  top/teaching_board_top/adapter/core/Queue_1/value_reg/Q
                         net (fo=72, routed)          0.217     2.343    top/teaching_board_top/adapter/core/Queue_1/ram_data_reg_0_1_24_29/ADDRD0
    SLICE_X34Y83         RAMS32                                       r  top/teaching_board_top/adapter/core/Queue_1/ram_data_reg_0_1_24_29/RAMD/ADR0
  -------------------------------------------------------------------    -------------------

                         (clock host_clk_i rise edge)
                                                      0.000     0.000 r  
    H16                                               0.000     0.000 r  clk (IN)
                         net (fo=0)                   0.000     0.000    clk
    H16                  IBUF (Prop_ibuf_I_O)         0.406     0.406 r  ibufg_gclk/O
                         net (fo=1, routed)           0.480     0.886    gclk_i
    MMCME2_ADV_X1Y2      MMCME2_ADV (Prop_mmcme2_adv_CLKIN1_CLKOUT0)
                                                      0.053     0.939 r  MMCME2_BASE_inst/CLKOUT0
                         net (fo=1, routed)           0.752     1.691    host_clk_i
    BUFGCTRL_X0Y16       BUFG (Prop_bufg_I_O)         0.029     1.720 r  bufg_host_clk/O
                         net (fo=7399, routed)        0.818     2.538    top/teaching_board_top/adapter/core/Queue_1/ram_data_reg_0_1_24_29/WCLK
    SLICE_X34Y83         RAMS32                                       r  top/teaching_board_top/adapter/core/Queue_1/ram_data_reg_0_1_24_29/RAMD/CLK
                         clock pessimism             -0.541     1.997    
    SLICE_X34Y83         RAMS32 (Hold_rams32_CLK_ADR0)
                                                      0.310     2.307    top/teaching_board_top/adapter/core/Queue_1/ram_data_reg_0_1_24_29/RAMD
  -------------------------------------------------------------------
                         required time                         -2.307    
                         arrival time                           2.343    
  -------------------------------------------------------------------
                         slack                                  0.035    

Slack (MET) :             0.035ns  (arrival time - required time)
  Source:                 top/teaching_board_top/adapter/core/Queue_1/value_reg/C
                            (rising edge-triggered cell FDRE clocked by host_clk_i  {rise@0.000ns fall@12.500ns period=25.000ns})
  Destination:            top/teaching_board_top/adapter/core/Queue_1/ram_data_reg_0_1_24_29/RAMD_D1/ADR0
                            (rising edge-triggered cell RAMS32 clocked by host_clk_i  {rise@0.000ns fall@12.500ns period=25.000ns})
  Path Group:             host_clk_i
  Path Type:              Hold (Min at Fast Process Corner)
  Requirement:            0.000ns  (host_clk_i rise@0.000ns - host_clk_i rise@0.000ns)
  Data Path Delay:        0.358ns  (logic 0.141ns (39.348%)  route 0.217ns (60.652%))
  Logic Levels:           0  
  Clock Path Skew:        0.013ns (DCD - SCD - CPR)
    Destination Clock Delay (DCD):    2.538ns
    Source Clock Delay      (SCD):    1.984ns
    Clock Pessimism Removal (CPR):    0.541ns

    Location             Delay type                Incr(ns)  Path(ns)    Netlist Resource(s)
  -------------------------------------------------------------------    -------------------
                         (clock host_clk_i rise edge)
                                                      0.000     0.000 r  
    H16                                               0.000     0.000 r  clk (IN)
                         net (fo=0)                   0.000     0.000    clk
    H16                  IBUF (Prop_ibuf_I_O)         0.219     0.219 r  ibufg_gclk/O
                         net (fo=1, routed)           0.440     0.659    gclk_i
    MMCME2_ADV_X1Y2      MMCME2_ADV (Prop_mmcme2_adv_CLKIN1_CLKOUT0)
                                                      0.050     0.709 r  MMCME2_BASE_inst/CLKOUT0
                         net (fo=1, routed)           0.696     1.405    host_clk_i
    BUFGCTRL_X0Y16       BUFG (Prop_bufg_I_O)         0.026     1.431 r  bufg_host_clk/O
                         net (fo=7399, routed)        0.553     1.984    top/teaching_board_top/adapter/core/Queue_1/host_clk
    SLICE_X35Y83         FDRE                                         r  top/teaching_board_top/adapter/core/Queue_1/value_reg/C
  -------------------------------------------------------------------    -------------------
    SLICE_X35Y83         FDRE (Prop_fdre_C_Q)         0.141     2.125 r  top/teaching_board_top/adapter/core/Queue_1/value_reg/Q
                         net (fo=72, routed)          0.217     2.343    top/teaching_board_top/adapter/core/Queue_1/ram_data_reg_0_1_24_29/ADDRD0
    SLICE_X34Y83         RAMS32                                       r  top/teaching_board_top/adapter/core/Queue_1/ram_data_reg_0_1_24_29/RAMD_D1/ADR0
  -------------------------------------------------------------------    -------------------

                         (clock host_clk_i rise edge)
                                                      0.000     0.000 r  
    H16                                               0.000     0.000 r  clk (IN)
                         net (fo=0)                   0.000     0.000    clk
    H16                  IBUF (Prop_ibuf_I_O)         0.406     0.406 r  ibufg_gclk/O
                         net (fo=1, routed)           0.480     0.886    gclk_i
    MMCME2_ADV_X1Y2      MMCME2_ADV (Prop_mmcme2_adv_CLKIN1_CLKOUT0)
                                                      0.053     0.939 r  MMCME2_BASE_inst/CLKOUT0
                         net (fo=1, routed)           0.752     1.691    host_clk_i
    BUFGCTRL_X0Y16       BUFG (Prop_bufg_I_O)         0.029     1.720 r  bufg_host_clk/O
                         net (fo=7399, routed)        0.818     2.538    top/teaching_board_top/adapter/core/Queue_1/ram_data_reg_0_1_24_29/WCLK
    SLICE_X34Y83         RAMS32                                       r  top/teaching_board_top/adapter/core/Queue_1/ram_data_reg_0_1_24_29/RAMD_D1/CLK
                         clock pessimism             -0.541     1.997    
    SLICE_X34Y83         RAMS32 (Hold_rams32_CLK_ADR0)
                                                      0.310     2.307    top/teaching_board_top/adapter/core/Queue_1/ram_data_reg_0_1_24_29/RAMD_D1
  -------------------------------------------------------------------
                         required time                         -2.307    
                         arrival time                           2.343    
  -------------------------------------------------------------------
                         slack                                  0.035    





Pulse Width Checks
--------------------------------------------------------------------------------------
Clock Name:         host_clk_i
Waveform(ns):       { 0.000 12.500 }
Period(ns):         25.000
Sources:            { MMCME2_BASE_inst/CLKOUT0 }

Check Type        Corner  Lib Pin             Reference Pin  Required(ns)  Actual(ns)  Slack(ns)  Location         Pin
Min Period        n/a     BUFG/I              n/a            2.155         25.000      22.845     BUFGCTRL_X0Y16   bufg_host_clk/I
Min Period        n/a     MMCME2_ADV/CLKOUT0  n/a            1.249         25.000      23.751     MMCME2_ADV_X1Y2  MMCME2_BASE_inst/CLKOUT0
Min Period        n/a     FDRE/C              n/a            1.000         25.000      24.000     SLICE_X16Y49     system_i/axi_interconnect_1/s00_couplers/auto_pc/inst/gen_axi4_axi3.axi3_conv_inst/USE_READ.USE_SPLIT_R.read_addr_inst/S_AXI_AADDR_Q_reg[0]/C
Min Period        n/a     FDRE/C              n/a            1.000         25.000      24.000     SLICE_X20Y49     system_i/axi_interconnect_1/s00_couplers/auto_pc/inst/gen_axi4_axi3.axi3_conv_inst/USE_READ.USE_SPLIT_R.read_addr_inst/S_AXI_AADDR_Q_reg[10]/C
Min Period        n/a     FDRE/C              n/a            1.000         25.000      24.000     SLICE_X20Y49     system_i/axi_interconnect_1/s00_couplers/auto_pc/inst/gen_axi4_axi3.axi3_conv_inst/USE_READ.USE_SPLIT_R.read_addr_inst/S_AXI_AADDR_Q_reg[11]/C
Min Period        n/a     FDRE/C              n/a            1.000         25.000      24.000     SLICE_X27Y53     system_i/axi_interconnect_1/s00_couplers/auto_pc/inst/gen_axi4_axi3.axi3_conv_inst/USE_READ.USE_SPLIT_R.read_addr_inst/S_AXI_AADDR_Q_reg[12]/C
Min Period        n/a     FDRE/C              n/a            1.000         25.000      24.000     SLICE_X26Y52     system_i/axi_interconnect_1/s00_couplers/auto_pc/inst/gen_axi4_axi3.axi3_conv_inst/USE_READ.USE_SPLIT_R.read_addr_inst/S_AXI_AADDR_Q_reg[13]/C
Min Period        n/a     FDRE/C              n/a            1.000         25.000      24.000     SLICE_X26Y52     system_i/axi_interconnect_1/s00_couplers/auto_pc/inst/gen_axi4_axi3.axi3_conv_inst/USE_READ.USE_SPLIT_R.read_addr_inst/S_AXI_AADDR_Q_reg[14]/C
Min Period        n/a     FDRE/C              n/a            1.000         25.000      24.000     SLICE_X20Y49     system_i/axi_interconnect_1/s00_couplers/auto_pc/inst/gen_axi4_axi3.axi3_conv_inst/USE_READ.USE_SPLIT_R.read_addr_inst/S_AXI_AADDR_Q_reg[15]/C
Min Period        n/a     FDRE/C              n/a            1.000         25.000      24.000     SLICE_X26Y54     system_i/axi_interconnect_1/s00_couplers/auto_pc/inst/gen_axi4_axi3.axi3_conv_inst/USE_READ.USE_SPLIT_R.read_addr_inst/S_AXI_AADDR_Q_reg[16]/C
Max Period        n/a     MMCME2_ADV/CLKOUT0  n/a            213.360       25.000      188.360    MMCME2_ADV_X1Y2  MMCME2_BASE_inst/CLKOUT0
Low Pulse Width   Slow    RAMD32/CLK          n/a            1.250         12.500      11.250     SLICE_X6Y42      rocketchip_wrapper/system/system_axi_interconnect_1_0/s00_couplers_imp_8CNLH6/system_axi_interconnect_1_imp_auto_pc_0/system_axi_interconnect_1_imp_auto_pc_0_axi_protocol_converter_v2_1_37_axi_protocol_converter/system_axi_interconnect_1_imp_auto_pc_0_axi_protocol_converter_v2_1_37_axi3_conv/system_axi_interconnect_1_imp_auto_pc_0_axi_protocol_converter_v2_1_37_a_axi3_conv__parameterized0/system_axi_interconnect_1_imp_auto_pc_0_axi_data_fifo_v2_1_36_axic_fifo__parameterized1/system_axi_interconnect_1_imp_auto_pc_0_axi_data_fifo_v2_1_36_fifo_gen__parameterized1/<hidden>/<hidden>/<hidden>/<hidden>/<hidden>/<hidden>/<hidden>
Low Pulse Width   Fast    RAMD32/CLK          n/a            1.250         12.500      11.250     SLICE_X6Y42      rocketchip_wrapper/system/system_axi_interconnect_1_0/s00_couplers_imp_8CNLH6/system_axi_interconnect_1_imp_auto_pc_0/system_axi_interconnect_1_imp_auto_pc_0_axi_protocol_converter_v2_1_37_axi_protocol_converter/system_axi_interconnect_1_imp_auto_pc_0_axi_protocol_converter_v2_1_37_axi3_conv/system_axi_interconnect_1_imp_auto_pc_0_axi_protocol_converter_v2_1_37_a_axi3_conv__parameterized0/system_axi_interconnect_1_imp_auto_pc_0_axi_data_fifo_v2_1_36_axic_fifo__parameterized1/system_axi_interconnect_1_imp_auto_pc_0_axi_data_fifo_v2_1_36_fifo_gen__parameterized1/<hidden>/<hidden>/<hidden>/<hidden>/<hidden>/<hidden>/<hidden>
Low Pulse Width   Slow    RAMD32/CLK          n/a            1.250         12.500      11.250     SLICE_X6Y42      rocketchip_wrapper/system/system_axi_interconnect_1_0/s00_couplers_imp_8CNLH6/system_axi_interconnect_1_imp_auto_pc_0/system_axi_interconnect_1_imp_auto_pc_0_axi_protocol_converter_v2_1_37_axi_protocol_converter/system_axi_interconnect_1_imp_auto_pc_0_axi_protocol_converter_v2_1_37_axi3_conv/system_axi_interconnect_1_imp_auto_pc_0_axi_protocol_converter_v2_1_37_a_axi3_conv__parameterized0/system_axi_interconnect_1_imp_auto_pc_0_axi_data_fifo_v2_1_36_axic_fifo__parameterized1/system_axi_interconnect_1_imp_auto_pc_0_axi_data_fifo_v2_1_36_fifo_gen__parameterized1/<hidden>/<hidden>/<hidden>/<hidden>/<hidden>/<hidden>/<hidden>
Low Pulse Width   Fast    RAMD32/CLK          n/a            1.250         12.500      11.250     SLICE_X6Y42      rocketchip_wrapper/system/system_axi_interconnect_1_0/s00_couplers_imp_8CNLH6/system_axi_interconnect_1_imp_auto_pc_0/system_axi_interconnect_1_imp_auto_pc_0_axi_protocol_converter_v2_1_37_axi_protocol_converter/system_axi_interconnect_1_imp_auto_pc_0_axi_protocol_converter_v2_1_37_axi3_conv/system_axi_interconnect_1_imp_auto_pc_0_axi_protocol_converter_v2_1_37_a_axi3_conv__parameterized0/system_axi_interconnect_1_imp_auto_pc_0_axi_data_fifo_v2_1_36_axic_fifo__parameterized1/system_axi_interconnect_1_imp_auto_pc_0_axi_data_fifo_v2_1_36_fifo_gen__parameterized1/<hidden>/<hidden>/<hidden>/<hidden>/<hidden>/<hidden>/<hidden>
Low Pulse Width   Slow    RAMD32/CLK          n/a            1.250         12.500      11.250     SLICE_X26Y57     rocketchip_wrapper/system/system_axi_interconnect_1_0/s00_couplers_imp_8CNLH6/system_axi_interconnect_1_imp_auto_pc_0/system_axi_interconnect_1_imp_auto_pc_0_axi_protocol_converter_v2_1_37_axi_protocol_converter/system_axi_interconnect_1_imp_auto_pc_0_axi_protocol_converter_v2_1_37_axi3_conv/system_axi_interconnect_1_imp_auto_pc_0_axi_protocol_converter_v2_1_37_a_axi3_conv/system_axi_interconnect_1_imp_auto_pc_0_axi_data_fifo_v2_1_36_axic_fifo/system_axi_interconnect_1_imp_auto_pc_0_axi_data_fifo_v2_1_36_fifo_gen/<hidden>/<hidden>/<hidden>/<hidden>/<hidden>/<hidden>/<hidden>
Low Pulse Width   Fast    RAMD32/CLK          n/a            1.250         12.500      11.250     SLICE_X26Y57     rocketchip_wrapper/system/system_axi_interconnect_1_0/s00_couplers_imp_8CNLH6/system_axi_interconnect_1_imp_auto_pc_0/system_axi_interconnect_1_imp_auto_pc_0_axi_protocol_converter_v2_1_37_axi_protocol_converter/system_axi_interconnect_1_imp_auto_pc_0_axi_protocol_converter_v2_1_37_axi3_conv/system_axi_interconnect_1_imp_auto_pc_0_axi_protocol_converter_v2_1_37_a_axi3_conv/system_axi_interconnect_1_imp_auto_pc_0_axi_data_fifo_v2_1_36_axic_fifo/system_axi_interconnect_1_imp_auto_pc_0_axi_data_fifo_v2_1_36_fifo_gen/<hidden>/<hidden>/<hidden>/<hidden>/<hidden>/<hidden>/<hidden>
Low Pulse Width   Slow    RAMD32/CLK          n/a            1.250         12.500      11.250     SLICE_X26Y57     rocketchip_wrapper/system/system_axi_interconnect_1_0/s00_couplers_imp_8CNLH6/system_axi_interconnect_1_imp_auto_pc_0/system_axi_interconnect_1_imp_auto_pc_0_axi_protocol_converter_v2_1_37_axi_protocol_converter/system_axi_interconnect_1_imp_auto_pc_0_axi_protocol_converter_v2_1_37_axi3_conv/system_axi_interconnect_1_imp_auto_pc_0_axi_protocol_converter_v2_1_37_a_axi3_conv/system_axi_interconnect_1_imp_auto_pc_0_axi_data_fifo_v2_1_36_axic_fifo/system_axi_interconnect_1_imp_auto_pc_0_axi_data_fifo_v2_1_36_fifo_gen/<hidden>/<hidden>/<hidden>/<hidden>/<hidden>/<hidden>/<hidden>
Low Pulse Width   Fast    RAMD32/CLK          n/a            1.250         12.500      11.250     SLICE_X26Y57     rocketchip_wrapper/system/system_axi_interconnect_1_0/s00_couplers_imp_8CNLH6/system_axi_interconnect_1_imp_auto_pc_0/system_axi_interconnect_1_imp_auto_pc_0_axi_protocol_converter_v2_1_37_axi_protocol_converter/system_axi_interconnect_1_imp_auto_pc_0_axi_protocol_converter_v2_1_37_axi3_conv/system_axi_interconnect_1_imp_auto_pc_0_axi_protocol_converter_v2_1_37_a_axi3_conv/system_axi_interconnect_1_imp_auto_pc_0_axi_data_fifo_v2_1_36_axic_fifo/system_axi_interconnect_1_imp_auto_pc_0_axi_data_fifo_v2_1_36_fifo_gen/<hidden>/<hidden>/<hidden>/<hidden>/<hidden>/<hidden>/<hidden>
Low Pulse Width   Slow    RAMD32/CLK          n/a            1.250         12.500      11.250     SLICE_X26Y57     rocketchip_wrapper/system/system_axi_interconnect_1_0/s00_couplers_imp_8CNLH6/system_axi_interconnect_1_imp_auto_pc_0/system_axi_interconnect_1_imp_auto_pc_0_axi_protocol_converter_v2_1_37_axi_protocol_converter/system_axi_interconnect_1_imp_auto_pc_0_axi_protocol_converter_v2_1_37_axi3_conv/system_axi_interconnect_1_imp_auto_pc_0_axi_protocol_converter_v2_1_37_a_axi3_conv/system_axi_interconnect_1_imp_auto_pc_0_axi_data_fifo_v2_1_36_axic_fifo/system_axi_interconnect_1_imp_auto_pc_0_axi_data_fifo_v2_1_36_fifo_gen/<hidden>/<hidden>/<hidden>/<hidden>/<hidden>/<hidden>/<hidden>
Low Pulse Width   Fast    RAMD32/CLK          n/a            1.250         12.500      11.250     SLICE_X26Y57     rocketchip_wrapper/system/system_axi_interconnect_1_0/s00_couplers_imp_8CNLH6/system_axi_interconnect_1_imp_auto_pc_0/system_axi_interconnect_1_imp_auto_pc_0_axi_protocol_converter_v2_1_37_axi_protocol_converter/system_axi_interconnect_1_imp_auto_pc_0_axi_protocol_converter_v2_1_37_axi3_conv/system_axi_interconnect_1_imp_auto_pc_0_axi_protocol_converter_v2_1_37_a_axi3_conv/system_axi_interconnect_1_imp_auto_pc_0_axi_data_fifo_v2_1_36_axic_fifo/system_axi_interconnect_1_imp_auto_pc_0_axi_data_fifo_v2_1_36_fifo_gen/<hidden>/<hidden>/<hidden>/<hidden>/<hidden>/<hidden>/<hidden>
High Pulse Width  Slow    RAMD32/CLK          n/a            1.250         12.500      11.250     SLICE_X6Y42      rocketchip_wrapper/system/system_axi_interconnect_1_0/s00_couplers_imp_8CNLH6/system_axi_interconnect_1_imp_auto_pc_0/system_axi_interconnect_1_imp_auto_pc_0_axi_protocol_converter_v2_1_37_axi_protocol_converter/system_axi_interconnect_1_imp_auto_pc_0_axi_protocol_converter_v2_1_37_axi3_conv/system_axi_interconnect_1_imp_auto_pc_0_axi_protocol_converter_v2_1_37_a_axi3_conv__parameterized0/system_axi_interconnect_1_imp_auto_pc_0_axi_data_fifo_v2_1_36_axic_fifo__parameterized1/system_axi_interconnect_1_imp_auto_pc_0_axi_data_fifo_v2_1_36_fifo_gen__parameterized1/<hidden>/<hidden>/<hidden>/<hidden>/<hidden>/<hidden>/<hidden>
High Pulse Width  Fast    RAMD32/CLK          n/a            1.250         12.500      11.250     SLICE_X6Y42      rocketchip_wrapper/system/system_axi_interconnect_1_0/s00_couplers_imp_8CNLH6/system_axi_interconnect_1_imp_auto_pc_0/system_axi_interconnect_1_imp_auto_pc_0_axi_protocol_converter_v2_1_37_axi_protocol_converter/system_axi_interconnect_1_imp_auto_pc_0_axi_protocol_converter_v2_1_37_axi3_conv/system_axi_interconnect_1_imp_auto_pc_0_axi_protocol_converter_v2_1_37_a_axi3_conv__parameterized0/system_axi_interconnect_1_imp_auto_pc_0_axi_data_fifo_v2_1_36_axic_fifo__parameterized1/system_axi_interconnect_1_imp_auto_pc_0_axi_data_fifo_v2_1_36_fifo_gen__parameterized1/<hidden>/<hidden>/<hidden>/<hidden>/<hidden>/<hidden>/<hidden>
High Pulse Width  Slow    RAMD32/CLK          n/a            1.250         12.500      11.250     SLICE_X6Y42      rocketchip_wrapper/system/system_axi_interconnect_1_0/s00_couplers_imp_8CNLH6/system_axi_interconnect_1_imp_auto_pc_0/system_axi_interconnect_1_imp_auto_pc_0_axi_protocol_converter_v2_1_37_axi_protocol_converter/system_axi_interconnect_1_imp_auto_pc_0_axi_protocol_converter_v2_1_37_axi3_conv/system_axi_interconnect_1_imp_auto_pc_0_axi_protocol_converter_v2_1_37_a_axi3_conv__parameterized0/system_axi_interconnect_1_imp_auto_pc_0_axi_data_fifo_v2_1_36_axic_fifo__parameterized1/system_axi_interconnect_1_imp_auto_pc_0_axi_data_fifo_v2_1_36_fifo_gen__parameterized1/<hidden>/<hidden>/<hidden>/<hidden>/<hidden>/<hidden>/<hidden>
High Pulse Width  Fast    RAMD32/CLK          n/a            1.250         12.500      11.250     SLICE_X6Y42      rocketchip_wrapper/system/system_axi_interconnect_1_0/s00_couplers_imp_8CNLH6/system_axi_interconnect_1_imp_auto_pc_0/system_axi_interconnect_1_imp_auto_pc_0_axi_protocol_converter_v2_1_37_axi_protocol_converter/system_axi_interconnect_1_imp_auto_pc_0_axi_protocol_converter_v2_1_37_axi3_conv/system_axi_interconnect_1_imp_auto_pc_0_axi_protocol_converter_v2_1_37_a_axi3_conv__parameterized0/system_axi_interconnect_1_imp_auto_pc_0_axi_data_fifo_v2_1_36_axic_fifo__parameterized1/system_axi_interconnect_1_imp_auto_pc_0_axi_data_fifo_v2_1_36_fifo_gen__parameterized1/<hidden>/<hidden>/<hidden>/<hidden>/<hidden>/<hidden>/<hidden>
High Pulse Width  Slow    RAMD32/CLK          n/a            1.250         12.500      11.250     SLICE_X26Y57     rocketchip_wrapper/system/system_axi_interconnect_1_0/s00_couplers_imp_8CNLH6/system_axi_interconnect_1_imp_auto_pc_0/system_axi_interconnect_1_imp_auto_pc_0_axi_protocol_converter_v2_1_37_axi_protocol_converter/system_axi_interconnect_1_imp_auto_pc_0_axi_protocol_converter_v2_1_37_axi3_conv/system_axi_interconnect_1_imp_auto_pc_0_axi_protocol_converter_v2_1_37_a_axi3_conv/system_axi_interconnect_1_imp_auto_pc_0_axi_data_fifo_v2_1_36_axic_fifo/system_axi_interconnect_1_imp_auto_pc_0_axi_data_fifo_v2_1_36_fifo_gen/<hidden>/<hidden>/<hidden>/<hidden>/<hidden>/<hidden>/<hidden>
High Pulse Width  Fast    RAMD32/CLK          n/a            1.250         12.500      11.250     SLICE_X26Y57     rocketchip_wrapper/system/system_axi_interconnect_1_0/s00_couplers_imp_8CNLH6/system_axi_interconnect_1_imp_auto_pc_0/system_axi_interconnect_1_imp_auto_pc_0_axi_protocol_converter_v2_1_37_axi_protocol_converter/system_axi_interconnect_1_imp_auto_pc_0_axi_protocol_converter_v2_1_37_axi3_conv/system_axi_interconnect_1_imp_auto_pc_0_axi_protocol_converter_v2_1_37_a_axi3_conv/system_axi_interconnect_1_imp_auto_pc_0_axi_data_fifo_v2_1_36_axic_fifo/system_axi_interconnect_1_imp_auto_pc_0_axi_data_fifo_v2_1_36_fifo_gen/<hidden>/<hidden>/<hidden>/<hidden>/<hidden>/<hidden>/<hidden>
High Pulse Width  Slow    RAMD32/CLK          n/a            1.250         12.500      11.250     SLICE_X26Y57     rocketchip_wrapper/system/system_axi_interconnect_1_0/s00_couplers_imp_8CNLH6/system_axi_interconnect_1_imp_auto_pc_0/system_axi_interconnect_1_imp_auto_pc_0_axi_protocol_converter_v2_1_37_axi_protocol_converter/system_axi_interconnect_1_imp_auto_pc_0_axi_protocol_converter_v2_1_37_axi3_conv/system_axi_interconnect_1_imp_auto_pc_0_axi_protocol_converter_v2_1_37_a_axi3_conv/system_axi_interconnect_1_imp_auto_pc_0_axi_data_fifo_v2_1_36_axic_fifo/system_axi_interconnect_1_imp_auto_pc_0_axi_data_fifo_v2_1_36_fifo_gen/<hidden>/<hidden>/<hidden>/<hidden>/<hidden>/<hidden>/<hidden>
High Pulse Width  Fast    RAMD32/CLK          n/a            1.250         12.500      11.250     SLICE_X26Y57     rocketchip_wrapper/system/system_axi_interconnect_1_0/s00_couplers_imp_8CNLH6/system_axi_interconnect_1_imp_auto_pc_0/system_axi_interconnect_1_imp_auto_pc_0_axi_protocol_converter_v2_1_37_axi_protocol_converter/system_axi_interconnect_1_imp_auto_pc_0_axi_protocol_converter_v2_1_37_axi3_conv/system_axi_interconnect_1_imp_auto_pc_0_axi_protocol_converter_v2_1_37_a_axi3_conv/system_axi_interconnect_1_imp_auto_pc_0_axi_data_fifo_v2_1_36_axic_fifo/system_axi_interconnect_1_imp_auto_pc_0_axi_data_fifo_v2_1_36_fifo_gen/<hidden>/<hidden>/<hidden>/<hidden>/<hidden>/<hidden>/<hidden>
High Pulse Width  Slow    RAMD32/CLK          n/a            1.250         12.500      11.250     SLICE_X26Y57     rocketchip_wrapper/system/system_axi_interconnect_1_0/s00_couplers_imp_8CNLH6/system_axi_interconnect_1_imp_auto_pc_0/system_axi_interconnect_1_imp_auto_pc_0_axi_protocol_converter_v2_1_37_axi_protocol_converter/system_axi_interconnect_1_imp_auto_pc_0_axi_protocol_converter_v2_1_37_axi3_conv/system_axi_interconnect_1_imp_auto_pc_0_axi_protocol_converter_v2_1_37_a_axi3_conv/system_axi_interconnect_1_imp_auto_pc_0_axi_data_fifo_v2_1_36_axic_fifo/system_axi_interconnect_1_imp_auto_pc_0_axi_data_fifo_v2_1_36_fifo_gen/<hidden>/<hidden>/<hidden>/<hidden>/<hidden>/<hidden>/<hidden>
High Pulse Width  Fast    RAMD32/CLK          n/a            1.250         12.500      11.250     SLICE_X26Y57     rocketchip_wrapper/system/system_axi_interconnect_1_0/s00_couplers_imp_8CNLH6/system_axi_interconnect_1_imp_auto_pc_0/system_axi_interconnect_1_imp_auto_pc_0_axi_protocol_converter_v2_1_37_axi_protocol_converter/system_axi_interconnect_1_imp_auto_pc_0_axi_protocol_converter_v2_1_37_axi3_conv/system_axi_interconnect_1_imp_auto_pc_0_axi_protocol_converter_v2_1_37_a_axi3_conv/system_axi_interconnect_1_imp_auto_pc_0_axi_data_fifo_v2_1_36_axic_fifo/system_axi_interconnect_1_imp_auto_pc_0_axi_data_fifo_v2_1_36_fifo_gen/<hidden>/<hidden>/<hidden>/<hidden>/<hidden>/<hidden>/<hidden>



---------------------------------------------------------------------------------------------------
Path Group:  **async_default**
From Clock:  host_clk_i
  To Clock:  host_clk_i

Setup :            0  Failing Endpoints,  Worst Slack       20.763ns,  Total Violation        0.000ns
Hold  :            0  Failing Endpoints,  Worst Slack        0.482ns,  Total Violation        0.000ns
---------------------------------------------------------------------------------------------------


Max Delay Paths
--------------------------------------------------------------------------------------
Slack (MET) :             20.763ns  (required time - arrival time)
  Source:                 rocketchip_wrapper/system/system_axi_interconnect_1_0/s00_couplers_imp_8CNLH6/system_axi_interconnect_1_imp_auto_pc_0/system_axi_interconnect_1_imp_auto_pc_0_axi_protocol_converter_v2_1_37_axi_protocol_converter/system_axi_interconnect_1_imp_auto_pc_0_axi_protocol_converter_v2_1_37_axi3_conv/system_axi_interconnect_1_imp_auto_pc_0_axi_protocol_converter_v2_1_37_a_axi3_conv/system_axi_interconnect_1_imp_auto_pc_0_axi_data_fifo_v2_1_36_axic_fifo/system_axi_interconnect_1_imp_auto_pc_0_axi_data_fifo_v2_1_36_fifo_gen/<hidden>/<hidden>/<hidden>/<hidden>/<hidden>/<hidden>
                            (rising edge-triggered cell FDPE clocked by host_clk_i  {rise@0.000ns fall@12.500ns period=25.000ns})
  Destination:            rocketchip_wrapper/system/system_axi_interconnect_1_0/s00_couplers_imp_8CNLH6/system_axi_interconnect_1_imp_auto_pc_0/system_axi_interconnect_1_imp_auto_pc_0_axi_protocol_converter_v2_1_37_axi_protocol_converter/system_axi_interconnect_1_imp_auto_pc_0_axi_protocol_converter_v2_1_37_axi3_conv/system_axi_interconnect_1_imp_auto_pc_0_axi_protocol_converter_v2_1_37_a_axi3_conv/system_axi_interconnect_1_imp_auto_pc_0_axi_data_fifo_v2_1_36_axic_fifo/system_axi_interconnect_1_imp_auto_pc_0_axi_data_fifo_v2_1_36_fifo_gen/<hidden>/<hidden>/<hidden>/<hidden>/<hidden>/<hidden>
                            (recovery check against rising-edge clock host_clk_i  {rise@0.000ns fall@12.500ns period=25.000ns})
  Path Group:             **async_default**
  Path Type:              Recovery (Max at Slow Process Corner)
  Requirement:            25.000ns  (host_clk_i rise@25.000ns - host_clk_i rise@0.000ns)
  Data Path Delay:        3.511ns  (logic 0.773ns (22.014%)  route 2.738ns (77.986%))
  Logic Levels:           1  (LUT3=1)
  Clock Path Skew:        -0.239ns (DCD - SCD + CPR)
    Destination Clock Delay (DCD):    6.247ns = ( 31.247 - 25.000 ) 
    Source Clock Delay      (SCD):    6.889ns
    Clock Pessimism Removal (CPR):    0.402ns
  Clock Uncertainty:      0.082ns  ((TSJ^2 + DJ^2)^1/2) / 2 + PE
    Total System Jitter     (TSJ):    0.071ns
    Discrete Jitter          (DJ):    0.147ns
    Phase Error              (PE):    0.000ns

    Location             Delay type                Incr(ns)  Path(ns)    Netlist Resource(s)
  -------------------------------------------------------------------    -------------------
                         (clock host_clk_i rise edge)
                                                      0.000     0.000 r  
    H16                                               0.000     0.000 r  clk (IN)
                         net (fo=0)                   0.000     0.000    clk
    H16                  IBUF (Prop_ibuf_I_O)         1.451     1.451 r  ibufg_gclk/O
                         net (fo=1, routed)           1.285     2.736    gclk_i
    MMCME2_ADV_X1Y2      MMCME2_ADV (Prop_mmcme2_adv_CLKIN1_CLKOUT0)
                                                      0.088     2.824 r  MMCME2_BASE_inst/CLKOUT0
                         net (fo=1, routed)           2.206     5.030    host_clk_i
    BUFGCTRL_X0Y16       BUFG (Prop_bufg_I_O)         0.101     5.131 r  bufg_host_clk/O
                         net (fo=7399, routed)        1.758     6.889    rocketchip_wrapper/system/system_axi_interconnect_1_0/s00_couplers_imp_8CNLH6/system_axi_interconnect_1_imp_auto_pc_0/system_axi_interconnect_1_imp_auto_pc_0_axi_protocol_converter_v2_1_37_axi_protocol_converter/system_axi_interconnect_1_imp_auto_pc_0_axi_protocol_converter_v2_1_37_axi3_conv/system_axi_interconnect_1_imp_auto_pc_0_axi_protocol_converter_v2_1_37_a_axi3_conv/system_axi_interconnect_1_imp_auto_pc_0_axi_data_fifo_v2_1_36_axic_fifo/system_axi_interconnect_1_imp_auto_pc_0_axi_data_fifo_v2_1_36_fifo_gen/<hidden>/<hidden>/<hidden>/<hidden>/<hidden>/<hidden>
    SLICE_X14Y49         FDPE                                         r  rocketchip_wrapper/system/system_axi_interconnect_1_0/s00_couplers_imp_8CNLH6/system_axi_interconnect_1_imp_auto_pc_0/system_axi_interconnect_1_imp_auto_pc_0_axi_protocol_converter_v2_1_37_axi_protocol_converter/system_axi_interconnect_1_imp_auto_pc_0_axi_protocol_converter_v2_1_37_axi3_conv/system_axi_interconnect_1_imp_auto_pc_0_axi_protocol_converter_v2_1_37_a_axi3_conv/system_axi_interconnect_1_imp_auto_pc_0_axi_data_fifo_v2_1_36_axic_fifo/system_axi_interconnect_1_imp_auto_pc_0_axi_data_fifo_v2_1_36_fifo_gen/<hidden>/<hidden>/<hidden>/<hidden>/<hidden>/<hidden>
  -------------------------------------------------------------------    -------------------
    SLICE_X14Y49         FDPE (Prop_fdpe_C_Q)         0.478     7.367 f  rocketchip_wrapper/system/system_axi_interconnect_1_0/s00_couplers_imp_8CNLH6/system_axi_interconnect_1_imp_auto_pc_0/system_axi_interconnect_1_imp_auto_pc_0_axi_protocol_converter_v2_1_37_axi_protocol_converter/system_axi_interconnect_1_imp_auto_pc_0_axi_protocol_converter_v2_1_37_axi3_conv/system_axi_interconnect_1_imp_auto_pc_0_axi_protocol_converter_v2_1_37_a_axi3_conv/system_axi_interconnect_1_imp_auto_pc_0_axi_data_fifo_v2_1_36_axic_fifo/system_axi_interconnect_1_imp_auto_pc_0_axi_data_fifo_v2_1_36_fifo_gen/<hidden>/<hidden>/<hidden>/<hidden>/<hidden>/<hidden>
                         net (fo=3, routed)           0.594     7.961    rocketchip_wrapper/system/system_axi_interconnect_1_0/s00_couplers_imp_8CNLH6/system_axi_interconnect_1_imp_auto_pc_0/system_axi_interconnect_1_imp_auto_pc_0_axi_protocol_converter_v2_1_37_axi_protocol_converter/system_axi_interconnect_1_imp_auto_pc_0_axi_protocol_converter_v2_1_37_axi3_conv/system_axi_interconnect_1_imp_auto_pc_0_axi_protocol_converter_v2_1_37_a_axi3_conv/system_axi_interconnect_1_imp_auto_pc_0_axi_data_fifo_v2_1_36_axic_fifo/system_axi_interconnect_1_imp_auto_pc_0_axi_data_fifo_v2_1_36_fifo_gen/<hidden>/<hidden>/<hidden>/<hidden>/<hidden>
    SLICE_X13Y49         LUT3 (Prop_lut3_I2_O)        0.295     8.256 f  rocketchip_wrapper/system/system_axi_interconnect_1_0/s00_couplers_imp_8CNLH6/system_axi_interconnect_1_imp_auto_pc_0/system_axi_interconnect_1_imp_auto_pc_0_axi_protocol_converter_v2_1_37_axi_protocol_converter/system_axi_interconnect_1_imp_auto_pc_0_axi_protocol_converter_v2_1_37_axi3_conv/system_axi_interconnect_1_imp_auto_pc_0_axi_protocol_converter_v2_1_37_a_axi3_conv/system_axi_interconnect_1_imp_auto_pc_0_axi_data_fifo_v2_1_36_axic_fifo/system_axi_interconnect_1_imp_auto_pc_0_axi_data_fifo_v2_1_36_fifo_gen/<hidden>/<hidden>/<hidden>/<hidden>/<hidden>
                         net (fo=32, routed)          2.144    10.400    rocketchip_wrapper/system/system_axi_interconnect_1_0/s00_couplers_imp_8CNLH6/system_axi_interconnect_1_imp_auto_pc_0/system_axi_interconnect_1_imp_auto_pc_0_axi_protocol_converter_v2_1_37_axi_protocol_converter/system_axi_interconnect_1_imp_auto_pc_0_axi_protocol_converter_v2_1_37_axi3_conv/system_axi_interconnect_1_imp_auto_pc_0_axi_protocol_converter_v2_1_37_a_axi3_conv/system_axi_interconnect_1_imp_auto_pc_0_axi_data_fifo_v2_1_36_axic_fifo/system_axi_interconnect_1_imp_auto_pc_0_axi_data_fifo_v2_1_36_fifo_gen/<hidden>/<hidden>/<hidden>/<hidden>/<hidden>/<hidden>
    SLICE_X27Y60         FDCE                                         f  rocketchip_wrapper/system/system_axi_interconnect_1_0/s00_couplers_imp_8CNLH6/system_axi_interconnect_1_imp_auto_pc_0/system_axi_interconnect_1_imp_auto_pc_0_axi_protocol_converter_v2_1_37_axi_protocol_converter/system_axi_interconnect_1_imp_auto_pc_0_axi_protocol_converter_v2_1_37_axi3_conv/system_axi_interconnect_1_imp_auto_pc_0_axi_protocol_converter_v2_1_37_a_axi3_conv/system_axi_interconnect_1_imp_auto_pc_0_axi_data_fifo_v2_1_36_axic_fifo/system_axi_interconnect_1_imp_auto_pc_0_axi_data_fifo_v2_1_36_fifo_gen/<hidden>/<hidden>/<hidden>/<hidden>/<hidden>/<hidden>
  -------------------------------------------------------------------    -------------------

                         (clock host_clk_i rise edge)
                                                     25.000    25.000 r  
    H16                                               0.000    25.000 r  clk (IN)
                         net (fo=0)                   0.000    25.000    clk
    H16                  IBUF (Prop_ibuf_I_O)         1.380    26.380 r  ibufg_gclk/O
                         net (fo=1, routed)           1.162    27.542    gclk_i
    MMCME2_ADV_X1Y2      MMCME2_ADV (Prop_mmcme2_adv_CLKIN1_CLKOUT0)
                                                      0.083    27.625 r  MMCME2_BASE_inst/CLKOUT0
                         net (fo=1, routed)           2.012    29.637    host_clk_i
    BUFGCTRL_X0Y16       BUFG (Prop_bufg_I_O)         0.091    29.728 r  bufg_host_clk/O
                         net (fo=7399, routed)        1.519    31.247    rocketchip_wrapper/system/system_axi_interconnect_1_0/s00_couplers_imp_8CNLH6/system_axi_interconnect_1_imp_auto_pc_0/system_axi_interconnect_1_imp_auto_pc_0_axi_protocol_converter_v2_1_37_axi_protocol_converter/system_axi_interconnect_1_imp_auto_pc_0_axi_protocol_converter_v2_1_37_axi3_conv/system_axi_interconnect_1_imp_auto_pc_0_axi_protocol_converter_v2_1_37_a_axi3_conv/system_axi_interconnect_1_imp_auto_pc_0_axi_data_fifo_v2_1_36_axic_fifo/system_axi_interconnect_1_imp_auto_pc_0_axi_data_fifo_v2_1_36_fifo_gen/<hidden>/<hidden>/<hidden>/<hidden>/<hidden>/<hidden>
    SLICE_X27Y60         FDCE                                         r  rocketchip_wrapper/system/system_axi_interconnect_1_0/s00_couplers_imp_8CNLH6/system_axi_interconnect_1_imp_auto_pc_0/system_axi_interconnect_1_imp_auto_pc_0_axi_protocol_converter_v2_1_37_axi_protocol_converter/system_axi_interconnect_1_imp_auto_pc_0_axi_protocol_converter_v2_1_37_axi3_conv/system_axi_interconnect_1_imp_auto_pc_0_axi_protocol_converter_v2_1_37_a_axi3_conv/system_axi_interconnect_1_imp_auto_pc_0_axi_data_fifo_v2_1_36_axic_fifo/system_axi_interconnect_1_imp_auto_pc_0_axi_data_fifo_v2_1_36_fifo_gen/<hidden>/<hidden>/<hidden>/<hidden>/<hidden>/<hidden>
                         clock pessimism              0.402    31.649    
                         clock uncertainty           -0.082    31.568    
    SLICE_X27Y60         FDCE (Recov_fdce_C_CLR)     -0.405    31.163    rocketchip_wrapper/system/system_axi_interconnect_1_0/s00_couplers_imp_8CNLH6/system_axi_interconnect_1_imp_auto_pc_0/system_axi_interconnect_1_imp_auto_pc_0_axi_protocol_converter_v2_1_37_axi_protocol_converter/system_axi_interconnect_1_imp_auto_pc_0_axi_protocol_converter_v2_1_37_axi3_conv/system_axi_interconnect_1_imp_auto_pc_0_axi_protocol_converter_v2_1_37_a_axi3_conv/system_axi_interconnect_1_imp_auto_pc_0_axi_data_fifo_v2_1_36_axic_fifo/system_axi_interconnect_1_imp_auto_pc_0_axi_data_fifo_v2_1_36_fifo_gen/<hidden>/<hidden>/<hidden>/<hidden>/<hidden>/<hidden>
  -------------------------------------------------------------------
                         required time                         31.163    
                         arrival time                         -10.400    
  -------------------------------------------------------------------
                         slack                                 20.763    

Slack (MET) :             20.763ns  (required time - arrival time)
  Source:                 rocketchip_wrapper/system/system_axi_interconnect_1_0/s00_couplers_imp_8CNLH6/system_axi_interconnect_1_imp_auto_pc_0/system_axi_interconnect_1_imp_auto_pc_0_axi_protocol_converter_v2_1_37_axi_protocol_converter/system_axi_interconnect_1_imp_auto_pc_0_axi_protocol_converter_v2_1_37_axi3_conv/system_axi_interconnect_1_imp_auto_pc_0_axi_protocol_converter_v2_1_37_a_axi3_conv/system_axi_interconnect_1_imp_auto_pc_0_axi_data_fifo_v2_1_36_axic_fifo/system_axi_interconnect_1_imp_auto_pc_0_axi_data_fifo_v2_1_36_fifo_gen/<hidden>/<hidden>/<hidden>/<hidden>/<hidden>/<hidden>
                            (rising edge-triggered cell FDPE clocked by host_clk_i  {rise@0.000ns fall@12.500ns period=25.000ns})
  Destination:            rocketchip_wrapper/system/system_axi_interconnect_1_0/s00_couplers_imp_8CNLH6/system_axi_interconnect_1_imp_auto_pc_0/system_axi_interconnect_1_imp_auto_pc_0_axi_protocol_converter_v2_1_37_axi_protocol_converter/system_axi_interconnect_1_imp_auto_pc_0_axi_protocol_converter_v2_1_37_axi3_conv/system_axi_interconnect_1_imp_auto_pc_0_axi_protocol_converter_v2_1_37_a_axi3_conv/system_axi_interconnect_1_imp_auto_pc_0_axi_data_fifo_v2_1_36_axic_fifo/system_axi_interconnect_1_imp_auto_pc_0_axi_data_fifo_v2_1_36_fifo_gen/<hidden>/<hidden>/<hidden>/<hidden>/<hidden>/<hidden>
                            (recovery check against rising-edge clock host_clk_i  {rise@0.000ns fall@12.500ns period=25.000ns})
  Path Group:             **async_default**
  Path Type:              Recovery (Max at Slow Process Corner)
  Requirement:            25.000ns  (host_clk_i rise@25.000ns - host_clk_i rise@0.000ns)
  Data Path Delay:        3.511ns  (logic 0.773ns (22.014%)  route 2.738ns (77.986%))
  Logic Levels:           1  (LUT3=1)
  Clock Path Skew:        -0.239ns (DCD - SCD + CPR)
    Destination Clock Delay (DCD):    6.247ns = ( 31.247 - 25.000 ) 
    Source Clock Delay      (SCD):    6.889ns
    Clock Pessimism Removal (CPR):    0.402ns
  Clock Uncertainty:      0.082ns  ((TSJ^2 + DJ^2)^1/2) / 2 + PE
    Total System Jitter     (TSJ):    0.071ns
    Discrete Jitter          (DJ):    0.147ns
    Phase Error              (PE):    0.000ns

    Location             Delay type                Incr(ns)  Path(ns)    Netlist Resource(s)
  -------------------------------------------------------------------    -------------------
                         (clock host_clk_i rise edge)
                                                      0.000     0.000 r  
    H16                                               0.000     0.000 r  clk (IN)
                         net (fo=0)                   0.000     0.000    clk
    H16                  IBUF (Prop_ibuf_I_O)         1.451     1.451 r  ibufg_gclk/O
                         net (fo=1, routed)           1.285     2.736    gclk_i
    MMCME2_ADV_X1Y2      MMCME2_ADV (Prop_mmcme2_adv_CLKIN1_CLKOUT0)
                                                      0.088     2.824 r  MMCME2_BASE_inst/CLKOUT0
                         net (fo=1, routed)           2.206     5.030    host_clk_i
    BUFGCTRL_X0Y16       BUFG (Prop_bufg_I_O)         0.101     5.131 r  bufg_host_clk/O
                         net (fo=7399, routed)        1.758     6.889    rocketchip_wrapper/system/system_axi_interconnect_1_0/s00_couplers_imp_8CNLH6/system_axi_interconnect_1_imp_auto_pc_0/system_axi_interconnect_1_imp_auto_pc_0_axi_protocol_converter_v2_1_37_axi_protocol_converter/system_axi_interconnect_1_imp_auto_pc_0_axi_protocol_converter_v2_1_37_axi3_conv/system_axi_interconnect_1_imp_auto_pc_0_axi_protocol_converter_v2_1_37_a_axi3_conv/system_axi_interconnect_1_imp_auto_pc_0_axi_data_fifo_v2_1_36_axic_fifo/system_axi_interconnect_1_imp_auto_pc_0_axi_data_fifo_v2_1_36_fifo_gen/<hidden>/<hidden>/<hidden>/<hidden>/<hidden>/<hidden>
    SLICE_X14Y49         FDPE                                         r  rocketchip_wrapper/system/system_axi_interconnect_1_0/s00_couplers_imp_8CNLH6/system_axi_interconnect_1_imp_auto_pc_0/system_axi_interconnect_1_imp_auto_pc_0_axi_protocol_converter_v2_1_37_axi_protocol_converter/system_axi_interconnect_1_imp_auto_pc_0_axi_protocol_converter_v2_1_37_axi3_conv/system_axi_interconnect_1_imp_auto_pc_0_axi_protocol_converter_v2_1_37_a_axi3_conv/system_axi_interconnect_1_imp_auto_pc_0_axi_data_fifo_v2_1_36_axic_fifo/system_axi_interconnect_1_imp_auto_pc_0_axi_data_fifo_v2_1_36_fifo_gen/<hidden>/<hidden>/<hidden>/<hidden>/<hidden>/<hidden>
  -------------------------------------------------------------------    -------------------
    SLICE_X14Y49         FDPE (Prop_fdpe_C_Q)         0.478     7.367 f  rocketchip_wrapper/system/system_axi_interconnect_1_0/s00_couplers_imp_8CNLH6/system_axi_interconnect_1_imp_auto_pc_0/system_axi_interconnect_1_imp_auto_pc_0_axi_protocol_converter_v2_1_37_axi_protocol_converter/system_axi_interconnect_1_imp_auto_pc_0_axi_protocol_converter_v2_1_37_axi3_conv/system_axi_interconnect_1_imp_auto_pc_0_axi_protocol_converter_v2_1_37_a_axi3_conv/system_axi_interconnect_1_imp_auto_pc_0_axi_data_fifo_v2_1_36_axic_fifo/system_axi_interconnect_1_imp_auto_pc_0_axi_data_fifo_v2_1_36_fifo_gen/<hidden>/<hidden>/<hidden>/<hidden>/<hidden>/<hidden>
                         net (fo=3, routed)           0.594     7.961    rocketchip_wrapper/system/system_axi_interconnect_1_0/s00_couplers_imp_8CNLH6/system_axi_interconnect_1_imp_auto_pc_0/system_axi_interconnect_1_imp_auto_pc_0_axi_protocol_converter_v2_1_37_axi_protocol_converter/system_axi_interconnect_1_imp_auto_pc_0_axi_protocol_converter_v2_1_37_axi3_conv/system_axi_interconnect_1_imp_auto_pc_0_axi_protocol_converter_v2_1_37_a_axi3_conv/system_axi_interconnect_1_imp_auto_pc_0_axi_data_fifo_v2_1_36_axic_fifo/system_axi_interconnect_1_imp_auto_pc_0_axi_data_fifo_v2_1_36_fifo_gen/<hidden>/<hidden>/<hidden>/<hidden>/<hidden>
    SLICE_X13Y49         LUT3 (Prop_lut3_I2_O)        0.295     8.256 f  rocketchip_wrapper/system/system_axi_interconnect_1_0/s00_couplers_imp_8CNLH6/system_axi_interconnect_1_imp_auto_pc_0/system_axi_interconnect_1_imp_auto_pc_0_axi_protocol_converter_v2_1_37_axi_protocol_converter/system_axi_interconnect_1_imp_auto_pc_0_axi_protocol_converter_v2_1_37_axi3_conv/system_axi_interconnect_1_imp_auto_pc_0_axi_protocol_converter_v2_1_37_a_axi3_conv/system_axi_interconnect_1_imp_auto_pc_0_axi_data_fifo_v2_1_36_axic_fifo/system_axi_interconnect_1_imp_auto_pc_0_axi_data_fifo_v2_1_36_fifo_gen/<hidden>/<hidden>/<hidden>/<hidden>/<hidden>
                         net (fo=32, routed)          2.144    10.400    rocketchip_wrapper/system/system_axi_interconnect_1_0/s00_couplers_imp_8CNLH6/system_axi_interconnect_1_imp_auto_pc_0/system_axi_interconnect_1_imp_auto_pc_0_axi_protocol_converter_v2_1_37_axi_protocol_converter/system_axi_interconnect_1_imp_auto_pc_0_axi_protocol_converter_v2_1_37_axi3_conv/system_axi_interconnect_1_imp_auto_pc_0_axi_protocol_converter_v2_1_37_a_axi3_conv/system_axi_interconnect_1_imp_auto_pc_0_axi_data_fifo_v2_1_36_axic_fifo/system_axi_interconnect_1_imp_auto_pc_0_axi_data_fifo_v2_1_36_fifo_gen/<hidden>/<hidden>/<hidden>/<hidden>/<hidden>/<hidden>
    SLICE_X27Y60         FDCE                                         f  rocketchip_wrapper/system/system_axi_interconnect_1_0/s00_couplers_imp_8CNLH6/system_axi_interconnect_1_imp_auto_pc_0/system_axi_interconnect_1_imp_auto_pc_0_axi_protocol_converter_v2_1_37_axi_protocol_converter/system_axi_interconnect_1_imp_auto_pc_0_axi_protocol_converter_v2_1_37_axi3_conv/system_axi_interconnect_1_imp_auto_pc_0_axi_protocol_converter_v2_1_37_a_axi3_conv/system_axi_interconnect_1_imp_auto_pc_0_axi_data_fifo_v2_1_36_axic_fifo/system_axi_interconnect_1_imp_auto_pc_0_axi_data_fifo_v2_1_36_fifo_gen/<hidden>/<hidden>/<hidden>/<hidden>/<hidden>/<hidden>
  -------------------------------------------------------------------    -------------------

                         (clock host_clk_i rise edge)
                                                     25.000    25.000 r  
    H16                                               0.000    25.000 r  clk (IN)
                         net (fo=0)                   0.000    25.000    clk
    H16                  IBUF (Prop_ibuf_I_O)         1.380    26.380 r  ibufg_gclk/O
                         net (fo=1, routed)           1.162    27.542    gclk_i
    MMCME2_ADV_X1Y2      MMCME2_ADV (Prop_mmcme2_adv_CLKIN1_CLKOUT0)
                                                      0.083    27.625 r  MMCME2_BASE_inst/CLKOUT0
                         net (fo=1, routed)           2.012    29.637    host_clk_i
    BUFGCTRL_X0Y16       BUFG (Prop_bufg_I_O)         0.091    29.728 r  bufg_host_clk/O
                         net (fo=7399, routed)        1.519    31.247    rocketchip_wrapper/system/system_axi_interconnect_1_0/s00_couplers_imp_8CNLH6/system_axi_interconnect_1_imp_auto_pc_0/system_axi_interconnect_1_imp_auto_pc_0_axi_protocol_converter_v2_1_37_axi_protocol_converter/system_axi_interconnect_1_imp_auto_pc_0_axi_protocol_converter_v2_1_37_axi3_conv/system_axi_interconnect_1_imp_auto_pc_0_axi_protocol_converter_v2_1_37_a_axi3_conv/system_axi_interconnect_1_imp_auto_pc_0_axi_data_fifo_v2_1_36_axic_fifo/system_axi_interconnect_1_imp_auto_pc_0_axi_data_fifo_v2_1_36_fifo_gen/<hidden>/<hidden>/<hidden>/<hidden>/<hidden>/<hidden>
    SLICE_X27Y60         FDCE                                         r  rocketchip_wrapper/system/system_axi_interconnect_1_0/s00_couplers_imp_8CNLH6/system_axi_interconnect_1_imp_auto_pc_0/system_axi_interconnect_1_imp_auto_pc_0_axi_protocol_converter_v2_1_37_axi_protocol_converter/system_axi_interconnect_1_imp_auto_pc_0_axi_protocol_converter_v2_1_37_axi3_conv/system_axi_interconnect_1_imp_auto_pc_0_axi_protocol_converter_v2_1_37_a_axi3_conv/system_axi_interconnect_1_imp_auto_pc_0_axi_data_fifo_v2_1_36_axic_fifo/system_axi_interconnect_1_imp_auto_pc_0_axi_data_fifo_v2_1_36_fifo_gen/<hidden>/<hidden>/<hidden>/<hidden>/<hidden>/<hidden>
                         clock pessimism              0.402    31.649    
                         clock uncertainty           -0.082    31.568    
    SLICE_X27Y60         FDCE (Recov_fdce_C_CLR)     -0.405    31.163    rocketchip_wrapper/system/system_axi_interconnect_1_0/s00_couplers_imp_8CNLH6/system_axi_interconnect_1_imp_auto_pc_0/system_axi_interconnect_1_imp_auto_pc_0_axi_protocol_converter_v2_1_37_axi_protocol_converter/system_axi_interconnect_1_imp_auto_pc_0_axi_protocol_converter_v2_1_37_axi3_conv/system_axi_interconnect_1_imp_auto_pc_0_axi_protocol_converter_v2_1_37_a_axi3_conv/system_axi_interconnect_1_imp_auto_pc_0_axi_data_fifo_v2_1_36_axic_fifo/system_axi_interconnect_1_imp_auto_pc_0_axi_data_fifo_v2_1_36_fifo_gen/<hidden>/<hidden>/<hidden>/<hidden>/<hidden>/<hidden>
  -------------------------------------------------------------------
                         required time                         31.163    
                         arrival time                         -10.400    
  -------------------------------------------------------------------
                         slack                                 20.763    

Slack (MET) :             20.763ns  (required time - arrival time)
  Source:                 rocketchip_wrapper/system/system_axi_interconnect_1_0/s00_couplers_imp_8CNLH6/system_axi_interconnect_1_imp_auto_pc_0/system_axi_interconnect_1_imp_auto_pc_0_axi_protocol_converter_v2_1_37_axi_protocol_converter/system_axi_interconnect_1_imp_auto_pc_0_axi_protocol_converter_v2_1_37_axi3_conv/system_axi_interconnect_1_imp_auto_pc_0_axi_protocol_converter_v2_1_37_a_axi3_conv/system_axi_interconnect_1_imp_auto_pc_0_axi_data_fifo_v2_1_36_axic_fifo/system_axi_interconnect_1_imp_auto_pc_0_axi_data_fifo_v2_1_36_fifo_gen/<hidden>/<hidden>/<hidden>/<hidden>/<hidden>/<hidden>
                            (rising edge-triggered cell FDPE clocked by host_clk_i  {rise@0.000ns fall@12.500ns period=25.000ns})
  Destination:            rocketchip_wrapper/system/system_axi_interconnect_1_0/s00_couplers_imp_8CNLH6/system_axi_interconnect_1_imp_auto_pc_0/system_axi_interconnect_1_imp_auto_pc_0_axi_protocol_converter_v2_1_37_axi_protocol_converter/system_axi_interconnect_1_imp_auto_pc_0_axi_protocol_converter_v2_1_37_axi3_conv/system_axi_interconnect_1_imp_auto_pc_0_axi_protocol_converter_v2_1_37_a_axi3_conv/system_axi_interconnect_1_imp_auto_pc_0_axi_data_fifo_v2_1_36_axic_fifo/system_axi_interconnect_1_imp_auto_pc_0_axi_data_fifo_v2_1_36_fifo_gen/<hidden>/<hidden>/<hidden>/<hidden>/<hidden>/<hidden>
                            (recovery check against rising-edge clock host_clk_i  {rise@0.000ns fall@12.500ns period=25.000ns})
  Path Group:             **async_default**
  Path Type:              Recovery (Max at Slow Process Corner)
  Requirement:            25.000ns  (host_clk_i rise@25.000ns - host_clk_i rise@0.000ns)
  Data Path Delay:        3.511ns  (logic 0.773ns (22.014%)  route 2.738ns (77.986%))
  Logic Levels:           1  (LUT3=1)
  Clock Path Skew:        -0.239ns (DCD - SCD + CPR)
    Destination Clock Delay (DCD):    6.247ns = ( 31.247 - 25.000 ) 
    Source Clock Delay      (SCD):    6.889ns
    Clock Pessimism Removal (CPR):    0.402ns
  Clock Uncertainty:      0.082ns  ((TSJ^2 + DJ^2)^1/2) / 2 + PE
    Total System Jitter     (TSJ):    0.071ns
    Discrete Jitter          (DJ):    0.147ns
    Phase Error              (PE):    0.000ns

    Location             Delay type                Incr(ns)  Path(ns)    Netlist Resource(s)
  -------------------------------------------------------------------    -------------------
                         (clock host_clk_i rise edge)
                                                      0.000     0.000 r  
    H16                                               0.000     0.000 r  clk (IN)
                         net (fo=0)                   0.000     0.000    clk
    H16                  IBUF (Prop_ibuf_I_O)         1.451     1.451 r  ibufg_gclk/O
                         net (fo=1, routed)           1.285     2.736    gclk_i
    MMCME2_ADV_X1Y2      MMCME2_ADV (Prop_mmcme2_adv_CLKIN1_CLKOUT0)
                                                      0.088     2.824 r  MMCME2_BASE_inst/CLKOUT0
                         net (fo=1, routed)           2.206     5.030    host_clk_i
    BUFGCTRL_X0Y16       BUFG (Prop_bufg_I_O)         0.101     5.131 r  bufg_host_clk/O
                         net (fo=7399, routed)        1.758     6.889    rocketchip_wrapper/system/system_axi_interconnect_1_0/s00_couplers_imp_8CNLH6/system_axi_interconnect_1_imp_auto_pc_0/system_axi_interconnect_1_imp_auto_pc_0_axi_protocol_converter_v2_1_37_axi_protocol_converter/system_axi_interconnect_1_imp_auto_pc_0_axi_protocol_converter_v2_1_37_axi3_conv/system_axi_interconnect_1_imp_auto_pc_0_axi_protocol_converter_v2_1_37_a_axi3_conv/system_axi_interconnect_1_imp_auto_pc_0_axi_data_fifo_v2_1_36_axic_fifo/system_axi_interconnect_1_imp_auto_pc_0_axi_data_fifo_v2_1_36_fifo_gen/<hidden>/<hidden>/<hidden>/<hidden>/<hidden>/<hidden>
    SLICE_X14Y49         FDPE                                         r  rocketchip_wrapper/system/system_axi_interconnect_1_0/s00_couplers_imp_8CNLH6/system_axi_interconnect_1_imp_auto_pc_0/system_axi_interconnect_1_imp_auto_pc_0_axi_protocol_converter_v2_1_37_axi_protocol_converter/system_axi_interconnect_1_imp_auto_pc_0_axi_protocol_converter_v2_1_37_axi3_conv/system_axi_interconnect_1_imp_auto_pc_0_axi_protocol_converter_v2_1_37_a_axi3_conv/system_axi_interconnect_1_imp_auto_pc_0_axi_data_fifo_v2_1_36_axic_fifo/system_axi_interconnect_1_imp_auto_pc_0_axi_data_fifo_v2_1_36_fifo_gen/<hidden>/<hidden>/<hidden>/<hidden>/<hidden>/<hidden>
  -------------------------------------------------------------------    -------------------
    SLICE_X14Y49         FDPE (Prop_fdpe_C_Q)         0.478     7.367 f  rocketchip_wrapper/system/system_axi_interconnect_1_0/s00_couplers_imp_8CNLH6/system_axi_interconnect_1_imp_auto_pc_0/system_axi_interconnect_1_imp_auto_pc_0_axi_protocol_converter_v2_1_37_axi_protocol_converter/system_axi_interconnect_1_imp_auto_pc_0_axi_protocol_converter_v2_1_37_axi3_conv/system_axi_interconnect_1_imp_auto_pc_0_axi_protocol_converter_v2_1_37_a_axi3_conv/system_axi_interconnect_1_imp_auto_pc_0_axi_data_fifo_v2_1_36_axic_fifo/system_axi_interconnect_1_imp_auto_pc_0_axi_data_fifo_v2_1_36_fifo_gen/<hidden>/<hidden>/<hidden>/<hidden>/<hidden>/<hidden>
                         net (fo=3, routed)           0.594     7.961    rocketchip_wrapper/system/system_axi_interconnect_1_0/s00_couplers_imp_8CNLH6/system_axi_interconnect_1_imp_auto_pc_0/system_axi_interconnect_1_imp_auto_pc_0_axi_protocol_converter_v2_1_37_axi_protocol_converter/system_axi_interconnect_1_imp_auto_pc_0_axi_protocol_converter_v2_1_37_axi3_conv/system_axi_interconnect_1_imp_auto_pc_0_axi_protocol_converter_v2_1_37_a_axi3_conv/system_axi_interconnect_1_imp_auto_pc_0_axi_data_fifo_v2_1_36_axic_fifo/system_axi_interconnect_1_imp_auto_pc_0_axi_data_fifo_v2_1_36_fifo_gen/<hidden>/<hidden>/<hidden>/<hidden>/<hidden>
    SLICE_X13Y49         LUT3 (Prop_lut3_I2_O)        0.295     8.256 f  rocketchip_wrapper/system/system_axi_interconnect_1_0/s00_couplers_imp_8CNLH6/system_axi_interconnect_1_imp_auto_pc_0/system_axi_interconnect_1_imp_auto_pc_0_axi_protocol_converter_v2_1_37_axi_protocol_converter/system_axi_interconnect_1_imp_auto_pc_0_axi_protocol_converter_v2_1_37_axi3_conv/system_axi_interconnect_1_imp_auto_pc_0_axi_protocol_converter_v2_1_37_a_axi3_conv/system_axi_interconnect_1_imp_auto_pc_0_axi_data_fifo_v2_1_36_axic_fifo/system_axi_interconnect_1_imp_auto_pc_0_axi_data_fifo_v2_1_36_fifo_gen/<hidden>/<hidden>/<hidden>/<hidden>/<hidden>
                         net (fo=32, routed)          2.144    10.400    rocketchip_wrapper/system/system_axi_interconnect_1_0/s00_couplers_imp_8CNLH6/system_axi_interconnect_1_imp_auto_pc_0/system_axi_interconnect_1_imp_auto_pc_0_axi_protocol_converter_v2_1_37_axi_protocol_converter/system_axi_interconnect_1_imp_auto_pc_0_axi_protocol_converter_v2_1_37_axi3_conv/system_axi_interconnect_1_imp_auto_pc_0_axi_protocol_converter_v2_1_37_a_axi3_conv/system_axi_interconnect_1_imp_auto_pc_0_axi_data_fifo_v2_1_36_axic_fifo/system_axi_interconnect_1_imp_auto_pc_0_axi_data_fifo_v2_1_36_fifo_gen/<hidden>/<hidden>/<hidden>/<hidden>/<hidden>/<hidden>
    SLICE_X27Y60         FDCE                                         f  rocketchip_wrapper/system/system_axi_interconnect_1_0/s00_couplers_imp_8CNLH6/system_axi_interconnect_1_imp_auto_pc_0/system_axi_interconnect_1_imp_auto_pc_0_axi_protocol_converter_v2_1_37_axi_protocol_converter/system_axi_interconnect_1_imp_auto_pc_0_axi_protocol_converter_v2_1_37_axi3_conv/system_axi_interconnect_1_imp_auto_pc_0_axi_protocol_converter_v2_1_37_a_axi3_conv/system_axi_interconnect_1_imp_auto_pc_0_axi_data_fifo_v2_1_36_axic_fifo/system_axi_interconnect_1_imp_auto_pc_0_axi_data_fifo_v2_1_36_fifo_gen/<hidden>/<hidden>/<hidden>/<hidden>/<hidden>/<hidden>
  -------------------------------------------------------------------    -------------------

                         (clock host_clk_i rise edge)
                                                     25.000    25.000 r  
    H16                                               0.000    25.000 r  clk (IN)
                         net (fo=0)                   0.000    25.000    clk
    H16                  IBUF (Prop_ibuf_I_O)         1.380    26.380 r  ibufg_gclk/O
                         net (fo=1, routed)           1.162    27.542    gclk_i
    MMCME2_ADV_X1Y2      MMCME2_ADV (Prop_mmcme2_adv_CLKIN1_CLKOUT0)
                                                      0.083    27.625 r  MMCME2_BASE_inst/CLKOUT0
                         net (fo=1, routed)           2.012    29.637    host_clk_i
    BUFGCTRL_X0Y16       BUFG (Prop_bufg_I_O)         0.091    29.728 r  bufg_host_clk/O
                         net (fo=7399, routed)        1.519    31.247    rocketchip_wrapper/system/system_axi_interconnect_1_0/s00_couplers_imp_8CNLH6/system_axi_interconnect_1_imp_auto_pc_0/system_axi_interconnect_1_imp_auto_pc_0_axi_protocol_converter_v2_1_37_axi_protocol_converter/system_axi_interconnect_1_imp_auto_pc_0_axi_protocol_converter_v2_1_37_axi3_conv/system_axi_interconnect_1_imp_auto_pc_0_axi_protocol_converter_v2_1_37_a_axi3_conv/system_axi_interconnect_1_imp_auto_pc_0_axi_data_fifo_v2_1_36_axic_fifo/system_axi_interconnect_1_imp_auto_pc_0_axi_data_fifo_v2_1_36_fifo_gen/<hidden>/<hidden>/<hidden>/<hidden>/<hidden>/<hidden>
    SLICE_X27Y60         FDCE                                         r  rocketchip_wrapper/system/system_axi_interconnect_1_0/s00_couplers_imp_8CNLH6/system_axi_interconnect_1_imp_auto_pc_0/system_axi_interconnect_1_imp_auto_pc_0_axi_protocol_converter_v2_1_37_axi_protocol_converter/system_axi_interconnect_1_imp_auto_pc_0_axi_protocol_converter_v2_1_37_axi3_conv/system_axi_interconnect_1_imp_auto_pc_0_axi_protocol_converter_v2_1_37_a_axi3_conv/system_axi_interconnect_1_imp_auto_pc_0_axi_data_fifo_v2_1_36_axic_fifo/system_axi_interconnect_1_imp_auto_pc_0_axi_data_fifo_v2_1_36_fifo_gen/<hidden>/<hidden>/<hidden>/<hidden>/<hidden>/<hidden>
                         clock pessimism              0.402    31.649    
                         clock uncertainty           -0.082    31.568    
    SLICE_X27Y60         FDCE (Recov_fdce_C_CLR)     -0.405    31.163    rocketchip_wrapper/system/system_axi_interconnect_1_0/s00_couplers_imp_8CNLH6/system_axi_interconnect_1_imp_auto_pc_0/system_axi_interconnect_1_imp_auto_pc_0_axi_protocol_converter_v2_1_37_axi_protocol_converter/system_axi_interconnect_1_imp_auto_pc_0_axi_protocol_converter_v2_1_37_axi3_conv/system_axi_interconnect_1_imp_auto_pc_0_axi_protocol_converter_v2_1_37_a_axi3_conv/system_axi_interconnect_1_imp_auto_pc_0_axi_data_fifo_v2_1_36_axic_fifo/system_axi_interconnect_1_imp_auto_pc_0_axi_data_fifo_v2_1_36_fifo_gen/<hidden>/<hidden>/<hidden>/<hidden>/<hidden>/<hidden>
  -------------------------------------------------------------------
                         required time                         31.163    
                         arrival time                         -10.400    
  -------------------------------------------------------------------
                         slack                                 20.763    

Slack (MET) :             20.763ns  (required time - arrival time)
  Source:                 rocketchip_wrapper/system/system_axi_interconnect_1_0/s00_couplers_imp_8CNLH6/system_axi_interconnect_1_imp_auto_pc_0/system_axi_interconnect_1_imp_auto_pc_0_axi_protocol_converter_v2_1_37_axi_protocol_converter/system_axi_interconnect_1_imp_auto_pc_0_axi_protocol_converter_v2_1_37_axi3_conv/system_axi_interconnect_1_imp_auto_pc_0_axi_protocol_converter_v2_1_37_a_axi3_conv/system_axi_interconnect_1_imp_auto_pc_0_axi_data_fifo_v2_1_36_axic_fifo/system_axi_interconnect_1_imp_auto_pc_0_axi_data_fifo_v2_1_36_fifo_gen/<hidden>/<hidden>/<hidden>/<hidden>/<hidden>/<hidden>
                            (rising edge-triggered cell FDPE clocked by host_clk_i  {rise@0.000ns fall@12.500ns period=25.000ns})
  Destination:            rocketchip_wrapper/system/system_axi_interconnect_1_0/s00_couplers_imp_8CNLH6/system_axi_interconnect_1_imp_auto_pc_0/system_axi_interconnect_1_imp_auto_pc_0_axi_protocol_converter_v2_1_37_axi_protocol_converter/system_axi_interconnect_1_imp_auto_pc_0_axi_protocol_converter_v2_1_37_axi3_conv/system_axi_interconnect_1_imp_auto_pc_0_axi_protocol_converter_v2_1_37_a_axi3_conv/system_axi_interconnect_1_imp_auto_pc_0_axi_data_fifo_v2_1_36_axic_fifo/system_axi_interconnect_1_imp_auto_pc_0_axi_data_fifo_v2_1_36_fifo_gen/<hidden>/<hidden>/<hidden>/<hidden>/<hidden>/<hidden>
                            (recovery check against rising-edge clock host_clk_i  {rise@0.000ns fall@12.500ns period=25.000ns})
  Path Group:             **async_default**
  Path Type:              Recovery (Max at Slow Process Corner)
  Requirement:            25.000ns  (host_clk_i rise@25.000ns - host_clk_i rise@0.000ns)
  Data Path Delay:        3.511ns  (logic 0.773ns (22.014%)  route 2.738ns (77.986%))
  Logic Levels:           1  (LUT3=1)
  Clock Path Skew:        -0.239ns (DCD - SCD + CPR)
    Destination Clock Delay (DCD):    6.247ns = ( 31.247 - 25.000 ) 
    Source Clock Delay      (SCD):    6.889ns
    Clock Pessimism Removal (CPR):    0.402ns
  Clock Uncertainty:      0.082ns  ((TSJ^2 + DJ^2)^1/2) / 2 + PE
    Total System Jitter     (TSJ):    0.071ns
    Discrete Jitter          (DJ):    0.147ns
    Phase Error              (PE):    0.000ns

    Location             Delay type                Incr(ns)  Path(ns)    Netlist Resource(s)
  -------------------------------------------------------------------    -------------------
                         (clock host_clk_i rise edge)
                                                      0.000     0.000 r  
    H16                                               0.000     0.000 r  clk (IN)
                         net (fo=0)                   0.000     0.000    clk
    H16                  IBUF (Prop_ibuf_I_O)         1.451     1.451 r  ibufg_gclk/O
                         net (fo=1, routed)           1.285     2.736    gclk_i
    MMCME2_ADV_X1Y2      MMCME2_ADV (Prop_mmcme2_adv_CLKIN1_CLKOUT0)
                                                      0.088     2.824 r  MMCME2_BASE_inst/CLKOUT0
                         net (fo=1, routed)           2.206     5.030    host_clk_i
    BUFGCTRL_X0Y16       BUFG (Prop_bufg_I_O)         0.101     5.131 r  bufg_host_clk/O
                         net (fo=7399, routed)        1.758     6.889    rocketchip_wrapper/system/system_axi_interconnect_1_0/s00_couplers_imp_8CNLH6/system_axi_interconnect_1_imp_auto_pc_0/system_axi_interconnect_1_imp_auto_pc_0_axi_protocol_converter_v2_1_37_axi_protocol_converter/system_axi_interconnect_1_imp_auto_pc_0_axi_protocol_converter_v2_1_37_axi3_conv/system_axi_interconnect_1_imp_auto_pc_0_axi_protocol_converter_v2_1_37_a_axi3_conv/system_axi_interconnect_1_imp_auto_pc_0_axi_data_fifo_v2_1_36_axic_fifo/system_axi_interconnect_1_imp_auto_pc_0_axi_data_fifo_v2_1_36_fifo_gen/<hidden>/<hidden>/<hidden>/<hidden>/<hidden>/<hidden>
    SLICE_X14Y49         FDPE                                         r  rocketchip_wrapper/system/system_axi_interconnect_1_0/s00_couplers_imp_8CNLH6/system_axi_interconnect_1_imp_auto_pc_0/system_axi_interconnect_1_imp_auto_pc_0_axi_protocol_converter_v2_1_37_axi_protocol_converter/system_axi_interconnect_1_imp_auto_pc_0_axi_protocol_converter_v2_1_37_axi3_conv/system_axi_interconnect_1_imp_auto_pc_0_axi_protocol_converter_v2_1_37_a_axi3_conv/system_axi_interconnect_1_imp_auto_pc_0_axi_data_fifo_v2_1_36_axic_fifo/system_axi_interconnect_1_imp_auto_pc_0_axi_data_fifo_v2_1_36_fifo_gen/<hidden>/<hidden>/<hidden>/<hidden>/<hidden>/<hidden>
  -------------------------------------------------------------------    -------------------
    SLICE_X14Y49         FDPE (Prop_fdpe_C_Q)         0.478     7.367 f  rocketchip_wrapper/system/system_axi_interconnect_1_0/s00_couplers_imp_8CNLH6/system_axi_interconnect_1_imp_auto_pc_0/system_axi_interconnect_1_imp_auto_pc_0_axi_protocol_converter_v2_1_37_axi_protocol_converter/system_axi_interconnect_1_imp_auto_pc_0_axi_protocol_converter_v2_1_37_axi3_conv/system_axi_interconnect_1_imp_auto_pc_0_axi_protocol_converter_v2_1_37_a_axi3_conv/system_axi_interconnect_1_imp_auto_pc_0_axi_data_fifo_v2_1_36_axic_fifo/system_axi_interconnect_1_imp_auto_pc_0_axi_data_fifo_v2_1_36_fifo_gen/<hidden>/<hidden>/<hidden>/<hidden>/<hidden>/<hidden>
                         net (fo=3, routed)           0.594     7.961    rocketchip_wrapper/system/system_axi_interconnect_1_0/s00_couplers_imp_8CNLH6/system_axi_interconnect_1_imp_auto_pc_0/system_axi_interconnect_1_imp_auto_pc_0_axi_protocol_converter_v2_1_37_axi_protocol_converter/system_axi_interconnect_1_imp_auto_pc_0_axi_protocol_converter_v2_1_37_axi3_conv/system_axi_interconnect_1_imp_auto_pc_0_axi_protocol_converter_v2_1_37_a_axi3_conv/system_axi_interconnect_1_imp_auto_pc_0_axi_data_fifo_v2_1_36_axic_fifo/system_axi_interconnect_1_imp_auto_pc_0_axi_data_fifo_v2_1_36_fifo_gen/<hidden>/<hidden>/<hidden>/<hidden>/<hidden>
    SLICE_X13Y49         LUT3 (Prop_lut3_I2_O)        0.295     8.256 f  rocketchip_wrapper/system/system_axi_interconnect_1_0/s00_couplers_imp_8CNLH6/system_axi_interconnect_1_imp_auto_pc_0/system_axi_interconnect_1_imp_auto_pc_0_axi_protocol_converter_v2_1_37_axi_protocol_converter/system_axi_interconnect_1_imp_auto_pc_0_axi_protocol_converter_v2_1_37_axi3_conv/system_axi_interconnect_1_imp_auto_pc_0_axi_protocol_converter_v2_1_37_a_axi3_conv/system_axi_interconnect_1_imp_auto_pc_0_axi_data_fifo_v2_1_36_axic_fifo/system_axi_interconnect_1_imp_auto_pc_0_axi_data_fifo_v2_1_36_fifo_gen/<hidden>/<hidden>/<hidden>/<hidden>/<hidden>
                         net (fo=32, routed)          2.144    10.400    rocketchip_wrapper/system/system_axi_interconnect_1_0/s00_couplers_imp_8CNLH6/system_axi_interconnect_1_imp_auto_pc_0/system_axi_interconnect_1_imp_auto_pc_0_axi_protocol_converter_v2_1_37_axi_protocol_converter/system_axi_interconnect_1_imp_auto_pc_0_axi_protocol_converter_v2_1_37_axi3_conv/system_axi_interconnect_1_imp_auto_pc_0_axi_protocol_converter_v2_1_37_a_axi3_conv/system_axi_interconnect_1_imp_auto_pc_0_axi_data_fifo_v2_1_36_axic_fifo/system_axi_interconnect_1_imp_auto_pc_0_axi_data_fifo_v2_1_36_fifo_gen/<hidden>/<hidden>/<hidden>/<hidden>/<hidden>/<hidden>
    SLICE_X27Y60         FDCE                                         f  rocketchip_wrapper/system/system_axi_interconnect_1_0/s00_couplers_imp_8CNLH6/system_axi_interconnect_1_imp_auto_pc_0/system_axi_interconnect_1_imp_auto_pc_0_axi_protocol_converter_v2_1_37_axi_protocol_converter/system_axi_interconnect_1_imp_auto_pc_0_axi_protocol_converter_v2_1_37_axi3_conv/system_axi_interconnect_1_imp_auto_pc_0_axi_protocol_converter_v2_1_37_a_axi3_conv/system_axi_interconnect_1_imp_auto_pc_0_axi_data_fifo_v2_1_36_axic_fifo/system_axi_interconnect_1_imp_auto_pc_0_axi_data_fifo_v2_1_36_fifo_gen/<hidden>/<hidden>/<hidden>/<hidden>/<hidden>/<hidden>
  -------------------------------------------------------------------    -------------------

                         (clock host_clk_i rise edge)
                                                     25.000    25.000 r  
    H16                                               0.000    25.000 r  clk (IN)
                         net (fo=0)                   0.000    25.000    clk
    H16                  IBUF (Prop_ibuf_I_O)         1.380    26.380 r  ibufg_gclk/O
                         net (fo=1, routed)           1.162    27.542    gclk_i
    MMCME2_ADV_X1Y2      MMCME2_ADV (Prop_mmcme2_adv_CLKIN1_CLKOUT0)
                                                      0.083    27.625 r  MMCME2_BASE_inst/CLKOUT0
                         net (fo=1, routed)           2.012    29.637    host_clk_i
    BUFGCTRL_X0Y16       BUFG (Prop_bufg_I_O)         0.091    29.728 r  bufg_host_clk/O
                         net (fo=7399, routed)        1.519    31.247    rocketchip_wrapper/system/system_axi_interconnect_1_0/s00_couplers_imp_8CNLH6/system_axi_interconnect_1_imp_auto_pc_0/system_axi_interconnect_1_imp_auto_pc_0_axi_protocol_converter_v2_1_37_axi_protocol_converter/system_axi_interconnect_1_imp_auto_pc_0_axi_protocol_converter_v2_1_37_axi3_conv/system_axi_interconnect_1_imp_auto_pc_0_axi_protocol_converter_v2_1_37_a_axi3_conv/system_axi_interconnect_1_imp_auto_pc_0_axi_data_fifo_v2_1_36_axic_fifo/system_axi_interconnect_1_imp_auto_pc_0_axi_data_fifo_v2_1_36_fifo_gen/<hidden>/<hidden>/<hidden>/<hidden>/<hidden>/<hidden>
    SLICE_X27Y60         FDCE                                         r  rocketchip_wrapper/system/system_axi_interconnect_1_0/s00_couplers_imp_8CNLH6/system_axi_interconnect_1_imp_auto_pc_0/system_axi_interconnect_1_imp_auto_pc_0_axi_protocol_converter_v2_1_37_axi_protocol_converter/system_axi_interconnect_1_imp_auto_pc_0_axi_protocol_converter_v2_1_37_axi3_conv/system_axi_interconnect_1_imp_auto_pc_0_axi_protocol_converter_v2_1_37_a_axi3_conv/system_axi_interconnect_1_imp_auto_pc_0_axi_data_fifo_v2_1_36_axic_fifo/system_axi_interconnect_1_imp_auto_pc_0_axi_data_fifo_v2_1_36_fifo_gen/<hidden>/<hidden>/<hidden>/<hidden>/<hidden>/<hidden>
                         clock pessimism              0.402    31.649    
                         clock uncertainty           -0.082    31.568    
    SLICE_X27Y60         FDCE (Recov_fdce_C_CLR)     -0.405    31.163    rocketchip_wrapper/system/system_axi_interconnect_1_0/s00_couplers_imp_8CNLH6/system_axi_interconnect_1_imp_auto_pc_0/system_axi_interconnect_1_imp_auto_pc_0_axi_protocol_converter_v2_1_37_axi_protocol_converter/system_axi_interconnect_1_imp_auto_pc_0_axi_protocol_converter_v2_1_37_axi3_conv/system_axi_interconnect_1_imp_auto_pc_0_axi_protocol_converter_v2_1_37_a_axi3_conv/system_axi_interconnect_1_imp_auto_pc_0_axi_data_fifo_v2_1_36_axic_fifo/system_axi_interconnect_1_imp_auto_pc_0_axi_data_fifo_v2_1_36_fifo_gen/<hidden>/<hidden>/<hidden>/<hidden>/<hidden>/<hidden>
  -------------------------------------------------------------------
                         required time                         31.163    
                         arrival time                         -10.400    
  -------------------------------------------------------------------
                         slack                                 20.763    

Slack (MET) :             20.807ns  (required time - arrival time)
  Source:                 rocketchip_wrapper/system/system_axi_interconnect_1_0/s00_couplers_imp_8CNLH6/system_axi_interconnect_1_imp_auto_pc_0/system_axi_interconnect_1_imp_auto_pc_0_axi_protocol_converter_v2_1_37_axi_protocol_converter/system_axi_interconnect_1_imp_auto_pc_0_axi_protocol_converter_v2_1_37_axi3_conv/system_axi_interconnect_1_imp_auto_pc_0_axi_protocol_converter_v2_1_37_a_axi3_conv/system_axi_interconnect_1_imp_auto_pc_0_axi_data_fifo_v2_1_36_axic_fifo/system_axi_interconnect_1_imp_auto_pc_0_axi_data_fifo_v2_1_36_fifo_gen/<hidden>/<hidden>/<hidden>/<hidden>/<hidden>/<hidden>
                            (rising edge-triggered cell FDPE clocked by host_clk_i  {rise@0.000ns fall@12.500ns period=25.000ns})
  Destination:            rocketchip_wrapper/system/system_axi_interconnect_1_0/s00_couplers_imp_8CNLH6/system_axi_interconnect_1_imp_auto_pc_0/system_axi_interconnect_1_imp_auto_pc_0_axi_protocol_converter_v2_1_37_axi_protocol_converter/system_axi_interconnect_1_imp_auto_pc_0_axi_protocol_converter_v2_1_37_axi3_conv/system_axi_interconnect_1_imp_auto_pc_0_axi_protocol_converter_v2_1_37_a_axi3_conv/system_axi_interconnect_1_imp_auto_pc_0_axi_data_fifo_v2_1_36_axic_fifo/system_axi_interconnect_1_imp_auto_pc_0_axi_data_fifo_v2_1_36_fifo_gen/<hidden>/<hidden>/<hidden>/<hidden>/<hidden>/<hidden>
                            (recovery check against rising-edge clock host_clk_i  {rise@0.000ns fall@12.500ns period=25.000ns})
  Path Group:             **async_default**
  Path Type:              Recovery (Max at Slow Process Corner)
  Requirement:            25.000ns  (host_clk_i rise@25.000ns - host_clk_i rise@0.000ns)
  Data Path Delay:        3.511ns  (logic 0.773ns (22.014%)  route 2.738ns (77.986%))
  Logic Levels:           1  (LUT3=1)
  Clock Path Skew:        -0.239ns (DCD - SCD + CPR)
    Destination Clock Delay (DCD):    6.247ns = ( 31.247 - 25.000 ) 
    Source Clock Delay      (SCD):    6.889ns
    Clock Pessimism Removal (CPR):    0.402ns
  Clock Uncertainty:      0.082ns  ((TSJ^2 + DJ^2)^1/2) / 2 + PE
    Total System Jitter     (TSJ):    0.071ns
    Discrete Jitter          (DJ):    0.147ns
    Phase Error              (PE):    0.000ns

    Location             Delay type                Incr(ns)  Path(ns)    Netlist Resource(s)
  -------------------------------------------------------------------    -------------------
                         (clock host_clk_i rise edge)
                                                      0.000     0.000 r  
    H16                                               0.000     0.000 r  clk (IN)
                         net (fo=0)                   0.000     0.000    clk
    H16                  IBUF (Prop_ibuf_I_O)         1.451     1.451 r  ibufg_gclk/O
                         net (fo=1, routed)           1.285     2.736    gclk_i
    MMCME2_ADV_X1Y2      MMCME2_ADV (Prop_mmcme2_adv_CLKIN1_CLKOUT0)
                                                      0.088     2.824 r  MMCME2_BASE_inst/CLKOUT0
                         net (fo=1, routed)           2.206     5.030    host_clk_i
    BUFGCTRL_X0Y16       BUFG (Prop_bufg_I_O)         0.101     5.131 r  bufg_host_clk/O
                         net (fo=7399, routed)        1.758     6.889    rocketchip_wrapper/system/system_axi_interconnect_1_0/s00_couplers_imp_8CNLH6/system_axi_interconnect_1_imp_auto_pc_0/system_axi_interconnect_1_imp_auto_pc_0_axi_protocol_converter_v2_1_37_axi_protocol_converter/system_axi_interconnect_1_imp_auto_pc_0_axi_protocol_converter_v2_1_37_axi3_conv/system_axi_interconnect_1_imp_auto_pc_0_axi_protocol_converter_v2_1_37_a_axi3_conv/system_axi_interconnect_1_imp_auto_pc_0_axi_data_fifo_v2_1_36_axic_fifo/system_axi_interconnect_1_imp_auto_pc_0_axi_data_fifo_v2_1_36_fifo_gen/<hidden>/<hidden>/<hidden>/<hidden>/<hidden>/<hidden>
    SLICE_X14Y49         FDPE                                         r  rocketchip_wrapper/system/system_axi_interconnect_1_0/s00_couplers_imp_8CNLH6/system_axi_interconnect_1_imp_auto_pc_0/system_axi_interconnect_1_imp_auto_pc_0_axi_protocol_converter_v2_1_37_axi_protocol_converter/system_axi_interconnect_1_imp_auto_pc_0_axi_protocol_converter_v2_1_37_axi3_conv/system_axi_interconnect_1_imp_auto_pc_0_axi_protocol_converter_v2_1_37_a_axi3_conv/system_axi_interconnect_1_imp_auto_pc_0_axi_data_fifo_v2_1_36_axic_fifo/system_axi_interconnect_1_imp_auto_pc_0_axi_data_fifo_v2_1_36_fifo_gen/<hidden>/<hidden>/<hidden>/<hidden>/<hidden>/<hidden>
  -------------------------------------------------------------------    -------------------
    SLICE_X14Y49         FDPE (Prop_fdpe_C_Q)         0.478     7.367 f  rocketchip_wrapper/system/system_axi_interconnect_1_0/s00_couplers_imp_8CNLH6/system_axi_interconnect_1_imp_auto_pc_0/system_axi_interconnect_1_imp_auto_pc_0_axi_protocol_converter_v2_1_37_axi_protocol_converter/system_axi_interconnect_1_imp_auto_pc_0_axi_protocol_converter_v2_1_37_axi3_conv/system_axi_interconnect_1_imp_auto_pc_0_axi_protocol_converter_v2_1_37_a_axi3_conv/system_axi_interconnect_1_imp_auto_pc_0_axi_data_fifo_v2_1_36_axic_fifo/system_axi_interconnect_1_imp_auto_pc_0_axi_data_fifo_v2_1_36_fifo_gen/<hidden>/<hidden>/<hidden>/<hidden>/<hidden>/<hidden>
                         net (fo=3, routed)           0.594     7.961    rocketchip_wrapper/system/system_axi_interconnect_1_0/s00_couplers_imp_8CNLH6/system_axi_interconnect_1_imp_auto_pc_0/system_axi_interconnect_1_imp_auto_pc_0_axi_protocol_converter_v2_1_37_axi_protocol_converter/system_axi_interconnect_1_imp_auto_pc_0_axi_protocol_converter_v2_1_37_axi3_conv/system_axi_interconnect_1_imp_auto_pc_0_axi_protocol_converter_v2_1_37_a_axi3_conv/system_axi_interconnect_1_imp_auto_pc_0_axi_data_fifo_v2_1_36_axic_fifo/system_axi_interconnect_1_imp_auto_pc_0_axi_data_fifo_v2_1_36_fifo_gen/<hidden>/<hidden>/<hidden>/<hidden>/<hidden>
    SLICE_X13Y49         LUT3 (Prop_lut3_I2_O)        0.295     8.256 f  rocketchip_wrapper/system/system_axi_interconnect_1_0/s00_couplers_imp_8CNLH6/system_axi_interconnect_1_imp_auto_pc_0/system_axi_interconnect_1_imp_auto_pc_0_axi_protocol_converter_v2_1_37_axi_protocol_converter/system_axi_interconnect_1_imp_auto_pc_0_axi_protocol_converter_v2_1_37_axi3_conv/system_axi_interconnect_1_imp_auto_pc_0_axi_protocol_converter_v2_1_37_a_axi3_conv/system_axi_interconnect_1_imp_auto_pc_0_axi_data_fifo_v2_1_36_axic_fifo/system_axi_interconnect_1_imp_auto_pc_0_axi_data_fifo_v2_1_36_fifo_gen/<hidden>/<hidden>/<hidden>/<hidden>/<hidden>
                         net (fo=32, routed)          2.144    10.400    rocketchip_wrapper/system/system_axi_interconnect_1_0/s00_couplers_imp_8CNLH6/system_axi_interconnect_1_imp_auto_pc_0/system_axi_interconnect_1_imp_auto_pc_0_axi_protocol_converter_v2_1_37_axi_protocol_converter/system_axi_interconnect_1_imp_auto_pc_0_axi_protocol_converter_v2_1_37_axi3_conv/system_axi_interconnect_1_imp_auto_pc_0_axi_protocol_converter_v2_1_37_a_axi3_conv/system_axi_interconnect_1_imp_auto_pc_0_axi_data_fifo_v2_1_36_axic_fifo/system_axi_interconnect_1_imp_auto_pc_0_axi_data_fifo_v2_1_36_fifo_gen/<hidden>/<hidden>/<hidden>/<hidden>/<hidden>/<hidden>
    SLICE_X26Y60         FDPE                                         f  rocketchip_wrapper/system/system_axi_interconnect_1_0/s00_couplers_imp_8CNLH6/system_axi_interconnect_1_imp_auto_pc_0/system_axi_interconnect_1_imp_auto_pc_0_axi_protocol_converter_v2_1_37_axi_protocol_converter/system_axi_interconnect_1_imp_auto_pc_0_axi_protocol_converter_v2_1_37_axi3_conv/system_axi_interconnect_1_imp_auto_pc_0_axi_protocol_converter_v2_1_37_a_axi3_conv/system_axi_interconnect_1_imp_auto_pc_0_axi_data_fifo_v2_1_36_axic_fifo/system_axi_interconnect_1_imp_auto_pc_0_axi_data_fifo_v2_1_36_fifo_gen/<hidden>/<hidden>/<hidden>/<hidden>/<hidden>/<hidden>
  -------------------------------------------------------------------    -------------------

                         (clock host_clk_i rise edge)
                                                     25.000    25.000 r  
    H16                                               0.000    25.000 r  clk (IN)
                         net (fo=0)                   0.000    25.000    clk
    H16                  IBUF (Prop_ibuf_I_O)         1.380    26.380 r  ibufg_gclk/O
                         net (fo=1, routed)           1.162    27.542    gclk_i
    MMCME2_ADV_X1Y2      MMCME2_ADV (Prop_mmcme2_adv_CLKIN1_CLKOUT0)
                                                      0.083    27.625 r  MMCME2_BASE_inst/CLKOUT0
                         net (fo=1, routed)           2.012    29.637    host_clk_i
    BUFGCTRL_X0Y16       BUFG (Prop_bufg_I_O)         0.091    29.728 r  bufg_host_clk/O
                         net (fo=7399, routed)        1.519    31.247    rocketchip_wrapper/system/system_axi_interconnect_1_0/s00_couplers_imp_8CNLH6/system_axi_interconnect_1_imp_auto_pc_0/system_axi_interconnect_1_imp_auto_pc_0_axi_protocol_converter_v2_1_37_axi_protocol_converter/system_axi_interconnect_1_imp_auto_pc_0_axi_protocol_converter_v2_1_37_axi3_conv/system_axi_interconnect_1_imp_auto_pc_0_axi_protocol_converter_v2_1_37_a_axi3_conv/system_axi_interconnect_1_imp_auto_pc_0_axi_data_fifo_v2_1_36_axic_fifo/system_axi_interconnect_1_imp_auto_pc_0_axi_data_fifo_v2_1_36_fifo_gen/<hidden>/<hidden>/<hidden>/<hidden>/<hidden>/<hidden>
    SLICE_X26Y60         FDPE                                         r  rocketchip_wrapper/system/system_axi_interconnect_1_0/s00_couplers_imp_8CNLH6/system_axi_interconnect_1_imp_auto_pc_0/system_axi_interconnect_1_imp_auto_pc_0_axi_protocol_converter_v2_1_37_axi_protocol_converter/system_axi_interconnect_1_imp_auto_pc_0_axi_protocol_converter_v2_1_37_axi3_conv/system_axi_interconnect_1_imp_auto_pc_0_axi_protocol_converter_v2_1_37_a_axi3_conv/system_axi_interconnect_1_imp_auto_pc_0_axi_data_fifo_v2_1_36_axic_fifo/system_axi_interconnect_1_imp_auto_pc_0_axi_data_fifo_v2_1_36_fifo_gen/<hidden>/<hidden>/<hidden>/<hidden>/<hidden>/<hidden>
                         clock pessimism              0.402    31.649    
                         clock uncertainty           -0.082    31.568    
    SLICE_X26Y60         FDPE (Recov_fdpe_C_PRE)     -0.361    31.207    rocketchip_wrapper/system/system_axi_interconnect_1_0/s00_couplers_imp_8CNLH6/system_axi_interconnect_1_imp_auto_pc_0/system_axi_interconnect_1_imp_auto_pc_0_axi_protocol_converter_v2_1_37_axi_protocol_converter/system_axi_interconnect_1_imp_auto_pc_0_axi_protocol_converter_v2_1_37_axi3_conv/system_axi_interconnect_1_imp_auto_pc_0_axi_protocol_converter_v2_1_37_a_axi3_conv/system_axi_interconnect_1_imp_auto_pc_0_axi_data_fifo_v2_1_36_axic_fifo/system_axi_interconnect_1_imp_auto_pc_0_axi_data_fifo_v2_1_36_fifo_gen/<hidden>/<hidden>/<hidden>/<hidden>/<hidden>/<hidden>
  -------------------------------------------------------------------
                         required time                         31.207    
                         arrival time                         -10.400    
  -------------------------------------------------------------------
                         slack                                 20.807    

Slack (MET) :             20.807ns  (required time - arrival time)
  Source:                 rocketchip_wrapper/system/system_axi_interconnect_1_0/s00_couplers_imp_8CNLH6/system_axi_interconnect_1_imp_auto_pc_0/system_axi_interconnect_1_imp_auto_pc_0_axi_protocol_converter_v2_1_37_axi_protocol_converter/system_axi_interconnect_1_imp_auto_pc_0_axi_protocol_converter_v2_1_37_axi3_conv/system_axi_interconnect_1_imp_auto_pc_0_axi_protocol_converter_v2_1_37_a_axi3_conv/system_axi_interconnect_1_imp_auto_pc_0_axi_data_fifo_v2_1_36_axic_fifo/system_axi_interconnect_1_imp_auto_pc_0_axi_data_fifo_v2_1_36_fifo_gen/<hidden>/<hidden>/<hidden>/<hidden>/<hidden>/<hidden>
                            (rising edge-triggered cell FDPE clocked by host_clk_i  {rise@0.000ns fall@12.500ns period=25.000ns})
  Destination:            rocketchip_wrapper/system/system_axi_interconnect_1_0/s00_couplers_imp_8CNLH6/system_axi_interconnect_1_imp_auto_pc_0/system_axi_interconnect_1_imp_auto_pc_0_axi_protocol_converter_v2_1_37_axi_protocol_converter/system_axi_interconnect_1_imp_auto_pc_0_axi_protocol_converter_v2_1_37_axi3_conv/system_axi_interconnect_1_imp_auto_pc_0_axi_protocol_converter_v2_1_37_a_axi3_conv/system_axi_interconnect_1_imp_auto_pc_0_axi_data_fifo_v2_1_36_axic_fifo/system_axi_interconnect_1_imp_auto_pc_0_axi_data_fifo_v2_1_36_fifo_gen/<hidden>/<hidden>/<hidden>/<hidden>/<hidden>/<hidden>
                            (recovery check against rising-edge clock host_clk_i  {rise@0.000ns fall@12.500ns period=25.000ns})
  Path Group:             **async_default**
  Path Type:              Recovery (Max at Slow Process Corner)
  Requirement:            25.000ns  (host_clk_i rise@25.000ns - host_clk_i rise@0.000ns)
  Data Path Delay:        3.511ns  (logic 0.773ns (22.014%)  route 2.738ns (77.986%))
  Logic Levels:           1  (LUT3=1)
  Clock Path Skew:        -0.239ns (DCD - SCD + CPR)
    Destination Clock Delay (DCD):    6.247ns = ( 31.247 - 25.000 ) 
    Source Clock Delay      (SCD):    6.889ns
    Clock Pessimism Removal (CPR):    0.402ns
  Clock Uncertainty:      0.082ns  ((TSJ^2 + DJ^2)^1/2) / 2 + PE
    Total System Jitter     (TSJ):    0.071ns
    Discrete Jitter          (DJ):    0.147ns
    Phase Error              (PE):    0.000ns

    Location             Delay type                Incr(ns)  Path(ns)    Netlist Resource(s)
  -------------------------------------------------------------------    -------------------
                         (clock host_clk_i rise edge)
                                                      0.000     0.000 r  
    H16                                               0.000     0.000 r  clk (IN)
                         net (fo=0)                   0.000     0.000    clk
    H16                  IBUF (Prop_ibuf_I_O)         1.451     1.451 r  ibufg_gclk/O
                         net (fo=1, routed)           1.285     2.736    gclk_i
    MMCME2_ADV_X1Y2      MMCME2_ADV (Prop_mmcme2_adv_CLKIN1_CLKOUT0)
                                                      0.088     2.824 r  MMCME2_BASE_inst/CLKOUT0
                         net (fo=1, routed)           2.206     5.030    host_clk_i
    BUFGCTRL_X0Y16       BUFG (Prop_bufg_I_O)         0.101     5.131 r  bufg_host_clk/O
                         net (fo=7399, routed)        1.758     6.889    rocketchip_wrapper/system/system_axi_interconnect_1_0/s00_couplers_imp_8CNLH6/system_axi_interconnect_1_imp_auto_pc_0/system_axi_interconnect_1_imp_auto_pc_0_axi_protocol_converter_v2_1_37_axi_protocol_converter/system_axi_interconnect_1_imp_auto_pc_0_axi_protocol_converter_v2_1_37_axi3_conv/system_axi_interconnect_1_imp_auto_pc_0_axi_protocol_converter_v2_1_37_a_axi3_conv/system_axi_interconnect_1_imp_auto_pc_0_axi_data_fifo_v2_1_36_axic_fifo/system_axi_interconnect_1_imp_auto_pc_0_axi_data_fifo_v2_1_36_fifo_gen/<hidden>/<hidden>/<hidden>/<hidden>/<hidden>/<hidden>
    SLICE_X14Y49         FDPE                                         r  rocketchip_wrapper/system/system_axi_interconnect_1_0/s00_couplers_imp_8CNLH6/system_axi_interconnect_1_imp_auto_pc_0/system_axi_interconnect_1_imp_auto_pc_0_axi_protocol_converter_v2_1_37_axi_protocol_converter/system_axi_interconnect_1_imp_auto_pc_0_axi_protocol_converter_v2_1_37_axi3_conv/system_axi_interconnect_1_imp_auto_pc_0_axi_protocol_converter_v2_1_37_a_axi3_conv/system_axi_interconnect_1_imp_auto_pc_0_axi_data_fifo_v2_1_36_axic_fifo/system_axi_interconnect_1_imp_auto_pc_0_axi_data_fifo_v2_1_36_fifo_gen/<hidden>/<hidden>/<hidden>/<hidden>/<hidden>/<hidden>
  -------------------------------------------------------------------    -------------------
    SLICE_X14Y49         FDPE (Prop_fdpe_C_Q)         0.478     7.367 f  rocketchip_wrapper/system/system_axi_interconnect_1_0/s00_couplers_imp_8CNLH6/system_axi_interconnect_1_imp_auto_pc_0/system_axi_interconnect_1_imp_auto_pc_0_axi_protocol_converter_v2_1_37_axi_protocol_converter/system_axi_interconnect_1_imp_auto_pc_0_axi_protocol_converter_v2_1_37_axi3_conv/system_axi_interconnect_1_imp_auto_pc_0_axi_protocol_converter_v2_1_37_a_axi3_conv/system_axi_interconnect_1_imp_auto_pc_0_axi_data_fifo_v2_1_36_axic_fifo/system_axi_interconnect_1_imp_auto_pc_0_axi_data_fifo_v2_1_36_fifo_gen/<hidden>/<hidden>/<hidden>/<hidden>/<hidden>/<hidden>
                         net (fo=3, routed)           0.594     7.961    rocketchip_wrapper/system/system_axi_interconnect_1_0/s00_couplers_imp_8CNLH6/system_axi_interconnect_1_imp_auto_pc_0/system_axi_interconnect_1_imp_auto_pc_0_axi_protocol_converter_v2_1_37_axi_protocol_converter/system_axi_interconnect_1_imp_auto_pc_0_axi_protocol_converter_v2_1_37_axi3_conv/system_axi_interconnect_1_imp_auto_pc_0_axi_protocol_converter_v2_1_37_a_axi3_conv/system_axi_interconnect_1_imp_auto_pc_0_axi_data_fifo_v2_1_36_axic_fifo/system_axi_interconnect_1_imp_auto_pc_0_axi_data_fifo_v2_1_36_fifo_gen/<hidden>/<hidden>/<hidden>/<hidden>/<hidden>
    SLICE_X13Y49         LUT3 (Prop_lut3_I2_O)        0.295     8.256 f  rocketchip_wrapper/system/system_axi_interconnect_1_0/s00_couplers_imp_8CNLH6/system_axi_interconnect_1_imp_auto_pc_0/system_axi_interconnect_1_imp_auto_pc_0_axi_protocol_converter_v2_1_37_axi_protocol_converter/system_axi_interconnect_1_imp_auto_pc_0_axi_protocol_converter_v2_1_37_axi3_conv/system_axi_interconnect_1_imp_auto_pc_0_axi_protocol_converter_v2_1_37_a_axi3_conv/system_axi_interconnect_1_imp_auto_pc_0_axi_data_fifo_v2_1_36_axic_fifo/system_axi_interconnect_1_imp_auto_pc_0_axi_data_fifo_v2_1_36_fifo_gen/<hidden>/<hidden>/<hidden>/<hidden>/<hidden>
                         net (fo=32, routed)          2.144    10.400    rocketchip_wrapper/system/system_axi_interconnect_1_0/s00_couplers_imp_8CNLH6/system_axi_interconnect_1_imp_auto_pc_0/system_axi_interconnect_1_imp_auto_pc_0_axi_protocol_converter_v2_1_37_axi_protocol_converter/system_axi_interconnect_1_imp_auto_pc_0_axi_protocol_converter_v2_1_37_axi3_conv/system_axi_interconnect_1_imp_auto_pc_0_axi_protocol_converter_v2_1_37_a_axi3_conv/system_axi_interconnect_1_imp_auto_pc_0_axi_data_fifo_v2_1_36_axic_fifo/system_axi_interconnect_1_imp_auto_pc_0_axi_data_fifo_v2_1_36_fifo_gen/<hidden>/<hidden>/<hidden>/<hidden>/<hidden>/<hidden>
    SLICE_X26Y60         FDPE                                         f  rocketchip_wrapper/system/system_axi_interconnect_1_0/s00_couplers_imp_8CNLH6/system_axi_interconnect_1_imp_auto_pc_0/system_axi_interconnect_1_imp_auto_pc_0_axi_protocol_converter_v2_1_37_axi_protocol_converter/system_axi_interconnect_1_imp_auto_pc_0_axi_protocol_converter_v2_1_37_axi3_conv/system_axi_interconnect_1_imp_auto_pc_0_axi_protocol_converter_v2_1_37_a_axi3_conv/system_axi_interconnect_1_imp_auto_pc_0_axi_data_fifo_v2_1_36_axic_fifo/system_axi_interconnect_1_imp_auto_pc_0_axi_data_fifo_v2_1_36_fifo_gen/<hidden>/<hidden>/<hidden>/<hidden>/<hidden>/<hidden>
  -------------------------------------------------------------------    -------------------

                         (clock host_clk_i rise edge)
                                                     25.000    25.000 r  
    H16                                               0.000    25.000 r  clk (IN)
                         net (fo=0)                   0.000    25.000    clk
    H16                  IBUF (Prop_ibuf_I_O)         1.380    26.380 r  ibufg_gclk/O
                         net (fo=1, routed)           1.162    27.542    gclk_i
    MMCME2_ADV_X1Y2      MMCME2_ADV (Prop_mmcme2_adv_CLKIN1_CLKOUT0)
                                                      0.083    27.625 r  MMCME2_BASE_inst/CLKOUT0
                         net (fo=1, routed)           2.012    29.637    host_clk_i
    BUFGCTRL_X0Y16       BUFG (Prop_bufg_I_O)         0.091    29.728 r  bufg_host_clk/O
                         net (fo=7399, routed)        1.519    31.247    rocketchip_wrapper/system/system_axi_interconnect_1_0/s00_couplers_imp_8CNLH6/system_axi_interconnect_1_imp_auto_pc_0/system_axi_interconnect_1_imp_auto_pc_0_axi_protocol_converter_v2_1_37_axi_protocol_converter/system_axi_interconnect_1_imp_auto_pc_0_axi_protocol_converter_v2_1_37_axi3_conv/system_axi_interconnect_1_imp_auto_pc_0_axi_protocol_converter_v2_1_37_a_axi3_conv/system_axi_interconnect_1_imp_auto_pc_0_axi_data_fifo_v2_1_36_axic_fifo/system_axi_interconnect_1_imp_auto_pc_0_axi_data_fifo_v2_1_36_fifo_gen/<hidden>/<hidden>/<hidden>/<hidden>/<hidden>/<hidden>
    SLICE_X26Y60         FDPE                                         r  rocketchip_wrapper/system/system_axi_interconnect_1_0/s00_couplers_imp_8CNLH6/system_axi_interconnect_1_imp_auto_pc_0/system_axi_interconnect_1_imp_auto_pc_0_axi_protocol_converter_v2_1_37_axi_protocol_converter/system_axi_interconnect_1_imp_auto_pc_0_axi_protocol_converter_v2_1_37_axi3_conv/system_axi_interconnect_1_imp_auto_pc_0_axi_protocol_converter_v2_1_37_a_axi3_conv/system_axi_interconnect_1_imp_auto_pc_0_axi_data_fifo_v2_1_36_axic_fifo/system_axi_interconnect_1_imp_auto_pc_0_axi_data_fifo_v2_1_36_fifo_gen/<hidden>/<hidden>/<hidden>/<hidden>/<hidden>/<hidden>
                         clock pessimism              0.402    31.649    
                         clock uncertainty           -0.082    31.568    
    SLICE_X26Y60         FDPE (Recov_fdpe_C_PRE)     -0.361    31.207    rocketchip_wrapper/system/system_axi_interconnect_1_0/s00_couplers_imp_8CNLH6/system_axi_interconnect_1_imp_auto_pc_0/system_axi_interconnect_1_imp_auto_pc_0_axi_protocol_converter_v2_1_37_axi_protocol_converter/system_axi_interconnect_1_imp_auto_pc_0_axi_protocol_converter_v2_1_37_axi3_conv/system_axi_interconnect_1_imp_auto_pc_0_axi_protocol_converter_v2_1_37_a_axi3_conv/system_axi_interconnect_1_imp_auto_pc_0_axi_data_fifo_v2_1_36_axic_fifo/system_axi_interconnect_1_imp_auto_pc_0_axi_data_fifo_v2_1_36_fifo_gen/<hidden>/<hidden>/<hidden>/<hidden>/<hidden>/<hidden>
  -------------------------------------------------------------------
                         required time                         31.207    
                         arrival time                         -10.400    
  -------------------------------------------------------------------
                         slack                                 20.807    

Slack (MET) :             20.807ns  (required time - arrival time)
  Source:                 rocketchip_wrapper/system/system_axi_interconnect_1_0/s00_couplers_imp_8CNLH6/system_axi_interconnect_1_imp_auto_pc_0/system_axi_interconnect_1_imp_auto_pc_0_axi_protocol_converter_v2_1_37_axi_protocol_converter/system_axi_interconnect_1_imp_auto_pc_0_axi_protocol_converter_v2_1_37_axi3_conv/system_axi_interconnect_1_imp_auto_pc_0_axi_protocol_converter_v2_1_37_a_axi3_conv/system_axi_interconnect_1_imp_auto_pc_0_axi_data_fifo_v2_1_36_axic_fifo/system_axi_interconnect_1_imp_auto_pc_0_axi_data_fifo_v2_1_36_fifo_gen/<hidden>/<hidden>/<hidden>/<hidden>/<hidden>/<hidden>
                            (rising edge-triggered cell FDPE clocked by host_clk_i  {rise@0.000ns fall@12.500ns period=25.000ns})
  Destination:            rocketchip_wrapper/system/system_axi_interconnect_1_0/s00_couplers_imp_8CNLH6/system_axi_interconnect_1_imp_auto_pc_0/system_axi_interconnect_1_imp_auto_pc_0_axi_protocol_converter_v2_1_37_axi_protocol_converter/system_axi_interconnect_1_imp_auto_pc_0_axi_protocol_converter_v2_1_37_axi3_conv/system_axi_interconnect_1_imp_auto_pc_0_axi_protocol_converter_v2_1_37_a_axi3_conv/system_axi_interconnect_1_imp_auto_pc_0_axi_data_fifo_v2_1_36_axic_fifo/system_axi_interconnect_1_imp_auto_pc_0_axi_data_fifo_v2_1_36_fifo_gen/<hidden>/<hidden>/<hidden>/<hidden>/<hidden>/<hidden>
                            (recovery check against rising-edge clock host_clk_i  {rise@0.000ns fall@12.500ns period=25.000ns})
  Path Group:             **async_default**
  Path Type:              Recovery (Max at Slow Process Corner)
  Requirement:            25.000ns  (host_clk_i rise@25.000ns - host_clk_i rise@0.000ns)
  Data Path Delay:        3.511ns  (logic 0.773ns (22.014%)  route 2.738ns (77.986%))
  Logic Levels:           1  (LUT3=1)
  Clock Path Skew:        -0.239ns (DCD - SCD + CPR)
    Destination Clock Delay (DCD):    6.247ns = ( 31.247 - 25.000 ) 
    Source Clock Delay      (SCD):    6.889ns
    Clock Pessimism Removal (CPR):    0.402ns
  Clock Uncertainty:      0.082ns  ((TSJ^2 + DJ^2)^1/2) / 2 + PE
    Total System Jitter     (TSJ):    0.071ns
    Discrete Jitter          (DJ):    0.147ns
    Phase Error              (PE):    0.000ns

    Location             Delay type                Incr(ns)  Path(ns)    Netlist Resource(s)
  -------------------------------------------------------------------    -------------------
                         (clock host_clk_i rise edge)
                                                      0.000     0.000 r  
    H16                                               0.000     0.000 r  clk (IN)
                         net (fo=0)                   0.000     0.000    clk
    H16                  IBUF (Prop_ibuf_I_O)         1.451     1.451 r  ibufg_gclk/O
                         net (fo=1, routed)           1.285     2.736    gclk_i
    MMCME2_ADV_X1Y2      MMCME2_ADV (Prop_mmcme2_adv_CLKIN1_CLKOUT0)
                                                      0.088     2.824 r  MMCME2_BASE_inst/CLKOUT0
                         net (fo=1, routed)           2.206     5.030    host_clk_i
    BUFGCTRL_X0Y16       BUFG (Prop_bufg_I_O)         0.101     5.131 r  bufg_host_clk/O
                         net (fo=7399, routed)        1.758     6.889    rocketchip_wrapper/system/system_axi_interconnect_1_0/s00_couplers_imp_8CNLH6/system_axi_interconnect_1_imp_auto_pc_0/system_axi_interconnect_1_imp_auto_pc_0_axi_protocol_converter_v2_1_37_axi_protocol_converter/system_axi_interconnect_1_imp_auto_pc_0_axi_protocol_converter_v2_1_37_axi3_conv/system_axi_interconnect_1_imp_auto_pc_0_axi_protocol_converter_v2_1_37_a_axi3_conv/system_axi_interconnect_1_imp_auto_pc_0_axi_data_fifo_v2_1_36_axic_fifo/system_axi_interconnect_1_imp_auto_pc_0_axi_data_fifo_v2_1_36_fifo_gen/<hidden>/<hidden>/<hidden>/<hidden>/<hidden>/<hidden>
    SLICE_X14Y49         FDPE                                         r  rocketchip_wrapper/system/system_axi_interconnect_1_0/s00_couplers_imp_8CNLH6/system_axi_interconnect_1_imp_auto_pc_0/system_axi_interconnect_1_imp_auto_pc_0_axi_protocol_converter_v2_1_37_axi_protocol_converter/system_axi_interconnect_1_imp_auto_pc_0_axi_protocol_converter_v2_1_37_axi3_conv/system_axi_interconnect_1_imp_auto_pc_0_axi_protocol_converter_v2_1_37_a_axi3_conv/system_axi_interconnect_1_imp_auto_pc_0_axi_data_fifo_v2_1_36_axic_fifo/system_axi_interconnect_1_imp_auto_pc_0_axi_data_fifo_v2_1_36_fifo_gen/<hidden>/<hidden>/<hidden>/<hidden>/<hidden>/<hidden>
  -------------------------------------------------------------------    -------------------
    SLICE_X14Y49         FDPE (Prop_fdpe_C_Q)         0.478     7.367 f  rocketchip_wrapper/system/system_axi_interconnect_1_0/s00_couplers_imp_8CNLH6/system_axi_interconnect_1_imp_auto_pc_0/system_axi_interconnect_1_imp_auto_pc_0_axi_protocol_converter_v2_1_37_axi_protocol_converter/system_axi_interconnect_1_imp_auto_pc_0_axi_protocol_converter_v2_1_37_axi3_conv/system_axi_interconnect_1_imp_auto_pc_0_axi_protocol_converter_v2_1_37_a_axi3_conv/system_axi_interconnect_1_imp_auto_pc_0_axi_data_fifo_v2_1_36_axic_fifo/system_axi_interconnect_1_imp_auto_pc_0_axi_data_fifo_v2_1_36_fifo_gen/<hidden>/<hidden>/<hidden>/<hidden>/<hidden>/<hidden>
                         net (fo=3, routed)           0.594     7.961    rocketchip_wrapper/system/system_axi_interconnect_1_0/s00_couplers_imp_8CNLH6/system_axi_interconnect_1_imp_auto_pc_0/system_axi_interconnect_1_imp_auto_pc_0_axi_protocol_converter_v2_1_37_axi_protocol_converter/system_axi_interconnect_1_imp_auto_pc_0_axi_protocol_converter_v2_1_37_axi3_conv/system_axi_interconnect_1_imp_auto_pc_0_axi_protocol_converter_v2_1_37_a_axi3_conv/system_axi_interconnect_1_imp_auto_pc_0_axi_data_fifo_v2_1_36_axic_fifo/system_axi_interconnect_1_imp_auto_pc_0_axi_data_fifo_v2_1_36_fifo_gen/<hidden>/<hidden>/<hidden>/<hidden>/<hidden>
    SLICE_X13Y49         LUT3 (Prop_lut3_I2_O)        0.295     8.256 f  rocketchip_wrapper/system/system_axi_interconnect_1_0/s00_couplers_imp_8CNLH6/system_axi_interconnect_1_imp_auto_pc_0/system_axi_interconnect_1_imp_auto_pc_0_axi_protocol_converter_v2_1_37_axi_protocol_converter/system_axi_interconnect_1_imp_auto_pc_0_axi_protocol_converter_v2_1_37_axi3_conv/system_axi_interconnect_1_imp_auto_pc_0_axi_protocol_converter_v2_1_37_a_axi3_conv/system_axi_interconnect_1_imp_auto_pc_0_axi_data_fifo_v2_1_36_axic_fifo/system_axi_interconnect_1_imp_auto_pc_0_axi_data_fifo_v2_1_36_fifo_gen/<hidden>/<hidden>/<hidden>/<hidden>/<hidden>
                         net (fo=32, routed)          2.144    10.400    rocketchip_wrapper/system/system_axi_interconnect_1_0/s00_couplers_imp_8CNLH6/system_axi_interconnect_1_imp_auto_pc_0/system_axi_interconnect_1_imp_auto_pc_0_axi_protocol_converter_v2_1_37_axi_protocol_converter/system_axi_interconnect_1_imp_auto_pc_0_axi_protocol_converter_v2_1_37_axi3_conv/system_axi_interconnect_1_imp_auto_pc_0_axi_protocol_converter_v2_1_37_a_axi3_conv/system_axi_interconnect_1_imp_auto_pc_0_axi_data_fifo_v2_1_36_axic_fifo/system_axi_interconnect_1_imp_auto_pc_0_axi_data_fifo_v2_1_36_fifo_gen/<hidden>/<hidden>/<hidden>/<hidden>/<hidden>/<hidden>
    SLICE_X26Y60         FDPE                                         f  rocketchip_wrapper/system/system_axi_interconnect_1_0/s00_couplers_imp_8CNLH6/system_axi_interconnect_1_imp_auto_pc_0/system_axi_interconnect_1_imp_auto_pc_0_axi_protocol_converter_v2_1_37_axi_protocol_converter/system_axi_interconnect_1_imp_auto_pc_0_axi_protocol_converter_v2_1_37_axi3_conv/system_axi_interconnect_1_imp_auto_pc_0_axi_protocol_converter_v2_1_37_a_axi3_conv/system_axi_interconnect_1_imp_auto_pc_0_axi_data_fifo_v2_1_36_axic_fifo/system_axi_interconnect_1_imp_auto_pc_0_axi_data_fifo_v2_1_36_fifo_gen/<hidden>/<hidden>/<hidden>/<hidden>/<hidden>/<hidden>
  -------------------------------------------------------------------    -------------------

                         (clock host_clk_i rise edge)
                                                     25.000    25.000 r  
    H16                                               0.000    25.000 r  clk (IN)
                         net (fo=0)                   0.000    25.000    clk
    H16                  IBUF (Prop_ibuf_I_O)         1.380    26.380 r  ibufg_gclk/O
                         net (fo=1, routed)           1.162    27.542    gclk_i
    MMCME2_ADV_X1Y2      MMCME2_ADV (Prop_mmcme2_adv_CLKIN1_CLKOUT0)
                                                      0.083    27.625 r  MMCME2_BASE_inst/CLKOUT0
                         net (fo=1, routed)           2.012    29.637    host_clk_i
    BUFGCTRL_X0Y16       BUFG (Prop_bufg_I_O)         0.091    29.728 r  bufg_host_clk/O
                         net (fo=7399, routed)        1.519    31.247    rocketchip_wrapper/system/system_axi_interconnect_1_0/s00_couplers_imp_8CNLH6/system_axi_interconnect_1_imp_auto_pc_0/system_axi_interconnect_1_imp_auto_pc_0_axi_protocol_converter_v2_1_37_axi_protocol_converter/system_axi_interconnect_1_imp_auto_pc_0_axi_protocol_converter_v2_1_37_axi3_conv/system_axi_interconnect_1_imp_auto_pc_0_axi_protocol_converter_v2_1_37_a_axi3_conv/system_axi_interconnect_1_imp_auto_pc_0_axi_data_fifo_v2_1_36_axic_fifo/system_axi_interconnect_1_imp_auto_pc_0_axi_data_fifo_v2_1_36_fifo_gen/<hidden>/<hidden>/<hidden>/<hidden>/<hidden>/<hidden>
    SLICE_X26Y60         FDPE                                         r  rocketchip_wrapper/system/system_axi_interconnect_1_0/s00_couplers_imp_8CNLH6/system_axi_interconnect_1_imp_auto_pc_0/system_axi_interconnect_1_imp_auto_pc_0_axi_protocol_converter_v2_1_37_axi_protocol_converter/system_axi_interconnect_1_imp_auto_pc_0_axi_protocol_converter_v2_1_37_axi3_conv/system_axi_interconnect_1_imp_auto_pc_0_axi_protocol_converter_v2_1_37_a_axi3_conv/system_axi_interconnect_1_imp_auto_pc_0_axi_data_fifo_v2_1_36_axic_fifo/system_axi_interconnect_1_imp_auto_pc_0_axi_data_fifo_v2_1_36_fifo_gen/<hidden>/<hidden>/<hidden>/<hidden>/<hidden>/<hidden>
                         clock pessimism              0.402    31.649    
                         clock uncertainty           -0.082    31.568    
    SLICE_X26Y60         FDPE (Recov_fdpe_C_PRE)     -0.361    31.207    rocketchip_wrapper/system/system_axi_interconnect_1_0/s00_couplers_imp_8CNLH6/system_axi_interconnect_1_imp_auto_pc_0/system_axi_interconnect_1_imp_auto_pc_0_axi_protocol_converter_v2_1_37_axi_protocol_converter/system_axi_interconnect_1_imp_auto_pc_0_axi_protocol_converter_v2_1_37_axi3_conv/system_axi_interconnect_1_imp_auto_pc_0_axi_protocol_converter_v2_1_37_a_axi3_conv/system_axi_interconnect_1_imp_auto_pc_0_axi_data_fifo_v2_1_36_axic_fifo/system_axi_interconnect_1_imp_auto_pc_0_axi_data_fifo_v2_1_36_fifo_gen/<hidden>/<hidden>/<hidden>/<hidden>/<hidden>/<hidden>
  -------------------------------------------------------------------
                         required time                         31.207    
                         arrival time                         -10.400    
  -------------------------------------------------------------------
                         slack                                 20.807    

Slack (MET) :             20.807ns  (required time - arrival time)
  Source:                 rocketchip_wrapper/system/system_axi_interconnect_1_0/s00_couplers_imp_8CNLH6/system_axi_interconnect_1_imp_auto_pc_0/system_axi_interconnect_1_imp_auto_pc_0_axi_protocol_converter_v2_1_37_axi_protocol_converter/system_axi_interconnect_1_imp_auto_pc_0_axi_protocol_converter_v2_1_37_axi3_conv/system_axi_interconnect_1_imp_auto_pc_0_axi_protocol_converter_v2_1_37_a_axi3_conv/system_axi_interconnect_1_imp_auto_pc_0_axi_data_fifo_v2_1_36_axic_fifo/system_axi_interconnect_1_imp_auto_pc_0_axi_data_fifo_v2_1_36_fifo_gen/<hidden>/<hidden>/<hidden>/<hidden>/<hidden>/<hidden>
                            (rising edge-triggered cell FDPE clocked by host_clk_i  {rise@0.000ns fall@12.500ns period=25.000ns})
  Destination:            rocketchip_wrapper/system/system_axi_interconnect_1_0/s00_couplers_imp_8CNLH6/system_axi_interconnect_1_imp_auto_pc_0/system_axi_interconnect_1_imp_auto_pc_0_axi_protocol_converter_v2_1_37_axi_protocol_converter/system_axi_interconnect_1_imp_auto_pc_0_axi_protocol_converter_v2_1_37_axi3_conv/system_axi_interconnect_1_imp_auto_pc_0_axi_protocol_converter_v2_1_37_a_axi3_conv/system_axi_interconnect_1_imp_auto_pc_0_axi_data_fifo_v2_1_36_axic_fifo/system_axi_interconnect_1_imp_auto_pc_0_axi_data_fifo_v2_1_36_fifo_gen/<hidden>/<hidden>/<hidden>/<hidden>/<hidden>/<hidden>
                            (recovery check against rising-edge clock host_clk_i  {rise@0.000ns fall@12.500ns period=25.000ns})
  Path Group:             **async_default**
  Path Type:              Recovery (Max at Slow Process Corner)
  Requirement:            25.000ns  (host_clk_i rise@25.000ns - host_clk_i rise@0.000ns)
  Data Path Delay:        3.511ns  (logic 0.773ns (22.014%)  route 2.738ns (77.986%))
  Logic Levels:           1  (LUT3=1)
  Clock Path Skew:        -0.239ns (DCD - SCD + CPR)
    Destination Clock Delay (DCD):    6.247ns = ( 31.247 - 25.000 ) 
    Source Clock Delay      (SCD):    6.889ns
    Clock Pessimism Removal (CPR):    0.402ns
  Clock Uncertainty:      0.082ns  ((TSJ^2 + DJ^2)^1/2) / 2 + PE
    Total System Jitter     (TSJ):    0.071ns
    Discrete Jitter          (DJ):    0.147ns
    Phase Error              (PE):    0.000ns

    Location             Delay type                Incr(ns)  Path(ns)    Netlist Resource(s)
  -------------------------------------------------------------------    -------------------
                         (clock host_clk_i rise edge)
                                                      0.000     0.000 r  
    H16                                               0.000     0.000 r  clk (IN)
                         net (fo=0)                   0.000     0.000    clk
    H16                  IBUF (Prop_ibuf_I_O)         1.451     1.451 r  ibufg_gclk/O
                         net (fo=1, routed)           1.285     2.736    gclk_i
    MMCME2_ADV_X1Y2      MMCME2_ADV (Prop_mmcme2_adv_CLKIN1_CLKOUT0)
                                                      0.088     2.824 r  MMCME2_BASE_inst/CLKOUT0
                         net (fo=1, routed)           2.206     5.030    host_clk_i
    BUFGCTRL_X0Y16       BUFG (Prop_bufg_I_O)         0.101     5.131 r  bufg_host_clk/O
                         net (fo=7399, routed)        1.758     6.889    rocketchip_wrapper/system/system_axi_interconnect_1_0/s00_couplers_imp_8CNLH6/system_axi_interconnect_1_imp_auto_pc_0/system_axi_interconnect_1_imp_auto_pc_0_axi_protocol_converter_v2_1_37_axi_protocol_converter/system_axi_interconnect_1_imp_auto_pc_0_axi_protocol_converter_v2_1_37_axi3_conv/system_axi_interconnect_1_imp_auto_pc_0_axi_protocol_converter_v2_1_37_a_axi3_conv/system_axi_interconnect_1_imp_auto_pc_0_axi_data_fifo_v2_1_36_axic_fifo/system_axi_interconnect_1_imp_auto_pc_0_axi_data_fifo_v2_1_36_fifo_gen/<hidden>/<hidden>/<hidden>/<hidden>/<hidden>/<hidden>
    SLICE_X14Y49         FDPE                                         r  rocketchip_wrapper/system/system_axi_interconnect_1_0/s00_couplers_imp_8CNLH6/system_axi_interconnect_1_imp_auto_pc_0/system_axi_interconnect_1_imp_auto_pc_0_axi_protocol_converter_v2_1_37_axi_protocol_converter/system_axi_interconnect_1_imp_auto_pc_0_axi_protocol_converter_v2_1_37_axi3_conv/system_axi_interconnect_1_imp_auto_pc_0_axi_protocol_converter_v2_1_37_a_axi3_conv/system_axi_interconnect_1_imp_auto_pc_0_axi_data_fifo_v2_1_36_axic_fifo/system_axi_interconnect_1_imp_auto_pc_0_axi_data_fifo_v2_1_36_fifo_gen/<hidden>/<hidden>/<hidden>/<hidden>/<hidden>/<hidden>
  -------------------------------------------------------------------    -------------------
    SLICE_X14Y49         FDPE (Prop_fdpe_C_Q)         0.478     7.367 f  rocketchip_wrapper/system/system_axi_interconnect_1_0/s00_couplers_imp_8CNLH6/system_axi_interconnect_1_imp_auto_pc_0/system_axi_interconnect_1_imp_auto_pc_0_axi_protocol_converter_v2_1_37_axi_protocol_converter/system_axi_interconnect_1_imp_auto_pc_0_axi_protocol_converter_v2_1_37_axi3_conv/system_axi_interconnect_1_imp_auto_pc_0_axi_protocol_converter_v2_1_37_a_axi3_conv/system_axi_interconnect_1_imp_auto_pc_0_axi_data_fifo_v2_1_36_axic_fifo/system_axi_interconnect_1_imp_auto_pc_0_axi_data_fifo_v2_1_36_fifo_gen/<hidden>/<hidden>/<hidden>/<hidden>/<hidden>/<hidden>
                         net (fo=3, routed)           0.594     7.961    rocketchip_wrapper/system/system_axi_interconnect_1_0/s00_couplers_imp_8CNLH6/system_axi_interconnect_1_imp_auto_pc_0/system_axi_interconnect_1_imp_auto_pc_0_axi_protocol_converter_v2_1_37_axi_protocol_converter/system_axi_interconnect_1_imp_auto_pc_0_axi_protocol_converter_v2_1_37_axi3_conv/system_axi_interconnect_1_imp_auto_pc_0_axi_protocol_converter_v2_1_37_a_axi3_conv/system_axi_interconnect_1_imp_auto_pc_0_axi_data_fifo_v2_1_36_axic_fifo/system_axi_interconnect_1_imp_auto_pc_0_axi_data_fifo_v2_1_36_fifo_gen/<hidden>/<hidden>/<hidden>/<hidden>/<hidden>
    SLICE_X13Y49         LUT3 (Prop_lut3_I2_O)        0.295     8.256 f  rocketchip_wrapper/system/system_axi_interconnect_1_0/s00_couplers_imp_8CNLH6/system_axi_interconnect_1_imp_auto_pc_0/system_axi_interconnect_1_imp_auto_pc_0_axi_protocol_converter_v2_1_37_axi_protocol_converter/system_axi_interconnect_1_imp_auto_pc_0_axi_protocol_converter_v2_1_37_axi3_conv/system_axi_interconnect_1_imp_auto_pc_0_axi_protocol_converter_v2_1_37_a_axi3_conv/system_axi_interconnect_1_imp_auto_pc_0_axi_data_fifo_v2_1_36_axic_fifo/system_axi_interconnect_1_imp_auto_pc_0_axi_data_fifo_v2_1_36_fifo_gen/<hidden>/<hidden>/<hidden>/<hidden>/<hidden>
                         net (fo=32, routed)          2.144    10.400    rocketchip_wrapper/system/system_axi_interconnect_1_0/s00_couplers_imp_8CNLH6/system_axi_interconnect_1_imp_auto_pc_0/system_axi_interconnect_1_imp_auto_pc_0_axi_protocol_converter_v2_1_37_axi_protocol_converter/system_axi_interconnect_1_imp_auto_pc_0_axi_protocol_converter_v2_1_37_axi3_conv/system_axi_interconnect_1_imp_auto_pc_0_axi_protocol_converter_v2_1_37_a_axi3_conv/system_axi_interconnect_1_imp_auto_pc_0_axi_data_fifo_v2_1_36_axic_fifo/system_axi_interconnect_1_imp_auto_pc_0_axi_data_fifo_v2_1_36_fifo_gen/<hidden>/<hidden>/<hidden>/<hidden>/<hidden>/<hidden>
    SLICE_X26Y60         FDPE                                         f  rocketchip_wrapper/system/system_axi_interconnect_1_0/s00_couplers_imp_8CNLH6/system_axi_interconnect_1_imp_auto_pc_0/system_axi_interconnect_1_imp_auto_pc_0_axi_protocol_converter_v2_1_37_axi_protocol_converter/system_axi_interconnect_1_imp_auto_pc_0_axi_protocol_converter_v2_1_37_axi3_conv/system_axi_interconnect_1_imp_auto_pc_0_axi_protocol_converter_v2_1_37_a_axi3_conv/system_axi_interconnect_1_imp_auto_pc_0_axi_data_fifo_v2_1_36_axic_fifo/system_axi_interconnect_1_imp_auto_pc_0_axi_data_fifo_v2_1_36_fifo_gen/<hidden>/<hidden>/<hidden>/<hidden>/<hidden>/<hidden>
  -------------------------------------------------------------------    -------------------

                         (clock host_clk_i rise edge)
                                                     25.000    25.000 r  
    H16                                               0.000    25.000 r  clk (IN)
                         net (fo=0)                   0.000    25.000    clk
    H16                  IBUF (Prop_ibuf_I_O)         1.380    26.380 r  ibufg_gclk/O
                         net (fo=1, routed)           1.162    27.542    gclk_i
    MMCME2_ADV_X1Y2      MMCME2_ADV (Prop_mmcme2_adv_CLKIN1_CLKOUT0)
                                                      0.083    27.625 r  MMCME2_BASE_inst/CLKOUT0
                         net (fo=1, routed)           2.012    29.637    host_clk_i
    BUFGCTRL_X0Y16       BUFG (Prop_bufg_I_O)         0.091    29.728 r  bufg_host_clk/O
                         net (fo=7399, routed)        1.519    31.247    rocketchip_wrapper/system/system_axi_interconnect_1_0/s00_couplers_imp_8CNLH6/system_axi_interconnect_1_imp_auto_pc_0/system_axi_interconnect_1_imp_auto_pc_0_axi_protocol_converter_v2_1_37_axi_protocol_converter/system_axi_interconnect_1_imp_auto_pc_0_axi_protocol_converter_v2_1_37_axi3_conv/system_axi_interconnect_1_imp_auto_pc_0_axi_protocol_converter_v2_1_37_a_axi3_conv/system_axi_interconnect_1_imp_auto_pc_0_axi_data_fifo_v2_1_36_axic_fifo/system_axi_interconnect_1_imp_auto_pc_0_axi_data_fifo_v2_1_36_fifo_gen/<hidden>/<hidden>/<hidden>/<hidden>/<hidden>/<hidden>
    SLICE_X26Y60         FDPE                                         r  rocketchip_wrapper/system/system_axi_interconnect_1_0/s00_couplers_imp_8CNLH6/system_axi_interconnect_1_imp_auto_pc_0/system_axi_interconnect_1_imp_auto_pc_0_axi_protocol_converter_v2_1_37_axi_protocol_converter/system_axi_interconnect_1_imp_auto_pc_0_axi_protocol_converter_v2_1_37_axi3_conv/system_axi_interconnect_1_imp_auto_pc_0_axi_protocol_converter_v2_1_37_a_axi3_conv/system_axi_interconnect_1_imp_auto_pc_0_axi_data_fifo_v2_1_36_axic_fifo/system_axi_interconnect_1_imp_auto_pc_0_axi_data_fifo_v2_1_36_fifo_gen/<hidden>/<hidden>/<hidden>/<hidden>/<hidden>/<hidden>
                         clock pessimism              0.402    31.649    
                         clock uncertainty           -0.082    31.568    
    SLICE_X26Y60         FDPE (Recov_fdpe_C_PRE)     -0.361    31.207    rocketchip_wrapper/system/system_axi_interconnect_1_0/s00_couplers_imp_8CNLH6/system_axi_interconnect_1_imp_auto_pc_0/system_axi_interconnect_1_imp_auto_pc_0_axi_protocol_converter_v2_1_37_axi_protocol_converter/system_axi_interconnect_1_imp_auto_pc_0_axi_protocol_converter_v2_1_37_axi3_conv/system_axi_interconnect_1_imp_auto_pc_0_axi_protocol_converter_v2_1_37_a_axi3_conv/system_axi_interconnect_1_imp_auto_pc_0_axi_data_fifo_v2_1_36_axic_fifo/system_axi_interconnect_1_imp_auto_pc_0_axi_data_fifo_v2_1_36_fifo_gen/<hidden>/<hidden>/<hidden>/<hidden>/<hidden>/<hidden>
  -------------------------------------------------------------------
                         required time                         31.207    
                         arrival time                         -10.400    
  -------------------------------------------------------------------
                         slack                                 20.807    

Slack (MET) :             20.807ns  (required time - arrival time)
  Source:                 rocketchip_wrapper/system/system_axi_interconnect_1_0/s00_couplers_imp_8CNLH6/system_axi_interconnect_1_imp_auto_pc_0/system_axi_interconnect_1_imp_auto_pc_0_axi_protocol_converter_v2_1_37_axi_protocol_converter/system_axi_interconnect_1_imp_auto_pc_0_axi_protocol_converter_v2_1_37_axi3_conv/system_axi_interconnect_1_imp_auto_pc_0_axi_protocol_converter_v2_1_37_a_axi3_conv/system_axi_interconnect_1_imp_auto_pc_0_axi_data_fifo_v2_1_36_axic_fifo/system_axi_interconnect_1_imp_auto_pc_0_axi_data_fifo_v2_1_36_fifo_gen/<hidden>/<hidden>/<hidden>/<hidden>/<hidden>/<hidden>
                            (rising edge-triggered cell FDPE clocked by host_clk_i  {rise@0.000ns fall@12.500ns period=25.000ns})
  Destination:            rocketchip_wrapper/system/system_axi_interconnect_1_0/s00_couplers_imp_8CNLH6/system_axi_interconnect_1_imp_auto_pc_0/system_axi_interconnect_1_imp_auto_pc_0_axi_protocol_converter_v2_1_37_axi_protocol_converter/system_axi_interconnect_1_imp_auto_pc_0_axi_protocol_converter_v2_1_37_axi3_conv/system_axi_interconnect_1_imp_auto_pc_0_axi_protocol_converter_v2_1_37_a_axi3_conv/system_axi_interconnect_1_imp_auto_pc_0_axi_data_fifo_v2_1_36_axic_fifo/system_axi_interconnect_1_imp_auto_pc_0_axi_data_fifo_v2_1_36_fifo_gen/<hidden>/<hidden>/<hidden>/<hidden>/<hidden>/<hidden>
                            (recovery check against rising-edge clock host_clk_i  {rise@0.000ns fall@12.500ns period=25.000ns})
  Path Group:             **async_default**
  Path Type:              Recovery (Max at Slow Process Corner)
  Requirement:            25.000ns  (host_clk_i rise@25.000ns - host_clk_i rise@0.000ns)
  Data Path Delay:        3.511ns  (logic 0.773ns (22.014%)  route 2.738ns (77.986%))
  Logic Levels:           1  (LUT3=1)
  Clock Path Skew:        -0.239ns (DCD - SCD + CPR)
    Destination Clock Delay (DCD):    6.247ns = ( 31.247 - 25.000 ) 
    Source Clock Delay      (SCD):    6.889ns
    Clock Pessimism Removal (CPR):    0.402ns
  Clock Uncertainty:      0.082ns  ((TSJ^2 + DJ^2)^1/2) / 2 + PE
    Total System Jitter     (TSJ):    0.071ns
    Discrete Jitter          (DJ):    0.147ns
    Phase Error              (PE):    0.000ns

    Location             Delay type                Incr(ns)  Path(ns)    Netlist Resource(s)
  -------------------------------------------------------------------    -------------------
                         (clock host_clk_i rise edge)
                                                      0.000     0.000 r  
    H16                                               0.000     0.000 r  clk (IN)
                         net (fo=0)                   0.000     0.000    clk
    H16                  IBUF (Prop_ibuf_I_O)         1.451     1.451 r  ibufg_gclk/O
                         net (fo=1, routed)           1.285     2.736    gclk_i
    MMCME2_ADV_X1Y2      MMCME2_ADV (Prop_mmcme2_adv_CLKIN1_CLKOUT0)
                                                      0.088     2.824 r  MMCME2_BASE_inst/CLKOUT0
                         net (fo=1, routed)           2.206     5.030    host_clk_i
    BUFGCTRL_X0Y16       BUFG (Prop_bufg_I_O)         0.101     5.131 r  bufg_host_clk/O
                         net (fo=7399, routed)        1.758     6.889    rocketchip_wrapper/system/system_axi_interconnect_1_0/s00_couplers_imp_8CNLH6/system_axi_interconnect_1_imp_auto_pc_0/system_axi_interconnect_1_imp_auto_pc_0_axi_protocol_converter_v2_1_37_axi_protocol_converter/system_axi_interconnect_1_imp_auto_pc_0_axi_protocol_converter_v2_1_37_axi3_conv/system_axi_interconnect_1_imp_auto_pc_0_axi_protocol_converter_v2_1_37_a_axi3_conv/system_axi_interconnect_1_imp_auto_pc_0_axi_data_fifo_v2_1_36_axic_fifo/system_axi_interconnect_1_imp_auto_pc_0_axi_data_fifo_v2_1_36_fifo_gen/<hidden>/<hidden>/<hidden>/<hidden>/<hidden>/<hidden>
    SLICE_X14Y49         FDPE                                         r  rocketchip_wrapper/system/system_axi_interconnect_1_0/s00_couplers_imp_8CNLH6/system_axi_interconnect_1_imp_auto_pc_0/system_axi_interconnect_1_imp_auto_pc_0_axi_protocol_converter_v2_1_37_axi_protocol_converter/system_axi_interconnect_1_imp_auto_pc_0_axi_protocol_converter_v2_1_37_axi3_conv/system_axi_interconnect_1_imp_auto_pc_0_axi_protocol_converter_v2_1_37_a_axi3_conv/system_axi_interconnect_1_imp_auto_pc_0_axi_data_fifo_v2_1_36_axic_fifo/system_axi_interconnect_1_imp_auto_pc_0_axi_data_fifo_v2_1_36_fifo_gen/<hidden>/<hidden>/<hidden>/<hidden>/<hidden>/<hidden>
  -------------------------------------------------------------------    -------------------
    SLICE_X14Y49         FDPE (Prop_fdpe_C_Q)         0.478     7.367 f  rocketchip_wrapper/system/system_axi_interconnect_1_0/s00_couplers_imp_8CNLH6/system_axi_interconnect_1_imp_auto_pc_0/system_axi_interconnect_1_imp_auto_pc_0_axi_protocol_converter_v2_1_37_axi_protocol_converter/system_axi_interconnect_1_imp_auto_pc_0_axi_protocol_converter_v2_1_37_axi3_conv/system_axi_interconnect_1_imp_auto_pc_0_axi_protocol_converter_v2_1_37_a_axi3_conv/system_axi_interconnect_1_imp_auto_pc_0_axi_data_fifo_v2_1_36_axic_fifo/system_axi_interconnect_1_imp_auto_pc_0_axi_data_fifo_v2_1_36_fifo_gen/<hidden>/<hidden>/<hidden>/<hidden>/<hidden>/<hidden>
                         net (fo=3, routed)           0.594     7.961    rocketchip_wrapper/system/system_axi_interconnect_1_0/s00_couplers_imp_8CNLH6/system_axi_interconnect_1_imp_auto_pc_0/system_axi_interconnect_1_imp_auto_pc_0_axi_protocol_converter_v2_1_37_axi_protocol_converter/system_axi_interconnect_1_imp_auto_pc_0_axi_protocol_converter_v2_1_37_axi3_conv/system_axi_interconnect_1_imp_auto_pc_0_axi_protocol_converter_v2_1_37_a_axi3_conv/system_axi_interconnect_1_imp_auto_pc_0_axi_data_fifo_v2_1_36_axic_fifo/system_axi_interconnect_1_imp_auto_pc_0_axi_data_fifo_v2_1_36_fifo_gen/<hidden>/<hidden>/<hidden>/<hidden>/<hidden>
    SLICE_X13Y49         LUT3 (Prop_lut3_I2_O)        0.295     8.256 f  rocketchip_wrapper/system/system_axi_interconnect_1_0/s00_couplers_imp_8CNLH6/system_axi_interconnect_1_imp_auto_pc_0/system_axi_interconnect_1_imp_auto_pc_0_axi_protocol_converter_v2_1_37_axi_protocol_converter/system_axi_interconnect_1_imp_auto_pc_0_axi_protocol_converter_v2_1_37_axi3_conv/system_axi_interconnect_1_imp_auto_pc_0_axi_protocol_converter_v2_1_37_a_axi3_conv/system_axi_interconnect_1_imp_auto_pc_0_axi_data_fifo_v2_1_36_axic_fifo/system_axi_interconnect_1_imp_auto_pc_0_axi_data_fifo_v2_1_36_fifo_gen/<hidden>/<hidden>/<hidden>/<hidden>/<hidden>
                         net (fo=32, routed)          2.144    10.400    rocketchip_wrapper/system/system_axi_interconnect_1_0/s00_couplers_imp_8CNLH6/system_axi_interconnect_1_imp_auto_pc_0/system_axi_interconnect_1_imp_auto_pc_0_axi_protocol_converter_v2_1_37_axi_protocol_converter/system_axi_interconnect_1_imp_auto_pc_0_axi_protocol_converter_v2_1_37_axi3_conv/system_axi_interconnect_1_imp_auto_pc_0_axi_protocol_converter_v2_1_37_a_axi3_conv/system_axi_interconnect_1_imp_auto_pc_0_axi_data_fifo_v2_1_36_axic_fifo/system_axi_interconnect_1_imp_auto_pc_0_axi_data_fifo_v2_1_36_fifo_gen/<hidden>/<hidden>/<hidden>/<hidden>/<hidden>/<hidden>
    SLICE_X26Y60         FDCE                                         f  rocketchip_wrapper/system/system_axi_interconnect_1_0/s00_couplers_imp_8CNLH6/system_axi_interconnect_1_imp_auto_pc_0/system_axi_interconnect_1_imp_auto_pc_0_axi_protocol_converter_v2_1_37_axi_protocol_converter/system_axi_interconnect_1_imp_auto_pc_0_axi_protocol_converter_v2_1_37_axi3_conv/system_axi_interconnect_1_imp_auto_pc_0_axi_protocol_converter_v2_1_37_a_axi3_conv/system_axi_interconnect_1_imp_auto_pc_0_axi_data_fifo_v2_1_36_axic_fifo/system_axi_interconnect_1_imp_auto_pc_0_axi_data_fifo_v2_1_36_fifo_gen/<hidden>/<hidden>/<hidden>/<hidden>/<hidden>/<hidden>
  -------------------------------------------------------------------    -------------------

                         (clock host_clk_i rise edge)
                                                     25.000    25.000 r  
    H16                                               0.000    25.000 r  clk (IN)
                         net (fo=0)                   0.000    25.000    clk
    H16                  IBUF (Prop_ibuf_I_O)         1.380    26.380 r  ibufg_gclk/O
                         net (fo=1, routed)           1.162    27.542    gclk_i
    MMCME2_ADV_X1Y2      MMCME2_ADV (Prop_mmcme2_adv_CLKIN1_CLKOUT0)
                                                      0.083    27.625 r  MMCME2_BASE_inst/CLKOUT0
                         net (fo=1, routed)           2.012    29.637    host_clk_i
    BUFGCTRL_X0Y16       BUFG (Prop_bufg_I_O)         0.091    29.728 r  bufg_host_clk/O
                         net (fo=7399, routed)        1.519    31.247    rocketchip_wrapper/system/system_axi_interconnect_1_0/s00_couplers_imp_8CNLH6/system_axi_interconnect_1_imp_auto_pc_0/system_axi_interconnect_1_imp_auto_pc_0_axi_protocol_converter_v2_1_37_axi_protocol_converter/system_axi_interconnect_1_imp_auto_pc_0_axi_protocol_converter_v2_1_37_axi3_conv/system_axi_interconnect_1_imp_auto_pc_0_axi_protocol_converter_v2_1_37_a_axi3_conv/system_axi_interconnect_1_imp_auto_pc_0_axi_data_fifo_v2_1_36_axic_fifo/system_axi_interconnect_1_imp_auto_pc_0_axi_data_fifo_v2_1_36_fifo_gen/<hidden>/<hidden>/<hidden>/<hidden>/<hidden>/<hidden>
    SLICE_X26Y60         FDCE                                         r  rocketchip_wrapper/system/system_axi_interconnect_1_0/s00_couplers_imp_8CNLH6/system_axi_interconnect_1_imp_auto_pc_0/system_axi_interconnect_1_imp_auto_pc_0_axi_protocol_converter_v2_1_37_axi_protocol_converter/system_axi_interconnect_1_imp_auto_pc_0_axi_protocol_converter_v2_1_37_axi3_conv/system_axi_interconnect_1_imp_auto_pc_0_axi_protocol_converter_v2_1_37_a_axi3_conv/system_axi_interconnect_1_imp_auto_pc_0_axi_data_fifo_v2_1_36_axic_fifo/system_axi_interconnect_1_imp_auto_pc_0_axi_data_fifo_v2_1_36_fifo_gen/<hidden>/<hidden>/<hidden>/<hidden>/<hidden>/<hidden>
                         clock pessimism              0.402    31.649    
                         clock uncertainty           -0.082    31.568    
    SLICE_X26Y60         FDCE (Recov_fdce_C_CLR)     -0.361    31.207    rocketchip_wrapper/system/system_axi_interconnect_1_0/s00_couplers_imp_8CNLH6/system_axi_interconnect_1_imp_auto_pc_0/system_axi_interconnect_1_imp_auto_pc_0_axi_protocol_converter_v2_1_37_axi_protocol_converter/system_axi_interconnect_1_imp_auto_pc_0_axi_protocol_converter_v2_1_37_axi3_conv/system_axi_interconnect_1_imp_auto_pc_0_axi_protocol_converter_v2_1_37_a_axi3_conv/system_axi_interconnect_1_imp_auto_pc_0_axi_data_fifo_v2_1_36_axic_fifo/system_axi_interconnect_1_imp_auto_pc_0_axi_data_fifo_v2_1_36_fifo_gen/<hidden>/<hidden>/<hidden>/<hidden>/<hidden>/<hidden>
  -------------------------------------------------------------------
                         required time                         31.207    
                         arrival time                         -10.400    
  -------------------------------------------------------------------
                         slack                                 20.807    

Slack (MET) :             20.809ns  (required time - arrival time)
  Source:                 rocketchip_wrapper/system/system_axi_interconnect_1_0/s00_couplers_imp_8CNLH6/system_axi_interconnect_1_imp_auto_pc_0/system_axi_interconnect_1_imp_auto_pc_0_axi_protocol_converter_v2_1_37_axi_protocol_converter/system_axi_interconnect_1_imp_auto_pc_0_axi_protocol_converter_v2_1_37_axi3_conv/system_axi_interconnect_1_imp_auto_pc_0_axi_protocol_converter_v2_1_37_a_axi3_conv/system_axi_interconnect_1_imp_auto_pc_0_axi_data_fifo_v2_1_36_axic_fifo/system_axi_interconnect_1_imp_auto_pc_0_axi_data_fifo_v2_1_36_fifo_gen/<hidden>/<hidden>/<hidden>/<hidden>/<hidden>/<hidden>
                            (rising edge-triggered cell FDPE clocked by host_clk_i  {rise@0.000ns fall@12.500ns period=25.000ns})
  Destination:            rocketchip_wrapper/system/system_axi_interconnect_1_0/s00_couplers_imp_8CNLH6/system_axi_interconnect_1_imp_auto_pc_0/system_axi_interconnect_1_imp_auto_pc_0_axi_protocol_converter_v2_1_37_axi_protocol_converter/system_axi_interconnect_1_imp_auto_pc_0_axi_protocol_converter_v2_1_37_axi3_conv/system_axi_interconnect_1_imp_auto_pc_0_axi_protocol_converter_v2_1_37_a_axi3_conv/system_axi_interconnect_1_imp_auto_pc_0_axi_data_fifo_v2_1_36_axic_fifo/system_axi_interconnect_1_imp_auto_pc_0_axi_data_fifo_v2_1_36_fifo_gen/<hidden>/<hidden>/<hidden>/<hidden>/<hidden>/<hidden>
                            (recovery check against rising-edge clock host_clk_i  {rise@0.000ns fall@12.500ns period=25.000ns})
  Path Group:             **async_default**
  Path Type:              Recovery (Max at Slow Process Corner)
  Requirement:            25.000ns  (host_clk_i rise@25.000ns - host_clk_i rise@0.000ns)
  Data Path Delay:        3.511ns  (logic 0.773ns (22.014%)  route 2.738ns (77.986%))
  Logic Levels:           1  (LUT3=1)
  Clock Path Skew:        -0.239ns (DCD - SCD + CPR)
    Destination Clock Delay (DCD):    6.247ns = ( 31.247 - 25.000 ) 
    Source Clock Delay      (SCD):    6.889ns
    Clock Pessimism Removal (CPR):    0.402ns
  Clock Uncertainty:      0.082ns  ((TSJ^2 + DJ^2)^1/2) / 2 + PE
    Total System Jitter     (TSJ):    0.071ns
    Discrete Jitter          (DJ):    0.147ns
    Phase Error              (PE):    0.000ns

    Location             Delay type                Incr(ns)  Path(ns)    Netlist Resource(s)
  -------------------------------------------------------------------    -------------------
                         (clock host_clk_i rise edge)
                                                      0.000     0.000 r  
    H16                                               0.000     0.000 r  clk (IN)
                         net (fo=0)                   0.000     0.000    clk
    H16                  IBUF (Prop_ibuf_I_O)         1.451     1.451 r  ibufg_gclk/O
                         net (fo=1, routed)           1.285     2.736    gclk_i
    MMCME2_ADV_X1Y2      MMCME2_ADV (Prop_mmcme2_adv_CLKIN1_CLKOUT0)
                                                      0.088     2.824 r  MMCME2_BASE_inst/CLKOUT0
                         net (fo=1, routed)           2.206     5.030    host_clk_i
    BUFGCTRL_X0Y16       BUFG (Prop_bufg_I_O)         0.101     5.131 r  bufg_host_clk/O
                         net (fo=7399, routed)        1.758     6.889    rocketchip_wrapper/system/system_axi_interconnect_1_0/s00_couplers_imp_8CNLH6/system_axi_interconnect_1_imp_auto_pc_0/system_axi_interconnect_1_imp_auto_pc_0_axi_protocol_converter_v2_1_37_axi_protocol_converter/system_axi_interconnect_1_imp_auto_pc_0_axi_protocol_converter_v2_1_37_axi3_conv/system_axi_interconnect_1_imp_auto_pc_0_axi_protocol_converter_v2_1_37_a_axi3_conv/system_axi_interconnect_1_imp_auto_pc_0_axi_data_fifo_v2_1_36_axic_fifo/system_axi_interconnect_1_imp_auto_pc_0_axi_data_fifo_v2_1_36_fifo_gen/<hidden>/<hidden>/<hidden>/<hidden>/<hidden>/<hidden>
    SLICE_X14Y49         FDPE                                         r  rocketchip_wrapper/system/system_axi_interconnect_1_0/s00_couplers_imp_8CNLH6/system_axi_interconnect_1_imp_auto_pc_0/system_axi_interconnect_1_imp_auto_pc_0_axi_protocol_converter_v2_1_37_axi_protocol_converter/system_axi_interconnect_1_imp_auto_pc_0_axi_protocol_converter_v2_1_37_axi3_conv/system_axi_interconnect_1_imp_auto_pc_0_axi_protocol_converter_v2_1_37_a_axi3_conv/system_axi_interconnect_1_imp_auto_pc_0_axi_data_fifo_v2_1_36_axic_fifo/system_axi_interconnect_1_imp_auto_pc_0_axi_data_fifo_v2_1_36_fifo_gen/<hidden>/<hidden>/<hidden>/<hidden>/<hidden>/<hidden>
  -------------------------------------------------------------------    -------------------
    SLICE_X14Y49         FDPE (Prop_fdpe_C_Q)         0.478     7.367 f  rocketchip_wrapper/system/system_axi_interconnect_1_0/s00_couplers_imp_8CNLH6/system_axi_interconnect_1_imp_auto_pc_0/system_axi_interconnect_1_imp_auto_pc_0_axi_protocol_converter_v2_1_37_axi_protocol_converter/system_axi_interconnect_1_imp_auto_pc_0_axi_protocol_converter_v2_1_37_axi3_conv/system_axi_interconnect_1_imp_auto_pc_0_axi_protocol_converter_v2_1_37_a_axi3_conv/system_axi_interconnect_1_imp_auto_pc_0_axi_data_fifo_v2_1_36_axic_fifo/system_axi_interconnect_1_imp_auto_pc_0_axi_data_fifo_v2_1_36_fifo_gen/<hidden>/<hidden>/<hidden>/<hidden>/<hidden>/<hidden>
                         net (fo=3, routed)           0.594     7.961    rocketchip_wrapper/system/system_axi_interconnect_1_0/s00_couplers_imp_8CNLH6/system_axi_interconnect_1_imp_auto_pc_0/system_axi_interconnect_1_imp_auto_pc_0_axi_protocol_converter_v2_1_37_axi_protocol_converter/system_axi_interconnect_1_imp_auto_pc_0_axi_protocol_converter_v2_1_37_axi3_conv/system_axi_interconnect_1_imp_auto_pc_0_axi_protocol_converter_v2_1_37_a_axi3_conv/system_axi_interconnect_1_imp_auto_pc_0_axi_data_fifo_v2_1_36_axic_fifo/system_axi_interconnect_1_imp_auto_pc_0_axi_data_fifo_v2_1_36_fifo_gen/<hidden>/<hidden>/<hidden>/<hidden>/<hidden>
    SLICE_X13Y49         LUT3 (Prop_lut3_I2_O)        0.295     8.256 f  rocketchip_wrapper/system/system_axi_interconnect_1_0/s00_couplers_imp_8CNLH6/system_axi_interconnect_1_imp_auto_pc_0/system_axi_interconnect_1_imp_auto_pc_0_axi_protocol_converter_v2_1_37_axi_protocol_converter/system_axi_interconnect_1_imp_auto_pc_0_axi_protocol_converter_v2_1_37_axi3_conv/system_axi_interconnect_1_imp_auto_pc_0_axi_protocol_converter_v2_1_37_a_axi3_conv/system_axi_interconnect_1_imp_auto_pc_0_axi_data_fifo_v2_1_36_axic_fifo/system_axi_interconnect_1_imp_auto_pc_0_axi_data_fifo_v2_1_36_fifo_gen/<hidden>/<hidden>/<hidden>/<hidden>/<hidden>
                         net (fo=32, routed)          2.144    10.400    rocketchip_wrapper/system/system_axi_interconnect_1_0/s00_couplers_imp_8CNLH6/system_axi_interconnect_1_imp_auto_pc_0/system_axi_interconnect_1_imp_auto_pc_0_axi_protocol_converter_v2_1_37_axi_protocol_converter/system_axi_interconnect_1_imp_auto_pc_0_axi_protocol_converter_v2_1_37_axi3_conv/system_axi_interconnect_1_imp_auto_pc_0_axi_protocol_converter_v2_1_37_a_axi3_conv/system_axi_interconnect_1_imp_auto_pc_0_axi_data_fifo_v2_1_36_axic_fifo/system_axi_interconnect_1_imp_auto_pc_0_axi_data_fifo_v2_1_36_fifo_gen/<hidden>/<hidden>/<hidden>/<hidden>/<hidden>/<hidden>
    SLICE_X27Y60         FDPE                                         f  rocketchip_wrapper/system/system_axi_interconnect_1_0/s00_couplers_imp_8CNLH6/system_axi_interconnect_1_imp_auto_pc_0/system_axi_interconnect_1_imp_auto_pc_0_axi_protocol_converter_v2_1_37_axi_protocol_converter/system_axi_interconnect_1_imp_auto_pc_0_axi_protocol_converter_v2_1_37_axi3_conv/system_axi_interconnect_1_imp_auto_pc_0_axi_protocol_converter_v2_1_37_a_axi3_conv/system_axi_interconnect_1_imp_auto_pc_0_axi_data_fifo_v2_1_36_axic_fifo/system_axi_interconnect_1_imp_auto_pc_0_axi_data_fifo_v2_1_36_fifo_gen/<hidden>/<hidden>/<hidden>/<hidden>/<hidden>/<hidden>
  -------------------------------------------------------------------    -------------------

                         (clock host_clk_i rise edge)
                                                     25.000    25.000 r  
    H16                                               0.000    25.000 r  clk (IN)
                         net (fo=0)                   0.000    25.000    clk
    H16                  IBUF (Prop_ibuf_I_O)         1.380    26.380 r  ibufg_gclk/O
                         net (fo=1, routed)           1.162    27.542    gclk_i
    MMCME2_ADV_X1Y2      MMCME2_ADV (Prop_mmcme2_adv_CLKIN1_CLKOUT0)
                                                      0.083    27.625 r  MMCME2_BASE_inst/CLKOUT0
                         net (fo=1, routed)           2.012    29.637    host_clk_i
    BUFGCTRL_X0Y16       BUFG (Prop_bufg_I_O)         0.091    29.728 r  bufg_host_clk/O
                         net (fo=7399, routed)        1.519    31.247    rocketchip_wrapper/system/system_axi_interconnect_1_0/s00_couplers_imp_8CNLH6/system_axi_interconnect_1_imp_auto_pc_0/system_axi_interconnect_1_imp_auto_pc_0_axi_protocol_converter_v2_1_37_axi_protocol_converter/system_axi_interconnect_1_imp_auto_pc_0_axi_protocol_converter_v2_1_37_axi3_conv/system_axi_interconnect_1_imp_auto_pc_0_axi_protocol_converter_v2_1_37_a_axi3_conv/system_axi_interconnect_1_imp_auto_pc_0_axi_data_fifo_v2_1_36_axic_fifo/system_axi_interconnect_1_imp_auto_pc_0_axi_data_fifo_v2_1_36_fifo_gen/<hidden>/<hidden>/<hidden>/<hidden>/<hidden>/<hidden>
    SLICE_X27Y60         FDPE                                         r  rocketchip_wrapper/system/system_axi_interconnect_1_0/s00_couplers_imp_8CNLH6/system_axi_interconnect_1_imp_auto_pc_0/system_axi_interconnect_1_imp_auto_pc_0_axi_protocol_converter_v2_1_37_axi_protocol_converter/system_axi_interconnect_1_imp_auto_pc_0_axi_protocol_converter_v2_1_37_axi3_conv/system_axi_interconnect_1_imp_auto_pc_0_axi_protocol_converter_v2_1_37_a_axi3_conv/system_axi_interconnect_1_imp_auto_pc_0_axi_data_fifo_v2_1_36_axic_fifo/system_axi_interconnect_1_imp_auto_pc_0_axi_data_fifo_v2_1_36_fifo_gen/<hidden>/<hidden>/<hidden>/<hidden>/<hidden>/<hidden>
                         clock pessimism              0.402    31.649    
                         clock uncertainty           -0.082    31.568    
    SLICE_X27Y60         FDPE (Recov_fdpe_C_PRE)     -0.359    31.209    rocketchip_wrapper/system/system_axi_interconnect_1_0/s00_couplers_imp_8CNLH6/system_axi_interconnect_1_imp_auto_pc_0/system_axi_interconnect_1_imp_auto_pc_0_axi_protocol_converter_v2_1_37_axi_protocol_converter/system_axi_interconnect_1_imp_auto_pc_0_axi_protocol_converter_v2_1_37_axi3_conv/system_axi_interconnect_1_imp_auto_pc_0_axi_protocol_converter_v2_1_37_a_axi3_conv/system_axi_interconnect_1_imp_auto_pc_0_axi_data_fifo_v2_1_36_axic_fifo/system_axi_interconnect_1_imp_auto_pc_0_axi_data_fifo_v2_1_36_fifo_gen/<hidden>/<hidden>/<hidden>/<hidden>/<hidden>/<hidden>
  -------------------------------------------------------------------
                         required time                         31.209    
                         arrival time                         -10.400    
  -------------------------------------------------------------------
                         slack                                 20.809    





Min Delay Paths
--------------------------------------------------------------------------------------
Slack (MET) :             0.482ns  (arrival time - required time)
  Source:                 rocketchip_wrapper/system/system_axi_interconnect_1_0/s00_couplers_imp_8CNLH6/system_axi_interconnect_1_imp_auto_pc_0/system_axi_interconnect_1_imp_auto_pc_0_axi_protocol_converter_v2_1_37_axi_protocol_converter/system_axi_interconnect_1_imp_auto_pc_0_axi_protocol_converter_v2_1_37_axi3_conv/system_axi_interconnect_1_imp_auto_pc_0_axi_protocol_converter_v2_1_37_a_axi3_conv/system_axi_interconnect_1_imp_auto_pc_0_axi_data_fifo_v2_1_36_axic_fifo/system_axi_interconnect_1_imp_auto_pc_0_axi_data_fifo_v2_1_36_fifo_gen/<hidden>/<hidden>/<hidden>/<hidden>/<hidden>
                            (rising edge-triggered cell FDRE clocked by host_clk_i  {rise@0.000ns fall@12.500ns period=25.000ns})
  Destination:            rocketchip_wrapper/system/system_axi_interconnect_1_0/s00_couplers_imp_8CNLH6/system_axi_interconnect_1_imp_auto_pc_0/system_axi_interconnect_1_imp_auto_pc_0_axi_protocol_converter_v2_1_37_axi_protocol_converter/system_axi_interconnect_1_imp_auto_pc_0_axi_protocol_converter_v2_1_37_axi3_conv/system_axi_interconnect_1_imp_auto_pc_0_axi_protocol_converter_v2_1_37_a_axi3_conv/system_axi_interconnect_1_imp_auto_pc_0_axi_data_fifo_v2_1_36_axic_fifo/system_axi_interconnect_1_imp_auto_pc_0_axi_data_fifo_v2_1_36_fifo_gen/<hidden>/<hidden>/<hidden>/<hidden>/<hidden>/<hidden>
                            (removal check against rising-edge clock host_clk_i  {rise@0.000ns fall@12.500ns period=25.000ns})
  Path Group:             **async_default**
  Path Type:              Removal (Min at Fast Process Corner)
  Requirement:            0.000ns  (host_clk_i rise@0.000ns - host_clk_i rise@0.000ns)
  Data Path Delay:        0.403ns  (logic 0.209ns (51.818%)  route 0.194ns (48.182%))
  Logic Levels:           1  (LUT3=1)
  Clock Path Skew:        0.013ns (DCD - SCD - CPR)
    Destination Clock Delay (DCD):    2.586ns
    Source Clock Delay      (SCD):    2.028ns
    Clock Pessimism Removal (CPR):    0.545ns

    Location             Delay type                Incr(ns)  Path(ns)    Netlist Resource(s)
  -------------------------------------------------------------------    -------------------
                         (clock host_clk_i rise edge)
                                                      0.000     0.000 r  
    H16                                               0.000     0.000 r  clk (IN)
                         net (fo=0)                   0.000     0.000    clk
    H16                  IBUF (Prop_ibuf_I_O)         0.219     0.219 r  ibufg_gclk/O
                         net (fo=1, routed)           0.440     0.659    gclk_i
    MMCME2_ADV_X1Y2      MMCME2_ADV (Prop_mmcme2_adv_CLKIN1_CLKOUT0)
                                                      0.050     0.709 r  MMCME2_BASE_inst/CLKOUT0
                         net (fo=1, routed)           0.696     1.405    host_clk_i
    BUFGCTRL_X0Y16       BUFG (Prop_bufg_I_O)         0.026     1.431 r  bufg_host_clk/O
                         net (fo=7399, routed)        0.597     2.028    rocketchip_wrapper/system/system_axi_interconnect_1_0/s00_couplers_imp_8CNLH6/system_axi_interconnect_1_imp_auto_pc_0/system_axi_interconnect_1_imp_auto_pc_0_axi_protocol_converter_v2_1_37_axi_protocol_converter/system_axi_interconnect_1_imp_auto_pc_0_axi_protocol_converter_v2_1_37_axi3_conv/system_axi_interconnect_1_imp_auto_pc_0_axi_protocol_converter_v2_1_37_a_axi3_conv/system_axi_interconnect_1_imp_auto_pc_0_axi_data_fifo_v2_1_36_axic_fifo/system_axi_interconnect_1_imp_auto_pc_0_axi_data_fifo_v2_1_36_fifo_gen/<hidden>/<hidden>/<hidden>/<hidden>/<hidden>
    SLICE_X12Y49         FDRE                                         r  rocketchip_wrapper/system/system_axi_interconnect_1_0/s00_couplers_imp_8CNLH6/system_axi_interconnect_1_imp_auto_pc_0/system_axi_interconnect_1_imp_auto_pc_0_axi_protocol_converter_v2_1_37_axi_protocol_converter/system_axi_interconnect_1_imp_auto_pc_0_axi_protocol_converter_v2_1_37_axi3_conv/system_axi_interconnect_1_imp_auto_pc_0_axi_protocol_converter_v2_1_37_a_axi3_conv/system_axi_interconnect_1_imp_auto_pc_0_axi_data_fifo_v2_1_36_axic_fifo/system_axi_interconnect_1_imp_auto_pc_0_axi_data_fifo_v2_1_36_fifo_gen/<hidden>/<hidden>/<hidden>/<hidden>/<hidden>
  -------------------------------------------------------------------    -------------------
    SLICE_X12Y49         FDRE (Prop_fdre_C_Q)         0.164     2.192 f  rocketchip_wrapper/system/system_axi_interconnect_1_0/s00_couplers_imp_8CNLH6/system_axi_interconnect_1_imp_auto_pc_0/system_axi_interconnect_1_imp_auto_pc_0_axi_protocol_converter_v2_1_37_axi_protocol_converter/system_axi_interconnect_1_imp_auto_pc_0_axi_protocol_converter_v2_1_37_axi3_conv/system_axi_interconnect_1_imp_auto_pc_0_axi_protocol_converter_v2_1_37_a_axi3_conv/system_axi_interconnect_1_imp_auto_pc_0_axi_data_fifo_v2_1_36_axic_fifo/system_axi_interconnect_1_imp_auto_pc_0_axi_data_fifo_v2_1_36_fifo_gen/<hidden>/<hidden>/<hidden>/<hidden>/<hidden>
                         net (fo=2, routed)           0.063     2.255    rocketchip_wrapper/system/system_axi_interconnect_1_0/s00_couplers_imp_8CNLH6/system_axi_interconnect_1_imp_auto_pc_0/system_axi_interconnect_1_imp_auto_pc_0_axi_protocol_converter_v2_1_37_axi_protocol_converter/system_axi_interconnect_1_imp_auto_pc_0_axi_protocol_converter_v2_1_37_axi3_conv/system_axi_interconnect_1_imp_auto_pc_0_axi_protocol_converter_v2_1_37_a_axi3_conv/system_axi_interconnect_1_imp_auto_pc_0_axi_data_fifo_v2_1_36_axic_fifo/system_axi_interconnect_1_imp_auto_pc_0_axi_data_fifo_v2_1_36_fifo_gen/<hidden>/<hidden>/<hidden>/<hidden>/<hidden>
    SLICE_X13Y49         LUT3 (Prop_lut3_I0_O)        0.045     2.300 f  rocketchip_wrapper/system/system_axi_interconnect_1_0/s00_couplers_imp_8CNLH6/system_axi_interconnect_1_imp_auto_pc_0/system_axi_interconnect_1_imp_auto_pc_0_axi_protocol_converter_v2_1_37_axi_protocol_converter/system_axi_interconnect_1_imp_auto_pc_0_axi_protocol_converter_v2_1_37_axi3_conv/system_axi_interconnect_1_imp_auto_pc_0_axi_protocol_converter_v2_1_37_a_axi3_conv/system_axi_interconnect_1_imp_auto_pc_0_axi_data_fifo_v2_1_36_axic_fifo/system_axi_interconnect_1_imp_auto_pc_0_axi_data_fifo_v2_1_36_fifo_gen/<hidden>/<hidden>/<hidden>/<hidden>/<hidden>
                         net (fo=32, routed)          0.131     2.431    rocketchip_wrapper/system/system_axi_interconnect_1_0/s00_couplers_imp_8CNLH6/system_axi_interconnect_1_imp_auto_pc_0/system_axi_interconnect_1_imp_auto_pc_0_axi_protocol_converter_v2_1_37_axi_protocol_converter/system_axi_interconnect_1_imp_auto_pc_0_axi_protocol_converter_v2_1_37_axi3_conv/system_axi_interconnect_1_imp_auto_pc_0_axi_protocol_converter_v2_1_37_a_axi3_conv/system_axi_interconnect_1_imp_auto_pc_0_axi_data_fifo_v2_1_36_axic_fifo/system_axi_interconnect_1_imp_auto_pc_0_axi_data_fifo_v2_1_36_fifo_gen/<hidden>/<hidden>/<hidden>/<hidden>/<hidden>/<hidden>
    SLICE_X13Y49         FDCE                                         f  rocketchip_wrapper/system/system_axi_interconnect_1_0/s00_couplers_imp_8CNLH6/system_axi_interconnect_1_imp_auto_pc_0/system_axi_interconnect_1_imp_auto_pc_0_axi_protocol_converter_v2_1_37_axi_protocol_converter/system_axi_interconnect_1_imp_auto_pc_0_axi_protocol_converter_v2_1_37_axi3_conv/system_axi_interconnect_1_imp_auto_pc_0_axi_protocol_converter_v2_1_37_a_axi3_conv/system_axi_interconnect_1_imp_auto_pc_0_axi_data_fifo_v2_1_36_axic_fifo/system_axi_interconnect_1_imp_auto_pc_0_axi_data_fifo_v2_1_36_fifo_gen/<hidden>/<hidden>/<hidden>/<hidden>/<hidden>/<hidden>
  -------------------------------------------------------------------    -------------------

                         (clock host_clk_i rise edge)
                                                      0.000     0.000 r  
    H16                                               0.000     0.000 r  clk (IN)
                         net (fo=0)                   0.000     0.000    clk
    H16                  IBUF (Prop_ibuf_I_O)         0.406     0.406 r  ibufg_gclk/O
                         net (fo=1, routed)           0.480     0.886    gclk_i
    MMCME2_ADV_X1Y2      MMCME2_ADV (Prop_mmcme2_adv_CLKIN1_CLKOUT0)
                                                      0.053     0.939 r  MMCME2_BASE_inst/CLKOUT0
                         net (fo=1, routed)           0.752     1.691    host_clk_i
    BUFGCTRL_X0Y16       BUFG (Prop_bufg_I_O)         0.029     1.720 r  bufg_host_clk/O
                         net (fo=7399, routed)        0.866     2.586    rocketchip_wrapper/system/system_axi_interconnect_1_0/s00_couplers_imp_8CNLH6/system_axi_interconnect_1_imp_auto_pc_0/system_axi_interconnect_1_imp_auto_pc_0_axi_protocol_converter_v2_1_37_axi_protocol_converter/system_axi_interconnect_1_imp_auto_pc_0_axi_protocol_converter_v2_1_37_axi3_conv/system_axi_interconnect_1_imp_auto_pc_0_axi_protocol_converter_v2_1_37_a_axi3_conv/system_axi_interconnect_1_imp_auto_pc_0_axi_data_fifo_v2_1_36_axic_fifo/system_axi_interconnect_1_imp_auto_pc_0_axi_data_fifo_v2_1_36_fifo_gen/<hidden>/<hidden>/<hidden>/<hidden>/<hidden>/<hidden>
    SLICE_X13Y49         FDCE                                         r  rocketchip_wrapper/system/system_axi_interconnect_1_0/s00_couplers_imp_8CNLH6/system_axi_interconnect_1_imp_auto_pc_0/system_axi_interconnect_1_imp_auto_pc_0_axi_protocol_converter_v2_1_37_axi_protocol_converter/system_axi_interconnect_1_imp_auto_pc_0_axi_protocol_converter_v2_1_37_axi3_conv/system_axi_interconnect_1_imp_auto_pc_0_axi_protocol_converter_v2_1_37_a_axi3_conv/system_axi_interconnect_1_imp_auto_pc_0_axi_data_fifo_v2_1_36_axic_fifo/system_axi_interconnect_1_imp_auto_pc_0_axi_data_fifo_v2_1_36_fifo_gen/<hidden>/<hidden>/<hidden>/<hidden>/<hidden>/<hidden>
                         clock pessimism             -0.545     2.041    
    SLICE_X13Y49         FDCE (Remov_fdce_C_CLR)     -0.092     1.949    rocketchip_wrapper/system/system_axi_interconnect_1_0/s00_couplers_imp_8CNLH6/system_axi_interconnect_1_imp_auto_pc_0/system_axi_interconnect_1_imp_auto_pc_0_axi_protocol_converter_v2_1_37_axi_protocol_converter/system_axi_interconnect_1_imp_auto_pc_0_axi_protocol_converter_v2_1_37_axi3_conv/system_axi_interconnect_1_imp_auto_pc_0_axi_protocol_converter_v2_1_37_a_axi3_conv/system_axi_interconnect_1_imp_auto_pc_0_axi_data_fifo_v2_1_36_axic_fifo/system_axi_interconnect_1_imp_auto_pc_0_axi_data_fifo_v2_1_36_fifo_gen/<hidden>/<hidden>/<hidden>/<hidden>/<hidden>/<hidden>
  -------------------------------------------------------------------
                         required time                         -1.949    
                         arrival time                           2.431    
  -------------------------------------------------------------------
                         slack                                  0.482    

Slack (MET) :             0.482ns  (arrival time - required time)
  Source:                 rocketchip_wrapper/system/system_axi_interconnect_1_0/s00_couplers_imp_8CNLH6/system_axi_interconnect_1_imp_auto_pc_0/system_axi_interconnect_1_imp_auto_pc_0_axi_protocol_converter_v2_1_37_axi_protocol_converter/system_axi_interconnect_1_imp_auto_pc_0_axi_protocol_converter_v2_1_37_axi3_conv/system_axi_interconnect_1_imp_auto_pc_0_axi_protocol_converter_v2_1_37_a_axi3_conv/system_axi_interconnect_1_imp_auto_pc_0_axi_data_fifo_v2_1_36_axic_fifo__parameterized0/system_axi_interconnect_1_imp_auto_pc_0_axi_data_fifo_v2_1_36_fifo_gen__parameterized0/<hidden>/<hidden>/<hidden>/<hidden>/<hidden>
                            (rising edge-triggered cell FDRE clocked by host_clk_i  {rise@0.000ns fall@12.500ns period=25.000ns})
  Destination:            rocketchip_wrapper/system/system_axi_interconnect_1_0/s00_couplers_imp_8CNLH6/system_axi_interconnect_1_imp_auto_pc_0/system_axi_interconnect_1_imp_auto_pc_0_axi_protocol_converter_v2_1_37_axi_protocol_converter/system_axi_interconnect_1_imp_auto_pc_0_axi_protocol_converter_v2_1_37_axi3_conv/system_axi_interconnect_1_imp_auto_pc_0_axi_protocol_converter_v2_1_37_a_axi3_conv/system_axi_interconnect_1_imp_auto_pc_0_axi_data_fifo_v2_1_36_axic_fifo__parameterized0/system_axi_interconnect_1_imp_auto_pc_0_axi_data_fifo_v2_1_36_fifo_gen__parameterized0/<hidden>/<hidden>/<hidden>/<hidden>/<hidden>/<hidden>
                            (removal check against rising-edge clock host_clk_i  {rise@0.000ns fall@12.500ns period=25.000ns})
  Path Group:             **async_default**
  Path Type:              Removal (Min at Fast Process Corner)
  Requirement:            0.000ns  (host_clk_i rise@0.000ns - host_clk_i rise@0.000ns)
  Data Path Delay:        0.403ns  (logic 0.209ns (51.818%)  route 0.194ns (48.182%))
  Logic Levels:           1  (LUT3=1)
  Clock Path Skew:        0.013ns (DCD - SCD - CPR)
    Destination Clock Delay (DCD):    2.581ns
    Source Clock Delay      (SCD):    2.024ns
    Clock Pessimism Removal (CPR):    0.544ns

    Location             Delay type                Incr(ns)  Path(ns)    Netlist Resource(s)
  -------------------------------------------------------------------    -------------------
                         (clock host_clk_i rise edge)
                                                      0.000     0.000 r  
    H16                                               0.000     0.000 r  clk (IN)
                         net (fo=0)                   0.000     0.000    clk
    H16                  IBUF (Prop_ibuf_I_O)         0.219     0.219 r  ibufg_gclk/O
                         net (fo=1, routed)           0.440     0.659    gclk_i
    MMCME2_ADV_X1Y2      MMCME2_ADV (Prop_mmcme2_adv_CLKIN1_CLKOUT0)
                                                      0.050     0.709 r  MMCME2_BASE_inst/CLKOUT0
                         net (fo=1, routed)           0.696     1.405    host_clk_i
    BUFGCTRL_X0Y16       BUFG (Prop_bufg_I_O)         0.026     1.431 r  bufg_host_clk/O
                         net (fo=7399, routed)        0.593     2.024    rocketchip_wrapper/system/system_axi_interconnect_1_0/s00_couplers_imp_8CNLH6/system_axi_interconnect_1_imp_auto_pc_0/system_axi_interconnect_1_imp_auto_pc_0_axi_protocol_converter_v2_1_37_axi_protocol_converter/system_axi_interconnect_1_imp_auto_pc_0_axi_protocol_converter_v2_1_37_axi3_conv/system_axi_interconnect_1_imp_auto_pc_0_axi_protocol_converter_v2_1_37_a_axi3_conv/system_axi_interconnect_1_imp_auto_pc_0_axi_data_fifo_v2_1_36_axic_fifo__parameterized0/system_axi_interconnect_1_imp_auto_pc_0_axi_data_fifo_v2_1_36_fifo_gen__parameterized0/<hidden>/<hidden>/<hidden>/<hidden>/<hidden>
    SLICE_X8Y37          FDRE                                         r  rocketchip_wrapper/system/system_axi_interconnect_1_0/s00_couplers_imp_8CNLH6/system_axi_interconnect_1_imp_auto_pc_0/system_axi_interconnect_1_imp_auto_pc_0_axi_protocol_converter_v2_1_37_axi_protocol_converter/system_axi_interconnect_1_imp_auto_pc_0_axi_protocol_converter_v2_1_37_axi3_conv/system_axi_interconnect_1_imp_auto_pc_0_axi_protocol_converter_v2_1_37_a_axi3_conv/system_axi_interconnect_1_imp_auto_pc_0_axi_data_fifo_v2_1_36_axic_fifo__parameterized0/system_axi_interconnect_1_imp_auto_pc_0_axi_data_fifo_v2_1_36_fifo_gen__parameterized0/<hidden>/<hidden>/<hidden>/<hidden>/<hidden>
  -------------------------------------------------------------------    -------------------
    SLICE_X8Y37          FDRE (Prop_fdre_C_Q)         0.164     2.188 f  rocketchip_wrapper/system/system_axi_interconnect_1_0/s00_couplers_imp_8CNLH6/system_axi_interconnect_1_imp_auto_pc_0/system_axi_interconnect_1_imp_auto_pc_0_axi_protocol_converter_v2_1_37_axi_protocol_converter/system_axi_interconnect_1_imp_auto_pc_0_axi_protocol_converter_v2_1_37_axi3_conv/system_axi_interconnect_1_imp_auto_pc_0_axi_protocol_converter_v2_1_37_a_axi3_conv/system_axi_interconnect_1_imp_auto_pc_0_axi_data_fifo_v2_1_36_axic_fifo__parameterized0/system_axi_interconnect_1_imp_auto_pc_0_axi_data_fifo_v2_1_36_fifo_gen__parameterized0/<hidden>/<hidden>/<hidden>/<hidden>/<hidden>
                         net (fo=2, routed)           0.063     2.251    rocketchip_wrapper/system/system_axi_interconnect_1_0/s00_couplers_imp_8CNLH6/system_axi_interconnect_1_imp_auto_pc_0/system_axi_interconnect_1_imp_auto_pc_0_axi_protocol_converter_v2_1_37_axi_protocol_converter/system_axi_interconnect_1_imp_auto_pc_0_axi_protocol_converter_v2_1_37_axi3_conv/system_axi_interconnect_1_imp_auto_pc_0_axi_protocol_converter_v2_1_37_a_axi3_conv/system_axi_interconnect_1_imp_auto_pc_0_axi_data_fifo_v2_1_36_axic_fifo__parameterized0/system_axi_interconnect_1_imp_auto_pc_0_axi_data_fifo_v2_1_36_fifo_gen__parameterized0/<hidden>/<hidden>/<hidden>/<hidden>/<hidden>
    SLICE_X9Y37          LUT3 (Prop_lut3_I0_O)        0.045     2.296 f  rocketchip_wrapper/system/system_axi_interconnect_1_0/s00_couplers_imp_8CNLH6/system_axi_interconnect_1_imp_auto_pc_0/system_axi_interconnect_1_imp_auto_pc_0_axi_protocol_converter_v2_1_37_axi_protocol_converter/system_axi_interconnect_1_imp_auto_pc_0_axi_protocol_converter_v2_1_37_axi3_conv/system_axi_interconnect_1_imp_auto_pc_0_axi_protocol_converter_v2_1_37_a_axi3_conv/system_axi_interconnect_1_imp_auto_pc_0_axi_data_fifo_v2_1_36_axic_fifo__parameterized0/system_axi_interconnect_1_imp_auto_pc_0_axi_data_fifo_v2_1_36_fifo_gen__parameterized0/<hidden>/<hidden>/<hidden>/<hidden>/<hidden>
                         net (fo=32, routed)          0.131     2.427    rocketchip_wrapper/system/system_axi_interconnect_1_0/s00_couplers_imp_8CNLH6/system_axi_interconnect_1_imp_auto_pc_0/system_axi_interconnect_1_imp_auto_pc_0_axi_protocol_converter_v2_1_37_axi_protocol_converter/system_axi_interconnect_1_imp_auto_pc_0_axi_protocol_converter_v2_1_37_axi3_conv/system_axi_interconnect_1_imp_auto_pc_0_axi_protocol_converter_v2_1_37_a_axi3_conv/system_axi_interconnect_1_imp_auto_pc_0_axi_data_fifo_v2_1_36_axic_fifo__parameterized0/system_axi_interconnect_1_imp_auto_pc_0_axi_data_fifo_v2_1_36_fifo_gen__parameterized0/<hidden>/<hidden>/<hidden>/<hidden>/<hidden>/<hidden>
    SLICE_X9Y37          FDCE                                         f  rocketchip_wrapper/system/system_axi_interconnect_1_0/s00_couplers_imp_8CNLH6/system_axi_interconnect_1_imp_auto_pc_0/system_axi_interconnect_1_imp_auto_pc_0_axi_protocol_converter_v2_1_37_axi_protocol_converter/system_axi_interconnect_1_imp_auto_pc_0_axi_protocol_converter_v2_1_37_axi3_conv/system_axi_interconnect_1_imp_auto_pc_0_axi_protocol_converter_v2_1_37_a_axi3_conv/system_axi_interconnect_1_imp_auto_pc_0_axi_data_fifo_v2_1_36_axic_fifo__parameterized0/system_axi_interconnect_1_imp_auto_pc_0_axi_data_fifo_v2_1_36_fifo_gen__parameterized0/<hidden>/<hidden>/<hidden>/<hidden>/<hidden>/<hidden>
  -------------------------------------------------------------------    -------------------

                         (clock host_clk_i rise edge)
                                                      0.000     0.000 r  
    H16                                               0.000     0.000 r  clk (IN)
                         net (fo=0)                   0.000     0.000    clk
    H16                  IBUF (Prop_ibuf_I_O)         0.406     0.406 r  ibufg_gclk/O
                         net (fo=1, routed)           0.480     0.886    gclk_i
    MMCME2_ADV_X1Y2      MMCME2_ADV (Prop_mmcme2_adv_CLKIN1_CLKOUT0)
                                                      0.053     0.939 r  MMCME2_BASE_inst/CLKOUT0
                         net (fo=1, routed)           0.752     1.691    host_clk_i
    BUFGCTRL_X0Y16       BUFG (Prop_bufg_I_O)         0.029     1.720 r  bufg_host_clk/O
                         net (fo=7399, routed)        0.861     2.581    rocketchip_wrapper/system/system_axi_interconnect_1_0/s00_couplers_imp_8CNLH6/system_axi_interconnect_1_imp_auto_pc_0/system_axi_interconnect_1_imp_auto_pc_0_axi_protocol_converter_v2_1_37_axi_protocol_converter/system_axi_interconnect_1_imp_auto_pc_0_axi_protocol_converter_v2_1_37_axi3_conv/system_axi_interconnect_1_imp_auto_pc_0_axi_protocol_converter_v2_1_37_a_axi3_conv/system_axi_interconnect_1_imp_auto_pc_0_axi_data_fifo_v2_1_36_axic_fifo__parameterized0/system_axi_interconnect_1_imp_auto_pc_0_axi_data_fifo_v2_1_36_fifo_gen__parameterized0/<hidden>/<hidden>/<hidden>/<hidden>/<hidden>/<hidden>
    SLICE_X9Y37          FDCE                                         r  rocketchip_wrapper/system/system_axi_interconnect_1_0/s00_couplers_imp_8CNLH6/system_axi_interconnect_1_imp_auto_pc_0/system_axi_interconnect_1_imp_auto_pc_0_axi_protocol_converter_v2_1_37_axi_protocol_converter/system_axi_interconnect_1_imp_auto_pc_0_axi_protocol_converter_v2_1_37_axi3_conv/system_axi_interconnect_1_imp_auto_pc_0_axi_protocol_converter_v2_1_37_a_axi3_conv/system_axi_interconnect_1_imp_auto_pc_0_axi_data_fifo_v2_1_36_axic_fifo__parameterized0/system_axi_interconnect_1_imp_auto_pc_0_axi_data_fifo_v2_1_36_fifo_gen__parameterized0/<hidden>/<hidden>/<hidden>/<hidden>/<hidden>/<hidden>
                         clock pessimism             -0.544     2.037    
    SLICE_X9Y37          FDCE (Remov_fdce_C_CLR)     -0.092     1.945    rocketchip_wrapper/system/system_axi_interconnect_1_0/s00_couplers_imp_8CNLH6/system_axi_interconnect_1_imp_auto_pc_0/system_axi_interconnect_1_imp_auto_pc_0_axi_protocol_converter_v2_1_37_axi_protocol_converter/system_axi_interconnect_1_imp_auto_pc_0_axi_protocol_converter_v2_1_37_axi3_conv/system_axi_interconnect_1_imp_auto_pc_0_axi_protocol_converter_v2_1_37_a_axi3_conv/system_axi_interconnect_1_imp_auto_pc_0_axi_data_fifo_v2_1_36_axic_fifo__parameterized0/system_axi_interconnect_1_imp_auto_pc_0_axi_data_fifo_v2_1_36_fifo_gen__parameterized0/<hidden>/<hidden>/<hidden>/<hidden>/<hidden>/<hidden>
  -------------------------------------------------------------------
                         required time                         -1.945    
                         arrival time                           2.427    
  -------------------------------------------------------------------
                         slack                                  0.482    

Slack (MET) :             0.485ns  (arrival time - required time)
  Source:                 rocketchip_wrapper/system/system_axi_interconnect_1_0/s00_couplers_imp_8CNLH6/system_axi_interconnect_1_imp_auto_pc_0/system_axi_interconnect_1_imp_auto_pc_0_axi_protocol_converter_v2_1_37_axi_protocol_converter/system_axi_interconnect_1_imp_auto_pc_0_axi_protocol_converter_v2_1_37_axi3_conv/system_axi_interconnect_1_imp_auto_pc_0_axi_protocol_converter_v2_1_37_a_axi3_conv/system_axi_interconnect_1_imp_auto_pc_0_axi_data_fifo_v2_1_36_axic_fifo/system_axi_interconnect_1_imp_auto_pc_0_axi_data_fifo_v2_1_36_fifo_gen/<hidden>/<hidden>/<hidden>/<hidden>/<hidden>
                            (rising edge-triggered cell FDRE clocked by host_clk_i  {rise@0.000ns fall@12.500ns period=25.000ns})
  Destination:            rocketchip_wrapper/system/system_axi_interconnect_1_0/s00_couplers_imp_8CNLH6/system_axi_interconnect_1_imp_auto_pc_0/system_axi_interconnect_1_imp_auto_pc_0_axi_protocol_converter_v2_1_37_axi_protocol_converter/system_axi_interconnect_1_imp_auto_pc_0_axi_protocol_converter_v2_1_37_axi3_conv/system_axi_interconnect_1_imp_auto_pc_0_axi_protocol_converter_v2_1_37_a_axi3_conv/system_axi_interconnect_1_imp_auto_pc_0_axi_data_fifo_v2_1_36_axic_fifo/system_axi_interconnect_1_imp_auto_pc_0_axi_data_fifo_v2_1_36_fifo_gen/<hidden>/<hidden>/<hidden>/<hidden>/<hidden>/<hidden>
                            (removal check against rising-edge clock host_clk_i  {rise@0.000ns fall@12.500ns period=25.000ns})
  Path Group:             **async_default**
  Path Type:              Removal (Min at Fast Process Corner)
  Requirement:            0.000ns  (host_clk_i rise@0.000ns - host_clk_i rise@0.000ns)
  Data Path Delay:        0.403ns  (logic 0.209ns (51.818%)  route 0.194ns (48.182%))
  Logic Levels:           1  (LUT3=1)
  Clock Path Skew:        0.013ns (DCD - SCD - CPR)
    Destination Clock Delay (DCD):    2.586ns
    Source Clock Delay      (SCD):    2.028ns
    Clock Pessimism Removal (CPR):    0.545ns

    Location             Delay type                Incr(ns)  Path(ns)    Netlist Resource(s)
  -------------------------------------------------------------------    -------------------
                         (clock host_clk_i rise edge)
                                                      0.000     0.000 r  
    H16                                               0.000     0.000 r  clk (IN)
                         net (fo=0)                   0.000     0.000    clk
    H16                  IBUF (Prop_ibuf_I_O)         0.219     0.219 r  ibufg_gclk/O
                         net (fo=1, routed)           0.440     0.659    gclk_i
    MMCME2_ADV_X1Y2      MMCME2_ADV (Prop_mmcme2_adv_CLKIN1_CLKOUT0)
                                                      0.050     0.709 r  MMCME2_BASE_inst/CLKOUT0
                         net (fo=1, routed)           0.696     1.405    host_clk_i
    BUFGCTRL_X0Y16       BUFG (Prop_bufg_I_O)         0.026     1.431 r  bufg_host_clk/O
                         net (fo=7399, routed)        0.597     2.028    rocketchip_wrapper/system/system_axi_interconnect_1_0/s00_couplers_imp_8CNLH6/system_axi_interconnect_1_imp_auto_pc_0/system_axi_interconnect_1_imp_auto_pc_0_axi_protocol_converter_v2_1_37_axi_protocol_converter/system_axi_interconnect_1_imp_auto_pc_0_axi_protocol_converter_v2_1_37_axi3_conv/system_axi_interconnect_1_imp_auto_pc_0_axi_protocol_converter_v2_1_37_a_axi3_conv/system_axi_interconnect_1_imp_auto_pc_0_axi_data_fifo_v2_1_36_axic_fifo/system_axi_interconnect_1_imp_auto_pc_0_axi_data_fifo_v2_1_36_fifo_gen/<hidden>/<hidden>/<hidden>/<hidden>/<hidden>
    SLICE_X12Y49         FDRE                                         r  rocketchip_wrapper/system/system_axi_interconnect_1_0/s00_couplers_imp_8CNLH6/system_axi_interconnect_1_imp_auto_pc_0/system_axi_interconnect_1_imp_auto_pc_0_axi_protocol_converter_v2_1_37_axi_protocol_converter/system_axi_interconnect_1_imp_auto_pc_0_axi_protocol_converter_v2_1_37_axi3_conv/system_axi_interconnect_1_imp_auto_pc_0_axi_protocol_converter_v2_1_37_a_axi3_conv/system_axi_interconnect_1_imp_auto_pc_0_axi_data_fifo_v2_1_36_axic_fifo/system_axi_interconnect_1_imp_auto_pc_0_axi_data_fifo_v2_1_36_fifo_gen/<hidden>/<hidden>/<hidden>/<hidden>/<hidden>
  -------------------------------------------------------------------    -------------------
    SLICE_X12Y49         FDRE (Prop_fdre_C_Q)         0.164     2.192 f  rocketchip_wrapper/system/system_axi_interconnect_1_0/s00_couplers_imp_8CNLH6/system_axi_interconnect_1_imp_auto_pc_0/system_axi_interconnect_1_imp_auto_pc_0_axi_protocol_converter_v2_1_37_axi_protocol_converter/system_axi_interconnect_1_imp_auto_pc_0_axi_protocol_converter_v2_1_37_axi3_conv/system_axi_interconnect_1_imp_auto_pc_0_axi_protocol_converter_v2_1_37_a_axi3_conv/system_axi_interconnect_1_imp_auto_pc_0_axi_data_fifo_v2_1_36_axic_fifo/system_axi_interconnect_1_imp_auto_pc_0_axi_data_fifo_v2_1_36_fifo_gen/<hidden>/<hidden>/<hidden>/<hidden>/<hidden>
                         net (fo=2, routed)           0.063     2.255    rocketchip_wrapper/system/system_axi_interconnect_1_0/s00_couplers_imp_8CNLH6/system_axi_interconnect_1_imp_auto_pc_0/system_axi_interconnect_1_imp_auto_pc_0_axi_protocol_converter_v2_1_37_axi_protocol_converter/system_axi_interconnect_1_imp_auto_pc_0_axi_protocol_converter_v2_1_37_axi3_conv/system_axi_interconnect_1_imp_auto_pc_0_axi_protocol_converter_v2_1_37_a_axi3_conv/system_axi_interconnect_1_imp_auto_pc_0_axi_data_fifo_v2_1_36_axic_fifo/system_axi_interconnect_1_imp_auto_pc_0_axi_data_fifo_v2_1_36_fifo_gen/<hidden>/<hidden>/<hidden>/<hidden>/<hidden>
    SLICE_X13Y49         LUT3 (Prop_lut3_I0_O)        0.045     2.300 f  rocketchip_wrapper/system/system_axi_interconnect_1_0/s00_couplers_imp_8CNLH6/system_axi_interconnect_1_imp_auto_pc_0/system_axi_interconnect_1_imp_auto_pc_0_axi_protocol_converter_v2_1_37_axi_protocol_converter/system_axi_interconnect_1_imp_auto_pc_0_axi_protocol_converter_v2_1_37_axi3_conv/system_axi_interconnect_1_imp_auto_pc_0_axi_protocol_converter_v2_1_37_a_axi3_conv/system_axi_interconnect_1_imp_auto_pc_0_axi_data_fifo_v2_1_36_axic_fifo/system_axi_interconnect_1_imp_auto_pc_0_axi_data_fifo_v2_1_36_fifo_gen/<hidden>/<hidden>/<hidden>/<hidden>/<hidden>
                         net (fo=32, routed)          0.131     2.431    rocketchip_wrapper/system/system_axi_interconnect_1_0/s00_couplers_imp_8CNLH6/system_axi_interconnect_1_imp_auto_pc_0/system_axi_interconnect_1_imp_auto_pc_0_axi_protocol_converter_v2_1_37_axi_protocol_converter/system_axi_interconnect_1_imp_auto_pc_0_axi_protocol_converter_v2_1_37_axi3_conv/system_axi_interconnect_1_imp_auto_pc_0_axi_protocol_converter_v2_1_37_a_axi3_conv/system_axi_interconnect_1_imp_auto_pc_0_axi_data_fifo_v2_1_36_axic_fifo/system_axi_interconnect_1_imp_auto_pc_0_axi_data_fifo_v2_1_36_fifo_gen/<hidden>/<hidden>/<hidden>/<hidden>/<hidden>/<hidden>
    SLICE_X13Y49         FDPE                                         f  rocketchip_wrapper/system/system_axi_interconnect_1_0/s00_couplers_imp_8CNLH6/system_axi_interconnect_1_imp_auto_pc_0/system_axi_interconnect_1_imp_auto_pc_0_axi_protocol_converter_v2_1_37_axi_protocol_converter/system_axi_interconnect_1_imp_auto_pc_0_axi_protocol_converter_v2_1_37_axi3_conv/system_axi_interconnect_1_imp_auto_pc_0_axi_protocol_converter_v2_1_37_a_axi3_conv/system_axi_interconnect_1_imp_auto_pc_0_axi_data_fifo_v2_1_36_axic_fifo/system_axi_interconnect_1_imp_auto_pc_0_axi_data_fifo_v2_1_36_fifo_gen/<hidden>/<hidden>/<hidden>/<hidden>/<hidden>/<hidden>
  -------------------------------------------------------------------    -------------------

                         (clock host_clk_i rise edge)
                                                      0.000     0.000 r  
    H16                                               0.000     0.000 r  clk (IN)
                         net (fo=0)                   0.000     0.000    clk
    H16                  IBUF (Prop_ibuf_I_O)         0.406     0.406 r  ibufg_gclk/O
                         net (fo=1, routed)           0.480     0.886    gclk_i
    MMCME2_ADV_X1Y2      MMCME2_ADV (Prop_mmcme2_adv_CLKIN1_CLKOUT0)
                                                      0.053     0.939 r  MMCME2_BASE_inst/CLKOUT0
                         net (fo=1, routed)           0.752     1.691    host_clk_i
    BUFGCTRL_X0Y16       BUFG (Prop_bufg_I_O)         0.029     1.720 r  bufg_host_clk/O
                         net (fo=7399, routed)        0.866     2.586    rocketchip_wrapper/system/system_axi_interconnect_1_0/s00_couplers_imp_8CNLH6/system_axi_interconnect_1_imp_auto_pc_0/system_axi_interconnect_1_imp_auto_pc_0_axi_protocol_converter_v2_1_37_axi_protocol_converter/system_axi_interconnect_1_imp_auto_pc_0_axi_protocol_converter_v2_1_37_axi3_conv/system_axi_interconnect_1_imp_auto_pc_0_axi_protocol_converter_v2_1_37_a_axi3_conv/system_axi_interconnect_1_imp_auto_pc_0_axi_data_fifo_v2_1_36_axic_fifo/system_axi_interconnect_1_imp_auto_pc_0_axi_data_fifo_v2_1_36_fifo_gen/<hidden>/<hidden>/<hidden>/<hidden>/<hidden>/<hidden>
    SLICE_X13Y49         FDPE                                         r  rocketchip_wrapper/system/system_axi_interconnect_1_0/s00_couplers_imp_8CNLH6/system_axi_interconnect_1_imp_auto_pc_0/system_axi_interconnect_1_imp_auto_pc_0_axi_protocol_converter_v2_1_37_axi_protocol_converter/system_axi_interconnect_1_imp_auto_pc_0_axi_protocol_converter_v2_1_37_axi3_conv/system_axi_interconnect_1_imp_auto_pc_0_axi_protocol_converter_v2_1_37_a_axi3_conv/system_axi_interconnect_1_imp_auto_pc_0_axi_data_fifo_v2_1_36_axic_fifo/system_axi_interconnect_1_imp_auto_pc_0_axi_data_fifo_v2_1_36_fifo_gen/<hidden>/<hidden>/<hidden>/<hidden>/<hidden>/<hidden>
                         clock pessimism             -0.545     2.041    
    SLICE_X13Y49         FDPE (Remov_fdpe_C_PRE)     -0.095     1.946    rocketchip_wrapper/system/system_axi_interconnect_1_0/s00_couplers_imp_8CNLH6/system_axi_interconnect_1_imp_auto_pc_0/system_axi_interconnect_1_imp_auto_pc_0_axi_protocol_converter_v2_1_37_axi_protocol_converter/system_axi_interconnect_1_imp_auto_pc_0_axi_protocol_converter_v2_1_37_axi3_conv/system_axi_interconnect_1_imp_auto_pc_0_axi_protocol_converter_v2_1_37_a_axi3_conv/system_axi_interconnect_1_imp_auto_pc_0_axi_data_fifo_v2_1_36_axic_fifo/system_axi_interconnect_1_imp_auto_pc_0_axi_data_fifo_v2_1_36_fifo_gen/<hidden>/<hidden>/<hidden>/<hidden>/<hidden>/<hidden>
  -------------------------------------------------------------------
                         required time                         -1.946    
                         arrival time                           2.431    
  -------------------------------------------------------------------
                         slack                                  0.485    

Slack (MET) :             0.485ns  (arrival time - required time)
  Source:                 rocketchip_wrapper/system/system_axi_interconnect_1_0/s00_couplers_imp_8CNLH6/system_axi_interconnect_1_imp_auto_pc_0/system_axi_interconnect_1_imp_auto_pc_0_axi_protocol_converter_v2_1_37_axi_protocol_converter/system_axi_interconnect_1_imp_auto_pc_0_axi_protocol_converter_v2_1_37_axi3_conv/system_axi_interconnect_1_imp_auto_pc_0_axi_protocol_converter_v2_1_37_a_axi3_conv/system_axi_interconnect_1_imp_auto_pc_0_axi_data_fifo_v2_1_36_axic_fifo/system_axi_interconnect_1_imp_auto_pc_0_axi_data_fifo_v2_1_36_fifo_gen/<hidden>/<hidden>/<hidden>/<hidden>/<hidden>
                            (rising edge-triggered cell FDRE clocked by host_clk_i  {rise@0.000ns fall@12.500ns period=25.000ns})
  Destination:            rocketchip_wrapper/system/system_axi_interconnect_1_0/s00_couplers_imp_8CNLH6/system_axi_interconnect_1_imp_auto_pc_0/system_axi_interconnect_1_imp_auto_pc_0_axi_protocol_converter_v2_1_37_axi_protocol_converter/system_axi_interconnect_1_imp_auto_pc_0_axi_protocol_converter_v2_1_37_axi3_conv/system_axi_interconnect_1_imp_auto_pc_0_axi_protocol_converter_v2_1_37_a_axi3_conv/system_axi_interconnect_1_imp_auto_pc_0_axi_data_fifo_v2_1_36_axic_fifo/system_axi_interconnect_1_imp_auto_pc_0_axi_data_fifo_v2_1_36_fifo_gen/<hidden>/<hidden>/<hidden>/<hidden>/<hidden>/<hidden>
                            (removal check against rising-edge clock host_clk_i  {rise@0.000ns fall@12.500ns period=25.000ns})
  Path Group:             **async_default**
  Path Type:              Removal (Min at Fast Process Corner)
  Requirement:            0.000ns  (host_clk_i rise@0.000ns - host_clk_i rise@0.000ns)
  Data Path Delay:        0.403ns  (logic 0.209ns (51.818%)  route 0.194ns (48.182%))
  Logic Levels:           1  (LUT3=1)
  Clock Path Skew:        0.013ns (DCD - SCD - CPR)
    Destination Clock Delay (DCD):    2.586ns
    Source Clock Delay      (SCD):    2.028ns
    Clock Pessimism Removal (CPR):    0.545ns

    Location             Delay type                Incr(ns)  Path(ns)    Netlist Resource(s)
  -------------------------------------------------------------------    -------------------
                         (clock host_clk_i rise edge)
                                                      0.000     0.000 r  
    H16                                               0.000     0.000 r  clk (IN)
                         net (fo=0)                   0.000     0.000    clk
    H16                  IBUF (Prop_ibuf_I_O)         0.219     0.219 r  ibufg_gclk/O
                         net (fo=1, routed)           0.440     0.659    gclk_i
    MMCME2_ADV_X1Y2      MMCME2_ADV (Prop_mmcme2_adv_CLKIN1_CLKOUT0)
                                                      0.050     0.709 r  MMCME2_BASE_inst/CLKOUT0
                         net (fo=1, routed)           0.696     1.405    host_clk_i
    BUFGCTRL_X0Y16       BUFG (Prop_bufg_I_O)         0.026     1.431 r  bufg_host_clk/O
                         net (fo=7399, routed)        0.597     2.028    rocketchip_wrapper/system/system_axi_interconnect_1_0/s00_couplers_imp_8CNLH6/system_axi_interconnect_1_imp_auto_pc_0/system_axi_interconnect_1_imp_auto_pc_0_axi_protocol_converter_v2_1_37_axi_protocol_converter/system_axi_interconnect_1_imp_auto_pc_0_axi_protocol_converter_v2_1_37_axi3_conv/system_axi_interconnect_1_imp_auto_pc_0_axi_protocol_converter_v2_1_37_a_axi3_conv/system_axi_interconnect_1_imp_auto_pc_0_axi_data_fifo_v2_1_36_axic_fifo/system_axi_interconnect_1_imp_auto_pc_0_axi_data_fifo_v2_1_36_fifo_gen/<hidden>/<hidden>/<hidden>/<hidden>/<hidden>
    SLICE_X12Y49         FDRE                                         r  rocketchip_wrapper/system/system_axi_interconnect_1_0/s00_couplers_imp_8CNLH6/system_axi_interconnect_1_imp_auto_pc_0/system_axi_interconnect_1_imp_auto_pc_0_axi_protocol_converter_v2_1_37_axi_protocol_converter/system_axi_interconnect_1_imp_auto_pc_0_axi_protocol_converter_v2_1_37_axi3_conv/system_axi_interconnect_1_imp_auto_pc_0_axi_protocol_converter_v2_1_37_a_axi3_conv/system_axi_interconnect_1_imp_auto_pc_0_axi_data_fifo_v2_1_36_axic_fifo/system_axi_interconnect_1_imp_auto_pc_0_axi_data_fifo_v2_1_36_fifo_gen/<hidden>/<hidden>/<hidden>/<hidden>/<hidden>
  -------------------------------------------------------------------    -------------------
    SLICE_X12Y49         FDRE (Prop_fdre_C_Q)         0.164     2.192 f  rocketchip_wrapper/system/system_axi_interconnect_1_0/s00_couplers_imp_8CNLH6/system_axi_interconnect_1_imp_auto_pc_0/system_axi_interconnect_1_imp_auto_pc_0_axi_protocol_converter_v2_1_37_axi_protocol_converter/system_axi_interconnect_1_imp_auto_pc_0_axi_protocol_converter_v2_1_37_axi3_conv/system_axi_interconnect_1_imp_auto_pc_0_axi_protocol_converter_v2_1_37_a_axi3_conv/system_axi_interconnect_1_imp_auto_pc_0_axi_data_fifo_v2_1_36_axic_fifo/system_axi_interconnect_1_imp_auto_pc_0_axi_data_fifo_v2_1_36_fifo_gen/<hidden>/<hidden>/<hidden>/<hidden>/<hidden>
                         net (fo=2, routed)           0.063     2.255    rocketchip_wrapper/system/system_axi_interconnect_1_0/s00_couplers_imp_8CNLH6/system_axi_interconnect_1_imp_auto_pc_0/system_axi_interconnect_1_imp_auto_pc_0_axi_protocol_converter_v2_1_37_axi_protocol_converter/system_axi_interconnect_1_imp_auto_pc_0_axi_protocol_converter_v2_1_37_axi3_conv/system_axi_interconnect_1_imp_auto_pc_0_axi_protocol_converter_v2_1_37_a_axi3_conv/system_axi_interconnect_1_imp_auto_pc_0_axi_data_fifo_v2_1_36_axic_fifo/system_axi_interconnect_1_imp_auto_pc_0_axi_data_fifo_v2_1_36_fifo_gen/<hidden>/<hidden>/<hidden>/<hidden>/<hidden>
    SLICE_X13Y49         LUT3 (Prop_lut3_I0_O)        0.045     2.300 f  rocketchip_wrapper/system/system_axi_interconnect_1_0/s00_couplers_imp_8CNLH6/system_axi_interconnect_1_imp_auto_pc_0/system_axi_interconnect_1_imp_auto_pc_0_axi_protocol_converter_v2_1_37_axi_protocol_converter/system_axi_interconnect_1_imp_auto_pc_0_axi_protocol_converter_v2_1_37_axi3_conv/system_axi_interconnect_1_imp_auto_pc_0_axi_protocol_converter_v2_1_37_a_axi3_conv/system_axi_interconnect_1_imp_auto_pc_0_axi_data_fifo_v2_1_36_axic_fifo/system_axi_interconnect_1_imp_auto_pc_0_axi_data_fifo_v2_1_36_fifo_gen/<hidden>/<hidden>/<hidden>/<hidden>/<hidden>
                         net (fo=32, routed)          0.131     2.431    rocketchip_wrapper/system/system_axi_interconnect_1_0/s00_couplers_imp_8CNLH6/system_axi_interconnect_1_imp_auto_pc_0/system_axi_interconnect_1_imp_auto_pc_0_axi_protocol_converter_v2_1_37_axi_protocol_converter/system_axi_interconnect_1_imp_auto_pc_0_axi_protocol_converter_v2_1_37_axi3_conv/system_axi_interconnect_1_imp_auto_pc_0_axi_protocol_converter_v2_1_37_a_axi3_conv/system_axi_interconnect_1_imp_auto_pc_0_axi_data_fifo_v2_1_36_axic_fifo/system_axi_interconnect_1_imp_auto_pc_0_axi_data_fifo_v2_1_36_fifo_gen/<hidden>/<hidden>/<hidden>/<hidden>/<hidden>/<hidden>
    SLICE_X13Y49         FDPE                                         f  rocketchip_wrapper/system/system_axi_interconnect_1_0/s00_couplers_imp_8CNLH6/system_axi_interconnect_1_imp_auto_pc_0/system_axi_interconnect_1_imp_auto_pc_0_axi_protocol_converter_v2_1_37_axi_protocol_converter/system_axi_interconnect_1_imp_auto_pc_0_axi_protocol_converter_v2_1_37_axi3_conv/system_axi_interconnect_1_imp_auto_pc_0_axi_protocol_converter_v2_1_37_a_axi3_conv/system_axi_interconnect_1_imp_auto_pc_0_axi_data_fifo_v2_1_36_axic_fifo/system_axi_interconnect_1_imp_auto_pc_0_axi_data_fifo_v2_1_36_fifo_gen/<hidden>/<hidden>/<hidden>/<hidden>/<hidden>/<hidden>
  -------------------------------------------------------------------    -------------------

                         (clock host_clk_i rise edge)
                                                      0.000     0.000 r  
    H16                                               0.000     0.000 r  clk (IN)
                         net (fo=0)                   0.000     0.000    clk
    H16                  IBUF (Prop_ibuf_I_O)         0.406     0.406 r  ibufg_gclk/O
                         net (fo=1, routed)           0.480     0.886    gclk_i
    MMCME2_ADV_X1Y2      MMCME2_ADV (Prop_mmcme2_adv_CLKIN1_CLKOUT0)
                                                      0.053     0.939 r  MMCME2_BASE_inst/CLKOUT0
                         net (fo=1, routed)           0.752     1.691    host_clk_i
    BUFGCTRL_X0Y16       BUFG (Prop_bufg_I_O)         0.029     1.720 r  bufg_host_clk/O
                         net (fo=7399, routed)        0.866     2.586    rocketchip_wrapper/system/system_axi_interconnect_1_0/s00_couplers_imp_8CNLH6/system_axi_interconnect_1_imp_auto_pc_0/system_axi_interconnect_1_imp_auto_pc_0_axi_protocol_converter_v2_1_37_axi_protocol_converter/system_axi_interconnect_1_imp_auto_pc_0_axi_protocol_converter_v2_1_37_axi3_conv/system_axi_interconnect_1_imp_auto_pc_0_axi_protocol_converter_v2_1_37_a_axi3_conv/system_axi_interconnect_1_imp_auto_pc_0_axi_data_fifo_v2_1_36_axic_fifo/system_axi_interconnect_1_imp_auto_pc_0_axi_data_fifo_v2_1_36_fifo_gen/<hidden>/<hidden>/<hidden>/<hidden>/<hidden>/<hidden>
    SLICE_X13Y49         FDPE                                         r  rocketchip_wrapper/system/system_axi_interconnect_1_0/s00_couplers_imp_8CNLH6/system_axi_interconnect_1_imp_auto_pc_0/system_axi_interconnect_1_imp_auto_pc_0_axi_protocol_converter_v2_1_37_axi_protocol_converter/system_axi_interconnect_1_imp_auto_pc_0_axi_protocol_converter_v2_1_37_axi3_conv/system_axi_interconnect_1_imp_auto_pc_0_axi_protocol_converter_v2_1_37_a_axi3_conv/system_axi_interconnect_1_imp_auto_pc_0_axi_data_fifo_v2_1_36_axic_fifo/system_axi_interconnect_1_imp_auto_pc_0_axi_data_fifo_v2_1_36_fifo_gen/<hidden>/<hidden>/<hidden>/<hidden>/<hidden>/<hidden>
                         clock pessimism             -0.545     2.041    
    SLICE_X13Y49         FDPE (Remov_fdpe_C_PRE)     -0.095     1.946    rocketchip_wrapper/system/system_axi_interconnect_1_0/s00_couplers_imp_8CNLH6/system_axi_interconnect_1_imp_auto_pc_0/system_axi_interconnect_1_imp_auto_pc_0_axi_protocol_converter_v2_1_37_axi_protocol_converter/system_axi_interconnect_1_imp_auto_pc_0_axi_protocol_converter_v2_1_37_axi3_conv/system_axi_interconnect_1_imp_auto_pc_0_axi_protocol_converter_v2_1_37_a_axi3_conv/system_axi_interconnect_1_imp_auto_pc_0_axi_data_fifo_v2_1_36_axic_fifo/system_axi_interconnect_1_imp_auto_pc_0_axi_data_fifo_v2_1_36_fifo_gen/<hidden>/<hidden>/<hidden>/<hidden>/<hidden>/<hidden>
  -------------------------------------------------------------------
                         required time                         -1.946    
                         arrival time                           2.431    
  -------------------------------------------------------------------
                         slack                                  0.485    

Slack (MET) :             0.485ns  (arrival time - required time)
  Source:                 rocketchip_wrapper/system/system_axi_interconnect_1_0/s00_couplers_imp_8CNLH6/system_axi_interconnect_1_imp_auto_pc_0/system_axi_interconnect_1_imp_auto_pc_0_axi_protocol_converter_v2_1_37_axi_protocol_converter/system_axi_interconnect_1_imp_auto_pc_0_axi_protocol_converter_v2_1_37_axi3_conv/system_axi_interconnect_1_imp_auto_pc_0_axi_protocol_converter_v2_1_37_a_axi3_conv/system_axi_interconnect_1_imp_auto_pc_0_axi_data_fifo_v2_1_36_axic_fifo/system_axi_interconnect_1_imp_auto_pc_0_axi_data_fifo_v2_1_36_fifo_gen/<hidden>/<hidden>/<hidden>/<hidden>/<hidden>
                            (rising edge-triggered cell FDRE clocked by host_clk_i  {rise@0.000ns fall@12.500ns period=25.000ns})
  Destination:            rocketchip_wrapper/system/system_axi_interconnect_1_0/s00_couplers_imp_8CNLH6/system_axi_interconnect_1_imp_auto_pc_0/system_axi_interconnect_1_imp_auto_pc_0_axi_protocol_converter_v2_1_37_axi_protocol_converter/system_axi_interconnect_1_imp_auto_pc_0_axi_protocol_converter_v2_1_37_axi3_conv/system_axi_interconnect_1_imp_auto_pc_0_axi_protocol_converter_v2_1_37_a_axi3_conv/system_axi_interconnect_1_imp_auto_pc_0_axi_data_fifo_v2_1_36_axic_fifo/system_axi_interconnect_1_imp_auto_pc_0_axi_data_fifo_v2_1_36_fifo_gen/<hidden>/<hidden>/<hidden>/<hidden>/<hidden>/<hidden>
                            (removal check against rising-edge clock host_clk_i  {rise@0.000ns fall@12.500ns period=25.000ns})
  Path Group:             **async_default**
  Path Type:              Removal (Min at Fast Process Corner)
  Requirement:            0.000ns  (host_clk_i rise@0.000ns - host_clk_i rise@0.000ns)
  Data Path Delay:        0.403ns  (logic 0.209ns (51.818%)  route 0.194ns (48.182%))
  Logic Levels:           1  (LUT3=1)
  Clock Path Skew:        0.013ns (DCD - SCD - CPR)
    Destination Clock Delay (DCD):    2.586ns
    Source Clock Delay      (SCD):    2.028ns
    Clock Pessimism Removal (CPR):    0.545ns

    Location             Delay type                Incr(ns)  Path(ns)    Netlist Resource(s)
  -------------------------------------------------------------------    -------------------
                         (clock host_clk_i rise edge)
                                                      0.000     0.000 r  
    H16                                               0.000     0.000 r  clk (IN)
                         net (fo=0)                   0.000     0.000    clk
    H16                  IBUF (Prop_ibuf_I_O)         0.219     0.219 r  ibufg_gclk/O
                         net (fo=1, routed)           0.440     0.659    gclk_i
    MMCME2_ADV_X1Y2      MMCME2_ADV (Prop_mmcme2_adv_CLKIN1_CLKOUT0)
                                                      0.050     0.709 r  MMCME2_BASE_inst/CLKOUT0
                         net (fo=1, routed)           0.696     1.405    host_clk_i
    BUFGCTRL_X0Y16       BUFG (Prop_bufg_I_O)         0.026     1.431 r  bufg_host_clk/O
                         net (fo=7399, routed)        0.597     2.028    rocketchip_wrapper/system/system_axi_interconnect_1_0/s00_couplers_imp_8CNLH6/system_axi_interconnect_1_imp_auto_pc_0/system_axi_interconnect_1_imp_auto_pc_0_axi_protocol_converter_v2_1_37_axi_protocol_converter/system_axi_interconnect_1_imp_auto_pc_0_axi_protocol_converter_v2_1_37_axi3_conv/system_axi_interconnect_1_imp_auto_pc_0_axi_protocol_converter_v2_1_37_a_axi3_conv/system_axi_interconnect_1_imp_auto_pc_0_axi_data_fifo_v2_1_36_axic_fifo/system_axi_interconnect_1_imp_auto_pc_0_axi_data_fifo_v2_1_36_fifo_gen/<hidden>/<hidden>/<hidden>/<hidden>/<hidden>
    SLICE_X12Y49         FDRE                                         r  rocketchip_wrapper/system/system_axi_interconnect_1_0/s00_couplers_imp_8CNLH6/system_axi_interconnect_1_imp_auto_pc_0/system_axi_interconnect_1_imp_auto_pc_0_axi_protocol_converter_v2_1_37_axi_protocol_converter/system_axi_interconnect_1_imp_auto_pc_0_axi_protocol_converter_v2_1_37_axi3_conv/system_axi_interconnect_1_imp_auto_pc_0_axi_protocol_converter_v2_1_37_a_axi3_conv/system_axi_interconnect_1_imp_auto_pc_0_axi_data_fifo_v2_1_36_axic_fifo/system_axi_interconnect_1_imp_auto_pc_0_axi_data_fifo_v2_1_36_fifo_gen/<hidden>/<hidden>/<hidden>/<hidden>/<hidden>
  -------------------------------------------------------------------    -------------------
    SLICE_X12Y49         FDRE (Prop_fdre_C_Q)         0.164     2.192 f  rocketchip_wrapper/system/system_axi_interconnect_1_0/s00_couplers_imp_8CNLH6/system_axi_interconnect_1_imp_auto_pc_0/system_axi_interconnect_1_imp_auto_pc_0_axi_protocol_converter_v2_1_37_axi_protocol_converter/system_axi_interconnect_1_imp_auto_pc_0_axi_protocol_converter_v2_1_37_axi3_conv/system_axi_interconnect_1_imp_auto_pc_0_axi_protocol_converter_v2_1_37_a_axi3_conv/system_axi_interconnect_1_imp_auto_pc_0_axi_data_fifo_v2_1_36_axic_fifo/system_axi_interconnect_1_imp_auto_pc_0_axi_data_fifo_v2_1_36_fifo_gen/<hidden>/<hidden>/<hidden>/<hidden>/<hidden>
                         net (fo=2, routed)           0.063     2.255    rocketchip_wrapper/system/system_axi_interconnect_1_0/s00_couplers_imp_8CNLH6/system_axi_interconnect_1_imp_auto_pc_0/system_axi_interconnect_1_imp_auto_pc_0_axi_protocol_converter_v2_1_37_axi_protocol_converter/system_axi_interconnect_1_imp_auto_pc_0_axi_protocol_converter_v2_1_37_axi3_conv/system_axi_interconnect_1_imp_auto_pc_0_axi_protocol_converter_v2_1_37_a_axi3_conv/system_axi_interconnect_1_imp_auto_pc_0_axi_data_fifo_v2_1_36_axic_fifo/system_axi_interconnect_1_imp_auto_pc_0_axi_data_fifo_v2_1_36_fifo_gen/<hidden>/<hidden>/<hidden>/<hidden>/<hidden>
    SLICE_X13Y49         LUT3 (Prop_lut3_I0_O)        0.045     2.300 f  rocketchip_wrapper/system/system_axi_interconnect_1_0/s00_couplers_imp_8CNLH6/system_axi_interconnect_1_imp_auto_pc_0/system_axi_interconnect_1_imp_auto_pc_0_axi_protocol_converter_v2_1_37_axi_protocol_converter/system_axi_interconnect_1_imp_auto_pc_0_axi_protocol_converter_v2_1_37_axi3_conv/system_axi_interconnect_1_imp_auto_pc_0_axi_protocol_converter_v2_1_37_a_axi3_conv/system_axi_interconnect_1_imp_auto_pc_0_axi_data_fifo_v2_1_36_axic_fifo/system_axi_interconnect_1_imp_auto_pc_0_axi_data_fifo_v2_1_36_fifo_gen/<hidden>/<hidden>/<hidden>/<hidden>/<hidden>
                         net (fo=32, routed)          0.131     2.431    rocketchip_wrapper/system/system_axi_interconnect_1_0/s00_couplers_imp_8CNLH6/system_axi_interconnect_1_imp_auto_pc_0/system_axi_interconnect_1_imp_auto_pc_0_axi_protocol_converter_v2_1_37_axi_protocol_converter/system_axi_interconnect_1_imp_auto_pc_0_axi_protocol_converter_v2_1_37_axi3_conv/system_axi_interconnect_1_imp_auto_pc_0_axi_protocol_converter_v2_1_37_a_axi3_conv/system_axi_interconnect_1_imp_auto_pc_0_axi_data_fifo_v2_1_36_axic_fifo/system_axi_interconnect_1_imp_auto_pc_0_axi_data_fifo_v2_1_36_fifo_gen/<hidden>/<hidden>/<hidden>/<hidden>/<hidden>/<hidden>
    SLICE_X13Y49         FDPE                                         f  rocketchip_wrapper/system/system_axi_interconnect_1_0/s00_couplers_imp_8CNLH6/system_axi_interconnect_1_imp_auto_pc_0/system_axi_interconnect_1_imp_auto_pc_0_axi_protocol_converter_v2_1_37_axi_protocol_converter/system_axi_interconnect_1_imp_auto_pc_0_axi_protocol_converter_v2_1_37_axi3_conv/system_axi_interconnect_1_imp_auto_pc_0_axi_protocol_converter_v2_1_37_a_axi3_conv/system_axi_interconnect_1_imp_auto_pc_0_axi_data_fifo_v2_1_36_axic_fifo/system_axi_interconnect_1_imp_auto_pc_0_axi_data_fifo_v2_1_36_fifo_gen/<hidden>/<hidden>/<hidden>/<hidden>/<hidden>/<hidden>
  -------------------------------------------------------------------    -------------------

                         (clock host_clk_i rise edge)
                                                      0.000     0.000 r  
    H16                                               0.000     0.000 r  clk (IN)
                         net (fo=0)                   0.000     0.000    clk
    H16                  IBUF (Prop_ibuf_I_O)         0.406     0.406 r  ibufg_gclk/O
                         net (fo=1, routed)           0.480     0.886    gclk_i
    MMCME2_ADV_X1Y2      MMCME2_ADV (Prop_mmcme2_adv_CLKIN1_CLKOUT0)
                                                      0.053     0.939 r  MMCME2_BASE_inst/CLKOUT0
                         net (fo=1, routed)           0.752     1.691    host_clk_i
    BUFGCTRL_X0Y16       BUFG (Prop_bufg_I_O)         0.029     1.720 r  bufg_host_clk/O
                         net (fo=7399, routed)        0.866     2.586    rocketchip_wrapper/system/system_axi_interconnect_1_0/s00_couplers_imp_8CNLH6/system_axi_interconnect_1_imp_auto_pc_0/system_axi_interconnect_1_imp_auto_pc_0_axi_protocol_converter_v2_1_37_axi_protocol_converter/system_axi_interconnect_1_imp_auto_pc_0_axi_protocol_converter_v2_1_37_axi3_conv/system_axi_interconnect_1_imp_auto_pc_0_axi_protocol_converter_v2_1_37_a_axi3_conv/system_axi_interconnect_1_imp_auto_pc_0_axi_data_fifo_v2_1_36_axic_fifo/system_axi_interconnect_1_imp_auto_pc_0_axi_data_fifo_v2_1_36_fifo_gen/<hidden>/<hidden>/<hidden>/<hidden>/<hidden>/<hidden>
    SLICE_X13Y49         FDPE                                         r  rocketchip_wrapper/system/system_axi_interconnect_1_0/s00_couplers_imp_8CNLH6/system_axi_interconnect_1_imp_auto_pc_0/system_axi_interconnect_1_imp_auto_pc_0_axi_protocol_converter_v2_1_37_axi_protocol_converter/system_axi_interconnect_1_imp_auto_pc_0_axi_protocol_converter_v2_1_37_axi3_conv/system_axi_interconnect_1_imp_auto_pc_0_axi_protocol_converter_v2_1_37_a_axi3_conv/system_axi_interconnect_1_imp_auto_pc_0_axi_data_fifo_v2_1_36_axic_fifo/system_axi_interconnect_1_imp_auto_pc_0_axi_data_fifo_v2_1_36_fifo_gen/<hidden>/<hidden>/<hidden>/<hidden>/<hidden>/<hidden>
                         clock pessimism             -0.545     2.041    
    SLICE_X13Y49         FDPE (Remov_fdpe_C_PRE)     -0.095     1.946    rocketchip_wrapper/system/system_axi_interconnect_1_0/s00_couplers_imp_8CNLH6/system_axi_interconnect_1_imp_auto_pc_0/system_axi_interconnect_1_imp_auto_pc_0_axi_protocol_converter_v2_1_37_axi_protocol_converter/system_axi_interconnect_1_imp_auto_pc_0_axi_protocol_converter_v2_1_37_axi3_conv/system_axi_interconnect_1_imp_auto_pc_0_axi_protocol_converter_v2_1_37_a_axi3_conv/system_axi_interconnect_1_imp_auto_pc_0_axi_data_fifo_v2_1_36_axic_fifo/system_axi_interconnect_1_imp_auto_pc_0_axi_data_fifo_v2_1_36_fifo_gen/<hidden>/<hidden>/<hidden>/<hidden>/<hidden>/<hidden>
  -------------------------------------------------------------------
                         required time                         -1.946    
                         arrival time                           2.431    
  -------------------------------------------------------------------
                         slack                                  0.485    

Slack (MET) :             0.485ns  (arrival time - required time)
  Source:                 rocketchip_wrapper/system/system_axi_interconnect_1_0/s00_couplers_imp_8CNLH6/system_axi_interconnect_1_imp_auto_pc_0/system_axi_interconnect_1_imp_auto_pc_0_axi_protocol_converter_v2_1_37_axi_protocol_converter/system_axi_interconnect_1_imp_auto_pc_0_axi_protocol_converter_v2_1_37_axi3_conv/system_axi_interconnect_1_imp_auto_pc_0_axi_protocol_converter_v2_1_37_a_axi3_conv/system_axi_interconnect_1_imp_auto_pc_0_axi_data_fifo_v2_1_36_axic_fifo__parameterized0/system_axi_interconnect_1_imp_auto_pc_0_axi_data_fifo_v2_1_36_fifo_gen__parameterized0/<hidden>/<hidden>/<hidden>/<hidden>/<hidden>
                            (rising edge-triggered cell FDRE clocked by host_clk_i  {rise@0.000ns fall@12.500ns period=25.000ns})
  Destination:            rocketchip_wrapper/system/system_axi_interconnect_1_0/s00_couplers_imp_8CNLH6/system_axi_interconnect_1_imp_auto_pc_0/system_axi_interconnect_1_imp_auto_pc_0_axi_protocol_converter_v2_1_37_axi_protocol_converter/system_axi_interconnect_1_imp_auto_pc_0_axi_protocol_converter_v2_1_37_axi3_conv/system_axi_interconnect_1_imp_auto_pc_0_axi_protocol_converter_v2_1_37_a_axi3_conv/system_axi_interconnect_1_imp_auto_pc_0_axi_data_fifo_v2_1_36_axic_fifo__parameterized0/system_axi_interconnect_1_imp_auto_pc_0_axi_data_fifo_v2_1_36_fifo_gen__parameterized0/<hidden>/<hidden>/<hidden>/<hidden>/<hidden>/<hidden>
                            (removal check against rising-edge clock host_clk_i  {rise@0.000ns fall@12.500ns period=25.000ns})
  Path Group:             **async_default**
  Path Type:              Removal (Min at Fast Process Corner)
  Requirement:            0.000ns  (host_clk_i rise@0.000ns - host_clk_i rise@0.000ns)
  Data Path Delay:        0.403ns  (logic 0.209ns (51.818%)  route 0.194ns (48.182%))
  Logic Levels:           1  (LUT3=1)
  Clock Path Skew:        0.013ns (DCD - SCD - CPR)
    Destination Clock Delay (DCD):    2.581ns
    Source Clock Delay      (SCD):    2.024ns
    Clock Pessimism Removal (CPR):    0.544ns

    Location             Delay type                Incr(ns)  Path(ns)    Netlist Resource(s)
  -------------------------------------------------------------------    -------------------
                         (clock host_clk_i rise edge)
                                                      0.000     0.000 r  
    H16                                               0.000     0.000 r  clk (IN)
                         net (fo=0)                   0.000     0.000    clk
    H16                  IBUF (Prop_ibuf_I_O)         0.219     0.219 r  ibufg_gclk/O
                         net (fo=1, routed)           0.440     0.659    gclk_i
    MMCME2_ADV_X1Y2      MMCME2_ADV (Prop_mmcme2_adv_CLKIN1_CLKOUT0)
                                                      0.050     0.709 r  MMCME2_BASE_inst/CLKOUT0
                         net (fo=1, routed)           0.696     1.405    host_clk_i
    BUFGCTRL_X0Y16       BUFG (Prop_bufg_I_O)         0.026     1.431 r  bufg_host_clk/O
                         net (fo=7399, routed)        0.593     2.024    rocketchip_wrapper/system/system_axi_interconnect_1_0/s00_couplers_imp_8CNLH6/system_axi_interconnect_1_imp_auto_pc_0/system_axi_interconnect_1_imp_auto_pc_0_axi_protocol_converter_v2_1_37_axi_protocol_converter/system_axi_interconnect_1_imp_auto_pc_0_axi_protocol_converter_v2_1_37_axi3_conv/system_axi_interconnect_1_imp_auto_pc_0_axi_protocol_converter_v2_1_37_a_axi3_conv/system_axi_interconnect_1_imp_auto_pc_0_axi_data_fifo_v2_1_36_axic_fifo__parameterized0/system_axi_interconnect_1_imp_auto_pc_0_axi_data_fifo_v2_1_36_fifo_gen__parameterized0/<hidden>/<hidden>/<hidden>/<hidden>/<hidden>
    SLICE_X8Y37          FDRE                                         r  rocketchip_wrapper/system/system_axi_interconnect_1_0/s00_couplers_imp_8CNLH6/system_axi_interconnect_1_imp_auto_pc_0/system_axi_interconnect_1_imp_auto_pc_0_axi_protocol_converter_v2_1_37_axi_protocol_converter/system_axi_interconnect_1_imp_auto_pc_0_axi_protocol_converter_v2_1_37_axi3_conv/system_axi_interconnect_1_imp_auto_pc_0_axi_protocol_converter_v2_1_37_a_axi3_conv/system_axi_interconnect_1_imp_auto_pc_0_axi_data_fifo_v2_1_36_axic_fifo__parameterized0/system_axi_interconnect_1_imp_auto_pc_0_axi_data_fifo_v2_1_36_fifo_gen__parameterized0/<hidden>/<hidden>/<hidden>/<hidden>/<hidden>
  -------------------------------------------------------------------    -------------------
    SLICE_X8Y37          FDRE (Prop_fdre_C_Q)         0.164     2.188 f  rocketchip_wrapper/system/system_axi_interconnect_1_0/s00_couplers_imp_8CNLH6/system_axi_interconnect_1_imp_auto_pc_0/system_axi_interconnect_1_imp_auto_pc_0_axi_protocol_converter_v2_1_37_axi_protocol_converter/system_axi_interconnect_1_imp_auto_pc_0_axi_protocol_converter_v2_1_37_axi3_conv/system_axi_interconnect_1_imp_auto_pc_0_axi_protocol_converter_v2_1_37_a_axi3_conv/system_axi_interconnect_1_imp_auto_pc_0_axi_data_fifo_v2_1_36_axic_fifo__parameterized0/system_axi_interconnect_1_imp_auto_pc_0_axi_data_fifo_v2_1_36_fifo_gen__parameterized0/<hidden>/<hidden>/<hidden>/<hidden>/<hidden>
                         net (fo=2, routed)           0.063     2.251    rocketchip_wrapper/system/system_axi_interconnect_1_0/s00_couplers_imp_8CNLH6/system_axi_interconnect_1_imp_auto_pc_0/system_axi_interconnect_1_imp_auto_pc_0_axi_protocol_converter_v2_1_37_axi_protocol_converter/system_axi_interconnect_1_imp_auto_pc_0_axi_protocol_converter_v2_1_37_axi3_conv/system_axi_interconnect_1_imp_auto_pc_0_axi_protocol_converter_v2_1_37_a_axi3_conv/system_axi_interconnect_1_imp_auto_pc_0_axi_data_fifo_v2_1_36_axic_fifo__parameterized0/system_axi_interconnect_1_imp_auto_pc_0_axi_data_fifo_v2_1_36_fifo_gen__parameterized0/<hidden>/<hidden>/<hidden>/<hidden>/<hidden>
    SLICE_X9Y37          LUT3 (Prop_lut3_I0_O)        0.045     2.296 f  rocketchip_wrapper/system/system_axi_interconnect_1_0/s00_couplers_imp_8CNLH6/system_axi_interconnect_1_imp_auto_pc_0/system_axi_interconnect_1_imp_auto_pc_0_axi_protocol_converter_v2_1_37_axi_protocol_converter/system_axi_interconnect_1_imp_auto_pc_0_axi_protocol_converter_v2_1_37_axi3_conv/system_axi_interconnect_1_imp_auto_pc_0_axi_protocol_converter_v2_1_37_a_axi3_conv/system_axi_interconnect_1_imp_auto_pc_0_axi_data_fifo_v2_1_36_axic_fifo__parameterized0/system_axi_interconnect_1_imp_auto_pc_0_axi_data_fifo_v2_1_36_fifo_gen__parameterized0/<hidden>/<hidden>/<hidden>/<hidden>/<hidden>
                         net (fo=32, routed)          0.131     2.427    rocketchip_wrapper/system/system_axi_interconnect_1_0/s00_couplers_imp_8CNLH6/system_axi_interconnect_1_imp_auto_pc_0/system_axi_interconnect_1_imp_auto_pc_0_axi_protocol_converter_v2_1_37_axi_protocol_converter/system_axi_interconnect_1_imp_auto_pc_0_axi_protocol_converter_v2_1_37_axi3_conv/system_axi_interconnect_1_imp_auto_pc_0_axi_protocol_converter_v2_1_37_a_axi3_conv/system_axi_interconnect_1_imp_auto_pc_0_axi_data_fifo_v2_1_36_axic_fifo__parameterized0/system_axi_interconnect_1_imp_auto_pc_0_axi_data_fifo_v2_1_36_fifo_gen__parameterized0/<hidden>/<hidden>/<hidden>/<hidden>/<hidden>/<hidden>
    SLICE_X9Y37          FDPE                                         f  rocketchip_wrapper/system/system_axi_interconnect_1_0/s00_couplers_imp_8CNLH6/system_axi_interconnect_1_imp_auto_pc_0/system_axi_interconnect_1_imp_auto_pc_0_axi_protocol_converter_v2_1_37_axi_protocol_converter/system_axi_interconnect_1_imp_auto_pc_0_axi_protocol_converter_v2_1_37_axi3_conv/system_axi_interconnect_1_imp_auto_pc_0_axi_protocol_converter_v2_1_37_a_axi3_conv/system_axi_interconnect_1_imp_auto_pc_0_axi_data_fifo_v2_1_36_axic_fifo__parameterized0/system_axi_interconnect_1_imp_auto_pc_0_axi_data_fifo_v2_1_36_fifo_gen__parameterized0/<hidden>/<hidden>/<hidden>/<hidden>/<hidden>/<hidden>
  -------------------------------------------------------------------    -------------------

                         (clock host_clk_i rise edge)
                                                      0.000     0.000 r  
    H16                                               0.000     0.000 r  clk (IN)
                         net (fo=0)                   0.000     0.000    clk
    H16                  IBUF (Prop_ibuf_I_O)         0.406     0.406 r  ibufg_gclk/O
                         net (fo=1, routed)           0.480     0.886    gclk_i
    MMCME2_ADV_X1Y2      MMCME2_ADV (Prop_mmcme2_adv_CLKIN1_CLKOUT0)
                                                      0.053     0.939 r  MMCME2_BASE_inst/CLKOUT0
                         net (fo=1, routed)           0.752     1.691    host_clk_i
    BUFGCTRL_X0Y16       BUFG (Prop_bufg_I_O)         0.029     1.720 r  bufg_host_clk/O
                         net (fo=7399, routed)        0.861     2.581    rocketchip_wrapper/system/system_axi_interconnect_1_0/s00_couplers_imp_8CNLH6/system_axi_interconnect_1_imp_auto_pc_0/system_axi_interconnect_1_imp_auto_pc_0_axi_protocol_converter_v2_1_37_axi_protocol_converter/system_axi_interconnect_1_imp_auto_pc_0_axi_protocol_converter_v2_1_37_axi3_conv/system_axi_interconnect_1_imp_auto_pc_0_axi_protocol_converter_v2_1_37_a_axi3_conv/system_axi_interconnect_1_imp_auto_pc_0_axi_data_fifo_v2_1_36_axic_fifo__parameterized0/system_axi_interconnect_1_imp_auto_pc_0_axi_data_fifo_v2_1_36_fifo_gen__parameterized0/<hidden>/<hidden>/<hidden>/<hidden>/<hidden>/<hidden>
    SLICE_X9Y37          FDPE                                         r  rocketchip_wrapper/system/system_axi_interconnect_1_0/s00_couplers_imp_8CNLH6/system_axi_interconnect_1_imp_auto_pc_0/system_axi_interconnect_1_imp_auto_pc_0_axi_protocol_converter_v2_1_37_axi_protocol_converter/system_axi_interconnect_1_imp_auto_pc_0_axi_protocol_converter_v2_1_37_axi3_conv/system_axi_interconnect_1_imp_auto_pc_0_axi_protocol_converter_v2_1_37_a_axi3_conv/system_axi_interconnect_1_imp_auto_pc_0_axi_data_fifo_v2_1_36_axic_fifo__parameterized0/system_axi_interconnect_1_imp_auto_pc_0_axi_data_fifo_v2_1_36_fifo_gen__parameterized0/<hidden>/<hidden>/<hidden>/<hidden>/<hidden>/<hidden>
                         clock pessimism             -0.544     2.037    
    SLICE_X9Y37          FDPE (Remov_fdpe_C_PRE)     -0.095     1.942    rocketchip_wrapper/system/system_axi_interconnect_1_0/s00_couplers_imp_8CNLH6/system_axi_interconnect_1_imp_auto_pc_0/system_axi_interconnect_1_imp_auto_pc_0_axi_protocol_converter_v2_1_37_axi_protocol_converter/system_axi_interconnect_1_imp_auto_pc_0_axi_protocol_converter_v2_1_37_axi3_conv/system_axi_interconnect_1_imp_auto_pc_0_axi_protocol_converter_v2_1_37_a_axi3_conv/system_axi_interconnect_1_imp_auto_pc_0_axi_data_fifo_v2_1_36_axic_fifo__parameterized0/system_axi_interconnect_1_imp_auto_pc_0_axi_data_fifo_v2_1_36_fifo_gen__parameterized0/<hidden>/<hidden>/<hidden>/<hidden>/<hidden>/<hidden>
  -------------------------------------------------------------------
                         required time                         -1.942    
                         arrival time                           2.427    
  -------------------------------------------------------------------
                         slack                                  0.485    

Slack (MET) :             0.485ns  (arrival time - required time)
  Source:                 rocketchip_wrapper/system/system_axi_interconnect_1_0/s00_couplers_imp_8CNLH6/system_axi_interconnect_1_imp_auto_pc_0/system_axi_interconnect_1_imp_auto_pc_0_axi_protocol_converter_v2_1_37_axi_protocol_converter/system_axi_interconnect_1_imp_auto_pc_0_axi_protocol_converter_v2_1_37_axi3_conv/system_axi_interconnect_1_imp_auto_pc_0_axi_protocol_converter_v2_1_37_a_axi3_conv/system_axi_interconnect_1_imp_auto_pc_0_axi_data_fifo_v2_1_36_axic_fifo__parameterized0/system_axi_interconnect_1_imp_auto_pc_0_axi_data_fifo_v2_1_36_fifo_gen__parameterized0/<hidden>/<hidden>/<hidden>/<hidden>/<hidden>
                            (rising edge-triggered cell FDRE clocked by host_clk_i  {rise@0.000ns fall@12.500ns period=25.000ns})
  Destination:            rocketchip_wrapper/system/system_axi_interconnect_1_0/s00_couplers_imp_8CNLH6/system_axi_interconnect_1_imp_auto_pc_0/system_axi_interconnect_1_imp_auto_pc_0_axi_protocol_converter_v2_1_37_axi_protocol_converter/system_axi_interconnect_1_imp_auto_pc_0_axi_protocol_converter_v2_1_37_axi3_conv/system_axi_interconnect_1_imp_auto_pc_0_axi_protocol_converter_v2_1_37_a_axi3_conv/system_axi_interconnect_1_imp_auto_pc_0_axi_data_fifo_v2_1_36_axic_fifo__parameterized0/system_axi_interconnect_1_imp_auto_pc_0_axi_data_fifo_v2_1_36_fifo_gen__parameterized0/<hidden>/<hidden>/<hidden>/<hidden>/<hidden>/<hidden>
                            (removal check against rising-edge clock host_clk_i  {rise@0.000ns fall@12.500ns period=25.000ns})
  Path Group:             **async_default**
  Path Type:              Removal (Min at Fast Process Corner)
  Requirement:            0.000ns  (host_clk_i rise@0.000ns - host_clk_i rise@0.000ns)
  Data Path Delay:        0.403ns  (logic 0.209ns (51.818%)  route 0.194ns (48.182%))
  Logic Levels:           1  (LUT3=1)
  Clock Path Skew:        0.013ns (DCD - SCD - CPR)
    Destination Clock Delay (DCD):    2.581ns
    Source Clock Delay      (SCD):    2.024ns
    Clock Pessimism Removal (CPR):    0.544ns

    Location             Delay type                Incr(ns)  Path(ns)    Netlist Resource(s)
  -------------------------------------------------------------------    -------------------
                         (clock host_clk_i rise edge)
                                                      0.000     0.000 r  
    H16                                               0.000     0.000 r  clk (IN)
                         net (fo=0)                   0.000     0.000    clk
    H16                  IBUF (Prop_ibuf_I_O)         0.219     0.219 r  ibufg_gclk/O
                         net (fo=1, routed)           0.440     0.659    gclk_i
    MMCME2_ADV_X1Y2      MMCME2_ADV (Prop_mmcme2_adv_CLKIN1_CLKOUT0)
                                                      0.050     0.709 r  MMCME2_BASE_inst/CLKOUT0
                         net (fo=1, routed)           0.696     1.405    host_clk_i
    BUFGCTRL_X0Y16       BUFG (Prop_bufg_I_O)         0.026     1.431 r  bufg_host_clk/O
                         net (fo=7399, routed)        0.593     2.024    rocketchip_wrapper/system/system_axi_interconnect_1_0/s00_couplers_imp_8CNLH6/system_axi_interconnect_1_imp_auto_pc_0/system_axi_interconnect_1_imp_auto_pc_0_axi_protocol_converter_v2_1_37_axi_protocol_converter/system_axi_interconnect_1_imp_auto_pc_0_axi_protocol_converter_v2_1_37_axi3_conv/system_axi_interconnect_1_imp_auto_pc_0_axi_protocol_converter_v2_1_37_a_axi3_conv/system_axi_interconnect_1_imp_auto_pc_0_axi_data_fifo_v2_1_36_axic_fifo__parameterized0/system_axi_interconnect_1_imp_auto_pc_0_axi_data_fifo_v2_1_36_fifo_gen__parameterized0/<hidden>/<hidden>/<hidden>/<hidden>/<hidden>
    SLICE_X8Y37          FDRE                                         r  rocketchip_wrapper/system/system_axi_interconnect_1_0/s00_couplers_imp_8CNLH6/system_axi_interconnect_1_imp_auto_pc_0/system_axi_interconnect_1_imp_auto_pc_0_axi_protocol_converter_v2_1_37_axi_protocol_converter/system_axi_interconnect_1_imp_auto_pc_0_axi_protocol_converter_v2_1_37_axi3_conv/system_axi_interconnect_1_imp_auto_pc_0_axi_protocol_converter_v2_1_37_a_axi3_conv/system_axi_interconnect_1_imp_auto_pc_0_axi_data_fifo_v2_1_36_axic_fifo__parameterized0/system_axi_interconnect_1_imp_auto_pc_0_axi_data_fifo_v2_1_36_fifo_gen__parameterized0/<hidden>/<hidden>/<hidden>/<hidden>/<hidden>
  -------------------------------------------------------------------    -------------------
    SLICE_X8Y37          FDRE (Prop_fdre_C_Q)         0.164     2.188 f  rocketchip_wrapper/system/system_axi_interconnect_1_0/s00_couplers_imp_8CNLH6/system_axi_interconnect_1_imp_auto_pc_0/system_axi_interconnect_1_imp_auto_pc_0_axi_protocol_converter_v2_1_37_axi_protocol_converter/system_axi_interconnect_1_imp_auto_pc_0_axi_protocol_converter_v2_1_37_axi3_conv/system_axi_interconnect_1_imp_auto_pc_0_axi_protocol_converter_v2_1_37_a_axi3_conv/system_axi_interconnect_1_imp_auto_pc_0_axi_data_fifo_v2_1_36_axic_fifo__parameterized0/system_axi_interconnect_1_imp_auto_pc_0_axi_data_fifo_v2_1_36_fifo_gen__parameterized0/<hidden>/<hidden>/<hidden>/<hidden>/<hidden>
                         net (fo=2, routed)           0.063     2.251    rocketchip_wrapper/system/system_axi_interconnect_1_0/s00_couplers_imp_8CNLH6/system_axi_interconnect_1_imp_auto_pc_0/system_axi_interconnect_1_imp_auto_pc_0_axi_protocol_converter_v2_1_37_axi_protocol_converter/system_axi_interconnect_1_imp_auto_pc_0_axi_protocol_converter_v2_1_37_axi3_conv/system_axi_interconnect_1_imp_auto_pc_0_axi_protocol_converter_v2_1_37_a_axi3_conv/system_axi_interconnect_1_imp_auto_pc_0_axi_data_fifo_v2_1_36_axic_fifo__parameterized0/system_axi_interconnect_1_imp_auto_pc_0_axi_data_fifo_v2_1_36_fifo_gen__parameterized0/<hidden>/<hidden>/<hidden>/<hidden>/<hidden>
    SLICE_X9Y37          LUT3 (Prop_lut3_I0_O)        0.045     2.296 f  rocketchip_wrapper/system/system_axi_interconnect_1_0/s00_couplers_imp_8CNLH6/system_axi_interconnect_1_imp_auto_pc_0/system_axi_interconnect_1_imp_auto_pc_0_axi_protocol_converter_v2_1_37_axi_protocol_converter/system_axi_interconnect_1_imp_auto_pc_0_axi_protocol_converter_v2_1_37_axi3_conv/system_axi_interconnect_1_imp_auto_pc_0_axi_protocol_converter_v2_1_37_a_axi3_conv/system_axi_interconnect_1_imp_auto_pc_0_axi_data_fifo_v2_1_36_axic_fifo__parameterized0/system_axi_interconnect_1_imp_auto_pc_0_axi_data_fifo_v2_1_36_fifo_gen__parameterized0/<hidden>/<hidden>/<hidden>/<hidden>/<hidden>
                         net (fo=32, routed)          0.131     2.427    rocketchip_wrapper/system/system_axi_interconnect_1_0/s00_couplers_imp_8CNLH6/system_axi_interconnect_1_imp_auto_pc_0/system_axi_interconnect_1_imp_auto_pc_0_axi_protocol_converter_v2_1_37_axi_protocol_converter/system_axi_interconnect_1_imp_auto_pc_0_axi_protocol_converter_v2_1_37_axi3_conv/system_axi_interconnect_1_imp_auto_pc_0_axi_protocol_converter_v2_1_37_a_axi3_conv/system_axi_interconnect_1_imp_auto_pc_0_axi_data_fifo_v2_1_36_axic_fifo__parameterized0/system_axi_interconnect_1_imp_auto_pc_0_axi_data_fifo_v2_1_36_fifo_gen__parameterized0/<hidden>/<hidden>/<hidden>/<hidden>/<hidden>/<hidden>
    SLICE_X9Y37          FDPE                                         f  rocketchip_wrapper/system/system_axi_interconnect_1_0/s00_couplers_imp_8CNLH6/system_axi_interconnect_1_imp_auto_pc_0/system_axi_interconnect_1_imp_auto_pc_0_axi_protocol_converter_v2_1_37_axi_protocol_converter/system_axi_interconnect_1_imp_auto_pc_0_axi_protocol_converter_v2_1_37_axi3_conv/system_axi_interconnect_1_imp_auto_pc_0_axi_protocol_converter_v2_1_37_a_axi3_conv/system_axi_interconnect_1_imp_auto_pc_0_axi_data_fifo_v2_1_36_axic_fifo__parameterized0/system_axi_interconnect_1_imp_auto_pc_0_axi_data_fifo_v2_1_36_fifo_gen__parameterized0/<hidden>/<hidden>/<hidden>/<hidden>/<hidden>/<hidden>
  -------------------------------------------------------------------    -------------------

                         (clock host_clk_i rise edge)
                                                      0.000     0.000 r  
    H16                                               0.000     0.000 r  clk (IN)
                         net (fo=0)                   0.000     0.000    clk
    H16                  IBUF (Prop_ibuf_I_O)         0.406     0.406 r  ibufg_gclk/O
                         net (fo=1, routed)           0.480     0.886    gclk_i
    MMCME2_ADV_X1Y2      MMCME2_ADV (Prop_mmcme2_adv_CLKIN1_CLKOUT0)
                                                      0.053     0.939 r  MMCME2_BASE_inst/CLKOUT0
                         net (fo=1, routed)           0.752     1.691    host_clk_i
    BUFGCTRL_X0Y16       BUFG (Prop_bufg_I_O)         0.029     1.720 r  bufg_host_clk/O
                         net (fo=7399, routed)        0.861     2.581    rocketchip_wrapper/system/system_axi_interconnect_1_0/s00_couplers_imp_8CNLH6/system_axi_interconnect_1_imp_auto_pc_0/system_axi_interconnect_1_imp_auto_pc_0_axi_protocol_converter_v2_1_37_axi_protocol_converter/system_axi_interconnect_1_imp_auto_pc_0_axi_protocol_converter_v2_1_37_axi3_conv/system_axi_interconnect_1_imp_auto_pc_0_axi_protocol_converter_v2_1_37_a_axi3_conv/system_axi_interconnect_1_imp_auto_pc_0_axi_data_fifo_v2_1_36_axic_fifo__parameterized0/system_axi_interconnect_1_imp_auto_pc_0_axi_data_fifo_v2_1_36_fifo_gen__parameterized0/<hidden>/<hidden>/<hidden>/<hidden>/<hidden>/<hidden>
    SLICE_X9Y37          FDPE                                         r  rocketchip_wrapper/system/system_axi_interconnect_1_0/s00_couplers_imp_8CNLH6/system_axi_interconnect_1_imp_auto_pc_0/system_axi_interconnect_1_imp_auto_pc_0_axi_protocol_converter_v2_1_37_axi_protocol_converter/system_axi_interconnect_1_imp_auto_pc_0_axi_protocol_converter_v2_1_37_axi3_conv/system_axi_interconnect_1_imp_auto_pc_0_axi_protocol_converter_v2_1_37_a_axi3_conv/system_axi_interconnect_1_imp_auto_pc_0_axi_data_fifo_v2_1_36_axic_fifo__parameterized0/system_axi_interconnect_1_imp_auto_pc_0_axi_data_fifo_v2_1_36_fifo_gen__parameterized0/<hidden>/<hidden>/<hidden>/<hidden>/<hidden>/<hidden>
                         clock pessimism             -0.544     2.037    
    SLICE_X9Y37          FDPE (Remov_fdpe_C_PRE)     -0.095     1.942    rocketchip_wrapper/system/system_axi_interconnect_1_0/s00_couplers_imp_8CNLH6/system_axi_interconnect_1_imp_auto_pc_0/system_axi_interconnect_1_imp_auto_pc_0_axi_protocol_converter_v2_1_37_axi_protocol_converter/system_axi_interconnect_1_imp_auto_pc_0_axi_protocol_converter_v2_1_37_axi3_conv/system_axi_interconnect_1_imp_auto_pc_0_axi_protocol_converter_v2_1_37_a_axi3_conv/system_axi_interconnect_1_imp_auto_pc_0_axi_data_fifo_v2_1_36_axic_fifo__parameterized0/system_axi_interconnect_1_imp_auto_pc_0_axi_data_fifo_v2_1_36_fifo_gen__parameterized0/<hidden>/<hidden>/<hidden>/<hidden>/<hidden>/<hidden>
  -------------------------------------------------------------------
                         required time                         -1.942    
                         arrival time                           2.427    
  -------------------------------------------------------------------
                         slack                                  0.485    

Slack (MET) :             0.518ns  (arrival time - required time)
  Source:                 rocketchip_wrapper/system/system_axi_interconnect_1_0/s00_couplers_imp_8CNLH6/system_axi_interconnect_1_imp_auto_pc_0/system_axi_interconnect_1_imp_auto_pc_0_axi_protocol_converter_v2_1_37_axi_protocol_converter/system_axi_interconnect_1_imp_auto_pc_0_axi_protocol_converter_v2_1_37_axi3_conv/system_axi_interconnect_1_imp_auto_pc_0_axi_protocol_converter_v2_1_37_a_axi3_conv/system_axi_interconnect_1_imp_auto_pc_0_axi_data_fifo_v2_1_36_axic_fifo__parameterized0/system_axi_interconnect_1_imp_auto_pc_0_axi_data_fifo_v2_1_36_fifo_gen__parameterized0/<hidden>/<hidden>/<hidden>/<hidden>/<hidden>
                            (rising edge-triggered cell FDRE clocked by host_clk_i  {rise@0.000ns fall@12.500ns period=25.000ns})
  Destination:            rocketchip_wrapper/system/system_axi_interconnect_1_0/s00_couplers_imp_8CNLH6/system_axi_interconnect_1_imp_auto_pc_0/system_axi_interconnect_1_imp_auto_pc_0_axi_protocol_converter_v2_1_37_axi_protocol_converter/system_axi_interconnect_1_imp_auto_pc_0_axi_protocol_converter_v2_1_37_axi3_conv/system_axi_interconnect_1_imp_auto_pc_0_axi_protocol_converter_v2_1_37_a_axi3_conv/system_axi_interconnect_1_imp_auto_pc_0_axi_data_fifo_v2_1_36_axic_fifo__parameterized0/system_axi_interconnect_1_imp_auto_pc_0_axi_data_fifo_v2_1_36_fifo_gen__parameterized0/<hidden>/<hidden>/<hidden>/<hidden>/<hidden>/<hidden>
                            (removal check against rising-edge clock host_clk_i  {rise@0.000ns fall@12.500ns period=25.000ns})
  Path Group:             **async_default**
  Path Type:              Removal (Min at Fast Process Corner)
  Requirement:            0.000ns  (host_clk_i rise@0.000ns - host_clk_i rise@0.000ns)
  Data Path Delay:        0.468ns  (logic 0.209ns (44.694%)  route 0.259ns (55.306%))
  Logic Levels:           1  (LUT3=1)
  Clock Path Skew:        0.017ns (DCD - SCD - CPR)
    Destination Clock Delay (DCD):    2.583ns
    Source Clock Delay      (SCD):    2.024ns
    Clock Pessimism Removal (CPR):    0.542ns

    Location             Delay type                Incr(ns)  Path(ns)    Netlist Resource(s)
  -------------------------------------------------------------------    -------------------
                         (clock host_clk_i rise edge)
                                                      0.000     0.000 r  
    H16                                               0.000     0.000 r  clk (IN)
                         net (fo=0)                   0.000     0.000    clk
    H16                  IBUF (Prop_ibuf_I_O)         0.219     0.219 r  ibufg_gclk/O
                         net (fo=1, routed)           0.440     0.659    gclk_i
    MMCME2_ADV_X1Y2      MMCME2_ADV (Prop_mmcme2_adv_CLKIN1_CLKOUT0)
                                                      0.050     0.709 r  MMCME2_BASE_inst/CLKOUT0
                         net (fo=1, routed)           0.696     1.405    host_clk_i
    BUFGCTRL_X0Y16       BUFG (Prop_bufg_I_O)         0.026     1.431 r  bufg_host_clk/O
                         net (fo=7399, routed)        0.593     2.024    rocketchip_wrapper/system/system_axi_interconnect_1_0/s00_couplers_imp_8CNLH6/system_axi_interconnect_1_imp_auto_pc_0/system_axi_interconnect_1_imp_auto_pc_0_axi_protocol_converter_v2_1_37_axi_protocol_converter/system_axi_interconnect_1_imp_auto_pc_0_axi_protocol_converter_v2_1_37_axi3_conv/system_axi_interconnect_1_imp_auto_pc_0_axi_protocol_converter_v2_1_37_a_axi3_conv/system_axi_interconnect_1_imp_auto_pc_0_axi_data_fifo_v2_1_36_axic_fifo__parameterized0/system_axi_interconnect_1_imp_auto_pc_0_axi_data_fifo_v2_1_36_fifo_gen__parameterized0/<hidden>/<hidden>/<hidden>/<hidden>/<hidden>
    SLICE_X8Y37          FDRE                                         r  rocketchip_wrapper/system/system_axi_interconnect_1_0/s00_couplers_imp_8CNLH6/system_axi_interconnect_1_imp_auto_pc_0/system_axi_interconnect_1_imp_auto_pc_0_axi_protocol_converter_v2_1_37_axi_protocol_converter/system_axi_interconnect_1_imp_auto_pc_0_axi_protocol_converter_v2_1_37_axi3_conv/system_axi_interconnect_1_imp_auto_pc_0_axi_protocol_converter_v2_1_37_a_axi3_conv/system_axi_interconnect_1_imp_auto_pc_0_axi_data_fifo_v2_1_36_axic_fifo__parameterized0/system_axi_interconnect_1_imp_auto_pc_0_axi_data_fifo_v2_1_36_fifo_gen__parameterized0/<hidden>/<hidden>/<hidden>/<hidden>/<hidden>
  -------------------------------------------------------------------    -------------------
    SLICE_X8Y37          FDRE (Prop_fdre_C_Q)         0.164     2.188 f  rocketchip_wrapper/system/system_axi_interconnect_1_0/s00_couplers_imp_8CNLH6/system_axi_interconnect_1_imp_auto_pc_0/system_axi_interconnect_1_imp_auto_pc_0_axi_protocol_converter_v2_1_37_axi_protocol_converter/system_axi_interconnect_1_imp_auto_pc_0_axi_protocol_converter_v2_1_37_axi3_conv/system_axi_interconnect_1_imp_auto_pc_0_axi_protocol_converter_v2_1_37_a_axi3_conv/system_axi_interconnect_1_imp_auto_pc_0_axi_data_fifo_v2_1_36_axic_fifo__parameterized0/system_axi_interconnect_1_imp_auto_pc_0_axi_data_fifo_v2_1_36_fifo_gen__parameterized0/<hidden>/<hidden>/<hidden>/<hidden>/<hidden>
                         net (fo=2, routed)           0.063     2.251    rocketchip_wrapper/system/system_axi_interconnect_1_0/s00_couplers_imp_8CNLH6/system_axi_interconnect_1_imp_auto_pc_0/system_axi_interconnect_1_imp_auto_pc_0_axi_protocol_converter_v2_1_37_axi_protocol_converter/system_axi_interconnect_1_imp_auto_pc_0_axi_protocol_converter_v2_1_37_axi3_conv/system_axi_interconnect_1_imp_auto_pc_0_axi_protocol_converter_v2_1_37_a_axi3_conv/system_axi_interconnect_1_imp_auto_pc_0_axi_data_fifo_v2_1_36_axic_fifo__parameterized0/system_axi_interconnect_1_imp_auto_pc_0_axi_data_fifo_v2_1_36_fifo_gen__parameterized0/<hidden>/<hidden>/<hidden>/<hidden>/<hidden>
    SLICE_X9Y37          LUT3 (Prop_lut3_I0_O)        0.045     2.296 f  rocketchip_wrapper/system/system_axi_interconnect_1_0/s00_couplers_imp_8CNLH6/system_axi_interconnect_1_imp_auto_pc_0/system_axi_interconnect_1_imp_auto_pc_0_axi_protocol_converter_v2_1_37_axi_protocol_converter/system_axi_interconnect_1_imp_auto_pc_0_axi_protocol_converter_v2_1_37_axi3_conv/system_axi_interconnect_1_imp_auto_pc_0_axi_protocol_converter_v2_1_37_a_axi3_conv/system_axi_interconnect_1_imp_auto_pc_0_axi_data_fifo_v2_1_36_axic_fifo__parameterized0/system_axi_interconnect_1_imp_auto_pc_0_axi_data_fifo_v2_1_36_fifo_gen__parameterized0/<hidden>/<hidden>/<hidden>/<hidden>/<hidden>
                         net (fo=32, routed)          0.195     2.492    rocketchip_wrapper/system/system_axi_interconnect_1_0/s00_couplers_imp_8CNLH6/system_axi_interconnect_1_imp_auto_pc_0/system_axi_interconnect_1_imp_auto_pc_0_axi_protocol_converter_v2_1_37_axi_protocol_converter/system_axi_interconnect_1_imp_auto_pc_0_axi_protocol_converter_v2_1_37_axi3_conv/system_axi_interconnect_1_imp_auto_pc_0_axi_protocol_converter_v2_1_37_a_axi3_conv/system_axi_interconnect_1_imp_auto_pc_0_axi_data_fifo_v2_1_36_axic_fifo__parameterized0/system_axi_interconnect_1_imp_auto_pc_0_axi_data_fifo_v2_1_36_fifo_gen__parameterized0/<hidden>/<hidden>/<hidden>/<hidden>/<hidden>/<hidden>
    SLICE_X8Y38          FDCE                                         f  rocketchip_wrapper/system/system_axi_interconnect_1_0/s00_couplers_imp_8CNLH6/system_axi_interconnect_1_imp_auto_pc_0/system_axi_interconnect_1_imp_auto_pc_0_axi_protocol_converter_v2_1_37_axi_protocol_converter/system_axi_interconnect_1_imp_auto_pc_0_axi_protocol_converter_v2_1_37_axi3_conv/system_axi_interconnect_1_imp_auto_pc_0_axi_protocol_converter_v2_1_37_a_axi3_conv/system_axi_interconnect_1_imp_auto_pc_0_axi_data_fifo_v2_1_36_axic_fifo__parameterized0/system_axi_interconnect_1_imp_auto_pc_0_axi_data_fifo_v2_1_36_fifo_gen__parameterized0/<hidden>/<hidden>/<hidden>/<hidden>/<hidden>/<hidden>
  -------------------------------------------------------------------    -------------------

                         (clock host_clk_i rise edge)
                                                      0.000     0.000 r  
    H16                                               0.000     0.000 r  clk (IN)
                         net (fo=0)                   0.000     0.000    clk
    H16                  IBUF (Prop_ibuf_I_O)         0.406     0.406 r  ibufg_gclk/O
                         net (fo=1, routed)           0.480     0.886    gclk_i
    MMCME2_ADV_X1Y2      MMCME2_ADV (Prop_mmcme2_adv_CLKIN1_CLKOUT0)
                                                      0.053     0.939 r  MMCME2_BASE_inst/CLKOUT0
                         net (fo=1, routed)           0.752     1.691    host_clk_i
    BUFGCTRL_X0Y16       BUFG (Prop_bufg_I_O)         0.029     1.720 r  bufg_host_clk/O
                         net (fo=7399, routed)        0.863     2.583    rocketchip_wrapper/system/system_axi_interconnect_1_0/s00_couplers_imp_8CNLH6/system_axi_interconnect_1_imp_auto_pc_0/system_axi_interconnect_1_imp_auto_pc_0_axi_protocol_converter_v2_1_37_axi_protocol_converter/system_axi_interconnect_1_imp_auto_pc_0_axi_protocol_converter_v2_1_37_axi3_conv/system_axi_interconnect_1_imp_auto_pc_0_axi_protocol_converter_v2_1_37_a_axi3_conv/system_axi_interconnect_1_imp_auto_pc_0_axi_data_fifo_v2_1_36_axic_fifo__parameterized0/system_axi_interconnect_1_imp_auto_pc_0_axi_data_fifo_v2_1_36_fifo_gen__parameterized0/<hidden>/<hidden>/<hidden>/<hidden>/<hidden>/<hidden>
    SLICE_X8Y38          FDCE                                         r  rocketchip_wrapper/system/system_axi_interconnect_1_0/s00_couplers_imp_8CNLH6/system_axi_interconnect_1_imp_auto_pc_0/system_axi_interconnect_1_imp_auto_pc_0_axi_protocol_converter_v2_1_37_axi_protocol_converter/system_axi_interconnect_1_imp_auto_pc_0_axi_protocol_converter_v2_1_37_axi3_conv/system_axi_interconnect_1_imp_auto_pc_0_axi_protocol_converter_v2_1_37_a_axi3_conv/system_axi_interconnect_1_imp_auto_pc_0_axi_data_fifo_v2_1_36_axic_fifo__parameterized0/system_axi_interconnect_1_imp_auto_pc_0_axi_data_fifo_v2_1_36_fifo_gen__parameterized0/<hidden>/<hidden>/<hidden>/<hidden>/<hidden>/<hidden>
                         clock pessimism             -0.542     2.041    
    SLICE_X8Y38          FDCE (Remov_fdce_C_CLR)     -0.067     1.974    rocketchip_wrapper/system/system_axi_interconnect_1_0/s00_couplers_imp_8CNLH6/system_axi_interconnect_1_imp_auto_pc_0/system_axi_interconnect_1_imp_auto_pc_0_axi_protocol_converter_v2_1_37_axi_protocol_converter/system_axi_interconnect_1_imp_auto_pc_0_axi_protocol_converter_v2_1_37_axi3_conv/system_axi_interconnect_1_imp_auto_pc_0_axi_protocol_converter_v2_1_37_a_axi3_conv/system_axi_interconnect_1_imp_auto_pc_0_axi_data_fifo_v2_1_36_axic_fifo__parameterized0/system_axi_interconnect_1_imp_auto_pc_0_axi_data_fifo_v2_1_36_fifo_gen__parameterized0/<hidden>/<hidden>/<hidden>/<hidden>/<hidden>/<hidden>
  -------------------------------------------------------------------
                         required time                         -1.974    
                         arrival time                           2.492    
  -------------------------------------------------------------------
                         slack                                  0.518    

Slack (MET) :             0.518ns  (arrival time - required time)
  Source:                 rocketchip_wrapper/system/system_axi_interconnect_1_0/s00_couplers_imp_8CNLH6/system_axi_interconnect_1_imp_auto_pc_0/system_axi_interconnect_1_imp_auto_pc_0_axi_protocol_converter_v2_1_37_axi_protocol_converter/system_axi_interconnect_1_imp_auto_pc_0_axi_protocol_converter_v2_1_37_axi3_conv/system_axi_interconnect_1_imp_auto_pc_0_axi_protocol_converter_v2_1_37_a_axi3_conv/system_axi_interconnect_1_imp_auto_pc_0_axi_data_fifo_v2_1_36_axic_fifo__parameterized0/system_axi_interconnect_1_imp_auto_pc_0_axi_data_fifo_v2_1_36_fifo_gen__parameterized0/<hidden>/<hidden>/<hidden>/<hidden>/<hidden>
                            (rising edge-triggered cell FDRE clocked by host_clk_i  {rise@0.000ns fall@12.500ns period=25.000ns})
  Destination:            rocketchip_wrapper/system/system_axi_interconnect_1_0/s00_couplers_imp_8CNLH6/system_axi_interconnect_1_imp_auto_pc_0/system_axi_interconnect_1_imp_auto_pc_0_axi_protocol_converter_v2_1_37_axi_protocol_converter/system_axi_interconnect_1_imp_auto_pc_0_axi_protocol_converter_v2_1_37_axi3_conv/system_axi_interconnect_1_imp_auto_pc_0_axi_protocol_converter_v2_1_37_a_axi3_conv/system_axi_interconnect_1_imp_auto_pc_0_axi_data_fifo_v2_1_36_axic_fifo__parameterized0/system_axi_interconnect_1_imp_auto_pc_0_axi_data_fifo_v2_1_36_fifo_gen__parameterized0/<hidden>/<hidden>/<hidden>/<hidden>/<hidden>/<hidden>
                            (removal check against rising-edge clock host_clk_i  {rise@0.000ns fall@12.500ns period=25.000ns})
  Path Group:             **async_default**
  Path Type:              Removal (Min at Fast Process Corner)
  Requirement:            0.000ns  (host_clk_i rise@0.000ns - host_clk_i rise@0.000ns)
  Data Path Delay:        0.468ns  (logic 0.209ns (44.694%)  route 0.259ns (55.306%))
  Logic Levels:           1  (LUT3=1)
  Clock Path Skew:        0.017ns (DCD - SCD - CPR)
    Destination Clock Delay (DCD):    2.583ns
    Source Clock Delay      (SCD):    2.024ns
    Clock Pessimism Removal (CPR):    0.542ns

    Location             Delay type                Incr(ns)  Path(ns)    Netlist Resource(s)
  -------------------------------------------------------------------    -------------------
                         (clock host_clk_i rise edge)
                                                      0.000     0.000 r  
    H16                                               0.000     0.000 r  clk (IN)
                         net (fo=0)                   0.000     0.000    clk
    H16                  IBUF (Prop_ibuf_I_O)         0.219     0.219 r  ibufg_gclk/O
                         net (fo=1, routed)           0.440     0.659    gclk_i
    MMCME2_ADV_X1Y2      MMCME2_ADV (Prop_mmcme2_adv_CLKIN1_CLKOUT0)
                                                      0.050     0.709 r  MMCME2_BASE_inst/CLKOUT0
                         net (fo=1, routed)           0.696     1.405    host_clk_i
    BUFGCTRL_X0Y16       BUFG (Prop_bufg_I_O)         0.026     1.431 r  bufg_host_clk/O
                         net (fo=7399, routed)        0.593     2.024    rocketchip_wrapper/system/system_axi_interconnect_1_0/s00_couplers_imp_8CNLH6/system_axi_interconnect_1_imp_auto_pc_0/system_axi_interconnect_1_imp_auto_pc_0_axi_protocol_converter_v2_1_37_axi_protocol_converter/system_axi_interconnect_1_imp_auto_pc_0_axi_protocol_converter_v2_1_37_axi3_conv/system_axi_interconnect_1_imp_auto_pc_0_axi_protocol_converter_v2_1_37_a_axi3_conv/system_axi_interconnect_1_imp_auto_pc_0_axi_data_fifo_v2_1_36_axic_fifo__parameterized0/system_axi_interconnect_1_imp_auto_pc_0_axi_data_fifo_v2_1_36_fifo_gen__parameterized0/<hidden>/<hidden>/<hidden>/<hidden>/<hidden>
    SLICE_X8Y37          FDRE                                         r  rocketchip_wrapper/system/system_axi_interconnect_1_0/s00_couplers_imp_8CNLH6/system_axi_interconnect_1_imp_auto_pc_0/system_axi_interconnect_1_imp_auto_pc_0_axi_protocol_converter_v2_1_37_axi_protocol_converter/system_axi_interconnect_1_imp_auto_pc_0_axi_protocol_converter_v2_1_37_axi3_conv/system_axi_interconnect_1_imp_auto_pc_0_axi_protocol_converter_v2_1_37_a_axi3_conv/system_axi_interconnect_1_imp_auto_pc_0_axi_data_fifo_v2_1_36_axic_fifo__parameterized0/system_axi_interconnect_1_imp_auto_pc_0_axi_data_fifo_v2_1_36_fifo_gen__parameterized0/<hidden>/<hidden>/<hidden>/<hidden>/<hidden>
  -------------------------------------------------------------------    -------------------
    SLICE_X8Y37          FDRE (Prop_fdre_C_Q)         0.164     2.188 f  rocketchip_wrapper/system/system_axi_interconnect_1_0/s00_couplers_imp_8CNLH6/system_axi_interconnect_1_imp_auto_pc_0/system_axi_interconnect_1_imp_auto_pc_0_axi_protocol_converter_v2_1_37_axi_protocol_converter/system_axi_interconnect_1_imp_auto_pc_0_axi_protocol_converter_v2_1_37_axi3_conv/system_axi_interconnect_1_imp_auto_pc_0_axi_protocol_converter_v2_1_37_a_axi3_conv/system_axi_interconnect_1_imp_auto_pc_0_axi_data_fifo_v2_1_36_axic_fifo__parameterized0/system_axi_interconnect_1_imp_auto_pc_0_axi_data_fifo_v2_1_36_fifo_gen__parameterized0/<hidden>/<hidden>/<hidden>/<hidden>/<hidden>
                         net (fo=2, routed)           0.063     2.251    rocketchip_wrapper/system/system_axi_interconnect_1_0/s00_couplers_imp_8CNLH6/system_axi_interconnect_1_imp_auto_pc_0/system_axi_interconnect_1_imp_auto_pc_0_axi_protocol_converter_v2_1_37_axi_protocol_converter/system_axi_interconnect_1_imp_auto_pc_0_axi_protocol_converter_v2_1_37_axi3_conv/system_axi_interconnect_1_imp_auto_pc_0_axi_protocol_converter_v2_1_37_a_axi3_conv/system_axi_interconnect_1_imp_auto_pc_0_axi_data_fifo_v2_1_36_axic_fifo__parameterized0/system_axi_interconnect_1_imp_auto_pc_0_axi_data_fifo_v2_1_36_fifo_gen__parameterized0/<hidden>/<hidden>/<hidden>/<hidden>/<hidden>
    SLICE_X9Y37          LUT3 (Prop_lut3_I0_O)        0.045     2.296 f  rocketchip_wrapper/system/system_axi_interconnect_1_0/s00_couplers_imp_8CNLH6/system_axi_interconnect_1_imp_auto_pc_0/system_axi_interconnect_1_imp_auto_pc_0_axi_protocol_converter_v2_1_37_axi_protocol_converter/system_axi_interconnect_1_imp_auto_pc_0_axi_protocol_converter_v2_1_37_axi3_conv/system_axi_interconnect_1_imp_auto_pc_0_axi_protocol_converter_v2_1_37_a_axi3_conv/system_axi_interconnect_1_imp_auto_pc_0_axi_data_fifo_v2_1_36_axic_fifo__parameterized0/system_axi_interconnect_1_imp_auto_pc_0_axi_data_fifo_v2_1_36_fifo_gen__parameterized0/<hidden>/<hidden>/<hidden>/<hidden>/<hidden>
                         net (fo=32, routed)          0.195     2.492    rocketchip_wrapper/system/system_axi_interconnect_1_0/s00_couplers_imp_8CNLH6/system_axi_interconnect_1_imp_auto_pc_0/system_axi_interconnect_1_imp_auto_pc_0_axi_protocol_converter_v2_1_37_axi_protocol_converter/system_axi_interconnect_1_imp_auto_pc_0_axi_protocol_converter_v2_1_37_axi3_conv/system_axi_interconnect_1_imp_auto_pc_0_axi_protocol_converter_v2_1_37_a_axi3_conv/system_axi_interconnect_1_imp_auto_pc_0_axi_data_fifo_v2_1_36_axic_fifo__parameterized0/system_axi_interconnect_1_imp_auto_pc_0_axi_data_fifo_v2_1_36_fifo_gen__parameterized0/<hidden>/<hidden>/<hidden>/<hidden>/<hidden>/<hidden>
    SLICE_X8Y38          FDCE                                         f  rocketchip_wrapper/system/system_axi_interconnect_1_0/s00_couplers_imp_8CNLH6/system_axi_interconnect_1_imp_auto_pc_0/system_axi_interconnect_1_imp_auto_pc_0_axi_protocol_converter_v2_1_37_axi_protocol_converter/system_axi_interconnect_1_imp_auto_pc_0_axi_protocol_converter_v2_1_37_axi3_conv/system_axi_interconnect_1_imp_auto_pc_0_axi_protocol_converter_v2_1_37_a_axi3_conv/system_axi_interconnect_1_imp_auto_pc_0_axi_data_fifo_v2_1_36_axic_fifo__parameterized0/system_axi_interconnect_1_imp_auto_pc_0_axi_data_fifo_v2_1_36_fifo_gen__parameterized0/<hidden>/<hidden>/<hidden>/<hidden>/<hidden>/<hidden>
  -------------------------------------------------------------------    -------------------

                         (clock host_clk_i rise edge)
                                                      0.000     0.000 r  
    H16                                               0.000     0.000 r  clk (IN)
                         net (fo=0)                   0.000     0.000    clk
    H16                  IBUF (Prop_ibuf_I_O)         0.406     0.406 r  ibufg_gclk/O
                         net (fo=1, routed)           0.480     0.886    gclk_i
    MMCME2_ADV_X1Y2      MMCME2_ADV (Prop_mmcme2_adv_CLKIN1_CLKOUT0)
                                                      0.053     0.939 r  MMCME2_BASE_inst/CLKOUT0
                         net (fo=1, routed)           0.752     1.691    host_clk_i
    BUFGCTRL_X0Y16       BUFG (Prop_bufg_I_O)         0.029     1.720 r  bufg_host_clk/O
                         net (fo=7399, routed)        0.863     2.583    rocketchip_wrapper/system/system_axi_interconnect_1_0/s00_couplers_imp_8CNLH6/system_axi_interconnect_1_imp_auto_pc_0/system_axi_interconnect_1_imp_auto_pc_0_axi_protocol_converter_v2_1_37_axi_protocol_converter/system_axi_interconnect_1_imp_auto_pc_0_axi_protocol_converter_v2_1_37_axi3_conv/system_axi_interconnect_1_imp_auto_pc_0_axi_protocol_converter_v2_1_37_a_axi3_conv/system_axi_interconnect_1_imp_auto_pc_0_axi_data_fifo_v2_1_36_axic_fifo__parameterized0/system_axi_interconnect_1_imp_auto_pc_0_axi_data_fifo_v2_1_36_fifo_gen__parameterized0/<hidden>/<hidden>/<hidden>/<hidden>/<hidden>/<hidden>
    SLICE_X8Y38          FDCE                                         r  rocketchip_wrapper/system/system_axi_interconnect_1_0/s00_couplers_imp_8CNLH6/system_axi_interconnect_1_imp_auto_pc_0/system_axi_interconnect_1_imp_auto_pc_0_axi_protocol_converter_v2_1_37_axi_protocol_converter/system_axi_interconnect_1_imp_auto_pc_0_axi_protocol_converter_v2_1_37_axi3_conv/system_axi_interconnect_1_imp_auto_pc_0_axi_protocol_converter_v2_1_37_a_axi3_conv/system_axi_interconnect_1_imp_auto_pc_0_axi_data_fifo_v2_1_36_axic_fifo__parameterized0/system_axi_interconnect_1_imp_auto_pc_0_axi_data_fifo_v2_1_36_fifo_gen__parameterized0/<hidden>/<hidden>/<hidden>/<hidden>/<hidden>/<hidden>
                         clock pessimism             -0.542     2.041    
    SLICE_X8Y38          FDCE (Remov_fdce_C_CLR)     -0.067     1.974    rocketchip_wrapper/system/system_axi_interconnect_1_0/s00_couplers_imp_8CNLH6/system_axi_interconnect_1_imp_auto_pc_0/system_axi_interconnect_1_imp_auto_pc_0_axi_protocol_converter_v2_1_37_axi_protocol_converter/system_axi_interconnect_1_imp_auto_pc_0_axi_protocol_converter_v2_1_37_axi3_conv/system_axi_interconnect_1_imp_auto_pc_0_axi_protocol_converter_v2_1_37_a_axi3_conv/system_axi_interconnect_1_imp_auto_pc_0_axi_data_fifo_v2_1_36_axic_fifo__parameterized0/system_axi_interconnect_1_imp_auto_pc_0_axi_data_fifo_v2_1_36_fifo_gen__parameterized0/<hidden>/<hidden>/<hidden>/<hidden>/<hidden>/<hidden>
  -------------------------------------------------------------------
                         required time                         -1.974    
                         arrival time                           2.492    
  -------------------------------------------------------------------
                         slack                                  0.518    

Slack (MET) :             0.518ns  (arrival time - required time)
  Source:                 rocketchip_wrapper/system/system_axi_interconnect_1_0/s00_couplers_imp_8CNLH6/system_axi_interconnect_1_imp_auto_pc_0/system_axi_interconnect_1_imp_auto_pc_0_axi_protocol_converter_v2_1_37_axi_protocol_converter/system_axi_interconnect_1_imp_auto_pc_0_axi_protocol_converter_v2_1_37_axi3_conv/system_axi_interconnect_1_imp_auto_pc_0_axi_protocol_converter_v2_1_37_a_axi3_conv/system_axi_interconnect_1_imp_auto_pc_0_axi_data_fifo_v2_1_36_axic_fifo__parameterized0/system_axi_interconnect_1_imp_auto_pc_0_axi_data_fifo_v2_1_36_fifo_gen__parameterized0/<hidden>/<hidden>/<hidden>/<hidden>/<hidden>
                            (rising edge-triggered cell FDRE clocked by host_clk_i  {rise@0.000ns fall@12.500ns period=25.000ns})
  Destination:            rocketchip_wrapper/system/system_axi_interconnect_1_0/s00_couplers_imp_8CNLH6/system_axi_interconnect_1_imp_auto_pc_0/system_axi_interconnect_1_imp_auto_pc_0_axi_protocol_converter_v2_1_37_axi_protocol_converter/system_axi_interconnect_1_imp_auto_pc_0_axi_protocol_converter_v2_1_37_axi3_conv/system_axi_interconnect_1_imp_auto_pc_0_axi_protocol_converter_v2_1_37_a_axi3_conv/system_axi_interconnect_1_imp_auto_pc_0_axi_data_fifo_v2_1_36_axic_fifo__parameterized0/system_axi_interconnect_1_imp_auto_pc_0_axi_data_fifo_v2_1_36_fifo_gen__parameterized0/<hidden>/<hidden>/<hidden>/<hidden>/<hidden>/<hidden>
                            (removal check against rising-edge clock host_clk_i  {rise@0.000ns fall@12.500ns period=25.000ns})
  Path Group:             **async_default**
  Path Type:              Removal (Min at Fast Process Corner)
  Requirement:            0.000ns  (host_clk_i rise@0.000ns - host_clk_i rise@0.000ns)
  Data Path Delay:        0.468ns  (logic 0.209ns (44.694%)  route 0.259ns (55.306%))
  Logic Levels:           1  (LUT3=1)
  Clock Path Skew:        0.017ns (DCD - SCD - CPR)
    Destination Clock Delay (DCD):    2.583ns
    Source Clock Delay      (SCD):    2.024ns
    Clock Pessimism Removal (CPR):    0.542ns

    Location             Delay type                Incr(ns)  Path(ns)    Netlist Resource(s)
  -------------------------------------------------------------------    -------------------
                         (clock host_clk_i rise edge)
                                                      0.000     0.000 r  
    H16                                               0.000     0.000 r  clk (IN)
                         net (fo=0)                   0.000     0.000    clk
    H16                  IBUF (Prop_ibuf_I_O)         0.219     0.219 r  ibufg_gclk/O
                         net (fo=1, routed)           0.440     0.659    gclk_i
    MMCME2_ADV_X1Y2      MMCME2_ADV (Prop_mmcme2_adv_CLKIN1_CLKOUT0)
                                                      0.050     0.709 r  MMCME2_BASE_inst/CLKOUT0
                         net (fo=1, routed)           0.696     1.405    host_clk_i
    BUFGCTRL_X0Y16       BUFG (Prop_bufg_I_O)         0.026     1.431 r  bufg_host_clk/O
                         net (fo=7399, routed)        0.593     2.024    rocketchip_wrapper/system/system_axi_interconnect_1_0/s00_couplers_imp_8CNLH6/system_axi_interconnect_1_imp_auto_pc_0/system_axi_interconnect_1_imp_auto_pc_0_axi_protocol_converter_v2_1_37_axi_protocol_converter/system_axi_interconnect_1_imp_auto_pc_0_axi_protocol_converter_v2_1_37_axi3_conv/system_axi_interconnect_1_imp_auto_pc_0_axi_protocol_converter_v2_1_37_a_axi3_conv/system_axi_interconnect_1_imp_auto_pc_0_axi_data_fifo_v2_1_36_axic_fifo__parameterized0/system_axi_interconnect_1_imp_auto_pc_0_axi_data_fifo_v2_1_36_fifo_gen__parameterized0/<hidden>/<hidden>/<hidden>/<hidden>/<hidden>
    SLICE_X8Y37          FDRE                                         r  rocketchip_wrapper/system/system_axi_interconnect_1_0/s00_couplers_imp_8CNLH6/system_axi_interconnect_1_imp_auto_pc_0/system_axi_interconnect_1_imp_auto_pc_0_axi_protocol_converter_v2_1_37_axi_protocol_converter/system_axi_interconnect_1_imp_auto_pc_0_axi_protocol_converter_v2_1_37_axi3_conv/system_axi_interconnect_1_imp_auto_pc_0_axi_protocol_converter_v2_1_37_a_axi3_conv/system_axi_interconnect_1_imp_auto_pc_0_axi_data_fifo_v2_1_36_axic_fifo__parameterized0/system_axi_interconnect_1_imp_auto_pc_0_axi_data_fifo_v2_1_36_fifo_gen__parameterized0/<hidden>/<hidden>/<hidden>/<hidden>/<hidden>
  -------------------------------------------------------------------    -------------------
    SLICE_X8Y37          FDRE (Prop_fdre_C_Q)         0.164     2.188 f  rocketchip_wrapper/system/system_axi_interconnect_1_0/s00_couplers_imp_8CNLH6/system_axi_interconnect_1_imp_auto_pc_0/system_axi_interconnect_1_imp_auto_pc_0_axi_protocol_converter_v2_1_37_axi_protocol_converter/system_axi_interconnect_1_imp_auto_pc_0_axi_protocol_converter_v2_1_37_axi3_conv/system_axi_interconnect_1_imp_auto_pc_0_axi_protocol_converter_v2_1_37_a_axi3_conv/system_axi_interconnect_1_imp_auto_pc_0_axi_data_fifo_v2_1_36_axic_fifo__parameterized0/system_axi_interconnect_1_imp_auto_pc_0_axi_data_fifo_v2_1_36_fifo_gen__parameterized0/<hidden>/<hidden>/<hidden>/<hidden>/<hidden>
                         net (fo=2, routed)           0.063     2.251    rocketchip_wrapper/system/system_axi_interconnect_1_0/s00_couplers_imp_8CNLH6/system_axi_interconnect_1_imp_auto_pc_0/system_axi_interconnect_1_imp_auto_pc_0_axi_protocol_converter_v2_1_37_axi_protocol_converter/system_axi_interconnect_1_imp_auto_pc_0_axi_protocol_converter_v2_1_37_axi3_conv/system_axi_interconnect_1_imp_auto_pc_0_axi_protocol_converter_v2_1_37_a_axi3_conv/system_axi_interconnect_1_imp_auto_pc_0_axi_data_fifo_v2_1_36_axic_fifo__parameterized0/system_axi_interconnect_1_imp_auto_pc_0_axi_data_fifo_v2_1_36_fifo_gen__parameterized0/<hidden>/<hidden>/<hidden>/<hidden>/<hidden>
    SLICE_X9Y37          LUT3 (Prop_lut3_I0_O)        0.045     2.296 f  rocketchip_wrapper/system/system_axi_interconnect_1_0/s00_couplers_imp_8CNLH6/system_axi_interconnect_1_imp_auto_pc_0/system_axi_interconnect_1_imp_auto_pc_0_axi_protocol_converter_v2_1_37_axi_protocol_converter/system_axi_interconnect_1_imp_auto_pc_0_axi_protocol_converter_v2_1_37_axi3_conv/system_axi_interconnect_1_imp_auto_pc_0_axi_protocol_converter_v2_1_37_a_axi3_conv/system_axi_interconnect_1_imp_auto_pc_0_axi_data_fifo_v2_1_36_axic_fifo__parameterized0/system_axi_interconnect_1_imp_auto_pc_0_axi_data_fifo_v2_1_36_fifo_gen__parameterized0/<hidden>/<hidden>/<hidden>/<hidden>/<hidden>
                         net (fo=32, routed)          0.195     2.492    rocketchip_wrapper/system/system_axi_interconnect_1_0/s00_couplers_imp_8CNLH6/system_axi_interconnect_1_imp_auto_pc_0/system_axi_interconnect_1_imp_auto_pc_0_axi_protocol_converter_v2_1_37_axi_protocol_converter/system_axi_interconnect_1_imp_auto_pc_0_axi_protocol_converter_v2_1_37_axi3_conv/system_axi_interconnect_1_imp_auto_pc_0_axi_protocol_converter_v2_1_37_a_axi3_conv/system_axi_interconnect_1_imp_auto_pc_0_axi_data_fifo_v2_1_36_axic_fifo__parameterized0/system_axi_interconnect_1_imp_auto_pc_0_axi_data_fifo_v2_1_36_fifo_gen__parameterized0/<hidden>/<hidden>/<hidden>/<hidden>/<hidden>/<hidden>
    SLICE_X8Y38          FDCE                                         f  rocketchip_wrapper/system/system_axi_interconnect_1_0/s00_couplers_imp_8CNLH6/system_axi_interconnect_1_imp_auto_pc_0/system_axi_interconnect_1_imp_auto_pc_0_axi_protocol_converter_v2_1_37_axi_protocol_converter/system_axi_interconnect_1_imp_auto_pc_0_axi_protocol_converter_v2_1_37_axi3_conv/system_axi_interconnect_1_imp_auto_pc_0_axi_protocol_converter_v2_1_37_a_axi3_conv/system_axi_interconnect_1_imp_auto_pc_0_axi_data_fifo_v2_1_36_axic_fifo__parameterized0/system_axi_interconnect_1_imp_auto_pc_0_axi_data_fifo_v2_1_36_fifo_gen__parameterized0/<hidden>/<hidden>/<hidden>/<hidden>/<hidden>/<hidden>
  -------------------------------------------------------------------    -------------------

                         (clock host_clk_i rise edge)
                                                      0.000     0.000 r  
    H16                                               0.000     0.000 r  clk (IN)
                         net (fo=0)                   0.000     0.000    clk
    H16                  IBUF (Prop_ibuf_I_O)         0.406     0.406 r  ibufg_gclk/O
                         net (fo=1, routed)           0.480     0.886    gclk_i
    MMCME2_ADV_X1Y2      MMCME2_ADV (Prop_mmcme2_adv_CLKIN1_CLKOUT0)
                                                      0.053     0.939 r  MMCME2_BASE_inst/CLKOUT0
                         net (fo=1, routed)           0.752     1.691    host_clk_i
    BUFGCTRL_X0Y16       BUFG (Prop_bufg_I_O)         0.029     1.720 r  bufg_host_clk/O
                         net (fo=7399, routed)        0.863     2.583    rocketchip_wrapper/system/system_axi_interconnect_1_0/s00_couplers_imp_8CNLH6/system_axi_interconnect_1_imp_auto_pc_0/system_axi_interconnect_1_imp_auto_pc_0_axi_protocol_converter_v2_1_37_axi_protocol_converter/system_axi_interconnect_1_imp_auto_pc_0_axi_protocol_converter_v2_1_37_axi3_conv/system_axi_interconnect_1_imp_auto_pc_0_axi_protocol_converter_v2_1_37_a_axi3_conv/system_axi_interconnect_1_imp_auto_pc_0_axi_data_fifo_v2_1_36_axic_fifo__parameterized0/system_axi_interconnect_1_imp_auto_pc_0_axi_data_fifo_v2_1_36_fifo_gen__parameterized0/<hidden>/<hidden>/<hidden>/<hidden>/<hidden>/<hidden>
    SLICE_X8Y38          FDCE                                         r  rocketchip_wrapper/system/system_axi_interconnect_1_0/s00_couplers_imp_8CNLH6/system_axi_interconnect_1_imp_auto_pc_0/system_axi_interconnect_1_imp_auto_pc_0_axi_protocol_converter_v2_1_37_axi_protocol_converter/system_axi_interconnect_1_imp_auto_pc_0_axi_protocol_converter_v2_1_37_axi3_conv/system_axi_interconnect_1_imp_auto_pc_0_axi_protocol_converter_v2_1_37_a_axi3_conv/system_axi_interconnect_1_imp_auto_pc_0_axi_data_fifo_v2_1_36_axic_fifo__parameterized0/system_axi_interconnect_1_imp_auto_pc_0_axi_data_fifo_v2_1_36_fifo_gen__parameterized0/<hidden>/<hidden>/<hidden>/<hidden>/<hidden>/<hidden>
                         clock pessimism             -0.542     2.041    
    SLICE_X8Y38          FDCE (Remov_fdce_C_CLR)     -0.067     1.974    rocketchip_wrapper/system/system_axi_interconnect_1_0/s00_couplers_imp_8CNLH6/system_axi_interconnect_1_imp_auto_pc_0/system_axi_interconnect_1_imp_auto_pc_0_axi_protocol_converter_v2_1_37_axi_protocol_converter/system_axi_interconnect_1_imp_auto_pc_0_axi_protocol_converter_v2_1_37_axi3_conv/system_axi_interconnect_1_imp_auto_pc_0_axi_protocol_converter_v2_1_37_a_axi3_conv/system_axi_interconnect_1_imp_auto_pc_0_axi_data_fifo_v2_1_36_axic_fifo__parameterized0/system_axi_interconnect_1_imp_auto_pc_0_axi_data_fifo_v2_1_36_fifo_gen__parameterized0/<hidden>/<hidden>/<hidden>/<hidden>/<hidden>/<hidden>
  -------------------------------------------------------------------
                         required time                         -1.974    
                         arrival time                           2.492    
  -------------------------------------------------------------------
                         slack                                  0.518    





