Copyright 1986-2022 Xilinx, Inc. All Rights Reserved. Copyright 2022-2026 Advanced Micro Devices, Inc. All Rights Reserved.
----------------------------------------------------------------------------------------------------------------------------------------------------------------------------------
| Tool Version : Vivado v.2025.2.1 (lin64) Build 6403652 Thu Mar 19 13:47:00 MDT 2026
| Date         : Tue Sep 29 18:06:12 2026
| Host         : ubuntu running 64-bit Ubuntu 24.04.2 LTS
| Command      : report_timing_summary -max_paths 10 -file /home/engineer/fpga/worktrees/pipe-single/experiments/pipeline/p3/runs/attempt-1/reports/post_route_timing_summary.rpt
| Design       : rocketchip_wrapper
| Device       : 7z020-clg400
| Speed File   : -1  PRODUCTION 1.12 2019-11-22
| Design State : Routed
----------------------------------------------------------------------------------------------------------------------------------------------------------------------------------

Timing Summary Report

------------------------------------------------------------------------------------------------
| Timer Settings
| --------------
------------------------------------------------------------------------------------------------

  Enable Multi Corner Analysis               :  Yes
  Enable Pessimism Removal                   :  Yes
  Pessimism Removal Resolution               :  Nearest Common Node
  Enable Input Delay Default Clock           :  No
  Enable Preset / Clear Arcs                 :  No
  Disable Flight Delays                      :  No
  Ignore I/O Paths                           :  No
  Timing Early Launch at Borrowing Latches   :  No
  Borrow Time for Max Delay Exceptions       :  Yes
  Merge Timing Exceptions                    :  Yes
  Inter-SLR Compensation                     :  Conservative

  Corner  Analyze    Analyze    
  Name    Max Paths  Min Paths  
  ------  ---------  ---------  
  Slow    Yes        Yes        
  Fast    Yes        Yes        


------------------------------------------------------------------------------------------------
| Report Methodology
| ------------------
------------------------------------------------------------------------------------------------

Rule     Severity  Description                   Violations  
-------  --------  ----------------------------  ----------  
LUTAR-1  Warning   LUT drives async reset alert  3           

Note: This report is based on the most recent report_methodology run and may not be up-to-date. Run report_methodology on the current design for the latest report.



check_timing report

Table of Contents
-----------------
1. checking no_clock (0)
2. checking constant_clock (0)
3. checking pulse_width_clock (0)
4. checking unconstrained_internal_endpoints (0)
5. checking no_input_delay (0)
6. checking no_output_delay (0)
7. checking multiple_clock (0)
8. checking generated_clocks (0)
9. checking loops (0)
10. checking partial_input_delay (0)
11. checking partial_output_delay (0)
12. checking latch_loops (0)

1. checking no_clock (0)
------------------------
 There are 0 register/latch pins with no clock.


2. checking constant_clock (0)
------------------------------
 There are 0 register/latch pins with constant_clock.


3. checking pulse_width_clock (0)
---------------------------------
 There are 0 register/latch pins which need pulse_width check


4. checking unconstrained_internal_endpoints (0)
------------------------------------------------
 There are 0 pins that are not constrained for maximum delay.

 There are 0 pins that are not constrained for maximum delay due to constant clock.


5. checking no_input_delay (0)
------------------------------
 There are 0 input ports with no input delay specified.

 There are 0 input ports with no input delay but user has a false path constraint.


6. checking no_output_delay (0)
-------------------------------
 There are 0 ports with no output delay specified.

 There are 0 ports with no output delay but user has a false path constraint

 There are 0 ports with no output delay but with a timing clock defined on it or propagating through it


7. checking multiple_clock (0)
------------------------------
 There are 0 register/latch pins with multiple clocks.


8. checking generated_clocks (0)
--------------------------------
 There are 0 generated clocks that are not connected to a clock source.


9. checking loops (0)
---------------------
 There are 0 combinational loops in the design.


10. checking partial_input_delay (0)
------------------------------------
 There are 0 input ports with partial input delay specified.


11. checking partial_output_delay (0)
-------------------------------------
 There are 0 ports with partial output delay specified.


12. checking latch_loops (0)
----------------------------
 There are 0 combinational latch loops in the design through latch input



------------------------------------------------------------------------------------------------
| Design Timing Summary
| ---------------------
------------------------------------------------------------------------------------------------

    WNS(ns)      TNS(ns)  TNS Failing Endpoints  TNS Total Endpoints      WHS(ns)      THS(ns)  THS Failing Endpoints  THS Total Endpoints     WPWS(ns)     TPWS(ns)  TPWS Failing Endpoints  TPWS Total Endpoints  
    -------      -------  ---------------------  -------------------      -------      -------  ---------------------  -------------------     --------     --------  ----------------------  --------------------  
      0.440        0.000                      0                29147        0.020        0.000                      0                29147        2.000        0.000                       0                 10876  


All user specified timing constraints are met.


------------------------------------------------------------------------------------------------
| Clock Summary
| -------------
------------------------------------------------------------------------------------------------

Clock         Waveform(ns)         Period(ns)      Frequency(MHz)
-----         ------------         ----------      --------------
clk_fpga_0    {0.000 5.000}        10.000          100.000         
gclk_0        {0.000 4.000}        8.000           125.000         
  gclk_fbout  {0.000 4.000}        8.000           125.000         
  host_clk_i  {0.000 12.500}       25.000          40.000          


------------------------------------------------------------------------------------------------
| Intra Clock Table
| -----------------
------------------------------------------------------------------------------------------------

Clock             WNS(ns)      TNS(ns)  TNS Failing Endpoints  TNS Total Endpoints      WHS(ns)      THS(ns)  THS Failing Endpoints  THS Total Endpoints     WPWS(ns)     TPWS(ns)  TPWS Failing Endpoints  TPWS Total Endpoints  
-----             -------      -------  ---------------------  -------------------      -------      -------  ---------------------  -------------------     --------     --------  ----------------------  --------------------  
gclk_0                                                                                                                                                          2.000        0.000                       0                     1  
  gclk_fbout                                                                                                                                                    6.751        0.000                       0                     2  
  host_clk_i        0.440        0.000                      0                29051        0.020        0.000                      0                29051       11.250        0.000                       0                 10873  


------------------------------------------------------------------------------------------------
| Inter Clock Table
| -----------------
------------------------------------------------------------------------------------------------

From Clock    To Clock          WNS(ns)      TNS(ns)  TNS Failing Endpoints  TNS Total Endpoints      WHS(ns)      THS(ns)  THS Failing Endpoints  THS Total Endpoints  
----------    --------          -------      -------  ---------------------  -------------------      -------      -------  ---------------------  -------------------  


------------------------------------------------------------------------------------------------
| Other Path Groups Table
| -----------------------
------------------------------------------------------------------------------------------------

Path Group         From Clock         To Clock               WNS(ns)      TNS(ns)  TNS Failing Endpoints  TNS Total Endpoints      WHS(ns)      THS(ns)  THS Failing Endpoints  THS Total Endpoints  
----------         ----------         --------               -------      -------  ---------------------  -------------------      -------      -------  ---------------------  -------------------  
**async_default**  host_clk_i         host_clk_i              21.519        0.000                      0                   96        0.605        0.000                      0                   96  


------------------------------------------------------------------------------------------------
| Timing Details
| --------------
------------------------------------------------------------------------------------------------


---------------------------------------------------------------------------------------------------
From Clock:  gclk_0
  To Clock:  gclk_0

Setup :           NA  Failing Endpoints,  Worst Slack           NA  ,  Total Violation           NA
Hold  :           NA  Failing Endpoints,  Worst Slack           NA  ,  Total Violation           NA
PW    :            0  Failing Endpoints,  Worst Slack        2.000ns,  Total Violation        0.000ns
---------------------------------------------------------------------------------------------------


Pulse Width Checks
--------------------------------------------------------------------------------------
Clock Name:         gclk_0
Waveform(ns):       { 0.000 4.000 }
Period(ns):         8.000
Sources:            { clk }

Check Type        Corner  Lib Pin            Reference Pin  Required(ns)  Actual(ns)  Slack(ns)  Location         Pin
Min Period        n/a     MMCME2_ADV/CLKIN1  n/a            1.249         8.000       6.751      MMCME2_ADV_X1Y2  MMCME2_BASE_inst/CLKIN1
Max Period        n/a     MMCME2_ADV/CLKIN1  n/a            100.000       8.000       92.000     MMCME2_ADV_X1Y2  MMCME2_BASE_inst/CLKIN1
Low Pulse Width   Slow    MMCME2_ADV/CLKIN1  n/a            2.000         4.000       2.000      MMCME2_ADV_X1Y2  MMCME2_BASE_inst/CLKIN1
Low Pulse Width   Fast    MMCME2_ADV/CLKIN1  n/a            2.000         4.000       2.000      MMCME2_ADV_X1Y2  MMCME2_BASE_inst/CLKIN1
High Pulse Width  Slow    MMCME2_ADV/CLKIN1  n/a            2.000         4.000       2.000      MMCME2_ADV_X1Y2  MMCME2_BASE_inst/CLKIN1
High Pulse Width  Fast    MMCME2_ADV/CLKIN1  n/a            2.000         4.000       2.000      MMCME2_ADV_X1Y2  MMCME2_BASE_inst/CLKIN1



---------------------------------------------------------------------------------------------------
From Clock:  gclk_fbout
  To Clock:  gclk_fbout

Setup :           NA  Failing Endpoints,  Worst Slack           NA  ,  Total Violation           NA
Hold  :           NA  Failing Endpoints,  Worst Slack           NA  ,  Total Violation           NA
PW    :            0  Failing Endpoints,  Worst Slack        6.751ns,  Total Violation        0.000ns
---------------------------------------------------------------------------------------------------


Pulse Width Checks
--------------------------------------------------------------------------------------
Clock Name:         gclk_fbout
Waveform(ns):       { 0.000 4.000 }
Period(ns):         8.000
Sources:            { MMCME2_BASE_inst/CLKFBOUT }

Check Type  Corner  Lib Pin              Reference Pin  Required(ns)  Actual(ns)  Slack(ns)  Location         Pin
Min Period  n/a     MMCME2_ADV/CLKFBOUT  n/a            1.249         8.000       6.751      MMCME2_ADV_X1Y2  MMCME2_BASE_inst/CLKFBOUT
Min Period  n/a     MMCME2_ADV/CLKFBIN   n/a            1.249         8.000       6.751      MMCME2_ADV_X1Y2  MMCME2_BASE_inst/CLKFBIN
Max Period  n/a     MMCME2_ADV/CLKFBIN   n/a            100.000       8.000       92.000     MMCME2_ADV_X1Y2  MMCME2_BASE_inst/CLKFBIN
Max Period  n/a     MMCME2_ADV/CLKFBOUT  n/a            213.360       8.000       205.360    MMCME2_ADV_X1Y2  MMCME2_BASE_inst/CLKFBOUT



---------------------------------------------------------------------------------------------------
From Clock:  host_clk_i
  To Clock:  host_clk_i

Setup :            0  Failing Endpoints,  Worst Slack        0.440ns,  Total Violation        0.000ns
Hold  :            0  Failing Endpoints,  Worst Slack        0.020ns,  Total Violation        0.000ns
PW    :            0  Failing Endpoints,  Worst Slack       11.250ns,  Total Violation        0.000ns
---------------------------------------------------------------------------------------------------


Max Delay Paths
--------------------------------------------------------------------------------------
Slack (MET) :             0.440ns  (required time - arrival time)
  Source:                 top/teaching_board_top/target/rd2serial/addr_reg[3]/C
                            (rising edge-triggered cell FDRE clocked by host_clk_i  {rise@0.000ns fall@12.500ns period=25.000ns})
  Destination:            top/teaching_board_top/target/backend/resvValid_0_reg/D
                            (rising edge-triggered cell FDRE clocked by host_clk_i  {rise@0.000ns fall@12.500ns period=25.000ns})
  Path Group:             host_clk_i
  Path Type:              Setup (Max at Slow Process Corner)
  Requirement:            25.000ns  (host_clk_i rise@25.000ns - host_clk_i rise@0.000ns)
  Data Path Delay:        24.469ns  (logic 11.044ns (45.135%)  route 13.425ns (54.865%))
  Logic Levels:           48  (CARRY4=28 LUT2=4 LUT3=3 LUT4=4 LUT5=3 LUT6=6)
  Clock Path Skew:        -0.040ns (DCD - SCD + CPR)
    Destination Clock Delay (DCD):    6.293ns = ( 31.293 - 25.000 ) 
    Source Clock Delay      (SCD):    6.886ns
    Clock Pessimism Removal (CPR):    0.553ns
  Clock Uncertainty:      0.082ns  ((TSJ^2 + DJ^2)^1/2) / 2 + PE
    Total System Jitter     (TSJ):    0.071ns
    Discrete Jitter          (DJ):    0.147ns
    Phase Error              (PE):    0.000ns

    Location             Delay type                Incr(ns)  Path(ns)    Netlist Resource(s)
  -------------------------------------------------------------------    -------------------
                         (clock host_clk_i rise edge)
                                                      0.000     0.000 r  
    H16                                               0.000     0.000 r  clk (IN)
                         net (fo=0)                   0.000     0.000    clk
    H16                  IBUF (Prop_ibuf_I_O)         1.451     1.451 r  ibufg_gclk/O
                         net (fo=1, routed)           1.285     2.736    gclk_i
    MMCME2_ADV_X1Y2      MMCME2_ADV (Prop_mmcme2_adv_CLKIN1_CLKOUT0)
                                                      0.088     2.824 r  MMCME2_BASE_inst/CLKOUT0
                         net (fo=1, routed)           2.206     5.030    host_clk_i
    BUFGCTRL_X0Y16       BUFG (Prop_bufg_I_O)         0.101     5.131 r  bufg_host_clk/O
                         net (fo=10873, routed)       1.755     6.886    top/teaching_board_top/target/rd2serial/host_clk
    SLICE_X11Y10         FDRE                                         r  top/teaching_board_top/target/rd2serial/addr_reg[3]/C
  -------------------------------------------------------------------    -------------------
    SLICE_X11Y10         FDRE (Prop_fdre_C_Q)         0.456     7.342 r  top/teaching_board_top/target/rd2serial/addr_reg[3]/Q
                         net (fo=5, routed)           0.623     7.965    top/teaching_board_top/target/rd2serial/Q[0]
    SLICE_X10Y11         CARRY4 (Prop_carry4_CYINIT_CO[3])
                                                      0.595     8.560 r  top/teaching_board_top/target/rd2serial/addr_reg[7]_i_2/CO[3]
                         net (fo=1, routed)           0.000     8.560    top/teaching_board_top/target/rd2serial/addr_reg[7]_i_2_n_0
    SLICE_X10Y12         CARRY4 (Prop_carry4_CI_CO[3])
                                                      0.117     8.677 r  top/teaching_board_top/target/rd2serial/addr_reg[11]_i_2/CO[3]
                         net (fo=1, routed)           0.000     8.677    top/teaching_board_top/target/rd2serial/addr_reg[11]_i_2_n_0
    SLICE_X10Y13         CARRY4 (Prop_carry4_CI_CO[3])
                                                      0.117     8.794 r  top/teaching_board_top/target/rd2serial/addr_reg[15]_i_2/CO[3]
                         net (fo=1, routed)           0.000     8.794    top/teaching_board_top/target/rd2serial/addr_reg[15]_i_2_n_0
    SLICE_X10Y14         CARRY4 (Prop_carry4_CI_CO[3])
                                                      0.117     8.911 r  top/teaching_board_top/target/rd2serial/addr_reg[19]_i_2/CO[3]
                         net (fo=1, routed)           0.000     8.911    top/teaching_board_top/target/rd2serial/addr_reg[19]_i_2_n_0
    SLICE_X10Y15         CARRY4 (Prop_carry4_CI_CO[3])
                                                      0.117     9.028 r  top/teaching_board_top/target/rd2serial/addr_reg[23]_i_2/CO[3]
                         net (fo=1, routed)           0.000     9.028    top/teaching_board_top/target/rd2serial/addr_reg[23]_i_2_n_0
    SLICE_X10Y16         CARRY4 (Prop_carry4_CI_CO[3])
                                                      0.117     9.145 r  top/teaching_board_top/target/rd2serial/addr_reg[27]_i_2/CO[3]
                         net (fo=1, routed)           0.000     9.145    top/teaching_board_top/target/rd2serial/addr_reg[27]_i_2_n_0
    SLICE_X10Y17         CARRY4 (Prop_carry4_CI_O[1])
                                                      0.323     9.468 r  top/teaching_board_top/target/rd2serial/addr_reg[31]_i_3/O[1]
                         net (fo=3, routed)           0.721    10.189    top/teaching_board_top/target/rd2serial/_GEN_86[29]
    SLICE_X6Y17          LUT2 (Prop_lut2_I0_O)        0.306    10.495 r  top/teaching_board_top/target/rd2serial/ram_size_reg_0_1_0_3_i_179/O
                         net (fo=1, routed)           0.000    10.495    top/teaching_board_top/target/rd2serial/ram_size_reg_0_1_0_3_i_179_n_0
    SLICE_X6Y17          CARRY4 (Prop_carry4_S[1]_CO[3])
                                                      0.533    11.028 r  top/teaching_board_top/target/rd2serial/ram_size_reg_0_1_0_3_i_123/CO[3]
                         net (fo=1, routed)           0.000    11.028    top/teaching_board_top/target/rd2serial/ram_size_reg_0_1_0_3_i_123_n_0
    SLICE_X6Y18          CARRY4 (Prop_carry4_CI_CO[3])
                                                      0.117    11.145 r  top/teaching_board_top/target/rd2serial/ram_size_reg_0_1_0_3_i_121/CO[3]
                         net (fo=1, routed)           0.000    11.145    top/teaching_board_top/target/rd2serial/ram_size_reg_0_1_0_3_i_121_n_0
    SLICE_X6Y19          CARRY4 (Prop_carry4_CI_CO[3])
                                                      0.117    11.262 r  top/teaching_board_top/target/rd2serial/ram_size_reg_0_1_0_3_i_81/CO[3]
                         net (fo=1, routed)           0.000    11.262    top/teaching_board_top/target/rd2serial/ram_size_reg_0_1_0_3_i_81_n_0
    SLICE_X6Y20          CARRY4 (Prop_carry4_CI_CO[3])
                                                      0.117    11.379 r  top/teaching_board_top/target/rd2serial/ram_size_reg_0_1_0_3_i_78/CO[3]
                         net (fo=1, routed)           0.000    11.379    top/teaching_board_top/target/rd2serial/ram_size_reg_0_1_0_3_i_78_n_0
    SLICE_X6Y21          CARRY4 (Prop_carry4_CI_CO[3])
                                                      0.117    11.496 r  top/teaching_board_top/target/rd2serial/ram_size_reg_0_1_0_3_i_75/CO[3]
                         net (fo=1, routed)           0.000    11.496    top/teaching_board_top/target/rd2serial/ram_size_reg_0_1_0_3_i_75_n_0
    SLICE_X6Y22          CARRY4 (Prop_carry4_CI_CO[3])
                                                      0.117    11.613 r  top/teaching_board_top/target/rd2serial/ram_size_reg_0_1_0_3_i_49/CO[3]
                         net (fo=1, routed)           0.000    11.613    top/teaching_board_top/target/rd2serial/ram_size_reg_0_1_0_3_i_49_n_0
    SLICE_X6Y23          CARRY4 (Prop_carry4_CI_CO[3])
                                                      0.117    11.730 r  top/teaching_board_top/target/rd2serial/ram_size_reg_0_1_0_3_i_47/CO[3]
                         net (fo=1, routed)           0.000    11.730    top/teaching_board_top/target/rd2serial/ram_size_reg_0_1_0_3_i_47_n_0
    SLICE_X6Y24          CARRY4 (Prop_carry4_CI_CO[3])
                                                      0.117    11.847 r  top/teaching_board_top/target/rd2serial/ram_size_reg_0_1_0_3_i_43/CO[3]
                         net (fo=1, routed)           0.009    11.856    top/teaching_board_top/target/rd2serial/ram_size_reg_0_1_0_3_i_43_n_0
    SLICE_X6Y25          CARRY4 (Prop_carry4_CI_O[1])
                                                      0.323    12.179 r  top/teaching_board_top/target/rd2serial/ram_size_reg_0_1_0_3_i_25/O[1]
                         net (fo=7, routed)           0.992    13.170    top/teaching_board_top/target/rd2serial/_GEN_87[61]
    SLICE_X5Y21          LUT4 (Prop_lut4_I0_O)        0.306    13.476 r  top/teaching_board_top/target/rd2serial/ram_size_reg_0_1_0_3_i_102/O
                         net (fo=1, routed)           0.000    13.476    top/teaching_board_top/target/rd2serial/ram_size_reg_0_1_0_3_i_102_n_0
    SLICE_X5Y21          CARRY4 (Prop_carry4_S[2]_CO[3])
                                                      0.398    13.874 r  top/teaching_board_top/target/rd2serial/ram_size_reg_0_1_0_3_i_53/CO[3]
                         net (fo=1, routed)           0.000    13.874    top/teaching_board_top/target/rd2serial/ram_size_reg_0_1_0_3_i_53_n_0
    SLICE_X5Y22          CARRY4 (Prop_carry4_CI_CO[0])
                                                      0.271    14.145 r  top/teaching_board_top/target/rd2serial/ram_size_reg_0_1_0_3_i_24/CO[0]
                         net (fo=161, routed)         0.991    15.137    top/teaching_board_top/target/rd2serial/_T_174
    SLICE_X2Y14          LUT3 (Prop_lut3_I1_O)        0.373    15.510 r  top/teaching_board_top/target/rd2serial/ram_address_reg_0_1_0_5_i_139/O
                         net (fo=2, routed)           0.579    16.089    top/teaching_board_top/target/rd2serial/ram_address_reg_0_1_0_5_i_139_n_0
    SLICE_X2Y14          LUT6 (Prop_lut6_I5_O)        0.124    16.213 r  top/teaching_board_top/target/rd2serial/ram_address_reg_0_1_0_5_i_110/O
                         net (fo=2, routed)           0.678    16.891    top/teaching_board_top/target/rd2serial/ram_address_reg_0_1_0_5_i_110_n_0
    SLICE_X0Y15          LUT3 (Prop_lut3_I1_O)        0.124    17.015 r  top/teaching_board_top/target/rd2serial/ram_address_reg_0_1_0_5_i_116/O
                         net (fo=2, routed)           0.644    17.659    top/teaching_board_top/target/rd2serial/ram_address_reg_0_1_0_5_i_116_n_0
    SLICE_X1Y15          LUT5 (Prop_lut5_I4_O)        0.124    17.783 f  top/teaching_board_top/target/rd2serial/ram_address_reg_0_1_0_5_i_75/O
                         net (fo=3, routed)           0.314    18.097    top/teaching_board_top/target/rd2serial/ram_address_reg_0_1_0_5_i_75_n_0
    SLICE_X0Y16          LUT3 (Prop_lut3_I2_O)        0.124    18.221 r  top/teaching_board_top/target/rd2serial/ram_address_reg_0_1_0_5_i_59/O
                         net (fo=3, routed)           0.448    18.669    top/teaching_board_top/target/rd2serial/ram_address_reg_0_1_0_5_i_59_n_0
    SLICE_X0Y16          LUT4 (Prop_lut4_I2_O)        0.124    18.793 r  top/teaching_board_top/target/rd2serial/ram_address_reg_0_1_0_5_i_62/O
                         net (fo=3, routed)           0.638    19.431    top/teaching_board_top/target/rd2serial/ram_address_reg_0_1_0_5_i_62_n_0
    SLICE_X0Y17          LUT2 (Prop_lut2_I0_O)        0.124    19.555 r  top/teaching_board_top/target/rd2serial/ram_address_reg_0_1_0_5_i_31/O
                         net (fo=3, routed)           0.466    20.021    top/teaching_board_top/target/rd2serial/ram_address_reg_0_1_0_5_i_31_n_0
    SLICE_X0Y19          LUT6 (Prop_lut6_I4_O)        0.124    20.145 r  top/teaching_board_top/target/rd2serial/ram_address_reg_0_1_0_5_i_35/O
                         net (fo=4, routed)           0.751    20.896    top/teaching_board_top/target/rd2serial/ram_address_reg_0_1_0_5_i_35_n_0
    SLICE_X2Y18          LUT4 (Prop_lut4_I1_O)        0.149    21.045 r  top/teaching_board_top/target/rd2serial/ram_address_reg_0_1_0_5_i_18/O
                         net (fo=2, routed)           0.823    21.867    top/teaching_board_top/target/rd2serial/ram_address_reg_0_1_0_5_i_18_n_0
    SLICE_X2Y19          LUT6 (Prop_lut6_I0_O)        0.355    22.222 r  top/teaching_board_top/target/rd2serial/ram_address_reg_0_1_0_5_i_20/O
                         net (fo=1, routed)           0.000    22.222    top/teaching_board_top/target/rd2serial/ram_address_reg_0_1_0_5_i_20_n_0
    SLICE_X2Y19          CARRY4 (Prop_carry4_S[0]_CO[2])
                                                      0.538    22.760 f  top/teaching_board_top/target/rd2serial/ram_address_reg_0_1_0_5_i_15/CO[2]
                         net (fo=1, routed)           1.148    23.908    top/teaching_board_top/target/rd2serial/_T_317[6]
    SLICE_X14Y18         LUT4 (Prop_lut4_I1_O)        0.310    24.218 f  top/teaching_board_top/target/rd2serial/ram_address_reg_0_1_0_5_i_13/O
                         net (fo=13, routed)          0.665    24.883    top/teaching_board_top/target/rd2serial/ram_address_reg_0_1_0_5_i_13_n_0
    SLICE_X14Y17         LUT2 (Prop_lut2_I0_O)        0.149    25.032 f  top/teaching_board_top/target/rd2serial/req_address[0]_i_3/O
                         net (fo=2, routed)           0.321    25.352    top/teaching_board_top/target/sbus/system_bus_xbar/req_address_reg[0]_0
    SLICE_X17Y17         LUT6 (Prop_lut6_I4_O)        0.355    25.707 r  top/teaching_board_top/target/sbus/system_bus_xbar/req_address[0]_i_1/O
                         net (fo=8, routed)           0.637    26.344    top/teaching_board_top/target/sbus/system_bus_xbar/sbus_auto_coupler_to_mbus_nodelay_out_a_bits_address[0]
    SLICE_X15Y12         LUT5 (Prop_lut5_I0_O)        0.124    26.468 r  top/teaching_board_top/target/sbus/system_bus_xbar/resvValid_0_i_141/O
                         net (fo=1, routed)           0.000    26.468    top/teaching_board_top/target/sbus/system_bus_xbar/resvValid_0_i_141_n_0
    SLICE_X15Y12         CARRY4 (Prop_carry4_S[0]_CO[3])
                                                      0.532    27.000 r  top/teaching_board_top/target/sbus/system_bus_xbar/resvValid_0_reg_i_132/CO[3]
                         net (fo=1, routed)           0.000    27.000    top/teaching_board_top/target/sbus/system_bus_xbar/resvValid_0_reg_i_132_n_0
    SLICE_X15Y13         CARRY4 (Prop_carry4_CI_CO[3])
                                                      0.114    27.114 r  top/teaching_board_top/target/sbus/system_bus_xbar/resvValid_0_reg_i_122/CO[3]
                         net (fo=1, routed)           0.000    27.114    top/teaching_board_top/target/sbus/system_bus_xbar/resvValid_0_reg_i_122_n_0
    SLICE_X15Y14         CARRY4 (Prop_carry4_CI_CO[3])
                                                      0.114    27.228 r  top/teaching_board_top/target/sbus/system_bus_xbar/resvValid_0_reg_i_106/CO[3]
                         net (fo=1, routed)           0.000    27.228    top/teaching_board_top/target/sbus/system_bus_xbar/resvValid_0_reg_i_106_n_0
    SLICE_X15Y15         CARRY4 (Prop_carry4_CI_CO[3])
                                                      0.114    27.342 r  top/teaching_board_top/target/sbus/system_bus_xbar/resvValid_0_reg_i_90/CO[3]
                         net (fo=1, routed)           0.000    27.342    top/teaching_board_top/target/sbus/system_bus_xbar/resvValid_0_reg_i_90_n_0
    SLICE_X15Y16         CARRY4 (Prop_carry4_CI_CO[3])
                                                      0.114    27.456 r  top/teaching_board_top/target/sbus/system_bus_xbar/resvValid_0_reg_i_74/CO[3]
                         net (fo=1, routed)           0.000    27.456    top/teaching_board_top/target/sbus/system_bus_xbar/resvValid_0_reg_i_74_n_0
    SLICE_X15Y17         CARRY4 (Prop_carry4_CI_CO[3])
                                                      0.114    27.570 r  top/teaching_board_top/target/sbus/system_bus_xbar/resvValid_0_reg_i_58/CO[3]
                         net (fo=1, routed)           0.000    27.570    top/teaching_board_top/target/sbus/system_bus_xbar/resvValid_0_reg_i_58_n_0
    SLICE_X15Y18         CARRY4 (Prop_carry4_CI_O[3])
                                                      0.313    27.883 r  top/teaching_board_top/target/sbus/system_bus_xbar/resvValid_0_reg_i_42/O[3]
                         net (fo=1, routed)           0.680    28.564    top/teaching_board_top/target/backend/resvValid_0_reg_i_15_0[3]
    SLICE_X13Y19         LUT2 (Prop_lut2_I1_O)        0.306    28.870 r  top/teaching_board_top/target/backend/resvValid_0_i_26/O
                         net (fo=1, routed)           0.000    28.870    top/teaching_board_top/target/backend/resvValid_0_i_26_n_0
    SLICE_X13Y19         CARRY4 (Prop_carry4_S[2]_CO[3])
                                                      0.398    29.268 r  top/teaching_board_top/target/backend/resvValid_0_reg_i_15/CO[3]
                         net (fo=1, routed)           0.000    29.268    top/teaching_board_top/target/backend/resvValid_0_reg_i_15_n_0
    SLICE_X13Y20         CARRY4 (Prop_carry4_CI_CO[2])
                                                      0.228    29.496 f  top/teaching_board_top/target/backend/resvValid_0_reg_i_13/CO[2]
                         net (fo=1, routed)           0.459    29.954    top/teaching_board_top/target/sbus/system_bus_xbar/CO[0]
    SLICE_X11Y21         LUT5 (Prop_lut5_I0_O)        0.313    30.267 r  top/teaching_board_top/target/sbus/system_bus_xbar/resvValid_0_i_9/O
                         net (fo=1, routed)           0.435    30.703    top/teaching_board_top/target/sbus/system_bus_xbar/resvValid_0_i_9_n_0
    SLICE_X11Y23         LUT6 (Prop_lut6_I0_O)        0.124    30.827 r  top/teaching_board_top/target/sbus/system_bus_xbar/resvValid_0_i_5/O
                         net (fo=1, routed)           0.404    31.231    top/teaching_board_top/target/backend/resvValid_0_reg_2
    SLICE_X11Y24         LUT6 (Prop_lut6_I3_O)        0.124    31.355 r  top/teaching_board_top/target/backend/resvValid_0_i_1/O
                         net (fo=1, routed)           0.000    31.355    top/teaching_board_top/target/backend/resvValid_0_i_1_n_0
    SLICE_X11Y24         FDRE                                         r  top/teaching_board_top/target/backend/resvValid_0_reg/D
  -------------------------------------------------------------------    -------------------

                         (clock host_clk_i rise edge)
                                                     25.000    25.000 r  
    H16                                               0.000    25.000 r  clk (IN)
                         net (fo=0)                   0.000    25.000    clk
    H16                  IBUF (Prop_ibuf_I_O)         1.380    26.380 r  ibufg_gclk/O
                         net (fo=1, routed)           1.162    27.542    gclk_i
    MMCME2_ADV_X1Y2      MMCME2_ADV (Prop_mmcme2_adv_CLKIN1_CLKOUT0)
                                                      0.083    27.625 r  MMCME2_BASE_inst/CLKOUT0
                         net (fo=1, routed)           2.012    29.637    host_clk_i
    BUFGCTRL_X0Y16       BUFG (Prop_bufg_I_O)         0.091    29.728 r  bufg_host_clk/O
                         net (fo=10873, routed)       1.564    31.293    top/teaching_board_top/target/backend/host_clk
    SLICE_X11Y24         FDRE                                         r  top/teaching_board_top/target/backend/resvValid_0_reg/C
                         clock pessimism              0.553    31.846    
                         clock uncertainty           -0.082    31.764    
    SLICE_X11Y24         FDRE (Setup_fdre_C_D)        0.031    31.795    top/teaching_board_top/target/backend/resvValid_0_reg
  -------------------------------------------------------------------
                         required time                         31.795    
                         arrival time                         -31.355    
  -------------------------------------------------------------------
                         slack                                  0.440    

Slack (MET) :             1.867ns  (required time - arrival time)
  Source:                 top/teaching_board_top/target/harts/bridge/state_reg[2]/C
                            (rising edge-triggered cell FDRE clocked by host_clk_i  {rise@0.000ns fall@12.500ns period=25.000ns})
  Destination:            top/teaching_board_top/target/harts/bridge/applied_reg[0]/R
                            (rising edge-triggered cell FDRE clocked by host_clk_i  {rise@0.000ns fall@12.500ns period=25.000ns})
  Path Group:             host_clk_i
  Path Type:              Setup (Max at Slow Process Corner)
  Requirement:            25.000ns  (host_clk_i rise@25.000ns - host_clk_i rise@0.000ns)
  Data Path Delay:        22.275ns  (logic 5.215ns (23.412%)  route 17.060ns (76.588%))
  Logic Levels:           21  (CARRY4=3 LUT3=3 LUT4=4 LUT5=6 LUT6=5)
  Clock Path Skew:        -0.021ns (DCD - SCD + CPR)
    Destination Clock Delay (DCD):    6.201ns = ( 31.201 - 25.000 ) 
    Source Clock Delay      (SCD):    6.773ns
    Clock Pessimism Removal (CPR):    0.551ns
  Clock Uncertainty:      0.082ns  ((TSJ^2 + DJ^2)^1/2) / 2 + PE
    Total System Jitter     (TSJ):    0.071ns
    Discrete Jitter          (DJ):    0.147ns
    Phase Error              (PE):    0.000ns

    Location             Delay type                Incr(ns)  Path(ns)    Netlist Resource(s)
  -------------------------------------------------------------------    -------------------
                         (clock host_clk_i rise edge)
                                                      0.000     0.000 r  
    H16                                               0.000     0.000 r  clk (IN)
                         net (fo=0)                   0.000     0.000    clk
    H16                  IBUF (Prop_ibuf_I_O)         1.451     1.451 r  ibufg_gclk/O
                         net (fo=1, routed)           1.285     2.736    gclk_i
    MMCME2_ADV_X1Y2      MMCME2_ADV (Prop_mmcme2_adv_CLKIN1_CLKOUT0)
                                                      0.088     2.824 r  MMCME2_BASE_inst/CLKOUT0
                         net (fo=1, routed)           2.206     5.030    host_clk_i
    BUFGCTRL_X0Y16       BUFG (Prop_bufg_I_O)         0.101     5.131 r  bufg_host_clk/O
                         net (fo=10873, routed)       1.642     6.773    top/teaching_board_top/target/harts/bridge/host_clk
    SLICE_X50Y21         FDRE                                         r  top/teaching_board_top/target/harts/bridge/state_reg[2]/C
  -------------------------------------------------------------------    -------------------
    SLICE_X50Y21         FDRE (Prop_fdre_C_Q)         0.518     7.291 r  top/teaching_board_top/target/harts/bridge/state_reg[2]/Q
                         net (fo=14, routed)          0.871     8.162    top/teaching_board_top/target/harts/bridge/state_reg_n_0_[2]
    SLICE_X50Y19         LUT3 (Prop_lut3_I0_O)        0.124     8.286 f  top/teaching_board_top/target/harts/bridge/_T_3233[3]_i_4/O
                         net (fo=12, routed)          2.129    10.415    top/teaching_board_top/target/harts/bridge/state_reg[2]_1
    SLICE_X5Y8           LUT4 (Prop_lut4_I0_O)        0.124    10.539 f  top/teaching_board_top/target/harts/bridge/_T_3233[0]_i_3/O
                         net (fo=1, routed)           0.640    11.179    top/teaching_board_top/target/sbus/system_bus_xbar/_T_3233_reg[0]_3
    SLICE_X5Y8           LUT6 (Prop_lut6_I0_O)        0.124    11.303 f  top/teaching_board_top/target/sbus/system_bus_xbar/_T_3233[0]_i_2/O
                         net (fo=2, routed)           0.674    11.977    top/teaching_board_top/target/rd2serial/_T_3233_reg[0]
    SLICE_X4Y9           LUT5 (Prop_lut5_I4_O)        0.124    12.101 r  top/teaching_board_top/target/rd2serial/_T_3233[0]_i_1/O
                         net (fo=4, routed)           0.681    12.781    top/teaching_board_top/target/sbus/system_bus_xbar/_T_3233_reg[3]_1[0]
    SLICE_X4Y9           LUT3 (Prop_lut3_I2_O)        0.149    12.930 r  top/teaching_board_top/target/sbus/system_bus_xbar/_T_3373_0_i_1/O
                         net (fo=137, routed)         1.117    14.048    top/teaching_board_top/target/sbus/system_bus_xbar/_T_3373_0_reg_0
    SLICE_X12Y10         LUT4 (Prop_lut4_I0_O)        0.381    14.429 r  top/teaching_board_top/target/sbus/system_bus_xbar/resvWord_0[3]_i_2/O
                         net (fo=1, routed)           0.452    14.881    top/teaching_board_top/target/sbus/system_bus_xbar/resvWord_0[3]_i_2_n_0
    SLICE_X12Y10         LUT5 (Prop_lut5_I4_O)        0.328    15.209 r  top/teaching_board_top/target/sbus/system_bus_xbar/resvWord_0[3]_i_1/O
                         net (fo=8, routed)           1.515    16.724    top/teaching_board_top/target/backend/sbus_auto_coupler_to_mbus_nodelay_out_a_bits_address[6]
    SLICE_X2Y25          LUT3 (Prop_lut3_I2_O)        0.150    16.874 r  top/teaching_board_top/target/backend/address[6]_i_1/O
                         net (fo=8, routed)           0.781    17.655    top/teaching_board_top/target/bh/TLBroadcastTracker_1/backend_auto_out_a_bits_address[6]
    SLICE_X2Y28          LUT6 (Prop_lut6_I4_O)        0.328    17.983 r  top/teaching_board_top/target/bh/TLBroadcastTracker_1/value[2]_i_18/O
                         net (fo=1, routed)           0.000    17.983    top/teaching_board_top/target/bh/TLBroadcastTracker_1/value[2]_i_18_n_0
    SLICE_X2Y28          CARRY4 (Prop_carry4_S[0]_CO[3])
                                                      0.513    18.496 r  top/teaching_board_top/target/bh/TLBroadcastTracker_1/value_reg[2]_i_10/CO[3]
                         net (fo=1, routed)           0.000    18.496    top/teaching_board_top/target/bh/TLBroadcastTracker_1/value_reg[2]_i_10_n_0
    SLICE_X2Y29          CARRY4 (Prop_carry4_CI_CO[3])
                                                      0.117    18.613 r  top/teaching_board_top/target/bh/TLBroadcastTracker_1/value_reg[2]_i_8/CO[3]
                         net (fo=1, routed)           0.000    18.613    top/teaching_board_top/target/bh/TLBroadcastTracker_1/value_reg[2]_i_8_n_0
    SLICE_X2Y30          CARRY4 (Prop_carry4_CI_CO[0])
                                                      0.254    18.867 f  top/teaching_board_top/target/bh/TLBroadcastTracker_1/value_reg[2]_i_7/CO[0]
                         net (fo=2, routed)           0.958    19.825    top/teaching_board_top/target/bh/TLBroadcastTracker_2/ram_data_reg_0_7_0_5_i_8__0[1]
    SLICE_X3Y34          LUT4 (Prop_lut4_I1_O)        0.367    20.192 f  top/teaching_board_top/target/bh/TLBroadcastTracker_2/ram_data_reg_0_7_0_5_i_24/O
                         net (fo=3, routed)           0.426    20.618    top/teaching_board_top/target/bh/TLBroadcastTracker_1/ram_data_reg_0_7_0_5_i_2__1
    SLICE_X3Y34          LUT5 (Prop_lut5_I0_O)        0.118    20.736 f  top/teaching_board_top/target/bh/TLBroadcastTracker_1/ram_data_reg_0_7_0_5_i_4__0/O
                         net (fo=2, routed)           0.835    21.571    top/teaching_board_top/target/bh/TLBroadcastTracker_3/o_data/ram_data_reg_0_7_0_5_i_1__2_0
    SLICE_X3Y35          LUT5 (Prop_lut5_I1_O)        0.352    21.923 f  top/teaching_board_top/target/bh/TLBroadcastTracker_3/o_data/ram_data_reg_0_7_0_5_i_2__0/O
                         net (fo=2, routed)           0.458    22.381    top/teaching_board_top/target/bh/TLBroadcastTracker_1/o_data/state[1]_i_7__0_0
    SLICE_X3Y35          LUT4 (Prop_lut4_I2_O)        0.321    22.702 f  top/teaching_board_top/target/bh/TLBroadcastTracker_1/o_data/_T_3217[0]_i_5/O
                         net (fo=10, routed)          1.222    23.924    top/teaching_board_top/target/backend/markQ_0/_T_514_reg[2]_0
    SLICE_X5Y12          LUT5 (Prop_lut5_I3_O)        0.332    24.256 r  top/teaching_board_top/target/backend/markQ_0/_T_3217[0]_i_2/O
                         net (fo=9, routed)           0.729    24.985    top/teaching_board_top/target/sbus/system_bus_xbar/sbus_auto_coupler_to_mbus_nodelay_out_a_ready
    SLICE_X7Y8           LUT6 (Prop_lut6_I3_O)        0.124    25.109 f  top/teaching_board_top/target/sbus/system_bus_xbar/nDrained[0]_i_8/O
                         net (fo=1, routed)           0.733    25.843    top/teaching_board_top/target/sbus/system_bus_xbar/nDrained[0]_i_8_n_0
    SLICE_X12Y8          LUT6 (Prop_lut6_I5_O)        0.124    25.967 r  top/teaching_board_top/target/sbus/system_bus_xbar/nDrained[0]_i_3/O
                         net (fo=5, routed)           1.743    27.710    top/teaching_board_top/target/harts/bridge/sbus_auto_coupler_from_port_named_teachingcpu0_passthru_in_a_ready
    SLICE_X50Y19         LUT6 (Prop_lut6_I0_O)        0.124    27.834 r  top/teaching_board_top/target/harts/bridge/applied[7]_i_4/O
                         net (fo=3, routed)           0.450    28.284    top/teaching_board_top/target/harts/bridge/applied[7]_i_4_n_0
    SLICE_X50Y18         LUT5 (Prop_lut5_I0_O)        0.119    28.403 r  top/teaching_board_top/target/harts/bridge/applied[7]_i_1/O
                         net (fo=8, routed)           0.645    29.048    top/teaching_board_top/target/harts/bridge/applied[7]_i_1_n_0
    SLICE_X50Y18         FDRE                                         r  top/teaching_board_top/target/harts/bridge/applied_reg[0]/R
  -------------------------------------------------------------------    -------------------

                         (clock host_clk_i rise edge)
                                                     25.000    25.000 r  
    H16                                               0.000    25.000 r  clk (IN)
                         net (fo=0)                   0.000    25.000    clk
    H16                  IBUF (Prop_ibuf_I_O)         1.380    26.380 r  ibufg_gclk/O
                         net (fo=1, routed)           1.162    27.542    gclk_i
    MMCME2_ADV_X1Y2      MMCME2_ADV (Prop_mmcme2_adv_CLKIN1_CLKOUT0)
                                                      0.083    27.625 r  MMCME2_BASE_inst/CLKOUT0
                         net (fo=1, routed)           2.012    29.637    host_clk_i
    BUFGCTRL_X0Y16       BUFG (Prop_bufg_I_O)         0.091    29.728 r  bufg_host_clk/O
                         net (fo=10873, routed)       1.472    31.201    top/teaching_board_top/target/harts/bridge/host_clk
    SLICE_X50Y18         FDRE                                         r  top/teaching_board_top/target/harts/bridge/applied_reg[0]/C
                         clock pessimism              0.551    31.752    
                         clock uncertainty           -0.082    31.670    
    SLICE_X50Y18         FDRE (Setup_fdre_C_R)       -0.755    30.915    top/teaching_board_top/target/harts/bridge/applied_reg[0]
  -------------------------------------------------------------------
                         required time                         30.915    
                         arrival time                         -29.048    
  -------------------------------------------------------------------
                         slack                                  1.867    

Slack (MET) :             1.867ns  (required time - arrival time)
  Source:                 top/teaching_board_top/target/harts/bridge/state_reg[2]/C
                            (rising edge-triggered cell FDRE clocked by host_clk_i  {rise@0.000ns fall@12.500ns period=25.000ns})
  Destination:            top/teaching_board_top/target/harts/bridge/applied_reg[1]/R
                            (rising edge-triggered cell FDRE clocked by host_clk_i  {rise@0.000ns fall@12.500ns period=25.000ns})
  Path Group:             host_clk_i
  Path Type:              Setup (Max at Slow Process Corner)
  Requirement:            25.000ns  (host_clk_i rise@25.000ns - host_clk_i rise@0.000ns)
  Data Path Delay:        22.275ns  (logic 5.215ns (23.412%)  route 17.060ns (76.588%))
  Logic Levels:           21  (CARRY4=3 LUT3=3 LUT4=4 LUT5=6 LUT6=5)
  Clock Path Skew:        -0.021ns (DCD - SCD + CPR)
    Destination Clock Delay (DCD):    6.201ns = ( 31.201 - 25.000 ) 
    Source Clock Delay      (SCD):    6.773ns
    Clock Pessimism Removal (CPR):    0.551ns
  Clock Uncertainty:      0.082ns  ((TSJ^2 + DJ^2)^1/2) / 2 + PE
    Total System Jitter     (TSJ):    0.071ns
    Discrete Jitter          (DJ):    0.147ns
    Phase Error              (PE):    0.000ns

    Location             Delay type                Incr(ns)  Path(ns)    Netlist Resource(s)
  -------------------------------------------------------------------    -------------------
                         (clock host_clk_i rise edge)
                                                      0.000     0.000 r  
    H16                                               0.000     0.000 r  clk (IN)
                         net (fo=0)                   0.000     0.000    clk
    H16                  IBUF (Prop_ibuf_I_O)         1.451     1.451 r  ibufg_gclk/O
                         net (fo=1, routed)           1.285     2.736    gclk_i
    MMCME2_ADV_X1Y2      MMCME2_ADV (Prop_mmcme2_adv_CLKIN1_CLKOUT0)
                                                      0.088     2.824 r  MMCME2_BASE_inst/CLKOUT0
                         net (fo=1, routed)           2.206     5.030    host_clk_i
    BUFGCTRL_X0Y16       BUFG (Prop_bufg_I_O)         0.101     5.131 r  bufg_host_clk/O
                         net (fo=10873, routed)       1.642     6.773    top/teaching_board_top/target/harts/bridge/host_clk
    SLICE_X50Y21         FDRE                                         r  top/teaching_board_top/target/harts/bridge/state_reg[2]/C
  -------------------------------------------------------------------    -------------------
    SLICE_X50Y21         FDRE (Prop_fdre_C_Q)         0.518     7.291 r  top/teaching_board_top/target/harts/bridge/state_reg[2]/Q
                         net (fo=14, routed)          0.871     8.162    top/teaching_board_top/target/harts/bridge/state_reg_n_0_[2]
    SLICE_X50Y19         LUT3 (Prop_lut3_I0_O)        0.124     8.286 f  top/teaching_board_top/target/harts/bridge/_T_3233[3]_i_4/O
                         net (fo=12, routed)          2.129    10.415    top/teaching_board_top/target/harts/bridge/state_reg[2]_1
    SLICE_X5Y8           LUT4 (Prop_lut4_I0_O)        0.124    10.539 f  top/teaching_board_top/target/harts/bridge/_T_3233[0]_i_3/O
                         net (fo=1, routed)           0.640    11.179    top/teaching_board_top/target/sbus/system_bus_xbar/_T_3233_reg[0]_3
    SLICE_X5Y8           LUT6 (Prop_lut6_I0_O)        0.124    11.303 f  top/teaching_board_top/target/sbus/system_bus_xbar/_T_3233[0]_i_2/O
                         net (fo=2, routed)           0.674    11.977    top/teaching_board_top/target/rd2serial/_T_3233_reg[0]
    SLICE_X4Y9           LUT5 (Prop_lut5_I4_O)        0.124    12.101 r  top/teaching_board_top/target/rd2serial/_T_3233[0]_i_1/O
                         net (fo=4, routed)           0.681    12.781    top/teaching_board_top/target/sbus/system_bus_xbar/_T_3233_reg[3]_1[0]
    SLICE_X4Y9           LUT3 (Prop_lut3_I2_O)        0.149    12.930 r  top/teaching_board_top/target/sbus/system_bus_xbar/_T_3373_0_i_1/O
                         net (fo=137, routed)         1.117    14.048    top/teaching_board_top/target/sbus/system_bus_xbar/_T_3373_0_reg_0
    SLICE_X12Y10         LUT4 (Prop_lut4_I0_O)        0.381    14.429 r  top/teaching_board_top/target/sbus/system_bus_xbar/resvWord_0[3]_i_2/O
                         net (fo=1, routed)           0.452    14.881    top/teaching_board_top/target/sbus/system_bus_xbar/resvWord_0[3]_i_2_n_0
    SLICE_X12Y10         LUT5 (Prop_lut5_I4_O)        0.328    15.209 r  top/teaching_board_top/target/sbus/system_bus_xbar/resvWord_0[3]_i_1/O
                         net (fo=8, routed)           1.515    16.724    top/teaching_board_top/target/backend/sbus_auto_coupler_to_mbus_nodelay_out_a_bits_address[6]
    SLICE_X2Y25          LUT3 (Prop_lut3_I2_O)        0.150    16.874 r  top/teaching_board_top/target/backend/address[6]_i_1/O
                         net (fo=8, routed)           0.781    17.655    top/teaching_board_top/target/bh/TLBroadcastTracker_1/backend_auto_out_a_bits_address[6]
    SLICE_X2Y28          LUT6 (Prop_lut6_I4_O)        0.328    17.983 r  top/teaching_board_top/target/bh/TLBroadcastTracker_1/value[2]_i_18/O
                         net (fo=1, routed)           0.000    17.983    top/teaching_board_top/target/bh/TLBroadcastTracker_1/value[2]_i_18_n_0
    SLICE_X2Y28          CARRY4 (Prop_carry4_S[0]_CO[3])
                                                      0.513    18.496 r  top/teaching_board_top/target/bh/TLBroadcastTracker_1/value_reg[2]_i_10/CO[3]
                         net (fo=1, routed)           0.000    18.496    top/teaching_board_top/target/bh/TLBroadcastTracker_1/value_reg[2]_i_10_n_0
    SLICE_X2Y29          CARRY4 (Prop_carry4_CI_CO[3])
                                                      0.117    18.613 r  top/teaching_board_top/target/bh/TLBroadcastTracker_1/value_reg[2]_i_8/CO[3]
                         net (fo=1, routed)           0.000    18.613    top/teaching_board_top/target/bh/TLBroadcastTracker_1/value_reg[2]_i_8_n_0
    SLICE_X2Y30          CARRY4 (Prop_carry4_CI_CO[0])
                                                      0.254    18.867 f  top/teaching_board_top/target/bh/TLBroadcastTracker_1/value_reg[2]_i_7/CO[0]
                         net (fo=2, routed)           0.958    19.825    top/teaching_board_top/target/bh/TLBroadcastTracker_2/ram_data_reg_0_7_0_5_i_8__0[1]
    SLICE_X3Y34          LUT4 (Prop_lut4_I1_O)        0.367    20.192 f  top/teaching_board_top/target/bh/TLBroadcastTracker_2/ram_data_reg_0_7_0_5_i_24/O
                         net (fo=3, routed)           0.426    20.618    top/teaching_board_top/target/bh/TLBroadcastTracker_1/ram_data_reg_0_7_0_5_i_2__1
    SLICE_X3Y34          LUT5 (Prop_lut5_I0_O)        0.118    20.736 f  top/teaching_board_top/target/bh/TLBroadcastTracker_1/ram_data_reg_0_7_0_5_i_4__0/O
                         net (fo=2, routed)           0.835    21.571    top/teaching_board_top/target/bh/TLBroadcastTracker_3/o_data/ram_data_reg_0_7_0_5_i_1__2_0
    SLICE_X3Y35          LUT5 (Prop_lut5_I1_O)        0.352    21.923 f  top/teaching_board_top/target/bh/TLBroadcastTracker_3/o_data/ram_data_reg_0_7_0_5_i_2__0/O
                         net (fo=2, routed)           0.458    22.381    top/teaching_board_top/target/bh/TLBroadcastTracker_1/o_data/state[1]_i_7__0_0
    SLICE_X3Y35          LUT4 (Prop_lut4_I2_O)        0.321    22.702 f  top/teaching_board_top/target/bh/TLBroadcastTracker_1/o_data/_T_3217[0]_i_5/O
                         net (fo=10, routed)          1.222    23.924    top/teaching_board_top/target/backend/markQ_0/_T_514_reg[2]_0
    SLICE_X5Y12          LUT5 (Prop_lut5_I3_O)        0.332    24.256 r  top/teaching_board_top/target/backend/markQ_0/_T_3217[0]_i_2/O
                         net (fo=9, routed)           0.729    24.985    top/teaching_board_top/target/sbus/system_bus_xbar/sbus_auto_coupler_to_mbus_nodelay_out_a_ready
    SLICE_X7Y8           LUT6 (Prop_lut6_I3_O)        0.124    25.109 f  top/teaching_board_top/target/sbus/system_bus_xbar/nDrained[0]_i_8/O
                         net (fo=1, routed)           0.733    25.843    top/teaching_board_top/target/sbus/system_bus_xbar/nDrained[0]_i_8_n_0
    SLICE_X12Y8          LUT6 (Prop_lut6_I5_O)        0.124    25.967 r  top/teaching_board_top/target/sbus/system_bus_xbar/nDrained[0]_i_3/O
                         net (fo=5, routed)           1.743    27.710    top/teaching_board_top/target/harts/bridge/sbus_auto_coupler_from_port_named_teachingcpu0_passthru_in_a_ready
    SLICE_X50Y19         LUT6 (Prop_lut6_I0_O)        0.124    27.834 r  top/teaching_board_top/target/harts/bridge/applied[7]_i_4/O
                         net (fo=3, routed)           0.450    28.284    top/teaching_board_top/target/harts/bridge/applied[7]_i_4_n_0
    SLICE_X50Y18         LUT5 (Prop_lut5_I0_O)        0.119    28.403 r  top/teaching_board_top/target/harts/bridge/applied[7]_i_1/O
                         net (fo=8, routed)           0.645    29.048    top/teaching_board_top/target/harts/bridge/applied[7]_i_1_n_0
    SLICE_X50Y18         FDRE                                         r  top/teaching_board_top/target/harts/bridge/applied_reg[1]/R
  -------------------------------------------------------------------    -------------------

                         (clock host_clk_i rise edge)
                                                     25.000    25.000 r  
    H16                                               0.000    25.000 r  clk (IN)
                         net (fo=0)                   0.000    25.000    clk
    H16                  IBUF (Prop_ibuf_I_O)         1.380    26.380 r  ibufg_gclk/O
                         net (fo=1, routed)           1.162    27.542    gclk_i
    MMCME2_ADV_X1Y2      MMCME2_ADV (Prop_mmcme2_adv_CLKIN1_CLKOUT0)
                                                      0.083    27.625 r  MMCME2_BASE_inst/CLKOUT0
                         net (fo=1, routed)           2.012    29.637    host_clk_i
    BUFGCTRL_X0Y16       BUFG (Prop_bufg_I_O)         0.091    29.728 r  bufg_host_clk/O
                         net (fo=10873, routed)       1.472    31.201    top/teaching_board_top/target/harts/bridge/host_clk
    SLICE_X50Y18         FDRE                                         r  top/teaching_board_top/target/harts/bridge/applied_reg[1]/C
                         clock pessimism              0.551    31.752    
                         clock uncertainty           -0.082    31.670    
    SLICE_X50Y18         FDRE (Setup_fdre_C_R)       -0.755    30.915    top/teaching_board_top/target/harts/bridge/applied_reg[1]
  -------------------------------------------------------------------
                         required time                         30.915    
                         arrival time                         -29.048    
  -------------------------------------------------------------------
                         slack                                  1.867    

Slack (MET) :             1.867ns  (required time - arrival time)
  Source:                 top/teaching_board_top/target/harts/bridge/state_reg[2]/C
                            (rising edge-triggered cell FDRE clocked by host_clk_i  {rise@0.000ns fall@12.500ns period=25.000ns})
  Destination:            top/teaching_board_top/target/harts/bridge/applied_reg[4]/R
                            (rising edge-triggered cell FDRE clocked by host_clk_i  {rise@0.000ns fall@12.500ns period=25.000ns})
  Path Group:             host_clk_i
  Path Type:              Setup (Max at Slow Process Corner)
  Requirement:            25.000ns  (host_clk_i rise@25.000ns - host_clk_i rise@0.000ns)
  Data Path Delay:        22.275ns  (logic 5.215ns (23.412%)  route 17.060ns (76.588%))
  Logic Levels:           21  (CARRY4=3 LUT3=3 LUT4=4 LUT5=6 LUT6=5)
  Clock Path Skew:        -0.021ns (DCD - SCD + CPR)
    Destination Clock Delay (DCD):    6.201ns = ( 31.201 - 25.000 ) 
    Source Clock Delay      (SCD):    6.773ns
    Clock Pessimism Removal (CPR):    0.551ns
  Clock Uncertainty:      0.082ns  ((TSJ^2 + DJ^2)^1/2) / 2 + PE
    Total System Jitter     (TSJ):    0.071ns
    Discrete Jitter          (DJ):    0.147ns
    Phase Error              (PE):    0.000ns

    Location             Delay type                Incr(ns)  Path(ns)    Netlist Resource(s)
  -------------------------------------------------------------------    -------------------
                         (clock host_clk_i rise edge)
                                                      0.000     0.000 r  
    H16                                               0.000     0.000 r  clk (IN)
                         net (fo=0)                   0.000     0.000    clk
    H16                  IBUF (Prop_ibuf_I_O)         1.451     1.451 r  ibufg_gclk/O
                         net (fo=1, routed)           1.285     2.736    gclk_i
    MMCME2_ADV_X1Y2      MMCME2_ADV (Prop_mmcme2_adv_CLKIN1_CLKOUT0)
                                                      0.088     2.824 r  MMCME2_BASE_inst/CLKOUT0
                         net (fo=1, routed)           2.206     5.030    host_clk_i
    BUFGCTRL_X0Y16       BUFG (Prop_bufg_I_O)         0.101     5.131 r  bufg_host_clk/O
                         net (fo=10873, routed)       1.642     6.773    top/teaching_board_top/target/harts/bridge/host_clk
    SLICE_X50Y21         FDRE                                         r  top/teaching_board_top/target/harts/bridge/state_reg[2]/C
  -------------------------------------------------------------------    -------------------
    SLICE_X50Y21         FDRE (Prop_fdre_C_Q)         0.518     7.291 r  top/teaching_board_top/target/harts/bridge/state_reg[2]/Q
                         net (fo=14, routed)          0.871     8.162    top/teaching_board_top/target/harts/bridge/state_reg_n_0_[2]
    SLICE_X50Y19         LUT3 (Prop_lut3_I0_O)        0.124     8.286 f  top/teaching_board_top/target/harts/bridge/_T_3233[3]_i_4/O
                         net (fo=12, routed)          2.129    10.415    top/teaching_board_top/target/harts/bridge/state_reg[2]_1
    SLICE_X5Y8           LUT4 (Prop_lut4_I0_O)        0.124    10.539 f  top/teaching_board_top/target/harts/bridge/_T_3233[0]_i_3/O
                         net (fo=1, routed)           0.640    11.179    top/teaching_board_top/target/sbus/system_bus_xbar/_T_3233_reg[0]_3
    SLICE_X5Y8           LUT6 (Prop_lut6_I0_O)        0.124    11.303 f  top/teaching_board_top/target/sbus/system_bus_xbar/_T_3233[0]_i_2/O
                         net (fo=2, routed)           0.674    11.977    top/teaching_board_top/target/rd2serial/_T_3233_reg[0]
    SLICE_X4Y9           LUT5 (Prop_lut5_I4_O)        0.124    12.101 r  top/teaching_board_top/target/rd2serial/_T_3233[0]_i_1/O
                         net (fo=4, routed)           0.681    12.781    top/teaching_board_top/target/sbus/system_bus_xbar/_T_3233_reg[3]_1[0]
    SLICE_X4Y9           LUT3 (Prop_lut3_I2_O)        0.149    12.930 r  top/teaching_board_top/target/sbus/system_bus_xbar/_T_3373_0_i_1/O
                         net (fo=137, routed)         1.117    14.048    top/teaching_board_top/target/sbus/system_bus_xbar/_T_3373_0_reg_0
    SLICE_X12Y10         LUT4 (Prop_lut4_I0_O)        0.381    14.429 r  top/teaching_board_top/target/sbus/system_bus_xbar/resvWord_0[3]_i_2/O
                         net (fo=1, routed)           0.452    14.881    top/teaching_board_top/target/sbus/system_bus_xbar/resvWord_0[3]_i_2_n_0
    SLICE_X12Y10         LUT5 (Prop_lut5_I4_O)        0.328    15.209 r  top/teaching_board_top/target/sbus/system_bus_xbar/resvWord_0[3]_i_1/O
                         net (fo=8, routed)           1.515    16.724    top/teaching_board_top/target/backend/sbus_auto_coupler_to_mbus_nodelay_out_a_bits_address[6]
    SLICE_X2Y25          LUT3 (Prop_lut3_I2_O)        0.150    16.874 r  top/teaching_board_top/target/backend/address[6]_i_1/O
                         net (fo=8, routed)           0.781    17.655    top/teaching_board_top/target/bh/TLBroadcastTracker_1/backend_auto_out_a_bits_address[6]
    SLICE_X2Y28          LUT6 (Prop_lut6_I4_O)        0.328    17.983 r  top/teaching_board_top/target/bh/TLBroadcastTracker_1/value[2]_i_18/O
                         net (fo=1, routed)           0.000    17.983    top/teaching_board_top/target/bh/TLBroadcastTracker_1/value[2]_i_18_n_0
    SLICE_X2Y28          CARRY4 (Prop_carry4_S[0]_CO[3])
                                                      0.513    18.496 r  top/teaching_board_top/target/bh/TLBroadcastTracker_1/value_reg[2]_i_10/CO[3]
                         net (fo=1, routed)           0.000    18.496    top/teaching_board_top/target/bh/TLBroadcastTracker_1/value_reg[2]_i_10_n_0
    SLICE_X2Y29          CARRY4 (Prop_carry4_CI_CO[3])
                                                      0.117    18.613 r  top/teaching_board_top/target/bh/TLBroadcastTracker_1/value_reg[2]_i_8/CO[3]
                         net (fo=1, routed)           0.000    18.613    top/teaching_board_top/target/bh/TLBroadcastTracker_1/value_reg[2]_i_8_n_0
    SLICE_X2Y30          CARRY4 (Prop_carry4_CI_CO[0])
                                                      0.254    18.867 f  top/teaching_board_top/target/bh/TLBroadcastTracker_1/value_reg[2]_i_7/CO[0]
                         net (fo=2, routed)           0.958    19.825    top/teaching_board_top/target/bh/TLBroadcastTracker_2/ram_data_reg_0_7_0_5_i_8__0[1]
    SLICE_X3Y34          LUT4 (Prop_lut4_I1_O)        0.367    20.192 f  top/teaching_board_top/target/bh/TLBroadcastTracker_2/ram_data_reg_0_7_0_5_i_24/O
                         net (fo=3, routed)           0.426    20.618    top/teaching_board_top/target/bh/TLBroadcastTracker_1/ram_data_reg_0_7_0_5_i_2__1
    SLICE_X3Y34          LUT5 (Prop_lut5_I0_O)        0.118    20.736 f  top/teaching_board_top/target/bh/TLBroadcastTracker_1/ram_data_reg_0_7_0_5_i_4__0/O
                         net (fo=2, routed)           0.835    21.571    top/teaching_board_top/target/bh/TLBroadcastTracker_3/o_data/ram_data_reg_0_7_0_5_i_1__2_0
    SLICE_X3Y35          LUT5 (Prop_lut5_I1_O)        0.352    21.923 f  top/teaching_board_top/target/bh/TLBroadcastTracker_3/o_data/ram_data_reg_0_7_0_5_i_2__0/O
                         net (fo=2, routed)           0.458    22.381    top/teaching_board_top/target/bh/TLBroadcastTracker_1/o_data/state[1]_i_7__0_0
    SLICE_X3Y35          LUT4 (Prop_lut4_I2_O)        0.321    22.702 f  top/teaching_board_top/target/bh/TLBroadcastTracker_1/o_data/_T_3217[0]_i_5/O
                         net (fo=10, routed)          1.222    23.924    top/teaching_board_top/target/backend/markQ_0/_T_514_reg[2]_0
    SLICE_X5Y12          LUT5 (Prop_lut5_I3_O)        0.332    24.256 r  top/teaching_board_top/target/backend/markQ_0/_T_3217[0]_i_2/O
                         net (fo=9, routed)           0.729    24.985    top/teaching_board_top/target/sbus/system_bus_xbar/sbus_auto_coupler_to_mbus_nodelay_out_a_ready
    SLICE_X7Y8           LUT6 (Prop_lut6_I3_O)        0.124    25.109 f  top/teaching_board_top/target/sbus/system_bus_xbar/nDrained[0]_i_8/O
                         net (fo=1, routed)           0.733    25.843    top/teaching_board_top/target/sbus/system_bus_xbar/nDrained[0]_i_8_n_0
    SLICE_X12Y8          LUT6 (Prop_lut6_I5_O)        0.124    25.967 r  top/teaching_board_top/target/sbus/system_bus_xbar/nDrained[0]_i_3/O
                         net (fo=5, routed)           1.743    27.710    top/teaching_board_top/target/harts/bridge/sbus_auto_coupler_from_port_named_teachingcpu0_passthru_in_a_ready
    SLICE_X50Y19         LUT6 (Prop_lut6_I0_O)        0.124    27.834 r  top/teaching_board_top/target/harts/bridge/applied[7]_i_4/O
                         net (fo=3, routed)           0.450    28.284    top/teaching_board_top/target/harts/bridge/applied[7]_i_4_n_0
    SLICE_X50Y18         LUT5 (Prop_lut5_I0_O)        0.119    28.403 r  top/teaching_board_top/target/harts/bridge/applied[7]_i_1/O
                         net (fo=8, routed)           0.645    29.048    top/teaching_board_top/target/harts/bridge/applied[7]_i_1_n_0
    SLICE_X50Y18         FDRE                                         r  top/teaching_board_top/target/harts/bridge/applied_reg[4]/R
  -------------------------------------------------------------------    -------------------

                         (clock host_clk_i rise edge)
                                                     25.000    25.000 r  
    H16                                               0.000    25.000 r  clk (IN)
                         net (fo=0)                   0.000    25.000    clk
    H16                  IBUF (Prop_ibuf_I_O)         1.380    26.380 r  ibufg_gclk/O
                         net (fo=1, routed)           1.162    27.542    gclk_i
    MMCME2_ADV_X1Y2      MMCME2_ADV (Prop_mmcme2_adv_CLKIN1_CLKOUT0)
                                                      0.083    27.625 r  MMCME2_BASE_inst/CLKOUT0
                         net (fo=1, routed)           2.012    29.637    host_clk_i
    BUFGCTRL_X0Y16       BUFG (Prop_bufg_I_O)         0.091    29.728 r  bufg_host_clk/O
                         net (fo=10873, routed)       1.472    31.201    top/teaching_board_top/target/harts/bridge/host_clk
    SLICE_X50Y18         FDRE                                         r  top/teaching_board_top/target/harts/bridge/applied_reg[4]/C
                         clock pessimism              0.551    31.752    
                         clock uncertainty           -0.082    31.670    
    SLICE_X50Y18         FDRE (Setup_fdre_C_R)       -0.755    30.915    top/teaching_board_top/target/harts/bridge/applied_reg[4]
  -------------------------------------------------------------------
                         required time                         30.915    
                         arrival time                         -29.048    
  -------------------------------------------------------------------
                         slack                                  1.867    

Slack (MET) :             1.867ns  (required time - arrival time)
  Source:                 top/teaching_board_top/target/harts/bridge/state_reg[2]/C
                            (rising edge-triggered cell FDRE clocked by host_clk_i  {rise@0.000ns fall@12.500ns period=25.000ns})
  Destination:            top/teaching_board_top/target/harts/bridge/applied_reg[6]/R
                            (rising edge-triggered cell FDRE clocked by host_clk_i  {rise@0.000ns fall@12.500ns period=25.000ns})
  Path Group:             host_clk_i
  Path Type:              Setup (Max at Slow Process Corner)
  Requirement:            25.000ns  (host_clk_i rise@25.000ns - host_clk_i rise@0.000ns)
  Data Path Delay:        22.275ns  (logic 5.215ns (23.412%)  route 17.060ns (76.588%))
  Logic Levels:           21  (CARRY4=3 LUT3=3 LUT4=4 LUT5=6 LUT6=5)
  Clock Path Skew:        -0.021ns (DCD - SCD + CPR)
    Destination Clock Delay (DCD):    6.201ns = ( 31.201 - 25.000 ) 
    Source Clock Delay      (SCD):    6.773ns
    Clock Pessimism Removal (CPR):    0.551ns
  Clock Uncertainty:      0.082ns  ((TSJ^2 + DJ^2)^1/2) / 2 + PE
    Total System Jitter     (TSJ):    0.071ns
    Discrete Jitter          (DJ):    0.147ns
    Phase Error              (PE):    0.000ns

    Location             Delay type                Incr(ns)  Path(ns)    Netlist Resource(s)
  -------------------------------------------------------------------    -------------------
                         (clock host_clk_i rise edge)
                                                      0.000     0.000 r  
    H16                                               0.000     0.000 r  clk (IN)
                         net (fo=0)                   0.000     0.000    clk
    H16                  IBUF (Prop_ibuf_I_O)         1.451     1.451 r  ibufg_gclk/O
                         net (fo=1, routed)           1.285     2.736    gclk_i
    MMCME2_ADV_X1Y2      MMCME2_ADV (Prop_mmcme2_adv_CLKIN1_CLKOUT0)
                                                      0.088     2.824 r  MMCME2_BASE_inst/CLKOUT0
                         net (fo=1, routed)           2.206     5.030    host_clk_i
    BUFGCTRL_X0Y16       BUFG (Prop_bufg_I_O)         0.101     5.131 r  bufg_host_clk/O
                         net (fo=10873, routed)       1.642     6.773    top/teaching_board_top/target/harts/bridge/host_clk
    SLICE_X50Y21         FDRE                                         r  top/teaching_board_top/target/harts/bridge/state_reg[2]/C
  -------------------------------------------------------------------    -------------------
    SLICE_X50Y21         FDRE (Prop_fdre_C_Q)         0.518     7.291 r  top/teaching_board_top/target/harts/bridge/state_reg[2]/Q
                         net (fo=14, routed)          0.871     8.162    top/teaching_board_top/target/harts/bridge/state_reg_n_0_[2]
    SLICE_X50Y19         LUT3 (Prop_lut3_I0_O)        0.124     8.286 f  top/teaching_board_top/target/harts/bridge/_T_3233[3]_i_4/O
                         net (fo=12, routed)          2.129    10.415    top/teaching_board_top/target/harts/bridge/state_reg[2]_1
    SLICE_X5Y8           LUT4 (Prop_lut4_I0_O)        0.124    10.539 f  top/teaching_board_top/target/harts/bridge/_T_3233[0]_i_3/O
                         net (fo=1, routed)           0.640    11.179    top/teaching_board_top/target/sbus/system_bus_xbar/_T_3233_reg[0]_3
    SLICE_X5Y8           LUT6 (Prop_lut6_I0_O)        0.124    11.303 f  top/teaching_board_top/target/sbus/system_bus_xbar/_T_3233[0]_i_2/O
                         net (fo=2, routed)           0.674    11.977    top/teaching_board_top/target/rd2serial/_T_3233_reg[0]
    SLICE_X4Y9           LUT5 (Prop_lut5_I4_O)        0.124    12.101 r  top/teaching_board_top/target/rd2serial/_T_3233[0]_i_1/O
                         net (fo=4, routed)           0.681    12.781    top/teaching_board_top/target/sbus/system_bus_xbar/_T_3233_reg[3]_1[0]
    SLICE_X4Y9           LUT3 (Prop_lut3_I2_O)        0.149    12.930 r  top/teaching_board_top/target/sbus/system_bus_xbar/_T_3373_0_i_1/O
                         net (fo=137, routed)         1.117    14.048    top/teaching_board_top/target/sbus/system_bus_xbar/_T_3373_0_reg_0
    SLICE_X12Y10         LUT4 (Prop_lut4_I0_O)        0.381    14.429 r  top/teaching_board_top/target/sbus/system_bus_xbar/resvWord_0[3]_i_2/O
                         net (fo=1, routed)           0.452    14.881    top/teaching_board_top/target/sbus/system_bus_xbar/resvWord_0[3]_i_2_n_0
    SLICE_X12Y10         LUT5 (Prop_lut5_I4_O)        0.328    15.209 r  top/teaching_board_top/target/sbus/system_bus_xbar/resvWord_0[3]_i_1/O
                         net (fo=8, routed)           1.515    16.724    top/teaching_board_top/target/backend/sbus_auto_coupler_to_mbus_nodelay_out_a_bits_address[6]
    SLICE_X2Y25          LUT3 (Prop_lut3_I2_O)        0.150    16.874 r  top/teaching_board_top/target/backend/address[6]_i_1/O
                         net (fo=8, routed)           0.781    17.655    top/teaching_board_top/target/bh/TLBroadcastTracker_1/backend_auto_out_a_bits_address[6]
    SLICE_X2Y28          LUT6 (Prop_lut6_I4_O)        0.328    17.983 r  top/teaching_board_top/target/bh/TLBroadcastTracker_1/value[2]_i_18/O
                         net (fo=1, routed)           0.000    17.983    top/teaching_board_top/target/bh/TLBroadcastTracker_1/value[2]_i_18_n_0
    SLICE_X2Y28          CARRY4 (Prop_carry4_S[0]_CO[3])
                                                      0.513    18.496 r  top/teaching_board_top/target/bh/TLBroadcastTracker_1/value_reg[2]_i_10/CO[3]
                         net (fo=1, routed)           0.000    18.496    top/teaching_board_top/target/bh/TLBroadcastTracker_1/value_reg[2]_i_10_n_0
    SLICE_X2Y29          CARRY4 (Prop_carry4_CI_CO[3])
                                                      0.117    18.613 r  top/teaching_board_top/target/bh/TLBroadcastTracker_1/value_reg[2]_i_8/CO[3]
                         net (fo=1, routed)           0.000    18.613    top/teaching_board_top/target/bh/TLBroadcastTracker_1/value_reg[2]_i_8_n_0
    SLICE_X2Y30          CARRY4 (Prop_carry4_CI_CO[0])
                                                      0.254    18.867 f  top/teaching_board_top/target/bh/TLBroadcastTracker_1/value_reg[2]_i_7/CO[0]
                         net (fo=2, routed)           0.958    19.825    top/teaching_board_top/target/bh/TLBroadcastTracker_2/ram_data_reg_0_7_0_5_i_8__0[1]
    SLICE_X3Y34          LUT4 (Prop_lut4_I1_O)        0.367    20.192 f  top/teaching_board_top/target/bh/TLBroadcastTracker_2/ram_data_reg_0_7_0_5_i_24/O
                         net (fo=3, routed)           0.426    20.618    top/teaching_board_top/target/bh/TLBroadcastTracker_1/ram_data_reg_0_7_0_5_i_2__1
    SLICE_X3Y34          LUT5 (Prop_lut5_I0_O)        0.118    20.736 f  top/teaching_board_top/target/bh/TLBroadcastTracker_1/ram_data_reg_0_7_0_5_i_4__0/O
                         net (fo=2, routed)           0.835    21.571    top/teaching_board_top/target/bh/TLBroadcastTracker_3/o_data/ram_data_reg_0_7_0_5_i_1__2_0
    SLICE_X3Y35          LUT5 (Prop_lut5_I1_O)        0.352    21.923 f  top/teaching_board_top/target/bh/TLBroadcastTracker_3/o_data/ram_data_reg_0_7_0_5_i_2__0/O
                         net (fo=2, routed)           0.458    22.381    top/teaching_board_top/target/bh/TLBroadcastTracker_1/o_data/state[1]_i_7__0_0
    SLICE_X3Y35          LUT4 (Prop_lut4_I2_O)        0.321    22.702 f  top/teaching_board_top/target/bh/TLBroadcastTracker_1/o_data/_T_3217[0]_i_5/O
                         net (fo=10, routed)          1.222    23.924    top/teaching_board_top/target/backend/markQ_0/_T_514_reg[2]_0
    SLICE_X5Y12          LUT5 (Prop_lut5_I3_O)        0.332    24.256 r  top/teaching_board_top/target/backend/markQ_0/_T_3217[0]_i_2/O
                         net (fo=9, routed)           0.729    24.985    top/teaching_board_top/target/sbus/system_bus_xbar/sbus_auto_coupler_to_mbus_nodelay_out_a_ready
    SLICE_X7Y8           LUT6 (Prop_lut6_I3_O)        0.124    25.109 f  top/teaching_board_top/target/sbus/system_bus_xbar/nDrained[0]_i_8/O
                         net (fo=1, routed)           0.733    25.843    top/teaching_board_top/target/sbus/system_bus_xbar/nDrained[0]_i_8_n_0
    SLICE_X12Y8          LUT6 (Prop_lut6_I5_O)        0.124    25.967 r  top/teaching_board_top/target/sbus/system_bus_xbar/nDrained[0]_i_3/O
                         net (fo=5, routed)           1.743    27.710    top/teaching_board_top/target/harts/bridge/sbus_auto_coupler_from_port_named_teachingcpu0_passthru_in_a_ready
    SLICE_X50Y19         LUT6 (Prop_lut6_I0_O)        0.124    27.834 r  top/teaching_board_top/target/harts/bridge/applied[7]_i_4/O
                         net (fo=3, routed)           0.450    28.284    top/teaching_board_top/target/harts/bridge/applied[7]_i_4_n_0
    SLICE_X50Y18         LUT5 (Prop_lut5_I0_O)        0.119    28.403 r  top/teaching_board_top/target/harts/bridge/applied[7]_i_1/O
                         net (fo=8, routed)           0.645    29.048    top/teaching_board_top/target/harts/bridge/applied[7]_i_1_n_0
    SLICE_X50Y18         FDRE                                         r  top/teaching_board_top/target/harts/bridge/applied_reg[6]/R
  -------------------------------------------------------------------    -------------------

                         (clock host_clk_i rise edge)
                                                     25.000    25.000 r  
    H16                                               0.000    25.000 r  clk (IN)
                         net (fo=0)                   0.000    25.000    clk
    H16                  IBUF (Prop_ibuf_I_O)         1.380    26.380 r  ibufg_gclk/O
                         net (fo=1, routed)           1.162    27.542    gclk_i
    MMCME2_ADV_X1Y2      MMCME2_ADV (Prop_mmcme2_adv_CLKIN1_CLKOUT0)
                                                      0.083    27.625 r  MMCME2_BASE_inst/CLKOUT0
                         net (fo=1, routed)           2.012    29.637    host_clk_i
    BUFGCTRL_X0Y16       BUFG (Prop_bufg_I_O)         0.091    29.728 r  bufg_host_clk/O
                         net (fo=10873, routed)       1.472    31.201    top/teaching_board_top/target/harts/bridge/host_clk
    SLICE_X50Y18         FDRE                                         r  top/teaching_board_top/target/harts/bridge/applied_reg[6]/C
                         clock pessimism              0.551    31.752    
                         clock uncertainty           -0.082    31.670    
    SLICE_X50Y18         FDRE (Setup_fdre_C_R)       -0.755    30.915    top/teaching_board_top/target/harts/bridge/applied_reg[6]
  -------------------------------------------------------------------
                         required time                         30.915    
                         arrival time                         -29.048    
  -------------------------------------------------------------------
                         slack                                  1.867    

Slack (MET) :             1.867ns  (required time - arrival time)
  Source:                 top/teaching_board_top/target/harts/bridge/state_reg[2]/C
                            (rising edge-triggered cell FDRE clocked by host_clk_i  {rise@0.000ns fall@12.500ns period=25.000ns})
  Destination:            top/teaching_board_top/target/harts/bridge/applied_reg[7]/R
                            (rising edge-triggered cell FDRE clocked by host_clk_i  {rise@0.000ns fall@12.500ns period=25.000ns})
  Path Group:             host_clk_i
  Path Type:              Setup (Max at Slow Process Corner)
  Requirement:            25.000ns  (host_clk_i rise@25.000ns - host_clk_i rise@0.000ns)
  Data Path Delay:        22.275ns  (logic 5.215ns (23.412%)  route 17.060ns (76.588%))
  Logic Levels:           21  (CARRY4=3 LUT3=3 LUT4=4 LUT5=6 LUT6=5)
  Clock Path Skew:        -0.021ns (DCD - SCD + CPR)
    Destination Clock Delay (DCD):    6.201ns = ( 31.201 - 25.000 ) 
    Source Clock Delay      (SCD):    6.773ns
    Clock Pessimism Removal (CPR):    0.551ns
  Clock Uncertainty:      0.082ns  ((TSJ^2 + DJ^2)^1/2) / 2 + PE
    Total System Jitter     (TSJ):    0.071ns
    Discrete Jitter          (DJ):    0.147ns
    Phase Error              (PE):    0.000ns

    Location             Delay type                Incr(ns)  Path(ns)    Netlist Resource(s)
  -------------------------------------------------------------------    -------------------
                         (clock host_clk_i rise edge)
                                                      0.000     0.000 r  
    H16                                               0.000     0.000 r  clk (IN)
                         net (fo=0)                   0.000     0.000    clk
    H16                  IBUF (Prop_ibuf_I_O)         1.451     1.451 r  ibufg_gclk/O
                         net (fo=1, routed)           1.285     2.736    gclk_i
    MMCME2_ADV_X1Y2      MMCME2_ADV (Prop_mmcme2_adv_CLKIN1_CLKOUT0)
                                                      0.088     2.824 r  MMCME2_BASE_inst/CLKOUT0
                         net (fo=1, routed)           2.206     5.030    host_clk_i
    BUFGCTRL_X0Y16       BUFG (Prop_bufg_I_O)         0.101     5.131 r  bufg_host_clk/O
                         net (fo=10873, routed)       1.642     6.773    top/teaching_board_top/target/harts/bridge/host_clk
    SLICE_X50Y21         FDRE                                         r  top/teaching_board_top/target/harts/bridge/state_reg[2]/C
  -------------------------------------------------------------------    -------------------
    SLICE_X50Y21         FDRE (Prop_fdre_C_Q)         0.518     7.291 r  top/teaching_board_top/target/harts/bridge/state_reg[2]/Q
                         net (fo=14, routed)          0.871     8.162    top/teaching_board_top/target/harts/bridge/state_reg_n_0_[2]
    SLICE_X50Y19         LUT3 (Prop_lut3_I0_O)        0.124     8.286 f  top/teaching_board_top/target/harts/bridge/_T_3233[3]_i_4/O
                         net (fo=12, routed)          2.129    10.415    top/teaching_board_top/target/harts/bridge/state_reg[2]_1
    SLICE_X5Y8           LUT4 (Prop_lut4_I0_O)        0.124    10.539 f  top/teaching_board_top/target/harts/bridge/_T_3233[0]_i_3/O
                         net (fo=1, routed)           0.640    11.179    top/teaching_board_top/target/sbus/system_bus_xbar/_T_3233_reg[0]_3
    SLICE_X5Y8           LUT6 (Prop_lut6_I0_O)        0.124    11.303 f  top/teaching_board_top/target/sbus/system_bus_xbar/_T_3233[0]_i_2/O
                         net (fo=2, routed)           0.674    11.977    top/teaching_board_top/target/rd2serial/_T_3233_reg[0]
    SLICE_X4Y9           LUT5 (Prop_lut5_I4_O)        0.124    12.101 r  top/teaching_board_top/target/rd2serial/_T_3233[0]_i_1/O
                         net (fo=4, routed)           0.681    12.781    top/teaching_board_top/target/sbus/system_bus_xbar/_T_3233_reg[3]_1[0]
    SLICE_X4Y9           LUT3 (Prop_lut3_I2_O)        0.149    12.930 r  top/teaching_board_top/target/sbus/system_bus_xbar/_T_3373_0_i_1/O
                         net (fo=137, routed)         1.117    14.048    top/teaching_board_top/target/sbus/system_bus_xbar/_T_3373_0_reg_0
    SLICE_X12Y10         LUT4 (Prop_lut4_I0_O)        0.381    14.429 r  top/teaching_board_top/target/sbus/system_bus_xbar/resvWord_0[3]_i_2/O
                         net (fo=1, routed)           0.452    14.881    top/teaching_board_top/target/sbus/system_bus_xbar/resvWord_0[3]_i_2_n_0
    SLICE_X12Y10         LUT5 (Prop_lut5_I4_O)        0.328    15.209 r  top/teaching_board_top/target/sbus/system_bus_xbar/resvWord_0[3]_i_1/O
                         net (fo=8, routed)           1.515    16.724    top/teaching_board_top/target/backend/sbus_auto_coupler_to_mbus_nodelay_out_a_bits_address[6]
    SLICE_X2Y25          LUT3 (Prop_lut3_I2_O)        0.150    16.874 r  top/teaching_board_top/target/backend/address[6]_i_1/O
                         net (fo=8, routed)           0.781    17.655    top/teaching_board_top/target/bh/TLBroadcastTracker_1/backend_auto_out_a_bits_address[6]
    SLICE_X2Y28          LUT6 (Prop_lut6_I4_O)        0.328    17.983 r  top/teaching_board_top/target/bh/TLBroadcastTracker_1/value[2]_i_18/O
                         net (fo=1, routed)           0.000    17.983    top/teaching_board_top/target/bh/TLBroadcastTracker_1/value[2]_i_18_n_0
    SLICE_X2Y28          CARRY4 (Prop_carry4_S[0]_CO[3])
                                                      0.513    18.496 r  top/teaching_board_top/target/bh/TLBroadcastTracker_1/value_reg[2]_i_10/CO[3]
                         net (fo=1, routed)           0.000    18.496    top/teaching_board_top/target/bh/TLBroadcastTracker_1/value_reg[2]_i_10_n_0
    SLICE_X2Y29          CARRY4 (Prop_carry4_CI_CO[3])
                                                      0.117    18.613 r  top/teaching_board_top/target/bh/TLBroadcastTracker_1/value_reg[2]_i_8/CO[3]
                         net (fo=1, routed)           0.000    18.613    top/teaching_board_top/target/bh/TLBroadcastTracker_1/value_reg[2]_i_8_n_0
    SLICE_X2Y30          CARRY4 (Prop_carry4_CI_CO[0])
                                                      0.254    18.867 f  top/teaching_board_top/target/bh/TLBroadcastTracker_1/value_reg[2]_i_7/CO[0]
                         net (fo=2, routed)           0.958    19.825    top/teaching_board_top/target/bh/TLBroadcastTracker_2/ram_data_reg_0_7_0_5_i_8__0[1]
    SLICE_X3Y34          LUT4 (Prop_lut4_I1_O)        0.367    20.192 f  top/teaching_board_top/target/bh/TLBroadcastTracker_2/ram_data_reg_0_7_0_5_i_24/O
                         net (fo=3, routed)           0.426    20.618    top/teaching_board_top/target/bh/TLBroadcastTracker_1/ram_data_reg_0_7_0_5_i_2__1
    SLICE_X3Y34          LUT5 (Prop_lut5_I0_O)        0.118    20.736 f  top/teaching_board_top/target/bh/TLBroadcastTracker_1/ram_data_reg_0_7_0_5_i_4__0/O
                         net (fo=2, routed)           0.835    21.571    top/teaching_board_top/target/bh/TLBroadcastTracker_3/o_data/ram_data_reg_0_7_0_5_i_1__2_0
    SLICE_X3Y35          LUT5 (Prop_lut5_I1_O)        0.352    21.923 f  top/teaching_board_top/target/bh/TLBroadcastTracker_3/o_data/ram_data_reg_0_7_0_5_i_2__0/O
                         net (fo=2, routed)           0.458    22.381    top/teaching_board_top/target/bh/TLBroadcastTracker_1/o_data/state[1]_i_7__0_0
    SLICE_X3Y35          LUT4 (Prop_lut4_I2_O)        0.321    22.702 f  top/teaching_board_top/target/bh/TLBroadcastTracker_1/o_data/_T_3217[0]_i_5/O
                         net (fo=10, routed)          1.222    23.924    top/teaching_board_top/target/backend/markQ_0/_T_514_reg[2]_0
    SLICE_X5Y12          LUT5 (Prop_lut5_I3_O)        0.332    24.256 r  top/teaching_board_top/target/backend/markQ_0/_T_3217[0]_i_2/O
                         net (fo=9, routed)           0.729    24.985    top/teaching_board_top/target/sbus/system_bus_xbar/sbus_auto_coupler_to_mbus_nodelay_out_a_ready
    SLICE_X7Y8           LUT6 (Prop_lut6_I3_O)        0.124    25.109 f  top/teaching_board_top/target/sbus/system_bus_xbar/nDrained[0]_i_8/O
                         net (fo=1, routed)           0.733    25.843    top/teaching_board_top/target/sbus/system_bus_xbar/nDrained[0]_i_8_n_0
    SLICE_X12Y8          LUT6 (Prop_lut6_I5_O)        0.124    25.967 r  top/teaching_board_top/target/sbus/system_bus_xbar/nDrained[0]_i_3/O
                         net (fo=5, routed)           1.743    27.710    top/teaching_board_top/target/harts/bridge/sbus_auto_coupler_from_port_named_teachingcpu0_passthru_in_a_ready
    SLICE_X50Y19         LUT6 (Prop_lut6_I0_O)        0.124    27.834 r  top/teaching_board_top/target/harts/bridge/applied[7]_i_4/O
                         net (fo=3, routed)           0.450    28.284    top/teaching_board_top/target/harts/bridge/applied[7]_i_4_n_0
    SLICE_X50Y18         LUT5 (Prop_lut5_I0_O)        0.119    28.403 r  top/teaching_board_top/target/harts/bridge/applied[7]_i_1/O
                         net (fo=8, routed)           0.645    29.048    top/teaching_board_top/target/harts/bridge/applied[7]_i_1_n_0
    SLICE_X50Y18         FDRE                                         r  top/teaching_board_top/target/harts/bridge/applied_reg[7]/R
  -------------------------------------------------------------------    -------------------

                         (clock host_clk_i rise edge)
                                                     25.000    25.000 r  
    H16                                               0.000    25.000 r  clk (IN)
                         net (fo=0)                   0.000    25.000    clk
    H16                  IBUF (Prop_ibuf_I_O)         1.380    26.380 r  ibufg_gclk/O
                         net (fo=1, routed)           1.162    27.542    gclk_i
    MMCME2_ADV_X1Y2      MMCME2_ADV (Prop_mmcme2_adv_CLKIN1_CLKOUT0)
                                                      0.083    27.625 r  MMCME2_BASE_inst/CLKOUT0
                         net (fo=1, routed)           2.012    29.637    host_clk_i
    BUFGCTRL_X0Y16       BUFG (Prop_bufg_I_O)         0.091    29.728 r  bufg_host_clk/O
                         net (fo=10873, routed)       1.472    31.201    top/teaching_board_top/target/harts/bridge/host_clk
    SLICE_X50Y18         FDRE                                         r  top/teaching_board_top/target/harts/bridge/applied_reg[7]/C
                         clock pessimism              0.551    31.752    
                         clock uncertainty           -0.082    31.670    
    SLICE_X50Y18         FDRE (Setup_fdre_C_R)       -0.755    30.915    top/teaching_board_top/target/harts/bridge/applied_reg[7]
  -------------------------------------------------------------------
                         required time                         30.915    
                         arrival time                         -29.048    
  -------------------------------------------------------------------
                         slack                                  1.867    

Slack (MET) :             1.914ns  (required time - arrival time)
  Source:                 top/teaching_board_top/target/harts/cpu/core/ex_insn_reg[19]/C
                            (rising edge-triggered cell FDRE clocked by host_clk_i  {rise@0.000ns fall@12.500ns period=25.000ns})
  Destination:            top/teaching_board_top/target/harts/cpu/core/g_sv39.walk/walker/cause_reg[0]/CE
                            (rising edge-triggered cell FDRE clocked by host_clk_i  {rise@0.000ns fall@12.500ns period=25.000ns})
  Path Group:             host_clk_i
  Path Type:              Setup (Max at Slow Process Corner)
  Requirement:            25.000ns  (host_clk_i rise@25.000ns - host_clk_i rise@0.000ns)
  Data Path Delay:        22.805ns  (logic 5.600ns (24.556%)  route 17.205ns (75.444%))
  Logic Levels:           28  (CARRY4=8 LUT2=2 LUT3=1 LUT4=1 LUT5=2 LUT6=14)
  Clock Path Skew:        0.006ns (DCD - SCD + CPR)
    Destination Clock Delay (DCD):    6.276ns = ( 31.276 - 25.000 ) 
    Source Clock Delay      (SCD):    6.787ns
    Clock Pessimism Removal (CPR):    0.517ns
  Clock Uncertainty:      0.082ns  ((TSJ^2 + DJ^2)^1/2) / 2 + PE
    Total System Jitter     (TSJ):    0.071ns
    Discrete Jitter          (DJ):    0.147ns
    Phase Error              (PE):    0.000ns

    Location             Delay type                Incr(ns)  Path(ns)    Netlist Resource(s)
  -------------------------------------------------------------------    -------------------
                         (clock host_clk_i rise edge)
                                                      0.000     0.000 r  
    H16                                               0.000     0.000 r  clk (IN)
                         net (fo=0)                   0.000     0.000    clk
    H16                  IBUF (Prop_ibuf_I_O)         1.451     1.451 r  ibufg_gclk/O
                         net (fo=1, routed)           1.285     2.736    gclk_i
    MMCME2_ADV_X1Y2      MMCME2_ADV (Prop_mmcme2_adv_CLKIN1_CLKOUT0)
                                                      0.088     2.824 r  MMCME2_BASE_inst/CLKOUT0
                         net (fo=1, routed)           2.206     5.030    host_clk_i
    BUFGCTRL_X0Y16       BUFG (Prop_bufg_I_O)         0.101     5.131 r  bufg_host_clk/O
                         net (fo=10873, routed)       1.656     6.787    top/teaching_board_top/target/harts/cpu/core/host_clk
    SLICE_X52Y43         FDRE                                         r  top/teaching_board_top/target/harts/cpu/core/ex_insn_reg[19]/C
  -------------------------------------------------------------------    -------------------
    SLICE_X52Y43         FDRE (Prop_fdre_C_Q)         0.456     7.243 r  top/teaching_board_top/target/harts/cpu/core/ex_insn_reg[19]/Q
                         net (fo=133, routed)         1.523     8.766    top/teaching_board_top/target/harts/cpu/core/g_sv39.walk/walker/mem_amo_reg[0][17]
    SLICE_X53Y34         LUT6 (Prop_lut6_I4_O)        0.124     8.890 f  top/teaching_board_top/target/harts/cpu/core/g_sv39.walk/walker/a_mag[0]_i_9/O
                         net (fo=1, routed)           0.433     9.323    top/teaching_board_top/target/harts/cpu/core/g_sv39.walk/walker/a_mag[0]_i_9_n_0
    SLICE_X53Y34         LUT5 (Prop_lut5_I4_O)        0.150     9.473 f  top/teaching_board_top/target/harts/cpu/core/g_sv39.walk/walker/a_mag[0]_i_6/O
                         net (fo=1, routed)           0.506     9.979    top/teaching_board_top/target/harts/cpu/core/g_sv39.walk/walker/a_mag[0]_i_6_n_0
    SLICE_X53Y39         LUT6 (Prop_lut6_I5_O)        0.326    10.305 r  top/teaching_board_top/target/harts/cpu/core/g_sv39.walk/walker/a_mag[0]_i_3/O
                         net (fo=64, routed)          1.257    11.562    top/teaching_board_top/target/harts/cpu/core/g_md.muldiv/fwd1
    SLICE_X60Y48         LUT6 (Prop_lut6_I1_O)        0.124    11.686 r  top/teaching_board_top/target/harts/cpu/core/g_md.muldiv/a_neg_i_4/O
                         net (fo=2, routed)           0.709    12.394    top/teaching_board_top/target/harts/cpu/core/g_sv39.walk/walker/ex_a_reg[31]
    SLICE_X59Y55         LUT6 (Prop_lut6_I5_O)        0.124    12.518 r  top/teaching_board_top/target/harts/cpu/core/g_sv39.walk/walker/a_neg_i_2/O
                         net (fo=77, routed)          1.550    14.068    top/teaching_board_top/target/harts/cpu/core/g_sv39.walk/walker/ex_insn_reg[17]_41
    SLICE_X47Y45         LUT4 (Prop_lut4_I0_O)        0.124    14.192 r  top/teaching_board_top/target/harts/cpu/core/g_sv39.walk/walker/mem_tval[0]_i_222/O
                         net (fo=1, routed)           0.000    14.192    top/teaching_board_top/target/harts/cpu/core/g_sv39.walk/walker/mem_tval[0]_i_222_n_0
    SLICE_X47Y45         CARRY4 (Prop_carry4_S[3]_CO[3])
                                                      0.401    14.593 r  top/teaching_board_top/target/harts/cpu/core/g_sv39.walk/walker/mem_tval_reg[0]_i_170/CO[3]
                         net (fo=1, routed)           0.000    14.593    top/teaching_board_top/target/harts/cpu/core/g_sv39.walk/walker/mem_tval_reg[0]_i_170_n_0
    SLICE_X47Y46         CARRY4 (Prop_carry4_CI_CO[3])
                                                      0.114    14.707 r  top/teaching_board_top/target/harts/cpu/core/g_sv39.walk/walker/mem_tval_reg[0]_i_120/CO[3]
                         net (fo=1, routed)           0.000    14.707    top/teaching_board_top/target/harts/cpu/core/g_sv39.walk/walker/mem_tval_reg[0]_i_120_n_0
    SLICE_X47Y47         CARRY4 (Prop_carry4_CI_CO[3])
                                                      0.114    14.821 r  top/teaching_board_top/target/harts/cpu/core/g_sv39.walk/walker/mem_tval_reg[0]_i_75/CO[3]
                         net (fo=1, routed)           0.000    14.821    top/teaching_board_top/target/harts/cpu/core/g_sv39.walk/walker/mem_tval_reg[0]_i_75_n_0
    SLICE_X47Y48         CARRY4 (Prop_carry4_CI_CO[3])
                                                      0.114    14.935 r  top/teaching_board_top/target/harts/cpu/core/g_sv39.walk/walker/mem_tval_reg[0]_i_30/CO[3]
                         net (fo=1, routed)           0.000    14.935    top/teaching_board_top/target/harts/cpu/core/g_sv39.walk/walker/mem_tval_reg[0]_i_30_n_0
    SLICE_X47Y49         CARRY4 (Prop_carry4_CI_CO[3])
                                                      0.114    15.049 r  top/teaching_board_top/target/harts/cpu/core/g_sv39.walk/walker/mem_tval_reg[0]_i_12/CO[3]
                         net (fo=1, routed)           1.333    16.383    top/teaching_board_top/target/harts/cpu/core/g_sv39.walk/walker/data4
    SLICE_X54Y50         LUT6 (Prop_lut6_I1_O)        0.124    16.507 r  top/teaching_board_top/target/harts/cpu/core/g_sv39.walk/walker/mem_tval[0]_i_8/O
                         net (fo=1, routed)           0.774    17.281    top/teaching_board_top/target/harts/cpu/core/g_sv39.walk/walker/mem_tval[0]_i_8_n_0
    SLICE_X57Y42         LUT6 (Prop_lut6_I0_O)        0.124    17.405 r  top/teaching_board_top/target/harts/cpu/core/g_sv39.walk/walker/mem_tval[0]_i_7/O
                         net (fo=1, routed)           0.850    18.256    top/teaching_board_top/target/harts/cpu/core/g_sv39.walk/walker/br_taken
    SLICE_X58Y31         LUT6 (Prop_lut6_I3_O)        0.124    18.380 f  top/teaching_board_top/target/harts/cpu/core/g_sv39.walk/walker/mem_tval[0]_i_6/O
                         net (fo=1, routed)           0.479    18.859    top/teaching_board_top/target/harts/cpu/core/g_sv39.walk/walker/mem_tval[0]_i_6_n_0
    SLICE_X59Y29         LUT6 (Prop_lut6_I1_O)        0.124    18.983 f  top/teaching_board_top/target/harts/cpu/core/g_sv39.walk/walker/mem_tval[0]_i_4/O
                         net (fo=2, routed)           0.459    19.442    top/teaching_board_top/target/harts/cpu/core/g_sv39.walk/walker/ex_insn_reg[4]
    SLICE_X59Y28         LUT2 (Prop_lut2_I1_O)        0.124    19.566 r  top/teaching_board_top/target/harts/cpu/core/g_sv39.walk/walker/mem_tval[0]_i_2/O
                         net (fo=67, routed)          0.368    19.934    top/teaching_board_top/target/harts/cpu/core/g_sv39.walk/walker/ex_tmis
    SLICE_X60Y28         LUT6 (Prop_lut6_I3_O)        0.124    20.058 r  top/teaching_board_top/target/harts/cpu/core/g_sv39.walk/walker/mem_isa_i_13/O
                         net (fo=3, routed)           0.300    20.358    top/teaching_board_top/target/harts/cpu/core/csrfile/ex_v_reg_1
    SLICE_X61Y28         LUT6 (Prop_lut6_I2_O)        0.124    20.482 f  top/teaching_board_top/target/harts/cpu/core/csrfile/ex_redirected_i_2/O
                         net (fo=130, routed)         1.031    21.513    top/teaching_board_top/target/harts/cpu/core/csrfile/id_v1247_out
    SLICE_X74Y24         LUT2 (Prop_lut2_I1_O)        0.124    21.637 f  top/teaching_board_top/target/harts/cpu/core/csrfile/FSM_sequential_state[1]_i_16/O
                         net (fo=13, routed)          0.665    22.302    top/teaching_board_top/target/harts/cpu/core/csrfile/wb_v_reg_0
    SLICE_X76Y19         LUT6 (Prop_lut6_I0_O)        0.124    22.426 f  top/teaching_board_top/target/harts/cpu/core/csrfile/FSM_sequential_state[1]_i_7/O
                         net (fo=107, routed)         0.782    23.208    top/teaching_board_top/target/harts/cpu/core/csrfile/fe_park_reg
    SLICE_X67Y18         LUT6 (Prop_lut6_I5_O)        0.124    23.332 f  top/teaching_board_top/target/harts/cpu/core/csrfile/FSM_sequential_state[1]_i_1/O
                         net (fo=175, routed)         0.379    23.711    top/teaching_board_top/target/harts/cpu/core/csrfile/rst0
    SLICE_X67Y18         LUT5 (Prop_lut5_I4_O)        0.120    23.831 r  top/teaching_board_top/target/harts/cpu/core/csrfile/va_r[38]_i_3/O
                         net (fo=63, routed)          1.495    25.326    top/teaching_board_top/target/harts/cpu/core/csrfile/wk_own_reg[1]
    SLICE_X72Y40         LUT3 (Prop_lut3_I1_O)        0.321    25.647 r  top/teaching_board_top/target/harts/cpu/core/csrfile/va_r[38]_i_2/O
                         net (fo=10, routed)          0.629    26.277    top/teaching_board_top/target/harts/cpu/core/csrfile/wk_va[26]
    SLICE_X70Y40         LUT6 (Prop_lut6_I1_O)        0.326    26.603 r  top/teaching_board_top/target/harts/cpu/core/csrfile/canonical_carry_i_3/O
                         net (fo=1, routed)           0.000    26.603    top/teaching_board_top/target/harts/cpu/core/g_sv39.walk/walker/S[1]
    SLICE_X70Y40         CARRY4 (Prop_carry4_S[1]_CO[3])
                                                      0.550    27.153 r  top/teaching_board_top/target/harts/cpu/core/g_sv39.walk/walker/canonical_carry/CO[3]
                         net (fo=1, routed)           0.000    27.153    top/teaching_board_top/target/harts/cpu/core/g_sv39.walk/walker/canonical_carry_n_0
    SLICE_X70Y41         CARRY4 (Prop_carry4_CI_CO[3])
                                                      0.114    27.267 r  top/teaching_board_top/target/harts/cpu/core/g_sv39.walk/walker/canonical_carry__0/CO[3]
                         net (fo=1, routed)           0.000    27.267    top/teaching_board_top/target/harts/cpu/core/g_sv39.walk/walker/canonical_carry__0_n_0
    SLICE_X70Y42         CARRY4 (Prop_carry4_CI_CO[0])
                                                      0.271    27.538 f  top/teaching_board_top/target/harts/cpu/core/g_sv39.walk/walker/canonical_carry__1/CO[0]
                         net (fo=5, routed)           1.198    28.736    top/teaching_board_top/target/harts/cpu/core/g_sv39.walk/walker/canonical__9
    SLICE_X64Y19         LUT6 (Prop_lut6_I4_O)        0.373    29.109 r  top/teaching_board_top/target/harts/cpu/core/g_sv39.walk/walker/fault_i_1/O
                         net (fo=5, routed)           0.483    29.592    top/teaching_board_top/target/harts/cpu/core/g_sv39.walk/walker/fault_i_1_n_0
    SLICE_X64Y18         FDRE                                         r  top/teaching_board_top/target/harts/cpu/core/g_sv39.walk/walker/cause_reg[0]/CE
  -------------------------------------------------------------------    -------------------

                         (clock host_clk_i rise edge)
                                                     25.000    25.000 r  
    H16                                               0.000    25.000 r  clk (IN)
                         net (fo=0)                   0.000    25.000    clk
    H16                  IBUF (Prop_ibuf_I_O)         1.380    26.380 r  ibufg_gclk/O
                         net (fo=1, routed)           1.162    27.542    gclk_i
    MMCME2_ADV_X1Y2      MMCME2_ADV (Prop_mmcme2_adv_CLKIN1_CLKOUT0)
                                                      0.083    27.625 r  MMCME2_BASE_inst/CLKOUT0
                         net (fo=1, routed)           2.012    29.637    host_clk_i
    BUFGCTRL_X0Y16       BUFG (Prop_bufg_I_O)         0.091    29.728 r  bufg_host_clk/O
                         net (fo=10873, routed)       1.547    31.276    top/teaching_board_top/target/harts/cpu/core/g_sv39.walk/walker/host_clk
    SLICE_X64Y18         FDRE                                         r  top/teaching_board_top/target/harts/cpu/core/g_sv39.walk/walker/cause_reg[0]/C
                         clock pessimism              0.517    31.793    
                         clock uncertainty           -0.082    31.711    
    SLICE_X64Y18         FDRE (Setup_fdre_C_CE)      -0.205    31.506    top/teaching_board_top/target/harts/cpu/core/g_sv39.walk/walker/cause_reg[0]
  -------------------------------------------------------------------
                         required time                         31.506    
                         arrival time                         -29.592    
  -------------------------------------------------------------------
                         slack                                  1.914    

Slack (MET) :             1.914ns  (required time - arrival time)
  Source:                 top/teaching_board_top/target/harts/cpu/core/ex_insn_reg[19]/C
                            (rising edge-triggered cell FDRE clocked by host_clk_i  {rise@0.000ns fall@12.500ns period=25.000ns})
  Destination:            top/teaching_board_top/target/harts/cpu/core/g_sv39.walk/walker/cause_reg[1]/CE
                            (rising edge-triggered cell FDRE clocked by host_clk_i  {rise@0.000ns fall@12.500ns period=25.000ns})
  Path Group:             host_clk_i
  Path Type:              Setup (Max at Slow Process Corner)
  Requirement:            25.000ns  (host_clk_i rise@25.000ns - host_clk_i rise@0.000ns)
  Data Path Delay:        22.805ns  (logic 5.600ns (24.556%)  route 17.205ns (75.444%))
  Logic Levels:           28  (CARRY4=8 LUT2=2 LUT3=1 LUT4=1 LUT5=2 LUT6=14)
  Clock Path Skew:        0.006ns (DCD - SCD + CPR)
    Destination Clock Delay (DCD):    6.276ns = ( 31.276 - 25.000 ) 
    Source Clock Delay      (SCD):    6.787ns
    Clock Pessimism Removal (CPR):    0.517ns
  Clock Uncertainty:      0.082ns  ((TSJ^2 + DJ^2)^1/2) / 2 + PE
    Total System Jitter     (TSJ):    0.071ns
    Discrete Jitter          (DJ):    0.147ns
    Phase Error              (PE):    0.000ns

    Location             Delay type                Incr(ns)  Path(ns)    Netlist Resource(s)
  -------------------------------------------------------------------    -------------------
                         (clock host_clk_i rise edge)
                                                      0.000     0.000 r  
    H16                                               0.000     0.000 r  clk (IN)
                         net (fo=0)                   0.000     0.000    clk
    H16                  IBUF (Prop_ibuf_I_O)         1.451     1.451 r  ibufg_gclk/O
                         net (fo=1, routed)           1.285     2.736    gclk_i
    MMCME2_ADV_X1Y2      MMCME2_ADV (Prop_mmcme2_adv_CLKIN1_CLKOUT0)
                                                      0.088     2.824 r  MMCME2_BASE_inst/CLKOUT0
                         net (fo=1, routed)           2.206     5.030    host_clk_i
    BUFGCTRL_X0Y16       BUFG (Prop_bufg_I_O)         0.101     5.131 r  bufg_host_clk/O
                         net (fo=10873, routed)       1.656     6.787    top/teaching_board_top/target/harts/cpu/core/host_clk
    SLICE_X52Y43         FDRE                                         r  top/teaching_board_top/target/harts/cpu/core/ex_insn_reg[19]/C
  -------------------------------------------------------------------    -------------------
    SLICE_X52Y43         FDRE (Prop_fdre_C_Q)         0.456     7.243 r  top/teaching_board_top/target/harts/cpu/core/ex_insn_reg[19]/Q
                         net (fo=133, routed)         1.523     8.766    top/teaching_board_top/target/harts/cpu/core/g_sv39.walk/walker/mem_amo_reg[0][17]
    SLICE_X53Y34         LUT6 (Prop_lut6_I4_O)        0.124     8.890 f  top/teaching_board_top/target/harts/cpu/core/g_sv39.walk/walker/a_mag[0]_i_9/O
                         net (fo=1, routed)           0.433     9.323    top/teaching_board_top/target/harts/cpu/core/g_sv39.walk/walker/a_mag[0]_i_9_n_0
    SLICE_X53Y34         LUT5 (Prop_lut5_I4_O)        0.150     9.473 f  top/teaching_board_top/target/harts/cpu/core/g_sv39.walk/walker/a_mag[0]_i_6/O
                         net (fo=1, routed)           0.506     9.979    top/teaching_board_top/target/harts/cpu/core/g_sv39.walk/walker/a_mag[0]_i_6_n_0
    SLICE_X53Y39         LUT6 (Prop_lut6_I5_O)        0.326    10.305 r  top/teaching_board_top/target/harts/cpu/core/g_sv39.walk/walker/a_mag[0]_i_3/O
                         net (fo=64, routed)          1.257    11.562    top/teaching_board_top/target/harts/cpu/core/g_md.muldiv/fwd1
    SLICE_X60Y48         LUT6 (Prop_lut6_I1_O)        0.124    11.686 r  top/teaching_board_top/target/harts/cpu/core/g_md.muldiv/a_neg_i_4/O
                         net (fo=2, routed)           0.709    12.394    top/teaching_board_top/target/harts/cpu/core/g_sv39.walk/walker/ex_a_reg[31]
    SLICE_X59Y55         LUT6 (Prop_lut6_I5_O)        0.124    12.518 r  top/teaching_board_top/target/harts/cpu/core/g_sv39.walk/walker/a_neg_i_2/O
                         net (fo=77, routed)          1.550    14.068    top/teaching_board_top/target/harts/cpu/core/g_sv39.walk/walker/ex_insn_reg[17]_41
    SLICE_X47Y45         LUT4 (Prop_lut4_I0_O)        0.124    14.192 r  top/teaching_board_top/target/harts/cpu/core/g_sv39.walk/walker/mem_tval[0]_i_222/O
                         net (fo=1, routed)           0.000    14.192    top/teaching_board_top/target/harts/cpu/core/g_sv39.walk/walker/mem_tval[0]_i_222_n_0
    SLICE_X47Y45         CARRY4 (Prop_carry4_S[3]_CO[3])
                                                      0.401    14.593 r  top/teaching_board_top/target/harts/cpu/core/g_sv39.walk/walker/mem_tval_reg[0]_i_170/CO[3]
                         net (fo=1, routed)           0.000    14.593    top/teaching_board_top/target/harts/cpu/core/g_sv39.walk/walker/mem_tval_reg[0]_i_170_n_0
    SLICE_X47Y46         CARRY4 (Prop_carry4_CI_CO[3])
                                                      0.114    14.707 r  top/teaching_board_top/target/harts/cpu/core/g_sv39.walk/walker/mem_tval_reg[0]_i_120/CO[3]
                         net (fo=1, routed)           0.000    14.707    top/teaching_board_top/target/harts/cpu/core/g_sv39.walk/walker/mem_tval_reg[0]_i_120_n_0
    SLICE_X47Y47         CARRY4 (Prop_carry4_CI_CO[3])
                                                      0.114    14.821 r  top/teaching_board_top/target/harts/cpu/core/g_sv39.walk/walker/mem_tval_reg[0]_i_75/CO[3]
                         net (fo=1, routed)           0.000    14.821    top/teaching_board_top/target/harts/cpu/core/g_sv39.walk/walker/mem_tval_reg[0]_i_75_n_0
    SLICE_X47Y48         CARRY4 (Prop_carry4_CI_CO[3])
                                                      0.114    14.935 r  top/teaching_board_top/target/harts/cpu/core/g_sv39.walk/walker/mem_tval_reg[0]_i_30/CO[3]
                         net (fo=1, routed)           0.000    14.935    top/teaching_board_top/target/harts/cpu/core/g_sv39.walk/walker/mem_tval_reg[0]_i_30_n_0
    SLICE_X47Y49         CARRY4 (Prop_carry4_CI_CO[3])
                                                      0.114    15.049 r  top/teaching_board_top/target/harts/cpu/core/g_sv39.walk/walker/mem_tval_reg[0]_i_12/CO[3]
                         net (fo=1, routed)           1.333    16.383    top/teaching_board_top/target/harts/cpu/core/g_sv39.walk/walker/data4
    SLICE_X54Y50         LUT6 (Prop_lut6_I1_O)        0.124    16.507 r  top/teaching_board_top/target/harts/cpu/core/g_sv39.walk/walker/mem_tval[0]_i_8/O
                         net (fo=1, routed)           0.774    17.281    top/teaching_board_top/target/harts/cpu/core/g_sv39.walk/walker/mem_tval[0]_i_8_n_0
    SLICE_X57Y42         LUT6 (Prop_lut6_I0_O)        0.124    17.405 r  top/teaching_board_top/target/harts/cpu/core/g_sv39.walk/walker/mem_tval[0]_i_7/O
                         net (fo=1, routed)           0.850    18.256    top/teaching_board_top/target/harts/cpu/core/g_sv39.walk/walker/br_taken
    SLICE_X58Y31         LUT6 (Prop_lut6_I3_O)        0.124    18.380 f  top/teaching_board_top/target/harts/cpu/core/g_sv39.walk/walker/mem_tval[0]_i_6/O
                         net (fo=1, routed)           0.479    18.859    top/teaching_board_top/target/harts/cpu/core/g_sv39.walk/walker/mem_tval[0]_i_6_n_0
    SLICE_X59Y29         LUT6 (Prop_lut6_I1_O)        0.124    18.983 f  top/teaching_board_top/target/harts/cpu/core/g_sv39.walk/walker/mem_tval[0]_i_4/O
                         net (fo=2, routed)           0.459    19.442    top/teaching_board_top/target/harts/cpu/core/g_sv39.walk/walker/ex_insn_reg[4]
    SLICE_X59Y28         LUT2 (Prop_lut2_I1_O)        0.124    19.566 r  top/teaching_board_top/target/harts/cpu/core/g_sv39.walk/walker/mem_tval[0]_i_2/O
                         net (fo=67, routed)          0.368    19.934    top/teaching_board_top/target/harts/cpu/core/g_sv39.walk/walker/ex_tmis
    SLICE_X60Y28         LUT6 (Prop_lut6_I3_O)        0.124    20.058 r  top/teaching_board_top/target/harts/cpu/core/g_sv39.walk/walker/mem_isa_i_13/O
                         net (fo=3, routed)           0.300    20.358    top/teaching_board_top/target/harts/cpu/core/csrfile/ex_v_reg_1
    SLICE_X61Y28         LUT6 (Prop_lut6_I2_O)        0.124    20.482 f  top/teaching_board_top/target/harts/cpu/core/csrfile/ex_redirected_i_2/O
                         net (fo=130, routed)         1.031    21.513    top/teaching_board_top/target/harts/cpu/core/csrfile/id_v1247_out
    SLICE_X74Y24         LUT2 (Prop_lut2_I1_O)        0.124    21.637 f  top/teaching_board_top/target/harts/cpu/core/csrfile/FSM_sequential_state[1]_i_16/O
                         net (fo=13, routed)          0.665    22.302    top/teaching_board_top/target/harts/cpu/core/csrfile/wb_v_reg_0
    SLICE_X76Y19         LUT6 (Prop_lut6_I0_O)        0.124    22.426 f  top/teaching_board_top/target/harts/cpu/core/csrfile/FSM_sequential_state[1]_i_7/O
                         net (fo=107, routed)         0.782    23.208    top/teaching_board_top/target/harts/cpu/core/csrfile/fe_park_reg
    SLICE_X67Y18         LUT6 (Prop_lut6_I5_O)        0.124    23.332 f  top/teaching_board_top/target/harts/cpu/core/csrfile/FSM_sequential_state[1]_i_1/O
                         net (fo=175, routed)         0.379    23.711    top/teaching_board_top/target/harts/cpu/core/csrfile/rst0
    SLICE_X67Y18         LUT5 (Prop_lut5_I4_O)        0.120    23.831 r  top/teaching_board_top/target/harts/cpu/core/csrfile/va_r[38]_i_3/O
                         net (fo=63, routed)          1.495    25.326    top/teaching_board_top/target/harts/cpu/core/csrfile/wk_own_reg[1]
    SLICE_X72Y40         LUT3 (Prop_lut3_I1_O)        0.321    25.647 r  top/teaching_board_top/target/harts/cpu/core/csrfile/va_r[38]_i_2/O
                         net (fo=10, routed)          0.629    26.277    top/teaching_board_top/target/harts/cpu/core/csrfile/wk_va[26]
    SLICE_X70Y40         LUT6 (Prop_lut6_I1_O)        0.326    26.603 r  top/teaching_board_top/target/harts/cpu/core/csrfile/canonical_carry_i_3/O
                         net (fo=1, routed)           0.000    26.603    top/teaching_board_top/target/harts/cpu/core/g_sv39.walk/walker/S[1]
    SLICE_X70Y40         CARRY4 (Prop_carry4_S[1]_CO[3])
                                                      0.550    27.153 r  top/teaching_board_top/target/harts/cpu/core/g_sv39.walk/walker/canonical_carry/CO[3]
                         net (fo=1, routed)           0.000    27.153    top/teaching_board_top/target/harts/cpu/core/g_sv39.walk/walker/canonical_carry_n_0
    SLICE_X70Y41         CARRY4 (Prop_carry4_CI_CO[3])
                                                      0.114    27.267 r  top/teaching_board_top/target/harts/cpu/core/g_sv39.walk/walker/canonical_carry__0/CO[3]
                         net (fo=1, routed)           0.000    27.267    top/teaching_board_top/target/harts/cpu/core/g_sv39.walk/walker/canonical_carry__0_n_0
    SLICE_X70Y42         CARRY4 (Prop_carry4_CI_CO[0])
                                                      0.271    27.538 f  top/teaching_board_top/target/harts/cpu/core/g_sv39.walk/walker/canonical_carry__1/CO[0]
                         net (fo=5, routed)           1.198    28.736    top/teaching_board_top/target/harts/cpu/core/g_sv39.walk/walker/canonical__9
    SLICE_X64Y19         LUT6 (Prop_lut6_I4_O)        0.373    29.109 r  top/teaching_board_top/target/harts/cpu/core/g_sv39.walk/walker/fault_i_1/O
                         net (fo=5, routed)           0.483    29.592    top/teaching_board_top/target/harts/cpu/core/g_sv39.walk/walker/fault_i_1_n_0
    SLICE_X64Y18         FDRE                                         r  top/teaching_board_top/target/harts/cpu/core/g_sv39.walk/walker/cause_reg[1]/CE
  -------------------------------------------------------------------    -------------------

                         (clock host_clk_i rise edge)
                                                     25.000    25.000 r  
    H16                                               0.000    25.000 r  clk (IN)
                         net (fo=0)                   0.000    25.000    clk
    H16                  IBUF (Prop_ibuf_I_O)         1.380    26.380 r  ibufg_gclk/O
                         net (fo=1, routed)           1.162    27.542    gclk_i
    MMCME2_ADV_X1Y2      MMCME2_ADV (Prop_mmcme2_adv_CLKIN1_CLKOUT0)
                                                      0.083    27.625 r  MMCME2_BASE_inst/CLKOUT0
                         net (fo=1, routed)           2.012    29.637    host_clk_i
    BUFGCTRL_X0Y16       BUFG (Prop_bufg_I_O)         0.091    29.728 r  bufg_host_clk/O
                         net (fo=10873, routed)       1.547    31.276    top/teaching_board_top/target/harts/cpu/core/g_sv39.walk/walker/host_clk
    SLICE_X64Y18         FDRE                                         r  top/teaching_board_top/target/harts/cpu/core/g_sv39.walk/walker/cause_reg[1]/C
                         clock pessimism              0.517    31.793    
                         clock uncertainty           -0.082    31.711    
    SLICE_X64Y18         FDRE (Setup_fdre_C_CE)      -0.205    31.506    top/teaching_board_top/target/harts/cpu/core/g_sv39.walk/walker/cause_reg[1]
  -------------------------------------------------------------------
                         required time                         31.506    
                         arrival time                         -29.592    
  -------------------------------------------------------------------
                         slack                                  1.914    

Slack (MET) :             1.914ns  (required time - arrival time)
  Source:                 top/teaching_board_top/target/harts/cpu/core/ex_insn_reg[19]/C
                            (rising edge-triggered cell FDRE clocked by host_clk_i  {rise@0.000ns fall@12.500ns period=25.000ns})
  Destination:            top/teaching_board_top/target/harts/cpu/core/g_sv39.walk/walker/cause_reg[2]/CE
                            (rising edge-triggered cell FDRE clocked by host_clk_i  {rise@0.000ns fall@12.500ns period=25.000ns})
  Path Group:             host_clk_i
  Path Type:              Setup (Max at Slow Process Corner)
  Requirement:            25.000ns  (host_clk_i rise@25.000ns - host_clk_i rise@0.000ns)
  Data Path Delay:        22.805ns  (logic 5.600ns (24.556%)  route 17.205ns (75.444%))
  Logic Levels:           28  (CARRY4=8 LUT2=2 LUT3=1 LUT4=1 LUT5=2 LUT6=14)
  Clock Path Skew:        0.006ns (DCD - SCD + CPR)
    Destination Clock Delay (DCD):    6.276ns = ( 31.276 - 25.000 ) 
    Source Clock Delay      (SCD):    6.787ns
    Clock Pessimism Removal (CPR):    0.517ns
  Clock Uncertainty:      0.082ns  ((TSJ^2 + DJ^2)^1/2) / 2 + PE
    Total System Jitter     (TSJ):    0.071ns
    Discrete Jitter          (DJ):    0.147ns
    Phase Error              (PE):    0.000ns

    Location             Delay type                Incr(ns)  Path(ns)    Netlist Resource(s)
  -------------------------------------------------------------------    -------------------
                         (clock host_clk_i rise edge)
                                                      0.000     0.000 r  
    H16                                               0.000     0.000 r  clk (IN)
                         net (fo=0)                   0.000     0.000    clk
    H16                  IBUF (Prop_ibuf_I_O)         1.451     1.451 r  ibufg_gclk/O
                         net (fo=1, routed)           1.285     2.736    gclk_i
    MMCME2_ADV_X1Y2      MMCME2_ADV (Prop_mmcme2_adv_CLKIN1_CLKOUT0)
                                                      0.088     2.824 r  MMCME2_BASE_inst/CLKOUT0
                         net (fo=1, routed)           2.206     5.030    host_clk_i
    BUFGCTRL_X0Y16       BUFG (Prop_bufg_I_O)         0.101     5.131 r  bufg_host_clk/O
                         net (fo=10873, routed)       1.656     6.787    top/teaching_board_top/target/harts/cpu/core/host_clk
    SLICE_X52Y43         FDRE                                         r  top/teaching_board_top/target/harts/cpu/core/ex_insn_reg[19]/C
  -------------------------------------------------------------------    -------------------
    SLICE_X52Y43         FDRE (Prop_fdre_C_Q)         0.456     7.243 r  top/teaching_board_top/target/harts/cpu/core/ex_insn_reg[19]/Q
                         net (fo=133, routed)         1.523     8.766    top/teaching_board_top/target/harts/cpu/core/g_sv39.walk/walker/mem_amo_reg[0][17]
    SLICE_X53Y34         LUT6 (Prop_lut6_I4_O)        0.124     8.890 f  top/teaching_board_top/target/harts/cpu/core/g_sv39.walk/walker/a_mag[0]_i_9/O
                         net (fo=1, routed)           0.433     9.323    top/teaching_board_top/target/harts/cpu/core/g_sv39.walk/walker/a_mag[0]_i_9_n_0
    SLICE_X53Y34         LUT5 (Prop_lut5_I4_O)        0.150     9.473 f  top/teaching_board_top/target/harts/cpu/core/g_sv39.walk/walker/a_mag[0]_i_6/O
                         net (fo=1, routed)           0.506     9.979    top/teaching_board_top/target/harts/cpu/core/g_sv39.walk/walker/a_mag[0]_i_6_n_0
    SLICE_X53Y39         LUT6 (Prop_lut6_I5_O)        0.326    10.305 r  top/teaching_board_top/target/harts/cpu/core/g_sv39.walk/walker/a_mag[0]_i_3/O
                         net (fo=64, routed)          1.257    11.562    top/teaching_board_top/target/harts/cpu/core/g_md.muldiv/fwd1
    SLICE_X60Y48         LUT6 (Prop_lut6_I1_O)        0.124    11.686 r  top/teaching_board_top/target/harts/cpu/core/g_md.muldiv/a_neg_i_4/O
                         net (fo=2, routed)           0.709    12.394    top/teaching_board_top/target/harts/cpu/core/g_sv39.walk/walker/ex_a_reg[31]
    SLICE_X59Y55         LUT6 (Prop_lut6_I5_O)        0.124    12.518 r  top/teaching_board_top/target/harts/cpu/core/g_sv39.walk/walker/a_neg_i_2/O
                         net (fo=77, routed)          1.550    14.068    top/teaching_board_top/target/harts/cpu/core/g_sv39.walk/walker/ex_insn_reg[17]_41
    SLICE_X47Y45         LUT4 (Prop_lut4_I0_O)        0.124    14.192 r  top/teaching_board_top/target/harts/cpu/core/g_sv39.walk/walker/mem_tval[0]_i_222/O
                         net (fo=1, routed)           0.000    14.192    top/teaching_board_top/target/harts/cpu/core/g_sv39.walk/walker/mem_tval[0]_i_222_n_0
    SLICE_X47Y45         CARRY4 (Prop_carry4_S[3]_CO[3])
                                                      0.401    14.593 r  top/teaching_board_top/target/harts/cpu/core/g_sv39.walk/walker/mem_tval_reg[0]_i_170/CO[3]
                         net (fo=1, routed)           0.000    14.593    top/teaching_board_top/target/harts/cpu/core/g_sv39.walk/walker/mem_tval_reg[0]_i_170_n_0
    SLICE_X47Y46         CARRY4 (Prop_carry4_CI_CO[3])
                                                      0.114    14.707 r  top/teaching_board_top/target/harts/cpu/core/g_sv39.walk/walker/mem_tval_reg[0]_i_120/CO[3]
                         net (fo=1, routed)           0.000    14.707    top/teaching_board_top/target/harts/cpu/core/g_sv39.walk/walker/mem_tval_reg[0]_i_120_n_0
    SLICE_X47Y47         CARRY4 (Prop_carry4_CI_CO[3])
                                                      0.114    14.821 r  top/teaching_board_top/target/harts/cpu/core/g_sv39.walk/walker/mem_tval_reg[0]_i_75/CO[3]
                         net (fo=1, routed)           0.000    14.821    top/teaching_board_top/target/harts/cpu/core/g_sv39.walk/walker/mem_tval_reg[0]_i_75_n_0
    SLICE_X47Y48         CARRY4 (Prop_carry4_CI_CO[3])
                                                      0.114    14.935 r  top/teaching_board_top/target/harts/cpu/core/g_sv39.walk/walker/mem_tval_reg[0]_i_30/CO[3]
                         net (fo=1, routed)           0.000    14.935    top/teaching_board_top/target/harts/cpu/core/g_sv39.walk/walker/mem_tval_reg[0]_i_30_n_0
    SLICE_X47Y49         CARRY4 (Prop_carry4_CI_CO[3])
                                                      0.114    15.049 r  top/teaching_board_top/target/harts/cpu/core/g_sv39.walk/walker/mem_tval_reg[0]_i_12/CO[3]
                         net (fo=1, routed)           1.333    16.383    top/teaching_board_top/target/harts/cpu/core/g_sv39.walk/walker/data4
    SLICE_X54Y50         LUT6 (Prop_lut6_I1_O)        0.124    16.507 r  top/teaching_board_top/target/harts/cpu/core/g_sv39.walk/walker/mem_tval[0]_i_8/O
                         net (fo=1, routed)           0.774    17.281    top/teaching_board_top/target/harts/cpu/core/g_sv39.walk/walker/mem_tval[0]_i_8_n_0
    SLICE_X57Y42         LUT6 (Prop_lut6_I0_O)        0.124    17.405 r  top/teaching_board_top/target/harts/cpu/core/g_sv39.walk/walker/mem_tval[0]_i_7/O
                         net (fo=1, routed)           0.850    18.256    top/teaching_board_top/target/harts/cpu/core/g_sv39.walk/walker/br_taken
    SLICE_X58Y31         LUT6 (Prop_lut6_I3_O)        0.124    18.380 f  top/teaching_board_top/target/harts/cpu/core/g_sv39.walk/walker/mem_tval[0]_i_6/O
                         net (fo=1, routed)           0.479    18.859    top/teaching_board_top/target/harts/cpu/core/g_sv39.walk/walker/mem_tval[0]_i_6_n_0
    SLICE_X59Y29         LUT6 (Prop_lut6_I1_O)        0.124    18.983 f  top/teaching_board_top/target/harts/cpu/core/g_sv39.walk/walker/mem_tval[0]_i_4/O
                         net (fo=2, routed)           0.459    19.442    top/teaching_board_top/target/harts/cpu/core/g_sv39.walk/walker/ex_insn_reg[4]
    SLICE_X59Y28         LUT2 (Prop_lut2_I1_O)        0.124    19.566 r  top/teaching_board_top/target/harts/cpu/core/g_sv39.walk/walker/mem_tval[0]_i_2/O
                         net (fo=67, routed)          0.368    19.934    top/teaching_board_top/target/harts/cpu/core/g_sv39.walk/walker/ex_tmis
    SLICE_X60Y28         LUT6 (Prop_lut6_I3_O)        0.124    20.058 r  top/teaching_board_top/target/harts/cpu/core/g_sv39.walk/walker/mem_isa_i_13/O
                         net (fo=3, routed)           0.300    20.358    top/teaching_board_top/target/harts/cpu/core/csrfile/ex_v_reg_1
    SLICE_X61Y28         LUT6 (Prop_lut6_I2_O)        0.124    20.482 f  top/teaching_board_top/target/harts/cpu/core/csrfile/ex_redirected_i_2/O
                         net (fo=130, routed)         1.031    21.513    top/teaching_board_top/target/harts/cpu/core/csrfile/id_v1247_out
    SLICE_X74Y24         LUT2 (Prop_lut2_I1_O)        0.124    21.637 f  top/teaching_board_top/target/harts/cpu/core/csrfile/FSM_sequential_state[1]_i_16/O
                         net (fo=13, routed)          0.665    22.302    top/teaching_board_top/target/harts/cpu/core/csrfile/wb_v_reg_0
    SLICE_X76Y19         LUT6 (Prop_lut6_I0_O)        0.124    22.426 f  top/teaching_board_top/target/harts/cpu/core/csrfile/FSM_sequential_state[1]_i_7/O
                         net (fo=107, routed)         0.782    23.208    top/teaching_board_top/target/harts/cpu/core/csrfile/fe_park_reg
    SLICE_X67Y18         LUT6 (Prop_lut6_I5_O)        0.124    23.332 f  top/teaching_board_top/target/harts/cpu/core/csrfile/FSM_sequential_state[1]_i_1/O
                         net (fo=175, routed)         0.379    23.711    top/teaching_board_top/target/harts/cpu/core/csrfile/rst0
    SLICE_X67Y18         LUT5 (Prop_lut5_I4_O)        0.120    23.831 r  top/teaching_board_top/target/harts/cpu/core/csrfile/va_r[38]_i_3/O
                         net (fo=63, routed)          1.495    25.326    top/teaching_board_top/target/harts/cpu/core/csrfile/wk_own_reg[1]
    SLICE_X72Y40         LUT3 (Prop_lut3_I1_O)        0.321    25.647 r  top/teaching_board_top/target/harts/cpu/core/csrfile/va_r[38]_i_2/O
                         net (fo=10, routed)          0.629    26.277    top/teaching_board_top/target/harts/cpu/core/csrfile/wk_va[26]
    SLICE_X70Y40         LUT6 (Prop_lut6_I1_O)        0.326    26.603 r  top/teaching_board_top/target/harts/cpu/core/csrfile/canonical_carry_i_3/O
                         net (fo=1, routed)           0.000    26.603    top/teaching_board_top/target/harts/cpu/core/g_sv39.walk/walker/S[1]
    SLICE_X70Y40         CARRY4 (Prop_carry4_S[1]_CO[3])
                                                      0.550    27.153 r  top/teaching_board_top/target/harts/cpu/core/g_sv39.walk/walker/canonical_carry/CO[3]
                         net (fo=1, routed)           0.000    27.153    top/teaching_board_top/target/harts/cpu/core/g_sv39.walk/walker/canonical_carry_n_0
    SLICE_X70Y41         CARRY4 (Prop_carry4_CI_CO[3])
                                                      0.114    27.267 r  top/teaching_board_top/target/harts/cpu/core/g_sv39.walk/walker/canonical_carry__0/CO[3]
                         net (fo=1, routed)           0.000    27.267    top/teaching_board_top/target/harts/cpu/core/g_sv39.walk/walker/canonical_carry__0_n_0
    SLICE_X70Y42         CARRY4 (Prop_carry4_CI_CO[0])
                                                      0.271    27.538 f  top/teaching_board_top/target/harts/cpu/core/g_sv39.walk/walker/canonical_carry__1/CO[0]
                         net (fo=5, routed)           1.198    28.736    top/teaching_board_top/target/harts/cpu/core/g_sv39.walk/walker/canonical__9
    SLICE_X64Y19         LUT6 (Prop_lut6_I4_O)        0.373    29.109 r  top/teaching_board_top/target/harts/cpu/core/g_sv39.walk/walker/fault_i_1/O
                         net (fo=5, routed)           0.483    29.592    top/teaching_board_top/target/harts/cpu/core/g_sv39.walk/walker/fault_i_1_n_0
    SLICE_X64Y18         FDRE                                         r  top/teaching_board_top/target/harts/cpu/core/g_sv39.walk/walker/cause_reg[2]/CE
  -------------------------------------------------------------------    -------------------

                         (clock host_clk_i rise edge)
                                                     25.000    25.000 r  
    H16                                               0.000    25.000 r  clk (IN)
                         net (fo=0)                   0.000    25.000    clk
    H16                  IBUF (Prop_ibuf_I_O)         1.380    26.380 r  ibufg_gclk/O
                         net (fo=1, routed)           1.162    27.542    gclk_i
    MMCME2_ADV_X1Y2      MMCME2_ADV (Prop_mmcme2_adv_CLKIN1_CLKOUT0)
                                                      0.083    27.625 r  MMCME2_BASE_inst/CLKOUT0
                         net (fo=1, routed)           2.012    29.637    host_clk_i
    BUFGCTRL_X0Y16       BUFG (Prop_bufg_I_O)         0.091    29.728 r  bufg_host_clk/O
                         net (fo=10873, routed)       1.547    31.276    top/teaching_board_top/target/harts/cpu/core/g_sv39.walk/walker/host_clk
    SLICE_X64Y18         FDRE                                         r  top/teaching_board_top/target/harts/cpu/core/g_sv39.walk/walker/cause_reg[2]/C
                         clock pessimism              0.517    31.793    
                         clock uncertainty           -0.082    31.711    
    SLICE_X64Y18         FDRE (Setup_fdre_C_CE)      -0.205    31.506    top/teaching_board_top/target/harts/cpu/core/g_sv39.walk/walker/cause_reg[2]
  -------------------------------------------------------------------
                         required time                         31.506    
                         arrival time                         -29.592    
  -------------------------------------------------------------------
                         slack                                  1.914    

Slack (MET) :             1.914ns  (required time - arrival time)
  Source:                 top/teaching_board_top/target/harts/cpu/core/ex_insn_reg[19]/C
                            (rising edge-triggered cell FDRE clocked by host_clk_i  {rise@0.000ns fall@12.500ns period=25.000ns})
  Destination:            top/teaching_board_top/target/harts/cpu/core/g_sv39.walk/walker/cause_reg[3]/CE
                            (rising edge-triggered cell FDRE clocked by host_clk_i  {rise@0.000ns fall@12.500ns period=25.000ns})
  Path Group:             host_clk_i
  Path Type:              Setup (Max at Slow Process Corner)
  Requirement:            25.000ns  (host_clk_i rise@25.000ns - host_clk_i rise@0.000ns)
  Data Path Delay:        22.805ns  (logic 5.600ns (24.556%)  route 17.205ns (75.444%))
  Logic Levels:           28  (CARRY4=8 LUT2=2 LUT3=1 LUT4=1 LUT5=2 LUT6=14)
  Clock Path Skew:        0.006ns (DCD - SCD + CPR)
    Destination Clock Delay (DCD):    6.276ns = ( 31.276 - 25.000 ) 
    Source Clock Delay      (SCD):    6.787ns
    Clock Pessimism Removal (CPR):    0.517ns
  Clock Uncertainty:      0.082ns  ((TSJ^2 + DJ^2)^1/2) / 2 + PE
    Total System Jitter     (TSJ):    0.071ns
    Discrete Jitter          (DJ):    0.147ns
    Phase Error              (PE):    0.000ns

    Location             Delay type                Incr(ns)  Path(ns)    Netlist Resource(s)
  -------------------------------------------------------------------    -------------------
                         (clock host_clk_i rise edge)
                                                      0.000     0.000 r  
    H16                                               0.000     0.000 r  clk (IN)
                         net (fo=0)                   0.000     0.000    clk
    H16                  IBUF (Prop_ibuf_I_O)         1.451     1.451 r  ibufg_gclk/O
                         net (fo=1, routed)           1.285     2.736    gclk_i
    MMCME2_ADV_X1Y2      MMCME2_ADV (Prop_mmcme2_adv_CLKIN1_CLKOUT0)
                                                      0.088     2.824 r  MMCME2_BASE_inst/CLKOUT0
                         net (fo=1, routed)           2.206     5.030    host_clk_i
    BUFGCTRL_X0Y16       BUFG (Prop_bufg_I_O)         0.101     5.131 r  bufg_host_clk/O
                         net (fo=10873, routed)       1.656     6.787    top/teaching_board_top/target/harts/cpu/core/host_clk
    SLICE_X52Y43         FDRE                                         r  top/teaching_board_top/target/harts/cpu/core/ex_insn_reg[19]/C
  -------------------------------------------------------------------    -------------------
    SLICE_X52Y43         FDRE (Prop_fdre_C_Q)         0.456     7.243 r  top/teaching_board_top/target/harts/cpu/core/ex_insn_reg[19]/Q
                         net (fo=133, routed)         1.523     8.766    top/teaching_board_top/target/harts/cpu/core/g_sv39.walk/walker/mem_amo_reg[0][17]
    SLICE_X53Y34         LUT6 (Prop_lut6_I4_O)        0.124     8.890 f  top/teaching_board_top/target/harts/cpu/core/g_sv39.walk/walker/a_mag[0]_i_9/O
                         net (fo=1, routed)           0.433     9.323    top/teaching_board_top/target/harts/cpu/core/g_sv39.walk/walker/a_mag[0]_i_9_n_0
    SLICE_X53Y34         LUT5 (Prop_lut5_I4_O)        0.150     9.473 f  top/teaching_board_top/target/harts/cpu/core/g_sv39.walk/walker/a_mag[0]_i_6/O
                         net (fo=1, routed)           0.506     9.979    top/teaching_board_top/target/harts/cpu/core/g_sv39.walk/walker/a_mag[0]_i_6_n_0
    SLICE_X53Y39         LUT6 (Prop_lut6_I5_O)        0.326    10.305 r  top/teaching_board_top/target/harts/cpu/core/g_sv39.walk/walker/a_mag[0]_i_3/O
                         net (fo=64, routed)          1.257    11.562    top/teaching_board_top/target/harts/cpu/core/g_md.muldiv/fwd1
    SLICE_X60Y48         LUT6 (Prop_lut6_I1_O)        0.124    11.686 r  top/teaching_board_top/target/harts/cpu/core/g_md.muldiv/a_neg_i_4/O
                         net (fo=2, routed)           0.709    12.394    top/teaching_board_top/target/harts/cpu/core/g_sv39.walk/walker/ex_a_reg[31]
    SLICE_X59Y55         LUT6 (Prop_lut6_I5_O)        0.124    12.518 r  top/teaching_board_top/target/harts/cpu/core/g_sv39.walk/walker/a_neg_i_2/O
                         net (fo=77, routed)          1.550    14.068    top/teaching_board_top/target/harts/cpu/core/g_sv39.walk/walker/ex_insn_reg[17]_41
    SLICE_X47Y45         LUT4 (Prop_lut4_I0_O)        0.124    14.192 r  top/teaching_board_top/target/harts/cpu/core/g_sv39.walk/walker/mem_tval[0]_i_222/O
                         net (fo=1, routed)           0.000    14.192    top/teaching_board_top/target/harts/cpu/core/g_sv39.walk/walker/mem_tval[0]_i_222_n_0
    SLICE_X47Y45         CARRY4 (Prop_carry4_S[3]_CO[3])
                                                      0.401    14.593 r  top/teaching_board_top/target/harts/cpu/core/g_sv39.walk/walker/mem_tval_reg[0]_i_170/CO[3]
                         net (fo=1, routed)           0.000    14.593    top/teaching_board_top/target/harts/cpu/core/g_sv39.walk/walker/mem_tval_reg[0]_i_170_n_0
    SLICE_X47Y46         CARRY4 (Prop_carry4_CI_CO[3])
                                                      0.114    14.707 r  top/teaching_board_top/target/harts/cpu/core/g_sv39.walk/walker/mem_tval_reg[0]_i_120/CO[3]
                         net (fo=1, routed)           0.000    14.707    top/teaching_board_top/target/harts/cpu/core/g_sv39.walk/walker/mem_tval_reg[0]_i_120_n_0
    SLICE_X47Y47         CARRY4 (Prop_carry4_CI_CO[3])
                                                      0.114    14.821 r  top/teaching_board_top/target/harts/cpu/core/g_sv39.walk/walker/mem_tval_reg[0]_i_75/CO[3]
                         net (fo=1, routed)           0.000    14.821    top/teaching_board_top/target/harts/cpu/core/g_sv39.walk/walker/mem_tval_reg[0]_i_75_n_0
    SLICE_X47Y48         CARRY4 (Prop_carry4_CI_CO[3])
                                                      0.114    14.935 r  top/teaching_board_top/target/harts/cpu/core/g_sv39.walk/walker/mem_tval_reg[0]_i_30/CO[3]
                         net (fo=1, routed)           0.000    14.935    top/teaching_board_top/target/harts/cpu/core/g_sv39.walk/walker/mem_tval_reg[0]_i_30_n_0
    SLICE_X47Y49         CARRY4 (Prop_carry4_CI_CO[3])
                                                      0.114    15.049 r  top/teaching_board_top/target/harts/cpu/core/g_sv39.walk/walker/mem_tval_reg[0]_i_12/CO[3]
                         net (fo=1, routed)           1.333    16.383    top/teaching_board_top/target/harts/cpu/core/g_sv39.walk/walker/data4
    SLICE_X54Y50         LUT6 (Prop_lut6_I1_O)        0.124    16.507 r  top/teaching_board_top/target/harts/cpu/core/g_sv39.walk/walker/mem_tval[0]_i_8/O
                         net (fo=1, routed)           0.774    17.281    top/teaching_board_top/target/harts/cpu/core/g_sv39.walk/walker/mem_tval[0]_i_8_n_0
    SLICE_X57Y42         LUT6 (Prop_lut6_I0_O)        0.124    17.405 r  top/teaching_board_top/target/harts/cpu/core/g_sv39.walk/walker/mem_tval[0]_i_7/O
                         net (fo=1, routed)           0.850    18.256    top/teaching_board_top/target/harts/cpu/core/g_sv39.walk/walker/br_taken
    SLICE_X58Y31         LUT6 (Prop_lut6_I3_O)        0.124    18.380 f  top/teaching_board_top/target/harts/cpu/core/g_sv39.walk/walker/mem_tval[0]_i_6/O
                         net (fo=1, routed)           0.479    18.859    top/teaching_board_top/target/harts/cpu/core/g_sv39.walk/walker/mem_tval[0]_i_6_n_0
    SLICE_X59Y29         LUT6 (Prop_lut6_I1_O)        0.124    18.983 f  top/teaching_board_top/target/harts/cpu/core/g_sv39.walk/walker/mem_tval[0]_i_4/O
                         net (fo=2, routed)           0.459    19.442    top/teaching_board_top/target/harts/cpu/core/g_sv39.walk/walker/ex_insn_reg[4]
    SLICE_X59Y28         LUT2 (Prop_lut2_I1_O)        0.124    19.566 r  top/teaching_board_top/target/harts/cpu/core/g_sv39.walk/walker/mem_tval[0]_i_2/O
                         net (fo=67, routed)          0.368    19.934    top/teaching_board_top/target/harts/cpu/core/g_sv39.walk/walker/ex_tmis
    SLICE_X60Y28         LUT6 (Prop_lut6_I3_O)        0.124    20.058 r  top/teaching_board_top/target/harts/cpu/core/g_sv39.walk/walker/mem_isa_i_13/O
                         net (fo=3, routed)           0.300    20.358    top/teaching_board_top/target/harts/cpu/core/csrfile/ex_v_reg_1
    SLICE_X61Y28         LUT6 (Prop_lut6_I2_O)        0.124    20.482 f  top/teaching_board_top/target/harts/cpu/core/csrfile/ex_redirected_i_2/O
                         net (fo=130, routed)         1.031    21.513    top/teaching_board_top/target/harts/cpu/core/csrfile/id_v1247_out
    SLICE_X74Y24         LUT2 (Prop_lut2_I1_O)        0.124    21.637 f  top/teaching_board_top/target/harts/cpu/core/csrfile/FSM_sequential_state[1]_i_16/O
                         net (fo=13, routed)          0.665    22.302    top/teaching_board_top/target/harts/cpu/core/csrfile/wb_v_reg_0
    SLICE_X76Y19         LUT6 (Prop_lut6_I0_O)        0.124    22.426 f  top/teaching_board_top/target/harts/cpu/core/csrfile/FSM_sequential_state[1]_i_7/O
                         net (fo=107, routed)         0.782    23.208    top/teaching_board_top/target/harts/cpu/core/csrfile/fe_park_reg
    SLICE_X67Y18         LUT6 (Prop_lut6_I5_O)        0.124    23.332 f  top/teaching_board_top/target/harts/cpu/core/csrfile/FSM_sequential_state[1]_i_1/O
                         net (fo=175, routed)         0.379    23.711    top/teaching_board_top/target/harts/cpu/core/csrfile/rst0
    SLICE_X67Y18         LUT5 (Prop_lut5_I4_O)        0.120    23.831 r  top/teaching_board_top/target/harts/cpu/core/csrfile/va_r[38]_i_3/O
                         net (fo=63, routed)          1.495    25.326    top/teaching_board_top/target/harts/cpu/core/csrfile/wk_own_reg[1]
    SLICE_X72Y40         LUT3 (Prop_lut3_I1_O)        0.321    25.647 r  top/teaching_board_top/target/harts/cpu/core/csrfile/va_r[38]_i_2/O
                         net (fo=10, routed)          0.629    26.277    top/teaching_board_top/target/harts/cpu/core/csrfile/wk_va[26]
    SLICE_X70Y40         LUT6 (Prop_lut6_I1_O)        0.326    26.603 r  top/teaching_board_top/target/harts/cpu/core/csrfile/canonical_carry_i_3/O
                         net (fo=1, routed)           0.000    26.603    top/teaching_board_top/target/harts/cpu/core/g_sv39.walk/walker/S[1]
    SLICE_X70Y40         CARRY4 (Prop_carry4_S[1]_CO[3])
                                                      0.550    27.153 r  top/teaching_board_top/target/harts/cpu/core/g_sv39.walk/walker/canonical_carry/CO[3]
                         net (fo=1, routed)           0.000    27.153    top/teaching_board_top/target/harts/cpu/core/g_sv39.walk/walker/canonical_carry_n_0
    SLICE_X70Y41         CARRY4 (Prop_carry4_CI_CO[3])
                                                      0.114    27.267 r  top/teaching_board_top/target/harts/cpu/core/g_sv39.walk/walker/canonical_carry__0/CO[3]
                         net (fo=1, routed)           0.000    27.267    top/teaching_board_top/target/harts/cpu/core/g_sv39.walk/walker/canonical_carry__0_n_0
    SLICE_X70Y42         CARRY4 (Prop_carry4_CI_CO[0])
                                                      0.271    27.538 f  top/teaching_board_top/target/harts/cpu/core/g_sv39.walk/walker/canonical_carry__1/CO[0]
                         net (fo=5, routed)           1.198    28.736    top/teaching_board_top/target/harts/cpu/core/g_sv39.walk/walker/canonical__9
    SLICE_X64Y19         LUT6 (Prop_lut6_I4_O)        0.373    29.109 r  top/teaching_board_top/target/harts/cpu/core/g_sv39.walk/walker/fault_i_1/O
                         net (fo=5, routed)           0.483    29.592    top/teaching_board_top/target/harts/cpu/core/g_sv39.walk/walker/fault_i_1_n_0
    SLICE_X64Y18         FDRE                                         r  top/teaching_board_top/target/harts/cpu/core/g_sv39.walk/walker/cause_reg[3]/CE
  -------------------------------------------------------------------    -------------------

                         (clock host_clk_i rise edge)
                                                     25.000    25.000 r  
    H16                                               0.000    25.000 r  clk (IN)
                         net (fo=0)                   0.000    25.000    clk
    H16                  IBUF (Prop_ibuf_I_O)         1.380    26.380 r  ibufg_gclk/O
                         net (fo=1, routed)           1.162    27.542    gclk_i
    MMCME2_ADV_X1Y2      MMCME2_ADV (Prop_mmcme2_adv_CLKIN1_CLKOUT0)
                                                      0.083    27.625 r  MMCME2_BASE_inst/CLKOUT0
                         net (fo=1, routed)           2.012    29.637    host_clk_i
    BUFGCTRL_X0Y16       BUFG (Prop_bufg_I_O)         0.091    29.728 r  bufg_host_clk/O
                         net (fo=10873, routed)       1.547    31.276    top/teaching_board_top/target/harts/cpu/core/g_sv39.walk/walker/host_clk
    SLICE_X64Y18         FDRE                                         r  top/teaching_board_top/target/harts/cpu/core/g_sv39.walk/walker/cause_reg[3]/C
                         clock pessimism              0.517    31.793    
                         clock uncertainty           -0.082    31.711    
    SLICE_X64Y18         FDRE (Setup_fdre_C_CE)      -0.205    31.506    top/teaching_board_top/target/harts/cpu/core/g_sv39.walk/walker/cause_reg[3]
  -------------------------------------------------------------------
                         required time                         31.506    
                         arrival time                         -29.592    
  -------------------------------------------------------------------
                         slack                                  1.914    





Min Delay Paths
--------------------------------------------------------------------------------------
Slack (MET) :             0.020ns  (arrival time - required time)
  Source:                 rocketchip_wrapper/system/system_axi_interconnect_1_0/s00_couplers_imp_8CNLH6/system_axi_interconnect_1_imp_auto_pc_0/system_axi_interconnect_1_imp_auto_pc_0_axi_protocol_converter_v2_1_37_axi_protocol_converter/system_axi_interconnect_1_imp_auto_pc_0_axi_protocol_converter_v2_1_37_axi3_conv/system_axi_interconnect_1_imp_auto_pc_0_axi_protocol_converter_v2_1_37_a_axi3_conv__parameterized0/system_axi_interconnect_1_imp_auto_pc_0_axi_data_fifo_v2_1_36_axic_fifo__parameterized1/system_axi_interconnect_1_imp_auto_pc_0_axi_data_fifo_v2_1_36_fifo_gen__parameterized1/<hidden>/<hidden>/<hidden>/<hidden>/<hidden>/<hidden>
                            (rising edge-triggered cell FDCE clocked by host_clk_i  {rise@0.000ns fall@12.500ns period=25.000ns})
  Destination:            rocketchip_wrapper/system/system_axi_interconnect_1_0/s00_couplers_imp_8CNLH6/system_axi_interconnect_1_imp_auto_pc_0/system_axi_interconnect_1_imp_auto_pc_0_axi_protocol_converter_v2_1_37_axi_protocol_converter/system_axi_interconnect_1_imp_auto_pc_0_axi_protocol_converter_v2_1_37_axi3_conv/system_axi_interconnect_1_imp_auto_pc_0_axi_protocol_converter_v2_1_37_a_axi3_conv__parameterized0/system_axi_interconnect_1_imp_auto_pc_0_axi_data_fifo_v2_1_36_axic_fifo__parameterized1/system_axi_interconnect_1_imp_auto_pc_0_axi_data_fifo_v2_1_36_fifo_gen__parameterized1/<hidden>/<hidden>/<hidden>/<hidden>/<hidden>/<hidden>/<hidden>
                            (rising edge-triggered cell RAMD32 clocked by host_clk_i  {rise@0.000ns fall@12.500ns period=25.000ns})
  Path Group:             host_clk_i
  Path Type:              Hold (Min at Fast Process Corner)
  Requirement:            0.000ns  (host_clk_i rise@0.000ns - host_clk_i rise@0.000ns)
  Data Path Delay:        0.233ns  (logic 0.141ns (60.453%)  route 0.092ns (39.547%))
  Logic Levels:           0  
  Clock Path Skew:        0.013ns (DCD - SCD - CPR)
    Destination Clock Delay (DCD):    2.615ns
    Source Clock Delay      (SCD):    2.056ns
    Clock Pessimism Removal (CPR):    0.546ns

    Location             Delay type                Incr(ns)  Path(ns)    Netlist Resource(s)
  -------------------------------------------------------------------    -------------------
                         (clock host_clk_i rise edge)
                                                      0.000     0.000 r  
    H16                                               0.000     0.000 r  clk (IN)
                         net (fo=0)                   0.000     0.000    clk
    H16                  IBUF (Prop_ibuf_I_O)         0.219     0.219 r  ibufg_gclk/O
                         net (fo=1, routed)           0.440     0.659    gclk_i
    MMCME2_ADV_X1Y2      MMCME2_ADV (Prop_mmcme2_adv_CLKIN1_CLKOUT0)
                                                      0.050     0.709 r  MMCME2_BASE_inst/CLKOUT0
                         net (fo=1, routed)           0.696     1.405    host_clk_i
    BUFGCTRL_X0Y16       BUFG (Prop_bufg_I_O)         0.026     1.431 r  bufg_host_clk/O
                         net (fo=10873, routed)       0.625     2.056    rocketchip_wrapper/system/system_axi_interconnect_1_0/s00_couplers_imp_8CNLH6/system_axi_interconnect_1_imp_auto_pc_0/system_axi_interconnect_1_imp_auto_pc_0_axi_protocol_converter_v2_1_37_axi_protocol_converter/system_axi_interconnect_1_imp_auto_pc_0_axi_protocol_converter_v2_1_37_axi3_conv/system_axi_interconnect_1_imp_auto_pc_0_axi_protocol_converter_v2_1_37_a_axi3_conv__parameterized0/system_axi_interconnect_1_imp_auto_pc_0_axi_data_fifo_v2_1_36_axic_fifo__parameterized1/system_axi_interconnect_1_imp_auto_pc_0_axi_data_fifo_v2_1_36_fifo_gen__parameterized1/<hidden>/<hidden>/<hidden>/<hidden>/<hidden>/<hidden>
    SLICE_X3Y46          FDCE                                         r  rocketchip_wrapper/system/system_axi_interconnect_1_0/s00_couplers_imp_8CNLH6/system_axi_interconnect_1_imp_auto_pc_0/system_axi_interconnect_1_imp_auto_pc_0_axi_protocol_converter_v2_1_37_axi_protocol_converter/system_axi_interconnect_1_imp_auto_pc_0_axi_protocol_converter_v2_1_37_axi3_conv/system_axi_interconnect_1_imp_auto_pc_0_axi_protocol_converter_v2_1_37_a_axi3_conv__parameterized0/system_axi_interconnect_1_imp_auto_pc_0_axi_data_fifo_v2_1_36_axic_fifo__parameterized1/system_axi_interconnect_1_imp_auto_pc_0_axi_data_fifo_v2_1_36_fifo_gen__parameterized1/<hidden>/<hidden>/<hidden>/<hidden>/<hidden>/<hidden>
  -------------------------------------------------------------------    -------------------
    SLICE_X3Y46          FDCE (Prop_fdce_C_Q)         0.141     2.197 r  rocketchip_wrapper/system/system_axi_interconnect_1_0/s00_couplers_imp_8CNLH6/system_axi_interconnect_1_imp_auto_pc_0/system_axi_interconnect_1_imp_auto_pc_0_axi_protocol_converter_v2_1_37_axi_protocol_converter/system_axi_interconnect_1_imp_auto_pc_0_axi_protocol_converter_v2_1_37_axi3_conv/system_axi_interconnect_1_imp_auto_pc_0_axi_protocol_converter_v2_1_37_a_axi3_conv__parameterized0/system_axi_interconnect_1_imp_auto_pc_0_axi_data_fifo_v2_1_36_axic_fifo__parameterized1/system_axi_interconnect_1_imp_auto_pc_0_axi_data_fifo_v2_1_36_fifo_gen__parameterized1/<hidden>/<hidden>/<hidden>/<hidden>/<hidden>/<hidden>
                         net (fo=5, routed)           0.092     2.289    rocketchip_wrapper/system/system_axi_interconnect_1_0/s00_couplers_imp_8CNLH6/system_axi_interconnect_1_imp_auto_pc_0/system_axi_interconnect_1_imp_auto_pc_0_axi_protocol_converter_v2_1_37_axi_protocol_converter/system_axi_interconnect_1_imp_auto_pc_0_axi_protocol_converter_v2_1_37_axi3_conv/system_axi_interconnect_1_imp_auto_pc_0_axi_protocol_converter_v2_1_37_a_axi3_conv__parameterized0/system_axi_interconnect_1_imp_auto_pc_0_axi_data_fifo_v2_1_36_axic_fifo__parameterized1/system_axi_interconnect_1_imp_auto_pc_0_axi_data_fifo_v2_1_36_fifo_gen__parameterized1/<hidden>/<hidden>/<hidden>/<hidden>/<hidden>/<hidden>/<hidden>
    SLICE_X2Y46          RAMD32                                       r  rocketchip_wrapper/system/system_axi_interconnect_1_0/s00_couplers_imp_8CNLH6/system_axi_interconnect_1_imp_auto_pc_0/system_axi_interconnect_1_imp_auto_pc_0_axi_protocol_converter_v2_1_37_axi_protocol_converter/system_axi_interconnect_1_imp_auto_pc_0_axi_protocol_converter_v2_1_37_axi3_conv/system_axi_interconnect_1_imp_auto_pc_0_axi_protocol_converter_v2_1_37_a_axi3_conv__parameterized0/system_axi_interconnect_1_imp_auto_pc_0_axi_data_fifo_v2_1_36_axic_fifo__parameterized1/system_axi_interconnect_1_imp_auto_pc_0_axi_data_fifo_v2_1_36_fifo_gen__parameterized1/<hidden>/<hidden>/<hidden>/<hidden>/<hidden>/<hidden>/<hidden>
  -------------------------------------------------------------------    -------------------

                         (clock host_clk_i rise edge)
                                                      0.000     0.000 r  
    H16                                               0.000     0.000 r  clk (IN)
                         net (fo=0)                   0.000     0.000    clk
    H16                  IBUF (Prop_ibuf_I_O)         0.406     0.406 r  ibufg_gclk/O
                         net (fo=1, routed)           0.480     0.886    gclk_i
    MMCME2_ADV_X1Y2      MMCME2_ADV (Prop_mmcme2_adv_CLKIN1_CLKOUT0)
                                                      0.053     0.939 r  MMCME2_BASE_inst/CLKOUT0
                         net (fo=1, routed)           0.752     1.691    host_clk_i
    BUFGCTRL_X0Y16       BUFG (Prop_bufg_I_O)         0.029     1.720 r  bufg_host_clk/O
                         net (fo=10873, routed)       0.895     2.615    rocketchip_wrapper/system/system_axi_interconnect_1_0/s00_couplers_imp_8CNLH6/system_axi_interconnect_1_imp_auto_pc_0/system_axi_interconnect_1_imp_auto_pc_0_axi_protocol_converter_v2_1_37_axi_protocol_converter/system_axi_interconnect_1_imp_auto_pc_0_axi_protocol_converter_v2_1_37_axi3_conv/system_axi_interconnect_1_imp_auto_pc_0_axi_protocol_converter_v2_1_37_a_axi3_conv__parameterized0/system_axi_interconnect_1_imp_auto_pc_0_axi_data_fifo_v2_1_36_axic_fifo__parameterized1/system_axi_interconnect_1_imp_auto_pc_0_axi_data_fifo_v2_1_36_fifo_gen__parameterized1/<hidden>/<hidden>/<hidden>/<hidden>/<hidden>/<hidden>/<hidden>
    SLICE_X2Y46          RAMD32                                       r  rocketchip_wrapper/system/system_axi_interconnect_1_0/s00_couplers_imp_8CNLH6/system_axi_interconnect_1_imp_auto_pc_0/system_axi_interconnect_1_imp_auto_pc_0_axi_protocol_converter_v2_1_37_axi_protocol_converter/system_axi_interconnect_1_imp_auto_pc_0_axi_protocol_converter_v2_1_37_axi3_conv/system_axi_interconnect_1_imp_auto_pc_0_axi_protocol_converter_v2_1_37_a_axi3_conv__parameterized0/system_axi_interconnect_1_imp_auto_pc_0_axi_data_fifo_v2_1_36_axic_fifo__parameterized1/system_axi_interconnect_1_imp_auto_pc_0_axi_data_fifo_v2_1_36_fifo_gen__parameterized1/<hidden>/<hidden>/<hidden>/<hidden>/<hidden>/<hidden>/<hidden>
                         clock pessimism             -0.546     2.069    
    SLICE_X2Y46          RAMD32 (Hold_ramd32_CLK_WADR4)
                                                      0.200     2.269    rocketchip_wrapper/system/system_axi_interconnect_1_0/s00_couplers_imp_8CNLH6/system_axi_interconnect_1_imp_auto_pc_0/system_axi_interconnect_1_imp_auto_pc_0_axi_protocol_converter_v2_1_37_axi_protocol_converter/system_axi_interconnect_1_imp_auto_pc_0_axi_protocol_converter_v2_1_37_axi3_conv/system_axi_interconnect_1_imp_auto_pc_0_axi_protocol_converter_v2_1_37_a_axi3_conv__parameterized0/system_axi_interconnect_1_imp_auto_pc_0_axi_data_fifo_v2_1_36_axic_fifo__parameterized1/system_axi_interconnect_1_imp_auto_pc_0_axi_data_fifo_v2_1_36_fifo_gen__parameterized1/<hidden>/<hidden>/<hidden>/<hidden>/<hidden>/<hidden>/<hidden>
  -------------------------------------------------------------------
                         required time                         -2.269    
                         arrival time                           2.289    
  -------------------------------------------------------------------
                         slack                                  0.020    

Slack (MET) :             0.020ns  (arrival time - required time)
  Source:                 rocketchip_wrapper/system/system_axi_interconnect_1_0/s00_couplers_imp_8CNLH6/system_axi_interconnect_1_imp_auto_pc_0/system_axi_interconnect_1_imp_auto_pc_0_axi_protocol_converter_v2_1_37_axi_protocol_converter/system_axi_interconnect_1_imp_auto_pc_0_axi_protocol_converter_v2_1_37_axi3_conv/system_axi_interconnect_1_imp_auto_pc_0_axi_protocol_converter_v2_1_37_a_axi3_conv__parameterized0/system_axi_interconnect_1_imp_auto_pc_0_axi_data_fifo_v2_1_36_axic_fifo__parameterized1/system_axi_interconnect_1_imp_auto_pc_0_axi_data_fifo_v2_1_36_fifo_gen__parameterized1/<hidden>/<hidden>/<hidden>/<hidden>/<hidden>/<hidden>
                            (rising edge-triggered cell FDCE clocked by host_clk_i  {rise@0.000ns fall@12.500ns period=25.000ns})
  Destination:            rocketchip_wrapper/system/system_axi_interconnect_1_0/s00_couplers_imp_8CNLH6/system_axi_interconnect_1_imp_auto_pc_0/system_axi_interconnect_1_imp_auto_pc_0_axi_protocol_converter_v2_1_37_axi_protocol_converter/system_axi_interconnect_1_imp_auto_pc_0_axi_protocol_converter_v2_1_37_axi3_conv/system_axi_interconnect_1_imp_auto_pc_0_axi_protocol_converter_v2_1_37_a_axi3_conv__parameterized0/system_axi_interconnect_1_imp_auto_pc_0_axi_data_fifo_v2_1_36_axic_fifo__parameterized1/system_axi_interconnect_1_imp_auto_pc_0_axi_data_fifo_v2_1_36_fifo_gen__parameterized1/<hidden>/<hidden>/<hidden>/<hidden>/<hidden>/<hidden>/<hidden>
                            (rising edge-triggered cell RAMD32 clocked by host_clk_i  {rise@0.000ns fall@12.500ns period=25.000ns})
  Path Group:             host_clk_i
  Path Type:              Hold (Min at Fast Process Corner)
  Requirement:            0.000ns  (host_clk_i rise@0.000ns - host_clk_i rise@0.000ns)
  Data Path Delay:        0.233ns  (logic 0.141ns (60.453%)  route 0.092ns (39.547%))
  Logic Levels:           0  
  Clock Path Skew:        0.013ns (DCD - SCD - CPR)
    Destination Clock Delay (DCD):    2.615ns
    Source Clock Delay      (SCD):    2.056ns
    Clock Pessimism Removal (CPR):    0.546ns

    Location             Delay type                Incr(ns)  Path(ns)    Netlist Resource(s)
  -------------------------------------------------------------------    -------------------
                         (clock host_clk_i rise edge)
                                                      0.000     0.000 r  
    H16                                               0.000     0.000 r  clk (IN)
                         net (fo=0)                   0.000     0.000    clk
    H16                  IBUF (Prop_ibuf_I_O)         0.219     0.219 r  ibufg_gclk/O
                         net (fo=1, routed)           0.440     0.659    gclk_i
    MMCME2_ADV_X1Y2      MMCME2_ADV (Prop_mmcme2_adv_CLKIN1_CLKOUT0)
                                                      0.050     0.709 r  MMCME2_BASE_inst/CLKOUT0
                         net (fo=1, routed)           0.696     1.405    host_clk_i
    BUFGCTRL_X0Y16       BUFG (Prop_bufg_I_O)         0.026     1.431 r  bufg_host_clk/O
                         net (fo=10873, routed)       0.625     2.056    rocketchip_wrapper/system/system_axi_interconnect_1_0/s00_couplers_imp_8CNLH6/system_axi_interconnect_1_imp_auto_pc_0/system_axi_interconnect_1_imp_auto_pc_0_axi_protocol_converter_v2_1_37_axi_protocol_converter/system_axi_interconnect_1_imp_auto_pc_0_axi_protocol_converter_v2_1_37_axi3_conv/system_axi_interconnect_1_imp_auto_pc_0_axi_protocol_converter_v2_1_37_a_axi3_conv__parameterized0/system_axi_interconnect_1_imp_auto_pc_0_axi_data_fifo_v2_1_36_axic_fifo__parameterized1/system_axi_interconnect_1_imp_auto_pc_0_axi_data_fifo_v2_1_36_fifo_gen__parameterized1/<hidden>/<hidden>/<hidden>/<hidden>/<hidden>/<hidden>
    SLICE_X3Y46          FDCE                                         r  rocketchip_wrapper/system/system_axi_interconnect_1_0/s00_couplers_imp_8CNLH6/system_axi_interconnect_1_imp_auto_pc_0/system_axi_interconnect_1_imp_auto_pc_0_axi_protocol_converter_v2_1_37_axi_protocol_converter/system_axi_interconnect_1_imp_auto_pc_0_axi_protocol_converter_v2_1_37_axi3_conv/system_axi_interconnect_1_imp_auto_pc_0_axi_protocol_converter_v2_1_37_a_axi3_conv__parameterized0/system_axi_interconnect_1_imp_auto_pc_0_axi_data_fifo_v2_1_36_axic_fifo__parameterized1/system_axi_interconnect_1_imp_auto_pc_0_axi_data_fifo_v2_1_36_fifo_gen__parameterized1/<hidden>/<hidden>/<hidden>/<hidden>/<hidden>/<hidden>
  -------------------------------------------------------------------    -------------------
    SLICE_X3Y46          FDCE (Prop_fdce_C_Q)         0.141     2.197 r  rocketchip_wrapper/system/system_axi_interconnect_1_0/s00_couplers_imp_8CNLH6/system_axi_interconnect_1_imp_auto_pc_0/system_axi_interconnect_1_imp_auto_pc_0_axi_protocol_converter_v2_1_37_axi_protocol_converter/system_axi_interconnect_1_imp_auto_pc_0_axi_protocol_converter_v2_1_37_axi3_conv/system_axi_interconnect_1_imp_auto_pc_0_axi_protocol_converter_v2_1_37_a_axi3_conv__parameterized0/system_axi_interconnect_1_imp_auto_pc_0_axi_data_fifo_v2_1_36_axic_fifo__parameterized1/system_axi_interconnect_1_imp_auto_pc_0_axi_data_fifo_v2_1_36_fifo_gen__parameterized1/<hidden>/<hidden>/<hidden>/<hidden>/<hidden>/<hidden>
                         net (fo=5, routed)           0.092     2.289    rocketchip_wrapper/system/system_axi_interconnect_1_0/s00_couplers_imp_8CNLH6/system_axi_interconnect_1_imp_auto_pc_0/system_axi_interconnect_1_imp_auto_pc_0_axi_protocol_converter_v2_1_37_axi_protocol_converter/system_axi_interconnect_1_imp_auto_pc_0_axi_protocol_converter_v2_1_37_axi3_conv/system_axi_interconnect_1_imp_auto_pc_0_axi_protocol_converter_v2_1_37_a_axi3_conv__parameterized0/system_axi_interconnect_1_imp_auto_pc_0_axi_data_fifo_v2_1_36_axic_fifo__parameterized1/system_axi_interconnect_1_imp_auto_pc_0_axi_data_fifo_v2_1_36_fifo_gen__parameterized1/<hidden>/<hidden>/<hidden>/<hidden>/<hidden>/<hidden>/<hidden>
    SLICE_X2Y46          RAMD32                                       r  rocketchip_wrapper/system/system_axi_interconnect_1_0/s00_couplers_imp_8CNLH6/system_axi_interconnect_1_imp_auto_pc_0/system_axi_interconnect_1_imp_auto_pc_0_axi_protocol_converter_v2_1_37_axi_protocol_converter/system_axi_interconnect_1_imp_auto_pc_0_axi_protocol_converter_v2_1_37_axi3_conv/system_axi_interconnect_1_imp_auto_pc_0_axi_protocol_converter_v2_1_37_a_axi3_conv__parameterized0/system_axi_interconnect_1_imp_auto_pc_0_axi_data_fifo_v2_1_36_axic_fifo__parameterized1/system_axi_interconnect_1_imp_auto_pc_0_axi_data_fifo_v2_1_36_fifo_gen__parameterized1/<hidden>/<hidden>/<hidden>/<hidden>/<hidden>/<hidden>/<hidden>
  -------------------------------------------------------------------    -------------------

                         (clock host_clk_i rise edge)
                                                      0.000     0.000 r  
    H16                                               0.000     0.000 r  clk (IN)
                         net (fo=0)                   0.000     0.000    clk
    H16                  IBUF (Prop_ibuf_I_O)         0.406     0.406 r  ibufg_gclk/O
                         net (fo=1, routed)           0.480     0.886    gclk_i
    MMCME2_ADV_X1Y2      MMCME2_ADV (Prop_mmcme2_adv_CLKIN1_CLKOUT0)
                                                      0.053     0.939 r  MMCME2_BASE_inst/CLKOUT0
                         net (fo=1, routed)           0.752     1.691    host_clk_i
    BUFGCTRL_X0Y16       BUFG (Prop_bufg_I_O)         0.029     1.720 r  bufg_host_clk/O
                         net (fo=10873, routed)       0.895     2.615    rocketchip_wrapper/system/system_axi_interconnect_1_0/s00_couplers_imp_8CNLH6/system_axi_interconnect_1_imp_auto_pc_0/system_axi_interconnect_1_imp_auto_pc_0_axi_protocol_converter_v2_1_37_axi_protocol_converter/system_axi_interconnect_1_imp_auto_pc_0_axi_protocol_converter_v2_1_37_axi3_conv/system_axi_interconnect_1_imp_auto_pc_0_axi_protocol_converter_v2_1_37_a_axi3_conv__parameterized0/system_axi_interconnect_1_imp_auto_pc_0_axi_data_fifo_v2_1_36_axic_fifo__parameterized1/system_axi_interconnect_1_imp_auto_pc_0_axi_data_fifo_v2_1_36_fifo_gen__parameterized1/<hidden>/<hidden>/<hidden>/<hidden>/<hidden>/<hidden>/<hidden>
    SLICE_X2Y46          RAMD32                                       r  rocketchip_wrapper/system/system_axi_interconnect_1_0/s00_couplers_imp_8CNLH6/system_axi_interconnect_1_imp_auto_pc_0/system_axi_interconnect_1_imp_auto_pc_0_axi_protocol_converter_v2_1_37_axi_protocol_converter/system_axi_interconnect_1_imp_auto_pc_0_axi_protocol_converter_v2_1_37_axi3_conv/system_axi_interconnect_1_imp_auto_pc_0_axi_protocol_converter_v2_1_37_a_axi3_conv__parameterized0/system_axi_interconnect_1_imp_auto_pc_0_axi_data_fifo_v2_1_36_axic_fifo__parameterized1/system_axi_interconnect_1_imp_auto_pc_0_axi_data_fifo_v2_1_36_fifo_gen__parameterized1/<hidden>/<hidden>/<hidden>/<hidden>/<hidden>/<hidden>/<hidden>
                         clock pessimism             -0.546     2.069    
    SLICE_X2Y46          RAMD32 (Hold_ramd32_CLK_WADR4)
                                                      0.200     2.269    rocketchip_wrapper/system/system_axi_interconnect_1_0/s00_couplers_imp_8CNLH6/system_axi_interconnect_1_imp_auto_pc_0/system_axi_interconnect_1_imp_auto_pc_0_axi_protocol_converter_v2_1_37_axi_protocol_converter/system_axi_interconnect_1_imp_auto_pc_0_axi_protocol_converter_v2_1_37_axi3_conv/system_axi_interconnect_1_imp_auto_pc_0_axi_protocol_converter_v2_1_37_a_axi3_conv__parameterized0/system_axi_interconnect_1_imp_auto_pc_0_axi_data_fifo_v2_1_36_axic_fifo__parameterized1/system_axi_interconnect_1_imp_auto_pc_0_axi_data_fifo_v2_1_36_fifo_gen__parameterized1/<hidden>/<hidden>/<hidden>/<hidden>/<hidden>/<hidden>/<hidden>
  -------------------------------------------------------------------
                         required time                         -2.269    
                         arrival time                           2.289    
  -------------------------------------------------------------------
                         slack                                  0.020    

Slack (MET) :             0.033ns  (arrival time - required time)
  Source:                 rocketchip_wrapper/system/system_axi_interconnect_1_0/s00_couplers_imp_8CNLH6/system_axi_interconnect_1_imp_auto_pc_0/system_axi_interconnect_1_imp_auto_pc_0_axi_protocol_converter_v2_1_37_axi_protocol_converter/system_axi_interconnect_1_imp_auto_pc_0_axi_protocol_converter_v2_1_37_axi3_conv/system_axi_interconnect_1_imp_auto_pc_0_axi_protocol_converter_v2_1_37_a_axi3_conv__parameterized0/system_axi_interconnect_1_imp_auto_pc_0_axi_data_fifo_v2_1_36_axic_fifo__parameterized1/system_axi_interconnect_1_imp_auto_pc_0_axi_data_fifo_v2_1_36_fifo_gen__parameterized1/<hidden>/<hidden>/<hidden>/<hidden>/<hidden>/<hidden>
                            (rising edge-triggered cell FDCE clocked by host_clk_i  {rise@0.000ns fall@12.500ns period=25.000ns})
  Destination:            rocketchip_wrapper/system/system_axi_interconnect_1_0/s00_couplers_imp_8CNLH6/system_axi_interconnect_1_imp_auto_pc_0/system_axi_interconnect_1_imp_auto_pc_0_axi_protocol_converter_v2_1_37_axi_protocol_converter/system_axi_interconnect_1_imp_auto_pc_0_axi_protocol_converter_v2_1_37_axi3_conv/system_axi_interconnect_1_imp_auto_pc_0_axi_protocol_converter_v2_1_37_a_axi3_conv__parameterized0/system_axi_interconnect_1_imp_auto_pc_0_axi_data_fifo_v2_1_36_axic_fifo__parameterized1/system_axi_interconnect_1_imp_auto_pc_0_axi_data_fifo_v2_1_36_fifo_gen__parameterized1/<hidden>/<hidden>/<hidden>/<hidden>/<hidden>/<hidden>/<hidden>
                            (rising edge-triggered cell RAMD32 clocked by host_clk_i  {rise@0.000ns fall@12.500ns period=25.000ns})
  Path Group:             host_clk_i
  Path Type:              Hold (Min at Fast Process Corner)
  Requirement:            0.000ns  (host_clk_i rise@0.000ns - host_clk_i rise@0.000ns)
  Data Path Delay:        0.286ns  (logic 0.141ns (49.242%)  route 0.145ns (50.758%))
  Logic Levels:           0  
  Clock Path Skew:        0.013ns (DCD - SCD - CPR)
    Destination Clock Delay (DCD):    2.615ns
    Source Clock Delay      (SCD):    2.056ns
    Clock Pessimism Removal (CPR):    0.546ns

    Location             Delay type                Incr(ns)  Path(ns)    Netlist Resource(s)
  -------------------------------------------------------------------    -------------------
                         (clock host_clk_i rise edge)
                                                      0.000     0.000 r  
    H16                                               0.000     0.000 r  clk (IN)
                         net (fo=0)                   0.000     0.000    clk
    H16                  IBUF (Prop_ibuf_I_O)         0.219     0.219 r  ibufg_gclk/O
                         net (fo=1, routed)           0.440     0.659    gclk_i
    MMCME2_ADV_X1Y2      MMCME2_ADV (Prop_mmcme2_adv_CLKIN1_CLKOUT0)
                                                      0.050     0.709 r  MMCME2_BASE_inst/CLKOUT0
                         net (fo=1, routed)           0.696     1.405    host_clk_i
    BUFGCTRL_X0Y16       BUFG (Prop_bufg_I_O)         0.026     1.431 r  bufg_host_clk/O
                         net (fo=10873, routed)       0.625     2.056    rocketchip_wrapper/system/system_axi_interconnect_1_0/s00_couplers_imp_8CNLH6/system_axi_interconnect_1_imp_auto_pc_0/system_axi_interconnect_1_imp_auto_pc_0_axi_protocol_converter_v2_1_37_axi_protocol_converter/system_axi_interconnect_1_imp_auto_pc_0_axi_protocol_converter_v2_1_37_axi3_conv/system_axi_interconnect_1_imp_auto_pc_0_axi_protocol_converter_v2_1_37_a_axi3_conv__parameterized0/system_axi_interconnect_1_imp_auto_pc_0_axi_data_fifo_v2_1_36_axic_fifo__parameterized1/system_axi_interconnect_1_imp_auto_pc_0_axi_data_fifo_v2_1_36_fifo_gen__parameterized1/<hidden>/<hidden>/<hidden>/<hidden>/<hidden>/<hidden>
    SLICE_X3Y46          FDCE                                         r  rocketchip_wrapper/system/system_axi_interconnect_1_0/s00_couplers_imp_8CNLH6/system_axi_interconnect_1_imp_auto_pc_0/system_axi_interconnect_1_imp_auto_pc_0_axi_protocol_converter_v2_1_37_axi_protocol_converter/system_axi_interconnect_1_imp_auto_pc_0_axi_protocol_converter_v2_1_37_axi3_conv/system_axi_interconnect_1_imp_auto_pc_0_axi_protocol_converter_v2_1_37_a_axi3_conv__parameterized0/system_axi_interconnect_1_imp_auto_pc_0_axi_data_fifo_v2_1_36_axic_fifo__parameterized1/system_axi_interconnect_1_imp_auto_pc_0_axi_data_fifo_v2_1_36_fifo_gen__parameterized1/<hidden>/<hidden>/<hidden>/<hidden>/<hidden>/<hidden>
  -------------------------------------------------------------------    -------------------
    SLICE_X3Y46          FDCE (Prop_fdce_C_Q)         0.141     2.197 r  rocketchip_wrapper/system/system_axi_interconnect_1_0/s00_couplers_imp_8CNLH6/system_axi_interconnect_1_imp_auto_pc_0/system_axi_interconnect_1_imp_auto_pc_0_axi_protocol_converter_v2_1_37_axi_protocol_converter/system_axi_interconnect_1_imp_auto_pc_0_axi_protocol_converter_v2_1_37_axi3_conv/system_axi_interconnect_1_imp_auto_pc_0_axi_protocol_converter_v2_1_37_a_axi3_conv__parameterized0/system_axi_interconnect_1_imp_auto_pc_0_axi_data_fifo_v2_1_36_axic_fifo__parameterized1/system_axi_interconnect_1_imp_auto_pc_0_axi_data_fifo_v2_1_36_fifo_gen__parameterized1/<hidden>/<hidden>/<hidden>/<hidden>/<hidden>/<hidden>
                         net (fo=5, routed)           0.145     2.342    rocketchip_wrapper/system/system_axi_interconnect_1_0/s00_couplers_imp_8CNLH6/system_axi_interconnect_1_imp_auto_pc_0/system_axi_interconnect_1_imp_auto_pc_0_axi_protocol_converter_v2_1_37_axi_protocol_converter/system_axi_interconnect_1_imp_auto_pc_0_axi_protocol_converter_v2_1_37_axi3_conv/system_axi_interconnect_1_imp_auto_pc_0_axi_protocol_converter_v2_1_37_a_axi3_conv__parameterized0/system_axi_interconnect_1_imp_auto_pc_0_axi_data_fifo_v2_1_36_axic_fifo__parameterized1/system_axi_interconnect_1_imp_auto_pc_0_axi_data_fifo_v2_1_36_fifo_gen__parameterized1/<hidden>/<hidden>/<hidden>/<hidden>/<hidden>/<hidden>/<hidden>
    SLICE_X2Y46          RAMD32                                       r  rocketchip_wrapper/system/system_axi_interconnect_1_0/s00_couplers_imp_8CNLH6/system_axi_interconnect_1_imp_auto_pc_0/system_axi_interconnect_1_imp_auto_pc_0_axi_protocol_converter_v2_1_37_axi_protocol_converter/system_axi_interconnect_1_imp_auto_pc_0_axi_protocol_converter_v2_1_37_axi3_conv/system_axi_interconnect_1_imp_auto_pc_0_axi_protocol_converter_v2_1_37_a_axi3_conv__parameterized0/system_axi_interconnect_1_imp_auto_pc_0_axi_data_fifo_v2_1_36_axic_fifo__parameterized1/system_axi_interconnect_1_imp_auto_pc_0_axi_data_fifo_v2_1_36_fifo_gen__parameterized1/<hidden>/<hidden>/<hidden>/<hidden>/<hidden>/<hidden>/<hidden>
  -------------------------------------------------------------------    -------------------

                         (clock host_clk_i rise edge)
                                                      0.000     0.000 r  
    H16                                               0.000     0.000 r  clk (IN)
                         net (fo=0)                   0.000     0.000    clk
    H16                  IBUF (Prop_ibuf_I_O)         0.406     0.406 r  ibufg_gclk/O
                         net (fo=1, routed)           0.480     0.886    gclk_i
    MMCME2_ADV_X1Y2      MMCME2_ADV (Prop_mmcme2_adv_CLKIN1_CLKOUT0)
                                                      0.053     0.939 r  MMCME2_BASE_inst/CLKOUT0
                         net (fo=1, routed)           0.752     1.691    host_clk_i
    BUFGCTRL_X0Y16       BUFG (Prop_bufg_I_O)         0.029     1.720 r  bufg_host_clk/O
                         net (fo=10873, routed)       0.895     2.615    rocketchip_wrapper/system/system_axi_interconnect_1_0/s00_couplers_imp_8CNLH6/system_axi_interconnect_1_imp_auto_pc_0/system_axi_interconnect_1_imp_auto_pc_0_axi_protocol_converter_v2_1_37_axi_protocol_converter/system_axi_interconnect_1_imp_auto_pc_0_axi_protocol_converter_v2_1_37_axi3_conv/system_axi_interconnect_1_imp_auto_pc_0_axi_protocol_converter_v2_1_37_a_axi3_conv__parameterized0/system_axi_interconnect_1_imp_auto_pc_0_axi_data_fifo_v2_1_36_axic_fifo__parameterized1/system_axi_interconnect_1_imp_auto_pc_0_axi_data_fifo_v2_1_36_fifo_gen__parameterized1/<hidden>/<hidden>/<hidden>/<hidden>/<hidden>/<hidden>/<hidden>
    SLICE_X2Y46          RAMD32                                       r  rocketchip_wrapper/system/system_axi_interconnect_1_0/s00_couplers_imp_8CNLH6/system_axi_interconnect_1_imp_auto_pc_0/system_axi_interconnect_1_imp_auto_pc_0_axi_protocol_converter_v2_1_37_axi_protocol_converter/system_axi_interconnect_1_imp_auto_pc_0_axi_protocol_converter_v2_1_37_axi3_conv/system_axi_interconnect_1_imp_auto_pc_0_axi_protocol_converter_v2_1_37_a_axi3_conv__parameterized0/system_axi_interconnect_1_imp_auto_pc_0_axi_data_fifo_v2_1_36_axic_fifo__parameterized1/system_axi_interconnect_1_imp_auto_pc_0_axi_data_fifo_v2_1_36_fifo_gen__parameterized1/<hidden>/<hidden>/<hidden>/<hidden>/<hidden>/<hidden>/<hidden>
                         clock pessimism             -0.546     2.069    
    SLICE_X2Y46          RAMD32 (Hold_ramd32_CLK_WADR3)
                                                      0.240     2.309    rocketchip_wrapper/system/system_axi_interconnect_1_0/s00_couplers_imp_8CNLH6/system_axi_interconnect_1_imp_auto_pc_0/system_axi_interconnect_1_imp_auto_pc_0_axi_protocol_converter_v2_1_37_axi_protocol_converter/system_axi_interconnect_1_imp_auto_pc_0_axi_protocol_converter_v2_1_37_axi3_conv/system_axi_interconnect_1_imp_auto_pc_0_axi_protocol_converter_v2_1_37_a_axi3_conv__parameterized0/system_axi_interconnect_1_imp_auto_pc_0_axi_data_fifo_v2_1_36_axic_fifo__parameterized1/system_axi_interconnect_1_imp_auto_pc_0_axi_data_fifo_v2_1_36_fifo_gen__parameterized1/<hidden>/<hidden>/<hidden>/<hidden>/<hidden>/<hidden>/<hidden>
  -------------------------------------------------------------------
                         required time                         -2.309    
                         arrival time                           2.342    
  -------------------------------------------------------------------
                         slack                                  0.033    

Slack (MET) :             0.033ns  (arrival time - required time)
  Source:                 rocketchip_wrapper/system/system_axi_interconnect_1_0/s00_couplers_imp_8CNLH6/system_axi_interconnect_1_imp_auto_pc_0/system_axi_interconnect_1_imp_auto_pc_0_axi_protocol_converter_v2_1_37_axi_protocol_converter/system_axi_interconnect_1_imp_auto_pc_0_axi_protocol_converter_v2_1_37_axi3_conv/system_axi_interconnect_1_imp_auto_pc_0_axi_protocol_converter_v2_1_37_a_axi3_conv__parameterized0/system_axi_interconnect_1_imp_auto_pc_0_axi_data_fifo_v2_1_36_axic_fifo__parameterized1/system_axi_interconnect_1_imp_auto_pc_0_axi_data_fifo_v2_1_36_fifo_gen__parameterized1/<hidden>/<hidden>/<hidden>/<hidden>/<hidden>/<hidden>
                            (rising edge-triggered cell FDCE clocked by host_clk_i  {rise@0.000ns fall@12.500ns period=25.000ns})
  Destination:            rocketchip_wrapper/system/system_axi_interconnect_1_0/s00_couplers_imp_8CNLH6/system_axi_interconnect_1_imp_auto_pc_0/system_axi_interconnect_1_imp_auto_pc_0_axi_protocol_converter_v2_1_37_axi_protocol_converter/system_axi_interconnect_1_imp_auto_pc_0_axi_protocol_converter_v2_1_37_axi3_conv/system_axi_interconnect_1_imp_auto_pc_0_axi_protocol_converter_v2_1_37_a_axi3_conv__parameterized0/system_axi_interconnect_1_imp_auto_pc_0_axi_data_fifo_v2_1_36_axic_fifo__parameterized1/system_axi_interconnect_1_imp_auto_pc_0_axi_data_fifo_v2_1_36_fifo_gen__parameterized1/<hidden>/<hidden>/<hidden>/<hidden>/<hidden>/<hidden>/<hidden>
                            (rising edge-triggered cell RAMD32 clocked by host_clk_i  {rise@0.000ns fall@12.500ns period=25.000ns})
  Path Group:             host_clk_i
  Path Type:              Hold (Min at Fast Process Corner)
  Requirement:            0.000ns  (host_clk_i rise@0.000ns - host_clk_i rise@0.000ns)
  Data Path Delay:        0.286ns  (logic 0.141ns (49.242%)  route 0.145ns (50.758%))
  Logic Levels:           0  
  Clock Path Skew:        0.013ns (DCD - SCD - CPR)
    Destination Clock Delay (DCD):    2.615ns
    Source Clock Delay      (SCD):    2.056ns
    Clock Pessimism Removal (CPR):    0.546ns

    Location             Delay type                Incr(ns)  Path(ns)    Netlist Resource(s)
  -------------------------------------------------------------------    -------------------
                         (clock host_clk_i rise edge)
                                                      0.000     0.000 r  
    H16                                               0.000     0.000 r  clk (IN)
                         net (fo=0)                   0.000     0.000    clk
    H16                  IBUF (Prop_ibuf_I_O)         0.219     0.219 r  ibufg_gclk/O
                         net (fo=1, routed)           0.440     0.659    gclk_i
    MMCME2_ADV_X1Y2      MMCME2_ADV (Prop_mmcme2_adv_CLKIN1_CLKOUT0)
                                                      0.050     0.709 r  MMCME2_BASE_inst/CLKOUT0
                         net (fo=1, routed)           0.696     1.405    host_clk_i
    BUFGCTRL_X0Y16       BUFG (Prop_bufg_I_O)         0.026     1.431 r  bufg_host_clk/O
                         net (fo=10873, routed)       0.625     2.056    rocketchip_wrapper/system/system_axi_interconnect_1_0/s00_couplers_imp_8CNLH6/system_axi_interconnect_1_imp_auto_pc_0/system_axi_interconnect_1_imp_auto_pc_0_axi_protocol_converter_v2_1_37_axi_protocol_converter/system_axi_interconnect_1_imp_auto_pc_0_axi_protocol_converter_v2_1_37_axi3_conv/system_axi_interconnect_1_imp_auto_pc_0_axi_protocol_converter_v2_1_37_a_axi3_conv__parameterized0/system_axi_interconnect_1_imp_auto_pc_0_axi_data_fifo_v2_1_36_axic_fifo__parameterized1/system_axi_interconnect_1_imp_auto_pc_0_axi_data_fifo_v2_1_36_fifo_gen__parameterized1/<hidden>/<hidden>/<hidden>/<hidden>/<hidden>/<hidden>
    SLICE_X3Y46          FDCE                                         r  rocketchip_wrapper/system/system_axi_interconnect_1_0/s00_couplers_imp_8CNLH6/system_axi_interconnect_1_imp_auto_pc_0/system_axi_interconnect_1_imp_auto_pc_0_axi_protocol_converter_v2_1_37_axi_protocol_converter/system_axi_interconnect_1_imp_auto_pc_0_axi_protocol_converter_v2_1_37_axi3_conv/system_axi_interconnect_1_imp_auto_pc_0_axi_protocol_converter_v2_1_37_a_axi3_conv__parameterized0/system_axi_interconnect_1_imp_auto_pc_0_axi_data_fifo_v2_1_36_axic_fifo__parameterized1/system_axi_interconnect_1_imp_auto_pc_0_axi_data_fifo_v2_1_36_fifo_gen__parameterized1/<hidden>/<hidden>/<hidden>/<hidden>/<hidden>/<hidden>
  -------------------------------------------------------------------    -------------------
    SLICE_X3Y46          FDCE (Prop_fdce_C_Q)         0.141     2.197 r  rocketchip_wrapper/system/system_axi_interconnect_1_0/s00_couplers_imp_8CNLH6/system_axi_interconnect_1_imp_auto_pc_0/system_axi_interconnect_1_imp_auto_pc_0_axi_protocol_converter_v2_1_37_axi_protocol_converter/system_axi_interconnect_1_imp_auto_pc_0_axi_protocol_converter_v2_1_37_axi3_conv/system_axi_interconnect_1_imp_auto_pc_0_axi_protocol_converter_v2_1_37_a_axi3_conv__parameterized0/system_axi_interconnect_1_imp_auto_pc_0_axi_data_fifo_v2_1_36_axic_fifo__parameterized1/system_axi_interconnect_1_imp_auto_pc_0_axi_data_fifo_v2_1_36_fifo_gen__parameterized1/<hidden>/<hidden>/<hidden>/<hidden>/<hidden>/<hidden>
                         net (fo=5, routed)           0.145     2.342    rocketchip_wrapper/system/system_axi_interconnect_1_0/s00_couplers_imp_8CNLH6/system_axi_interconnect_1_imp_auto_pc_0/system_axi_interconnect_1_imp_auto_pc_0_axi_protocol_converter_v2_1_37_axi_protocol_converter/system_axi_interconnect_1_imp_auto_pc_0_axi_protocol_converter_v2_1_37_axi3_conv/system_axi_interconnect_1_imp_auto_pc_0_axi_protocol_converter_v2_1_37_a_axi3_conv__parameterized0/system_axi_interconnect_1_imp_auto_pc_0_axi_data_fifo_v2_1_36_axic_fifo__parameterized1/system_axi_interconnect_1_imp_auto_pc_0_axi_data_fifo_v2_1_36_fifo_gen__parameterized1/<hidden>/<hidden>/<hidden>/<hidden>/<hidden>/<hidden>/<hidden>
    SLICE_X2Y46          RAMD32                                       r  rocketchip_wrapper/system/system_axi_interconnect_1_0/s00_couplers_imp_8CNLH6/system_axi_interconnect_1_imp_auto_pc_0/system_axi_interconnect_1_imp_auto_pc_0_axi_protocol_converter_v2_1_37_axi_protocol_converter/system_axi_interconnect_1_imp_auto_pc_0_axi_protocol_converter_v2_1_37_axi3_conv/system_axi_interconnect_1_imp_auto_pc_0_axi_protocol_converter_v2_1_37_a_axi3_conv__parameterized0/system_axi_interconnect_1_imp_auto_pc_0_axi_data_fifo_v2_1_36_axic_fifo__parameterized1/system_axi_interconnect_1_imp_auto_pc_0_axi_data_fifo_v2_1_36_fifo_gen__parameterized1/<hidden>/<hidden>/<hidden>/<hidden>/<hidden>/<hidden>/<hidden>
  -------------------------------------------------------------------    -------------------

                         (clock host_clk_i rise edge)
                                                      0.000     0.000 r  
    H16                                               0.000     0.000 r  clk (IN)
                         net (fo=0)                   0.000     0.000    clk
    H16                  IBUF (Prop_ibuf_I_O)         0.406     0.406 r  ibufg_gclk/O
                         net (fo=1, routed)           0.480     0.886    gclk_i
    MMCME2_ADV_X1Y2      MMCME2_ADV (Prop_mmcme2_adv_CLKIN1_CLKOUT0)
                                                      0.053     0.939 r  MMCME2_BASE_inst/CLKOUT0
                         net (fo=1, routed)           0.752     1.691    host_clk_i
    BUFGCTRL_X0Y16       BUFG (Prop_bufg_I_O)         0.029     1.720 r  bufg_host_clk/O
                         net (fo=10873, routed)       0.895     2.615    rocketchip_wrapper/system/system_axi_interconnect_1_0/s00_couplers_imp_8CNLH6/system_axi_interconnect_1_imp_auto_pc_0/system_axi_interconnect_1_imp_auto_pc_0_axi_protocol_converter_v2_1_37_axi_protocol_converter/system_axi_interconnect_1_imp_auto_pc_0_axi_protocol_converter_v2_1_37_axi3_conv/system_axi_interconnect_1_imp_auto_pc_0_axi_protocol_converter_v2_1_37_a_axi3_conv__parameterized0/system_axi_interconnect_1_imp_auto_pc_0_axi_data_fifo_v2_1_36_axic_fifo__parameterized1/system_axi_interconnect_1_imp_auto_pc_0_axi_data_fifo_v2_1_36_fifo_gen__parameterized1/<hidden>/<hidden>/<hidden>/<hidden>/<hidden>/<hidden>/<hidden>
    SLICE_X2Y46          RAMD32                                       r  rocketchip_wrapper/system/system_axi_interconnect_1_0/s00_couplers_imp_8CNLH6/system_axi_interconnect_1_imp_auto_pc_0/system_axi_interconnect_1_imp_auto_pc_0_axi_protocol_converter_v2_1_37_axi_protocol_converter/system_axi_interconnect_1_imp_auto_pc_0_axi_protocol_converter_v2_1_37_axi3_conv/system_axi_interconnect_1_imp_auto_pc_0_axi_protocol_converter_v2_1_37_a_axi3_conv__parameterized0/system_axi_interconnect_1_imp_auto_pc_0_axi_data_fifo_v2_1_36_axic_fifo__parameterized1/system_axi_interconnect_1_imp_auto_pc_0_axi_data_fifo_v2_1_36_fifo_gen__parameterized1/<hidden>/<hidden>/<hidden>/<hidden>/<hidden>/<hidden>/<hidden>
                         clock pessimism             -0.546     2.069    
    SLICE_X2Y46          RAMD32 (Hold_ramd32_CLK_WADR3)
                                                      0.240     2.309    rocketchip_wrapper/system/system_axi_interconnect_1_0/s00_couplers_imp_8CNLH6/system_axi_interconnect_1_imp_auto_pc_0/system_axi_interconnect_1_imp_auto_pc_0_axi_protocol_converter_v2_1_37_axi_protocol_converter/system_axi_interconnect_1_imp_auto_pc_0_axi_protocol_converter_v2_1_37_axi3_conv/system_axi_interconnect_1_imp_auto_pc_0_axi_protocol_converter_v2_1_37_a_axi3_conv__parameterized0/system_axi_interconnect_1_imp_auto_pc_0_axi_data_fifo_v2_1_36_axic_fifo__parameterized1/system_axi_interconnect_1_imp_auto_pc_0_axi_data_fifo_v2_1_36_fifo_gen__parameterized1/<hidden>/<hidden>/<hidden>/<hidden>/<hidden>/<hidden>/<hidden>
  -------------------------------------------------------------------
                         required time                         -2.309    
                         arrival time                           2.342    
  -------------------------------------------------------------------
                         slack                                  0.033    

Slack (MET) :             0.037ns  (arrival time - required time)
  Source:                 top/teaching_board_top/target/harts/cpu/core/ic_fill_data_reg[117]/C
                            (rising edge-triggered cell FDRE clocked by host_clk_i  {rise@0.000ns fall@12.500ns period=25.000ns})
  Destination:            top/teaching_board_top/target/harts/cpu/core/icache/g_cache.data_reg_0_63_117_119/RAMA/I
                            (rising edge-triggered cell RAMD64E clocked by host_clk_i  {rise@0.000ns fall@12.500ns period=25.000ns})
  Path Group:             host_clk_i
  Path Type:              Hold (Min at Fast Process Corner)
  Requirement:            0.000ns  (host_clk_i rise@0.000ns - host_clk_i rise@0.000ns)
  Data Path Delay:        0.197ns  (logic 0.141ns (71.611%)  route 0.056ns (28.389%))
  Logic Levels:           0  
  Clock Path Skew:        0.013ns (DCD - SCD - CPR)
    Destination Clock Delay (DCD):    2.566ns
    Source Clock Delay      (SCD):    2.011ns
    Clock Pessimism Removal (CPR):    0.542ns

    Location             Delay type                Incr(ns)  Path(ns)    Netlist Resource(s)
  -------------------------------------------------------------------    -------------------
                         (clock host_clk_i rise edge)
                                                      0.000     0.000 r  
    H16                                               0.000     0.000 r  clk (IN)
                         net (fo=0)                   0.000     0.000    clk
    H16                  IBUF (Prop_ibuf_I_O)         0.219     0.219 r  ibufg_gclk/O
                         net (fo=1, routed)           0.440     0.659    gclk_i
    MMCME2_ADV_X1Y2      MMCME2_ADV (Prop_mmcme2_adv_CLKIN1_CLKOUT0)
                                                      0.050     0.709 r  MMCME2_BASE_inst/CLKOUT0
                         net (fo=1, routed)           0.696     1.405    host_clk_i
    BUFGCTRL_X0Y16       BUFG (Prop_bufg_I_O)         0.026     1.431 r  bufg_host_clk/O
                         net (fo=10873, routed)       0.580     2.011    top/teaching_board_top/target/harts/cpu/core/host_clk
    SLICE_X67Y16         FDRE                                         r  top/teaching_board_top/target/harts/cpu/core/ic_fill_data_reg[117]/C
  -------------------------------------------------------------------    -------------------
    SLICE_X67Y16         FDRE (Prop_fdre_C_Q)         0.141     2.152 r  top/teaching_board_top/target/harts/cpu/core/ic_fill_data_reg[117]/Q
                         net (fo=1, routed)           0.056     2.208    top/teaching_board_top/target/harts/cpu/core/icache/g_cache.data_reg_0_63_117_119/DIA
    SLICE_X66Y16         RAMD64E                                      r  top/teaching_board_top/target/harts/cpu/core/icache/g_cache.data_reg_0_63_117_119/RAMA/I
  -------------------------------------------------------------------    -------------------

                         (clock host_clk_i rise edge)
                                                      0.000     0.000 r  
    H16                                               0.000     0.000 r  clk (IN)
                         net (fo=0)                   0.000     0.000    clk
    H16                  IBUF (Prop_ibuf_I_O)         0.406     0.406 r  ibufg_gclk/O
                         net (fo=1, routed)           0.480     0.886    gclk_i
    MMCME2_ADV_X1Y2      MMCME2_ADV (Prop_mmcme2_adv_CLKIN1_CLKOUT0)
                                                      0.053     0.939 r  MMCME2_BASE_inst/CLKOUT0
                         net (fo=1, routed)           0.752     1.691    host_clk_i
    BUFGCTRL_X0Y16       BUFG (Prop_bufg_I_O)         0.029     1.720 r  bufg_host_clk/O
                         net (fo=10873, routed)       0.846     2.566    top/teaching_board_top/target/harts/cpu/core/icache/g_cache.data_reg_0_63_117_119/WCLK
    SLICE_X66Y16         RAMD64E                                      r  top/teaching_board_top/target/harts/cpu/core/icache/g_cache.data_reg_0_63_117_119/RAMA/CLK
                         clock pessimism             -0.542     2.024    
    SLICE_X66Y16         RAMD64E (Hold_ramd64e_CLK_I)
                                                      0.147     2.171    top/teaching_board_top/target/harts/cpu/core/icache/g_cache.data_reg_0_63_117_119/RAMA
  -------------------------------------------------------------------
                         required time                         -2.171    
                         arrival time                           2.208    
  -------------------------------------------------------------------
                         slack                                  0.037    

Slack (MET) :             0.037ns  (arrival time - required time)
  Source:                 top/teaching_board_top/target/harts/cpu/core/ic_fill_data_reg[66]/C
                            (rising edge-triggered cell FDRE clocked by host_clk_i  {rise@0.000ns fall@12.500ns period=25.000ns})
  Destination:            top/teaching_board_top/target/harts/cpu/core/icache/g_cache.data_reg_0_63_66_68/RAMA/I
                            (rising edge-triggered cell RAMD64E clocked by host_clk_i  {rise@0.000ns fall@12.500ns period=25.000ns})
  Path Group:             host_clk_i
  Path Type:              Hold (Min at Fast Process Corner)
  Requirement:            0.000ns  (host_clk_i rise@0.000ns - host_clk_i rise@0.000ns)
  Data Path Delay:        0.197ns  (logic 0.141ns (71.611%)  route 0.056ns (28.389%))
  Logic Levels:           0  
  Clock Path Skew:        0.013ns (DCD - SCD - CPR)
    Destination Clock Delay (DCD):    2.563ns
    Source Clock Delay      (SCD):    2.008ns
    Clock Pessimism Removal (CPR):    0.542ns

    Location             Delay type                Incr(ns)  Path(ns)    Netlist Resource(s)
  -------------------------------------------------------------------    -------------------
                         (clock host_clk_i rise edge)
                                                      0.000     0.000 r  
    H16                                               0.000     0.000 r  clk (IN)
                         net (fo=0)                   0.000     0.000    clk
    H16                  IBUF (Prop_ibuf_I_O)         0.219     0.219 r  ibufg_gclk/O
                         net (fo=1, routed)           0.440     0.659    gclk_i
    MMCME2_ADV_X1Y2      MMCME2_ADV (Prop_mmcme2_adv_CLKIN1_CLKOUT0)
                                                      0.050     0.709 r  MMCME2_BASE_inst/CLKOUT0
                         net (fo=1, routed)           0.696     1.405    host_clk_i
    BUFGCTRL_X0Y16       BUFG (Prop_bufg_I_O)         0.026     1.431 r  bufg_host_clk/O
                         net (fo=10873, routed)       0.577     2.008    top/teaching_board_top/target/harts/cpu/core/host_clk
    SLICE_X63Y19         FDRE                                         r  top/teaching_board_top/target/harts/cpu/core/ic_fill_data_reg[66]/C
  -------------------------------------------------------------------    -------------------
    SLICE_X63Y19         FDRE (Prop_fdre_C_Q)         0.141     2.149 r  top/teaching_board_top/target/harts/cpu/core/ic_fill_data_reg[66]/Q
                         net (fo=1, routed)           0.056     2.205    top/teaching_board_top/target/harts/cpu/core/icache/g_cache.data_reg_0_63_66_68/DIA
    SLICE_X62Y19         RAMD64E                                      r  top/teaching_board_top/target/harts/cpu/core/icache/g_cache.data_reg_0_63_66_68/RAMA/I
  -------------------------------------------------------------------    -------------------

                         (clock host_clk_i rise edge)
                                                      0.000     0.000 r  
    H16                                               0.000     0.000 r  clk (IN)
                         net (fo=0)                   0.000     0.000    clk
    H16                  IBUF (Prop_ibuf_I_O)         0.406     0.406 r  ibufg_gclk/O
                         net (fo=1, routed)           0.480     0.886    gclk_i
    MMCME2_ADV_X1Y2      MMCME2_ADV (Prop_mmcme2_adv_CLKIN1_CLKOUT0)
                                                      0.053     0.939 r  MMCME2_BASE_inst/CLKOUT0
                         net (fo=1, routed)           0.752     1.691    host_clk_i
    BUFGCTRL_X0Y16       BUFG (Prop_bufg_I_O)         0.029     1.720 r  bufg_host_clk/O
                         net (fo=10873, routed)       0.843     2.563    top/teaching_board_top/target/harts/cpu/core/icache/g_cache.data_reg_0_63_66_68/WCLK
    SLICE_X62Y19         RAMD64E                                      r  top/teaching_board_top/target/harts/cpu/core/icache/g_cache.data_reg_0_63_66_68/RAMA/CLK
                         clock pessimism             -0.542     2.021    
    SLICE_X62Y19         RAMD64E (Hold_ramd64e_CLK_I)
                                                      0.147     2.168    top/teaching_board_top/target/harts/cpu/core/icache/g_cache.data_reg_0_63_66_68/RAMA
  -------------------------------------------------------------------
                         required time                         -2.168    
                         arrival time                           2.205    
  -------------------------------------------------------------------
                         slack                                  0.037    

Slack (MET) :             0.037ns  (arrival time - required time)
  Source:                 top/teaching_board_top/target/harts/cpu/core/ic_fill_data_reg[87]/C
                            (rising edge-triggered cell FDRE clocked by host_clk_i  {rise@0.000ns fall@12.500ns period=25.000ns})
  Destination:            top/teaching_board_top/target/harts/cpu/core/icache/g_cache.data_reg_0_63_87_89/RAMA/I
                            (rising edge-triggered cell RAMD64E clocked by host_clk_i  {rise@0.000ns fall@12.500ns period=25.000ns})
  Path Group:             host_clk_i
  Path Type:              Hold (Min at Fast Process Corner)
  Requirement:            0.000ns  (host_clk_i rise@0.000ns - host_clk_i rise@0.000ns)
  Data Path Delay:        0.197ns  (logic 0.141ns (71.611%)  route 0.056ns (28.389%))
  Logic Levels:           0  
  Clock Path Skew:        0.013ns (DCD - SCD - CPR)
    Destination Clock Delay (DCD):    2.571ns
    Source Clock Delay      (SCD):    2.015ns
    Clock Pessimism Removal (CPR):    0.543ns

    Location             Delay type                Incr(ns)  Path(ns)    Netlist Resource(s)
  -------------------------------------------------------------------    -------------------
                         (clock host_clk_i rise edge)
                                                      0.000     0.000 r  
    H16                                               0.000     0.000 r  clk (IN)
                         net (fo=0)                   0.000     0.000    clk
    H16                  IBUF (Prop_ibuf_I_O)         0.219     0.219 r  ibufg_gclk/O
                         net (fo=1, routed)           0.440     0.659    gclk_i
    MMCME2_ADV_X1Y2      MMCME2_ADV (Prop_mmcme2_adv_CLKIN1_CLKOUT0)
                                                      0.050     0.709 r  MMCME2_BASE_inst/CLKOUT0
                         net (fo=1, routed)           0.696     1.405    host_clk_i
    BUFGCTRL_X0Y16       BUFG (Prop_bufg_I_O)         0.026     1.431 r  bufg_host_clk/O
                         net (fo=10873, routed)       0.584     2.015    top/teaching_board_top/target/harts/cpu/core/host_clk
    SLICE_X83Y16         FDRE                                         r  top/teaching_board_top/target/harts/cpu/core/ic_fill_data_reg[87]/C
  -------------------------------------------------------------------    -------------------
    SLICE_X83Y16         FDRE (Prop_fdre_C_Q)         0.141     2.156 r  top/teaching_board_top/target/harts/cpu/core/ic_fill_data_reg[87]/Q
                         net (fo=1, routed)           0.056     2.212    top/teaching_board_top/target/harts/cpu/core/icache/g_cache.data_reg_0_63_87_89/DIA
    SLICE_X82Y16         RAMD64E                                      r  top/teaching_board_top/target/harts/cpu/core/icache/g_cache.data_reg_0_63_87_89/RAMA/I
  -------------------------------------------------------------------    -------------------

                         (clock host_clk_i rise edge)
                                                      0.000     0.000 r  
    H16                                               0.000     0.000 r  clk (IN)
                         net (fo=0)                   0.000     0.000    clk
    H16                  IBUF (Prop_ibuf_I_O)         0.406     0.406 r  ibufg_gclk/O
                         net (fo=1, routed)           0.480     0.886    gclk_i
    MMCME2_ADV_X1Y2      MMCME2_ADV (Prop_mmcme2_adv_CLKIN1_CLKOUT0)
                                                      0.053     0.939 r  MMCME2_BASE_inst/CLKOUT0
                         net (fo=1, routed)           0.752     1.691    host_clk_i
    BUFGCTRL_X0Y16       BUFG (Prop_bufg_I_O)         0.029     1.720 r  bufg_host_clk/O
                         net (fo=10873, routed)       0.851     2.571    top/teaching_board_top/target/harts/cpu/core/icache/g_cache.data_reg_0_63_87_89/WCLK
    SLICE_X82Y16         RAMD64E                                      r  top/teaching_board_top/target/harts/cpu/core/icache/g_cache.data_reg_0_63_87_89/RAMA/CLK
                         clock pessimism             -0.543     2.028    
    SLICE_X82Y16         RAMD64E (Hold_ramd64e_CLK_I)
                                                      0.147     2.175    top/teaching_board_top/target/harts/cpu/core/icache/g_cache.data_reg_0_63_87_89/RAMA
  -------------------------------------------------------------------
                         required time                         -2.175    
                         arrival time                           2.212    
  -------------------------------------------------------------------
                         slack                                  0.037    

Slack (MET) :             0.044ns  (arrival time - required time)
  Source:                 top/teaching_board_top/target/harts/cpu/core/g_sv39.walk/walker/leaf_ppn_reg[1]/C
                            (rising edge-triggered cell FDRE clocked by host_clk_i  {rise@0.000ns fall@12.500ns period=25.000ns})
  Destination:            top/teaching_board_top/target/harts/cpu/core/g_sv39.tlb/ppn_reg[0][1]/D
                            (rising edge-triggered cell FDRE clocked by host_clk_i  {rise@0.000ns fall@12.500ns period=25.000ns})
  Path Group:             host_clk_i
  Path Type:              Hold (Min at Fast Process Corner)
  Requirement:            0.000ns  (host_clk_i rise@0.000ns - host_clk_i rise@0.000ns)
  Data Path Delay:        0.376ns  (logic 0.141ns (37.501%)  route 0.235ns (62.499%))
  Logic Levels:           0  
  Clock Path Skew:        0.266ns (DCD - SCD - CPR)
    Destination Clock Delay (DCD):    2.542ns
    Source Clock Delay      (SCD):    1.982ns
    Clock Pessimism Removal (CPR):    0.294ns

    Location             Delay type                Incr(ns)  Path(ns)    Netlist Resource(s)
  -------------------------------------------------------------------    -------------------
                         (clock host_clk_i rise edge)
                                                      0.000     0.000 r  
    H16                                               0.000     0.000 r  clk (IN)
                         net (fo=0)                   0.000     0.000    clk
    H16                  IBUF (Prop_ibuf_I_O)         0.219     0.219 r  ibufg_gclk/O
                         net (fo=1, routed)           0.440     0.659    gclk_i
    MMCME2_ADV_X1Y2      MMCME2_ADV (Prop_mmcme2_adv_CLKIN1_CLKOUT0)
                                                      0.050     0.709 r  MMCME2_BASE_inst/CLKOUT0
                         net (fo=1, routed)           0.696     1.405    host_clk_i
    BUFGCTRL_X0Y16       BUFG (Prop_bufg_I_O)         0.026     1.431 r  bufg_host_clk/O
                         net (fo=10873, routed)       0.551     1.982    top/teaching_board_top/target/harts/cpu/core/g_sv39.walk/walker/host_clk
    SLICE_X51Y18         FDRE                                         r  top/teaching_board_top/target/harts/cpu/core/g_sv39.walk/walker/leaf_ppn_reg[1]/C
  -------------------------------------------------------------------    -------------------
    SLICE_X51Y18         FDRE (Prop_fdre_C_Q)         0.141     2.123 r  top/teaching_board_top/target/harts/cpu/core/g_sv39.walk/walker/leaf_ppn_reg[1]/Q
                         net (fo=8, routed)           0.235     2.358    top/teaching_board_top/target/harts/cpu/core/g_sv39.tlb/ppn_reg[1][43]_0[1]
    SLICE_X49Y16         FDRE                                         r  top/teaching_board_top/target/harts/cpu/core/g_sv39.tlb/ppn_reg[0][1]/D
  -------------------------------------------------------------------    -------------------

                         (clock host_clk_i rise edge)
                                                      0.000     0.000 r  
    H16                                               0.000     0.000 r  clk (IN)
                         net (fo=0)                   0.000     0.000    clk
    H16                  IBUF (Prop_ibuf_I_O)         0.406     0.406 r  ibufg_gclk/O
                         net (fo=1, routed)           0.480     0.886    gclk_i
    MMCME2_ADV_X1Y2      MMCME2_ADV (Prop_mmcme2_adv_CLKIN1_CLKOUT0)
                                                      0.053     0.939 r  MMCME2_BASE_inst/CLKOUT0
                         net (fo=1, routed)           0.752     1.691    host_clk_i
    BUFGCTRL_X0Y16       BUFG (Prop_bufg_I_O)         0.029     1.720 r  bufg_host_clk/O
                         net (fo=10873, routed)       0.822     2.542    top/teaching_board_top/target/harts/cpu/core/g_sv39.tlb/host_clk
    SLICE_X49Y16         FDRE                                         r  top/teaching_board_top/target/harts/cpu/core/g_sv39.tlb/ppn_reg[0][1]/C
                         clock pessimism             -0.294     2.248    
    SLICE_X49Y16         FDRE (Hold_fdre_C_D)         0.066     2.314    top/teaching_board_top/target/harts/cpu/core/g_sv39.tlb/ppn_reg[0][1]
  -------------------------------------------------------------------
                         required time                         -2.314    
                         arrival time                           2.358    
  -------------------------------------------------------------------
                         slack                                  0.044    

Slack (MET) :             0.069ns  (arrival time - required time)
  Source:                 top/teaching_board_top/target/harts/cpu/core/mem_sdata_reg[21]/C
                            (rising edge-triggered cell FDRE clocked by host_clk_i  {rise@0.000ns fall@12.500ns period=25.000ns})
  Destination:            top/teaching_board_top/target/harts/cpu/core/wb_src_reg[21]/D
                            (rising edge-triggered cell FDRE clocked by host_clk_i  {rise@0.000ns fall@12.500ns period=25.000ns})
  Path Group:             host_clk_i
  Path Type:              Hold (Min at Fast Process Corner)
  Requirement:            0.000ns  (host_clk_i rise@0.000ns - host_clk_i rise@0.000ns)
  Data Path Delay:        0.393ns  (logic 0.141ns (35.901%)  route 0.252ns (64.099%))
  Logic Levels:           0  
  Clock Path Skew:        0.253ns (DCD - SCD - CPR)
    Destination Clock Delay (DCD):    2.536ns
    Source Clock Delay      (SCD):    1.989ns
    Clock Pessimism Removal (CPR):    0.294ns

    Location             Delay type                Incr(ns)  Path(ns)    Netlist Resource(s)
  -------------------------------------------------------------------    -------------------
                         (clock host_clk_i rise edge)
                                                      0.000     0.000 r  
    H16                                               0.000     0.000 r  clk (IN)
                         net (fo=0)                   0.000     0.000    clk
    H16                  IBUF (Prop_ibuf_I_O)         0.219     0.219 r  ibufg_gclk/O
                         net (fo=1, routed)           0.440     0.659    gclk_i
    MMCME2_ADV_X1Y2      MMCME2_ADV (Prop_mmcme2_adv_CLKIN1_CLKOUT0)
                                                      0.050     0.709 r  MMCME2_BASE_inst/CLKOUT0
                         net (fo=1, routed)           0.696     1.405    host_clk_i
    BUFGCTRL_X0Y16       BUFG (Prop_bufg_I_O)         0.026     1.431 r  bufg_host_clk/O
                         net (fo=10873, routed)       0.558     1.989    top/teaching_board_top/target/harts/cpu/core/host_clk
    SLICE_X47Y34         FDRE                                         r  top/teaching_board_top/target/harts/cpu/core/mem_sdata_reg[21]/C
  -------------------------------------------------------------------    -------------------
    SLICE_X47Y34         FDRE (Prop_fdre_C_Q)         0.141     2.130 r  top/teaching_board_top/target/harts/cpu/core/mem_sdata_reg[21]/Q
                         net (fo=4, routed)           0.252     2.382    top/teaching_board_top/target/harts/cpu/core/mem_sdata[21]
    SLICE_X53Y31         FDRE                                         r  top/teaching_board_top/target/harts/cpu/core/wb_src_reg[21]/D
  -------------------------------------------------------------------    -------------------

                         (clock host_clk_i rise edge)
                                                      0.000     0.000 r  
    H16                                               0.000     0.000 r  clk (IN)
                         net (fo=0)                   0.000     0.000    clk
    H16                  IBUF (Prop_ibuf_I_O)         0.406     0.406 r  ibufg_gclk/O
                         net (fo=1, routed)           0.480     0.886    gclk_i
    MMCME2_ADV_X1Y2      MMCME2_ADV (Prop_mmcme2_adv_CLKIN1_CLKOUT0)
                                                      0.053     0.939 r  MMCME2_BASE_inst/CLKOUT0
                         net (fo=1, routed)           0.752     1.691    host_clk_i
    BUFGCTRL_X0Y16       BUFG (Prop_bufg_I_O)         0.029     1.720 r  bufg_host_clk/O
                         net (fo=10873, routed)       0.816     2.536    top/teaching_board_top/target/harts/cpu/core/host_clk
    SLICE_X53Y31         FDRE                                         r  top/teaching_board_top/target/harts/cpu/core/wb_src_reg[21]/C
                         clock pessimism             -0.294     2.242    
    SLICE_X53Y31         FDRE (Hold_fdre_C_D)         0.070     2.312    top/teaching_board_top/target/harts/cpu/core/wb_src_reg[21]
  -------------------------------------------------------------------
                         required time                         -2.312    
                         arrival time                           2.382    
  -------------------------------------------------------------------
                         slack                                  0.069    

Slack (MET) :             0.073ns  (arrival time - required time)
  Source:                 top/teaching_board_top/target/bh/TLBroadcastTracker_3/o_data/value_reg[1]/C
                            (rising edge-triggered cell FDRE clocked by host_clk_i  {rise@0.000ns fall@12.500ns period=25.000ns})
  Destination:            top/teaching_board_top/target/bh/TLBroadcastTracker_3/o_data/ram_data_reg_0_7_6_11/RAMA/WADR1
                            (rising edge-triggered cell RAMD32 clocked by host_clk_i  {rise@0.000ns fall@12.500ns period=25.000ns})
  Path Group:             host_clk_i
  Path Type:              Hold (Min at Fast Process Corner)
  Requirement:            0.000ns  (host_clk_i rise@0.000ns - host_clk_i rise@0.000ns)
  Data Path Delay:        0.398ns  (logic 0.141ns (35.411%)  route 0.257ns (64.589%))
  Logic Levels:           0  
  Clock Path Skew:        0.016ns (DCD - SCD - CPR)
    Destination Clock Delay (DCD):    2.613ns
    Source Clock Delay      (SCD):    2.055ns
    Clock Pessimism Removal (CPR):    0.542ns

    Location             Delay type                Incr(ns)  Path(ns)    Netlist Resource(s)
  -------------------------------------------------------------------    -------------------
                         (clock host_clk_i rise edge)
                                                      0.000     0.000 r  
    H16                                               0.000     0.000 r  clk (IN)
                         net (fo=0)                   0.000     0.000    clk
    H16                  IBUF (Prop_ibuf_I_O)         0.219     0.219 r  ibufg_gclk/O
                         net (fo=1, routed)           0.440     0.659    gclk_i
    MMCME2_ADV_X1Y2      MMCME2_ADV (Prop_mmcme2_adv_CLKIN1_CLKOUT0)
                                                      0.050     0.709 r  MMCME2_BASE_inst/CLKOUT0
                         net (fo=1, routed)           0.696     1.405    host_clk_i
    BUFGCTRL_X0Y16       BUFG (Prop_bufg_I_O)         0.026     1.431 r  bufg_host_clk/O
                         net (fo=10873, routed)       0.624     2.055    top/teaching_board_top/target/bh/TLBroadcastTracker_3/o_data/host_clk
    SLICE_X5Y41          FDRE                                         r  top/teaching_board_top/target/bh/TLBroadcastTracker_3/o_data/value_reg[1]/C
  -------------------------------------------------------------------    -------------------
    SLICE_X5Y41          FDRE (Prop_fdre_C_Q)         0.141     2.196 r  top/teaching_board_top/target/bh/TLBroadcastTracker_3/o_data/value_reg[1]/Q
                         net (fo=99, routed)          0.257     2.453    top/teaching_board_top/target/bh/TLBroadcastTracker_3/o_data/ram_data_reg_0_7_6_11/ADDRD1
    SLICE_X6Y40          RAMD32                                       r  top/teaching_board_top/target/bh/TLBroadcastTracker_3/o_data/ram_data_reg_0_7_6_11/RAMA/WADR1
  -------------------------------------------------------------------    -------------------

                         (clock host_clk_i rise edge)
                                                      0.000     0.000 r  
    H16                                               0.000     0.000 r  clk (IN)
                         net (fo=0)                   0.000     0.000    clk
    H16                  IBUF (Prop_ibuf_I_O)         0.406     0.406 r  ibufg_gclk/O
                         net (fo=1, routed)           0.480     0.886    gclk_i
    MMCME2_ADV_X1Y2      MMCME2_ADV (Prop_mmcme2_adv_CLKIN1_CLKOUT0)
                                                      0.053     0.939 r  MMCME2_BASE_inst/CLKOUT0
                         net (fo=1, routed)           0.752     1.691    host_clk_i
    BUFGCTRL_X0Y16       BUFG (Prop_bufg_I_O)         0.029     1.720 r  bufg_host_clk/O
                         net (fo=10873, routed)       0.893     2.613    top/teaching_board_top/target/bh/TLBroadcastTracker_3/o_data/ram_data_reg_0_7_6_11/WCLK
    SLICE_X6Y40          RAMD32                                       r  top/teaching_board_top/target/bh/TLBroadcastTracker_3/o_data/ram_data_reg_0_7_6_11/RAMA/CLK
                         clock pessimism             -0.542     2.071    
    SLICE_X6Y40          RAMD32 (Hold_ramd32_CLK_WADR1)
                                                      0.309     2.380    top/teaching_board_top/target/bh/TLBroadcastTracker_3/o_data/ram_data_reg_0_7_6_11/RAMA
  -------------------------------------------------------------------
                         required time                         -2.380    
                         arrival time                           2.453    
  -------------------------------------------------------------------
                         slack                                  0.073    





Pulse Width Checks
--------------------------------------------------------------------------------------
Clock Name:         host_clk_i
Waveform(ns):       { 0.000 12.500 }
Period(ns):         25.000
Sources:            { MMCME2_BASE_inst/CLKOUT0 }

Check Type        Corner  Lib Pin             Reference Pin  Required(ns)  Actual(ns)  Slack(ns)  Location         Pin
Min Period        n/a     BUFG/I              n/a            2.155         25.000      22.845     BUFGCTRL_X0Y16   bufg_host_clk/I
Min Period        n/a     MMCME2_ADV/CLKOUT0  n/a            1.249         25.000      23.751     MMCME2_ADV_X1Y2  MMCME2_BASE_inst/CLKOUT0
Min Period        n/a     FDRE/C              n/a            1.000         25.000      24.000     SLICE_X20Y49     system_i/axi_interconnect_1/s00_couplers/auto_pc/inst/gen_axi4_axi3.axi3_conv_inst/USE_READ.USE_SPLIT_R.read_addr_inst/S_AXI_AADDR_Q_reg[0]/C
Min Period        n/a     FDRE/C              n/a            1.000         25.000      24.000     SLICE_X13Y49     system_i/axi_interconnect_1/s00_couplers/auto_pc/inst/gen_axi4_axi3.axi3_conv_inst/USE_READ.USE_SPLIT_R.read_addr_inst/S_AXI_AADDR_Q_reg[10]/C
Min Period        n/a     FDRE/C              n/a            1.000         25.000      24.000     SLICE_X10Y49     system_i/axi_interconnect_1/s00_couplers/auto_pc/inst/gen_axi4_axi3.axi3_conv_inst/USE_READ.USE_SPLIT_R.read_addr_inst/S_AXI_AADDR_Q_reg[11]/C
Min Period        n/a     FDRE/C              n/a            1.000         25.000      24.000     SLICE_X10Y49     system_i/axi_interconnect_1/s00_couplers/auto_pc/inst/gen_axi4_axi3.axi3_conv_inst/USE_READ.USE_SPLIT_R.read_addr_inst/S_AXI_AADDR_Q_reg[12]/C
Min Period        n/a     FDRE/C              n/a            1.000         25.000      24.000     SLICE_X13Y49     system_i/axi_interconnect_1/s00_couplers/auto_pc/inst/gen_axi4_axi3.axi3_conv_inst/USE_READ.USE_SPLIT_R.read_addr_inst/S_AXI_AADDR_Q_reg[13]/C
Min Period        n/a     FDRE/C              n/a            1.000         25.000      24.000     SLICE_X12Y49     system_i/axi_interconnect_1/s00_couplers/auto_pc/inst/gen_axi4_axi3.axi3_conv_inst/USE_READ.USE_SPLIT_R.read_addr_inst/S_AXI_AADDR_Q_reg[14]/C
Min Period        n/a     FDRE/C              n/a            1.000         25.000      24.000     SLICE_X12Y49     system_i/axi_interconnect_1/s00_couplers/auto_pc/inst/gen_axi4_axi3.axi3_conv_inst/USE_READ.USE_SPLIT_R.read_addr_inst/S_AXI_AADDR_Q_reg[15]/C
Min Period        n/a     FDRE/C              n/a            1.000         25.000      24.000     SLICE_X20Y48     system_i/axi_interconnect_1/s00_couplers/auto_pc/inst/gen_axi4_axi3.axi3_conv_inst/USE_READ.USE_SPLIT_R.read_addr_inst/S_AXI_AADDR_Q_reg[16]/C
Max Period        n/a     MMCME2_ADV/CLKOUT0  n/a            213.360       25.000      188.360    MMCME2_ADV_X1Y2  MMCME2_BASE_inst/CLKOUT0
Low Pulse Width   Slow    RAMD32/CLK          n/a            1.250         12.500      11.250     SLICE_X2Y46      rocketchip_wrapper/system/system_axi_interconnect_1_0/s00_couplers_imp_8CNLH6/system_axi_interconnect_1_imp_auto_pc_0/system_axi_interconnect_1_imp_auto_pc_0_axi_protocol_converter_v2_1_37_axi_protocol_converter/system_axi_interconnect_1_imp_auto_pc_0_axi_protocol_converter_v2_1_37_axi3_conv/system_axi_interconnect_1_imp_auto_pc_0_axi_protocol_converter_v2_1_37_a_axi3_conv__parameterized0/system_axi_interconnect_1_imp_auto_pc_0_axi_data_fifo_v2_1_36_axic_fifo__parameterized1/system_axi_interconnect_1_imp_auto_pc_0_axi_data_fifo_v2_1_36_fifo_gen__parameterized1/<hidden>/<hidden>/<hidden>/<hidden>/<hidden>/<hidden>/<hidden>
Low Pulse Width   Fast    RAMD32/CLK          n/a            1.250         12.500      11.250     SLICE_X2Y46      rocketchip_wrapper/system/system_axi_interconnect_1_0/s00_couplers_imp_8CNLH6/system_axi_interconnect_1_imp_auto_pc_0/system_axi_interconnect_1_imp_auto_pc_0_axi_protocol_converter_v2_1_37_axi_protocol_converter/system_axi_interconnect_1_imp_auto_pc_0_axi_protocol_converter_v2_1_37_axi3_conv/system_axi_interconnect_1_imp_auto_pc_0_axi_protocol_converter_v2_1_37_a_axi3_conv__parameterized0/system_axi_interconnect_1_imp_auto_pc_0_axi_data_fifo_v2_1_36_axic_fifo__parameterized1/system_axi_interconnect_1_imp_auto_pc_0_axi_data_fifo_v2_1_36_fifo_gen__parameterized1/<hidden>/<hidden>/<hidden>/<hidden>/<hidden>/<hidden>/<hidden>
Low Pulse Width   Slow    RAMD32/CLK          n/a            1.250         12.500      11.250     SLICE_X2Y46      rocketchip_wrapper/system/system_axi_interconnect_1_0/s00_couplers_imp_8CNLH6/system_axi_interconnect_1_imp_auto_pc_0/system_axi_interconnect_1_imp_auto_pc_0_axi_protocol_converter_v2_1_37_axi_protocol_converter/system_axi_interconnect_1_imp_auto_pc_0_axi_protocol_converter_v2_1_37_axi3_conv/system_axi_interconnect_1_imp_auto_pc_0_axi_protocol_converter_v2_1_37_a_axi3_conv__parameterized0/system_axi_interconnect_1_imp_auto_pc_0_axi_data_fifo_v2_1_36_axic_fifo__parameterized1/system_axi_interconnect_1_imp_auto_pc_0_axi_data_fifo_v2_1_36_fifo_gen__parameterized1/<hidden>/<hidden>/<hidden>/<hidden>/<hidden>/<hidden>/<hidden>
Low Pulse Width   Fast    RAMD32/CLK          n/a            1.250         12.500      11.250     SLICE_X2Y46      rocketchip_wrapper/system/system_axi_interconnect_1_0/s00_couplers_imp_8CNLH6/system_axi_interconnect_1_imp_auto_pc_0/system_axi_interconnect_1_imp_auto_pc_0_axi_protocol_converter_v2_1_37_axi_protocol_converter/system_axi_interconnect_1_imp_auto_pc_0_axi_protocol_converter_v2_1_37_axi3_conv/system_axi_interconnect_1_imp_auto_pc_0_axi_protocol_converter_v2_1_37_a_axi3_conv__parameterized0/system_axi_interconnect_1_imp_auto_pc_0_axi_data_fifo_v2_1_36_axic_fifo__parameterized1/system_axi_interconnect_1_imp_auto_pc_0_axi_data_fifo_v2_1_36_fifo_gen__parameterized1/<hidden>/<hidden>/<hidden>/<hidden>/<hidden>/<hidden>/<hidden>
Low Pulse Width   Slow    RAMD32/CLK          n/a            1.250         12.500      11.250     SLICE_X26Y57     rocketchip_wrapper/system/system_axi_interconnect_1_0/s00_couplers_imp_8CNLH6/system_axi_interconnect_1_imp_auto_pc_0/system_axi_interconnect_1_imp_auto_pc_0_axi_protocol_converter_v2_1_37_axi_protocol_converter/system_axi_interconnect_1_imp_auto_pc_0_axi_protocol_converter_v2_1_37_axi3_conv/system_axi_interconnect_1_imp_auto_pc_0_axi_protocol_converter_v2_1_37_a_axi3_conv/system_axi_interconnect_1_imp_auto_pc_0_axi_data_fifo_v2_1_36_axic_fifo/system_axi_interconnect_1_imp_auto_pc_0_axi_data_fifo_v2_1_36_fifo_gen/<hidden>/<hidden>/<hidden>/<hidden>/<hidden>/<hidden>/<hidden>
Low Pulse Width   Fast    RAMD32/CLK          n/a            1.250         12.500      11.250     SLICE_X26Y57     rocketchip_wrapper/system/system_axi_interconnect_1_0/s00_couplers_imp_8CNLH6/system_axi_interconnect_1_imp_auto_pc_0/system_axi_interconnect_1_imp_auto_pc_0_axi_protocol_converter_v2_1_37_axi_protocol_converter/system_axi_interconnect_1_imp_auto_pc_0_axi_protocol_converter_v2_1_37_axi3_conv/system_axi_interconnect_1_imp_auto_pc_0_axi_protocol_converter_v2_1_37_a_axi3_conv/system_axi_interconnect_1_imp_auto_pc_0_axi_data_fifo_v2_1_36_axic_fifo/system_axi_interconnect_1_imp_auto_pc_0_axi_data_fifo_v2_1_36_fifo_gen/<hidden>/<hidden>/<hidden>/<hidden>/<hidden>/<hidden>/<hidden>
Low Pulse Width   Slow    RAMD32/CLK          n/a            1.250         12.500      11.250     SLICE_X26Y57     rocketchip_wrapper/system/system_axi_interconnect_1_0/s00_couplers_imp_8CNLH6/system_axi_interconnect_1_imp_auto_pc_0/system_axi_interconnect_1_imp_auto_pc_0_axi_protocol_converter_v2_1_37_axi_protocol_converter/system_axi_interconnect_1_imp_auto_pc_0_axi_protocol_converter_v2_1_37_axi3_conv/system_axi_interconnect_1_imp_auto_pc_0_axi_protocol_converter_v2_1_37_a_axi3_conv/system_axi_interconnect_1_imp_auto_pc_0_axi_data_fifo_v2_1_36_axic_fifo/system_axi_interconnect_1_imp_auto_pc_0_axi_data_fifo_v2_1_36_fifo_gen/<hidden>/<hidden>/<hidden>/<hidden>/<hidden>/<hidden>/<hidden>
Low Pulse Width   Fast    RAMD32/CLK          n/a            1.250         12.500      11.250     SLICE_X26Y57     rocketchip_wrapper/system/system_axi_interconnect_1_0/s00_couplers_imp_8CNLH6/system_axi_interconnect_1_imp_auto_pc_0/system_axi_interconnect_1_imp_auto_pc_0_axi_protocol_converter_v2_1_37_axi_protocol_converter/system_axi_interconnect_1_imp_auto_pc_0_axi_protocol_converter_v2_1_37_axi3_conv/system_axi_interconnect_1_imp_auto_pc_0_axi_protocol_converter_v2_1_37_a_axi3_conv/system_axi_interconnect_1_imp_auto_pc_0_axi_data_fifo_v2_1_36_axic_fifo/system_axi_interconnect_1_imp_auto_pc_0_axi_data_fifo_v2_1_36_fifo_gen/<hidden>/<hidden>/<hidden>/<hidden>/<hidden>/<hidden>/<hidden>
Low Pulse Width   Slow    RAMD32/CLK          n/a            1.250         12.500      11.250     SLICE_X26Y57     rocketchip_wrapper/system/system_axi_interconnect_1_0/s00_couplers_imp_8CNLH6/system_axi_interconnect_1_imp_auto_pc_0/system_axi_interconnect_1_imp_auto_pc_0_axi_protocol_converter_v2_1_37_axi_protocol_converter/system_axi_interconnect_1_imp_auto_pc_0_axi_protocol_converter_v2_1_37_axi3_conv/system_axi_interconnect_1_imp_auto_pc_0_axi_protocol_converter_v2_1_37_a_axi3_conv/system_axi_interconnect_1_imp_auto_pc_0_axi_data_fifo_v2_1_36_axic_fifo/system_axi_interconnect_1_imp_auto_pc_0_axi_data_fifo_v2_1_36_fifo_gen/<hidden>/<hidden>/<hidden>/<hidden>/<hidden>/<hidden>/<hidden>
Low Pulse Width   Fast    RAMD32/CLK          n/a            1.250         12.500      11.250     SLICE_X26Y57     rocketchip_wrapper/system/system_axi_interconnect_1_0/s00_couplers_imp_8CNLH6/system_axi_interconnect_1_imp_auto_pc_0/system_axi_interconnect_1_imp_auto_pc_0_axi_protocol_converter_v2_1_37_axi_protocol_converter/system_axi_interconnect_1_imp_auto_pc_0_axi_protocol_converter_v2_1_37_axi3_conv/system_axi_interconnect_1_imp_auto_pc_0_axi_protocol_converter_v2_1_37_a_axi3_conv/system_axi_interconnect_1_imp_auto_pc_0_axi_data_fifo_v2_1_36_axic_fifo/system_axi_interconnect_1_imp_auto_pc_0_axi_data_fifo_v2_1_36_fifo_gen/<hidden>/<hidden>/<hidden>/<hidden>/<hidden>/<hidden>/<hidden>
High Pulse Width  Slow    RAMD32/CLK          n/a            1.250         12.500      11.250     SLICE_X2Y46      rocketchip_wrapper/system/system_axi_interconnect_1_0/s00_couplers_imp_8CNLH6/system_axi_interconnect_1_imp_auto_pc_0/system_axi_interconnect_1_imp_auto_pc_0_axi_protocol_converter_v2_1_37_axi_protocol_converter/system_axi_interconnect_1_imp_auto_pc_0_axi_protocol_converter_v2_1_37_axi3_conv/system_axi_interconnect_1_imp_auto_pc_0_axi_protocol_converter_v2_1_37_a_axi3_conv__parameterized0/system_axi_interconnect_1_imp_auto_pc_0_axi_data_fifo_v2_1_36_axic_fifo__parameterized1/system_axi_interconnect_1_imp_auto_pc_0_axi_data_fifo_v2_1_36_fifo_gen__parameterized1/<hidden>/<hidden>/<hidden>/<hidden>/<hidden>/<hidden>/<hidden>
High Pulse Width  Fast    RAMD32/CLK          n/a            1.250         12.500      11.250     SLICE_X2Y46      rocketchip_wrapper/system/system_axi_interconnect_1_0/s00_couplers_imp_8CNLH6/system_axi_interconnect_1_imp_auto_pc_0/system_axi_interconnect_1_imp_auto_pc_0_axi_protocol_converter_v2_1_37_axi_protocol_converter/system_axi_interconnect_1_imp_auto_pc_0_axi_protocol_converter_v2_1_37_axi3_conv/system_axi_interconnect_1_imp_auto_pc_0_axi_protocol_converter_v2_1_37_a_axi3_conv__parameterized0/system_axi_interconnect_1_imp_auto_pc_0_axi_data_fifo_v2_1_36_axic_fifo__parameterized1/system_axi_interconnect_1_imp_auto_pc_0_axi_data_fifo_v2_1_36_fifo_gen__parameterized1/<hidden>/<hidden>/<hidden>/<hidden>/<hidden>/<hidden>/<hidden>
High Pulse Width  Slow    RAMD32/CLK          n/a            1.250         12.500      11.250     SLICE_X2Y46      rocketchip_wrapper/system/system_axi_interconnect_1_0/s00_couplers_imp_8CNLH6/system_axi_interconnect_1_imp_auto_pc_0/system_axi_interconnect_1_imp_auto_pc_0_axi_protocol_converter_v2_1_37_axi_protocol_converter/system_axi_interconnect_1_imp_auto_pc_0_axi_protocol_converter_v2_1_37_axi3_conv/system_axi_interconnect_1_imp_auto_pc_0_axi_protocol_converter_v2_1_37_a_axi3_conv__parameterized0/system_axi_interconnect_1_imp_auto_pc_0_axi_data_fifo_v2_1_36_axic_fifo__parameterized1/system_axi_interconnect_1_imp_auto_pc_0_axi_data_fifo_v2_1_36_fifo_gen__parameterized1/<hidden>/<hidden>/<hidden>/<hidden>/<hidden>/<hidden>/<hidden>
High Pulse Width  Fast    RAMD32/CLK          n/a            1.250         12.500      11.250     SLICE_X2Y46      rocketchip_wrapper/system/system_axi_interconnect_1_0/s00_couplers_imp_8CNLH6/system_axi_interconnect_1_imp_auto_pc_0/system_axi_interconnect_1_imp_auto_pc_0_axi_protocol_converter_v2_1_37_axi_protocol_converter/system_axi_interconnect_1_imp_auto_pc_0_axi_protocol_converter_v2_1_37_axi3_conv/system_axi_interconnect_1_imp_auto_pc_0_axi_protocol_converter_v2_1_37_a_axi3_conv__parameterized0/system_axi_interconnect_1_imp_auto_pc_0_axi_data_fifo_v2_1_36_axic_fifo__parameterized1/system_axi_interconnect_1_imp_auto_pc_0_axi_data_fifo_v2_1_36_fifo_gen__parameterized1/<hidden>/<hidden>/<hidden>/<hidden>/<hidden>/<hidden>/<hidden>
High Pulse Width  Slow    RAMD32/CLK          n/a            1.250         12.500      11.250     SLICE_X26Y57     rocketchip_wrapper/system/system_axi_interconnect_1_0/s00_couplers_imp_8CNLH6/system_axi_interconnect_1_imp_auto_pc_0/system_axi_interconnect_1_imp_auto_pc_0_axi_protocol_converter_v2_1_37_axi_protocol_converter/system_axi_interconnect_1_imp_auto_pc_0_axi_protocol_converter_v2_1_37_axi3_conv/system_axi_interconnect_1_imp_auto_pc_0_axi_protocol_converter_v2_1_37_a_axi3_conv/system_axi_interconnect_1_imp_auto_pc_0_axi_data_fifo_v2_1_36_axic_fifo/system_axi_interconnect_1_imp_auto_pc_0_axi_data_fifo_v2_1_36_fifo_gen/<hidden>/<hidden>/<hidden>/<hidden>/<hidden>/<hidden>/<hidden>
High Pulse Width  Fast    RAMD32/CLK          n/a            1.250         12.500      11.250     SLICE_X26Y57     rocketchip_wrapper/system/system_axi_interconnect_1_0/s00_couplers_imp_8CNLH6/system_axi_interconnect_1_imp_auto_pc_0/system_axi_interconnect_1_imp_auto_pc_0_axi_protocol_converter_v2_1_37_axi_protocol_converter/system_axi_interconnect_1_imp_auto_pc_0_axi_protocol_converter_v2_1_37_axi3_conv/system_axi_interconnect_1_imp_auto_pc_0_axi_protocol_converter_v2_1_37_a_axi3_conv/system_axi_interconnect_1_imp_auto_pc_0_axi_data_fifo_v2_1_36_axic_fifo/system_axi_interconnect_1_imp_auto_pc_0_axi_data_fifo_v2_1_36_fifo_gen/<hidden>/<hidden>/<hidden>/<hidden>/<hidden>/<hidden>/<hidden>
High Pulse Width  Slow    RAMD32/CLK          n/a            1.250         12.500      11.250     SLICE_X26Y57     rocketchip_wrapper/system/system_axi_interconnect_1_0/s00_couplers_imp_8CNLH6/system_axi_interconnect_1_imp_auto_pc_0/system_axi_interconnect_1_imp_auto_pc_0_axi_protocol_converter_v2_1_37_axi_protocol_converter/system_axi_interconnect_1_imp_auto_pc_0_axi_protocol_converter_v2_1_37_axi3_conv/system_axi_interconnect_1_imp_auto_pc_0_axi_protocol_converter_v2_1_37_a_axi3_conv/system_axi_interconnect_1_imp_auto_pc_0_axi_data_fifo_v2_1_36_axic_fifo/system_axi_interconnect_1_imp_auto_pc_0_axi_data_fifo_v2_1_36_fifo_gen/<hidden>/<hidden>/<hidden>/<hidden>/<hidden>/<hidden>/<hidden>
High Pulse Width  Fast    RAMD32/CLK          n/a            1.250         12.500      11.250     SLICE_X26Y57     rocketchip_wrapper/system/system_axi_interconnect_1_0/s00_couplers_imp_8CNLH6/system_axi_interconnect_1_imp_auto_pc_0/system_axi_interconnect_1_imp_auto_pc_0_axi_protocol_converter_v2_1_37_axi_protocol_converter/system_axi_interconnect_1_imp_auto_pc_0_axi_protocol_converter_v2_1_37_axi3_conv/system_axi_interconnect_1_imp_auto_pc_0_axi_protocol_converter_v2_1_37_a_axi3_conv/system_axi_interconnect_1_imp_auto_pc_0_axi_data_fifo_v2_1_36_axic_fifo/system_axi_interconnect_1_imp_auto_pc_0_axi_data_fifo_v2_1_36_fifo_gen/<hidden>/<hidden>/<hidden>/<hidden>/<hidden>/<hidden>/<hidden>
High Pulse Width  Slow    RAMD32/CLK          n/a            1.250         12.500      11.250     SLICE_X26Y57     rocketchip_wrapper/system/system_axi_interconnect_1_0/s00_couplers_imp_8CNLH6/system_axi_interconnect_1_imp_auto_pc_0/system_axi_interconnect_1_imp_auto_pc_0_axi_protocol_converter_v2_1_37_axi_protocol_converter/system_axi_interconnect_1_imp_auto_pc_0_axi_protocol_converter_v2_1_37_axi3_conv/system_axi_interconnect_1_imp_auto_pc_0_axi_protocol_converter_v2_1_37_a_axi3_conv/system_axi_interconnect_1_imp_auto_pc_0_axi_data_fifo_v2_1_36_axic_fifo/system_axi_interconnect_1_imp_auto_pc_0_axi_data_fifo_v2_1_36_fifo_gen/<hidden>/<hidden>/<hidden>/<hidden>/<hidden>/<hidden>/<hidden>
High Pulse Width  Fast    RAMD32/CLK          n/a            1.250         12.500      11.250     SLICE_X26Y57     rocketchip_wrapper/system/system_axi_interconnect_1_0/s00_couplers_imp_8CNLH6/system_axi_interconnect_1_imp_auto_pc_0/system_axi_interconnect_1_imp_auto_pc_0_axi_protocol_converter_v2_1_37_axi_protocol_converter/system_axi_interconnect_1_imp_auto_pc_0_axi_protocol_converter_v2_1_37_axi3_conv/system_axi_interconnect_1_imp_auto_pc_0_axi_protocol_converter_v2_1_37_a_axi3_conv/system_axi_interconnect_1_imp_auto_pc_0_axi_data_fifo_v2_1_36_axic_fifo/system_axi_interconnect_1_imp_auto_pc_0_axi_data_fifo_v2_1_36_fifo_gen/<hidden>/<hidden>/<hidden>/<hidden>/<hidden>/<hidden>/<hidden>



---------------------------------------------------------------------------------------------------
Path Group:  **async_default**
From Clock:  host_clk_i
  To Clock:  host_clk_i

Setup :            0  Failing Endpoints,  Worst Slack       21.519ns,  Total Violation        0.000ns
Hold  :            0  Failing Endpoints,  Worst Slack        0.605ns,  Total Violation        0.000ns
---------------------------------------------------------------------------------------------------


Max Delay Paths
--------------------------------------------------------------------------------------
Slack (MET) :             21.519ns  (required time - arrival time)
  Source:                 rocketchip_wrapper/system/system_axi_interconnect_1_0/s00_couplers_imp_8CNLH6/system_axi_interconnect_1_imp_auto_pc_0/system_axi_interconnect_1_imp_auto_pc_0_axi_protocol_converter_v2_1_37_axi_protocol_converter/system_axi_interconnect_1_imp_auto_pc_0_axi_protocol_converter_v2_1_37_axi3_conv/system_axi_interconnect_1_imp_auto_pc_0_axi_protocol_converter_v2_1_37_a_axi3_conv/system_axi_interconnect_1_imp_auto_pc_0_axi_data_fifo_v2_1_36_axic_fifo/system_axi_interconnect_1_imp_auto_pc_0_axi_data_fifo_v2_1_36_fifo_gen/<hidden>/<hidden>/<hidden>/<hidden>/<hidden>/<hidden>
                            (rising edge-triggered cell FDPE clocked by host_clk_i  {rise@0.000ns fall@12.500ns period=25.000ns})
  Destination:            rocketchip_wrapper/system/system_axi_interconnect_1_0/s00_couplers_imp_8CNLH6/system_axi_interconnect_1_imp_auto_pc_0/system_axi_interconnect_1_imp_auto_pc_0_axi_protocol_converter_v2_1_37_axi_protocol_converter/system_axi_interconnect_1_imp_auto_pc_0_axi_protocol_converter_v2_1_37_axi3_conv/system_axi_interconnect_1_imp_auto_pc_0_axi_protocol_converter_v2_1_37_a_axi3_conv/system_axi_interconnect_1_imp_auto_pc_0_axi_data_fifo_v2_1_36_axic_fifo/system_axi_interconnect_1_imp_auto_pc_0_axi_data_fifo_v2_1_36_fifo_gen/<hidden>/<hidden>/<hidden>/<hidden>/<hidden>/<hidden>
                            (recovery check against rising-edge clock host_clk_i  {rise@0.000ns fall@12.500ns period=25.000ns})
  Path Group:             **async_default**
  Path Type:              Recovery (Max at Slow Process Corner)
  Requirement:            25.000ns  (host_clk_i rise@25.000ns - host_clk_i rise@0.000ns)
  Data Path Delay:        2.968ns  (logic 0.773ns (26.045%)  route 2.195ns (73.955%))
  Logic Levels:           1  (LUT3=1)
  Clock Path Skew:        -0.026ns (DCD - SCD + CPR)
    Destination Clock Delay (DCD):    6.252ns = ( 31.252 - 25.000 ) 
    Source Clock Delay      (SCD):    6.830ns
    Clock Pessimism Removal (CPR):    0.551ns
  Clock Uncertainty:      0.082ns  ((TSJ^2 + DJ^2)^1/2) / 2 + PE
    Total System Jitter     (TSJ):    0.071ns
    Discrete Jitter          (DJ):    0.147ns
    Phase Error              (PE):    0.000ns

    Location             Delay type                Incr(ns)  Path(ns)    Netlist Resource(s)
  -------------------------------------------------------------------    -------------------
                         (clock host_clk_i rise edge)
                                                      0.000     0.000 r  
    H16                                               0.000     0.000 r  clk (IN)
                         net (fo=0)                   0.000     0.000    clk
    H16                  IBUF (Prop_ibuf_I_O)         1.451     1.451 r  ibufg_gclk/O
                         net (fo=1, routed)           1.285     2.736    gclk_i
    MMCME2_ADV_X1Y2      MMCME2_ADV (Prop_mmcme2_adv_CLKIN1_CLKOUT0)
                                                      0.088     2.824 r  MMCME2_BASE_inst/CLKOUT0
                         net (fo=1, routed)           2.206     5.030    host_clk_i
    BUFGCTRL_X0Y16       BUFG (Prop_bufg_I_O)         0.101     5.131 r  bufg_host_clk/O
                         net (fo=10873, routed)       1.699     6.830    rocketchip_wrapper/system/system_axi_interconnect_1_0/s00_couplers_imp_8CNLH6/system_axi_interconnect_1_imp_auto_pc_0/system_axi_interconnect_1_imp_auto_pc_0_axi_protocol_converter_v2_1_37_axi_protocol_converter/system_axi_interconnect_1_imp_auto_pc_0_axi_protocol_converter_v2_1_37_axi3_conv/system_axi_interconnect_1_imp_auto_pc_0_axi_protocol_converter_v2_1_37_a_axi3_conv/system_axi_interconnect_1_imp_auto_pc_0_axi_data_fifo_v2_1_36_axic_fifo/system_axi_interconnect_1_imp_auto_pc_0_axi_data_fifo_v2_1_36_fifo_gen/<hidden>/<hidden>/<hidden>/<hidden>/<hidden>/<hidden>
    SLICE_X30Y54         FDPE                                         r  rocketchip_wrapper/system/system_axi_interconnect_1_0/s00_couplers_imp_8CNLH6/system_axi_interconnect_1_imp_auto_pc_0/system_axi_interconnect_1_imp_auto_pc_0_axi_protocol_converter_v2_1_37_axi_protocol_converter/system_axi_interconnect_1_imp_auto_pc_0_axi_protocol_converter_v2_1_37_axi3_conv/system_axi_interconnect_1_imp_auto_pc_0_axi_protocol_converter_v2_1_37_a_axi3_conv/system_axi_interconnect_1_imp_auto_pc_0_axi_data_fifo_v2_1_36_axic_fifo/system_axi_interconnect_1_imp_auto_pc_0_axi_data_fifo_v2_1_36_fifo_gen/<hidden>/<hidden>/<hidden>/<hidden>/<hidden>/<hidden>
  -------------------------------------------------------------------    -------------------
    SLICE_X30Y54         FDPE (Prop_fdpe_C_Q)         0.478     7.308 f  rocketchip_wrapper/system/system_axi_interconnect_1_0/s00_couplers_imp_8CNLH6/system_axi_interconnect_1_imp_auto_pc_0/system_axi_interconnect_1_imp_auto_pc_0_axi_protocol_converter_v2_1_37_axi_protocol_converter/system_axi_interconnect_1_imp_auto_pc_0_axi_protocol_converter_v2_1_37_axi3_conv/system_axi_interconnect_1_imp_auto_pc_0_axi_protocol_converter_v2_1_37_a_axi3_conv/system_axi_interconnect_1_imp_auto_pc_0_axi_data_fifo_v2_1_36_axic_fifo/system_axi_interconnect_1_imp_auto_pc_0_axi_data_fifo_v2_1_36_fifo_gen/<hidden>/<hidden>/<hidden>/<hidden>/<hidden>/<hidden>
                         net (fo=3, routed)           0.757     8.064    rocketchip_wrapper/system/system_axi_interconnect_1_0/s00_couplers_imp_8CNLH6/system_axi_interconnect_1_imp_auto_pc_0/system_axi_interconnect_1_imp_auto_pc_0_axi_protocol_converter_v2_1_37_axi_protocol_converter/system_axi_interconnect_1_imp_auto_pc_0_axi_protocol_converter_v2_1_37_axi3_conv/system_axi_interconnect_1_imp_auto_pc_0_axi_protocol_converter_v2_1_37_a_axi3_conv/system_axi_interconnect_1_imp_auto_pc_0_axi_data_fifo_v2_1_36_axic_fifo/system_axi_interconnect_1_imp_auto_pc_0_axi_data_fifo_v2_1_36_fifo_gen/<hidden>/<hidden>/<hidden>/<hidden>/<hidden>
    SLICE_X27Y55         LUT3 (Prop_lut3_I2_O)        0.295     8.359 f  rocketchip_wrapper/system/system_axi_interconnect_1_0/s00_couplers_imp_8CNLH6/system_axi_interconnect_1_imp_auto_pc_0/system_axi_interconnect_1_imp_auto_pc_0_axi_protocol_converter_v2_1_37_axi_protocol_converter/system_axi_interconnect_1_imp_auto_pc_0_axi_protocol_converter_v2_1_37_axi3_conv/system_axi_interconnect_1_imp_auto_pc_0_axi_protocol_converter_v2_1_37_a_axi3_conv/system_axi_interconnect_1_imp_auto_pc_0_axi_data_fifo_v2_1_36_axic_fifo/system_axi_interconnect_1_imp_auto_pc_0_axi_data_fifo_v2_1_36_fifo_gen/<hidden>/<hidden>/<hidden>/<hidden>/<hidden>
                         net (fo=32, routed)          1.438     9.798    rocketchip_wrapper/system/system_axi_interconnect_1_0/s00_couplers_imp_8CNLH6/system_axi_interconnect_1_imp_auto_pc_0/system_axi_interconnect_1_imp_auto_pc_0_axi_protocol_converter_v2_1_37_axi_protocol_converter/system_axi_interconnect_1_imp_auto_pc_0_axi_protocol_converter_v2_1_37_axi3_conv/system_axi_interconnect_1_imp_auto_pc_0_axi_protocol_converter_v2_1_37_a_axi3_conv/system_axi_interconnect_1_imp_auto_pc_0_axi_data_fifo_v2_1_36_axic_fifo/system_axi_interconnect_1_imp_auto_pc_0_axi_data_fifo_v2_1_36_fifo_gen/<hidden>/<hidden>/<hidden>/<hidden>/<hidden>/<hidden>
    SLICE_X29Y57         FDCE                                         f  rocketchip_wrapper/system/system_axi_interconnect_1_0/s00_couplers_imp_8CNLH6/system_axi_interconnect_1_imp_auto_pc_0/system_axi_interconnect_1_imp_auto_pc_0_axi_protocol_converter_v2_1_37_axi_protocol_converter/system_axi_interconnect_1_imp_auto_pc_0_axi_protocol_converter_v2_1_37_axi3_conv/system_axi_interconnect_1_imp_auto_pc_0_axi_protocol_converter_v2_1_37_a_axi3_conv/system_axi_interconnect_1_imp_auto_pc_0_axi_data_fifo_v2_1_36_axic_fifo/system_axi_interconnect_1_imp_auto_pc_0_axi_data_fifo_v2_1_36_fifo_gen/<hidden>/<hidden>/<hidden>/<hidden>/<hidden>/<hidden>
  -------------------------------------------------------------------    -------------------

                         (clock host_clk_i rise edge)
                                                     25.000    25.000 r  
    H16                                               0.000    25.000 r  clk (IN)
                         net (fo=0)                   0.000    25.000    clk
    H16                  IBUF (Prop_ibuf_I_O)         1.380    26.380 r  ibufg_gclk/O
                         net (fo=1, routed)           1.162    27.542    gclk_i
    MMCME2_ADV_X1Y2      MMCME2_ADV (Prop_mmcme2_adv_CLKIN1_CLKOUT0)
                                                      0.083    27.625 r  MMCME2_BASE_inst/CLKOUT0
                         net (fo=1, routed)           2.012    29.637    host_clk_i
    BUFGCTRL_X0Y16       BUFG (Prop_bufg_I_O)         0.091    29.728 r  bufg_host_clk/O
                         net (fo=10873, routed)       1.524    31.252    rocketchip_wrapper/system/system_axi_interconnect_1_0/s00_couplers_imp_8CNLH6/system_axi_interconnect_1_imp_auto_pc_0/system_axi_interconnect_1_imp_auto_pc_0_axi_protocol_converter_v2_1_37_axi_protocol_converter/system_axi_interconnect_1_imp_auto_pc_0_axi_protocol_converter_v2_1_37_axi3_conv/system_axi_interconnect_1_imp_auto_pc_0_axi_protocol_converter_v2_1_37_a_axi3_conv/system_axi_interconnect_1_imp_auto_pc_0_axi_data_fifo_v2_1_36_axic_fifo/system_axi_interconnect_1_imp_auto_pc_0_axi_data_fifo_v2_1_36_fifo_gen/<hidden>/<hidden>/<hidden>/<hidden>/<hidden>/<hidden>
    SLICE_X29Y57         FDCE                                         r  rocketchip_wrapper/system/system_axi_interconnect_1_0/s00_couplers_imp_8CNLH6/system_axi_interconnect_1_imp_auto_pc_0/system_axi_interconnect_1_imp_auto_pc_0_axi_protocol_converter_v2_1_37_axi_protocol_converter/system_axi_interconnect_1_imp_auto_pc_0_axi_protocol_converter_v2_1_37_axi3_conv/system_axi_interconnect_1_imp_auto_pc_0_axi_protocol_converter_v2_1_37_a_axi3_conv/system_axi_interconnect_1_imp_auto_pc_0_axi_data_fifo_v2_1_36_axic_fifo/system_axi_interconnect_1_imp_auto_pc_0_axi_data_fifo_v2_1_36_fifo_gen/<hidden>/<hidden>/<hidden>/<hidden>/<hidden>/<hidden>
                         clock pessimism              0.551    31.804    
                         clock uncertainty           -0.082    31.722    
    SLICE_X29Y57         FDCE (Recov_fdce_C_CLR)     -0.405    31.317    rocketchip_wrapper/system/system_axi_interconnect_1_0/s00_couplers_imp_8CNLH6/system_axi_interconnect_1_imp_auto_pc_0/system_axi_interconnect_1_imp_auto_pc_0_axi_protocol_converter_v2_1_37_axi_protocol_converter/system_axi_interconnect_1_imp_auto_pc_0_axi_protocol_converter_v2_1_37_axi3_conv/system_axi_interconnect_1_imp_auto_pc_0_axi_protocol_converter_v2_1_37_a_axi3_conv/system_axi_interconnect_1_imp_auto_pc_0_axi_data_fifo_v2_1_36_axic_fifo/system_axi_interconnect_1_imp_auto_pc_0_axi_data_fifo_v2_1_36_fifo_gen/<hidden>/<hidden>/<hidden>/<hidden>/<hidden>/<hidden>
  -------------------------------------------------------------------
                         required time                         31.317    
                         arrival time                          -9.798    
  -------------------------------------------------------------------
                         slack                                 21.519    

Slack (MET) :             21.519ns  (required time - arrival time)
  Source:                 rocketchip_wrapper/system/system_axi_interconnect_1_0/s00_couplers_imp_8CNLH6/system_axi_interconnect_1_imp_auto_pc_0/system_axi_interconnect_1_imp_auto_pc_0_axi_protocol_converter_v2_1_37_axi_protocol_converter/system_axi_interconnect_1_imp_auto_pc_0_axi_protocol_converter_v2_1_37_axi3_conv/system_axi_interconnect_1_imp_auto_pc_0_axi_protocol_converter_v2_1_37_a_axi3_conv/system_axi_interconnect_1_imp_auto_pc_0_axi_data_fifo_v2_1_36_axic_fifo/system_axi_interconnect_1_imp_auto_pc_0_axi_data_fifo_v2_1_36_fifo_gen/<hidden>/<hidden>/<hidden>/<hidden>/<hidden>/<hidden>
                            (rising edge-triggered cell FDPE clocked by host_clk_i  {rise@0.000ns fall@12.500ns period=25.000ns})
  Destination:            rocketchip_wrapper/system/system_axi_interconnect_1_0/s00_couplers_imp_8CNLH6/system_axi_interconnect_1_imp_auto_pc_0/system_axi_interconnect_1_imp_auto_pc_0_axi_protocol_converter_v2_1_37_axi_protocol_converter/system_axi_interconnect_1_imp_auto_pc_0_axi_protocol_converter_v2_1_37_axi3_conv/system_axi_interconnect_1_imp_auto_pc_0_axi_protocol_converter_v2_1_37_a_axi3_conv/system_axi_interconnect_1_imp_auto_pc_0_axi_data_fifo_v2_1_36_axic_fifo/system_axi_interconnect_1_imp_auto_pc_0_axi_data_fifo_v2_1_36_fifo_gen/<hidden>/<hidden>/<hidden>/<hidden>/<hidden>/<hidden>
                            (recovery check against rising-edge clock host_clk_i  {rise@0.000ns fall@12.500ns period=25.000ns})
  Path Group:             **async_default**
  Path Type:              Recovery (Max at Slow Process Corner)
  Requirement:            25.000ns  (host_clk_i rise@25.000ns - host_clk_i rise@0.000ns)
  Data Path Delay:        2.968ns  (logic 0.773ns (26.045%)  route 2.195ns (73.955%))
  Logic Levels:           1  (LUT3=1)
  Clock Path Skew:        -0.026ns (DCD - SCD + CPR)
    Destination Clock Delay (DCD):    6.252ns = ( 31.252 - 25.000 ) 
    Source Clock Delay      (SCD):    6.830ns
    Clock Pessimism Removal (CPR):    0.551ns
  Clock Uncertainty:      0.082ns  ((TSJ^2 + DJ^2)^1/2) / 2 + PE
    Total System Jitter     (TSJ):    0.071ns
    Discrete Jitter          (DJ):    0.147ns
    Phase Error              (PE):    0.000ns

    Location             Delay type                Incr(ns)  Path(ns)    Netlist Resource(s)
  -------------------------------------------------------------------    -------------------
                         (clock host_clk_i rise edge)
                                                      0.000     0.000 r  
    H16                                               0.000     0.000 r  clk (IN)
                         net (fo=0)                   0.000     0.000    clk
    H16                  IBUF (Prop_ibuf_I_O)         1.451     1.451 r  ibufg_gclk/O
                         net (fo=1, routed)           1.285     2.736    gclk_i
    MMCME2_ADV_X1Y2      MMCME2_ADV (Prop_mmcme2_adv_CLKIN1_CLKOUT0)
                                                      0.088     2.824 r  MMCME2_BASE_inst/CLKOUT0
                         net (fo=1, routed)           2.206     5.030    host_clk_i
    BUFGCTRL_X0Y16       BUFG (Prop_bufg_I_O)         0.101     5.131 r  bufg_host_clk/O
                         net (fo=10873, routed)       1.699     6.830    rocketchip_wrapper/system/system_axi_interconnect_1_0/s00_couplers_imp_8CNLH6/system_axi_interconnect_1_imp_auto_pc_0/system_axi_interconnect_1_imp_auto_pc_0_axi_protocol_converter_v2_1_37_axi_protocol_converter/system_axi_interconnect_1_imp_auto_pc_0_axi_protocol_converter_v2_1_37_axi3_conv/system_axi_interconnect_1_imp_auto_pc_0_axi_protocol_converter_v2_1_37_a_axi3_conv/system_axi_interconnect_1_imp_auto_pc_0_axi_data_fifo_v2_1_36_axic_fifo/system_axi_interconnect_1_imp_auto_pc_0_axi_data_fifo_v2_1_36_fifo_gen/<hidden>/<hidden>/<hidden>/<hidden>/<hidden>/<hidden>
    SLICE_X30Y54         FDPE                                         r  rocketchip_wrapper/system/system_axi_interconnect_1_0/s00_couplers_imp_8CNLH6/system_axi_interconnect_1_imp_auto_pc_0/system_axi_interconnect_1_imp_auto_pc_0_axi_protocol_converter_v2_1_37_axi_protocol_converter/system_axi_interconnect_1_imp_auto_pc_0_axi_protocol_converter_v2_1_37_axi3_conv/system_axi_interconnect_1_imp_auto_pc_0_axi_protocol_converter_v2_1_37_a_axi3_conv/system_axi_interconnect_1_imp_auto_pc_0_axi_data_fifo_v2_1_36_axic_fifo/system_axi_interconnect_1_imp_auto_pc_0_axi_data_fifo_v2_1_36_fifo_gen/<hidden>/<hidden>/<hidden>/<hidden>/<hidden>/<hidden>
  -------------------------------------------------------------------    -------------------
    SLICE_X30Y54         FDPE (Prop_fdpe_C_Q)         0.478     7.308 f  rocketchip_wrapper/system/system_axi_interconnect_1_0/s00_couplers_imp_8CNLH6/system_axi_interconnect_1_imp_auto_pc_0/system_axi_interconnect_1_imp_auto_pc_0_axi_protocol_converter_v2_1_37_axi_protocol_converter/system_axi_interconnect_1_imp_auto_pc_0_axi_protocol_converter_v2_1_37_axi3_conv/system_axi_interconnect_1_imp_auto_pc_0_axi_protocol_converter_v2_1_37_a_axi3_conv/system_axi_interconnect_1_imp_auto_pc_0_axi_data_fifo_v2_1_36_axic_fifo/system_axi_interconnect_1_imp_auto_pc_0_axi_data_fifo_v2_1_36_fifo_gen/<hidden>/<hidden>/<hidden>/<hidden>/<hidden>/<hidden>
                         net (fo=3, routed)           0.757     8.064    rocketchip_wrapper/system/system_axi_interconnect_1_0/s00_couplers_imp_8CNLH6/system_axi_interconnect_1_imp_auto_pc_0/system_axi_interconnect_1_imp_auto_pc_0_axi_protocol_converter_v2_1_37_axi_protocol_converter/system_axi_interconnect_1_imp_auto_pc_0_axi_protocol_converter_v2_1_37_axi3_conv/system_axi_interconnect_1_imp_auto_pc_0_axi_protocol_converter_v2_1_37_a_axi3_conv/system_axi_interconnect_1_imp_auto_pc_0_axi_data_fifo_v2_1_36_axic_fifo/system_axi_interconnect_1_imp_auto_pc_0_axi_data_fifo_v2_1_36_fifo_gen/<hidden>/<hidden>/<hidden>/<hidden>/<hidden>
    SLICE_X27Y55         LUT3 (Prop_lut3_I2_O)        0.295     8.359 f  rocketchip_wrapper/system/system_axi_interconnect_1_0/s00_couplers_imp_8CNLH6/system_axi_interconnect_1_imp_auto_pc_0/system_axi_interconnect_1_imp_auto_pc_0_axi_protocol_converter_v2_1_37_axi_protocol_converter/system_axi_interconnect_1_imp_auto_pc_0_axi_protocol_converter_v2_1_37_axi3_conv/system_axi_interconnect_1_imp_auto_pc_0_axi_protocol_converter_v2_1_37_a_axi3_conv/system_axi_interconnect_1_imp_auto_pc_0_axi_data_fifo_v2_1_36_axic_fifo/system_axi_interconnect_1_imp_auto_pc_0_axi_data_fifo_v2_1_36_fifo_gen/<hidden>/<hidden>/<hidden>/<hidden>/<hidden>
                         net (fo=32, routed)          1.438     9.798    rocketchip_wrapper/system/system_axi_interconnect_1_0/s00_couplers_imp_8CNLH6/system_axi_interconnect_1_imp_auto_pc_0/system_axi_interconnect_1_imp_auto_pc_0_axi_protocol_converter_v2_1_37_axi_protocol_converter/system_axi_interconnect_1_imp_auto_pc_0_axi_protocol_converter_v2_1_37_axi3_conv/system_axi_interconnect_1_imp_auto_pc_0_axi_protocol_converter_v2_1_37_a_axi3_conv/system_axi_interconnect_1_imp_auto_pc_0_axi_data_fifo_v2_1_36_axic_fifo/system_axi_interconnect_1_imp_auto_pc_0_axi_data_fifo_v2_1_36_fifo_gen/<hidden>/<hidden>/<hidden>/<hidden>/<hidden>/<hidden>
    SLICE_X29Y57         FDCE                                         f  rocketchip_wrapper/system/system_axi_interconnect_1_0/s00_couplers_imp_8CNLH6/system_axi_interconnect_1_imp_auto_pc_0/system_axi_interconnect_1_imp_auto_pc_0_axi_protocol_converter_v2_1_37_axi_protocol_converter/system_axi_interconnect_1_imp_auto_pc_0_axi_protocol_converter_v2_1_37_axi3_conv/system_axi_interconnect_1_imp_auto_pc_0_axi_protocol_converter_v2_1_37_a_axi3_conv/system_axi_interconnect_1_imp_auto_pc_0_axi_data_fifo_v2_1_36_axic_fifo/system_axi_interconnect_1_imp_auto_pc_0_axi_data_fifo_v2_1_36_fifo_gen/<hidden>/<hidden>/<hidden>/<hidden>/<hidden>/<hidden>
  -------------------------------------------------------------------    -------------------

                         (clock host_clk_i rise edge)
                                                     25.000    25.000 r  
    H16                                               0.000    25.000 r  clk (IN)
                         net (fo=0)                   0.000    25.000    clk
    H16                  IBUF (Prop_ibuf_I_O)         1.380    26.380 r  ibufg_gclk/O
                         net (fo=1, routed)           1.162    27.542    gclk_i
    MMCME2_ADV_X1Y2      MMCME2_ADV (Prop_mmcme2_adv_CLKIN1_CLKOUT0)
                                                      0.083    27.625 r  MMCME2_BASE_inst/CLKOUT0
                         net (fo=1, routed)           2.012    29.637    host_clk_i
    BUFGCTRL_X0Y16       BUFG (Prop_bufg_I_O)         0.091    29.728 r  bufg_host_clk/O
                         net (fo=10873, routed)       1.524    31.252    rocketchip_wrapper/system/system_axi_interconnect_1_0/s00_couplers_imp_8CNLH6/system_axi_interconnect_1_imp_auto_pc_0/system_axi_interconnect_1_imp_auto_pc_0_axi_protocol_converter_v2_1_37_axi_protocol_converter/system_axi_interconnect_1_imp_auto_pc_0_axi_protocol_converter_v2_1_37_axi3_conv/system_axi_interconnect_1_imp_auto_pc_0_axi_protocol_converter_v2_1_37_a_axi3_conv/system_axi_interconnect_1_imp_auto_pc_0_axi_data_fifo_v2_1_36_axic_fifo/system_axi_interconnect_1_imp_auto_pc_0_axi_data_fifo_v2_1_36_fifo_gen/<hidden>/<hidden>/<hidden>/<hidden>/<hidden>/<hidden>
    SLICE_X29Y57         FDCE                                         r  rocketchip_wrapper/system/system_axi_interconnect_1_0/s00_couplers_imp_8CNLH6/system_axi_interconnect_1_imp_auto_pc_0/system_axi_interconnect_1_imp_auto_pc_0_axi_protocol_converter_v2_1_37_axi_protocol_converter/system_axi_interconnect_1_imp_auto_pc_0_axi_protocol_converter_v2_1_37_axi3_conv/system_axi_interconnect_1_imp_auto_pc_0_axi_protocol_converter_v2_1_37_a_axi3_conv/system_axi_interconnect_1_imp_auto_pc_0_axi_data_fifo_v2_1_36_axic_fifo/system_axi_interconnect_1_imp_auto_pc_0_axi_data_fifo_v2_1_36_fifo_gen/<hidden>/<hidden>/<hidden>/<hidden>/<hidden>/<hidden>
                         clock pessimism              0.551    31.804    
                         clock uncertainty           -0.082    31.722    
    SLICE_X29Y57         FDCE (Recov_fdce_C_CLR)     -0.405    31.317    rocketchip_wrapper/system/system_axi_interconnect_1_0/s00_couplers_imp_8CNLH6/system_axi_interconnect_1_imp_auto_pc_0/system_axi_interconnect_1_imp_auto_pc_0_axi_protocol_converter_v2_1_37_axi_protocol_converter/system_axi_interconnect_1_imp_auto_pc_0_axi_protocol_converter_v2_1_37_axi3_conv/system_axi_interconnect_1_imp_auto_pc_0_axi_protocol_converter_v2_1_37_a_axi3_conv/system_axi_interconnect_1_imp_auto_pc_0_axi_data_fifo_v2_1_36_axic_fifo/system_axi_interconnect_1_imp_auto_pc_0_axi_data_fifo_v2_1_36_fifo_gen/<hidden>/<hidden>/<hidden>/<hidden>/<hidden>/<hidden>
  -------------------------------------------------------------------
                         required time                         31.317    
                         arrival time                          -9.798    
  -------------------------------------------------------------------
                         slack                                 21.519    

Slack (MET) :             21.632ns  (required time - arrival time)
  Source:                 rocketchip_wrapper/system/system_axi_interconnect_1_0/s00_couplers_imp_8CNLH6/system_axi_interconnect_1_imp_auto_pc_0/system_axi_interconnect_1_imp_auto_pc_0_axi_protocol_converter_v2_1_37_axi_protocol_converter/system_axi_interconnect_1_imp_auto_pc_0_axi_protocol_converter_v2_1_37_axi3_conv/system_axi_interconnect_1_imp_auto_pc_0_axi_protocol_converter_v2_1_37_a_axi3_conv/system_axi_interconnect_1_imp_auto_pc_0_axi_data_fifo_v2_1_36_axic_fifo/system_axi_interconnect_1_imp_auto_pc_0_axi_data_fifo_v2_1_36_fifo_gen/<hidden>/<hidden>/<hidden>/<hidden>/<hidden>/<hidden>
                            (rising edge-triggered cell FDPE clocked by host_clk_i  {rise@0.000ns fall@12.500ns period=25.000ns})
  Destination:            rocketchip_wrapper/system/system_axi_interconnect_1_0/s00_couplers_imp_8CNLH6/system_axi_interconnect_1_imp_auto_pc_0/system_axi_interconnect_1_imp_auto_pc_0_axi_protocol_converter_v2_1_37_axi_protocol_converter/system_axi_interconnect_1_imp_auto_pc_0_axi_protocol_converter_v2_1_37_axi3_conv/system_axi_interconnect_1_imp_auto_pc_0_axi_protocol_converter_v2_1_37_a_axi3_conv/system_axi_interconnect_1_imp_auto_pc_0_axi_data_fifo_v2_1_36_axic_fifo/system_axi_interconnect_1_imp_auto_pc_0_axi_data_fifo_v2_1_36_fifo_gen/<hidden>/<hidden>/<hidden>/<hidden>/<hidden>/<hidden>
                            (recovery check against rising-edge clock host_clk_i  {rise@0.000ns fall@12.500ns period=25.000ns})
  Path Group:             **async_default**
  Path Type:              Recovery (Max at Slow Process Corner)
  Requirement:            25.000ns  (host_clk_i rise@25.000ns - host_clk_i rise@0.000ns)
  Data Path Delay:        2.860ns  (logic 0.773ns (27.033%)  route 2.087ns (72.968%))
  Logic Levels:           1  (LUT3=1)
  Clock Path Skew:        -0.066ns (DCD - SCD + CPR)
    Destination Clock Delay (DCD):    6.247ns = ( 31.247 - 25.000 ) 
    Source Clock Delay      (SCD):    6.830ns
    Clock Pessimism Removal (CPR):    0.516ns
  Clock Uncertainty:      0.082ns  ((TSJ^2 + DJ^2)^1/2) / 2 + PE
    Total System Jitter     (TSJ):    0.071ns
    Discrete Jitter          (DJ):    0.147ns
    Phase Error              (PE):    0.000ns

    Location             Delay type                Incr(ns)  Path(ns)    Netlist Resource(s)
  -------------------------------------------------------------------    -------------------
                         (clock host_clk_i rise edge)
                                                      0.000     0.000 r  
    H16                                               0.000     0.000 r  clk (IN)
                         net (fo=0)                   0.000     0.000    clk
    H16                  IBUF (Prop_ibuf_I_O)         1.451     1.451 r  ibufg_gclk/O
                         net (fo=1, routed)           1.285     2.736    gclk_i
    MMCME2_ADV_X1Y2      MMCME2_ADV (Prop_mmcme2_adv_CLKIN1_CLKOUT0)
                                                      0.088     2.824 r  MMCME2_BASE_inst/CLKOUT0
                         net (fo=1, routed)           2.206     5.030    host_clk_i
    BUFGCTRL_X0Y16       BUFG (Prop_bufg_I_O)         0.101     5.131 r  bufg_host_clk/O
                         net (fo=10873, routed)       1.699     6.830    rocketchip_wrapper/system/system_axi_interconnect_1_0/s00_couplers_imp_8CNLH6/system_axi_interconnect_1_imp_auto_pc_0/system_axi_interconnect_1_imp_auto_pc_0_axi_protocol_converter_v2_1_37_axi_protocol_converter/system_axi_interconnect_1_imp_auto_pc_0_axi_protocol_converter_v2_1_37_axi3_conv/system_axi_interconnect_1_imp_auto_pc_0_axi_protocol_converter_v2_1_37_a_axi3_conv/system_axi_interconnect_1_imp_auto_pc_0_axi_data_fifo_v2_1_36_axic_fifo/system_axi_interconnect_1_imp_auto_pc_0_axi_data_fifo_v2_1_36_fifo_gen/<hidden>/<hidden>/<hidden>/<hidden>/<hidden>/<hidden>
    SLICE_X30Y54         FDPE                                         r  rocketchip_wrapper/system/system_axi_interconnect_1_0/s00_couplers_imp_8CNLH6/system_axi_interconnect_1_imp_auto_pc_0/system_axi_interconnect_1_imp_auto_pc_0_axi_protocol_converter_v2_1_37_axi_protocol_converter/system_axi_interconnect_1_imp_auto_pc_0_axi_protocol_converter_v2_1_37_axi3_conv/system_axi_interconnect_1_imp_auto_pc_0_axi_protocol_converter_v2_1_37_a_axi3_conv/system_axi_interconnect_1_imp_auto_pc_0_axi_data_fifo_v2_1_36_axic_fifo/system_axi_interconnect_1_imp_auto_pc_0_axi_data_fifo_v2_1_36_fifo_gen/<hidden>/<hidden>/<hidden>/<hidden>/<hidden>/<hidden>
  -------------------------------------------------------------------    -------------------
    SLICE_X30Y54         FDPE (Prop_fdpe_C_Q)         0.478     7.308 f  rocketchip_wrapper/system/system_axi_interconnect_1_0/s00_couplers_imp_8CNLH6/system_axi_interconnect_1_imp_auto_pc_0/system_axi_interconnect_1_imp_auto_pc_0_axi_protocol_converter_v2_1_37_axi_protocol_converter/system_axi_interconnect_1_imp_auto_pc_0_axi_protocol_converter_v2_1_37_axi3_conv/system_axi_interconnect_1_imp_auto_pc_0_axi_protocol_converter_v2_1_37_a_axi3_conv/system_axi_interconnect_1_imp_auto_pc_0_axi_data_fifo_v2_1_36_axic_fifo/system_axi_interconnect_1_imp_auto_pc_0_axi_data_fifo_v2_1_36_fifo_gen/<hidden>/<hidden>/<hidden>/<hidden>/<hidden>/<hidden>
                         net (fo=3, routed)           0.757     8.064    rocketchip_wrapper/system/system_axi_interconnect_1_0/s00_couplers_imp_8CNLH6/system_axi_interconnect_1_imp_auto_pc_0/system_axi_interconnect_1_imp_auto_pc_0_axi_protocol_converter_v2_1_37_axi_protocol_converter/system_axi_interconnect_1_imp_auto_pc_0_axi_protocol_converter_v2_1_37_axi3_conv/system_axi_interconnect_1_imp_auto_pc_0_axi_protocol_converter_v2_1_37_a_axi3_conv/system_axi_interconnect_1_imp_auto_pc_0_axi_data_fifo_v2_1_36_axic_fifo/system_axi_interconnect_1_imp_auto_pc_0_axi_data_fifo_v2_1_36_fifo_gen/<hidden>/<hidden>/<hidden>/<hidden>/<hidden>
    SLICE_X27Y55         LUT3 (Prop_lut3_I2_O)        0.295     8.359 f  rocketchip_wrapper/system/system_axi_interconnect_1_0/s00_couplers_imp_8CNLH6/system_axi_interconnect_1_imp_auto_pc_0/system_axi_interconnect_1_imp_auto_pc_0_axi_protocol_converter_v2_1_37_axi_protocol_converter/system_axi_interconnect_1_imp_auto_pc_0_axi_protocol_converter_v2_1_37_axi3_conv/system_axi_interconnect_1_imp_auto_pc_0_axi_protocol_converter_v2_1_37_a_axi3_conv/system_axi_interconnect_1_imp_auto_pc_0_axi_data_fifo_v2_1_36_axic_fifo/system_axi_interconnect_1_imp_auto_pc_0_axi_data_fifo_v2_1_36_fifo_gen/<hidden>/<hidden>/<hidden>/<hidden>/<hidden>
                         net (fo=32, routed)          1.330     9.689    rocketchip_wrapper/system/system_axi_interconnect_1_0/s00_couplers_imp_8CNLH6/system_axi_interconnect_1_imp_auto_pc_0/system_axi_interconnect_1_imp_auto_pc_0_axi_protocol_converter_v2_1_37_axi_protocol_converter/system_axi_interconnect_1_imp_auto_pc_0_axi_protocol_converter_v2_1_37_axi3_conv/system_axi_interconnect_1_imp_auto_pc_0_axi_protocol_converter_v2_1_37_a_axi3_conv/system_axi_interconnect_1_imp_auto_pc_0_axi_data_fifo_v2_1_36_axic_fifo/system_axi_interconnect_1_imp_auto_pc_0_axi_data_fifo_v2_1_36_fifo_gen/<hidden>/<hidden>/<hidden>/<hidden>/<hidden>/<hidden>
    SLICE_X26Y59         FDCE                                         f  rocketchip_wrapper/system/system_axi_interconnect_1_0/s00_couplers_imp_8CNLH6/system_axi_interconnect_1_imp_auto_pc_0/system_axi_interconnect_1_imp_auto_pc_0_axi_protocol_converter_v2_1_37_axi_protocol_converter/system_axi_interconnect_1_imp_auto_pc_0_axi_protocol_converter_v2_1_37_axi3_conv/system_axi_interconnect_1_imp_auto_pc_0_axi_protocol_converter_v2_1_37_a_axi3_conv/system_axi_interconnect_1_imp_auto_pc_0_axi_data_fifo_v2_1_36_axic_fifo/system_axi_interconnect_1_imp_auto_pc_0_axi_data_fifo_v2_1_36_fifo_gen/<hidden>/<hidden>/<hidden>/<hidden>/<hidden>/<hidden>
  -------------------------------------------------------------------    -------------------

                         (clock host_clk_i rise edge)
                                                     25.000    25.000 r  
    H16                                               0.000    25.000 r  clk (IN)
                         net (fo=0)                   0.000    25.000    clk
    H16                  IBUF (Prop_ibuf_I_O)         1.380    26.380 r  ibufg_gclk/O
                         net (fo=1, routed)           1.162    27.542    gclk_i
    MMCME2_ADV_X1Y2      MMCME2_ADV (Prop_mmcme2_adv_CLKIN1_CLKOUT0)
                                                      0.083    27.625 r  MMCME2_BASE_inst/CLKOUT0
                         net (fo=1, routed)           2.012    29.637    host_clk_i
    BUFGCTRL_X0Y16       BUFG (Prop_bufg_I_O)         0.091    29.728 r  bufg_host_clk/O
                         net (fo=10873, routed)       1.519    31.247    rocketchip_wrapper/system/system_axi_interconnect_1_0/s00_couplers_imp_8CNLH6/system_axi_interconnect_1_imp_auto_pc_0/system_axi_interconnect_1_imp_auto_pc_0_axi_protocol_converter_v2_1_37_axi_protocol_converter/system_axi_interconnect_1_imp_auto_pc_0_axi_protocol_converter_v2_1_37_axi3_conv/system_axi_interconnect_1_imp_auto_pc_0_axi_protocol_converter_v2_1_37_a_axi3_conv/system_axi_interconnect_1_imp_auto_pc_0_axi_data_fifo_v2_1_36_axic_fifo/system_axi_interconnect_1_imp_auto_pc_0_axi_data_fifo_v2_1_36_fifo_gen/<hidden>/<hidden>/<hidden>/<hidden>/<hidden>/<hidden>
    SLICE_X26Y59         FDCE                                         r  rocketchip_wrapper/system/system_axi_interconnect_1_0/s00_couplers_imp_8CNLH6/system_axi_interconnect_1_imp_auto_pc_0/system_axi_interconnect_1_imp_auto_pc_0_axi_protocol_converter_v2_1_37_axi_protocol_converter/system_axi_interconnect_1_imp_auto_pc_0_axi_protocol_converter_v2_1_37_axi3_conv/system_axi_interconnect_1_imp_auto_pc_0_axi_protocol_converter_v2_1_37_a_axi3_conv/system_axi_interconnect_1_imp_auto_pc_0_axi_data_fifo_v2_1_36_axic_fifo/system_axi_interconnect_1_imp_auto_pc_0_axi_data_fifo_v2_1_36_fifo_gen/<hidden>/<hidden>/<hidden>/<hidden>/<hidden>/<hidden>
                         clock pessimism              0.516    31.764    
                         clock uncertainty           -0.082    31.682    
    SLICE_X26Y59         FDCE (Recov_fdce_C_CLR)     -0.361    31.321    rocketchip_wrapper/system/system_axi_interconnect_1_0/s00_couplers_imp_8CNLH6/system_axi_interconnect_1_imp_auto_pc_0/system_axi_interconnect_1_imp_auto_pc_0_axi_protocol_converter_v2_1_37_axi_protocol_converter/system_axi_interconnect_1_imp_auto_pc_0_axi_protocol_converter_v2_1_37_axi3_conv/system_axi_interconnect_1_imp_auto_pc_0_axi_protocol_converter_v2_1_37_a_axi3_conv/system_axi_interconnect_1_imp_auto_pc_0_axi_data_fifo_v2_1_36_axic_fifo/system_axi_interconnect_1_imp_auto_pc_0_axi_data_fifo_v2_1_36_fifo_gen/<hidden>/<hidden>/<hidden>/<hidden>/<hidden>/<hidden>
  -------------------------------------------------------------------
                         required time                         31.321    
                         arrival time                          -9.689    
  -------------------------------------------------------------------
                         slack                                 21.632    

Slack (MET) :             21.674ns  (required time - arrival time)
  Source:                 rocketchip_wrapper/system/system_axi_interconnect_1_0/s00_couplers_imp_8CNLH6/system_axi_interconnect_1_imp_auto_pc_0/system_axi_interconnect_1_imp_auto_pc_0_axi_protocol_converter_v2_1_37_axi_protocol_converter/system_axi_interconnect_1_imp_auto_pc_0_axi_protocol_converter_v2_1_37_axi3_conv/system_axi_interconnect_1_imp_auto_pc_0_axi_protocol_converter_v2_1_37_a_axi3_conv/system_axi_interconnect_1_imp_auto_pc_0_axi_data_fifo_v2_1_36_axic_fifo/system_axi_interconnect_1_imp_auto_pc_0_axi_data_fifo_v2_1_36_fifo_gen/<hidden>/<hidden>/<hidden>/<hidden>/<hidden>/<hidden>
                            (rising edge-triggered cell FDPE clocked by host_clk_i  {rise@0.000ns fall@12.500ns period=25.000ns})
  Destination:            rocketchip_wrapper/system/system_axi_interconnect_1_0/s00_couplers_imp_8CNLH6/system_axi_interconnect_1_imp_auto_pc_0/system_axi_interconnect_1_imp_auto_pc_0_axi_protocol_converter_v2_1_37_axi_protocol_converter/system_axi_interconnect_1_imp_auto_pc_0_axi_protocol_converter_v2_1_37_axi3_conv/system_axi_interconnect_1_imp_auto_pc_0_axi_protocol_converter_v2_1_37_a_axi3_conv/system_axi_interconnect_1_imp_auto_pc_0_axi_data_fifo_v2_1_36_axic_fifo/system_axi_interconnect_1_imp_auto_pc_0_axi_data_fifo_v2_1_36_fifo_gen/<hidden>/<hidden>/<hidden>/<hidden>/<hidden>/<hidden>
                            (recovery check against rising-edge clock host_clk_i  {rise@0.000ns fall@12.500ns period=25.000ns})
  Path Group:             **async_default**
  Path Type:              Recovery (Max at Slow Process Corner)
  Requirement:            25.000ns  (host_clk_i rise@25.000ns - host_clk_i rise@0.000ns)
  Data Path Delay:        2.860ns  (logic 0.773ns (27.033%)  route 2.087ns (72.968%))
  Logic Levels:           1  (LUT3=1)
  Clock Path Skew:        -0.066ns (DCD - SCD + CPR)
    Destination Clock Delay (DCD):    6.247ns = ( 31.247 - 25.000 ) 
    Source Clock Delay      (SCD):    6.830ns
    Clock Pessimism Removal (CPR):    0.516ns
  Clock Uncertainty:      0.082ns  ((TSJ^2 + DJ^2)^1/2) / 2 + PE
    Total System Jitter     (TSJ):    0.071ns
    Discrete Jitter          (DJ):    0.147ns
    Phase Error              (PE):    0.000ns

    Location             Delay type                Incr(ns)  Path(ns)    Netlist Resource(s)
  -------------------------------------------------------------------    -------------------
                         (clock host_clk_i rise edge)
                                                      0.000     0.000 r  
    H16                                               0.000     0.000 r  clk (IN)
                         net (fo=0)                   0.000     0.000    clk
    H16                  IBUF (Prop_ibuf_I_O)         1.451     1.451 r  ibufg_gclk/O
                         net (fo=1, routed)           1.285     2.736    gclk_i
    MMCME2_ADV_X1Y2      MMCME2_ADV (Prop_mmcme2_adv_CLKIN1_CLKOUT0)
                                                      0.088     2.824 r  MMCME2_BASE_inst/CLKOUT0
                         net (fo=1, routed)           2.206     5.030    host_clk_i
    BUFGCTRL_X0Y16       BUFG (Prop_bufg_I_O)         0.101     5.131 r  bufg_host_clk/O
                         net (fo=10873, routed)       1.699     6.830    rocketchip_wrapper/system/system_axi_interconnect_1_0/s00_couplers_imp_8CNLH6/system_axi_interconnect_1_imp_auto_pc_0/system_axi_interconnect_1_imp_auto_pc_0_axi_protocol_converter_v2_1_37_axi_protocol_converter/system_axi_interconnect_1_imp_auto_pc_0_axi_protocol_converter_v2_1_37_axi3_conv/system_axi_interconnect_1_imp_auto_pc_0_axi_protocol_converter_v2_1_37_a_axi3_conv/system_axi_interconnect_1_imp_auto_pc_0_axi_data_fifo_v2_1_36_axic_fifo/system_axi_interconnect_1_imp_auto_pc_0_axi_data_fifo_v2_1_36_fifo_gen/<hidden>/<hidden>/<hidden>/<hidden>/<hidden>/<hidden>
    SLICE_X30Y54         FDPE                                         r  rocketchip_wrapper/system/system_axi_interconnect_1_0/s00_couplers_imp_8CNLH6/system_axi_interconnect_1_imp_auto_pc_0/system_axi_interconnect_1_imp_auto_pc_0_axi_protocol_converter_v2_1_37_axi_protocol_converter/system_axi_interconnect_1_imp_auto_pc_0_axi_protocol_converter_v2_1_37_axi3_conv/system_axi_interconnect_1_imp_auto_pc_0_axi_protocol_converter_v2_1_37_a_axi3_conv/system_axi_interconnect_1_imp_auto_pc_0_axi_data_fifo_v2_1_36_axic_fifo/system_axi_interconnect_1_imp_auto_pc_0_axi_data_fifo_v2_1_36_fifo_gen/<hidden>/<hidden>/<hidden>/<hidden>/<hidden>/<hidden>
  -------------------------------------------------------------------    -------------------
    SLICE_X30Y54         FDPE (Prop_fdpe_C_Q)         0.478     7.308 f  rocketchip_wrapper/system/system_axi_interconnect_1_0/s00_couplers_imp_8CNLH6/system_axi_interconnect_1_imp_auto_pc_0/system_axi_interconnect_1_imp_auto_pc_0_axi_protocol_converter_v2_1_37_axi_protocol_converter/system_axi_interconnect_1_imp_auto_pc_0_axi_protocol_converter_v2_1_37_axi3_conv/system_axi_interconnect_1_imp_auto_pc_0_axi_protocol_converter_v2_1_37_a_axi3_conv/system_axi_interconnect_1_imp_auto_pc_0_axi_data_fifo_v2_1_36_axic_fifo/system_axi_interconnect_1_imp_auto_pc_0_axi_data_fifo_v2_1_36_fifo_gen/<hidden>/<hidden>/<hidden>/<hidden>/<hidden>/<hidden>
                         net (fo=3, routed)           0.757     8.064    rocketchip_wrapper/system/system_axi_interconnect_1_0/s00_couplers_imp_8CNLH6/system_axi_interconnect_1_imp_auto_pc_0/system_axi_interconnect_1_imp_auto_pc_0_axi_protocol_converter_v2_1_37_axi_protocol_converter/system_axi_interconnect_1_imp_auto_pc_0_axi_protocol_converter_v2_1_37_axi3_conv/system_axi_interconnect_1_imp_auto_pc_0_axi_protocol_converter_v2_1_37_a_axi3_conv/system_axi_interconnect_1_imp_auto_pc_0_axi_data_fifo_v2_1_36_axic_fifo/system_axi_interconnect_1_imp_auto_pc_0_axi_data_fifo_v2_1_36_fifo_gen/<hidden>/<hidden>/<hidden>/<hidden>/<hidden>
    SLICE_X27Y55         LUT3 (Prop_lut3_I2_O)        0.295     8.359 f  rocketchip_wrapper/system/system_axi_interconnect_1_0/s00_couplers_imp_8CNLH6/system_axi_interconnect_1_imp_auto_pc_0/system_axi_interconnect_1_imp_auto_pc_0_axi_protocol_converter_v2_1_37_axi_protocol_converter/system_axi_interconnect_1_imp_auto_pc_0_axi_protocol_converter_v2_1_37_axi3_conv/system_axi_interconnect_1_imp_auto_pc_0_axi_protocol_converter_v2_1_37_a_axi3_conv/system_axi_interconnect_1_imp_auto_pc_0_axi_data_fifo_v2_1_36_axic_fifo/system_axi_interconnect_1_imp_auto_pc_0_axi_data_fifo_v2_1_36_fifo_gen/<hidden>/<hidden>/<hidden>/<hidden>/<hidden>
                         net (fo=32, routed)          1.330     9.689    rocketchip_wrapper/system/system_axi_interconnect_1_0/s00_couplers_imp_8CNLH6/system_axi_interconnect_1_imp_auto_pc_0/system_axi_interconnect_1_imp_auto_pc_0_axi_protocol_converter_v2_1_37_axi_protocol_converter/system_axi_interconnect_1_imp_auto_pc_0_axi_protocol_converter_v2_1_37_axi3_conv/system_axi_interconnect_1_imp_auto_pc_0_axi_protocol_converter_v2_1_37_a_axi3_conv/system_axi_interconnect_1_imp_auto_pc_0_axi_data_fifo_v2_1_36_axic_fifo/system_axi_interconnect_1_imp_auto_pc_0_axi_data_fifo_v2_1_36_fifo_gen/<hidden>/<hidden>/<hidden>/<hidden>/<hidden>/<hidden>
    SLICE_X26Y59         FDCE                                         f  rocketchip_wrapper/system/system_axi_interconnect_1_0/s00_couplers_imp_8CNLH6/system_axi_interconnect_1_imp_auto_pc_0/system_axi_interconnect_1_imp_auto_pc_0_axi_protocol_converter_v2_1_37_axi_protocol_converter/system_axi_interconnect_1_imp_auto_pc_0_axi_protocol_converter_v2_1_37_axi3_conv/system_axi_interconnect_1_imp_auto_pc_0_axi_protocol_converter_v2_1_37_a_axi3_conv/system_axi_interconnect_1_imp_auto_pc_0_axi_data_fifo_v2_1_36_axic_fifo/system_axi_interconnect_1_imp_auto_pc_0_axi_data_fifo_v2_1_36_fifo_gen/<hidden>/<hidden>/<hidden>/<hidden>/<hidden>/<hidden>
  -------------------------------------------------------------------    -------------------

                         (clock host_clk_i rise edge)
                                                     25.000    25.000 r  
    H16                                               0.000    25.000 r  clk (IN)
                         net (fo=0)                   0.000    25.000    clk
    H16                  IBUF (Prop_ibuf_I_O)         1.380    26.380 r  ibufg_gclk/O
                         net (fo=1, routed)           1.162    27.542    gclk_i
    MMCME2_ADV_X1Y2      MMCME2_ADV (Prop_mmcme2_adv_CLKIN1_CLKOUT0)
                                                      0.083    27.625 r  MMCME2_BASE_inst/CLKOUT0
                         net (fo=1, routed)           2.012    29.637    host_clk_i
    BUFGCTRL_X0Y16       BUFG (Prop_bufg_I_O)         0.091    29.728 r  bufg_host_clk/O
                         net (fo=10873, routed)       1.519    31.247    rocketchip_wrapper/system/system_axi_interconnect_1_0/s00_couplers_imp_8CNLH6/system_axi_interconnect_1_imp_auto_pc_0/system_axi_interconnect_1_imp_auto_pc_0_axi_protocol_converter_v2_1_37_axi_protocol_converter/system_axi_interconnect_1_imp_auto_pc_0_axi_protocol_converter_v2_1_37_axi3_conv/system_axi_interconnect_1_imp_auto_pc_0_axi_protocol_converter_v2_1_37_a_axi3_conv/system_axi_interconnect_1_imp_auto_pc_0_axi_data_fifo_v2_1_36_axic_fifo/system_axi_interconnect_1_imp_auto_pc_0_axi_data_fifo_v2_1_36_fifo_gen/<hidden>/<hidden>/<hidden>/<hidden>/<hidden>/<hidden>
    SLICE_X26Y59         FDCE                                         r  rocketchip_wrapper/system/system_axi_interconnect_1_0/s00_couplers_imp_8CNLH6/system_axi_interconnect_1_imp_auto_pc_0/system_axi_interconnect_1_imp_auto_pc_0_axi_protocol_converter_v2_1_37_axi_protocol_converter/system_axi_interconnect_1_imp_auto_pc_0_axi_protocol_converter_v2_1_37_axi3_conv/system_axi_interconnect_1_imp_auto_pc_0_axi_protocol_converter_v2_1_37_a_axi3_conv/system_axi_interconnect_1_imp_auto_pc_0_axi_data_fifo_v2_1_36_axic_fifo/system_axi_interconnect_1_imp_auto_pc_0_axi_data_fifo_v2_1_36_fifo_gen/<hidden>/<hidden>/<hidden>/<hidden>/<hidden>/<hidden>
                         clock pessimism              0.516    31.764    
                         clock uncertainty           -0.082    31.682    
    SLICE_X26Y59         FDCE (Recov_fdce_C_CLR)     -0.319    31.363    rocketchip_wrapper/system/system_axi_interconnect_1_0/s00_couplers_imp_8CNLH6/system_axi_interconnect_1_imp_auto_pc_0/system_axi_interconnect_1_imp_auto_pc_0_axi_protocol_converter_v2_1_37_axi_protocol_converter/system_axi_interconnect_1_imp_auto_pc_0_axi_protocol_converter_v2_1_37_axi3_conv/system_axi_interconnect_1_imp_auto_pc_0_axi_protocol_converter_v2_1_37_a_axi3_conv/system_axi_interconnect_1_imp_auto_pc_0_axi_data_fifo_v2_1_36_axic_fifo/system_axi_interconnect_1_imp_auto_pc_0_axi_data_fifo_v2_1_36_fifo_gen/<hidden>/<hidden>/<hidden>/<hidden>/<hidden>/<hidden>
  -------------------------------------------------------------------
                         required time                         31.363    
                         arrival time                          -9.689    
  -------------------------------------------------------------------
                         slack                                 21.674    

Slack (MET) :             21.727ns  (required time - arrival time)
  Source:                 rocketchip_wrapper/system/system_axi_interconnect_1_0/s00_couplers_imp_8CNLH6/system_axi_interconnect_1_imp_auto_pc_0/system_axi_interconnect_1_imp_auto_pc_0_axi_protocol_converter_v2_1_37_axi_protocol_converter/system_axi_interconnect_1_imp_auto_pc_0_axi_protocol_converter_v2_1_37_axi3_conv/system_axi_interconnect_1_imp_auto_pc_0_axi_protocol_converter_v2_1_37_a_axi3_conv/system_axi_interconnect_1_imp_auto_pc_0_axi_data_fifo_v2_1_36_axic_fifo/system_axi_interconnect_1_imp_auto_pc_0_axi_data_fifo_v2_1_36_fifo_gen/<hidden>/<hidden>/<hidden>/<hidden>/<hidden>/<hidden>
                            (rising edge-triggered cell FDPE clocked by host_clk_i  {rise@0.000ns fall@12.500ns period=25.000ns})
  Destination:            rocketchip_wrapper/system/system_axi_interconnect_1_0/s00_couplers_imp_8CNLH6/system_axi_interconnect_1_imp_auto_pc_0/system_axi_interconnect_1_imp_auto_pc_0_axi_protocol_converter_v2_1_37_axi_protocol_converter/system_axi_interconnect_1_imp_auto_pc_0_axi_protocol_converter_v2_1_37_axi3_conv/system_axi_interconnect_1_imp_auto_pc_0_axi_protocol_converter_v2_1_37_a_axi3_conv/system_axi_interconnect_1_imp_auto_pc_0_axi_data_fifo_v2_1_36_axic_fifo/system_axi_interconnect_1_imp_auto_pc_0_axi_data_fifo_v2_1_36_fifo_gen/<hidden>/<hidden>/<hidden>/<hidden>/<hidden>/<hidden>
                            (recovery check against rising-edge clock host_clk_i  {rise@0.000ns fall@12.500ns period=25.000ns})
  Path Group:             **async_default**
  Path Type:              Recovery (Max at Slow Process Corner)
  Requirement:            25.000ns  (host_clk_i rise@25.000ns - host_clk_i rise@0.000ns)
  Data Path Delay:        2.721ns  (logic 0.773ns (28.408%)  route 1.948ns (71.592%))
  Logic Levels:           1  (LUT3=1)
  Clock Path Skew:        -0.065ns (DCD - SCD + CPR)
    Destination Clock Delay (DCD):    6.248ns = ( 31.248 - 25.000 ) 
    Source Clock Delay      (SCD):    6.830ns
    Clock Pessimism Removal (CPR):    0.516ns
  Clock Uncertainty:      0.082ns  ((TSJ^2 + DJ^2)^1/2) / 2 + PE
    Total System Jitter     (TSJ):    0.071ns
    Discrete Jitter          (DJ):    0.147ns
    Phase Error              (PE):    0.000ns

    Location             Delay type                Incr(ns)  Path(ns)    Netlist Resource(s)
  -------------------------------------------------------------------    -------------------
                         (clock host_clk_i rise edge)
                                                      0.000     0.000 r  
    H16                                               0.000     0.000 r  clk (IN)
                         net (fo=0)                   0.000     0.000    clk
    H16                  IBUF (Prop_ibuf_I_O)         1.451     1.451 r  ibufg_gclk/O
                         net (fo=1, routed)           1.285     2.736    gclk_i
    MMCME2_ADV_X1Y2      MMCME2_ADV (Prop_mmcme2_adv_CLKIN1_CLKOUT0)
                                                      0.088     2.824 r  MMCME2_BASE_inst/CLKOUT0
                         net (fo=1, routed)           2.206     5.030    host_clk_i
    BUFGCTRL_X0Y16       BUFG (Prop_bufg_I_O)         0.101     5.131 r  bufg_host_clk/O
                         net (fo=10873, routed)       1.699     6.830    rocketchip_wrapper/system/system_axi_interconnect_1_0/s00_couplers_imp_8CNLH6/system_axi_interconnect_1_imp_auto_pc_0/system_axi_interconnect_1_imp_auto_pc_0_axi_protocol_converter_v2_1_37_axi_protocol_converter/system_axi_interconnect_1_imp_auto_pc_0_axi_protocol_converter_v2_1_37_axi3_conv/system_axi_interconnect_1_imp_auto_pc_0_axi_protocol_converter_v2_1_37_a_axi3_conv/system_axi_interconnect_1_imp_auto_pc_0_axi_data_fifo_v2_1_36_axic_fifo/system_axi_interconnect_1_imp_auto_pc_0_axi_data_fifo_v2_1_36_fifo_gen/<hidden>/<hidden>/<hidden>/<hidden>/<hidden>/<hidden>
    SLICE_X30Y54         FDPE                                         r  rocketchip_wrapper/system/system_axi_interconnect_1_0/s00_couplers_imp_8CNLH6/system_axi_interconnect_1_imp_auto_pc_0/system_axi_interconnect_1_imp_auto_pc_0_axi_protocol_converter_v2_1_37_axi_protocol_converter/system_axi_interconnect_1_imp_auto_pc_0_axi_protocol_converter_v2_1_37_axi3_conv/system_axi_interconnect_1_imp_auto_pc_0_axi_protocol_converter_v2_1_37_a_axi3_conv/system_axi_interconnect_1_imp_auto_pc_0_axi_data_fifo_v2_1_36_axic_fifo/system_axi_interconnect_1_imp_auto_pc_0_axi_data_fifo_v2_1_36_fifo_gen/<hidden>/<hidden>/<hidden>/<hidden>/<hidden>/<hidden>
  -------------------------------------------------------------------    -------------------
    SLICE_X30Y54         FDPE (Prop_fdpe_C_Q)         0.478     7.308 f  rocketchip_wrapper/system/system_axi_interconnect_1_0/s00_couplers_imp_8CNLH6/system_axi_interconnect_1_imp_auto_pc_0/system_axi_interconnect_1_imp_auto_pc_0_axi_protocol_converter_v2_1_37_axi_protocol_converter/system_axi_interconnect_1_imp_auto_pc_0_axi_protocol_converter_v2_1_37_axi3_conv/system_axi_interconnect_1_imp_auto_pc_0_axi_protocol_converter_v2_1_37_a_axi3_conv/system_axi_interconnect_1_imp_auto_pc_0_axi_data_fifo_v2_1_36_axic_fifo/system_axi_interconnect_1_imp_auto_pc_0_axi_data_fifo_v2_1_36_fifo_gen/<hidden>/<hidden>/<hidden>/<hidden>/<hidden>/<hidden>
                         net (fo=3, routed)           0.757     8.064    rocketchip_wrapper/system/system_axi_interconnect_1_0/s00_couplers_imp_8CNLH6/system_axi_interconnect_1_imp_auto_pc_0/system_axi_interconnect_1_imp_auto_pc_0_axi_protocol_converter_v2_1_37_axi_protocol_converter/system_axi_interconnect_1_imp_auto_pc_0_axi_protocol_converter_v2_1_37_axi3_conv/system_axi_interconnect_1_imp_auto_pc_0_axi_protocol_converter_v2_1_37_a_axi3_conv/system_axi_interconnect_1_imp_auto_pc_0_axi_data_fifo_v2_1_36_axic_fifo/system_axi_interconnect_1_imp_auto_pc_0_axi_data_fifo_v2_1_36_fifo_gen/<hidden>/<hidden>/<hidden>/<hidden>/<hidden>
    SLICE_X27Y55         LUT3 (Prop_lut3_I2_O)        0.295     8.359 f  rocketchip_wrapper/system/system_axi_interconnect_1_0/s00_couplers_imp_8CNLH6/system_axi_interconnect_1_imp_auto_pc_0/system_axi_interconnect_1_imp_auto_pc_0_axi_protocol_converter_v2_1_37_axi_protocol_converter/system_axi_interconnect_1_imp_auto_pc_0_axi_protocol_converter_v2_1_37_axi3_conv/system_axi_interconnect_1_imp_auto_pc_0_axi_protocol_converter_v2_1_37_a_axi3_conv/system_axi_interconnect_1_imp_auto_pc_0_axi_data_fifo_v2_1_36_axic_fifo/system_axi_interconnect_1_imp_auto_pc_0_axi_data_fifo_v2_1_36_fifo_gen/<hidden>/<hidden>/<hidden>/<hidden>/<hidden>
                         net (fo=32, routed)          1.191     9.551    rocketchip_wrapper/system/system_axi_interconnect_1_0/s00_couplers_imp_8CNLH6/system_axi_interconnect_1_imp_auto_pc_0/system_axi_interconnect_1_imp_auto_pc_0_axi_protocol_converter_v2_1_37_axi_protocol_converter/system_axi_interconnect_1_imp_auto_pc_0_axi_protocol_converter_v2_1_37_axi3_conv/system_axi_interconnect_1_imp_auto_pc_0_axi_protocol_converter_v2_1_37_a_axi3_conv/system_axi_interconnect_1_imp_auto_pc_0_axi_data_fifo_v2_1_36_axic_fifo/system_axi_interconnect_1_imp_auto_pc_0_axi_data_fifo_v2_1_36_fifo_gen/<hidden>/<hidden>/<hidden>/<hidden>/<hidden>/<hidden>
    SLICE_X27Y58         FDCE                                         f  rocketchip_wrapper/system/system_axi_interconnect_1_0/s00_couplers_imp_8CNLH6/system_axi_interconnect_1_imp_auto_pc_0/system_axi_interconnect_1_imp_auto_pc_0_axi_protocol_converter_v2_1_37_axi_protocol_converter/system_axi_interconnect_1_imp_auto_pc_0_axi_protocol_converter_v2_1_37_axi3_conv/system_axi_interconnect_1_imp_auto_pc_0_axi_protocol_converter_v2_1_37_a_axi3_conv/system_axi_interconnect_1_imp_auto_pc_0_axi_data_fifo_v2_1_36_axic_fifo/system_axi_interconnect_1_imp_auto_pc_0_axi_data_fifo_v2_1_36_fifo_gen/<hidden>/<hidden>/<hidden>/<hidden>/<hidden>/<hidden>
  -------------------------------------------------------------------    -------------------

                         (clock host_clk_i rise edge)
                                                     25.000    25.000 r  
    H16                                               0.000    25.000 r  clk (IN)
                         net (fo=0)                   0.000    25.000    clk
    H16                  IBUF (Prop_ibuf_I_O)         1.380    26.380 r  ibufg_gclk/O
                         net (fo=1, routed)           1.162    27.542    gclk_i
    MMCME2_ADV_X1Y2      MMCME2_ADV (Prop_mmcme2_adv_CLKIN1_CLKOUT0)
                                                      0.083    27.625 r  MMCME2_BASE_inst/CLKOUT0
                         net (fo=1, routed)           2.012    29.637    host_clk_i
    BUFGCTRL_X0Y16       BUFG (Prop_bufg_I_O)         0.091    29.728 r  bufg_host_clk/O
                         net (fo=10873, routed)       1.520    31.248    rocketchip_wrapper/system/system_axi_interconnect_1_0/s00_couplers_imp_8CNLH6/system_axi_interconnect_1_imp_auto_pc_0/system_axi_interconnect_1_imp_auto_pc_0_axi_protocol_converter_v2_1_37_axi_protocol_converter/system_axi_interconnect_1_imp_auto_pc_0_axi_protocol_converter_v2_1_37_axi3_conv/system_axi_interconnect_1_imp_auto_pc_0_axi_protocol_converter_v2_1_37_a_axi3_conv/system_axi_interconnect_1_imp_auto_pc_0_axi_data_fifo_v2_1_36_axic_fifo/system_axi_interconnect_1_imp_auto_pc_0_axi_data_fifo_v2_1_36_fifo_gen/<hidden>/<hidden>/<hidden>/<hidden>/<hidden>/<hidden>
    SLICE_X27Y58         FDCE                                         r  rocketchip_wrapper/system/system_axi_interconnect_1_0/s00_couplers_imp_8CNLH6/system_axi_interconnect_1_imp_auto_pc_0/system_axi_interconnect_1_imp_auto_pc_0_axi_protocol_converter_v2_1_37_axi_protocol_converter/system_axi_interconnect_1_imp_auto_pc_0_axi_protocol_converter_v2_1_37_axi3_conv/system_axi_interconnect_1_imp_auto_pc_0_axi_protocol_converter_v2_1_37_a_axi3_conv/system_axi_interconnect_1_imp_auto_pc_0_axi_data_fifo_v2_1_36_axic_fifo/system_axi_interconnect_1_imp_auto_pc_0_axi_data_fifo_v2_1_36_fifo_gen/<hidden>/<hidden>/<hidden>/<hidden>/<hidden>/<hidden>
                         clock pessimism              0.516    31.765    
                         clock uncertainty           -0.082    31.683    
    SLICE_X27Y58         FDCE (Recov_fdce_C_CLR)     -0.405    31.278    rocketchip_wrapper/system/system_axi_interconnect_1_0/s00_couplers_imp_8CNLH6/system_axi_interconnect_1_imp_auto_pc_0/system_axi_interconnect_1_imp_auto_pc_0_axi_protocol_converter_v2_1_37_axi_protocol_converter/system_axi_interconnect_1_imp_auto_pc_0_axi_protocol_converter_v2_1_37_axi3_conv/system_axi_interconnect_1_imp_auto_pc_0_axi_protocol_converter_v2_1_37_a_axi3_conv/system_axi_interconnect_1_imp_auto_pc_0_axi_data_fifo_v2_1_36_axic_fifo/system_axi_interconnect_1_imp_auto_pc_0_axi_data_fifo_v2_1_36_fifo_gen/<hidden>/<hidden>/<hidden>/<hidden>/<hidden>/<hidden>
  -------------------------------------------------------------------
                         required time                         31.278    
                         arrival time                          -9.551    
  -------------------------------------------------------------------
                         slack                                 21.727    

Slack (MET) :             21.727ns  (required time - arrival time)
  Source:                 rocketchip_wrapper/system/system_axi_interconnect_1_0/s00_couplers_imp_8CNLH6/system_axi_interconnect_1_imp_auto_pc_0/system_axi_interconnect_1_imp_auto_pc_0_axi_protocol_converter_v2_1_37_axi_protocol_converter/system_axi_interconnect_1_imp_auto_pc_0_axi_protocol_converter_v2_1_37_axi3_conv/system_axi_interconnect_1_imp_auto_pc_0_axi_protocol_converter_v2_1_37_a_axi3_conv/system_axi_interconnect_1_imp_auto_pc_0_axi_data_fifo_v2_1_36_axic_fifo/system_axi_interconnect_1_imp_auto_pc_0_axi_data_fifo_v2_1_36_fifo_gen/<hidden>/<hidden>/<hidden>/<hidden>/<hidden>/<hidden>
                            (rising edge-triggered cell FDPE clocked by host_clk_i  {rise@0.000ns fall@12.500ns period=25.000ns})
  Destination:            rocketchip_wrapper/system/system_axi_interconnect_1_0/s00_couplers_imp_8CNLH6/system_axi_interconnect_1_imp_auto_pc_0/system_axi_interconnect_1_imp_auto_pc_0_axi_protocol_converter_v2_1_37_axi_protocol_converter/system_axi_interconnect_1_imp_auto_pc_0_axi_protocol_converter_v2_1_37_axi3_conv/system_axi_interconnect_1_imp_auto_pc_0_axi_protocol_converter_v2_1_37_a_axi3_conv/system_axi_interconnect_1_imp_auto_pc_0_axi_data_fifo_v2_1_36_axic_fifo/system_axi_interconnect_1_imp_auto_pc_0_axi_data_fifo_v2_1_36_fifo_gen/<hidden>/<hidden>/<hidden>/<hidden>/<hidden>/<hidden>
                            (recovery check against rising-edge clock host_clk_i  {rise@0.000ns fall@12.500ns period=25.000ns})
  Path Group:             **async_default**
  Path Type:              Recovery (Max at Slow Process Corner)
  Requirement:            25.000ns  (host_clk_i rise@25.000ns - host_clk_i rise@0.000ns)
  Data Path Delay:        2.721ns  (logic 0.773ns (28.408%)  route 1.948ns (71.592%))
  Logic Levels:           1  (LUT3=1)
  Clock Path Skew:        -0.065ns (DCD - SCD + CPR)
    Destination Clock Delay (DCD):    6.248ns = ( 31.248 - 25.000 ) 
    Source Clock Delay      (SCD):    6.830ns
    Clock Pessimism Removal (CPR):    0.516ns
  Clock Uncertainty:      0.082ns  ((TSJ^2 + DJ^2)^1/2) / 2 + PE
    Total System Jitter     (TSJ):    0.071ns
    Discrete Jitter          (DJ):    0.147ns
    Phase Error              (PE):    0.000ns

    Location             Delay type                Incr(ns)  Path(ns)    Netlist Resource(s)
  -------------------------------------------------------------------    -------------------
                         (clock host_clk_i rise edge)
                                                      0.000     0.000 r  
    H16                                               0.000     0.000 r  clk (IN)
                         net (fo=0)                   0.000     0.000    clk
    H16                  IBUF (Prop_ibuf_I_O)         1.451     1.451 r  ibufg_gclk/O
                         net (fo=1, routed)           1.285     2.736    gclk_i
    MMCME2_ADV_X1Y2      MMCME2_ADV (Prop_mmcme2_adv_CLKIN1_CLKOUT0)
                                                      0.088     2.824 r  MMCME2_BASE_inst/CLKOUT0
                         net (fo=1, routed)           2.206     5.030    host_clk_i
    BUFGCTRL_X0Y16       BUFG (Prop_bufg_I_O)         0.101     5.131 r  bufg_host_clk/O
                         net (fo=10873, routed)       1.699     6.830    rocketchip_wrapper/system/system_axi_interconnect_1_0/s00_couplers_imp_8CNLH6/system_axi_interconnect_1_imp_auto_pc_0/system_axi_interconnect_1_imp_auto_pc_0_axi_protocol_converter_v2_1_37_axi_protocol_converter/system_axi_interconnect_1_imp_auto_pc_0_axi_protocol_converter_v2_1_37_axi3_conv/system_axi_interconnect_1_imp_auto_pc_0_axi_protocol_converter_v2_1_37_a_axi3_conv/system_axi_interconnect_1_imp_auto_pc_0_axi_data_fifo_v2_1_36_axic_fifo/system_axi_interconnect_1_imp_auto_pc_0_axi_data_fifo_v2_1_36_fifo_gen/<hidden>/<hidden>/<hidden>/<hidden>/<hidden>/<hidden>
    SLICE_X30Y54         FDPE                                         r  rocketchip_wrapper/system/system_axi_interconnect_1_0/s00_couplers_imp_8CNLH6/system_axi_interconnect_1_imp_auto_pc_0/system_axi_interconnect_1_imp_auto_pc_0_axi_protocol_converter_v2_1_37_axi_protocol_converter/system_axi_interconnect_1_imp_auto_pc_0_axi_protocol_converter_v2_1_37_axi3_conv/system_axi_interconnect_1_imp_auto_pc_0_axi_protocol_converter_v2_1_37_a_axi3_conv/system_axi_interconnect_1_imp_auto_pc_0_axi_data_fifo_v2_1_36_axic_fifo/system_axi_interconnect_1_imp_auto_pc_0_axi_data_fifo_v2_1_36_fifo_gen/<hidden>/<hidden>/<hidden>/<hidden>/<hidden>/<hidden>
  -------------------------------------------------------------------    -------------------
    SLICE_X30Y54         FDPE (Prop_fdpe_C_Q)         0.478     7.308 f  rocketchip_wrapper/system/system_axi_interconnect_1_0/s00_couplers_imp_8CNLH6/system_axi_interconnect_1_imp_auto_pc_0/system_axi_interconnect_1_imp_auto_pc_0_axi_protocol_converter_v2_1_37_axi_protocol_converter/system_axi_interconnect_1_imp_auto_pc_0_axi_protocol_converter_v2_1_37_axi3_conv/system_axi_interconnect_1_imp_auto_pc_0_axi_protocol_converter_v2_1_37_a_axi3_conv/system_axi_interconnect_1_imp_auto_pc_0_axi_data_fifo_v2_1_36_axic_fifo/system_axi_interconnect_1_imp_auto_pc_0_axi_data_fifo_v2_1_36_fifo_gen/<hidden>/<hidden>/<hidden>/<hidden>/<hidden>/<hidden>
                         net (fo=3, routed)           0.757     8.064    rocketchip_wrapper/system/system_axi_interconnect_1_0/s00_couplers_imp_8CNLH6/system_axi_interconnect_1_imp_auto_pc_0/system_axi_interconnect_1_imp_auto_pc_0_axi_protocol_converter_v2_1_37_axi_protocol_converter/system_axi_interconnect_1_imp_auto_pc_0_axi_protocol_converter_v2_1_37_axi3_conv/system_axi_interconnect_1_imp_auto_pc_0_axi_protocol_converter_v2_1_37_a_axi3_conv/system_axi_interconnect_1_imp_auto_pc_0_axi_data_fifo_v2_1_36_axic_fifo/system_axi_interconnect_1_imp_auto_pc_0_axi_data_fifo_v2_1_36_fifo_gen/<hidden>/<hidden>/<hidden>/<hidden>/<hidden>
    SLICE_X27Y55         LUT3 (Prop_lut3_I2_O)        0.295     8.359 f  rocketchip_wrapper/system/system_axi_interconnect_1_0/s00_couplers_imp_8CNLH6/system_axi_interconnect_1_imp_auto_pc_0/system_axi_interconnect_1_imp_auto_pc_0_axi_protocol_converter_v2_1_37_axi_protocol_converter/system_axi_interconnect_1_imp_auto_pc_0_axi_protocol_converter_v2_1_37_axi3_conv/system_axi_interconnect_1_imp_auto_pc_0_axi_protocol_converter_v2_1_37_a_axi3_conv/system_axi_interconnect_1_imp_auto_pc_0_axi_data_fifo_v2_1_36_axic_fifo/system_axi_interconnect_1_imp_auto_pc_0_axi_data_fifo_v2_1_36_fifo_gen/<hidden>/<hidden>/<hidden>/<hidden>/<hidden>
                         net (fo=32, routed)          1.191     9.551    rocketchip_wrapper/system/system_axi_interconnect_1_0/s00_couplers_imp_8CNLH6/system_axi_interconnect_1_imp_auto_pc_0/system_axi_interconnect_1_imp_auto_pc_0_axi_protocol_converter_v2_1_37_axi_protocol_converter/system_axi_interconnect_1_imp_auto_pc_0_axi_protocol_converter_v2_1_37_axi3_conv/system_axi_interconnect_1_imp_auto_pc_0_axi_protocol_converter_v2_1_37_a_axi3_conv/system_axi_interconnect_1_imp_auto_pc_0_axi_data_fifo_v2_1_36_axic_fifo/system_axi_interconnect_1_imp_auto_pc_0_axi_data_fifo_v2_1_36_fifo_gen/<hidden>/<hidden>/<hidden>/<hidden>/<hidden>/<hidden>
    SLICE_X27Y58         FDCE                                         f  rocketchip_wrapper/system/system_axi_interconnect_1_0/s00_couplers_imp_8CNLH6/system_axi_interconnect_1_imp_auto_pc_0/system_axi_interconnect_1_imp_auto_pc_0_axi_protocol_converter_v2_1_37_axi_protocol_converter/system_axi_interconnect_1_imp_auto_pc_0_axi_protocol_converter_v2_1_37_axi3_conv/system_axi_interconnect_1_imp_auto_pc_0_axi_protocol_converter_v2_1_37_a_axi3_conv/system_axi_interconnect_1_imp_auto_pc_0_axi_data_fifo_v2_1_36_axic_fifo/system_axi_interconnect_1_imp_auto_pc_0_axi_data_fifo_v2_1_36_fifo_gen/<hidden>/<hidden>/<hidden>/<hidden>/<hidden>/<hidden>
  -------------------------------------------------------------------    -------------------

                         (clock host_clk_i rise edge)
                                                     25.000    25.000 r  
    H16                                               0.000    25.000 r  clk (IN)
                         net (fo=0)                   0.000    25.000    clk
    H16                  IBUF (Prop_ibuf_I_O)         1.380    26.380 r  ibufg_gclk/O
                         net (fo=1, routed)           1.162    27.542    gclk_i
    MMCME2_ADV_X1Y2      MMCME2_ADV (Prop_mmcme2_adv_CLKIN1_CLKOUT0)
                                                      0.083    27.625 r  MMCME2_BASE_inst/CLKOUT0
                         net (fo=1, routed)           2.012    29.637    host_clk_i
    BUFGCTRL_X0Y16       BUFG (Prop_bufg_I_O)         0.091    29.728 r  bufg_host_clk/O
                         net (fo=10873, routed)       1.520    31.248    rocketchip_wrapper/system/system_axi_interconnect_1_0/s00_couplers_imp_8CNLH6/system_axi_interconnect_1_imp_auto_pc_0/system_axi_interconnect_1_imp_auto_pc_0_axi_protocol_converter_v2_1_37_axi_protocol_converter/system_axi_interconnect_1_imp_auto_pc_0_axi_protocol_converter_v2_1_37_axi3_conv/system_axi_interconnect_1_imp_auto_pc_0_axi_protocol_converter_v2_1_37_a_axi3_conv/system_axi_interconnect_1_imp_auto_pc_0_axi_data_fifo_v2_1_36_axic_fifo/system_axi_interconnect_1_imp_auto_pc_0_axi_data_fifo_v2_1_36_fifo_gen/<hidden>/<hidden>/<hidden>/<hidden>/<hidden>/<hidden>
    SLICE_X27Y58         FDCE                                         r  rocketchip_wrapper/system/system_axi_interconnect_1_0/s00_couplers_imp_8CNLH6/system_axi_interconnect_1_imp_auto_pc_0/system_axi_interconnect_1_imp_auto_pc_0_axi_protocol_converter_v2_1_37_axi_protocol_converter/system_axi_interconnect_1_imp_auto_pc_0_axi_protocol_converter_v2_1_37_axi3_conv/system_axi_interconnect_1_imp_auto_pc_0_axi_protocol_converter_v2_1_37_a_axi3_conv/system_axi_interconnect_1_imp_auto_pc_0_axi_data_fifo_v2_1_36_axic_fifo/system_axi_interconnect_1_imp_auto_pc_0_axi_data_fifo_v2_1_36_fifo_gen/<hidden>/<hidden>/<hidden>/<hidden>/<hidden>/<hidden>
                         clock pessimism              0.516    31.765    
                         clock uncertainty           -0.082    31.683    
    SLICE_X27Y58         FDCE (Recov_fdce_C_CLR)     -0.405    31.278    rocketchip_wrapper/system/system_axi_interconnect_1_0/s00_couplers_imp_8CNLH6/system_axi_interconnect_1_imp_auto_pc_0/system_axi_interconnect_1_imp_auto_pc_0_axi_protocol_converter_v2_1_37_axi_protocol_converter/system_axi_interconnect_1_imp_auto_pc_0_axi_protocol_converter_v2_1_37_axi3_conv/system_axi_interconnect_1_imp_auto_pc_0_axi_protocol_converter_v2_1_37_a_axi3_conv/system_axi_interconnect_1_imp_auto_pc_0_axi_data_fifo_v2_1_36_axic_fifo/system_axi_interconnect_1_imp_auto_pc_0_axi_data_fifo_v2_1_36_fifo_gen/<hidden>/<hidden>/<hidden>/<hidden>/<hidden>/<hidden>
  -------------------------------------------------------------------
                         required time                         31.278    
                         arrival time                          -9.551    
  -------------------------------------------------------------------
                         slack                                 21.727    

Slack (MET) :             21.727ns  (required time - arrival time)
  Source:                 rocketchip_wrapper/system/system_axi_interconnect_1_0/s00_couplers_imp_8CNLH6/system_axi_interconnect_1_imp_auto_pc_0/system_axi_interconnect_1_imp_auto_pc_0_axi_protocol_converter_v2_1_37_axi_protocol_converter/system_axi_interconnect_1_imp_auto_pc_0_axi_protocol_converter_v2_1_37_axi3_conv/system_axi_interconnect_1_imp_auto_pc_0_axi_protocol_converter_v2_1_37_a_axi3_conv/system_axi_interconnect_1_imp_auto_pc_0_axi_data_fifo_v2_1_36_axic_fifo/system_axi_interconnect_1_imp_auto_pc_0_axi_data_fifo_v2_1_36_fifo_gen/<hidden>/<hidden>/<hidden>/<hidden>/<hidden>/<hidden>
                            (rising edge-triggered cell FDPE clocked by host_clk_i  {rise@0.000ns fall@12.500ns period=25.000ns})
  Destination:            rocketchip_wrapper/system/system_axi_interconnect_1_0/s00_couplers_imp_8CNLH6/system_axi_interconnect_1_imp_auto_pc_0/system_axi_interconnect_1_imp_auto_pc_0_axi_protocol_converter_v2_1_37_axi_protocol_converter/system_axi_interconnect_1_imp_auto_pc_0_axi_protocol_converter_v2_1_37_axi3_conv/system_axi_interconnect_1_imp_auto_pc_0_axi_protocol_converter_v2_1_37_a_axi3_conv/system_axi_interconnect_1_imp_auto_pc_0_axi_data_fifo_v2_1_36_axic_fifo/system_axi_interconnect_1_imp_auto_pc_0_axi_data_fifo_v2_1_36_fifo_gen/<hidden>/<hidden>/<hidden>/<hidden>/<hidden>/<hidden>
                            (recovery check against rising-edge clock host_clk_i  {rise@0.000ns fall@12.500ns period=25.000ns})
  Path Group:             **async_default**
  Path Type:              Recovery (Max at Slow Process Corner)
  Requirement:            25.000ns  (host_clk_i rise@25.000ns - host_clk_i rise@0.000ns)
  Data Path Delay:        2.721ns  (logic 0.773ns (28.408%)  route 1.948ns (71.592%))
  Logic Levels:           1  (LUT3=1)
  Clock Path Skew:        -0.065ns (DCD - SCD + CPR)
    Destination Clock Delay (DCD):    6.248ns = ( 31.248 - 25.000 ) 
    Source Clock Delay      (SCD):    6.830ns
    Clock Pessimism Removal (CPR):    0.516ns
  Clock Uncertainty:      0.082ns  ((TSJ^2 + DJ^2)^1/2) / 2 + PE
    Total System Jitter     (TSJ):    0.071ns
    Discrete Jitter          (DJ):    0.147ns
    Phase Error              (PE):    0.000ns

    Location             Delay type                Incr(ns)  Path(ns)    Netlist Resource(s)
  -------------------------------------------------------------------    -------------------
                         (clock host_clk_i rise edge)
                                                      0.000     0.000 r  
    H16                                               0.000     0.000 r  clk (IN)
                         net (fo=0)                   0.000     0.000    clk
    H16                  IBUF (Prop_ibuf_I_O)         1.451     1.451 r  ibufg_gclk/O
                         net (fo=1, routed)           1.285     2.736    gclk_i
    MMCME2_ADV_X1Y2      MMCME2_ADV (Prop_mmcme2_adv_CLKIN1_CLKOUT0)
                                                      0.088     2.824 r  MMCME2_BASE_inst/CLKOUT0
                         net (fo=1, routed)           2.206     5.030    host_clk_i
    BUFGCTRL_X0Y16       BUFG (Prop_bufg_I_O)         0.101     5.131 r  bufg_host_clk/O
                         net (fo=10873, routed)       1.699     6.830    rocketchip_wrapper/system/system_axi_interconnect_1_0/s00_couplers_imp_8CNLH6/system_axi_interconnect_1_imp_auto_pc_0/system_axi_interconnect_1_imp_auto_pc_0_axi_protocol_converter_v2_1_37_axi_protocol_converter/system_axi_interconnect_1_imp_auto_pc_0_axi_protocol_converter_v2_1_37_axi3_conv/system_axi_interconnect_1_imp_auto_pc_0_axi_protocol_converter_v2_1_37_a_axi3_conv/system_axi_interconnect_1_imp_auto_pc_0_axi_data_fifo_v2_1_36_axic_fifo/system_axi_interconnect_1_imp_auto_pc_0_axi_data_fifo_v2_1_36_fifo_gen/<hidden>/<hidden>/<hidden>/<hidden>/<hidden>/<hidden>
    SLICE_X30Y54         FDPE                                         r  rocketchip_wrapper/system/system_axi_interconnect_1_0/s00_couplers_imp_8CNLH6/system_axi_interconnect_1_imp_auto_pc_0/system_axi_interconnect_1_imp_auto_pc_0_axi_protocol_converter_v2_1_37_axi_protocol_converter/system_axi_interconnect_1_imp_auto_pc_0_axi_protocol_converter_v2_1_37_axi3_conv/system_axi_interconnect_1_imp_auto_pc_0_axi_protocol_converter_v2_1_37_a_axi3_conv/system_axi_interconnect_1_imp_auto_pc_0_axi_data_fifo_v2_1_36_axic_fifo/system_axi_interconnect_1_imp_auto_pc_0_axi_data_fifo_v2_1_36_fifo_gen/<hidden>/<hidden>/<hidden>/<hidden>/<hidden>/<hidden>
  -------------------------------------------------------------------    -------------------
    SLICE_X30Y54         FDPE (Prop_fdpe_C_Q)         0.478     7.308 f  rocketchip_wrapper/system/system_axi_interconnect_1_0/s00_couplers_imp_8CNLH6/system_axi_interconnect_1_imp_auto_pc_0/system_axi_interconnect_1_imp_auto_pc_0_axi_protocol_converter_v2_1_37_axi_protocol_converter/system_axi_interconnect_1_imp_auto_pc_0_axi_protocol_converter_v2_1_37_axi3_conv/system_axi_interconnect_1_imp_auto_pc_0_axi_protocol_converter_v2_1_37_a_axi3_conv/system_axi_interconnect_1_imp_auto_pc_0_axi_data_fifo_v2_1_36_axic_fifo/system_axi_interconnect_1_imp_auto_pc_0_axi_data_fifo_v2_1_36_fifo_gen/<hidden>/<hidden>/<hidden>/<hidden>/<hidden>/<hidden>
                         net (fo=3, routed)           0.757     8.064    rocketchip_wrapper/system/system_axi_interconnect_1_0/s00_couplers_imp_8CNLH6/system_axi_interconnect_1_imp_auto_pc_0/system_axi_interconnect_1_imp_auto_pc_0_axi_protocol_converter_v2_1_37_axi_protocol_converter/system_axi_interconnect_1_imp_auto_pc_0_axi_protocol_converter_v2_1_37_axi3_conv/system_axi_interconnect_1_imp_auto_pc_0_axi_protocol_converter_v2_1_37_a_axi3_conv/system_axi_interconnect_1_imp_auto_pc_0_axi_data_fifo_v2_1_36_axic_fifo/system_axi_interconnect_1_imp_auto_pc_0_axi_data_fifo_v2_1_36_fifo_gen/<hidden>/<hidden>/<hidden>/<hidden>/<hidden>
    SLICE_X27Y55         LUT3 (Prop_lut3_I2_O)        0.295     8.359 f  rocketchip_wrapper/system/system_axi_interconnect_1_0/s00_couplers_imp_8CNLH6/system_axi_interconnect_1_imp_auto_pc_0/system_axi_interconnect_1_imp_auto_pc_0_axi_protocol_converter_v2_1_37_axi_protocol_converter/system_axi_interconnect_1_imp_auto_pc_0_axi_protocol_converter_v2_1_37_axi3_conv/system_axi_interconnect_1_imp_auto_pc_0_axi_protocol_converter_v2_1_37_a_axi3_conv/system_axi_interconnect_1_imp_auto_pc_0_axi_data_fifo_v2_1_36_axic_fifo/system_axi_interconnect_1_imp_auto_pc_0_axi_data_fifo_v2_1_36_fifo_gen/<hidden>/<hidden>/<hidden>/<hidden>/<hidden>
                         net (fo=32, routed)          1.191     9.551    rocketchip_wrapper/system/system_axi_interconnect_1_0/s00_couplers_imp_8CNLH6/system_axi_interconnect_1_imp_auto_pc_0/system_axi_interconnect_1_imp_auto_pc_0_axi_protocol_converter_v2_1_37_axi_protocol_converter/system_axi_interconnect_1_imp_auto_pc_0_axi_protocol_converter_v2_1_37_axi3_conv/system_axi_interconnect_1_imp_auto_pc_0_axi_protocol_converter_v2_1_37_a_axi3_conv/system_axi_interconnect_1_imp_auto_pc_0_axi_data_fifo_v2_1_36_axic_fifo/system_axi_interconnect_1_imp_auto_pc_0_axi_data_fifo_v2_1_36_fifo_gen/<hidden>/<hidden>/<hidden>/<hidden>/<hidden>/<hidden>
    SLICE_X27Y58         FDCE                                         f  rocketchip_wrapper/system/system_axi_interconnect_1_0/s00_couplers_imp_8CNLH6/system_axi_interconnect_1_imp_auto_pc_0/system_axi_interconnect_1_imp_auto_pc_0_axi_protocol_converter_v2_1_37_axi_protocol_converter/system_axi_interconnect_1_imp_auto_pc_0_axi_protocol_converter_v2_1_37_axi3_conv/system_axi_interconnect_1_imp_auto_pc_0_axi_protocol_converter_v2_1_37_a_axi3_conv/system_axi_interconnect_1_imp_auto_pc_0_axi_data_fifo_v2_1_36_axic_fifo/system_axi_interconnect_1_imp_auto_pc_0_axi_data_fifo_v2_1_36_fifo_gen/<hidden>/<hidden>/<hidden>/<hidden>/<hidden>/<hidden>
  -------------------------------------------------------------------    -------------------

                         (clock host_clk_i rise edge)
                                                     25.000    25.000 r  
    H16                                               0.000    25.000 r  clk (IN)
                         net (fo=0)                   0.000    25.000    clk
    H16                  IBUF (Prop_ibuf_I_O)         1.380    26.380 r  ibufg_gclk/O
                         net (fo=1, routed)           1.162    27.542    gclk_i
    MMCME2_ADV_X1Y2      MMCME2_ADV (Prop_mmcme2_adv_CLKIN1_CLKOUT0)
                                                      0.083    27.625 r  MMCME2_BASE_inst/CLKOUT0
                         net (fo=1, routed)           2.012    29.637    host_clk_i
    BUFGCTRL_X0Y16       BUFG (Prop_bufg_I_O)         0.091    29.728 r  bufg_host_clk/O
                         net (fo=10873, routed)       1.520    31.248    rocketchip_wrapper/system/system_axi_interconnect_1_0/s00_couplers_imp_8CNLH6/system_axi_interconnect_1_imp_auto_pc_0/system_axi_interconnect_1_imp_auto_pc_0_axi_protocol_converter_v2_1_37_axi_protocol_converter/system_axi_interconnect_1_imp_auto_pc_0_axi_protocol_converter_v2_1_37_axi3_conv/system_axi_interconnect_1_imp_auto_pc_0_axi_protocol_converter_v2_1_37_a_axi3_conv/system_axi_interconnect_1_imp_auto_pc_0_axi_data_fifo_v2_1_36_axic_fifo/system_axi_interconnect_1_imp_auto_pc_0_axi_data_fifo_v2_1_36_fifo_gen/<hidden>/<hidden>/<hidden>/<hidden>/<hidden>/<hidden>
    SLICE_X27Y58         FDCE                                         r  rocketchip_wrapper/system/system_axi_interconnect_1_0/s00_couplers_imp_8CNLH6/system_axi_interconnect_1_imp_auto_pc_0/system_axi_interconnect_1_imp_auto_pc_0_axi_protocol_converter_v2_1_37_axi_protocol_converter/system_axi_interconnect_1_imp_auto_pc_0_axi_protocol_converter_v2_1_37_axi3_conv/system_axi_interconnect_1_imp_auto_pc_0_axi_protocol_converter_v2_1_37_a_axi3_conv/system_axi_interconnect_1_imp_auto_pc_0_axi_data_fifo_v2_1_36_axic_fifo/system_axi_interconnect_1_imp_auto_pc_0_axi_data_fifo_v2_1_36_fifo_gen/<hidden>/<hidden>/<hidden>/<hidden>/<hidden>/<hidden>
                         clock pessimism              0.516    31.765    
                         clock uncertainty           -0.082    31.683    
    SLICE_X27Y58         FDCE (Recov_fdce_C_CLR)     -0.405    31.278    rocketchip_wrapper/system/system_axi_interconnect_1_0/s00_couplers_imp_8CNLH6/system_axi_interconnect_1_imp_auto_pc_0/system_axi_interconnect_1_imp_auto_pc_0_axi_protocol_converter_v2_1_37_axi_protocol_converter/system_axi_interconnect_1_imp_auto_pc_0_axi_protocol_converter_v2_1_37_axi3_conv/system_axi_interconnect_1_imp_auto_pc_0_axi_protocol_converter_v2_1_37_a_axi3_conv/system_axi_interconnect_1_imp_auto_pc_0_axi_data_fifo_v2_1_36_axic_fifo/system_axi_interconnect_1_imp_auto_pc_0_axi_data_fifo_v2_1_36_fifo_gen/<hidden>/<hidden>/<hidden>/<hidden>/<hidden>/<hidden>
  -------------------------------------------------------------------
                         required time                         31.278    
                         arrival time                          -9.551    
  -------------------------------------------------------------------
                         slack                                 21.727    

Slack (MET) :             21.753ns  (required time - arrival time)
  Source:                 rocketchip_wrapper/system/system_axi_interconnect_1_0/s00_couplers_imp_8CNLH6/system_axi_interconnect_1_imp_auto_pc_0/system_axi_interconnect_1_imp_auto_pc_0_axi_protocol_converter_v2_1_37_axi_protocol_converter/system_axi_interconnect_1_imp_auto_pc_0_axi_protocol_converter_v2_1_37_axi3_conv/system_axi_interconnect_1_imp_auto_pc_0_axi_protocol_converter_v2_1_37_a_axi3_conv/system_axi_interconnect_1_imp_auto_pc_0_axi_data_fifo_v2_1_36_axic_fifo/system_axi_interconnect_1_imp_auto_pc_0_axi_data_fifo_v2_1_36_fifo_gen/<hidden>/<hidden>/<hidden>/<hidden>/<hidden>/<hidden>
                            (rising edge-triggered cell FDPE clocked by host_clk_i  {rise@0.000ns fall@12.500ns period=25.000ns})
  Destination:            rocketchip_wrapper/system/system_axi_interconnect_1_0/s00_couplers_imp_8CNLH6/system_axi_interconnect_1_imp_auto_pc_0/system_axi_interconnect_1_imp_auto_pc_0_axi_protocol_converter_v2_1_37_axi_protocol_converter/system_axi_interconnect_1_imp_auto_pc_0_axi_protocol_converter_v2_1_37_axi3_conv/system_axi_interconnect_1_imp_auto_pc_0_axi_protocol_converter_v2_1_37_a_axi3_conv/system_axi_interconnect_1_imp_auto_pc_0_axi_data_fifo_v2_1_36_axic_fifo/system_axi_interconnect_1_imp_auto_pc_0_axi_data_fifo_v2_1_36_fifo_gen/<hidden>/<hidden>/<hidden>/<hidden>/<hidden>/<hidden>
                            (recovery check against rising-edge clock host_clk_i  {rise@0.000ns fall@12.500ns period=25.000ns})
  Path Group:             **async_default**
  Path Type:              Recovery (Max at Slow Process Corner)
  Requirement:            25.000ns  (host_clk_i rise@25.000ns - host_clk_i rise@0.000ns)
  Data Path Delay:        2.734ns  (logic 0.773ns (28.273%)  route 1.961ns (71.727%))
  Logic Levels:           1  (LUT3=1)
  Clock Path Skew:        -0.026ns (DCD - SCD + CPR)
    Destination Clock Delay (DCD):    6.252ns = ( 31.252 - 25.000 ) 
    Source Clock Delay      (SCD):    6.830ns
    Clock Pessimism Removal (CPR):    0.551ns
  Clock Uncertainty:      0.082ns  ((TSJ^2 + DJ^2)^1/2) / 2 + PE
    Total System Jitter     (TSJ):    0.071ns
    Discrete Jitter          (DJ):    0.147ns
    Phase Error              (PE):    0.000ns

    Location             Delay type                Incr(ns)  Path(ns)    Netlist Resource(s)
  -------------------------------------------------------------------    -------------------
                         (clock host_clk_i rise edge)
                                                      0.000     0.000 r  
    H16                                               0.000     0.000 r  clk (IN)
                         net (fo=0)                   0.000     0.000    clk
    H16                  IBUF (Prop_ibuf_I_O)         1.451     1.451 r  ibufg_gclk/O
                         net (fo=1, routed)           1.285     2.736    gclk_i
    MMCME2_ADV_X1Y2      MMCME2_ADV (Prop_mmcme2_adv_CLKIN1_CLKOUT0)
                                                      0.088     2.824 r  MMCME2_BASE_inst/CLKOUT0
                         net (fo=1, routed)           2.206     5.030    host_clk_i
    BUFGCTRL_X0Y16       BUFG (Prop_bufg_I_O)         0.101     5.131 r  bufg_host_clk/O
                         net (fo=10873, routed)       1.699     6.830    rocketchip_wrapper/system/system_axi_interconnect_1_0/s00_couplers_imp_8CNLH6/system_axi_interconnect_1_imp_auto_pc_0/system_axi_interconnect_1_imp_auto_pc_0_axi_protocol_converter_v2_1_37_axi_protocol_converter/system_axi_interconnect_1_imp_auto_pc_0_axi_protocol_converter_v2_1_37_axi3_conv/system_axi_interconnect_1_imp_auto_pc_0_axi_protocol_converter_v2_1_37_a_axi3_conv/system_axi_interconnect_1_imp_auto_pc_0_axi_data_fifo_v2_1_36_axic_fifo/system_axi_interconnect_1_imp_auto_pc_0_axi_data_fifo_v2_1_36_fifo_gen/<hidden>/<hidden>/<hidden>/<hidden>/<hidden>/<hidden>
    SLICE_X30Y54         FDPE                                         r  rocketchip_wrapper/system/system_axi_interconnect_1_0/s00_couplers_imp_8CNLH6/system_axi_interconnect_1_imp_auto_pc_0/system_axi_interconnect_1_imp_auto_pc_0_axi_protocol_converter_v2_1_37_axi_protocol_converter/system_axi_interconnect_1_imp_auto_pc_0_axi_protocol_converter_v2_1_37_axi3_conv/system_axi_interconnect_1_imp_auto_pc_0_axi_protocol_converter_v2_1_37_a_axi3_conv/system_axi_interconnect_1_imp_auto_pc_0_axi_data_fifo_v2_1_36_axic_fifo/system_axi_interconnect_1_imp_auto_pc_0_axi_data_fifo_v2_1_36_fifo_gen/<hidden>/<hidden>/<hidden>/<hidden>/<hidden>/<hidden>
  -------------------------------------------------------------------    -------------------
    SLICE_X30Y54         FDPE (Prop_fdpe_C_Q)         0.478     7.308 f  rocketchip_wrapper/system/system_axi_interconnect_1_0/s00_couplers_imp_8CNLH6/system_axi_interconnect_1_imp_auto_pc_0/system_axi_interconnect_1_imp_auto_pc_0_axi_protocol_converter_v2_1_37_axi_protocol_converter/system_axi_interconnect_1_imp_auto_pc_0_axi_protocol_converter_v2_1_37_axi3_conv/system_axi_interconnect_1_imp_auto_pc_0_axi_protocol_converter_v2_1_37_a_axi3_conv/system_axi_interconnect_1_imp_auto_pc_0_axi_data_fifo_v2_1_36_axic_fifo/system_axi_interconnect_1_imp_auto_pc_0_axi_data_fifo_v2_1_36_fifo_gen/<hidden>/<hidden>/<hidden>/<hidden>/<hidden>/<hidden>
                         net (fo=3, routed)           0.757     8.064    rocketchip_wrapper/system/system_axi_interconnect_1_0/s00_couplers_imp_8CNLH6/system_axi_interconnect_1_imp_auto_pc_0/system_axi_interconnect_1_imp_auto_pc_0_axi_protocol_converter_v2_1_37_axi_protocol_converter/system_axi_interconnect_1_imp_auto_pc_0_axi_protocol_converter_v2_1_37_axi3_conv/system_axi_interconnect_1_imp_auto_pc_0_axi_protocol_converter_v2_1_37_a_axi3_conv/system_axi_interconnect_1_imp_auto_pc_0_axi_data_fifo_v2_1_36_axic_fifo/system_axi_interconnect_1_imp_auto_pc_0_axi_data_fifo_v2_1_36_fifo_gen/<hidden>/<hidden>/<hidden>/<hidden>/<hidden>
    SLICE_X27Y55         LUT3 (Prop_lut3_I2_O)        0.295     8.359 f  rocketchip_wrapper/system/system_axi_interconnect_1_0/s00_couplers_imp_8CNLH6/system_axi_interconnect_1_imp_auto_pc_0/system_axi_interconnect_1_imp_auto_pc_0_axi_protocol_converter_v2_1_37_axi_protocol_converter/system_axi_interconnect_1_imp_auto_pc_0_axi_protocol_converter_v2_1_37_axi3_conv/system_axi_interconnect_1_imp_auto_pc_0_axi_protocol_converter_v2_1_37_a_axi3_conv/system_axi_interconnect_1_imp_auto_pc_0_axi_data_fifo_v2_1_36_axic_fifo/system_axi_interconnect_1_imp_auto_pc_0_axi_data_fifo_v2_1_36_fifo_gen/<hidden>/<hidden>/<hidden>/<hidden>/<hidden>
                         net (fo=32, routed)          1.204     9.564    rocketchip_wrapper/system/system_axi_interconnect_1_0/s00_couplers_imp_8CNLH6/system_axi_interconnect_1_imp_auto_pc_0/system_axi_interconnect_1_imp_auto_pc_0_axi_protocol_converter_v2_1_37_axi_protocol_converter/system_axi_interconnect_1_imp_auto_pc_0_axi_protocol_converter_v2_1_37_axi3_conv/system_axi_interconnect_1_imp_auto_pc_0_axi_protocol_converter_v2_1_37_a_axi3_conv/system_axi_interconnect_1_imp_auto_pc_0_axi_data_fifo_v2_1_36_axic_fifo/system_axi_interconnect_1_imp_auto_pc_0_axi_data_fifo_v2_1_36_fifo_gen/<hidden>/<hidden>/<hidden>/<hidden>/<hidden>/<hidden>
    SLICE_X28Y58         FDCE                                         f  rocketchip_wrapper/system/system_axi_interconnect_1_0/s00_couplers_imp_8CNLH6/system_axi_interconnect_1_imp_auto_pc_0/system_axi_interconnect_1_imp_auto_pc_0_axi_protocol_converter_v2_1_37_axi_protocol_converter/system_axi_interconnect_1_imp_auto_pc_0_axi_protocol_converter_v2_1_37_axi3_conv/system_axi_interconnect_1_imp_auto_pc_0_axi_protocol_converter_v2_1_37_a_axi3_conv/system_axi_interconnect_1_imp_auto_pc_0_axi_data_fifo_v2_1_36_axic_fifo/system_axi_interconnect_1_imp_auto_pc_0_axi_data_fifo_v2_1_36_fifo_gen/<hidden>/<hidden>/<hidden>/<hidden>/<hidden>/<hidden>
  -------------------------------------------------------------------    -------------------

                         (clock host_clk_i rise edge)
                                                     25.000    25.000 r  
    H16                                               0.000    25.000 r  clk (IN)
                         net (fo=0)                   0.000    25.000    clk
    H16                  IBUF (Prop_ibuf_I_O)         1.380    26.380 r  ibufg_gclk/O
                         net (fo=1, routed)           1.162    27.542    gclk_i
    MMCME2_ADV_X1Y2      MMCME2_ADV (Prop_mmcme2_adv_CLKIN1_CLKOUT0)
                                                      0.083    27.625 r  MMCME2_BASE_inst/CLKOUT0
                         net (fo=1, routed)           2.012    29.637    host_clk_i
    BUFGCTRL_X0Y16       BUFG (Prop_bufg_I_O)         0.091    29.728 r  bufg_host_clk/O
                         net (fo=10873, routed)       1.524    31.252    rocketchip_wrapper/system/system_axi_interconnect_1_0/s00_couplers_imp_8CNLH6/system_axi_interconnect_1_imp_auto_pc_0/system_axi_interconnect_1_imp_auto_pc_0_axi_protocol_converter_v2_1_37_axi_protocol_converter/system_axi_interconnect_1_imp_auto_pc_0_axi_protocol_converter_v2_1_37_axi3_conv/system_axi_interconnect_1_imp_auto_pc_0_axi_protocol_converter_v2_1_37_a_axi3_conv/system_axi_interconnect_1_imp_auto_pc_0_axi_data_fifo_v2_1_36_axic_fifo/system_axi_interconnect_1_imp_auto_pc_0_axi_data_fifo_v2_1_36_fifo_gen/<hidden>/<hidden>/<hidden>/<hidden>/<hidden>/<hidden>
    SLICE_X28Y58         FDCE                                         r  rocketchip_wrapper/system/system_axi_interconnect_1_0/s00_couplers_imp_8CNLH6/system_axi_interconnect_1_imp_auto_pc_0/system_axi_interconnect_1_imp_auto_pc_0_axi_protocol_converter_v2_1_37_axi_protocol_converter/system_axi_interconnect_1_imp_auto_pc_0_axi_protocol_converter_v2_1_37_axi3_conv/system_axi_interconnect_1_imp_auto_pc_0_axi_protocol_converter_v2_1_37_a_axi3_conv/system_axi_interconnect_1_imp_auto_pc_0_axi_data_fifo_v2_1_36_axic_fifo/system_axi_interconnect_1_imp_auto_pc_0_axi_data_fifo_v2_1_36_fifo_gen/<hidden>/<hidden>/<hidden>/<hidden>/<hidden>/<hidden>
                         clock pessimism              0.551    31.804    
                         clock uncertainty           -0.082    31.722    
    SLICE_X28Y58         FDCE (Recov_fdce_C_CLR)     -0.405    31.317    rocketchip_wrapper/system/system_axi_interconnect_1_0/s00_couplers_imp_8CNLH6/system_axi_interconnect_1_imp_auto_pc_0/system_axi_interconnect_1_imp_auto_pc_0_axi_protocol_converter_v2_1_37_axi_protocol_converter/system_axi_interconnect_1_imp_auto_pc_0_axi_protocol_converter_v2_1_37_axi3_conv/system_axi_interconnect_1_imp_auto_pc_0_axi_protocol_converter_v2_1_37_a_axi3_conv/system_axi_interconnect_1_imp_auto_pc_0_axi_data_fifo_v2_1_36_axic_fifo/system_axi_interconnect_1_imp_auto_pc_0_axi_data_fifo_v2_1_36_fifo_gen/<hidden>/<hidden>/<hidden>/<hidden>/<hidden>/<hidden>
  -------------------------------------------------------------------
                         required time                         31.317    
                         arrival time                          -9.564    
  -------------------------------------------------------------------
                         slack                                 21.753    

Slack (MET) :             21.771ns  (required time - arrival time)
  Source:                 rocketchip_wrapper/system/system_axi_interconnect_1_0/s00_couplers_imp_8CNLH6/system_axi_interconnect_1_imp_auto_pc_0/system_axi_interconnect_1_imp_auto_pc_0_axi_protocol_converter_v2_1_37_axi_protocol_converter/system_axi_interconnect_1_imp_auto_pc_0_axi_protocol_converter_v2_1_37_axi3_conv/system_axi_interconnect_1_imp_auto_pc_0_axi_protocol_converter_v2_1_37_a_axi3_conv/system_axi_interconnect_1_imp_auto_pc_0_axi_data_fifo_v2_1_36_axic_fifo/system_axi_interconnect_1_imp_auto_pc_0_axi_data_fifo_v2_1_36_fifo_gen/<hidden>/<hidden>/<hidden>/<hidden>/<hidden>/<hidden>
                            (rising edge-triggered cell FDPE clocked by host_clk_i  {rise@0.000ns fall@12.500ns period=25.000ns})
  Destination:            rocketchip_wrapper/system/system_axi_interconnect_1_0/s00_couplers_imp_8CNLH6/system_axi_interconnect_1_imp_auto_pc_0/system_axi_interconnect_1_imp_auto_pc_0_axi_protocol_converter_v2_1_37_axi_protocol_converter/system_axi_interconnect_1_imp_auto_pc_0_axi_protocol_converter_v2_1_37_axi3_conv/system_axi_interconnect_1_imp_auto_pc_0_axi_protocol_converter_v2_1_37_a_axi3_conv/system_axi_interconnect_1_imp_auto_pc_0_axi_data_fifo_v2_1_36_axic_fifo/system_axi_interconnect_1_imp_auto_pc_0_axi_data_fifo_v2_1_36_fifo_gen/<hidden>/<hidden>/<hidden>/<hidden>/<hidden>/<hidden>
                            (recovery check against rising-edge clock host_clk_i  {rise@0.000ns fall@12.500ns period=25.000ns})
  Path Group:             **async_default**
  Path Type:              Recovery (Max at Slow Process Corner)
  Requirement:            25.000ns  (host_clk_i rise@25.000ns - host_clk_i rise@0.000ns)
  Data Path Delay:        2.721ns  (logic 0.773ns (28.408%)  route 1.948ns (71.592%))
  Logic Levels:           1  (LUT3=1)
  Clock Path Skew:        -0.065ns (DCD - SCD + CPR)
    Destination Clock Delay (DCD):    6.248ns = ( 31.248 - 25.000 ) 
    Source Clock Delay      (SCD):    6.830ns
    Clock Pessimism Removal (CPR):    0.516ns
  Clock Uncertainty:      0.082ns  ((TSJ^2 + DJ^2)^1/2) / 2 + PE
    Total System Jitter     (TSJ):    0.071ns
    Discrete Jitter          (DJ):    0.147ns
    Phase Error              (PE):    0.000ns

    Location             Delay type                Incr(ns)  Path(ns)    Netlist Resource(s)
  -------------------------------------------------------------------    -------------------
                         (clock host_clk_i rise edge)
                                                      0.000     0.000 r  
    H16                                               0.000     0.000 r  clk (IN)
                         net (fo=0)                   0.000     0.000    clk
    H16                  IBUF (Prop_ibuf_I_O)         1.451     1.451 r  ibufg_gclk/O
                         net (fo=1, routed)           1.285     2.736    gclk_i
    MMCME2_ADV_X1Y2      MMCME2_ADV (Prop_mmcme2_adv_CLKIN1_CLKOUT0)
                                                      0.088     2.824 r  MMCME2_BASE_inst/CLKOUT0
                         net (fo=1, routed)           2.206     5.030    host_clk_i
    BUFGCTRL_X0Y16       BUFG (Prop_bufg_I_O)         0.101     5.131 r  bufg_host_clk/O
                         net (fo=10873, routed)       1.699     6.830    rocketchip_wrapper/system/system_axi_interconnect_1_0/s00_couplers_imp_8CNLH6/system_axi_interconnect_1_imp_auto_pc_0/system_axi_interconnect_1_imp_auto_pc_0_axi_protocol_converter_v2_1_37_axi_protocol_converter/system_axi_interconnect_1_imp_auto_pc_0_axi_protocol_converter_v2_1_37_axi3_conv/system_axi_interconnect_1_imp_auto_pc_0_axi_protocol_converter_v2_1_37_a_axi3_conv/system_axi_interconnect_1_imp_auto_pc_0_axi_data_fifo_v2_1_36_axic_fifo/system_axi_interconnect_1_imp_auto_pc_0_axi_data_fifo_v2_1_36_fifo_gen/<hidden>/<hidden>/<hidden>/<hidden>/<hidden>/<hidden>
    SLICE_X30Y54         FDPE                                         r  rocketchip_wrapper/system/system_axi_interconnect_1_0/s00_couplers_imp_8CNLH6/system_axi_interconnect_1_imp_auto_pc_0/system_axi_interconnect_1_imp_auto_pc_0_axi_protocol_converter_v2_1_37_axi_protocol_converter/system_axi_interconnect_1_imp_auto_pc_0_axi_protocol_converter_v2_1_37_axi3_conv/system_axi_interconnect_1_imp_auto_pc_0_axi_protocol_converter_v2_1_37_a_axi3_conv/system_axi_interconnect_1_imp_auto_pc_0_axi_data_fifo_v2_1_36_axic_fifo/system_axi_interconnect_1_imp_auto_pc_0_axi_data_fifo_v2_1_36_fifo_gen/<hidden>/<hidden>/<hidden>/<hidden>/<hidden>/<hidden>
  -------------------------------------------------------------------    -------------------
    SLICE_X30Y54         FDPE (Prop_fdpe_C_Q)         0.478     7.308 f  rocketchip_wrapper/system/system_axi_interconnect_1_0/s00_couplers_imp_8CNLH6/system_axi_interconnect_1_imp_auto_pc_0/system_axi_interconnect_1_imp_auto_pc_0_axi_protocol_converter_v2_1_37_axi_protocol_converter/system_axi_interconnect_1_imp_auto_pc_0_axi_protocol_converter_v2_1_37_axi3_conv/system_axi_interconnect_1_imp_auto_pc_0_axi_protocol_converter_v2_1_37_a_axi3_conv/system_axi_interconnect_1_imp_auto_pc_0_axi_data_fifo_v2_1_36_axic_fifo/system_axi_interconnect_1_imp_auto_pc_0_axi_data_fifo_v2_1_36_fifo_gen/<hidden>/<hidden>/<hidden>/<hidden>/<hidden>/<hidden>
                         net (fo=3, routed)           0.757     8.064    rocketchip_wrapper/system/system_axi_interconnect_1_0/s00_couplers_imp_8CNLH6/system_axi_interconnect_1_imp_auto_pc_0/system_axi_interconnect_1_imp_auto_pc_0_axi_protocol_converter_v2_1_37_axi_protocol_converter/system_axi_interconnect_1_imp_auto_pc_0_axi_protocol_converter_v2_1_37_axi3_conv/system_axi_interconnect_1_imp_auto_pc_0_axi_protocol_converter_v2_1_37_a_axi3_conv/system_axi_interconnect_1_imp_auto_pc_0_axi_data_fifo_v2_1_36_axic_fifo/system_axi_interconnect_1_imp_auto_pc_0_axi_data_fifo_v2_1_36_fifo_gen/<hidden>/<hidden>/<hidden>/<hidden>/<hidden>
    SLICE_X27Y55         LUT3 (Prop_lut3_I2_O)        0.295     8.359 f  rocketchip_wrapper/system/system_axi_interconnect_1_0/s00_couplers_imp_8CNLH6/system_axi_interconnect_1_imp_auto_pc_0/system_axi_interconnect_1_imp_auto_pc_0_axi_protocol_converter_v2_1_37_axi_protocol_converter/system_axi_interconnect_1_imp_auto_pc_0_axi_protocol_converter_v2_1_37_axi3_conv/system_axi_interconnect_1_imp_auto_pc_0_axi_protocol_converter_v2_1_37_a_axi3_conv/system_axi_interconnect_1_imp_auto_pc_0_axi_data_fifo_v2_1_36_axic_fifo/system_axi_interconnect_1_imp_auto_pc_0_axi_data_fifo_v2_1_36_fifo_gen/<hidden>/<hidden>/<hidden>/<hidden>/<hidden>
                         net (fo=32, routed)          1.191     9.551    rocketchip_wrapper/system/system_axi_interconnect_1_0/s00_couplers_imp_8CNLH6/system_axi_interconnect_1_imp_auto_pc_0/system_axi_interconnect_1_imp_auto_pc_0_axi_protocol_converter_v2_1_37_axi_protocol_converter/system_axi_interconnect_1_imp_auto_pc_0_axi_protocol_converter_v2_1_37_axi3_conv/system_axi_interconnect_1_imp_auto_pc_0_axi_protocol_converter_v2_1_37_a_axi3_conv/system_axi_interconnect_1_imp_auto_pc_0_axi_data_fifo_v2_1_36_axic_fifo/system_axi_interconnect_1_imp_auto_pc_0_axi_data_fifo_v2_1_36_fifo_gen/<hidden>/<hidden>/<hidden>/<hidden>/<hidden>/<hidden>
    SLICE_X26Y58         FDCE                                         f  rocketchip_wrapper/system/system_axi_interconnect_1_0/s00_couplers_imp_8CNLH6/system_axi_interconnect_1_imp_auto_pc_0/system_axi_interconnect_1_imp_auto_pc_0_axi_protocol_converter_v2_1_37_axi_protocol_converter/system_axi_interconnect_1_imp_auto_pc_0_axi_protocol_converter_v2_1_37_axi3_conv/system_axi_interconnect_1_imp_auto_pc_0_axi_protocol_converter_v2_1_37_a_axi3_conv/system_axi_interconnect_1_imp_auto_pc_0_axi_data_fifo_v2_1_36_axic_fifo/system_axi_interconnect_1_imp_auto_pc_0_axi_data_fifo_v2_1_36_fifo_gen/<hidden>/<hidden>/<hidden>/<hidden>/<hidden>/<hidden>
  -------------------------------------------------------------------    -------------------

                         (clock host_clk_i rise edge)
                                                     25.000    25.000 r  
    H16                                               0.000    25.000 r  clk (IN)
                         net (fo=0)                   0.000    25.000    clk
    H16                  IBUF (Prop_ibuf_I_O)         1.380    26.380 r  ibufg_gclk/O
                         net (fo=1, routed)           1.162    27.542    gclk_i
    MMCME2_ADV_X1Y2      MMCME2_ADV (Prop_mmcme2_adv_CLKIN1_CLKOUT0)
                                                      0.083    27.625 r  MMCME2_BASE_inst/CLKOUT0
                         net (fo=1, routed)           2.012    29.637    host_clk_i
    BUFGCTRL_X0Y16       BUFG (Prop_bufg_I_O)         0.091    29.728 r  bufg_host_clk/O
                         net (fo=10873, routed)       1.520    31.248    rocketchip_wrapper/system/system_axi_interconnect_1_0/s00_couplers_imp_8CNLH6/system_axi_interconnect_1_imp_auto_pc_0/system_axi_interconnect_1_imp_auto_pc_0_axi_protocol_converter_v2_1_37_axi_protocol_converter/system_axi_interconnect_1_imp_auto_pc_0_axi_protocol_converter_v2_1_37_axi3_conv/system_axi_interconnect_1_imp_auto_pc_0_axi_protocol_converter_v2_1_37_a_axi3_conv/system_axi_interconnect_1_imp_auto_pc_0_axi_data_fifo_v2_1_36_axic_fifo/system_axi_interconnect_1_imp_auto_pc_0_axi_data_fifo_v2_1_36_fifo_gen/<hidden>/<hidden>/<hidden>/<hidden>/<hidden>/<hidden>
    SLICE_X26Y58         FDCE                                         r  rocketchip_wrapper/system/system_axi_interconnect_1_0/s00_couplers_imp_8CNLH6/system_axi_interconnect_1_imp_auto_pc_0/system_axi_interconnect_1_imp_auto_pc_0_axi_protocol_converter_v2_1_37_axi_protocol_converter/system_axi_interconnect_1_imp_auto_pc_0_axi_protocol_converter_v2_1_37_axi3_conv/system_axi_interconnect_1_imp_auto_pc_0_axi_protocol_converter_v2_1_37_a_axi3_conv/system_axi_interconnect_1_imp_auto_pc_0_axi_data_fifo_v2_1_36_axic_fifo/system_axi_interconnect_1_imp_auto_pc_0_axi_data_fifo_v2_1_36_fifo_gen/<hidden>/<hidden>/<hidden>/<hidden>/<hidden>/<hidden>
                         clock pessimism              0.516    31.765    
                         clock uncertainty           -0.082    31.683    
    SLICE_X26Y58         FDCE (Recov_fdce_C_CLR)     -0.361    31.322    rocketchip_wrapper/system/system_axi_interconnect_1_0/s00_couplers_imp_8CNLH6/system_axi_interconnect_1_imp_auto_pc_0/system_axi_interconnect_1_imp_auto_pc_0_axi_protocol_converter_v2_1_37_axi_protocol_converter/system_axi_interconnect_1_imp_auto_pc_0_axi_protocol_converter_v2_1_37_axi3_conv/system_axi_interconnect_1_imp_auto_pc_0_axi_protocol_converter_v2_1_37_a_axi3_conv/system_axi_interconnect_1_imp_auto_pc_0_axi_data_fifo_v2_1_36_axic_fifo/system_axi_interconnect_1_imp_auto_pc_0_axi_data_fifo_v2_1_36_fifo_gen/<hidden>/<hidden>/<hidden>/<hidden>/<hidden>/<hidden>
  -------------------------------------------------------------------
                         required time                         31.322    
                         arrival time                          -9.551    
  -------------------------------------------------------------------
                         slack                                 21.771    

Slack (MET) :             21.771ns  (required time - arrival time)
  Source:                 rocketchip_wrapper/system/system_axi_interconnect_1_0/s00_couplers_imp_8CNLH6/system_axi_interconnect_1_imp_auto_pc_0/system_axi_interconnect_1_imp_auto_pc_0_axi_protocol_converter_v2_1_37_axi_protocol_converter/system_axi_interconnect_1_imp_auto_pc_0_axi_protocol_converter_v2_1_37_axi3_conv/system_axi_interconnect_1_imp_auto_pc_0_axi_protocol_converter_v2_1_37_a_axi3_conv/system_axi_interconnect_1_imp_auto_pc_0_axi_data_fifo_v2_1_36_axic_fifo/system_axi_interconnect_1_imp_auto_pc_0_axi_data_fifo_v2_1_36_fifo_gen/<hidden>/<hidden>/<hidden>/<hidden>/<hidden>/<hidden>
                            (rising edge-triggered cell FDPE clocked by host_clk_i  {rise@0.000ns fall@12.500ns period=25.000ns})
  Destination:            rocketchip_wrapper/system/system_axi_interconnect_1_0/s00_couplers_imp_8CNLH6/system_axi_interconnect_1_imp_auto_pc_0/system_axi_interconnect_1_imp_auto_pc_0_axi_protocol_converter_v2_1_37_axi_protocol_converter/system_axi_interconnect_1_imp_auto_pc_0_axi_protocol_converter_v2_1_37_axi3_conv/system_axi_interconnect_1_imp_auto_pc_0_axi_protocol_converter_v2_1_37_a_axi3_conv/system_axi_interconnect_1_imp_auto_pc_0_axi_data_fifo_v2_1_36_axic_fifo/system_axi_interconnect_1_imp_auto_pc_0_axi_data_fifo_v2_1_36_fifo_gen/<hidden>/<hidden>/<hidden>/<hidden>/<hidden>/<hidden>
                            (recovery check against rising-edge clock host_clk_i  {rise@0.000ns fall@12.500ns period=25.000ns})
  Path Group:             **async_default**
  Path Type:              Recovery (Max at Slow Process Corner)
  Requirement:            25.000ns  (host_clk_i rise@25.000ns - host_clk_i rise@0.000ns)
  Data Path Delay:        2.721ns  (logic 0.773ns (28.408%)  route 1.948ns (71.592%))
  Logic Levels:           1  (LUT3=1)
  Clock Path Skew:        -0.065ns (DCD - SCD + CPR)
    Destination Clock Delay (DCD):    6.248ns = ( 31.248 - 25.000 ) 
    Source Clock Delay      (SCD):    6.830ns
    Clock Pessimism Removal (CPR):    0.516ns
  Clock Uncertainty:      0.082ns  ((TSJ^2 + DJ^2)^1/2) / 2 + PE
    Total System Jitter     (TSJ):    0.071ns
    Discrete Jitter          (DJ):    0.147ns
    Phase Error              (PE):    0.000ns

    Location             Delay type                Incr(ns)  Path(ns)    Netlist Resource(s)
  -------------------------------------------------------------------    -------------------
                         (clock host_clk_i rise edge)
                                                      0.000     0.000 r  
    H16                                               0.000     0.000 r  clk (IN)
                         net (fo=0)                   0.000     0.000    clk
    H16                  IBUF (Prop_ibuf_I_O)         1.451     1.451 r  ibufg_gclk/O
                         net (fo=1, routed)           1.285     2.736    gclk_i
    MMCME2_ADV_X1Y2      MMCME2_ADV (Prop_mmcme2_adv_CLKIN1_CLKOUT0)
                                                      0.088     2.824 r  MMCME2_BASE_inst/CLKOUT0
                         net (fo=1, routed)           2.206     5.030    host_clk_i
    BUFGCTRL_X0Y16       BUFG (Prop_bufg_I_O)         0.101     5.131 r  bufg_host_clk/O
                         net (fo=10873, routed)       1.699     6.830    rocketchip_wrapper/system/system_axi_interconnect_1_0/s00_couplers_imp_8CNLH6/system_axi_interconnect_1_imp_auto_pc_0/system_axi_interconnect_1_imp_auto_pc_0_axi_protocol_converter_v2_1_37_axi_protocol_converter/system_axi_interconnect_1_imp_auto_pc_0_axi_protocol_converter_v2_1_37_axi3_conv/system_axi_interconnect_1_imp_auto_pc_0_axi_protocol_converter_v2_1_37_a_axi3_conv/system_axi_interconnect_1_imp_auto_pc_0_axi_data_fifo_v2_1_36_axic_fifo/system_axi_interconnect_1_imp_auto_pc_0_axi_data_fifo_v2_1_36_fifo_gen/<hidden>/<hidden>/<hidden>/<hidden>/<hidden>/<hidden>
    SLICE_X30Y54         FDPE                                         r  rocketchip_wrapper/system/system_axi_interconnect_1_0/s00_couplers_imp_8CNLH6/system_axi_interconnect_1_imp_auto_pc_0/system_axi_interconnect_1_imp_auto_pc_0_axi_protocol_converter_v2_1_37_axi_protocol_converter/system_axi_interconnect_1_imp_auto_pc_0_axi_protocol_converter_v2_1_37_axi3_conv/system_axi_interconnect_1_imp_auto_pc_0_axi_protocol_converter_v2_1_37_a_axi3_conv/system_axi_interconnect_1_imp_auto_pc_0_axi_data_fifo_v2_1_36_axic_fifo/system_axi_interconnect_1_imp_auto_pc_0_axi_data_fifo_v2_1_36_fifo_gen/<hidden>/<hidden>/<hidden>/<hidden>/<hidden>/<hidden>
  -------------------------------------------------------------------    -------------------
    SLICE_X30Y54         FDPE (Prop_fdpe_C_Q)         0.478     7.308 f  rocketchip_wrapper/system/system_axi_interconnect_1_0/s00_couplers_imp_8CNLH6/system_axi_interconnect_1_imp_auto_pc_0/system_axi_interconnect_1_imp_auto_pc_0_axi_protocol_converter_v2_1_37_axi_protocol_converter/system_axi_interconnect_1_imp_auto_pc_0_axi_protocol_converter_v2_1_37_axi3_conv/system_axi_interconnect_1_imp_auto_pc_0_axi_protocol_converter_v2_1_37_a_axi3_conv/system_axi_interconnect_1_imp_auto_pc_0_axi_data_fifo_v2_1_36_axic_fifo/system_axi_interconnect_1_imp_auto_pc_0_axi_data_fifo_v2_1_36_fifo_gen/<hidden>/<hidden>/<hidden>/<hidden>/<hidden>/<hidden>
                         net (fo=3, routed)           0.757     8.064    rocketchip_wrapper/system/system_axi_interconnect_1_0/s00_couplers_imp_8CNLH6/system_axi_interconnect_1_imp_auto_pc_0/system_axi_interconnect_1_imp_auto_pc_0_axi_protocol_converter_v2_1_37_axi_protocol_converter/system_axi_interconnect_1_imp_auto_pc_0_axi_protocol_converter_v2_1_37_axi3_conv/system_axi_interconnect_1_imp_auto_pc_0_axi_protocol_converter_v2_1_37_a_axi3_conv/system_axi_interconnect_1_imp_auto_pc_0_axi_data_fifo_v2_1_36_axic_fifo/system_axi_interconnect_1_imp_auto_pc_0_axi_data_fifo_v2_1_36_fifo_gen/<hidden>/<hidden>/<hidden>/<hidden>/<hidden>
    SLICE_X27Y55         LUT3 (Prop_lut3_I2_O)        0.295     8.359 f  rocketchip_wrapper/system/system_axi_interconnect_1_0/s00_couplers_imp_8CNLH6/system_axi_interconnect_1_imp_auto_pc_0/system_axi_interconnect_1_imp_auto_pc_0_axi_protocol_converter_v2_1_37_axi_protocol_converter/system_axi_interconnect_1_imp_auto_pc_0_axi_protocol_converter_v2_1_37_axi3_conv/system_axi_interconnect_1_imp_auto_pc_0_axi_protocol_converter_v2_1_37_a_axi3_conv/system_axi_interconnect_1_imp_auto_pc_0_axi_data_fifo_v2_1_36_axic_fifo/system_axi_interconnect_1_imp_auto_pc_0_axi_data_fifo_v2_1_36_fifo_gen/<hidden>/<hidden>/<hidden>/<hidden>/<hidden>
                         net (fo=32, routed)          1.191     9.551    rocketchip_wrapper/system/system_axi_interconnect_1_0/s00_couplers_imp_8CNLH6/system_axi_interconnect_1_imp_auto_pc_0/system_axi_interconnect_1_imp_auto_pc_0_axi_protocol_converter_v2_1_37_axi_protocol_converter/system_axi_interconnect_1_imp_auto_pc_0_axi_protocol_converter_v2_1_37_axi3_conv/system_axi_interconnect_1_imp_auto_pc_0_axi_protocol_converter_v2_1_37_a_axi3_conv/system_axi_interconnect_1_imp_auto_pc_0_axi_data_fifo_v2_1_36_axic_fifo/system_axi_interconnect_1_imp_auto_pc_0_axi_data_fifo_v2_1_36_fifo_gen/<hidden>/<hidden>/<hidden>/<hidden>/<hidden>/<hidden>
    SLICE_X26Y58         FDCE                                         f  rocketchip_wrapper/system/system_axi_interconnect_1_0/s00_couplers_imp_8CNLH6/system_axi_interconnect_1_imp_auto_pc_0/system_axi_interconnect_1_imp_auto_pc_0_axi_protocol_converter_v2_1_37_axi_protocol_converter/system_axi_interconnect_1_imp_auto_pc_0_axi_protocol_converter_v2_1_37_axi3_conv/system_axi_interconnect_1_imp_auto_pc_0_axi_protocol_converter_v2_1_37_a_axi3_conv/system_axi_interconnect_1_imp_auto_pc_0_axi_data_fifo_v2_1_36_axic_fifo/system_axi_interconnect_1_imp_auto_pc_0_axi_data_fifo_v2_1_36_fifo_gen/<hidden>/<hidden>/<hidden>/<hidden>/<hidden>/<hidden>
  -------------------------------------------------------------------    -------------------

                         (clock host_clk_i rise edge)
                                                     25.000    25.000 r  
    H16                                               0.000    25.000 r  clk (IN)
                         net (fo=0)                   0.000    25.000    clk
    H16                  IBUF (Prop_ibuf_I_O)         1.380    26.380 r  ibufg_gclk/O
                         net (fo=1, routed)           1.162    27.542    gclk_i
    MMCME2_ADV_X1Y2      MMCME2_ADV (Prop_mmcme2_adv_CLKIN1_CLKOUT0)
                                                      0.083    27.625 r  MMCME2_BASE_inst/CLKOUT0
                         net (fo=1, routed)           2.012    29.637    host_clk_i
    BUFGCTRL_X0Y16       BUFG (Prop_bufg_I_O)         0.091    29.728 r  bufg_host_clk/O
                         net (fo=10873, routed)       1.520    31.248    rocketchip_wrapper/system/system_axi_interconnect_1_0/s00_couplers_imp_8CNLH6/system_axi_interconnect_1_imp_auto_pc_0/system_axi_interconnect_1_imp_auto_pc_0_axi_protocol_converter_v2_1_37_axi_protocol_converter/system_axi_interconnect_1_imp_auto_pc_0_axi_protocol_converter_v2_1_37_axi3_conv/system_axi_interconnect_1_imp_auto_pc_0_axi_protocol_converter_v2_1_37_a_axi3_conv/system_axi_interconnect_1_imp_auto_pc_0_axi_data_fifo_v2_1_36_axic_fifo/system_axi_interconnect_1_imp_auto_pc_0_axi_data_fifo_v2_1_36_fifo_gen/<hidden>/<hidden>/<hidden>/<hidden>/<hidden>/<hidden>
    SLICE_X26Y58         FDCE                                         r  rocketchip_wrapper/system/system_axi_interconnect_1_0/s00_couplers_imp_8CNLH6/system_axi_interconnect_1_imp_auto_pc_0/system_axi_interconnect_1_imp_auto_pc_0_axi_protocol_converter_v2_1_37_axi_protocol_converter/system_axi_interconnect_1_imp_auto_pc_0_axi_protocol_converter_v2_1_37_axi3_conv/system_axi_interconnect_1_imp_auto_pc_0_axi_protocol_converter_v2_1_37_a_axi3_conv/system_axi_interconnect_1_imp_auto_pc_0_axi_data_fifo_v2_1_36_axic_fifo/system_axi_interconnect_1_imp_auto_pc_0_axi_data_fifo_v2_1_36_fifo_gen/<hidden>/<hidden>/<hidden>/<hidden>/<hidden>/<hidden>
                         clock pessimism              0.516    31.765    
                         clock uncertainty           -0.082    31.683    
    SLICE_X26Y58         FDCE (Recov_fdce_C_CLR)     -0.361    31.322    rocketchip_wrapper/system/system_axi_interconnect_1_0/s00_couplers_imp_8CNLH6/system_axi_interconnect_1_imp_auto_pc_0/system_axi_interconnect_1_imp_auto_pc_0_axi_protocol_converter_v2_1_37_axi_protocol_converter/system_axi_interconnect_1_imp_auto_pc_0_axi_protocol_converter_v2_1_37_axi3_conv/system_axi_interconnect_1_imp_auto_pc_0_axi_protocol_converter_v2_1_37_a_axi3_conv/system_axi_interconnect_1_imp_auto_pc_0_axi_data_fifo_v2_1_36_axic_fifo/system_axi_interconnect_1_imp_auto_pc_0_axi_data_fifo_v2_1_36_fifo_gen/<hidden>/<hidden>/<hidden>/<hidden>/<hidden>/<hidden>
  -------------------------------------------------------------------
                         required time                         31.322    
                         arrival time                          -9.551    
  -------------------------------------------------------------------
                         slack                                 21.771    





Min Delay Paths
--------------------------------------------------------------------------------------
Slack (MET) :             0.605ns  (arrival time - required time)
  Source:                 rocketchip_wrapper/system/system_axi_interconnect_1_0/s00_couplers_imp_8CNLH6/system_axi_interconnect_1_imp_auto_pc_0/system_axi_interconnect_1_imp_auto_pc_0_axi_protocol_converter_v2_1_37_axi_protocol_converter/system_axi_interconnect_1_imp_auto_pc_0_axi_protocol_converter_v2_1_37_axi3_conv/system_axi_interconnect_1_imp_auto_pc_0_axi_protocol_converter_v2_1_37_a_axi3_conv__parameterized0/system_axi_interconnect_1_imp_auto_pc_0_axi_data_fifo_v2_1_36_axic_fifo__parameterized1/system_axi_interconnect_1_imp_auto_pc_0_axi_data_fifo_v2_1_36_fifo_gen__parameterized1/<hidden>/<hidden>/<hidden>/<hidden>/<hidden>
                            (rising edge-triggered cell FDRE clocked by host_clk_i  {rise@0.000ns fall@12.500ns period=25.000ns})
  Destination:            rocketchip_wrapper/system/system_axi_interconnect_1_0/s00_couplers_imp_8CNLH6/system_axi_interconnect_1_imp_auto_pc_0/system_axi_interconnect_1_imp_auto_pc_0_axi_protocol_converter_v2_1_37_axi_protocol_converter/system_axi_interconnect_1_imp_auto_pc_0_axi_protocol_converter_v2_1_37_axi3_conv/system_axi_interconnect_1_imp_auto_pc_0_axi_protocol_converter_v2_1_37_a_axi3_conv__parameterized0/system_axi_interconnect_1_imp_auto_pc_0_axi_data_fifo_v2_1_36_axic_fifo__parameterized1/system_axi_interconnect_1_imp_auto_pc_0_axi_data_fifo_v2_1_36_fifo_gen__parameterized1/<hidden>/<hidden>/<hidden>/<hidden>/<hidden>/<hidden>
                            (removal check against rising-edge clock host_clk_i  {rise@0.000ns fall@12.500ns period=25.000ns})
  Path Group:             **async_default**
  Path Type:              Removal (Min at Fast Process Corner)
  Requirement:            0.000ns  (host_clk_i rise@0.000ns - host_clk_i rise@0.000ns)
  Data Path Delay:        0.554ns  (logic 0.186ns (33.590%)  route 0.368ns (66.410%))
  Logic Levels:           1  (LUT3=1)
  Clock Path Skew:        0.016ns (DCD - SCD - CPR)
    Destination Clock Delay (DCD):    2.616ns
    Source Clock Delay      (SCD):    2.057ns
    Clock Pessimism Removal (CPR):    0.543ns

    Location             Delay type                Incr(ns)  Path(ns)    Netlist Resource(s)
  -------------------------------------------------------------------    -------------------
                         (clock host_clk_i rise edge)
                                                      0.000     0.000 r  
    H16                                               0.000     0.000 r  clk (IN)
                         net (fo=0)                   0.000     0.000    clk
    H16                  IBUF (Prop_ibuf_I_O)         0.219     0.219 r  ibufg_gclk/O
                         net (fo=1, routed)           0.440     0.659    gclk_i
    MMCME2_ADV_X1Y2      MMCME2_ADV (Prop_mmcme2_adv_CLKIN1_CLKOUT0)
                                                      0.050     0.709 r  MMCME2_BASE_inst/CLKOUT0
                         net (fo=1, routed)           0.696     1.405    host_clk_i
    BUFGCTRL_X0Y16       BUFG (Prop_bufg_I_O)         0.026     1.431 r  bufg_host_clk/O
                         net (fo=10873, routed)       0.626     2.057    rocketchip_wrapper/system/system_axi_interconnect_1_0/s00_couplers_imp_8CNLH6/system_axi_interconnect_1_imp_auto_pc_0/system_axi_interconnect_1_imp_auto_pc_0_axi_protocol_converter_v2_1_37_axi_protocol_converter/system_axi_interconnect_1_imp_auto_pc_0_axi_protocol_converter_v2_1_37_axi3_conv/system_axi_interconnect_1_imp_auto_pc_0_axi_protocol_converter_v2_1_37_a_axi3_conv__parameterized0/system_axi_interconnect_1_imp_auto_pc_0_axi_data_fifo_v2_1_36_axic_fifo__parameterized1/system_axi_interconnect_1_imp_auto_pc_0_axi_data_fifo_v2_1_36_fifo_gen__parameterized1/<hidden>/<hidden>/<hidden>/<hidden>/<hidden>
    SLICE_X3Y48          FDRE                                         r  rocketchip_wrapper/system/system_axi_interconnect_1_0/s00_couplers_imp_8CNLH6/system_axi_interconnect_1_imp_auto_pc_0/system_axi_interconnect_1_imp_auto_pc_0_axi_protocol_converter_v2_1_37_axi_protocol_converter/system_axi_interconnect_1_imp_auto_pc_0_axi_protocol_converter_v2_1_37_axi3_conv/system_axi_interconnect_1_imp_auto_pc_0_axi_protocol_converter_v2_1_37_a_axi3_conv__parameterized0/system_axi_interconnect_1_imp_auto_pc_0_axi_data_fifo_v2_1_36_axic_fifo__parameterized1/system_axi_interconnect_1_imp_auto_pc_0_axi_data_fifo_v2_1_36_fifo_gen__parameterized1/<hidden>/<hidden>/<hidden>/<hidden>/<hidden>
  -------------------------------------------------------------------    -------------------
    SLICE_X3Y48          FDRE (Prop_fdre_C_Q)         0.141     2.198 f  rocketchip_wrapper/system/system_axi_interconnect_1_0/s00_couplers_imp_8CNLH6/system_axi_interconnect_1_imp_auto_pc_0/system_axi_interconnect_1_imp_auto_pc_0_axi_protocol_converter_v2_1_37_axi_protocol_converter/system_axi_interconnect_1_imp_auto_pc_0_axi_protocol_converter_v2_1_37_axi3_conv/system_axi_interconnect_1_imp_auto_pc_0_axi_protocol_converter_v2_1_37_a_axi3_conv__parameterized0/system_axi_interconnect_1_imp_auto_pc_0_axi_data_fifo_v2_1_36_axic_fifo__parameterized1/system_axi_interconnect_1_imp_auto_pc_0_axi_data_fifo_v2_1_36_fifo_gen__parameterized1/<hidden>/<hidden>/<hidden>/<hidden>/<hidden>
                         net (fo=2, routed)           0.168     2.366    rocketchip_wrapper/system/system_axi_interconnect_1_0/s00_couplers_imp_8CNLH6/system_axi_interconnect_1_imp_auto_pc_0/system_axi_interconnect_1_imp_auto_pc_0_axi_protocol_converter_v2_1_37_axi_protocol_converter/system_axi_interconnect_1_imp_auto_pc_0_axi_protocol_converter_v2_1_37_axi3_conv/system_axi_interconnect_1_imp_auto_pc_0_axi_protocol_converter_v2_1_37_a_axi3_conv__parameterized0/system_axi_interconnect_1_imp_auto_pc_0_axi_data_fifo_v2_1_36_axic_fifo__parameterized1/system_axi_interconnect_1_imp_auto_pc_0_axi_data_fifo_v2_1_36_fifo_gen__parameterized1/<hidden>/<hidden>/<hidden>/<hidden>/<hidden>
    SLICE_X3Y48          LUT3 (Prop_lut3_I1_O)        0.045     2.411 f  rocketchip_wrapper/system/system_axi_interconnect_1_0/s00_couplers_imp_8CNLH6/system_axi_interconnect_1_imp_auto_pc_0/system_axi_interconnect_1_imp_auto_pc_0_axi_protocol_converter_v2_1_37_axi_protocol_converter/system_axi_interconnect_1_imp_auto_pc_0_axi_protocol_converter_v2_1_37_axi3_conv/system_axi_interconnect_1_imp_auto_pc_0_axi_protocol_converter_v2_1_37_a_axi3_conv__parameterized0/system_axi_interconnect_1_imp_auto_pc_0_axi_data_fifo_v2_1_36_axic_fifo__parameterized1/system_axi_interconnect_1_imp_auto_pc_0_axi_data_fifo_v2_1_36_fifo_gen__parameterized1/<hidden>/<hidden>/<hidden>/<hidden>/<hidden>
                         net (fo=33, routed)          0.199     2.611    rocketchip_wrapper/system/system_axi_interconnect_1_0/s00_couplers_imp_8CNLH6/system_axi_interconnect_1_imp_auto_pc_0/system_axi_interconnect_1_imp_auto_pc_0_axi_protocol_converter_v2_1_37_axi_protocol_converter/system_axi_interconnect_1_imp_auto_pc_0_axi_protocol_converter_v2_1_37_axi3_conv/system_axi_interconnect_1_imp_auto_pc_0_axi_protocol_converter_v2_1_37_a_axi3_conv__parameterized0/system_axi_interconnect_1_imp_auto_pc_0_axi_data_fifo_v2_1_36_axic_fifo__parameterized1/system_axi_interconnect_1_imp_auto_pc_0_axi_data_fifo_v2_1_36_fifo_gen__parameterized1/<hidden>/<hidden>/<hidden>/<hidden>/<hidden>/<hidden>
    SLICE_X2Y47          FDCE                                         f  rocketchip_wrapper/system/system_axi_interconnect_1_0/s00_couplers_imp_8CNLH6/system_axi_interconnect_1_imp_auto_pc_0/system_axi_interconnect_1_imp_auto_pc_0_axi_protocol_converter_v2_1_37_axi_protocol_converter/system_axi_interconnect_1_imp_auto_pc_0_axi_protocol_converter_v2_1_37_axi3_conv/system_axi_interconnect_1_imp_auto_pc_0_axi_protocol_converter_v2_1_37_a_axi3_conv__parameterized0/system_axi_interconnect_1_imp_auto_pc_0_axi_data_fifo_v2_1_36_axic_fifo__parameterized1/system_axi_interconnect_1_imp_auto_pc_0_axi_data_fifo_v2_1_36_fifo_gen__parameterized1/<hidden>/<hidden>/<hidden>/<hidden>/<hidden>/<hidden>
  -------------------------------------------------------------------    -------------------

                         (clock host_clk_i rise edge)
                                                      0.000     0.000 r  
    H16                                               0.000     0.000 r  clk (IN)
                         net (fo=0)                   0.000     0.000    clk
    H16                  IBUF (Prop_ibuf_I_O)         0.406     0.406 r  ibufg_gclk/O
                         net (fo=1, routed)           0.480     0.886    gclk_i
    MMCME2_ADV_X1Y2      MMCME2_ADV (Prop_mmcme2_adv_CLKIN1_CLKOUT0)
                                                      0.053     0.939 r  MMCME2_BASE_inst/CLKOUT0
                         net (fo=1, routed)           0.752     1.691    host_clk_i
    BUFGCTRL_X0Y16       BUFG (Prop_bufg_I_O)         0.029     1.720 r  bufg_host_clk/O
                         net (fo=10873, routed)       0.896     2.616    rocketchip_wrapper/system/system_axi_interconnect_1_0/s00_couplers_imp_8CNLH6/system_axi_interconnect_1_imp_auto_pc_0/system_axi_interconnect_1_imp_auto_pc_0_axi_protocol_converter_v2_1_37_axi_protocol_converter/system_axi_interconnect_1_imp_auto_pc_0_axi_protocol_converter_v2_1_37_axi3_conv/system_axi_interconnect_1_imp_auto_pc_0_axi_protocol_converter_v2_1_37_a_axi3_conv__parameterized0/system_axi_interconnect_1_imp_auto_pc_0_axi_data_fifo_v2_1_36_axic_fifo__parameterized1/system_axi_interconnect_1_imp_auto_pc_0_axi_data_fifo_v2_1_36_fifo_gen__parameterized1/<hidden>/<hidden>/<hidden>/<hidden>/<hidden>/<hidden>
    SLICE_X2Y47          FDCE                                         r  rocketchip_wrapper/system/system_axi_interconnect_1_0/s00_couplers_imp_8CNLH6/system_axi_interconnect_1_imp_auto_pc_0/system_axi_interconnect_1_imp_auto_pc_0_axi_protocol_converter_v2_1_37_axi_protocol_converter/system_axi_interconnect_1_imp_auto_pc_0_axi_protocol_converter_v2_1_37_axi3_conv/system_axi_interconnect_1_imp_auto_pc_0_axi_protocol_converter_v2_1_37_a_axi3_conv__parameterized0/system_axi_interconnect_1_imp_auto_pc_0_axi_data_fifo_v2_1_36_axic_fifo__parameterized1/system_axi_interconnect_1_imp_auto_pc_0_axi_data_fifo_v2_1_36_fifo_gen__parameterized1/<hidden>/<hidden>/<hidden>/<hidden>/<hidden>/<hidden>
                         clock pessimism             -0.543     2.073    
    SLICE_X2Y47          FDCE (Remov_fdce_C_CLR)     -0.067     2.006    rocketchip_wrapper/system/system_axi_interconnect_1_0/s00_couplers_imp_8CNLH6/system_axi_interconnect_1_imp_auto_pc_0/system_axi_interconnect_1_imp_auto_pc_0_axi_protocol_converter_v2_1_37_axi_protocol_converter/system_axi_interconnect_1_imp_auto_pc_0_axi_protocol_converter_v2_1_37_axi3_conv/system_axi_interconnect_1_imp_auto_pc_0_axi_protocol_converter_v2_1_37_a_axi3_conv__parameterized0/system_axi_interconnect_1_imp_auto_pc_0_axi_data_fifo_v2_1_36_axic_fifo__parameterized1/system_axi_interconnect_1_imp_auto_pc_0_axi_data_fifo_v2_1_36_fifo_gen__parameterized1/<hidden>/<hidden>/<hidden>/<hidden>/<hidden>/<hidden>
  -------------------------------------------------------------------
                         required time                         -2.006    
                         arrival time                           2.611    
  -------------------------------------------------------------------
                         slack                                  0.605    

Slack (MET) :             0.605ns  (arrival time - required time)
  Source:                 rocketchip_wrapper/system/system_axi_interconnect_1_0/s00_couplers_imp_8CNLH6/system_axi_interconnect_1_imp_auto_pc_0/system_axi_interconnect_1_imp_auto_pc_0_axi_protocol_converter_v2_1_37_axi_protocol_converter/system_axi_interconnect_1_imp_auto_pc_0_axi_protocol_converter_v2_1_37_axi3_conv/system_axi_interconnect_1_imp_auto_pc_0_axi_protocol_converter_v2_1_37_a_axi3_conv__parameterized0/system_axi_interconnect_1_imp_auto_pc_0_axi_data_fifo_v2_1_36_axic_fifo__parameterized1/system_axi_interconnect_1_imp_auto_pc_0_axi_data_fifo_v2_1_36_fifo_gen__parameterized1/<hidden>/<hidden>/<hidden>/<hidden>/<hidden>
                            (rising edge-triggered cell FDRE clocked by host_clk_i  {rise@0.000ns fall@12.500ns period=25.000ns})
  Destination:            rocketchip_wrapper/system/system_axi_interconnect_1_0/s00_couplers_imp_8CNLH6/system_axi_interconnect_1_imp_auto_pc_0/system_axi_interconnect_1_imp_auto_pc_0_axi_protocol_converter_v2_1_37_axi_protocol_converter/system_axi_interconnect_1_imp_auto_pc_0_axi_protocol_converter_v2_1_37_axi3_conv/system_axi_interconnect_1_imp_auto_pc_0_axi_protocol_converter_v2_1_37_a_axi3_conv__parameterized0/system_axi_interconnect_1_imp_auto_pc_0_axi_data_fifo_v2_1_36_axic_fifo__parameterized1/system_axi_interconnect_1_imp_auto_pc_0_axi_data_fifo_v2_1_36_fifo_gen__parameterized1/<hidden>/<hidden>/<hidden>/<hidden>/<hidden>/<hidden>
                            (removal check against rising-edge clock host_clk_i  {rise@0.000ns fall@12.500ns period=25.000ns})
  Path Group:             **async_default**
  Path Type:              Removal (Min at Fast Process Corner)
  Requirement:            0.000ns  (host_clk_i rise@0.000ns - host_clk_i rise@0.000ns)
  Data Path Delay:        0.554ns  (logic 0.186ns (33.590%)  route 0.368ns (66.410%))
  Logic Levels:           1  (LUT3=1)
  Clock Path Skew:        0.016ns (DCD - SCD - CPR)
    Destination Clock Delay (DCD):    2.616ns
    Source Clock Delay      (SCD):    2.057ns
    Clock Pessimism Removal (CPR):    0.543ns

    Location             Delay type                Incr(ns)  Path(ns)    Netlist Resource(s)
  -------------------------------------------------------------------    -------------------
                         (clock host_clk_i rise edge)
                                                      0.000     0.000 r  
    H16                                               0.000     0.000 r  clk (IN)
                         net (fo=0)                   0.000     0.000    clk
    H16                  IBUF (Prop_ibuf_I_O)         0.219     0.219 r  ibufg_gclk/O
                         net (fo=1, routed)           0.440     0.659    gclk_i
    MMCME2_ADV_X1Y2      MMCME2_ADV (Prop_mmcme2_adv_CLKIN1_CLKOUT0)
                                                      0.050     0.709 r  MMCME2_BASE_inst/CLKOUT0
                         net (fo=1, routed)           0.696     1.405    host_clk_i
    BUFGCTRL_X0Y16       BUFG (Prop_bufg_I_O)         0.026     1.431 r  bufg_host_clk/O
                         net (fo=10873, routed)       0.626     2.057    rocketchip_wrapper/system/system_axi_interconnect_1_0/s00_couplers_imp_8CNLH6/system_axi_interconnect_1_imp_auto_pc_0/system_axi_interconnect_1_imp_auto_pc_0_axi_protocol_converter_v2_1_37_axi_protocol_converter/system_axi_interconnect_1_imp_auto_pc_0_axi_protocol_converter_v2_1_37_axi3_conv/system_axi_interconnect_1_imp_auto_pc_0_axi_protocol_converter_v2_1_37_a_axi3_conv__parameterized0/system_axi_interconnect_1_imp_auto_pc_0_axi_data_fifo_v2_1_36_axic_fifo__parameterized1/system_axi_interconnect_1_imp_auto_pc_0_axi_data_fifo_v2_1_36_fifo_gen__parameterized1/<hidden>/<hidden>/<hidden>/<hidden>/<hidden>
    SLICE_X3Y48          FDRE                                         r  rocketchip_wrapper/system/system_axi_interconnect_1_0/s00_couplers_imp_8CNLH6/system_axi_interconnect_1_imp_auto_pc_0/system_axi_interconnect_1_imp_auto_pc_0_axi_protocol_converter_v2_1_37_axi_protocol_converter/system_axi_interconnect_1_imp_auto_pc_0_axi_protocol_converter_v2_1_37_axi3_conv/system_axi_interconnect_1_imp_auto_pc_0_axi_protocol_converter_v2_1_37_a_axi3_conv__parameterized0/system_axi_interconnect_1_imp_auto_pc_0_axi_data_fifo_v2_1_36_axic_fifo__parameterized1/system_axi_interconnect_1_imp_auto_pc_0_axi_data_fifo_v2_1_36_fifo_gen__parameterized1/<hidden>/<hidden>/<hidden>/<hidden>/<hidden>
  -------------------------------------------------------------------    -------------------
    SLICE_X3Y48          FDRE (Prop_fdre_C_Q)         0.141     2.198 f  rocketchip_wrapper/system/system_axi_interconnect_1_0/s00_couplers_imp_8CNLH6/system_axi_interconnect_1_imp_auto_pc_0/system_axi_interconnect_1_imp_auto_pc_0_axi_protocol_converter_v2_1_37_axi_protocol_converter/system_axi_interconnect_1_imp_auto_pc_0_axi_protocol_converter_v2_1_37_axi3_conv/system_axi_interconnect_1_imp_auto_pc_0_axi_protocol_converter_v2_1_37_a_axi3_conv__parameterized0/system_axi_interconnect_1_imp_auto_pc_0_axi_data_fifo_v2_1_36_axic_fifo__parameterized1/system_axi_interconnect_1_imp_auto_pc_0_axi_data_fifo_v2_1_36_fifo_gen__parameterized1/<hidden>/<hidden>/<hidden>/<hidden>/<hidden>
                         net (fo=2, routed)           0.168     2.366    rocketchip_wrapper/system/system_axi_interconnect_1_0/s00_couplers_imp_8CNLH6/system_axi_interconnect_1_imp_auto_pc_0/system_axi_interconnect_1_imp_auto_pc_0_axi_protocol_converter_v2_1_37_axi_protocol_converter/system_axi_interconnect_1_imp_auto_pc_0_axi_protocol_converter_v2_1_37_axi3_conv/system_axi_interconnect_1_imp_auto_pc_0_axi_protocol_converter_v2_1_37_a_axi3_conv__parameterized0/system_axi_interconnect_1_imp_auto_pc_0_axi_data_fifo_v2_1_36_axic_fifo__parameterized1/system_axi_interconnect_1_imp_auto_pc_0_axi_data_fifo_v2_1_36_fifo_gen__parameterized1/<hidden>/<hidden>/<hidden>/<hidden>/<hidden>
    SLICE_X3Y48          LUT3 (Prop_lut3_I1_O)        0.045     2.411 f  rocketchip_wrapper/system/system_axi_interconnect_1_0/s00_couplers_imp_8CNLH6/system_axi_interconnect_1_imp_auto_pc_0/system_axi_interconnect_1_imp_auto_pc_0_axi_protocol_converter_v2_1_37_axi_protocol_converter/system_axi_interconnect_1_imp_auto_pc_0_axi_protocol_converter_v2_1_37_axi3_conv/system_axi_interconnect_1_imp_auto_pc_0_axi_protocol_converter_v2_1_37_a_axi3_conv__parameterized0/system_axi_interconnect_1_imp_auto_pc_0_axi_data_fifo_v2_1_36_axic_fifo__parameterized1/system_axi_interconnect_1_imp_auto_pc_0_axi_data_fifo_v2_1_36_fifo_gen__parameterized1/<hidden>/<hidden>/<hidden>/<hidden>/<hidden>
                         net (fo=33, routed)          0.199     2.611    rocketchip_wrapper/system/system_axi_interconnect_1_0/s00_couplers_imp_8CNLH6/system_axi_interconnect_1_imp_auto_pc_0/system_axi_interconnect_1_imp_auto_pc_0_axi_protocol_converter_v2_1_37_axi_protocol_converter/system_axi_interconnect_1_imp_auto_pc_0_axi_protocol_converter_v2_1_37_axi3_conv/system_axi_interconnect_1_imp_auto_pc_0_axi_protocol_converter_v2_1_37_a_axi3_conv__parameterized0/system_axi_interconnect_1_imp_auto_pc_0_axi_data_fifo_v2_1_36_axic_fifo__parameterized1/system_axi_interconnect_1_imp_auto_pc_0_axi_data_fifo_v2_1_36_fifo_gen__parameterized1/<hidden>/<hidden>/<hidden>/<hidden>/<hidden>/<hidden>
    SLICE_X2Y47          FDCE                                         f  rocketchip_wrapper/system/system_axi_interconnect_1_0/s00_couplers_imp_8CNLH6/system_axi_interconnect_1_imp_auto_pc_0/system_axi_interconnect_1_imp_auto_pc_0_axi_protocol_converter_v2_1_37_axi_protocol_converter/system_axi_interconnect_1_imp_auto_pc_0_axi_protocol_converter_v2_1_37_axi3_conv/system_axi_interconnect_1_imp_auto_pc_0_axi_protocol_converter_v2_1_37_a_axi3_conv__parameterized0/system_axi_interconnect_1_imp_auto_pc_0_axi_data_fifo_v2_1_36_axic_fifo__parameterized1/system_axi_interconnect_1_imp_auto_pc_0_axi_data_fifo_v2_1_36_fifo_gen__parameterized1/<hidden>/<hidden>/<hidden>/<hidden>/<hidden>/<hidden>
  -------------------------------------------------------------------    -------------------

                         (clock host_clk_i rise edge)
                                                      0.000     0.000 r  
    H16                                               0.000     0.000 r  clk (IN)
                         net (fo=0)                   0.000     0.000    clk
    H16                  IBUF (Prop_ibuf_I_O)         0.406     0.406 r  ibufg_gclk/O
                         net (fo=1, routed)           0.480     0.886    gclk_i
    MMCME2_ADV_X1Y2      MMCME2_ADV (Prop_mmcme2_adv_CLKIN1_CLKOUT0)
                                                      0.053     0.939 r  MMCME2_BASE_inst/CLKOUT0
                         net (fo=1, routed)           0.752     1.691    host_clk_i
    BUFGCTRL_X0Y16       BUFG (Prop_bufg_I_O)         0.029     1.720 r  bufg_host_clk/O
                         net (fo=10873, routed)       0.896     2.616    rocketchip_wrapper/system/system_axi_interconnect_1_0/s00_couplers_imp_8CNLH6/system_axi_interconnect_1_imp_auto_pc_0/system_axi_interconnect_1_imp_auto_pc_0_axi_protocol_converter_v2_1_37_axi_protocol_converter/system_axi_interconnect_1_imp_auto_pc_0_axi_protocol_converter_v2_1_37_axi3_conv/system_axi_interconnect_1_imp_auto_pc_0_axi_protocol_converter_v2_1_37_a_axi3_conv__parameterized0/system_axi_interconnect_1_imp_auto_pc_0_axi_data_fifo_v2_1_36_axic_fifo__parameterized1/system_axi_interconnect_1_imp_auto_pc_0_axi_data_fifo_v2_1_36_fifo_gen__parameterized1/<hidden>/<hidden>/<hidden>/<hidden>/<hidden>/<hidden>
    SLICE_X2Y47          FDCE                                         r  rocketchip_wrapper/system/system_axi_interconnect_1_0/s00_couplers_imp_8CNLH6/system_axi_interconnect_1_imp_auto_pc_0/system_axi_interconnect_1_imp_auto_pc_0_axi_protocol_converter_v2_1_37_axi_protocol_converter/system_axi_interconnect_1_imp_auto_pc_0_axi_protocol_converter_v2_1_37_axi3_conv/system_axi_interconnect_1_imp_auto_pc_0_axi_protocol_converter_v2_1_37_a_axi3_conv__parameterized0/system_axi_interconnect_1_imp_auto_pc_0_axi_data_fifo_v2_1_36_axic_fifo__parameterized1/system_axi_interconnect_1_imp_auto_pc_0_axi_data_fifo_v2_1_36_fifo_gen__parameterized1/<hidden>/<hidden>/<hidden>/<hidden>/<hidden>/<hidden>
                         clock pessimism             -0.543     2.073    
    SLICE_X2Y47          FDCE (Remov_fdce_C_CLR)     -0.067     2.006    rocketchip_wrapper/system/system_axi_interconnect_1_0/s00_couplers_imp_8CNLH6/system_axi_interconnect_1_imp_auto_pc_0/system_axi_interconnect_1_imp_auto_pc_0_axi_protocol_converter_v2_1_37_axi_protocol_converter/system_axi_interconnect_1_imp_auto_pc_0_axi_protocol_converter_v2_1_37_axi3_conv/system_axi_interconnect_1_imp_auto_pc_0_axi_protocol_converter_v2_1_37_a_axi3_conv__parameterized0/system_axi_interconnect_1_imp_auto_pc_0_axi_data_fifo_v2_1_36_axic_fifo__parameterized1/system_axi_interconnect_1_imp_auto_pc_0_axi_data_fifo_v2_1_36_fifo_gen__parameterized1/<hidden>/<hidden>/<hidden>/<hidden>/<hidden>/<hidden>
  -------------------------------------------------------------------
                         required time                         -2.006    
                         arrival time                           2.611    
  -------------------------------------------------------------------
                         slack                                  0.605    

Slack (MET) :             0.606ns  (arrival time - required time)
  Source:                 rocketchip_wrapper/system/system_axi_interconnect_1_0/s00_couplers_imp_8CNLH6/system_axi_interconnect_1_imp_auto_pc_0/system_axi_interconnect_1_imp_auto_pc_0_axi_protocol_converter_v2_1_37_axi_protocol_converter/system_axi_interconnect_1_imp_auto_pc_0_axi_protocol_converter_v2_1_37_axi3_conv/system_axi_interconnect_1_imp_auto_pc_0_axi_protocol_converter_v2_1_37_a_axi3_conv/system_axi_interconnect_1_imp_auto_pc_0_axi_data_fifo_v2_1_36_axic_fifo__parameterized0/system_axi_interconnect_1_imp_auto_pc_0_axi_data_fifo_v2_1_36_fifo_gen__parameterized0/<hidden>/<hidden>/<hidden>/<hidden>/<hidden>/<hidden>
                            (rising edge-triggered cell FDPE clocked by host_clk_i  {rise@0.000ns fall@12.500ns period=25.000ns})
  Destination:            rocketchip_wrapper/system/system_axi_interconnect_1_0/s00_couplers_imp_8CNLH6/system_axi_interconnect_1_imp_auto_pc_0/system_axi_interconnect_1_imp_auto_pc_0_axi_protocol_converter_v2_1_37_axi_protocol_converter/system_axi_interconnect_1_imp_auto_pc_0_axi_protocol_converter_v2_1_37_axi3_conv/system_axi_interconnect_1_imp_auto_pc_0_axi_protocol_converter_v2_1_37_a_axi3_conv/system_axi_interconnect_1_imp_auto_pc_0_axi_data_fifo_v2_1_36_axic_fifo__parameterized0/system_axi_interconnect_1_imp_auto_pc_0_axi_data_fifo_v2_1_36_fifo_gen__parameterized0/<hidden>/<hidden>/<hidden>/<hidden>/<hidden>/<hidden>
                            (removal check against rising-edge clock host_clk_i  {rise@0.000ns fall@12.500ns period=25.000ns})
  Path Group:             **async_default**
  Path Type:              Removal (Min at Fast Process Corner)
  Requirement:            0.000ns  (host_clk_i rise@0.000ns - host_clk_i rise@0.000ns)
  Data Path Delay:        0.552ns  (logic 0.226ns (40.906%)  route 0.326ns (59.094%))
  Logic Levels:           1  (LUT3=1)
  Clock Path Skew:        0.017ns (DCD - SCD - CPR)
    Destination Clock Delay (DCD):    2.586ns
    Source Clock Delay      (SCD):    2.026ns
    Clock Pessimism Removal (CPR):    0.543ns

    Location             Delay type                Incr(ns)  Path(ns)    Netlist Resource(s)
  -------------------------------------------------------------------    -------------------
                         (clock host_clk_i rise edge)
                                                      0.000     0.000 r  
    H16                                               0.000     0.000 r  clk (IN)
                         net (fo=0)                   0.000     0.000    clk
    H16                  IBUF (Prop_ibuf_I_O)         0.219     0.219 r  ibufg_gclk/O
                         net (fo=1, routed)           0.440     0.659    gclk_i
    MMCME2_ADV_X1Y2      MMCME2_ADV (Prop_mmcme2_adv_CLKIN1_CLKOUT0)
                                                      0.050     0.709 r  MMCME2_BASE_inst/CLKOUT0
                         net (fo=1, routed)           0.696     1.405    host_clk_i
    BUFGCTRL_X0Y16       BUFG (Prop_bufg_I_O)         0.026     1.431 r  bufg_host_clk/O
                         net (fo=10873, routed)       0.595     2.026    rocketchip_wrapper/system/system_axi_interconnect_1_0/s00_couplers_imp_8CNLH6/system_axi_interconnect_1_imp_auto_pc_0/system_axi_interconnect_1_imp_auto_pc_0_axi_protocol_converter_v2_1_37_axi_protocol_converter/system_axi_interconnect_1_imp_auto_pc_0_axi_protocol_converter_v2_1_37_axi3_conv/system_axi_interconnect_1_imp_auto_pc_0_axi_protocol_converter_v2_1_37_a_axi3_conv/system_axi_interconnect_1_imp_auto_pc_0_axi_data_fifo_v2_1_36_axic_fifo__parameterized0/system_axi_interconnect_1_imp_auto_pc_0_axi_data_fifo_v2_1_36_fifo_gen__parameterized0/<hidden>/<hidden>/<hidden>/<hidden>/<hidden>/<hidden>
    SLICE_X17Y46         FDPE                                         r  rocketchip_wrapper/system/system_axi_interconnect_1_0/s00_couplers_imp_8CNLH6/system_axi_interconnect_1_imp_auto_pc_0/system_axi_interconnect_1_imp_auto_pc_0_axi_protocol_converter_v2_1_37_axi_protocol_converter/system_axi_interconnect_1_imp_auto_pc_0_axi_protocol_converter_v2_1_37_axi3_conv/system_axi_interconnect_1_imp_auto_pc_0_axi_protocol_converter_v2_1_37_a_axi3_conv/system_axi_interconnect_1_imp_auto_pc_0_axi_data_fifo_v2_1_36_axic_fifo__parameterized0/system_axi_interconnect_1_imp_auto_pc_0_axi_data_fifo_v2_1_36_fifo_gen__parameterized0/<hidden>/<hidden>/<hidden>/<hidden>/<hidden>/<hidden>
  -------------------------------------------------------------------    -------------------
    SLICE_X17Y46         FDPE (Prop_fdpe_C_Q)         0.128     2.154 f  rocketchip_wrapper/system/system_axi_interconnect_1_0/s00_couplers_imp_8CNLH6/system_axi_interconnect_1_imp_auto_pc_0/system_axi_interconnect_1_imp_auto_pc_0_axi_protocol_converter_v2_1_37_axi_protocol_converter/system_axi_interconnect_1_imp_auto_pc_0_axi_protocol_converter_v2_1_37_axi3_conv/system_axi_interconnect_1_imp_auto_pc_0_axi_protocol_converter_v2_1_37_a_axi3_conv/system_axi_interconnect_1_imp_auto_pc_0_axi_data_fifo_v2_1_36_axic_fifo__parameterized0/system_axi_interconnect_1_imp_auto_pc_0_axi_data_fifo_v2_1_36_fifo_gen__parameterized0/<hidden>/<hidden>/<hidden>/<hidden>/<hidden>/<hidden>
                         net (fo=3, routed)           0.135     2.289    rocketchip_wrapper/system/system_axi_interconnect_1_0/s00_couplers_imp_8CNLH6/system_axi_interconnect_1_imp_auto_pc_0/system_axi_interconnect_1_imp_auto_pc_0_axi_protocol_converter_v2_1_37_axi_protocol_converter/system_axi_interconnect_1_imp_auto_pc_0_axi_protocol_converter_v2_1_37_axi3_conv/system_axi_interconnect_1_imp_auto_pc_0_axi_protocol_converter_v2_1_37_a_axi3_conv/system_axi_interconnect_1_imp_auto_pc_0_axi_data_fifo_v2_1_36_axic_fifo__parameterized0/system_axi_interconnect_1_imp_auto_pc_0_axi_data_fifo_v2_1_36_fifo_gen__parameterized0/<hidden>/<hidden>/<hidden>/<hidden>/<hidden>
    SLICE_X16Y47         LUT3 (Prop_lut3_I2_O)        0.098     2.387 f  rocketchip_wrapper/system/system_axi_interconnect_1_0/s00_couplers_imp_8CNLH6/system_axi_interconnect_1_imp_auto_pc_0/system_axi_interconnect_1_imp_auto_pc_0_axi_protocol_converter_v2_1_37_axi_protocol_converter/system_axi_interconnect_1_imp_auto_pc_0_axi_protocol_converter_v2_1_37_axi3_conv/system_axi_interconnect_1_imp_auto_pc_0_axi_protocol_converter_v2_1_37_a_axi3_conv/system_axi_interconnect_1_imp_auto_pc_0_axi_data_fifo_v2_1_36_axic_fifo__parameterized0/system_axi_interconnect_1_imp_auto_pc_0_axi_data_fifo_v2_1_36_fifo_gen__parameterized0/<hidden>/<hidden>/<hidden>/<hidden>/<hidden>
                         net (fo=32, routed)          0.192     2.579    rocketchip_wrapper/system/system_axi_interconnect_1_0/s00_couplers_imp_8CNLH6/system_axi_interconnect_1_imp_auto_pc_0/system_axi_interconnect_1_imp_auto_pc_0_axi_protocol_converter_v2_1_37_axi_protocol_converter/system_axi_interconnect_1_imp_auto_pc_0_axi_protocol_converter_v2_1_37_axi3_conv/system_axi_interconnect_1_imp_auto_pc_0_axi_protocol_converter_v2_1_37_a_axi3_conv/system_axi_interconnect_1_imp_auto_pc_0_axi_data_fifo_v2_1_36_axic_fifo__parameterized0/system_axi_interconnect_1_imp_auto_pc_0_axi_data_fifo_v2_1_36_fifo_gen__parameterized0/<hidden>/<hidden>/<hidden>/<hidden>/<hidden>/<hidden>
    SLICE_X16Y47         FDPE                                         f  rocketchip_wrapper/system/system_axi_interconnect_1_0/s00_couplers_imp_8CNLH6/system_axi_interconnect_1_imp_auto_pc_0/system_axi_interconnect_1_imp_auto_pc_0_axi_protocol_converter_v2_1_37_axi_protocol_converter/system_axi_interconnect_1_imp_auto_pc_0_axi_protocol_converter_v2_1_37_axi3_conv/system_axi_interconnect_1_imp_auto_pc_0_axi_protocol_converter_v2_1_37_a_axi3_conv/system_axi_interconnect_1_imp_auto_pc_0_axi_data_fifo_v2_1_36_axic_fifo__parameterized0/system_axi_interconnect_1_imp_auto_pc_0_axi_data_fifo_v2_1_36_fifo_gen__parameterized0/<hidden>/<hidden>/<hidden>/<hidden>/<hidden>/<hidden>
  -------------------------------------------------------------------    -------------------

                         (clock host_clk_i rise edge)
                                                      0.000     0.000 r  
    H16                                               0.000     0.000 r  clk (IN)
                         net (fo=0)                   0.000     0.000    clk
    H16                  IBUF (Prop_ibuf_I_O)         0.406     0.406 r  ibufg_gclk/O
                         net (fo=1, routed)           0.480     0.886    gclk_i
    MMCME2_ADV_X1Y2      MMCME2_ADV (Prop_mmcme2_adv_CLKIN1_CLKOUT0)
                                                      0.053     0.939 r  MMCME2_BASE_inst/CLKOUT0
                         net (fo=1, routed)           0.752     1.691    host_clk_i
    BUFGCTRL_X0Y16       BUFG (Prop_bufg_I_O)         0.029     1.720 r  bufg_host_clk/O
                         net (fo=10873, routed)       0.866     2.586    rocketchip_wrapper/system/system_axi_interconnect_1_0/s00_couplers_imp_8CNLH6/system_axi_interconnect_1_imp_auto_pc_0/system_axi_interconnect_1_imp_auto_pc_0_axi_protocol_converter_v2_1_37_axi_protocol_converter/system_axi_interconnect_1_imp_auto_pc_0_axi_protocol_converter_v2_1_37_axi3_conv/system_axi_interconnect_1_imp_auto_pc_0_axi_protocol_converter_v2_1_37_a_axi3_conv/system_axi_interconnect_1_imp_auto_pc_0_axi_data_fifo_v2_1_36_axic_fifo__parameterized0/system_axi_interconnect_1_imp_auto_pc_0_axi_data_fifo_v2_1_36_fifo_gen__parameterized0/<hidden>/<hidden>/<hidden>/<hidden>/<hidden>/<hidden>
    SLICE_X16Y47         FDPE                                         r  rocketchip_wrapper/system/system_axi_interconnect_1_0/s00_couplers_imp_8CNLH6/system_axi_interconnect_1_imp_auto_pc_0/system_axi_interconnect_1_imp_auto_pc_0_axi_protocol_converter_v2_1_37_axi_protocol_converter/system_axi_interconnect_1_imp_auto_pc_0_axi_protocol_converter_v2_1_37_axi3_conv/system_axi_interconnect_1_imp_auto_pc_0_axi_protocol_converter_v2_1_37_a_axi3_conv/system_axi_interconnect_1_imp_auto_pc_0_axi_data_fifo_v2_1_36_axic_fifo__parameterized0/system_axi_interconnect_1_imp_auto_pc_0_axi_data_fifo_v2_1_36_fifo_gen__parameterized0/<hidden>/<hidden>/<hidden>/<hidden>/<hidden>/<hidden>
                         clock pessimism             -0.543     2.043    
    SLICE_X16Y47         FDPE (Remov_fdpe_C_PRE)     -0.071     1.972    rocketchip_wrapper/system/system_axi_interconnect_1_0/s00_couplers_imp_8CNLH6/system_axi_interconnect_1_imp_auto_pc_0/system_axi_interconnect_1_imp_auto_pc_0_axi_protocol_converter_v2_1_37_axi_protocol_converter/system_axi_interconnect_1_imp_auto_pc_0_axi_protocol_converter_v2_1_37_axi3_conv/system_axi_interconnect_1_imp_auto_pc_0_axi_protocol_converter_v2_1_37_a_axi3_conv/system_axi_interconnect_1_imp_auto_pc_0_axi_data_fifo_v2_1_36_axic_fifo__parameterized0/system_axi_interconnect_1_imp_auto_pc_0_axi_data_fifo_v2_1_36_fifo_gen__parameterized0/<hidden>/<hidden>/<hidden>/<hidden>/<hidden>/<hidden>
  -------------------------------------------------------------------
                         required time                         -1.972    
                         arrival time                           2.579    
  -------------------------------------------------------------------
                         slack                                  0.606    

Slack (MET) :             0.606ns  (arrival time - required time)
  Source:                 rocketchip_wrapper/system/system_axi_interconnect_1_0/s00_couplers_imp_8CNLH6/system_axi_interconnect_1_imp_auto_pc_0/system_axi_interconnect_1_imp_auto_pc_0_axi_protocol_converter_v2_1_37_axi_protocol_converter/system_axi_interconnect_1_imp_auto_pc_0_axi_protocol_converter_v2_1_37_axi3_conv/system_axi_interconnect_1_imp_auto_pc_0_axi_protocol_converter_v2_1_37_a_axi3_conv/system_axi_interconnect_1_imp_auto_pc_0_axi_data_fifo_v2_1_36_axic_fifo__parameterized0/system_axi_interconnect_1_imp_auto_pc_0_axi_data_fifo_v2_1_36_fifo_gen__parameterized0/<hidden>/<hidden>/<hidden>/<hidden>/<hidden>/<hidden>
                            (rising edge-triggered cell FDPE clocked by host_clk_i  {rise@0.000ns fall@12.500ns period=25.000ns})
  Destination:            rocketchip_wrapper/system/system_axi_interconnect_1_0/s00_couplers_imp_8CNLH6/system_axi_interconnect_1_imp_auto_pc_0/system_axi_interconnect_1_imp_auto_pc_0_axi_protocol_converter_v2_1_37_axi_protocol_converter/system_axi_interconnect_1_imp_auto_pc_0_axi_protocol_converter_v2_1_37_axi3_conv/system_axi_interconnect_1_imp_auto_pc_0_axi_protocol_converter_v2_1_37_a_axi3_conv/system_axi_interconnect_1_imp_auto_pc_0_axi_data_fifo_v2_1_36_axic_fifo__parameterized0/system_axi_interconnect_1_imp_auto_pc_0_axi_data_fifo_v2_1_36_fifo_gen__parameterized0/<hidden>/<hidden>/<hidden>/<hidden>/<hidden>/<hidden>
                            (removal check against rising-edge clock host_clk_i  {rise@0.000ns fall@12.500ns period=25.000ns})
  Path Group:             **async_default**
  Path Type:              Removal (Min at Fast Process Corner)
  Requirement:            0.000ns  (host_clk_i rise@0.000ns - host_clk_i rise@0.000ns)
  Data Path Delay:        0.552ns  (logic 0.226ns (40.906%)  route 0.326ns (59.094%))
  Logic Levels:           1  (LUT3=1)
  Clock Path Skew:        0.017ns (DCD - SCD - CPR)
    Destination Clock Delay (DCD):    2.586ns
    Source Clock Delay      (SCD):    2.026ns
    Clock Pessimism Removal (CPR):    0.543ns

    Location             Delay type                Incr(ns)  Path(ns)    Netlist Resource(s)
  -------------------------------------------------------------------    -------------------
                         (clock host_clk_i rise edge)
                                                      0.000     0.000 r  
    H16                                               0.000     0.000 r  clk (IN)
                         net (fo=0)                   0.000     0.000    clk
    H16                  IBUF (Prop_ibuf_I_O)         0.219     0.219 r  ibufg_gclk/O
                         net (fo=1, routed)           0.440     0.659    gclk_i
    MMCME2_ADV_X1Y2      MMCME2_ADV (Prop_mmcme2_adv_CLKIN1_CLKOUT0)
                                                      0.050     0.709 r  MMCME2_BASE_inst/CLKOUT0
                         net (fo=1, routed)           0.696     1.405    host_clk_i
    BUFGCTRL_X0Y16       BUFG (Prop_bufg_I_O)         0.026     1.431 r  bufg_host_clk/O
                         net (fo=10873, routed)       0.595     2.026    rocketchip_wrapper/system/system_axi_interconnect_1_0/s00_couplers_imp_8CNLH6/system_axi_interconnect_1_imp_auto_pc_0/system_axi_interconnect_1_imp_auto_pc_0_axi_protocol_converter_v2_1_37_axi_protocol_converter/system_axi_interconnect_1_imp_auto_pc_0_axi_protocol_converter_v2_1_37_axi3_conv/system_axi_interconnect_1_imp_auto_pc_0_axi_protocol_converter_v2_1_37_a_axi3_conv/system_axi_interconnect_1_imp_auto_pc_0_axi_data_fifo_v2_1_36_axic_fifo__parameterized0/system_axi_interconnect_1_imp_auto_pc_0_axi_data_fifo_v2_1_36_fifo_gen__parameterized0/<hidden>/<hidden>/<hidden>/<hidden>/<hidden>/<hidden>
    SLICE_X17Y46         FDPE                                         r  rocketchip_wrapper/system/system_axi_interconnect_1_0/s00_couplers_imp_8CNLH6/system_axi_interconnect_1_imp_auto_pc_0/system_axi_interconnect_1_imp_auto_pc_0_axi_protocol_converter_v2_1_37_axi_protocol_converter/system_axi_interconnect_1_imp_auto_pc_0_axi_protocol_converter_v2_1_37_axi3_conv/system_axi_interconnect_1_imp_auto_pc_0_axi_protocol_converter_v2_1_37_a_axi3_conv/system_axi_interconnect_1_imp_auto_pc_0_axi_data_fifo_v2_1_36_axic_fifo__parameterized0/system_axi_interconnect_1_imp_auto_pc_0_axi_data_fifo_v2_1_36_fifo_gen__parameterized0/<hidden>/<hidden>/<hidden>/<hidden>/<hidden>/<hidden>
  -------------------------------------------------------------------    -------------------
    SLICE_X17Y46         FDPE (Prop_fdpe_C_Q)         0.128     2.154 f  rocketchip_wrapper/system/system_axi_interconnect_1_0/s00_couplers_imp_8CNLH6/system_axi_interconnect_1_imp_auto_pc_0/system_axi_interconnect_1_imp_auto_pc_0_axi_protocol_converter_v2_1_37_axi_protocol_converter/system_axi_interconnect_1_imp_auto_pc_0_axi_protocol_converter_v2_1_37_axi3_conv/system_axi_interconnect_1_imp_auto_pc_0_axi_protocol_converter_v2_1_37_a_axi3_conv/system_axi_interconnect_1_imp_auto_pc_0_axi_data_fifo_v2_1_36_axic_fifo__parameterized0/system_axi_interconnect_1_imp_auto_pc_0_axi_data_fifo_v2_1_36_fifo_gen__parameterized0/<hidden>/<hidden>/<hidden>/<hidden>/<hidden>/<hidden>
                         net (fo=3, routed)           0.135     2.289    rocketchip_wrapper/system/system_axi_interconnect_1_0/s00_couplers_imp_8CNLH6/system_axi_interconnect_1_imp_auto_pc_0/system_axi_interconnect_1_imp_auto_pc_0_axi_protocol_converter_v2_1_37_axi_protocol_converter/system_axi_interconnect_1_imp_auto_pc_0_axi_protocol_converter_v2_1_37_axi3_conv/system_axi_interconnect_1_imp_auto_pc_0_axi_protocol_converter_v2_1_37_a_axi3_conv/system_axi_interconnect_1_imp_auto_pc_0_axi_data_fifo_v2_1_36_axic_fifo__parameterized0/system_axi_interconnect_1_imp_auto_pc_0_axi_data_fifo_v2_1_36_fifo_gen__parameterized0/<hidden>/<hidden>/<hidden>/<hidden>/<hidden>
    SLICE_X16Y47         LUT3 (Prop_lut3_I2_O)        0.098     2.387 f  rocketchip_wrapper/system/system_axi_interconnect_1_0/s00_couplers_imp_8CNLH6/system_axi_interconnect_1_imp_auto_pc_0/system_axi_interconnect_1_imp_auto_pc_0_axi_protocol_converter_v2_1_37_axi_protocol_converter/system_axi_interconnect_1_imp_auto_pc_0_axi_protocol_converter_v2_1_37_axi3_conv/system_axi_interconnect_1_imp_auto_pc_0_axi_protocol_converter_v2_1_37_a_axi3_conv/system_axi_interconnect_1_imp_auto_pc_0_axi_data_fifo_v2_1_36_axic_fifo__parameterized0/system_axi_interconnect_1_imp_auto_pc_0_axi_data_fifo_v2_1_36_fifo_gen__parameterized0/<hidden>/<hidden>/<hidden>/<hidden>/<hidden>
                         net (fo=32, routed)          0.192     2.579    rocketchip_wrapper/system/system_axi_interconnect_1_0/s00_couplers_imp_8CNLH6/system_axi_interconnect_1_imp_auto_pc_0/system_axi_interconnect_1_imp_auto_pc_0_axi_protocol_converter_v2_1_37_axi_protocol_converter/system_axi_interconnect_1_imp_auto_pc_0_axi_protocol_converter_v2_1_37_axi3_conv/system_axi_interconnect_1_imp_auto_pc_0_axi_protocol_converter_v2_1_37_a_axi3_conv/system_axi_interconnect_1_imp_auto_pc_0_axi_data_fifo_v2_1_36_axic_fifo__parameterized0/system_axi_interconnect_1_imp_auto_pc_0_axi_data_fifo_v2_1_36_fifo_gen__parameterized0/<hidden>/<hidden>/<hidden>/<hidden>/<hidden>/<hidden>
    SLICE_X16Y47         FDPE                                         f  rocketchip_wrapper/system/system_axi_interconnect_1_0/s00_couplers_imp_8CNLH6/system_axi_interconnect_1_imp_auto_pc_0/system_axi_interconnect_1_imp_auto_pc_0_axi_protocol_converter_v2_1_37_axi_protocol_converter/system_axi_interconnect_1_imp_auto_pc_0_axi_protocol_converter_v2_1_37_axi3_conv/system_axi_interconnect_1_imp_auto_pc_0_axi_protocol_converter_v2_1_37_a_axi3_conv/system_axi_interconnect_1_imp_auto_pc_0_axi_data_fifo_v2_1_36_axic_fifo__parameterized0/system_axi_interconnect_1_imp_auto_pc_0_axi_data_fifo_v2_1_36_fifo_gen__parameterized0/<hidden>/<hidden>/<hidden>/<hidden>/<hidden>/<hidden>
  -------------------------------------------------------------------    -------------------

                         (clock host_clk_i rise edge)
                                                      0.000     0.000 r  
    H16                                               0.000     0.000 r  clk (IN)
                         net (fo=0)                   0.000     0.000    clk
    H16                  IBUF (Prop_ibuf_I_O)         0.406     0.406 r  ibufg_gclk/O
                         net (fo=1, routed)           0.480     0.886    gclk_i
    MMCME2_ADV_X1Y2      MMCME2_ADV (Prop_mmcme2_adv_CLKIN1_CLKOUT0)
                                                      0.053     0.939 r  MMCME2_BASE_inst/CLKOUT0
                         net (fo=1, routed)           0.752     1.691    host_clk_i
    BUFGCTRL_X0Y16       BUFG (Prop_bufg_I_O)         0.029     1.720 r  bufg_host_clk/O
                         net (fo=10873, routed)       0.866     2.586    rocketchip_wrapper/system/system_axi_interconnect_1_0/s00_couplers_imp_8CNLH6/system_axi_interconnect_1_imp_auto_pc_0/system_axi_interconnect_1_imp_auto_pc_0_axi_protocol_converter_v2_1_37_axi_protocol_converter/system_axi_interconnect_1_imp_auto_pc_0_axi_protocol_converter_v2_1_37_axi3_conv/system_axi_interconnect_1_imp_auto_pc_0_axi_protocol_converter_v2_1_37_a_axi3_conv/system_axi_interconnect_1_imp_auto_pc_0_axi_data_fifo_v2_1_36_axic_fifo__parameterized0/system_axi_interconnect_1_imp_auto_pc_0_axi_data_fifo_v2_1_36_fifo_gen__parameterized0/<hidden>/<hidden>/<hidden>/<hidden>/<hidden>/<hidden>
    SLICE_X16Y47         FDPE                                         r  rocketchip_wrapper/system/system_axi_interconnect_1_0/s00_couplers_imp_8CNLH6/system_axi_interconnect_1_imp_auto_pc_0/system_axi_interconnect_1_imp_auto_pc_0_axi_protocol_converter_v2_1_37_axi_protocol_converter/system_axi_interconnect_1_imp_auto_pc_0_axi_protocol_converter_v2_1_37_axi3_conv/system_axi_interconnect_1_imp_auto_pc_0_axi_protocol_converter_v2_1_37_a_axi3_conv/system_axi_interconnect_1_imp_auto_pc_0_axi_data_fifo_v2_1_36_axic_fifo__parameterized0/system_axi_interconnect_1_imp_auto_pc_0_axi_data_fifo_v2_1_36_fifo_gen__parameterized0/<hidden>/<hidden>/<hidden>/<hidden>/<hidden>/<hidden>
                         clock pessimism             -0.543     2.043    
    SLICE_X16Y47         FDPE (Remov_fdpe_C_PRE)     -0.071     1.972    rocketchip_wrapper/system/system_axi_interconnect_1_0/s00_couplers_imp_8CNLH6/system_axi_interconnect_1_imp_auto_pc_0/system_axi_interconnect_1_imp_auto_pc_0_axi_protocol_converter_v2_1_37_axi_protocol_converter/system_axi_interconnect_1_imp_auto_pc_0_axi_protocol_converter_v2_1_37_axi3_conv/system_axi_interconnect_1_imp_auto_pc_0_axi_protocol_converter_v2_1_37_a_axi3_conv/system_axi_interconnect_1_imp_auto_pc_0_axi_data_fifo_v2_1_36_axic_fifo__parameterized0/system_axi_interconnect_1_imp_auto_pc_0_axi_data_fifo_v2_1_36_fifo_gen__parameterized0/<hidden>/<hidden>/<hidden>/<hidden>/<hidden>/<hidden>
  -------------------------------------------------------------------
                         required time                         -1.972    
                         arrival time                           2.579    
  -------------------------------------------------------------------
                         slack                                  0.606    

Slack (MET) :             0.606ns  (arrival time - required time)
  Source:                 rocketchip_wrapper/system/system_axi_interconnect_1_0/s00_couplers_imp_8CNLH6/system_axi_interconnect_1_imp_auto_pc_0/system_axi_interconnect_1_imp_auto_pc_0_axi_protocol_converter_v2_1_37_axi_protocol_converter/system_axi_interconnect_1_imp_auto_pc_0_axi_protocol_converter_v2_1_37_axi3_conv/system_axi_interconnect_1_imp_auto_pc_0_axi_protocol_converter_v2_1_37_a_axi3_conv/system_axi_interconnect_1_imp_auto_pc_0_axi_data_fifo_v2_1_36_axic_fifo__parameterized0/system_axi_interconnect_1_imp_auto_pc_0_axi_data_fifo_v2_1_36_fifo_gen__parameterized0/<hidden>/<hidden>/<hidden>/<hidden>/<hidden>/<hidden>
                            (rising edge-triggered cell FDPE clocked by host_clk_i  {rise@0.000ns fall@12.500ns period=25.000ns})
  Destination:            rocketchip_wrapper/system/system_axi_interconnect_1_0/s00_couplers_imp_8CNLH6/system_axi_interconnect_1_imp_auto_pc_0/system_axi_interconnect_1_imp_auto_pc_0_axi_protocol_converter_v2_1_37_axi_protocol_converter/system_axi_interconnect_1_imp_auto_pc_0_axi_protocol_converter_v2_1_37_axi3_conv/system_axi_interconnect_1_imp_auto_pc_0_axi_protocol_converter_v2_1_37_a_axi3_conv/system_axi_interconnect_1_imp_auto_pc_0_axi_data_fifo_v2_1_36_axic_fifo__parameterized0/system_axi_interconnect_1_imp_auto_pc_0_axi_data_fifo_v2_1_36_fifo_gen__parameterized0/<hidden>/<hidden>/<hidden>/<hidden>/<hidden>/<hidden>
                            (removal check against rising-edge clock host_clk_i  {rise@0.000ns fall@12.500ns period=25.000ns})
  Path Group:             **async_default**
  Path Type:              Removal (Min at Fast Process Corner)
  Requirement:            0.000ns  (host_clk_i rise@0.000ns - host_clk_i rise@0.000ns)
  Data Path Delay:        0.552ns  (logic 0.226ns (40.906%)  route 0.326ns (59.094%))
  Logic Levels:           1  (LUT3=1)
  Clock Path Skew:        0.017ns (DCD - SCD - CPR)
    Destination Clock Delay (DCD):    2.586ns
    Source Clock Delay      (SCD):    2.026ns
    Clock Pessimism Removal (CPR):    0.543ns

    Location             Delay type                Incr(ns)  Path(ns)    Netlist Resource(s)
  -------------------------------------------------------------------    -------------------
                         (clock host_clk_i rise edge)
                                                      0.000     0.000 r  
    H16                                               0.000     0.000 r  clk (IN)
                         net (fo=0)                   0.000     0.000    clk
    H16                  IBUF (Prop_ibuf_I_O)         0.219     0.219 r  ibufg_gclk/O
                         net (fo=1, routed)           0.440     0.659    gclk_i
    MMCME2_ADV_X1Y2      MMCME2_ADV (Prop_mmcme2_adv_CLKIN1_CLKOUT0)
                                                      0.050     0.709 r  MMCME2_BASE_inst/CLKOUT0
                         net (fo=1, routed)           0.696     1.405    host_clk_i
    BUFGCTRL_X0Y16       BUFG (Prop_bufg_I_O)         0.026     1.431 r  bufg_host_clk/O
                         net (fo=10873, routed)       0.595     2.026    rocketchip_wrapper/system/system_axi_interconnect_1_0/s00_couplers_imp_8CNLH6/system_axi_interconnect_1_imp_auto_pc_0/system_axi_interconnect_1_imp_auto_pc_0_axi_protocol_converter_v2_1_37_axi_protocol_converter/system_axi_interconnect_1_imp_auto_pc_0_axi_protocol_converter_v2_1_37_axi3_conv/system_axi_interconnect_1_imp_auto_pc_0_axi_protocol_converter_v2_1_37_a_axi3_conv/system_axi_interconnect_1_imp_auto_pc_0_axi_data_fifo_v2_1_36_axic_fifo__parameterized0/system_axi_interconnect_1_imp_auto_pc_0_axi_data_fifo_v2_1_36_fifo_gen__parameterized0/<hidden>/<hidden>/<hidden>/<hidden>/<hidden>/<hidden>
    SLICE_X17Y46         FDPE                                         r  rocketchip_wrapper/system/system_axi_interconnect_1_0/s00_couplers_imp_8CNLH6/system_axi_interconnect_1_imp_auto_pc_0/system_axi_interconnect_1_imp_auto_pc_0_axi_protocol_converter_v2_1_37_axi_protocol_converter/system_axi_interconnect_1_imp_auto_pc_0_axi_protocol_converter_v2_1_37_axi3_conv/system_axi_interconnect_1_imp_auto_pc_0_axi_protocol_converter_v2_1_37_a_axi3_conv/system_axi_interconnect_1_imp_auto_pc_0_axi_data_fifo_v2_1_36_axic_fifo__parameterized0/system_axi_interconnect_1_imp_auto_pc_0_axi_data_fifo_v2_1_36_fifo_gen__parameterized0/<hidden>/<hidden>/<hidden>/<hidden>/<hidden>/<hidden>
  -------------------------------------------------------------------    -------------------
    SLICE_X17Y46         FDPE (Prop_fdpe_C_Q)         0.128     2.154 f  rocketchip_wrapper/system/system_axi_interconnect_1_0/s00_couplers_imp_8CNLH6/system_axi_interconnect_1_imp_auto_pc_0/system_axi_interconnect_1_imp_auto_pc_0_axi_protocol_converter_v2_1_37_axi_protocol_converter/system_axi_interconnect_1_imp_auto_pc_0_axi_protocol_converter_v2_1_37_axi3_conv/system_axi_interconnect_1_imp_auto_pc_0_axi_protocol_converter_v2_1_37_a_axi3_conv/system_axi_interconnect_1_imp_auto_pc_0_axi_data_fifo_v2_1_36_axic_fifo__parameterized0/system_axi_interconnect_1_imp_auto_pc_0_axi_data_fifo_v2_1_36_fifo_gen__parameterized0/<hidden>/<hidden>/<hidden>/<hidden>/<hidden>/<hidden>
                         net (fo=3, routed)           0.135     2.289    rocketchip_wrapper/system/system_axi_interconnect_1_0/s00_couplers_imp_8CNLH6/system_axi_interconnect_1_imp_auto_pc_0/system_axi_interconnect_1_imp_auto_pc_0_axi_protocol_converter_v2_1_37_axi_protocol_converter/system_axi_interconnect_1_imp_auto_pc_0_axi_protocol_converter_v2_1_37_axi3_conv/system_axi_interconnect_1_imp_auto_pc_0_axi_protocol_converter_v2_1_37_a_axi3_conv/system_axi_interconnect_1_imp_auto_pc_0_axi_data_fifo_v2_1_36_axic_fifo__parameterized0/system_axi_interconnect_1_imp_auto_pc_0_axi_data_fifo_v2_1_36_fifo_gen__parameterized0/<hidden>/<hidden>/<hidden>/<hidden>/<hidden>
    SLICE_X16Y47         LUT3 (Prop_lut3_I2_O)        0.098     2.387 f  rocketchip_wrapper/system/system_axi_interconnect_1_0/s00_couplers_imp_8CNLH6/system_axi_interconnect_1_imp_auto_pc_0/system_axi_interconnect_1_imp_auto_pc_0_axi_protocol_converter_v2_1_37_axi_protocol_converter/system_axi_interconnect_1_imp_auto_pc_0_axi_protocol_converter_v2_1_37_axi3_conv/system_axi_interconnect_1_imp_auto_pc_0_axi_protocol_converter_v2_1_37_a_axi3_conv/system_axi_interconnect_1_imp_auto_pc_0_axi_data_fifo_v2_1_36_axic_fifo__parameterized0/system_axi_interconnect_1_imp_auto_pc_0_axi_data_fifo_v2_1_36_fifo_gen__parameterized0/<hidden>/<hidden>/<hidden>/<hidden>/<hidden>
                         net (fo=32, routed)          0.192     2.579    rocketchip_wrapper/system/system_axi_interconnect_1_0/s00_couplers_imp_8CNLH6/system_axi_interconnect_1_imp_auto_pc_0/system_axi_interconnect_1_imp_auto_pc_0_axi_protocol_converter_v2_1_37_axi_protocol_converter/system_axi_interconnect_1_imp_auto_pc_0_axi_protocol_converter_v2_1_37_axi3_conv/system_axi_interconnect_1_imp_auto_pc_0_axi_protocol_converter_v2_1_37_a_axi3_conv/system_axi_interconnect_1_imp_auto_pc_0_axi_data_fifo_v2_1_36_axic_fifo__parameterized0/system_axi_interconnect_1_imp_auto_pc_0_axi_data_fifo_v2_1_36_fifo_gen__parameterized0/<hidden>/<hidden>/<hidden>/<hidden>/<hidden>/<hidden>
    SLICE_X16Y47         FDPE                                         f  rocketchip_wrapper/system/system_axi_interconnect_1_0/s00_couplers_imp_8CNLH6/system_axi_interconnect_1_imp_auto_pc_0/system_axi_interconnect_1_imp_auto_pc_0_axi_protocol_converter_v2_1_37_axi_protocol_converter/system_axi_interconnect_1_imp_auto_pc_0_axi_protocol_converter_v2_1_37_axi3_conv/system_axi_interconnect_1_imp_auto_pc_0_axi_protocol_converter_v2_1_37_a_axi3_conv/system_axi_interconnect_1_imp_auto_pc_0_axi_data_fifo_v2_1_36_axic_fifo__parameterized0/system_axi_interconnect_1_imp_auto_pc_0_axi_data_fifo_v2_1_36_fifo_gen__parameterized0/<hidden>/<hidden>/<hidden>/<hidden>/<hidden>/<hidden>
  -------------------------------------------------------------------    -------------------

                         (clock host_clk_i rise edge)
                                                      0.000     0.000 r  
    H16                                               0.000     0.000 r  clk (IN)
                         net (fo=0)                   0.000     0.000    clk
    H16                  IBUF (Prop_ibuf_I_O)         0.406     0.406 r  ibufg_gclk/O
                         net (fo=1, routed)           0.480     0.886    gclk_i
    MMCME2_ADV_X1Y2      MMCME2_ADV (Prop_mmcme2_adv_CLKIN1_CLKOUT0)
                                                      0.053     0.939 r  MMCME2_BASE_inst/CLKOUT0
                         net (fo=1, routed)           0.752     1.691    host_clk_i
    BUFGCTRL_X0Y16       BUFG (Prop_bufg_I_O)         0.029     1.720 r  bufg_host_clk/O
                         net (fo=10873, routed)       0.866     2.586    rocketchip_wrapper/system/system_axi_interconnect_1_0/s00_couplers_imp_8CNLH6/system_axi_interconnect_1_imp_auto_pc_0/system_axi_interconnect_1_imp_auto_pc_0_axi_protocol_converter_v2_1_37_axi_protocol_converter/system_axi_interconnect_1_imp_auto_pc_0_axi_protocol_converter_v2_1_37_axi3_conv/system_axi_interconnect_1_imp_auto_pc_0_axi_protocol_converter_v2_1_37_a_axi3_conv/system_axi_interconnect_1_imp_auto_pc_0_axi_data_fifo_v2_1_36_axic_fifo__parameterized0/system_axi_interconnect_1_imp_auto_pc_0_axi_data_fifo_v2_1_36_fifo_gen__parameterized0/<hidden>/<hidden>/<hidden>/<hidden>/<hidden>/<hidden>
    SLICE_X16Y47         FDPE                                         r  rocketchip_wrapper/system/system_axi_interconnect_1_0/s00_couplers_imp_8CNLH6/system_axi_interconnect_1_imp_auto_pc_0/system_axi_interconnect_1_imp_auto_pc_0_axi_protocol_converter_v2_1_37_axi_protocol_converter/system_axi_interconnect_1_imp_auto_pc_0_axi_protocol_converter_v2_1_37_axi3_conv/system_axi_interconnect_1_imp_auto_pc_0_axi_protocol_converter_v2_1_37_a_axi3_conv/system_axi_interconnect_1_imp_auto_pc_0_axi_data_fifo_v2_1_36_axic_fifo__parameterized0/system_axi_interconnect_1_imp_auto_pc_0_axi_data_fifo_v2_1_36_fifo_gen__parameterized0/<hidden>/<hidden>/<hidden>/<hidden>/<hidden>/<hidden>
                         clock pessimism             -0.543     2.043    
    SLICE_X16Y47         FDPE (Remov_fdpe_C_PRE)     -0.071     1.972    rocketchip_wrapper/system/system_axi_interconnect_1_0/s00_couplers_imp_8CNLH6/system_axi_interconnect_1_imp_auto_pc_0/system_axi_interconnect_1_imp_auto_pc_0_axi_protocol_converter_v2_1_37_axi_protocol_converter/system_axi_interconnect_1_imp_auto_pc_0_axi_protocol_converter_v2_1_37_axi3_conv/system_axi_interconnect_1_imp_auto_pc_0_axi_protocol_converter_v2_1_37_a_axi3_conv/system_axi_interconnect_1_imp_auto_pc_0_axi_data_fifo_v2_1_36_axic_fifo__parameterized0/system_axi_interconnect_1_imp_auto_pc_0_axi_data_fifo_v2_1_36_fifo_gen__parameterized0/<hidden>/<hidden>/<hidden>/<hidden>/<hidden>/<hidden>
  -------------------------------------------------------------------
                         required time                         -1.972    
                         arrival time                           2.579    
  -------------------------------------------------------------------
                         slack                                  0.606    

Slack (MET) :             0.606ns  (arrival time - required time)
  Source:                 rocketchip_wrapper/system/system_axi_interconnect_1_0/s00_couplers_imp_8CNLH6/system_axi_interconnect_1_imp_auto_pc_0/system_axi_interconnect_1_imp_auto_pc_0_axi_protocol_converter_v2_1_37_axi_protocol_converter/system_axi_interconnect_1_imp_auto_pc_0_axi_protocol_converter_v2_1_37_axi3_conv/system_axi_interconnect_1_imp_auto_pc_0_axi_protocol_converter_v2_1_37_a_axi3_conv/system_axi_interconnect_1_imp_auto_pc_0_axi_data_fifo_v2_1_36_axic_fifo__parameterized0/system_axi_interconnect_1_imp_auto_pc_0_axi_data_fifo_v2_1_36_fifo_gen__parameterized0/<hidden>/<hidden>/<hidden>/<hidden>/<hidden>/<hidden>
                            (rising edge-triggered cell FDPE clocked by host_clk_i  {rise@0.000ns fall@12.500ns period=25.000ns})
  Destination:            rocketchip_wrapper/system/system_axi_interconnect_1_0/s00_couplers_imp_8CNLH6/system_axi_interconnect_1_imp_auto_pc_0/system_axi_interconnect_1_imp_auto_pc_0_axi_protocol_converter_v2_1_37_axi_protocol_converter/system_axi_interconnect_1_imp_auto_pc_0_axi_protocol_converter_v2_1_37_axi3_conv/system_axi_interconnect_1_imp_auto_pc_0_axi_protocol_converter_v2_1_37_a_axi3_conv/system_axi_interconnect_1_imp_auto_pc_0_axi_data_fifo_v2_1_36_axic_fifo__parameterized0/system_axi_interconnect_1_imp_auto_pc_0_axi_data_fifo_v2_1_36_fifo_gen__parameterized0/<hidden>/<hidden>/<hidden>/<hidden>/<hidden>/<hidden>
                            (removal check against rising-edge clock host_clk_i  {rise@0.000ns fall@12.500ns period=25.000ns})
  Path Group:             **async_default**
  Path Type:              Removal (Min at Fast Process Corner)
  Requirement:            0.000ns  (host_clk_i rise@0.000ns - host_clk_i rise@0.000ns)
  Data Path Delay:        0.552ns  (logic 0.226ns (40.906%)  route 0.326ns (59.094%))
  Logic Levels:           1  (LUT3=1)
  Clock Path Skew:        0.017ns (DCD - SCD - CPR)
    Destination Clock Delay (DCD):    2.586ns
    Source Clock Delay      (SCD):    2.026ns
    Clock Pessimism Removal (CPR):    0.543ns

    Location             Delay type                Incr(ns)  Path(ns)    Netlist Resource(s)
  -------------------------------------------------------------------    -------------------
                         (clock host_clk_i rise edge)
                                                      0.000     0.000 r  
    H16                                               0.000     0.000 r  clk (IN)
                         net (fo=0)                   0.000     0.000    clk
    H16                  IBUF (Prop_ibuf_I_O)         0.219     0.219 r  ibufg_gclk/O
                         net (fo=1, routed)           0.440     0.659    gclk_i
    MMCME2_ADV_X1Y2      MMCME2_ADV (Prop_mmcme2_adv_CLKIN1_CLKOUT0)
                                                      0.050     0.709 r  MMCME2_BASE_inst/CLKOUT0
                         net (fo=1, routed)           0.696     1.405    host_clk_i
    BUFGCTRL_X0Y16       BUFG (Prop_bufg_I_O)         0.026     1.431 r  bufg_host_clk/O
                         net (fo=10873, routed)       0.595     2.026    rocketchip_wrapper/system/system_axi_interconnect_1_0/s00_couplers_imp_8CNLH6/system_axi_interconnect_1_imp_auto_pc_0/system_axi_interconnect_1_imp_auto_pc_0_axi_protocol_converter_v2_1_37_axi_protocol_converter/system_axi_interconnect_1_imp_auto_pc_0_axi_protocol_converter_v2_1_37_axi3_conv/system_axi_interconnect_1_imp_auto_pc_0_axi_protocol_converter_v2_1_37_a_axi3_conv/system_axi_interconnect_1_imp_auto_pc_0_axi_data_fifo_v2_1_36_axic_fifo__parameterized0/system_axi_interconnect_1_imp_auto_pc_0_axi_data_fifo_v2_1_36_fifo_gen__parameterized0/<hidden>/<hidden>/<hidden>/<hidden>/<hidden>/<hidden>
    SLICE_X17Y46         FDPE                                         r  rocketchip_wrapper/system/system_axi_interconnect_1_0/s00_couplers_imp_8CNLH6/system_axi_interconnect_1_imp_auto_pc_0/system_axi_interconnect_1_imp_auto_pc_0_axi_protocol_converter_v2_1_37_axi_protocol_converter/system_axi_interconnect_1_imp_auto_pc_0_axi_protocol_converter_v2_1_37_axi3_conv/system_axi_interconnect_1_imp_auto_pc_0_axi_protocol_converter_v2_1_37_a_axi3_conv/system_axi_interconnect_1_imp_auto_pc_0_axi_data_fifo_v2_1_36_axic_fifo__parameterized0/system_axi_interconnect_1_imp_auto_pc_0_axi_data_fifo_v2_1_36_fifo_gen__parameterized0/<hidden>/<hidden>/<hidden>/<hidden>/<hidden>/<hidden>
  -------------------------------------------------------------------    -------------------
    SLICE_X17Y46         FDPE (Prop_fdpe_C_Q)         0.128     2.154 f  rocketchip_wrapper/system/system_axi_interconnect_1_0/s00_couplers_imp_8CNLH6/system_axi_interconnect_1_imp_auto_pc_0/system_axi_interconnect_1_imp_auto_pc_0_axi_protocol_converter_v2_1_37_axi_protocol_converter/system_axi_interconnect_1_imp_auto_pc_0_axi_protocol_converter_v2_1_37_axi3_conv/system_axi_interconnect_1_imp_auto_pc_0_axi_protocol_converter_v2_1_37_a_axi3_conv/system_axi_interconnect_1_imp_auto_pc_0_axi_data_fifo_v2_1_36_axic_fifo__parameterized0/system_axi_interconnect_1_imp_auto_pc_0_axi_data_fifo_v2_1_36_fifo_gen__parameterized0/<hidden>/<hidden>/<hidden>/<hidden>/<hidden>/<hidden>
                         net (fo=3, routed)           0.135     2.289    rocketchip_wrapper/system/system_axi_interconnect_1_0/s00_couplers_imp_8CNLH6/system_axi_interconnect_1_imp_auto_pc_0/system_axi_interconnect_1_imp_auto_pc_0_axi_protocol_converter_v2_1_37_axi_protocol_converter/system_axi_interconnect_1_imp_auto_pc_0_axi_protocol_converter_v2_1_37_axi3_conv/system_axi_interconnect_1_imp_auto_pc_0_axi_protocol_converter_v2_1_37_a_axi3_conv/system_axi_interconnect_1_imp_auto_pc_0_axi_data_fifo_v2_1_36_axic_fifo__parameterized0/system_axi_interconnect_1_imp_auto_pc_0_axi_data_fifo_v2_1_36_fifo_gen__parameterized0/<hidden>/<hidden>/<hidden>/<hidden>/<hidden>
    SLICE_X16Y47         LUT3 (Prop_lut3_I2_O)        0.098     2.387 f  rocketchip_wrapper/system/system_axi_interconnect_1_0/s00_couplers_imp_8CNLH6/system_axi_interconnect_1_imp_auto_pc_0/system_axi_interconnect_1_imp_auto_pc_0_axi_protocol_converter_v2_1_37_axi_protocol_converter/system_axi_interconnect_1_imp_auto_pc_0_axi_protocol_converter_v2_1_37_axi3_conv/system_axi_interconnect_1_imp_auto_pc_0_axi_protocol_converter_v2_1_37_a_axi3_conv/system_axi_interconnect_1_imp_auto_pc_0_axi_data_fifo_v2_1_36_axic_fifo__parameterized0/system_axi_interconnect_1_imp_auto_pc_0_axi_data_fifo_v2_1_36_fifo_gen__parameterized0/<hidden>/<hidden>/<hidden>/<hidden>/<hidden>
                         net (fo=32, routed)          0.192     2.579    rocketchip_wrapper/system/system_axi_interconnect_1_0/s00_couplers_imp_8CNLH6/system_axi_interconnect_1_imp_auto_pc_0/system_axi_interconnect_1_imp_auto_pc_0_axi_protocol_converter_v2_1_37_axi_protocol_converter/system_axi_interconnect_1_imp_auto_pc_0_axi_protocol_converter_v2_1_37_axi3_conv/system_axi_interconnect_1_imp_auto_pc_0_axi_protocol_converter_v2_1_37_a_axi3_conv/system_axi_interconnect_1_imp_auto_pc_0_axi_data_fifo_v2_1_36_axic_fifo__parameterized0/system_axi_interconnect_1_imp_auto_pc_0_axi_data_fifo_v2_1_36_fifo_gen__parameterized0/<hidden>/<hidden>/<hidden>/<hidden>/<hidden>/<hidden>
    SLICE_X16Y47         FDPE                                         f  rocketchip_wrapper/system/system_axi_interconnect_1_0/s00_couplers_imp_8CNLH6/system_axi_interconnect_1_imp_auto_pc_0/system_axi_interconnect_1_imp_auto_pc_0_axi_protocol_converter_v2_1_37_axi_protocol_converter/system_axi_interconnect_1_imp_auto_pc_0_axi_protocol_converter_v2_1_37_axi3_conv/system_axi_interconnect_1_imp_auto_pc_0_axi_protocol_converter_v2_1_37_a_axi3_conv/system_axi_interconnect_1_imp_auto_pc_0_axi_data_fifo_v2_1_36_axic_fifo__parameterized0/system_axi_interconnect_1_imp_auto_pc_0_axi_data_fifo_v2_1_36_fifo_gen__parameterized0/<hidden>/<hidden>/<hidden>/<hidden>/<hidden>/<hidden>
  -------------------------------------------------------------------    -------------------

                         (clock host_clk_i rise edge)
                                                      0.000     0.000 r  
    H16                                               0.000     0.000 r  clk (IN)
                         net (fo=0)                   0.000     0.000    clk
    H16                  IBUF (Prop_ibuf_I_O)         0.406     0.406 r  ibufg_gclk/O
                         net (fo=1, routed)           0.480     0.886    gclk_i
    MMCME2_ADV_X1Y2      MMCME2_ADV (Prop_mmcme2_adv_CLKIN1_CLKOUT0)
                                                      0.053     0.939 r  MMCME2_BASE_inst/CLKOUT0
                         net (fo=1, routed)           0.752     1.691    host_clk_i
    BUFGCTRL_X0Y16       BUFG (Prop_bufg_I_O)         0.029     1.720 r  bufg_host_clk/O
                         net (fo=10873, routed)       0.866     2.586    rocketchip_wrapper/system/system_axi_interconnect_1_0/s00_couplers_imp_8CNLH6/system_axi_interconnect_1_imp_auto_pc_0/system_axi_interconnect_1_imp_auto_pc_0_axi_protocol_converter_v2_1_37_axi_protocol_converter/system_axi_interconnect_1_imp_auto_pc_0_axi_protocol_converter_v2_1_37_axi3_conv/system_axi_interconnect_1_imp_auto_pc_0_axi_protocol_converter_v2_1_37_a_axi3_conv/system_axi_interconnect_1_imp_auto_pc_0_axi_data_fifo_v2_1_36_axic_fifo__parameterized0/system_axi_interconnect_1_imp_auto_pc_0_axi_data_fifo_v2_1_36_fifo_gen__parameterized0/<hidden>/<hidden>/<hidden>/<hidden>/<hidden>/<hidden>
    SLICE_X16Y47         FDPE                                         r  rocketchip_wrapper/system/system_axi_interconnect_1_0/s00_couplers_imp_8CNLH6/system_axi_interconnect_1_imp_auto_pc_0/system_axi_interconnect_1_imp_auto_pc_0_axi_protocol_converter_v2_1_37_axi_protocol_converter/system_axi_interconnect_1_imp_auto_pc_0_axi_protocol_converter_v2_1_37_axi3_conv/system_axi_interconnect_1_imp_auto_pc_0_axi_protocol_converter_v2_1_37_a_axi3_conv/system_axi_interconnect_1_imp_auto_pc_0_axi_data_fifo_v2_1_36_axic_fifo__parameterized0/system_axi_interconnect_1_imp_auto_pc_0_axi_data_fifo_v2_1_36_fifo_gen__parameterized0/<hidden>/<hidden>/<hidden>/<hidden>/<hidden>/<hidden>
                         clock pessimism             -0.543     2.043    
    SLICE_X16Y47         FDPE (Remov_fdpe_C_PRE)     -0.071     1.972    rocketchip_wrapper/system/system_axi_interconnect_1_0/s00_couplers_imp_8CNLH6/system_axi_interconnect_1_imp_auto_pc_0/system_axi_interconnect_1_imp_auto_pc_0_axi_protocol_converter_v2_1_37_axi_protocol_converter/system_axi_interconnect_1_imp_auto_pc_0_axi_protocol_converter_v2_1_37_axi3_conv/system_axi_interconnect_1_imp_auto_pc_0_axi_protocol_converter_v2_1_37_a_axi3_conv/system_axi_interconnect_1_imp_auto_pc_0_axi_data_fifo_v2_1_36_axic_fifo__parameterized0/system_axi_interconnect_1_imp_auto_pc_0_axi_data_fifo_v2_1_36_fifo_gen__parameterized0/<hidden>/<hidden>/<hidden>/<hidden>/<hidden>/<hidden>
  -------------------------------------------------------------------
                         required time                         -1.972    
                         arrival time                           2.579    
  -------------------------------------------------------------------
                         slack                                  0.606    

Slack (MET) :             0.609ns  (arrival time - required time)
  Source:                 rocketchip_wrapper/system/system_axi_interconnect_1_0/s00_couplers_imp_8CNLH6/system_axi_interconnect_1_imp_auto_pc_0/system_axi_interconnect_1_imp_auto_pc_0_axi_protocol_converter_v2_1_37_axi_protocol_converter/system_axi_interconnect_1_imp_auto_pc_0_axi_protocol_converter_v2_1_37_axi3_conv/system_axi_interconnect_1_imp_auto_pc_0_axi_protocol_converter_v2_1_37_a_axi3_conv__parameterized0/system_axi_interconnect_1_imp_auto_pc_0_axi_data_fifo_v2_1_36_axic_fifo__parameterized1/system_axi_interconnect_1_imp_auto_pc_0_axi_data_fifo_v2_1_36_fifo_gen__parameterized1/<hidden>/<hidden>/<hidden>/<hidden>/<hidden>
                            (rising edge-triggered cell FDRE clocked by host_clk_i  {rise@0.000ns fall@12.500ns period=25.000ns})
  Destination:            rocketchip_wrapper/system/system_axi_interconnect_1_0/s00_couplers_imp_8CNLH6/system_axi_interconnect_1_imp_auto_pc_0/system_axi_interconnect_1_imp_auto_pc_0_axi_protocol_converter_v2_1_37_axi_protocol_converter/system_axi_interconnect_1_imp_auto_pc_0_axi_protocol_converter_v2_1_37_axi3_conv/system_axi_interconnect_1_imp_auto_pc_0_axi_protocol_converter_v2_1_37_a_axi3_conv__parameterized0/system_axi_interconnect_1_imp_auto_pc_0_axi_data_fifo_v2_1_36_axic_fifo__parameterized1/system_axi_interconnect_1_imp_auto_pc_0_axi_data_fifo_v2_1_36_fifo_gen__parameterized1/<hidden>/<hidden>/<hidden>/<hidden>/<hidden>/<hidden>
                            (removal check against rising-edge clock host_clk_i  {rise@0.000ns fall@12.500ns period=25.000ns})
  Path Group:             **async_default**
  Path Type:              Removal (Min at Fast Process Corner)
  Requirement:            0.000ns  (host_clk_i rise@0.000ns - host_clk_i rise@0.000ns)
  Data Path Delay:        0.554ns  (logic 0.186ns (33.590%)  route 0.368ns (66.410%))
  Logic Levels:           1  (LUT3=1)
  Clock Path Skew:        0.016ns (DCD - SCD - CPR)
    Destination Clock Delay (DCD):    2.616ns
    Source Clock Delay      (SCD):    2.057ns
    Clock Pessimism Removal (CPR):    0.543ns

    Location             Delay type                Incr(ns)  Path(ns)    Netlist Resource(s)
  -------------------------------------------------------------------    -------------------
                         (clock host_clk_i rise edge)
                                                      0.000     0.000 r  
    H16                                               0.000     0.000 r  clk (IN)
                         net (fo=0)                   0.000     0.000    clk
    H16                  IBUF (Prop_ibuf_I_O)         0.219     0.219 r  ibufg_gclk/O
                         net (fo=1, routed)           0.440     0.659    gclk_i
    MMCME2_ADV_X1Y2      MMCME2_ADV (Prop_mmcme2_adv_CLKIN1_CLKOUT0)
                                                      0.050     0.709 r  MMCME2_BASE_inst/CLKOUT0
                         net (fo=1, routed)           0.696     1.405    host_clk_i
    BUFGCTRL_X0Y16       BUFG (Prop_bufg_I_O)         0.026     1.431 r  bufg_host_clk/O
                         net (fo=10873, routed)       0.626     2.057    rocketchip_wrapper/system/system_axi_interconnect_1_0/s00_couplers_imp_8CNLH6/system_axi_interconnect_1_imp_auto_pc_0/system_axi_interconnect_1_imp_auto_pc_0_axi_protocol_converter_v2_1_37_axi_protocol_converter/system_axi_interconnect_1_imp_auto_pc_0_axi_protocol_converter_v2_1_37_axi3_conv/system_axi_interconnect_1_imp_auto_pc_0_axi_protocol_converter_v2_1_37_a_axi3_conv__parameterized0/system_axi_interconnect_1_imp_auto_pc_0_axi_data_fifo_v2_1_36_axic_fifo__parameterized1/system_axi_interconnect_1_imp_auto_pc_0_axi_data_fifo_v2_1_36_fifo_gen__parameterized1/<hidden>/<hidden>/<hidden>/<hidden>/<hidden>
    SLICE_X3Y48          FDRE                                         r  rocketchip_wrapper/system/system_axi_interconnect_1_0/s00_couplers_imp_8CNLH6/system_axi_interconnect_1_imp_auto_pc_0/system_axi_interconnect_1_imp_auto_pc_0_axi_protocol_converter_v2_1_37_axi_protocol_converter/system_axi_interconnect_1_imp_auto_pc_0_axi_protocol_converter_v2_1_37_axi3_conv/system_axi_interconnect_1_imp_auto_pc_0_axi_protocol_converter_v2_1_37_a_axi3_conv__parameterized0/system_axi_interconnect_1_imp_auto_pc_0_axi_data_fifo_v2_1_36_axic_fifo__parameterized1/system_axi_interconnect_1_imp_auto_pc_0_axi_data_fifo_v2_1_36_fifo_gen__parameterized1/<hidden>/<hidden>/<hidden>/<hidden>/<hidden>
  -------------------------------------------------------------------    -------------------
    SLICE_X3Y48          FDRE (Prop_fdre_C_Q)         0.141     2.198 f  rocketchip_wrapper/system/system_axi_interconnect_1_0/s00_couplers_imp_8CNLH6/system_axi_interconnect_1_imp_auto_pc_0/system_axi_interconnect_1_imp_auto_pc_0_axi_protocol_converter_v2_1_37_axi_protocol_converter/system_axi_interconnect_1_imp_auto_pc_0_axi_protocol_converter_v2_1_37_axi3_conv/system_axi_interconnect_1_imp_auto_pc_0_axi_protocol_converter_v2_1_37_a_axi3_conv__parameterized0/system_axi_interconnect_1_imp_auto_pc_0_axi_data_fifo_v2_1_36_axic_fifo__parameterized1/system_axi_interconnect_1_imp_auto_pc_0_axi_data_fifo_v2_1_36_fifo_gen__parameterized1/<hidden>/<hidden>/<hidden>/<hidden>/<hidden>
                         net (fo=2, routed)           0.168     2.366    rocketchip_wrapper/system/system_axi_interconnect_1_0/s00_couplers_imp_8CNLH6/system_axi_interconnect_1_imp_auto_pc_0/system_axi_interconnect_1_imp_auto_pc_0_axi_protocol_converter_v2_1_37_axi_protocol_converter/system_axi_interconnect_1_imp_auto_pc_0_axi_protocol_converter_v2_1_37_axi3_conv/system_axi_interconnect_1_imp_auto_pc_0_axi_protocol_converter_v2_1_37_a_axi3_conv__parameterized0/system_axi_interconnect_1_imp_auto_pc_0_axi_data_fifo_v2_1_36_axic_fifo__parameterized1/system_axi_interconnect_1_imp_auto_pc_0_axi_data_fifo_v2_1_36_fifo_gen__parameterized1/<hidden>/<hidden>/<hidden>/<hidden>/<hidden>
    SLICE_X3Y48          LUT3 (Prop_lut3_I1_O)        0.045     2.411 f  rocketchip_wrapper/system/system_axi_interconnect_1_0/s00_couplers_imp_8CNLH6/system_axi_interconnect_1_imp_auto_pc_0/system_axi_interconnect_1_imp_auto_pc_0_axi_protocol_converter_v2_1_37_axi_protocol_converter/system_axi_interconnect_1_imp_auto_pc_0_axi_protocol_converter_v2_1_37_axi3_conv/system_axi_interconnect_1_imp_auto_pc_0_axi_protocol_converter_v2_1_37_a_axi3_conv__parameterized0/system_axi_interconnect_1_imp_auto_pc_0_axi_data_fifo_v2_1_36_axic_fifo__parameterized1/system_axi_interconnect_1_imp_auto_pc_0_axi_data_fifo_v2_1_36_fifo_gen__parameterized1/<hidden>/<hidden>/<hidden>/<hidden>/<hidden>
                         net (fo=33, routed)          0.199     2.611    rocketchip_wrapper/system/system_axi_interconnect_1_0/s00_couplers_imp_8CNLH6/system_axi_interconnect_1_imp_auto_pc_0/system_axi_interconnect_1_imp_auto_pc_0_axi_protocol_converter_v2_1_37_axi_protocol_converter/system_axi_interconnect_1_imp_auto_pc_0_axi_protocol_converter_v2_1_37_axi3_conv/system_axi_interconnect_1_imp_auto_pc_0_axi_protocol_converter_v2_1_37_a_axi3_conv__parameterized0/system_axi_interconnect_1_imp_auto_pc_0_axi_data_fifo_v2_1_36_axic_fifo__parameterized1/system_axi_interconnect_1_imp_auto_pc_0_axi_data_fifo_v2_1_36_fifo_gen__parameterized1/<hidden>/<hidden>/<hidden>/<hidden>/<hidden>/<hidden>
    SLICE_X2Y47          FDPE                                         f  rocketchip_wrapper/system/system_axi_interconnect_1_0/s00_couplers_imp_8CNLH6/system_axi_interconnect_1_imp_auto_pc_0/system_axi_interconnect_1_imp_auto_pc_0_axi_protocol_converter_v2_1_37_axi_protocol_converter/system_axi_interconnect_1_imp_auto_pc_0_axi_protocol_converter_v2_1_37_axi3_conv/system_axi_interconnect_1_imp_auto_pc_0_axi_protocol_converter_v2_1_37_a_axi3_conv__parameterized0/system_axi_interconnect_1_imp_auto_pc_0_axi_data_fifo_v2_1_36_axic_fifo__parameterized1/system_axi_interconnect_1_imp_auto_pc_0_axi_data_fifo_v2_1_36_fifo_gen__parameterized1/<hidden>/<hidden>/<hidden>/<hidden>/<hidden>/<hidden>
  -------------------------------------------------------------------    -------------------

                         (clock host_clk_i rise edge)
                                                      0.000     0.000 r  
    H16                                               0.000     0.000 r  clk (IN)
                         net (fo=0)                   0.000     0.000    clk
    H16                  IBUF (Prop_ibuf_I_O)         0.406     0.406 r  ibufg_gclk/O
                         net (fo=1, routed)           0.480     0.886    gclk_i
    MMCME2_ADV_X1Y2      MMCME2_ADV (Prop_mmcme2_adv_CLKIN1_CLKOUT0)
                                                      0.053     0.939 r  MMCME2_BASE_inst/CLKOUT0
                         net (fo=1, routed)           0.752     1.691    host_clk_i
    BUFGCTRL_X0Y16       BUFG (Prop_bufg_I_O)         0.029     1.720 r  bufg_host_clk/O
                         net (fo=10873, routed)       0.896     2.616    rocketchip_wrapper/system/system_axi_interconnect_1_0/s00_couplers_imp_8CNLH6/system_axi_interconnect_1_imp_auto_pc_0/system_axi_interconnect_1_imp_auto_pc_0_axi_protocol_converter_v2_1_37_axi_protocol_converter/system_axi_interconnect_1_imp_auto_pc_0_axi_protocol_converter_v2_1_37_axi3_conv/system_axi_interconnect_1_imp_auto_pc_0_axi_protocol_converter_v2_1_37_a_axi3_conv__parameterized0/system_axi_interconnect_1_imp_auto_pc_0_axi_data_fifo_v2_1_36_axic_fifo__parameterized1/system_axi_interconnect_1_imp_auto_pc_0_axi_data_fifo_v2_1_36_fifo_gen__parameterized1/<hidden>/<hidden>/<hidden>/<hidden>/<hidden>/<hidden>
    SLICE_X2Y47          FDPE                                         r  rocketchip_wrapper/system/system_axi_interconnect_1_0/s00_couplers_imp_8CNLH6/system_axi_interconnect_1_imp_auto_pc_0/system_axi_interconnect_1_imp_auto_pc_0_axi_protocol_converter_v2_1_37_axi_protocol_converter/system_axi_interconnect_1_imp_auto_pc_0_axi_protocol_converter_v2_1_37_axi3_conv/system_axi_interconnect_1_imp_auto_pc_0_axi_protocol_converter_v2_1_37_a_axi3_conv__parameterized0/system_axi_interconnect_1_imp_auto_pc_0_axi_data_fifo_v2_1_36_axic_fifo__parameterized1/system_axi_interconnect_1_imp_auto_pc_0_axi_data_fifo_v2_1_36_fifo_gen__parameterized1/<hidden>/<hidden>/<hidden>/<hidden>/<hidden>/<hidden>
                         clock pessimism             -0.543     2.073    
    SLICE_X2Y47          FDPE (Remov_fdpe_C_PRE)     -0.071     2.002    rocketchip_wrapper/system/system_axi_interconnect_1_0/s00_couplers_imp_8CNLH6/system_axi_interconnect_1_imp_auto_pc_0/system_axi_interconnect_1_imp_auto_pc_0_axi_protocol_converter_v2_1_37_axi_protocol_converter/system_axi_interconnect_1_imp_auto_pc_0_axi_protocol_converter_v2_1_37_axi3_conv/system_axi_interconnect_1_imp_auto_pc_0_axi_protocol_converter_v2_1_37_a_axi3_conv__parameterized0/system_axi_interconnect_1_imp_auto_pc_0_axi_data_fifo_v2_1_36_axic_fifo__parameterized1/system_axi_interconnect_1_imp_auto_pc_0_axi_data_fifo_v2_1_36_fifo_gen__parameterized1/<hidden>/<hidden>/<hidden>/<hidden>/<hidden>/<hidden>
  -------------------------------------------------------------------
                         required time                         -2.002    
                         arrival time                           2.611    
  -------------------------------------------------------------------
                         slack                                  0.609    

Slack (MET) :             0.622ns  (arrival time - required time)
  Source:                 rocketchip_wrapper/system/system_axi_interconnect_1_0/s00_couplers_imp_8CNLH6/system_axi_interconnect_1_imp_auto_pc_0/system_axi_interconnect_1_imp_auto_pc_0_axi_protocol_converter_v2_1_37_axi_protocol_converter/system_axi_interconnect_1_imp_auto_pc_0_axi_protocol_converter_v2_1_37_axi3_conv/system_axi_interconnect_1_imp_auto_pc_0_axi_protocol_converter_v2_1_37_a_axi3_conv__parameterized0/system_axi_interconnect_1_imp_auto_pc_0_axi_data_fifo_v2_1_36_axic_fifo__parameterized1/system_axi_interconnect_1_imp_auto_pc_0_axi_data_fifo_v2_1_36_fifo_gen__parameterized1/<hidden>/<hidden>/<hidden>/<hidden>/<hidden>
                            (rising edge-triggered cell FDRE clocked by host_clk_i  {rise@0.000ns fall@12.500ns period=25.000ns})
  Destination:            rocketchip_wrapper/system/system_axi_interconnect_1_0/s00_couplers_imp_8CNLH6/system_axi_interconnect_1_imp_auto_pc_0/system_axi_interconnect_1_imp_auto_pc_0_axi_protocol_converter_v2_1_37_axi_protocol_converter/system_axi_interconnect_1_imp_auto_pc_0_axi_protocol_converter_v2_1_37_axi3_conv/system_axi_interconnect_1_imp_auto_pc_0_axi_protocol_converter_v2_1_37_a_axi3_conv__parameterized0/system_axi_interconnect_1_imp_auto_pc_0_axi_data_fifo_v2_1_36_axic_fifo__parameterized1/system_axi_interconnect_1_imp_auto_pc_0_axi_data_fifo_v2_1_36_fifo_gen__parameterized1/<hidden>/<hidden>/<hidden>/<hidden>/<hidden>/<hidden>
                            (removal check against rising-edge clock host_clk_i  {rise@0.000ns fall@12.500ns period=25.000ns})
  Path Group:             **async_default**
  Path Type:              Removal (Min at Fast Process Corner)
  Requirement:            0.000ns  (host_clk_i rise@0.000ns - host_clk_i rise@0.000ns)
  Data Path Delay:        0.566ns  (logic 0.186ns (32.853%)  route 0.380ns (67.147%))
  Logic Levels:           1  (LUT3=1)
  Clock Path Skew:        0.036ns (DCD - SCD - CPR)
    Destination Clock Delay (DCD):    2.615ns
    Source Clock Delay      (SCD):    2.057ns
    Clock Pessimism Removal (CPR):    0.522ns

    Location             Delay type                Incr(ns)  Path(ns)    Netlist Resource(s)
  -------------------------------------------------------------------    -------------------
                         (clock host_clk_i rise edge)
                                                      0.000     0.000 r  
    H16                                               0.000     0.000 r  clk (IN)
                         net (fo=0)                   0.000     0.000    clk
    H16                  IBUF (Prop_ibuf_I_O)         0.219     0.219 r  ibufg_gclk/O
                         net (fo=1, routed)           0.440     0.659    gclk_i
    MMCME2_ADV_X1Y2      MMCME2_ADV (Prop_mmcme2_adv_CLKIN1_CLKOUT0)
                                                      0.050     0.709 r  MMCME2_BASE_inst/CLKOUT0
                         net (fo=1, routed)           0.696     1.405    host_clk_i
    BUFGCTRL_X0Y16       BUFG (Prop_bufg_I_O)         0.026     1.431 r  bufg_host_clk/O
                         net (fo=10873, routed)       0.626     2.057    rocketchip_wrapper/system/system_axi_interconnect_1_0/s00_couplers_imp_8CNLH6/system_axi_interconnect_1_imp_auto_pc_0/system_axi_interconnect_1_imp_auto_pc_0_axi_protocol_converter_v2_1_37_axi_protocol_converter/system_axi_interconnect_1_imp_auto_pc_0_axi_protocol_converter_v2_1_37_axi3_conv/system_axi_interconnect_1_imp_auto_pc_0_axi_protocol_converter_v2_1_37_a_axi3_conv__parameterized0/system_axi_interconnect_1_imp_auto_pc_0_axi_data_fifo_v2_1_36_axic_fifo__parameterized1/system_axi_interconnect_1_imp_auto_pc_0_axi_data_fifo_v2_1_36_fifo_gen__parameterized1/<hidden>/<hidden>/<hidden>/<hidden>/<hidden>
    SLICE_X3Y48          FDRE                                         r  rocketchip_wrapper/system/system_axi_interconnect_1_0/s00_couplers_imp_8CNLH6/system_axi_interconnect_1_imp_auto_pc_0/system_axi_interconnect_1_imp_auto_pc_0_axi_protocol_converter_v2_1_37_axi_protocol_converter/system_axi_interconnect_1_imp_auto_pc_0_axi_protocol_converter_v2_1_37_axi3_conv/system_axi_interconnect_1_imp_auto_pc_0_axi_protocol_converter_v2_1_37_a_axi3_conv__parameterized0/system_axi_interconnect_1_imp_auto_pc_0_axi_data_fifo_v2_1_36_axic_fifo__parameterized1/system_axi_interconnect_1_imp_auto_pc_0_axi_data_fifo_v2_1_36_fifo_gen__parameterized1/<hidden>/<hidden>/<hidden>/<hidden>/<hidden>
  -------------------------------------------------------------------    -------------------
    SLICE_X3Y48          FDRE (Prop_fdre_C_Q)         0.141     2.198 f  rocketchip_wrapper/system/system_axi_interconnect_1_0/s00_couplers_imp_8CNLH6/system_axi_interconnect_1_imp_auto_pc_0/system_axi_interconnect_1_imp_auto_pc_0_axi_protocol_converter_v2_1_37_axi_protocol_converter/system_axi_interconnect_1_imp_auto_pc_0_axi_protocol_converter_v2_1_37_axi3_conv/system_axi_interconnect_1_imp_auto_pc_0_axi_protocol_converter_v2_1_37_a_axi3_conv__parameterized0/system_axi_interconnect_1_imp_auto_pc_0_axi_data_fifo_v2_1_36_axic_fifo__parameterized1/system_axi_interconnect_1_imp_auto_pc_0_axi_data_fifo_v2_1_36_fifo_gen__parameterized1/<hidden>/<hidden>/<hidden>/<hidden>/<hidden>
                         net (fo=2, routed)           0.168     2.366    rocketchip_wrapper/system/system_axi_interconnect_1_0/s00_couplers_imp_8CNLH6/system_axi_interconnect_1_imp_auto_pc_0/system_axi_interconnect_1_imp_auto_pc_0_axi_protocol_converter_v2_1_37_axi_protocol_converter/system_axi_interconnect_1_imp_auto_pc_0_axi_protocol_converter_v2_1_37_axi3_conv/system_axi_interconnect_1_imp_auto_pc_0_axi_protocol_converter_v2_1_37_a_axi3_conv__parameterized0/system_axi_interconnect_1_imp_auto_pc_0_axi_data_fifo_v2_1_36_axic_fifo__parameterized1/system_axi_interconnect_1_imp_auto_pc_0_axi_data_fifo_v2_1_36_fifo_gen__parameterized1/<hidden>/<hidden>/<hidden>/<hidden>/<hidden>
    SLICE_X3Y48          LUT3 (Prop_lut3_I1_O)        0.045     2.411 f  rocketchip_wrapper/system/system_axi_interconnect_1_0/s00_couplers_imp_8CNLH6/system_axi_interconnect_1_imp_auto_pc_0/system_axi_interconnect_1_imp_auto_pc_0_axi_protocol_converter_v2_1_37_axi_protocol_converter/system_axi_interconnect_1_imp_auto_pc_0_axi_protocol_converter_v2_1_37_axi3_conv/system_axi_interconnect_1_imp_auto_pc_0_axi_protocol_converter_v2_1_37_a_axi3_conv__parameterized0/system_axi_interconnect_1_imp_auto_pc_0_axi_data_fifo_v2_1_36_axic_fifo__parameterized1/system_axi_interconnect_1_imp_auto_pc_0_axi_data_fifo_v2_1_36_fifo_gen__parameterized1/<hidden>/<hidden>/<hidden>/<hidden>/<hidden>
                         net (fo=33, routed)          0.212     2.623    rocketchip_wrapper/system/system_axi_interconnect_1_0/s00_couplers_imp_8CNLH6/system_axi_interconnect_1_imp_auto_pc_0/system_axi_interconnect_1_imp_auto_pc_0_axi_protocol_converter_v2_1_37_axi_protocol_converter/system_axi_interconnect_1_imp_auto_pc_0_axi_protocol_converter_v2_1_37_axi3_conv/system_axi_interconnect_1_imp_auto_pc_0_axi_protocol_converter_v2_1_37_a_axi3_conv__parameterized0/system_axi_interconnect_1_imp_auto_pc_0_axi_data_fifo_v2_1_36_axic_fifo__parameterized1/system_axi_interconnect_1_imp_auto_pc_0_axi_data_fifo_v2_1_36_fifo_gen__parameterized1/<hidden>/<hidden>/<hidden>/<hidden>/<hidden>/<hidden>
    SLICE_X5Y48          FDCE                                         f  rocketchip_wrapper/system/system_axi_interconnect_1_0/s00_couplers_imp_8CNLH6/system_axi_interconnect_1_imp_auto_pc_0/system_axi_interconnect_1_imp_auto_pc_0_axi_protocol_converter_v2_1_37_axi_protocol_converter/system_axi_interconnect_1_imp_auto_pc_0_axi_protocol_converter_v2_1_37_axi3_conv/system_axi_interconnect_1_imp_auto_pc_0_axi_protocol_converter_v2_1_37_a_axi3_conv__parameterized0/system_axi_interconnect_1_imp_auto_pc_0_axi_data_fifo_v2_1_36_axic_fifo__parameterized1/system_axi_interconnect_1_imp_auto_pc_0_axi_data_fifo_v2_1_36_fifo_gen__parameterized1/<hidden>/<hidden>/<hidden>/<hidden>/<hidden>/<hidden>
  -------------------------------------------------------------------    -------------------

                         (clock host_clk_i rise edge)
                                                      0.000     0.000 r  
    H16                                               0.000     0.000 r  clk (IN)
                         net (fo=0)                   0.000     0.000    clk
    H16                  IBUF (Prop_ibuf_I_O)         0.406     0.406 r  ibufg_gclk/O
                         net (fo=1, routed)           0.480     0.886    gclk_i
    MMCME2_ADV_X1Y2      MMCME2_ADV (Prop_mmcme2_adv_CLKIN1_CLKOUT0)
                                                      0.053     0.939 r  MMCME2_BASE_inst/CLKOUT0
                         net (fo=1, routed)           0.752     1.691    host_clk_i
    BUFGCTRL_X0Y16       BUFG (Prop_bufg_I_O)         0.029     1.720 r  bufg_host_clk/O
                         net (fo=10873, routed)       0.895     2.615    rocketchip_wrapper/system/system_axi_interconnect_1_0/s00_couplers_imp_8CNLH6/system_axi_interconnect_1_imp_auto_pc_0/system_axi_interconnect_1_imp_auto_pc_0_axi_protocol_converter_v2_1_37_axi_protocol_converter/system_axi_interconnect_1_imp_auto_pc_0_axi_protocol_converter_v2_1_37_axi3_conv/system_axi_interconnect_1_imp_auto_pc_0_axi_protocol_converter_v2_1_37_a_axi3_conv__parameterized0/system_axi_interconnect_1_imp_auto_pc_0_axi_data_fifo_v2_1_36_axic_fifo__parameterized1/system_axi_interconnect_1_imp_auto_pc_0_axi_data_fifo_v2_1_36_fifo_gen__parameterized1/<hidden>/<hidden>/<hidden>/<hidden>/<hidden>/<hidden>
    SLICE_X5Y48          FDCE                                         r  rocketchip_wrapper/system/system_axi_interconnect_1_0/s00_couplers_imp_8CNLH6/system_axi_interconnect_1_imp_auto_pc_0/system_axi_interconnect_1_imp_auto_pc_0_axi_protocol_converter_v2_1_37_axi_protocol_converter/system_axi_interconnect_1_imp_auto_pc_0_axi_protocol_converter_v2_1_37_axi3_conv/system_axi_interconnect_1_imp_auto_pc_0_axi_protocol_converter_v2_1_37_a_axi3_conv__parameterized0/system_axi_interconnect_1_imp_auto_pc_0_axi_data_fifo_v2_1_36_axic_fifo__parameterized1/system_axi_interconnect_1_imp_auto_pc_0_axi_data_fifo_v2_1_36_fifo_gen__parameterized1/<hidden>/<hidden>/<hidden>/<hidden>/<hidden>/<hidden>
                         clock pessimism             -0.522     2.093    
    SLICE_X5Y48          FDCE (Remov_fdce_C_CLR)     -0.092     2.001    rocketchip_wrapper/system/system_axi_interconnect_1_0/s00_couplers_imp_8CNLH6/system_axi_interconnect_1_imp_auto_pc_0/system_axi_interconnect_1_imp_auto_pc_0_axi_protocol_converter_v2_1_37_axi_protocol_converter/system_axi_interconnect_1_imp_auto_pc_0_axi_protocol_converter_v2_1_37_axi3_conv/system_axi_interconnect_1_imp_auto_pc_0_axi_protocol_converter_v2_1_37_a_axi3_conv__parameterized0/system_axi_interconnect_1_imp_auto_pc_0_axi_data_fifo_v2_1_36_axic_fifo__parameterized1/system_axi_interconnect_1_imp_auto_pc_0_axi_data_fifo_v2_1_36_fifo_gen__parameterized1/<hidden>/<hidden>/<hidden>/<hidden>/<hidden>/<hidden>
  -------------------------------------------------------------------
                         required time                         -2.001    
                         arrival time                           2.623    
  -------------------------------------------------------------------
                         slack                                  0.622    

Slack (MET) :             0.622ns  (arrival time - required time)
  Source:                 rocketchip_wrapper/system/system_axi_interconnect_1_0/s00_couplers_imp_8CNLH6/system_axi_interconnect_1_imp_auto_pc_0/system_axi_interconnect_1_imp_auto_pc_0_axi_protocol_converter_v2_1_37_axi_protocol_converter/system_axi_interconnect_1_imp_auto_pc_0_axi_protocol_converter_v2_1_37_axi3_conv/system_axi_interconnect_1_imp_auto_pc_0_axi_protocol_converter_v2_1_37_a_axi3_conv__parameterized0/system_axi_interconnect_1_imp_auto_pc_0_axi_data_fifo_v2_1_36_axic_fifo__parameterized1/system_axi_interconnect_1_imp_auto_pc_0_axi_data_fifo_v2_1_36_fifo_gen__parameterized1/<hidden>/<hidden>/<hidden>/<hidden>/<hidden>
                            (rising edge-triggered cell FDRE clocked by host_clk_i  {rise@0.000ns fall@12.500ns period=25.000ns})
  Destination:            rocketchip_wrapper/system/system_axi_interconnect_1_0/s00_couplers_imp_8CNLH6/system_axi_interconnect_1_imp_auto_pc_0/system_axi_interconnect_1_imp_auto_pc_0_axi_protocol_converter_v2_1_37_axi_protocol_converter/system_axi_interconnect_1_imp_auto_pc_0_axi_protocol_converter_v2_1_37_axi3_conv/system_axi_interconnect_1_imp_auto_pc_0_axi_protocol_converter_v2_1_37_a_axi3_conv__parameterized0/system_axi_interconnect_1_imp_auto_pc_0_axi_data_fifo_v2_1_36_axic_fifo__parameterized1/system_axi_interconnect_1_imp_auto_pc_0_axi_data_fifo_v2_1_36_fifo_gen__parameterized1/<hidden>/<hidden>/<hidden>/<hidden>/<hidden>/<hidden>
                            (removal check against rising-edge clock host_clk_i  {rise@0.000ns fall@12.500ns period=25.000ns})
  Path Group:             **async_default**
  Path Type:              Removal (Min at Fast Process Corner)
  Requirement:            0.000ns  (host_clk_i rise@0.000ns - host_clk_i rise@0.000ns)
  Data Path Delay:        0.566ns  (logic 0.186ns (32.853%)  route 0.380ns (67.147%))
  Logic Levels:           1  (LUT3=1)
  Clock Path Skew:        0.036ns (DCD - SCD - CPR)
    Destination Clock Delay (DCD):    2.615ns
    Source Clock Delay      (SCD):    2.057ns
    Clock Pessimism Removal (CPR):    0.522ns

    Location             Delay type                Incr(ns)  Path(ns)    Netlist Resource(s)
  -------------------------------------------------------------------    -------------------
                         (clock host_clk_i rise edge)
                                                      0.000     0.000 r  
    H16                                               0.000     0.000 r  clk (IN)
                         net (fo=0)                   0.000     0.000    clk
    H16                  IBUF (Prop_ibuf_I_O)         0.219     0.219 r  ibufg_gclk/O
                         net (fo=1, routed)           0.440     0.659    gclk_i
    MMCME2_ADV_X1Y2      MMCME2_ADV (Prop_mmcme2_adv_CLKIN1_CLKOUT0)
                                                      0.050     0.709 r  MMCME2_BASE_inst/CLKOUT0
                         net (fo=1, routed)           0.696     1.405    host_clk_i
    BUFGCTRL_X0Y16       BUFG (Prop_bufg_I_O)         0.026     1.431 r  bufg_host_clk/O
                         net (fo=10873, routed)       0.626     2.057    rocketchip_wrapper/system/system_axi_interconnect_1_0/s00_couplers_imp_8CNLH6/system_axi_interconnect_1_imp_auto_pc_0/system_axi_interconnect_1_imp_auto_pc_0_axi_protocol_converter_v2_1_37_axi_protocol_converter/system_axi_interconnect_1_imp_auto_pc_0_axi_protocol_converter_v2_1_37_axi3_conv/system_axi_interconnect_1_imp_auto_pc_0_axi_protocol_converter_v2_1_37_a_axi3_conv__parameterized0/system_axi_interconnect_1_imp_auto_pc_0_axi_data_fifo_v2_1_36_axic_fifo__parameterized1/system_axi_interconnect_1_imp_auto_pc_0_axi_data_fifo_v2_1_36_fifo_gen__parameterized1/<hidden>/<hidden>/<hidden>/<hidden>/<hidden>
    SLICE_X3Y48          FDRE                                         r  rocketchip_wrapper/system/system_axi_interconnect_1_0/s00_couplers_imp_8CNLH6/system_axi_interconnect_1_imp_auto_pc_0/system_axi_interconnect_1_imp_auto_pc_0_axi_protocol_converter_v2_1_37_axi_protocol_converter/system_axi_interconnect_1_imp_auto_pc_0_axi_protocol_converter_v2_1_37_axi3_conv/system_axi_interconnect_1_imp_auto_pc_0_axi_protocol_converter_v2_1_37_a_axi3_conv__parameterized0/system_axi_interconnect_1_imp_auto_pc_0_axi_data_fifo_v2_1_36_axic_fifo__parameterized1/system_axi_interconnect_1_imp_auto_pc_0_axi_data_fifo_v2_1_36_fifo_gen__parameterized1/<hidden>/<hidden>/<hidden>/<hidden>/<hidden>
  -------------------------------------------------------------------    -------------------
    SLICE_X3Y48          FDRE (Prop_fdre_C_Q)         0.141     2.198 f  rocketchip_wrapper/system/system_axi_interconnect_1_0/s00_couplers_imp_8CNLH6/system_axi_interconnect_1_imp_auto_pc_0/system_axi_interconnect_1_imp_auto_pc_0_axi_protocol_converter_v2_1_37_axi_protocol_converter/system_axi_interconnect_1_imp_auto_pc_0_axi_protocol_converter_v2_1_37_axi3_conv/system_axi_interconnect_1_imp_auto_pc_0_axi_protocol_converter_v2_1_37_a_axi3_conv__parameterized0/system_axi_interconnect_1_imp_auto_pc_0_axi_data_fifo_v2_1_36_axic_fifo__parameterized1/system_axi_interconnect_1_imp_auto_pc_0_axi_data_fifo_v2_1_36_fifo_gen__parameterized1/<hidden>/<hidden>/<hidden>/<hidden>/<hidden>
                         net (fo=2, routed)           0.168     2.366    rocketchip_wrapper/system/system_axi_interconnect_1_0/s00_couplers_imp_8CNLH6/system_axi_interconnect_1_imp_auto_pc_0/system_axi_interconnect_1_imp_auto_pc_0_axi_protocol_converter_v2_1_37_axi_protocol_converter/system_axi_interconnect_1_imp_auto_pc_0_axi_protocol_converter_v2_1_37_axi3_conv/system_axi_interconnect_1_imp_auto_pc_0_axi_protocol_converter_v2_1_37_a_axi3_conv__parameterized0/system_axi_interconnect_1_imp_auto_pc_0_axi_data_fifo_v2_1_36_axic_fifo__parameterized1/system_axi_interconnect_1_imp_auto_pc_0_axi_data_fifo_v2_1_36_fifo_gen__parameterized1/<hidden>/<hidden>/<hidden>/<hidden>/<hidden>
    SLICE_X3Y48          LUT3 (Prop_lut3_I1_O)        0.045     2.411 f  rocketchip_wrapper/system/system_axi_interconnect_1_0/s00_couplers_imp_8CNLH6/system_axi_interconnect_1_imp_auto_pc_0/system_axi_interconnect_1_imp_auto_pc_0_axi_protocol_converter_v2_1_37_axi_protocol_converter/system_axi_interconnect_1_imp_auto_pc_0_axi_protocol_converter_v2_1_37_axi3_conv/system_axi_interconnect_1_imp_auto_pc_0_axi_protocol_converter_v2_1_37_a_axi3_conv__parameterized0/system_axi_interconnect_1_imp_auto_pc_0_axi_data_fifo_v2_1_36_axic_fifo__parameterized1/system_axi_interconnect_1_imp_auto_pc_0_axi_data_fifo_v2_1_36_fifo_gen__parameterized1/<hidden>/<hidden>/<hidden>/<hidden>/<hidden>
                         net (fo=33, routed)          0.212     2.623    rocketchip_wrapper/system/system_axi_interconnect_1_0/s00_couplers_imp_8CNLH6/system_axi_interconnect_1_imp_auto_pc_0/system_axi_interconnect_1_imp_auto_pc_0_axi_protocol_converter_v2_1_37_axi_protocol_converter/system_axi_interconnect_1_imp_auto_pc_0_axi_protocol_converter_v2_1_37_axi3_conv/system_axi_interconnect_1_imp_auto_pc_0_axi_protocol_converter_v2_1_37_a_axi3_conv__parameterized0/system_axi_interconnect_1_imp_auto_pc_0_axi_data_fifo_v2_1_36_axic_fifo__parameterized1/system_axi_interconnect_1_imp_auto_pc_0_axi_data_fifo_v2_1_36_fifo_gen__parameterized1/<hidden>/<hidden>/<hidden>/<hidden>/<hidden>/<hidden>
    SLICE_X5Y48          FDCE                                         f  rocketchip_wrapper/system/system_axi_interconnect_1_0/s00_couplers_imp_8CNLH6/system_axi_interconnect_1_imp_auto_pc_0/system_axi_interconnect_1_imp_auto_pc_0_axi_protocol_converter_v2_1_37_axi_protocol_converter/system_axi_interconnect_1_imp_auto_pc_0_axi_protocol_converter_v2_1_37_axi3_conv/system_axi_interconnect_1_imp_auto_pc_0_axi_protocol_converter_v2_1_37_a_axi3_conv__parameterized0/system_axi_interconnect_1_imp_auto_pc_0_axi_data_fifo_v2_1_36_axic_fifo__parameterized1/system_axi_interconnect_1_imp_auto_pc_0_axi_data_fifo_v2_1_36_fifo_gen__parameterized1/<hidden>/<hidden>/<hidden>/<hidden>/<hidden>/<hidden>
  -------------------------------------------------------------------    -------------------

                         (clock host_clk_i rise edge)
                                                      0.000     0.000 r  
    H16                                               0.000     0.000 r  clk (IN)
                         net (fo=0)                   0.000     0.000    clk
    H16                  IBUF (Prop_ibuf_I_O)         0.406     0.406 r  ibufg_gclk/O
                         net (fo=1, routed)           0.480     0.886    gclk_i
    MMCME2_ADV_X1Y2      MMCME2_ADV (Prop_mmcme2_adv_CLKIN1_CLKOUT0)
                                                      0.053     0.939 r  MMCME2_BASE_inst/CLKOUT0
                         net (fo=1, routed)           0.752     1.691    host_clk_i
    BUFGCTRL_X0Y16       BUFG (Prop_bufg_I_O)         0.029     1.720 r  bufg_host_clk/O
                         net (fo=10873, routed)       0.895     2.615    rocketchip_wrapper/system/system_axi_interconnect_1_0/s00_couplers_imp_8CNLH6/system_axi_interconnect_1_imp_auto_pc_0/system_axi_interconnect_1_imp_auto_pc_0_axi_protocol_converter_v2_1_37_axi_protocol_converter/system_axi_interconnect_1_imp_auto_pc_0_axi_protocol_converter_v2_1_37_axi3_conv/system_axi_interconnect_1_imp_auto_pc_0_axi_protocol_converter_v2_1_37_a_axi3_conv__parameterized0/system_axi_interconnect_1_imp_auto_pc_0_axi_data_fifo_v2_1_36_axic_fifo__parameterized1/system_axi_interconnect_1_imp_auto_pc_0_axi_data_fifo_v2_1_36_fifo_gen__parameterized1/<hidden>/<hidden>/<hidden>/<hidden>/<hidden>/<hidden>
    SLICE_X5Y48          FDCE                                         r  rocketchip_wrapper/system/system_axi_interconnect_1_0/s00_couplers_imp_8CNLH6/system_axi_interconnect_1_imp_auto_pc_0/system_axi_interconnect_1_imp_auto_pc_0_axi_protocol_converter_v2_1_37_axi_protocol_converter/system_axi_interconnect_1_imp_auto_pc_0_axi_protocol_converter_v2_1_37_axi3_conv/system_axi_interconnect_1_imp_auto_pc_0_axi_protocol_converter_v2_1_37_a_axi3_conv__parameterized0/system_axi_interconnect_1_imp_auto_pc_0_axi_data_fifo_v2_1_36_axic_fifo__parameterized1/system_axi_interconnect_1_imp_auto_pc_0_axi_data_fifo_v2_1_36_fifo_gen__parameterized1/<hidden>/<hidden>/<hidden>/<hidden>/<hidden>/<hidden>
                         clock pessimism             -0.522     2.093    
    SLICE_X5Y48          FDCE (Remov_fdce_C_CLR)     -0.092     2.001    rocketchip_wrapper/system/system_axi_interconnect_1_0/s00_couplers_imp_8CNLH6/system_axi_interconnect_1_imp_auto_pc_0/system_axi_interconnect_1_imp_auto_pc_0_axi_protocol_converter_v2_1_37_axi_protocol_converter/system_axi_interconnect_1_imp_auto_pc_0_axi_protocol_converter_v2_1_37_axi3_conv/system_axi_interconnect_1_imp_auto_pc_0_axi_protocol_converter_v2_1_37_a_axi3_conv__parameterized0/system_axi_interconnect_1_imp_auto_pc_0_axi_data_fifo_v2_1_36_axic_fifo__parameterized1/system_axi_interconnect_1_imp_auto_pc_0_axi_data_fifo_v2_1_36_fifo_gen__parameterized1/<hidden>/<hidden>/<hidden>/<hidden>/<hidden>/<hidden>
  -------------------------------------------------------------------
                         required time                         -2.001    
                         arrival time                           2.623    
  -------------------------------------------------------------------
                         slack                                  0.622    

Slack (MET) :             0.622ns  (arrival time - required time)
  Source:                 rocketchip_wrapper/system/system_axi_interconnect_1_0/s00_couplers_imp_8CNLH6/system_axi_interconnect_1_imp_auto_pc_0/system_axi_interconnect_1_imp_auto_pc_0_axi_protocol_converter_v2_1_37_axi_protocol_converter/system_axi_interconnect_1_imp_auto_pc_0_axi_protocol_converter_v2_1_37_axi3_conv/system_axi_interconnect_1_imp_auto_pc_0_axi_protocol_converter_v2_1_37_a_axi3_conv__parameterized0/system_axi_interconnect_1_imp_auto_pc_0_axi_data_fifo_v2_1_36_axic_fifo__parameterized1/system_axi_interconnect_1_imp_auto_pc_0_axi_data_fifo_v2_1_36_fifo_gen__parameterized1/<hidden>/<hidden>/<hidden>/<hidden>/<hidden>
                            (rising edge-triggered cell FDRE clocked by host_clk_i  {rise@0.000ns fall@12.500ns period=25.000ns})
  Destination:            rocketchip_wrapper/system/system_axi_interconnect_1_0/s00_couplers_imp_8CNLH6/system_axi_interconnect_1_imp_auto_pc_0/system_axi_interconnect_1_imp_auto_pc_0_axi_protocol_converter_v2_1_37_axi_protocol_converter/system_axi_interconnect_1_imp_auto_pc_0_axi_protocol_converter_v2_1_37_axi3_conv/system_axi_interconnect_1_imp_auto_pc_0_axi_protocol_converter_v2_1_37_a_axi3_conv__parameterized0/system_axi_interconnect_1_imp_auto_pc_0_axi_data_fifo_v2_1_36_axic_fifo__parameterized1/system_axi_interconnect_1_imp_auto_pc_0_axi_data_fifo_v2_1_36_fifo_gen__parameterized1/<hidden>/<hidden>/<hidden>/<hidden>/<hidden>/<hidden>
                            (removal check against rising-edge clock host_clk_i  {rise@0.000ns fall@12.500ns period=25.000ns})
  Path Group:             **async_default**
  Path Type:              Removal (Min at Fast Process Corner)
  Requirement:            0.000ns  (host_clk_i rise@0.000ns - host_clk_i rise@0.000ns)
  Data Path Delay:        0.566ns  (logic 0.186ns (32.853%)  route 0.380ns (67.147%))
  Logic Levels:           1  (LUT3=1)
  Clock Path Skew:        0.036ns (DCD - SCD - CPR)
    Destination Clock Delay (DCD):    2.615ns
    Source Clock Delay      (SCD):    2.057ns
    Clock Pessimism Removal (CPR):    0.522ns

    Location             Delay type                Incr(ns)  Path(ns)    Netlist Resource(s)
  -------------------------------------------------------------------    -------------------
                         (clock host_clk_i rise edge)
                                                      0.000     0.000 r  
    H16                                               0.000     0.000 r  clk (IN)
                         net (fo=0)                   0.000     0.000    clk
    H16                  IBUF (Prop_ibuf_I_O)         0.219     0.219 r  ibufg_gclk/O
                         net (fo=1, routed)           0.440     0.659    gclk_i
    MMCME2_ADV_X1Y2      MMCME2_ADV (Prop_mmcme2_adv_CLKIN1_CLKOUT0)
                                                      0.050     0.709 r  MMCME2_BASE_inst/CLKOUT0
                         net (fo=1, routed)           0.696     1.405    host_clk_i
    BUFGCTRL_X0Y16       BUFG (Prop_bufg_I_O)         0.026     1.431 r  bufg_host_clk/O
                         net (fo=10873, routed)       0.626     2.057    rocketchip_wrapper/system/system_axi_interconnect_1_0/s00_couplers_imp_8CNLH6/system_axi_interconnect_1_imp_auto_pc_0/system_axi_interconnect_1_imp_auto_pc_0_axi_protocol_converter_v2_1_37_axi_protocol_converter/system_axi_interconnect_1_imp_auto_pc_0_axi_protocol_converter_v2_1_37_axi3_conv/system_axi_interconnect_1_imp_auto_pc_0_axi_protocol_converter_v2_1_37_a_axi3_conv__parameterized0/system_axi_interconnect_1_imp_auto_pc_0_axi_data_fifo_v2_1_36_axic_fifo__parameterized1/system_axi_interconnect_1_imp_auto_pc_0_axi_data_fifo_v2_1_36_fifo_gen__parameterized1/<hidden>/<hidden>/<hidden>/<hidden>/<hidden>
    SLICE_X3Y48          FDRE                                         r  rocketchip_wrapper/system/system_axi_interconnect_1_0/s00_couplers_imp_8CNLH6/system_axi_interconnect_1_imp_auto_pc_0/system_axi_interconnect_1_imp_auto_pc_0_axi_protocol_converter_v2_1_37_axi_protocol_converter/system_axi_interconnect_1_imp_auto_pc_0_axi_protocol_converter_v2_1_37_axi3_conv/system_axi_interconnect_1_imp_auto_pc_0_axi_protocol_converter_v2_1_37_a_axi3_conv__parameterized0/system_axi_interconnect_1_imp_auto_pc_0_axi_data_fifo_v2_1_36_axic_fifo__parameterized1/system_axi_interconnect_1_imp_auto_pc_0_axi_data_fifo_v2_1_36_fifo_gen__parameterized1/<hidden>/<hidden>/<hidden>/<hidden>/<hidden>
  -------------------------------------------------------------------    -------------------
    SLICE_X3Y48          FDRE (Prop_fdre_C_Q)         0.141     2.198 f  rocketchip_wrapper/system/system_axi_interconnect_1_0/s00_couplers_imp_8CNLH6/system_axi_interconnect_1_imp_auto_pc_0/system_axi_interconnect_1_imp_auto_pc_0_axi_protocol_converter_v2_1_37_axi_protocol_converter/system_axi_interconnect_1_imp_auto_pc_0_axi_protocol_converter_v2_1_37_axi3_conv/system_axi_interconnect_1_imp_auto_pc_0_axi_protocol_converter_v2_1_37_a_axi3_conv__parameterized0/system_axi_interconnect_1_imp_auto_pc_0_axi_data_fifo_v2_1_36_axic_fifo__parameterized1/system_axi_interconnect_1_imp_auto_pc_0_axi_data_fifo_v2_1_36_fifo_gen__parameterized1/<hidden>/<hidden>/<hidden>/<hidden>/<hidden>
                         net (fo=2, routed)           0.168     2.366    rocketchip_wrapper/system/system_axi_interconnect_1_0/s00_couplers_imp_8CNLH6/system_axi_interconnect_1_imp_auto_pc_0/system_axi_interconnect_1_imp_auto_pc_0_axi_protocol_converter_v2_1_37_axi_protocol_converter/system_axi_interconnect_1_imp_auto_pc_0_axi_protocol_converter_v2_1_37_axi3_conv/system_axi_interconnect_1_imp_auto_pc_0_axi_protocol_converter_v2_1_37_a_axi3_conv__parameterized0/system_axi_interconnect_1_imp_auto_pc_0_axi_data_fifo_v2_1_36_axic_fifo__parameterized1/system_axi_interconnect_1_imp_auto_pc_0_axi_data_fifo_v2_1_36_fifo_gen__parameterized1/<hidden>/<hidden>/<hidden>/<hidden>/<hidden>
    SLICE_X3Y48          LUT3 (Prop_lut3_I1_O)        0.045     2.411 f  rocketchip_wrapper/system/system_axi_interconnect_1_0/s00_couplers_imp_8CNLH6/system_axi_interconnect_1_imp_auto_pc_0/system_axi_interconnect_1_imp_auto_pc_0_axi_protocol_converter_v2_1_37_axi_protocol_converter/system_axi_interconnect_1_imp_auto_pc_0_axi_protocol_converter_v2_1_37_axi3_conv/system_axi_interconnect_1_imp_auto_pc_0_axi_protocol_converter_v2_1_37_a_axi3_conv__parameterized0/system_axi_interconnect_1_imp_auto_pc_0_axi_data_fifo_v2_1_36_axic_fifo__parameterized1/system_axi_interconnect_1_imp_auto_pc_0_axi_data_fifo_v2_1_36_fifo_gen__parameterized1/<hidden>/<hidden>/<hidden>/<hidden>/<hidden>
                         net (fo=33, routed)          0.212     2.623    rocketchip_wrapper/system/system_axi_interconnect_1_0/s00_couplers_imp_8CNLH6/system_axi_interconnect_1_imp_auto_pc_0/system_axi_interconnect_1_imp_auto_pc_0_axi_protocol_converter_v2_1_37_axi_protocol_converter/system_axi_interconnect_1_imp_auto_pc_0_axi_protocol_converter_v2_1_37_axi3_conv/system_axi_interconnect_1_imp_auto_pc_0_axi_protocol_converter_v2_1_37_a_axi3_conv__parameterized0/system_axi_interconnect_1_imp_auto_pc_0_axi_data_fifo_v2_1_36_axic_fifo__parameterized1/system_axi_interconnect_1_imp_auto_pc_0_axi_data_fifo_v2_1_36_fifo_gen__parameterized1/<hidden>/<hidden>/<hidden>/<hidden>/<hidden>/<hidden>
    SLICE_X5Y48          FDCE                                         f  rocketchip_wrapper/system/system_axi_interconnect_1_0/s00_couplers_imp_8CNLH6/system_axi_interconnect_1_imp_auto_pc_0/system_axi_interconnect_1_imp_auto_pc_0_axi_protocol_converter_v2_1_37_axi_protocol_converter/system_axi_interconnect_1_imp_auto_pc_0_axi_protocol_converter_v2_1_37_axi3_conv/system_axi_interconnect_1_imp_auto_pc_0_axi_protocol_converter_v2_1_37_a_axi3_conv__parameterized0/system_axi_interconnect_1_imp_auto_pc_0_axi_data_fifo_v2_1_36_axic_fifo__parameterized1/system_axi_interconnect_1_imp_auto_pc_0_axi_data_fifo_v2_1_36_fifo_gen__parameterized1/<hidden>/<hidden>/<hidden>/<hidden>/<hidden>/<hidden>
  -------------------------------------------------------------------    -------------------

                         (clock host_clk_i rise edge)
                                                      0.000     0.000 r  
    H16                                               0.000     0.000 r  clk (IN)
                         net (fo=0)                   0.000     0.000    clk
    H16                  IBUF (Prop_ibuf_I_O)         0.406     0.406 r  ibufg_gclk/O
                         net (fo=1, routed)           0.480     0.886    gclk_i
    MMCME2_ADV_X1Y2      MMCME2_ADV (Prop_mmcme2_adv_CLKIN1_CLKOUT0)
                                                      0.053     0.939 r  MMCME2_BASE_inst/CLKOUT0
                         net (fo=1, routed)           0.752     1.691    host_clk_i
    BUFGCTRL_X0Y16       BUFG (Prop_bufg_I_O)         0.029     1.720 r  bufg_host_clk/O
                         net (fo=10873, routed)       0.895     2.615    rocketchip_wrapper/system/system_axi_interconnect_1_0/s00_couplers_imp_8CNLH6/system_axi_interconnect_1_imp_auto_pc_0/system_axi_interconnect_1_imp_auto_pc_0_axi_protocol_converter_v2_1_37_axi_protocol_converter/system_axi_interconnect_1_imp_auto_pc_0_axi_protocol_converter_v2_1_37_axi3_conv/system_axi_interconnect_1_imp_auto_pc_0_axi_protocol_converter_v2_1_37_a_axi3_conv__parameterized0/system_axi_interconnect_1_imp_auto_pc_0_axi_data_fifo_v2_1_36_axic_fifo__parameterized1/system_axi_interconnect_1_imp_auto_pc_0_axi_data_fifo_v2_1_36_fifo_gen__parameterized1/<hidden>/<hidden>/<hidden>/<hidden>/<hidden>/<hidden>
    SLICE_X5Y48          FDCE                                         r  rocketchip_wrapper/system/system_axi_interconnect_1_0/s00_couplers_imp_8CNLH6/system_axi_interconnect_1_imp_auto_pc_0/system_axi_interconnect_1_imp_auto_pc_0_axi_protocol_converter_v2_1_37_axi_protocol_converter/system_axi_interconnect_1_imp_auto_pc_0_axi_protocol_converter_v2_1_37_axi3_conv/system_axi_interconnect_1_imp_auto_pc_0_axi_protocol_converter_v2_1_37_a_axi3_conv__parameterized0/system_axi_interconnect_1_imp_auto_pc_0_axi_data_fifo_v2_1_36_axic_fifo__parameterized1/system_axi_interconnect_1_imp_auto_pc_0_axi_data_fifo_v2_1_36_fifo_gen__parameterized1/<hidden>/<hidden>/<hidden>/<hidden>/<hidden>/<hidden>
                         clock pessimism             -0.522     2.093    
    SLICE_X5Y48          FDCE (Remov_fdce_C_CLR)     -0.092     2.001    rocketchip_wrapper/system/system_axi_interconnect_1_0/s00_couplers_imp_8CNLH6/system_axi_interconnect_1_imp_auto_pc_0/system_axi_interconnect_1_imp_auto_pc_0_axi_protocol_converter_v2_1_37_axi_protocol_converter/system_axi_interconnect_1_imp_auto_pc_0_axi_protocol_converter_v2_1_37_axi3_conv/system_axi_interconnect_1_imp_auto_pc_0_axi_protocol_converter_v2_1_37_a_axi3_conv__parameterized0/system_axi_interconnect_1_imp_auto_pc_0_axi_data_fifo_v2_1_36_axic_fifo__parameterized1/system_axi_interconnect_1_imp_auto_pc_0_axi_data_fifo_v2_1_36_fifo_gen__parameterized1/<hidden>/<hidden>/<hidden>/<hidden>/<hidden>/<hidden>
  -------------------------------------------------------------------
                         required time                         -2.001    
                         arrival time                           2.623    
  -------------------------------------------------------------------
                         slack                                  0.622    





