Copyright 1986-2022 Xilinx, Inc. All Rights Reserved. Copyright 2022-2026 Advanced Micro Devices, Inc. All Rights Reserved.
-------------------------------------------------------------------------------------------------------------------------------------------------------------------
| Tool Version : Vivado v.2025.2.1 (lin64) Build 6403652 Thu Mar 19 13:47:00 MDT 2026
| Date         : Sun Sep 27 17:35:12 2026
| Host         : ubuntu running 64-bit Ubuntu 24.04.2 LTS
| Command      : report_timing -max_paths 20 -sort_by group -file /home/engineer/fpga/experiments/multicore/m4/build/attempt-1/reports/post_route_timing_worst.rpt
| Design       : rocketchip_wrapper
| Device       : 7z020-clg400
| Speed File   : -1  PRODUCTION 1.12 2019-11-22
| Design State : Routed
-------------------------------------------------------------------------------------------------------------------------------------------------------------------

Timing Report

Slack (MET) :             0.396ns  (required time - arrival time)
  Source:                 top/teaching_board_top/target/rd2serial/addr_reg[5]/C
                            (rising edge-triggered cell FDRE clocked by host_clk_i  {rise@0.000ns fall@12.500ns period=25.000ns})
  Destination:            top/teaching_board_top/target/backend/resvValid_0_reg/D
                            (rising edge-triggered cell FDRE clocked by host_clk_i  {rise@0.000ns fall@12.500ns period=25.000ns})
  Path Group:             host_clk_i
  Path Type:              Setup (Max at Slow Process Corner)
  Requirement:            25.000ns  (host_clk_i rise@25.000ns - host_clk_i rise@0.000ns)
  Data Path Delay:        24.422ns  (logic 10.699ns (43.809%)  route 13.723ns (56.191%))
  Logic Levels:           46  (CARRY4=26 LUT2=1 LUT3=4 LUT4=6 LUT5=4 LUT6=5)
  Clock Path Skew:        -0.131ns (DCD - SCD + CPR)
    Destination Clock Delay (DCD):    6.183ns = ( 31.183 - 25.000 ) 
    Source Clock Delay      (SCD):    6.831ns
    Clock Pessimism Removal (CPR):    0.516ns
  Clock Uncertainty:      0.082ns  ((TSJ^2 + DJ^2)^1/2) / 2 + PE
    Total System Jitter     (TSJ):    0.071ns
    Discrete Jitter          (DJ):    0.147ns
    Phase Error              (PE):    0.000ns

    Location             Delay type                Incr(ns)  Path(ns)    Netlist Resource(s)
  -------------------------------------------------------------------    -------------------
                         (clock host_clk_i rise edge)
                                                      0.000     0.000 r  
    H16                                               0.000     0.000 r  clk (IN)
                         net (fo=0)                   0.000     0.000    clk
    H16                  IBUF (Prop_ibuf_I_O)         1.451     1.451 r  ibufg_gclk/O
                         net (fo=1, routed)           1.285     2.736    gclk_i
    MMCME2_ADV_X1Y2      MMCME2_ADV (Prop_mmcme2_adv_CLKIN1_CLKOUT0)
                                                      0.088     2.824 r  MMCME2_BASE_inst/CLKOUT0
                         net (fo=1, routed)           2.206     5.030    host_clk_i
    BUFGCTRL_X0Y16       BUFG (Prop_bufg_I_O)         0.101     5.131 r  bufg_host_clk/O
                         net (fo=13302, routed)       1.700     6.831    top/teaching_board_top/target/rd2serial/host_clk
    SLICE_X60Y71         FDRE                                         r  top/teaching_board_top/target/rd2serial/addr_reg[5]/C
  -------------------------------------------------------------------    -------------------
    SLICE_X60Y71         FDRE (Prop_fdre_C_Q)         0.456     7.287 r  top/teaching_board_top/target/rd2serial/addr_reg[5]/Q
                         net (fo=5, routed)           0.519     7.806    top/teaching_board_top/target/rd2serial/rd2serial_auto_out_a_bits_address[4]
    SLICE_X61Y71         CARRY4 (Prop_carry4_S[1]_CO[3])
                                                      0.674     8.480 r  top/teaching_board_top/target/rd2serial/addr_reg[7]_i_3/CO[3]
                         net (fo=1, routed)           0.000     8.480    top/teaching_board_top/target/rd2serial/addr_reg[7]_i_3_n_0
    SLICE_X61Y72         CARRY4 (Prop_carry4_CI_CO[3])
                                                      0.114     8.594 r  top/teaching_board_top/target/rd2serial/addr_reg[11]_i_3/CO[3]
                         net (fo=1, routed)           0.000     8.594    top/teaching_board_top/target/rd2serial/addr_reg[11]_i_3_n_0
    SLICE_X61Y73         CARRY4 (Prop_carry4_CI_CO[3])
                                                      0.114     8.708 r  top/teaching_board_top/target/rd2serial/addr_reg[15]_i_3/CO[3]
                         net (fo=1, routed)           0.000     8.708    top/teaching_board_top/target/rd2serial/addr_reg[15]_i_3_n_0
    SLICE_X61Y74         CARRY4 (Prop_carry4_CI_CO[3])
                                                      0.114     8.822 r  top/teaching_board_top/target/rd2serial/addr_reg[19]_i_3/CO[3]
                         net (fo=1, routed)           0.009     8.831    top/teaching_board_top/target/rd2serial/addr_reg[19]_i_3_n_0
    SLICE_X61Y75         CARRY4 (Prop_carry4_CI_CO[3])
                                                      0.114     8.945 r  top/teaching_board_top/target/rd2serial/addr_reg[23]_i_3/CO[3]
                         net (fo=1, routed)           0.000     8.945    top/teaching_board_top/target/rd2serial/addr_reg[23]_i_3_n_0
    SLICE_X61Y76         CARRY4 (Prop_carry4_CI_O[1])
                                                      0.334     9.279 r  top/teaching_board_top/target/rd2serial/addr_reg[27]_i_3/O[1]
                         net (fo=3, routed)           0.711     9.989    top/teaching_board_top/target/rd2serial/_GEN_86[25]
    SLICE_X59Y76         CARRY4 (Prop_carry4_DI[1]_CO[3])
                                                      0.686    10.675 r  top/teaching_board_top/target/rd2serial/_T_174_carry__2_i_12/CO[3]
                         net (fo=1, routed)           0.000    10.675    top/teaching_board_top/target/rd2serial/_T_174_carry__2_i_12_n_0
    SLICE_X59Y77         CARRY4 (Prop_carry4_CI_CO[3])
                                                      0.114    10.789 r  top/teaching_board_top/target/rd2serial/_T_174_carry__2_i_9/CO[3]
                         net (fo=1, routed)           0.000    10.789    top/teaching_board_top/target/rd2serial/_T_174_carry__2_i_9_n_0
    SLICE_X59Y78         CARRY4 (Prop_carry4_CI_CO[3])
                                                      0.114    10.903 r  top/teaching_board_top/target/rd2serial/_T_174_carry__3_i_12/CO[3]
                         net (fo=1, routed)           0.000    10.903    top/teaching_board_top/target/rd2serial/_T_174_carry__3_i_12_n_0
    SLICE_X59Y79         CARRY4 (Prop_carry4_CI_CO[3])
                                                      0.114    11.017 r  top/teaching_board_top/target/rd2serial/_T_174_carry__3_i_9/CO[3]
                         net (fo=1, routed)           0.000    11.017    top/teaching_board_top/target/rd2serial/_T_174_carry__3_i_9_n_0
    SLICE_X59Y80         CARRY4 (Prop_carry4_CI_CO[3])
                                                      0.114    11.131 r  top/teaching_board_top/target/rd2serial/_T_174_carry__4_i_12/CO[3]
                         net (fo=1, routed)           0.000    11.131    top/teaching_board_top/target/rd2serial/_T_174_carry__4_i_12_n_0
    SLICE_X59Y81         CARRY4 (Prop_carry4_CI_CO[3])
                                                      0.114    11.245 r  top/teaching_board_top/target/rd2serial/_T_174_carry__4_i_9/CO[3]
                         net (fo=1, routed)           0.000    11.245    top/teaching_board_top/target/rd2serial/_T_174_carry__4_i_9_n_0
    SLICE_X59Y82         CARRY4 (Prop_carry4_CI_CO[3])
                                                      0.114    11.359 r  top/teaching_board_top/target/rd2serial/_T_174_carry__5_i_12/CO[3]
                         net (fo=1, routed)           0.000    11.359    top/teaching_board_top/target/rd2serial/_T_174_carry__5_i_12_n_0
    SLICE_X59Y83         CARRY4 (Prop_carry4_CI_CO[3])
                                                      0.114    11.473 r  top/teaching_board_top/target/rd2serial/_T_174_carry__5_i_9/CO[3]
                         net (fo=1, routed)           0.000    11.473    top/teaching_board_top/target/rd2serial/_T_174_carry__5_i_9_n_0
    SLICE_X59Y84         CARRY4 (Prop_carry4_CI_O[1])
                                                      0.334    11.807 r  top/teaching_board_top/target/rd2serial/_T_174_carry__6_i_12/O[1]
                         net (fo=8, routed)           0.984    12.792    top/teaching_board_top/target/rd2serial/_GEN_87[57]
    SLICE_X58Y80         LUT4 (Prop_lut4_I1_O)        0.303    13.095 r  top/teaching_board_top/target/rd2serial/_T_174_carry__6_i_8/O
                         net (fo=1, routed)           0.000    13.095    top/teaching_board_top/target/rd2serial/_T_174_carry__6_i_8_n_0
    SLICE_X58Y80         CARRY4 (Prop_carry4_S[0]_CO[3])
                                                      0.513    13.608 r  top/teaching_board_top/target/rd2serial/_T_174_carry__6/CO[3]
                         net (fo=1, routed)           0.000    13.608    top/teaching_board_top/target/rd2serial/_T_174_carry__6_n_0
    SLICE_X58Y81         CARRY4 (Prop_carry4_CI_CO[0])
                                                      0.254    13.862 r  top/teaching_board_top/target/rd2serial/_T_174_carry__7/CO[0]
                         net (fo=162, routed)         0.865    14.727    top/teaching_board_top/target/rd2serial/_T_174
    SLICE_X60Y78         LUT3 (Prop_lut3_I1_O)        0.367    15.094 r  top/teaching_board_top/target/rd2serial/_T_186_carry__2_i_8/O
                         net (fo=5, routed)           0.819    15.912    top/teaching_board_top/target/rd2serial/_T_186_carry__2_i_8_n_0
    SLICE_X57Y78         LUT6 (Prop_lut6_I5_O)        0.124    16.036 r  top/teaching_board_top/target/rd2serial/_T_317__2_carry__0_i_18/O
                         net (fo=2, routed)           0.612    16.648    top/teaching_board_top/target/rd2serial/_T_317__2_carry__0_i_18_n_0
    SLICE_X55Y78         LUT3 (Prop_lut3_I0_O)        0.124    16.772 f  top/teaching_board_top/target/rd2serial/_T_317__2_carry_i_74/O
                         net (fo=3, routed)           0.815    17.587    top/teaching_board_top/target/rd2serial/_T_317__2_carry_i_74_n_0
    SLICE_X53Y76         LUT3 (Prop_lut3_I1_O)        0.124    17.711 r  top/teaching_board_top/target/rd2serial/_T_317__2_carry__0_i_12/O
                         net (fo=4, routed)           0.594    18.305    top/teaching_board_top/target/rd2serial/_T_317__2_carry__0_i_12_n_0
    SLICE_X52Y77         LUT3 (Prop_lut3_I2_O)        0.124    18.429 r  top/teaching_board_top/target/rd2serial/_T_317__2_carry_i_68/O
                         net (fo=2, routed)           0.808    19.237    top/teaching_board_top/target/rd2serial/_T_317__2_carry_i_68_n_0
    SLICE_X53Y78         LUT6 (Prop_lut6_I0_O)        0.124    19.361 r  top/teaching_board_top/target/rd2serial/_T_317__2_carry_i_55/O
                         net (fo=2, routed)           0.312    19.673    top/teaching_board_top/target/rd2serial/_T_317__2_carry_i_55_n_0
    SLICE_X52Y76         LUT6 (Prop_lut6_I4_O)        0.124    19.797 r  top/teaching_board_top/target/rd2serial/_T_317__2_carry_i_22/O
                         net (fo=3, routed)           0.860    20.657    top/teaching_board_top/target/rd2serial/_T_317__2_carry_i_22_n_0
    SLICE_X53Y74         LUT4 (Prop_lut4_I1_O)        0.149    20.806 r  top/teaching_board_top/target/rd2serial/_T_317__2_carry__0_i_2/O
                         net (fo=2, routed)           0.621    21.428    top/teaching_board_top/target/rd2serial/_T_317__2_carry__0_i_2_n_0
    SLICE_X53Y75         LUT6 (Prop_lut6_I3_O)        0.332    21.760 r  top/teaching_board_top/target/rd2serial/_T_317__2_carry__0_i_4/O
                         net (fo=1, routed)           0.000    21.760    top/teaching_board_top/target/rd2serial/_T_317__2_carry__0_i_4_n_0
    SLICE_X53Y75         CARRY4 (Prop_carry4_S[0]_CO[2])
                                                      0.536    22.296 f  top/teaching_board_top/target/rd2serial/_T_317__2_carry__0/CO[2]
                         net (fo=1, routed)           0.331    22.627    top/teaching_board_top/target/rd2serial/_T_317__2[6]
    SLICE_X52Y74         LUT4 (Prop_lut4_I3_O)        0.313    22.940 f  top/teaching_board_top/target/rd2serial/req_address[1]_i_5/O
                         net (fo=1, routed)           0.301    23.241    top/teaching_board_top/target/rd2serial/req_address[1]_i_5_n_0
    SLICE_X53Y73         LUT4 (Prop_lut4_I3_O)        0.124    23.365 f  top/teaching_board_top/target/rd2serial/req_address[1]_i_4/O
                         net (fo=8, routed)           0.344    23.709    top/teaching_board_top/target/rd2serial/req_address[1]_i_4_n_0
    SLICE_X51Y72         LUT2 (Prop_lut2_I1_O)        0.124    23.833 r  top/teaching_board_top/target/rd2serial/req_mask[5]_i_6/O
                         net (fo=5, routed)           0.427    24.260    top/teaching_board_top/target/rd2serial/req_mask[5]_i_6_n_0
    SLICE_X51Y70         LUT5 (Prop_lut5_I0_O)        0.124    24.384 r  top/teaching_board_top/target/rd2serial/req_address[2]_i_3/O
                         net (fo=2, routed)           0.598    24.982    top/teaching_board_top/target/sbus/system_bus_xbar/rd2serial_auto_out_a_bits_address[1]
    SLICE_X44Y70         LUT6 (Prop_lut6_I0_O)        0.124    25.106 r  top/teaching_board_top/target/sbus/system_bus_xbar/req_address[2]_i_2/O
                         net (fo=1, routed)           0.158    25.264    top/teaching_board_top/target/sbus/system_bus_xbar/req_address[2]_i_2_n_0
    SLICE_X44Y70         LUT5 (Prop_lut5_I0_O)        0.124    25.388 r  top/teaching_board_top/target/sbus/system_bus_xbar/req_address[2]_i_1/O
                         net (fo=11, routed)          0.580    25.969    top/teaching_board_top/target/sbus/system_bus_xbar/DI[2]
    SLICE_X43Y70         CARRY4 (Prop_carry4_DI[2]_CO[3])
                                                      0.398    26.367 r  top/teaching_board_top/target/sbus/system_bus_xbar/resvValid_0_reg_i_97/CO[3]
                         net (fo=1, routed)           0.000    26.367    top/teaching_board_top/target/sbus/system_bus_xbar/resvValid_0_reg_i_97_n_0
    SLICE_X43Y71         CARRY4 (Prop_carry4_CI_CO[3])
                                                      0.114    26.481 r  top/teaching_board_top/target/sbus/system_bus_xbar/resvValid_0_reg_i_98/CO[3]
                         net (fo=1, routed)           0.000    26.481    top/teaching_board_top/target/sbus/system_bus_xbar/resvValid_0_reg_i_98_n_0
    SLICE_X43Y72         CARRY4 (Prop_carry4_CI_CO[3])
                                                      0.114    26.595 r  top/teaching_board_top/target/sbus/system_bus_xbar/resvValid_0_reg_i_82/CO[3]
                         net (fo=1, routed)           0.000    26.595    top/teaching_board_top/target/sbus/system_bus_xbar/resvValid_0_reg_i_82_n_0
    SLICE_X43Y73         CARRY4 (Prop_carry4_CI_CO[3])
                                                      0.114    26.709 r  top/teaching_board_top/target/sbus/system_bus_xbar/resvValid_0_reg_i_81/CO[3]
                         net (fo=1, routed)           0.000    26.709    top/teaching_board_top/target/sbus/system_bus_xbar/resvValid_0_reg_i_81_n_0
    SLICE_X43Y74         CARRY4 (Prop_carry4_CI_CO[3])
                                                      0.114    26.823 r  top/teaching_board_top/target/sbus/system_bus_xbar/resvValid_0_reg_i_57/CO[3]
                         net (fo=1, routed)           0.009    26.832    top/teaching_board_top/target/sbus/system_bus_xbar/resvValid_0_reg_i_57_n_0
    SLICE_X43Y75         CARRY4 (Prop_carry4_CI_O[1])
                                                      0.334    27.166 r  top/teaching_board_top/target/sbus/system_bus_xbar/resvValid_0_reg_i_56/O[1]
                         net (fo=4, routed)           0.779    27.944    top/teaching_board_top/target/sbus/system_bus_xbar/req_addr_reg[23]_0[1]
    SLICE_X45Y75         LUT4 (Prop_lut4_I0_O)        0.303    28.247 r  top/teaching_board_top/target/sbus/system_bus_xbar/resvValid_0_i_36/O
                         net (fo=1, routed)           0.000    28.247    top/teaching_board_top/target/sbus/system_bus_xbar/resvValid_0_i_36_n_0
    SLICE_X45Y75         CARRY4 (Prop_carry4_S[1]_CO[3])
                                                      0.550    28.797 r  top/teaching_board_top/target/sbus/system_bus_xbar/resvValid_0_reg_i_17/CO[3]
                         net (fo=1, routed)           0.000    28.797    top/teaching_board_top/target/sbus/system_bus_xbar/resvValid_0_reg_i_17_n_0
    SLICE_X45Y76         CARRY4 (Prop_carry4_CI_CO[2])
                                                      0.228    29.025 f  top/teaching_board_top/target/sbus/system_bus_xbar/resvValid_0_reg_i_15/CO[2]
                         net (fo=2, routed)           0.557    29.582    top/teaching_board_top/target/sbus/system_bus_xbar/backend/_T_609
    SLICE_X45Y77         LUT5 (Prop_lut5_I2_O)        0.313    29.895 f  top/teaching_board_top/target/sbus/system_bus_xbar/resvValid_0_i_10/O
                         net (fo=1, routed)           0.543    30.438    top/teaching_board_top/target/sbus/system_bus_xbar/resvValid_0_i_10_n_0
    SLICE_X45Y79         LUT4 (Prop_lut4_I1_O)        0.124    30.562 f  top/teaching_board_top/target/sbus/system_bus_xbar/resvValid_0_i_4/O
                         net (fo=1, routed)           0.567    31.129    top/teaching_board_top/target/sbus/system_bus_xbar/resvValid_0_i_4_n_0
    SLICE_X51Y79         LUT5 (Prop_lut5_I3_O)        0.124    31.253 r  top/teaching_board_top/target/sbus/system_bus_xbar/resvValid_0_i_1/O
                         net (fo=1, routed)           0.000    31.253    top/teaching_board_top/target/backend/resvValid_0_reg_0
    SLICE_X51Y79         FDRE                                         r  top/teaching_board_top/target/backend/resvValid_0_reg/D
  -------------------------------------------------------------------    -------------------

                         (clock host_clk_i rise edge)
                                                     25.000    25.000 r  
    H16                                               0.000    25.000 r  clk (IN)
                         net (fo=0)                   0.000    25.000    clk
    H16                  IBUF (Prop_ibuf_I_O)         1.380    26.380 r  ibufg_gclk/O
                         net (fo=1, routed)           1.162    27.542    gclk_i
    MMCME2_ADV_X1Y2      MMCME2_ADV (Prop_mmcme2_adv_CLKIN1_CLKOUT0)
                                                      0.083    27.625 r  MMCME2_BASE_inst/CLKOUT0
                         net (fo=1, routed)           2.012    29.637    host_clk_i
    BUFGCTRL_X0Y16       BUFG (Prop_bufg_I_O)         0.091    29.728 r  bufg_host_clk/O
                         net (fo=13302, routed)       1.455    31.183    top/teaching_board_top/target/backend/host_clk
    SLICE_X51Y79         FDRE                                         r  top/teaching_board_top/target/backend/resvValid_0_reg/C
                         clock pessimism              0.516    31.700    
                         clock uncertainty           -0.082    31.618    
    SLICE_X51Y79         FDRE (Setup_fdre_C_D)        0.031    31.649    top/teaching_board_top/target/backend/resvValid_0_reg
  -------------------------------------------------------------------
                         required time                         31.649    
                         arrival time                         -31.253    
  -------------------------------------------------------------------
                         slack                                  0.396    

Slack (MET) :             0.670ns  (required time - arrival time)
  Source:                 top/teaching_board_top/target/rd2serial/addr_reg[5]/C
                            (rising edge-triggered cell FDRE clocked by host_clk_i  {rise@0.000ns fall@12.500ns period=25.000ns})
  Destination:            top/teaching_board_top/target/backend/resvValid_1_reg/D
                            (rising edge-triggered cell FDRE clocked by host_clk_i  {rise@0.000ns fall@12.500ns period=25.000ns})
  Path Group:             host_clk_i
  Path Type:              Setup (Max at Slow Process Corner)
  Requirement:            25.000ns  (host_clk_i rise@25.000ns - host_clk_i rise@0.000ns)
  Data Path Delay:        24.057ns  (logic 10.727ns (44.589%)  route 13.330ns (55.411%))
  Logic Levels:           48  (CARRY4=27 LUT2=1 LUT3=4 LUT4=5 LUT5=4 LUT6=7)
  Clock Path Skew:        -0.220ns (DCD - SCD + CPR)
    Destination Clock Delay (DCD):    6.194ns = ( 31.194 - 25.000 ) 
    Source Clock Delay      (SCD):    6.831ns
    Clock Pessimism Removal (CPR):    0.416ns
  Clock Uncertainty:      0.082ns  ((TSJ^2 + DJ^2)^1/2) / 2 + PE
    Total System Jitter     (TSJ):    0.071ns
    Discrete Jitter          (DJ):    0.147ns
    Phase Error              (PE):    0.000ns

    Location             Delay type                Incr(ns)  Path(ns)    Netlist Resource(s)
  -------------------------------------------------------------------    -------------------
                         (clock host_clk_i rise edge)
                                                      0.000     0.000 r  
    H16                                               0.000     0.000 r  clk (IN)
                         net (fo=0)                   0.000     0.000    clk
    H16                  IBUF (Prop_ibuf_I_O)         1.451     1.451 r  ibufg_gclk/O
                         net (fo=1, routed)           1.285     2.736    gclk_i
    MMCME2_ADV_X1Y2      MMCME2_ADV (Prop_mmcme2_adv_CLKIN1_CLKOUT0)
                                                      0.088     2.824 r  MMCME2_BASE_inst/CLKOUT0
                         net (fo=1, routed)           2.206     5.030    host_clk_i
    BUFGCTRL_X0Y16       BUFG (Prop_bufg_I_O)         0.101     5.131 r  bufg_host_clk/O
                         net (fo=13302, routed)       1.700     6.831    top/teaching_board_top/target/rd2serial/host_clk
    SLICE_X60Y71         FDRE                                         r  top/teaching_board_top/target/rd2serial/addr_reg[5]/C
  -------------------------------------------------------------------    -------------------
    SLICE_X60Y71         FDRE (Prop_fdre_C_Q)         0.456     7.287 r  top/teaching_board_top/target/rd2serial/addr_reg[5]/Q
                         net (fo=5, routed)           0.519     7.806    top/teaching_board_top/target/rd2serial/rd2serial_auto_out_a_bits_address[4]
    SLICE_X61Y71         CARRY4 (Prop_carry4_S[1]_CO[3])
                                                      0.674     8.480 r  top/teaching_board_top/target/rd2serial/addr_reg[7]_i_3/CO[3]
                         net (fo=1, routed)           0.000     8.480    top/teaching_board_top/target/rd2serial/addr_reg[7]_i_3_n_0
    SLICE_X61Y72         CARRY4 (Prop_carry4_CI_CO[3])
                                                      0.114     8.594 r  top/teaching_board_top/target/rd2serial/addr_reg[11]_i_3/CO[3]
                         net (fo=1, routed)           0.000     8.594    top/teaching_board_top/target/rd2serial/addr_reg[11]_i_3_n_0
    SLICE_X61Y73         CARRY4 (Prop_carry4_CI_CO[3])
                                                      0.114     8.708 r  top/teaching_board_top/target/rd2serial/addr_reg[15]_i_3/CO[3]
                         net (fo=1, routed)           0.000     8.708    top/teaching_board_top/target/rd2serial/addr_reg[15]_i_3_n_0
    SLICE_X61Y74         CARRY4 (Prop_carry4_CI_CO[3])
                                                      0.114     8.822 r  top/teaching_board_top/target/rd2serial/addr_reg[19]_i_3/CO[3]
                         net (fo=1, routed)           0.009     8.831    top/teaching_board_top/target/rd2serial/addr_reg[19]_i_3_n_0
    SLICE_X61Y75         CARRY4 (Prop_carry4_CI_CO[3])
                                                      0.114     8.945 r  top/teaching_board_top/target/rd2serial/addr_reg[23]_i_3/CO[3]
                         net (fo=1, routed)           0.000     8.945    top/teaching_board_top/target/rd2serial/addr_reg[23]_i_3_n_0
    SLICE_X61Y76         CARRY4 (Prop_carry4_CI_O[1])
                                                      0.334     9.279 r  top/teaching_board_top/target/rd2serial/addr_reg[27]_i_3/O[1]
                         net (fo=3, routed)           0.711     9.989    top/teaching_board_top/target/rd2serial/_GEN_86[25]
    SLICE_X59Y76         CARRY4 (Prop_carry4_DI[1]_CO[3])
                                                      0.686    10.675 r  top/teaching_board_top/target/rd2serial/_T_174_carry__2_i_12/CO[3]
                         net (fo=1, routed)           0.000    10.675    top/teaching_board_top/target/rd2serial/_T_174_carry__2_i_12_n_0
    SLICE_X59Y77         CARRY4 (Prop_carry4_CI_CO[3])
                                                      0.114    10.789 r  top/teaching_board_top/target/rd2serial/_T_174_carry__2_i_9/CO[3]
                         net (fo=1, routed)           0.000    10.789    top/teaching_board_top/target/rd2serial/_T_174_carry__2_i_9_n_0
    SLICE_X59Y78         CARRY4 (Prop_carry4_CI_CO[3])
                                                      0.114    10.903 r  top/teaching_board_top/target/rd2serial/_T_174_carry__3_i_12/CO[3]
                         net (fo=1, routed)           0.000    10.903    top/teaching_board_top/target/rd2serial/_T_174_carry__3_i_12_n_0
    SLICE_X59Y79         CARRY4 (Prop_carry4_CI_CO[3])
                                                      0.114    11.017 r  top/teaching_board_top/target/rd2serial/_T_174_carry__3_i_9/CO[3]
                         net (fo=1, routed)           0.000    11.017    top/teaching_board_top/target/rd2serial/_T_174_carry__3_i_9_n_0
    SLICE_X59Y80         CARRY4 (Prop_carry4_CI_CO[3])
                                                      0.114    11.131 r  top/teaching_board_top/target/rd2serial/_T_174_carry__4_i_12/CO[3]
                         net (fo=1, routed)           0.000    11.131    top/teaching_board_top/target/rd2serial/_T_174_carry__4_i_12_n_0
    SLICE_X59Y81         CARRY4 (Prop_carry4_CI_CO[3])
                                                      0.114    11.245 r  top/teaching_board_top/target/rd2serial/_T_174_carry__4_i_9/CO[3]
                         net (fo=1, routed)           0.000    11.245    top/teaching_board_top/target/rd2serial/_T_174_carry__4_i_9_n_0
    SLICE_X59Y82         CARRY4 (Prop_carry4_CI_CO[3])
                                                      0.114    11.359 r  top/teaching_board_top/target/rd2serial/_T_174_carry__5_i_12/CO[3]
                         net (fo=1, routed)           0.000    11.359    top/teaching_board_top/target/rd2serial/_T_174_carry__5_i_12_n_0
    SLICE_X59Y83         CARRY4 (Prop_carry4_CI_CO[3])
                                                      0.114    11.473 r  top/teaching_board_top/target/rd2serial/_T_174_carry__5_i_9/CO[3]
                         net (fo=1, routed)           0.000    11.473    top/teaching_board_top/target/rd2serial/_T_174_carry__5_i_9_n_0
    SLICE_X59Y84         CARRY4 (Prop_carry4_CI_O[1])
                                                      0.334    11.807 r  top/teaching_board_top/target/rd2serial/_T_174_carry__6_i_12/O[1]
                         net (fo=8, routed)           0.984    12.792    top/teaching_board_top/target/rd2serial/_GEN_87[57]
    SLICE_X58Y80         LUT4 (Prop_lut4_I1_O)        0.303    13.095 r  top/teaching_board_top/target/rd2serial/_T_174_carry__6_i_8/O
                         net (fo=1, routed)           0.000    13.095    top/teaching_board_top/target/rd2serial/_T_174_carry__6_i_8_n_0
    SLICE_X58Y80         CARRY4 (Prop_carry4_S[0]_CO[3])
                                                      0.513    13.608 r  top/teaching_board_top/target/rd2serial/_T_174_carry__6/CO[3]
                         net (fo=1, routed)           0.000    13.608    top/teaching_board_top/target/rd2serial/_T_174_carry__6_n_0
    SLICE_X58Y81         CARRY4 (Prop_carry4_CI_CO[0])
                                                      0.254    13.862 r  top/teaching_board_top/target/rd2serial/_T_174_carry__7/CO[0]
                         net (fo=162, routed)         0.865    14.727    top/teaching_board_top/target/rd2serial/_T_174
    SLICE_X60Y78         LUT3 (Prop_lut3_I1_O)        0.367    15.094 r  top/teaching_board_top/target/rd2serial/_T_186_carry__2_i_8/O
                         net (fo=5, routed)           0.819    15.912    top/teaching_board_top/target/rd2serial/_T_186_carry__2_i_8_n_0
    SLICE_X57Y78         LUT6 (Prop_lut6_I5_O)        0.124    16.036 r  top/teaching_board_top/target/rd2serial/_T_317__2_carry__0_i_18/O
                         net (fo=2, routed)           0.612    16.648    top/teaching_board_top/target/rd2serial/_T_317__2_carry__0_i_18_n_0
    SLICE_X55Y78         LUT3 (Prop_lut3_I0_O)        0.124    16.772 f  top/teaching_board_top/target/rd2serial/_T_317__2_carry_i_74/O
                         net (fo=3, routed)           0.815    17.587    top/teaching_board_top/target/rd2serial/_T_317__2_carry_i_74_n_0
    SLICE_X53Y76         LUT3 (Prop_lut3_I1_O)        0.124    17.711 r  top/teaching_board_top/target/rd2serial/_T_317__2_carry__0_i_12/O
                         net (fo=4, routed)           0.594    18.305    top/teaching_board_top/target/rd2serial/_T_317__2_carry__0_i_12_n_0
    SLICE_X52Y77         LUT3 (Prop_lut3_I2_O)        0.124    18.429 r  top/teaching_board_top/target/rd2serial/_T_317__2_carry_i_68/O
                         net (fo=2, routed)           0.808    19.237    top/teaching_board_top/target/rd2serial/_T_317__2_carry_i_68_n_0
    SLICE_X53Y78         LUT6 (Prop_lut6_I0_O)        0.124    19.361 r  top/teaching_board_top/target/rd2serial/_T_317__2_carry_i_55/O
                         net (fo=2, routed)           0.312    19.673    top/teaching_board_top/target/rd2serial/_T_317__2_carry_i_55_n_0
    SLICE_X52Y76         LUT6 (Prop_lut6_I4_O)        0.124    19.797 r  top/teaching_board_top/target/rd2serial/_T_317__2_carry_i_22/O
                         net (fo=3, routed)           0.860    20.657    top/teaching_board_top/target/rd2serial/_T_317__2_carry_i_22_n_0
    SLICE_X53Y74         LUT4 (Prop_lut4_I1_O)        0.149    20.806 r  top/teaching_board_top/target/rd2serial/_T_317__2_carry__0_i_2/O
                         net (fo=2, routed)           0.621    21.428    top/teaching_board_top/target/rd2serial/_T_317__2_carry__0_i_2_n_0
    SLICE_X53Y75         LUT6 (Prop_lut6_I3_O)        0.332    21.760 r  top/teaching_board_top/target/rd2serial/_T_317__2_carry__0_i_4/O
                         net (fo=1, routed)           0.000    21.760    top/teaching_board_top/target/rd2serial/_T_317__2_carry__0_i_4_n_0
    SLICE_X53Y75         CARRY4 (Prop_carry4_S[0]_CO[2])
                                                      0.536    22.296 f  top/teaching_board_top/target/rd2serial/_T_317__2_carry__0/CO[2]
                         net (fo=1, routed)           0.331    22.627    top/teaching_board_top/target/rd2serial/_T_317__2[6]
    SLICE_X52Y74         LUT4 (Prop_lut4_I3_O)        0.313    22.940 f  top/teaching_board_top/target/rd2serial/req_address[1]_i_5/O
                         net (fo=1, routed)           0.301    23.241    top/teaching_board_top/target/rd2serial/req_address[1]_i_5_n_0
    SLICE_X53Y73         LUT4 (Prop_lut4_I3_O)        0.124    23.365 f  top/teaching_board_top/target/rd2serial/req_address[1]_i_4/O
                         net (fo=8, routed)           0.344    23.709    top/teaching_board_top/target/rd2serial/req_address[1]_i_4_n_0
    SLICE_X51Y72         LUT2 (Prop_lut2_I1_O)        0.124    23.833 r  top/teaching_board_top/target/rd2serial/req_mask[5]_i_6/O
                         net (fo=5, routed)           0.427    24.260    top/teaching_board_top/target/rd2serial/req_mask[5]_i_6_n_0
    SLICE_X51Y70         LUT5 (Prop_lut5_I0_O)        0.124    24.384 r  top/teaching_board_top/target/rd2serial/req_address[2]_i_3/O
                         net (fo=2, routed)           0.598    24.982    top/teaching_board_top/target/sbus/system_bus_xbar/rd2serial_auto_out_a_bits_address[1]
    SLICE_X44Y70         LUT6 (Prop_lut6_I0_O)        0.124    25.106 r  top/teaching_board_top/target/sbus/system_bus_xbar/req_address[2]_i_2/O
                         net (fo=1, routed)           0.158    25.264    top/teaching_board_top/target/sbus/system_bus_xbar/req_address[2]_i_2_n_0
    SLICE_X44Y70         LUT5 (Prop_lut5_I0_O)        0.124    25.388 r  top/teaching_board_top/target/sbus/system_bus_xbar/req_address[2]_i_1/O
                         net (fo=11, routed)          0.580    25.969    top/teaching_board_top/target/sbus/system_bus_xbar/DI[2]
    SLICE_X43Y70         CARRY4 (Prop_carry4_DI[2]_CO[3])
                                                      0.398    26.367 r  top/teaching_board_top/target/sbus/system_bus_xbar/resvValid_0_reg_i_97/CO[3]
                         net (fo=1, routed)           0.000    26.367    top/teaching_board_top/target/sbus/system_bus_xbar/resvValid_0_reg_i_97_n_0
    SLICE_X43Y71         CARRY4 (Prop_carry4_CI_CO[3])
                                                      0.114    26.481 r  top/teaching_board_top/target/sbus/system_bus_xbar/resvValid_0_reg_i_98/CO[3]
                         net (fo=1, routed)           0.000    26.481    top/teaching_board_top/target/sbus/system_bus_xbar/resvValid_0_reg_i_98_n_0
    SLICE_X43Y72         CARRY4 (Prop_carry4_CI_CO[3])
                                                      0.114    26.595 r  top/teaching_board_top/target/sbus/system_bus_xbar/resvValid_0_reg_i_82/CO[3]
                         net (fo=1, routed)           0.000    26.595    top/teaching_board_top/target/sbus/system_bus_xbar/resvValid_0_reg_i_82_n_0
    SLICE_X43Y73         CARRY4 (Prop_carry4_CI_CO[3])
                                                      0.114    26.709 r  top/teaching_board_top/target/sbus/system_bus_xbar/resvValid_0_reg_i_81/CO[3]
                         net (fo=1, routed)           0.000    26.709    top/teaching_board_top/target/sbus/system_bus_xbar/resvValid_0_reg_i_81_n_0
    SLICE_X43Y74         CARRY4 (Prop_carry4_CI_CO[3])
                                                      0.114    26.823 r  top/teaching_board_top/target/sbus/system_bus_xbar/resvValid_0_reg_i_57/CO[3]
                         net (fo=1, routed)           0.009    26.832    top/teaching_board_top/target/sbus/system_bus_xbar/resvValid_0_reg_i_57_n_0
    SLICE_X43Y75         CARRY4 (Prop_carry4_CI_CO[3])
                                                      0.114    26.946 r  top/teaching_board_top/target/sbus/system_bus_xbar/resvValid_0_reg_i_56/CO[3]
                         net (fo=1, routed)           0.000    26.946    top/teaching_board_top/target/sbus/system_bus_xbar/resvValid_0_reg_i_56_n_0
    SLICE_X43Y76         CARRY4 (Prop_carry4_CI_CO[3])
                                                      0.114    27.060 r  top/teaching_board_top/target/sbus/system_bus_xbar/resvValid_0_reg_i_39/CO[3]
                         net (fo=1, routed)           0.000    27.060    top/teaching_board_top/target/sbus/system_bus_xbar/resvValid_0_reg_i_39_n_0
    SLICE_X43Y77         CARRY4 (Prop_carry4_CI_O[0])
                                                      0.222    27.282 r  top/teaching_board_top/target/sbus/system_bus_xbar/resvValid_0_reg_i_38/O[0]
                         net (fo=4, routed)           0.732    28.014    top/teaching_board_top/target/backend/aHi[24]
    SLICE_X44Y76         LUT4 (Prop_lut4_I3_O)        0.299    28.313 r  top/teaching_board_top/target/backend/resvValid_1_i_18/O
                         net (fo=1, routed)           0.000    28.313    top/teaching_board_top/target/sbus/system_bus_xbar/resvValid_1_i_10_0[1]
    SLICE_X44Y76         CARRY4 (Prop_carry4_S[1]_CO[2])
                                                      0.570    28.883 r  top/teaching_board_top/target/sbus/system_bus_xbar/resvValid_1_reg_i_11/CO[2]
                         net (fo=2, routed)           0.583    29.466    top/teaching_board_top/target/sbus/system_bus_xbar/backend/_T_617
    SLICE_X44Y78         LUT5 (Prop_lut5_I2_O)        0.313    29.779 r  top/teaching_board_top/target/sbus/system_bus_xbar/resvValid_1_i_10/O
                         net (fo=1, routed)           0.162    29.941    top/teaching_board_top/target/sbus/system_bus_xbar/resvValid_1_i_10_n_0
    SLICE_X44Y78         LUT6 (Prop_lut6_I0_O)        0.124    30.065 r  top/teaching_board_top/target/sbus/system_bus_xbar/resvValid_1_i_6/O
                         net (fo=1, routed)           0.287    30.352    top/teaching_board_top/target/sbus/system_bus_xbar/resvValid_1_i_6_n_0
    SLICE_X47Y78         LUT6 (Prop_lut6_I4_O)        0.124    30.476 r  top/teaching_board_top/target/sbus/system_bus_xbar/resvValid_1_i_2/O
                         net (fo=1, routed)           0.288    30.764    top/teaching_board_top/target/sbus/system_bus_xbar/resvValid_1_i_2_n_0
    SLICE_X45Y78         LUT5 (Prop_lut5_I1_O)        0.124    30.888 r  top/teaching_board_top/target/sbus/system_bus_xbar/resvValid_1_i_1/O
                         net (fo=1, routed)           0.000    30.888    top/teaching_board_top/target/backend/resvValid_1_reg_0
    SLICE_X45Y78         FDRE                                         r  top/teaching_board_top/target/backend/resvValid_1_reg/D
  -------------------------------------------------------------------    -------------------

                         (clock host_clk_i rise edge)
                                                     25.000    25.000 r  
    H16                                               0.000    25.000 r  clk (IN)
                         net (fo=0)                   0.000    25.000    clk
    H16                  IBUF (Prop_ibuf_I_O)         1.380    26.380 r  ibufg_gclk/O
                         net (fo=1, routed)           1.162    27.542    gclk_i
    MMCME2_ADV_X1Y2      MMCME2_ADV (Prop_mmcme2_adv_CLKIN1_CLKOUT0)
                                                      0.083    27.625 r  MMCME2_BASE_inst/CLKOUT0
                         net (fo=1, routed)           2.012    29.637    host_clk_i
    BUFGCTRL_X0Y16       BUFG (Prop_bufg_I_O)         0.091    29.728 r  bufg_host_clk/O
                         net (fo=13302, routed)       1.466    31.194    top/teaching_board_top/target/backend/host_clk
    SLICE_X45Y78         FDRE                                         r  top/teaching_board_top/target/backend/resvValid_1_reg/C
                         clock pessimism              0.416    31.610    
                         clock uncertainty           -0.082    31.529    
    SLICE_X45Y78         FDRE (Setup_fdre_C_D)        0.029    31.558    top/teaching_board_top/target/backend/resvValid_1_reg
  -------------------------------------------------------------------
                         required time                         31.558    
                         arrival time                         -30.888    
  -------------------------------------------------------------------
                         slack                                  0.670    

Slack (MET) :             2.608ns  (required time - arrival time)
  Source:                 top/teaching_board_top/target/controller/trackers_1/req_addr_reg[31]/C
                            (rising edge-triggered cell FDRE clocked by host_clk_i  {rise@0.000ns fall@12.500ns period=25.000ns})
  Destination:            top/teaching_board_top/target/rd2serial/addr_reg[34]/R
                            (rising edge-triggered cell FDRE clocked by host_clk_i  {rise@0.000ns fall@12.500ns period=25.000ns})
  Path Group:             host_clk_i
  Path Type:              Setup (Max at Slow Process Corner)
  Requirement:            25.000ns  (host_clk_i rise@25.000ns - host_clk_i rise@0.000ns)
  Data Path Delay:        21.689ns  (logic 4.275ns (19.710%)  route 17.414ns (80.290%))
  Logic Levels:           22  (CARRY4=3 LUT3=1 LUT4=3 LUT5=6 LUT6=9)
  Clock Path Skew:        -0.097ns (DCD - SCD + CPR)
    Destination Clock Delay (DCD):    6.257ns = ( 31.257 - 25.000 ) 
    Source Clock Delay      (SCD):    6.771ns
    Clock Pessimism Removal (CPR):    0.416ns
  Clock Uncertainty:      0.082ns  ((TSJ^2 + DJ^2)^1/2) / 2 + PE
    Total System Jitter     (TSJ):    0.071ns
    Discrete Jitter          (DJ):    0.147ns
    Phase Error              (PE):    0.000ns

    Location             Delay type                Incr(ns)  Path(ns)    Netlist Resource(s)
  -------------------------------------------------------------------    -------------------
                         (clock host_clk_i rise edge)
                                                      0.000     0.000 r  
    H16                                               0.000     0.000 r  clk (IN)
                         net (fo=0)                   0.000     0.000    clk
    H16                  IBUF (Prop_ibuf_I_O)         1.451     1.451 r  ibufg_gclk/O
                         net (fo=1, routed)           1.285     2.736    gclk_i
    MMCME2_ADV_X1Y2      MMCME2_ADV (Prop_mmcme2_adv_CLKIN1_CLKOUT0)
                                                      0.088     2.824 r  MMCME2_BASE_inst/CLKOUT0
                         net (fo=1, routed)           2.206     5.030    host_clk_i
    BUFGCTRL_X0Y16       BUFG (Prop_bufg_I_O)         0.101     5.131 r  bufg_host_clk/O
                         net (fo=13302, routed)       1.640     6.771    top/teaching_board_top/target/controller/trackers_1/host_clk
    SLICE_X37Y80         FDRE                                         r  top/teaching_board_top/target/controller/trackers_1/req_addr_reg[31]/C
  -------------------------------------------------------------------    -------------------
    SLICE_X37Y80         FDRE (Prop_fdre_C_Q)         0.456     7.227 f  top/teaching_board_top/target/controller/trackers_1/req_addr_reg[31]/Q
                         net (fo=10, routed)          1.380     8.606    top/teaching_board_top/target/controller/trackers_1/controller_auto_mem_out_1_a_bits_address[31]
    SLICE_X48Y89         LUT6 (Prop_lut6_I0_O)        0.124     8.730 r  top/teaching_board_top/target/controller/trackers_1/curHart_i_7/O
                         net (fo=6, routed)           0.921     9.651    top/teaching_board_top/target/controller/trackers/_T_3820[3]_i_3_0
    SLICE_X62Y91         LUT6 (Prop_lut6_I0_O)        0.124     9.775 f  top/teaching_board_top/target/controller/trackers/_T_3820[0]_i_3/O
                         net (fo=2, routed)           0.458    10.233    top/teaching_board_top/target/rd2serial/resvWord_0[28]_i_12_0
    SLICE_X64Y92         LUT6 (Prop_lut6_I5_O)        0.124    10.357 f  top/teaching_board_top/target/rd2serial/nDrained[0]_i_6/O
                         net (fo=5, routed)           0.632    10.989    top/teaching_board_top/target/harts_1/bridge/_T_3985_3_reg
    SLICE_X64Y91         LUT4 (Prop_lut4_I0_O)        0.124    11.113 r  top/teaching_board_top/target/harts_1/bridge/_T_3820[3]_i_6/O
                         net (fo=3, routed)           0.438    11.551    top/teaching_board_top/target/sbus/system_bus_xbar/_T_3985_3_reg_2
    SLICE_X63Y91         LUT5 (Prop_lut5_I1_O)        0.124    11.675 r  top/teaching_board_top/target/sbus/system_bus_xbar/_T_3985_3_i_1/O
                         net (fo=120, routed)         1.933    13.608    top/teaching_board_top/target/harts_1/bridge/_T_4005_3
    SLICE_X51Y70         LUT6 (Prop_lut6_I3_O)        0.124    13.732 r  top/teaching_board_top/target/harts_1/bridge/resvWord_0[11]_i_2/O
                         net (fo=2, routed)           0.852    14.584    top/teaching_board_top/target/sbus/system_bus_xbar/resvWord_1_reg[11]
    SLICE_X46Y69         LUT5 (Prop_lut5_I0_O)        0.124    14.708 r  top/teaching_board_top/target/sbus/system_bus_xbar/resvWord_0[11]_i_1/O
                         net (fo=10, routed)          0.609    15.317    top/teaching_board_top/target/backend/sbus_auto_coupler_to_mbus_nodelay_out_a_bits_address[14]
    SLICE_X39Y68         LUT3 (Prop_lut3_I2_O)        0.119    15.436 r  top/teaching_board_top/target/backend/address[14]_i_1/O
                         net (fo=8, routed)           1.271    16.707    top/teaching_board_top/target/bh/TLBroadcastTracker_1/backend_auto_out_a_bits_address[14]
    SLICE_X37Y56         LUT6 (Prop_lut6_I1_O)        0.332    17.039 r  top/teaching_board_top/target/bh/TLBroadcastTracker_1/value[2]_i_15/O
                         net (fo=1, routed)           0.000    17.039    top/teaching_board_top/target/bh/TLBroadcastTracker_1/value[2]_i_15_n_0
    SLICE_X37Y56         CARRY4 (Prop_carry4_S[2]_CO[3])
                                                      0.398    17.437 r  top/teaching_board_top/target/bh/TLBroadcastTracker_1/value_reg[2]_i_9/CO[3]
                         net (fo=1, routed)           0.000    17.437    top/teaching_board_top/target/bh/TLBroadcastTracker_1/value_reg[2]_i_9_n_0
    SLICE_X37Y57         CARRY4 (Prop_carry4_CI_CO[3])
                                                      0.114    17.551 r  top/teaching_board_top/target/bh/TLBroadcastTracker_1/value_reg[2]_i_7/CO[3]
                         net (fo=1, routed)           0.000    17.551    top/teaching_board_top/target/bh/TLBroadcastTracker_1/value_reg[2]_i_7_n_0
    SLICE_X37Y58         CARRY4 (Prop_carry4_CI_CO[0])
                                                      0.271    17.822 f  top/teaching_board_top/target/bh/TLBroadcastTracker_1/value_reg[2]_i_6/CO[0]
                         net (fo=2, routed)           0.902    18.724    top/teaching_board_top/target/bh/TLBroadcastTracker_3/ram_data_reg_0_7_0_5_i_8[1]
    SLICE_X38Y62         LUT4 (Prop_lut4_I3_O)        0.373    19.097 r  top/teaching_board_top/target/bh/TLBroadcastTracker_3/ram_data_reg_0_7_0_5_i_24/O
                         net (fo=3, routed)           0.884    19.980    top/teaching_board_top/target/bh/TLBroadcastTracker_1/ram_data_reg_0_7_0_5_i_2__1
    SLICE_X35Y50         LUT5 (Prop_lut5_I0_O)        0.124    20.104 r  top/teaching_board_top/target/bh/TLBroadcastTracker_1/ram_data_reg_0_7_0_5_i_3__1/O
                         net (fo=2, routed)           0.874    20.979    top/teaching_board_top/target/bh/TLBroadcastTracker_3/o_data/_T_585[2]_i_7_1
    SLICE_X38Y62         LUT6 (Prop_lut6_I5_O)        0.124    21.103 r  top/teaching_board_top/target/bh/TLBroadcastTracker_3/o_data/ram_data_reg_0_7_0_5_i_3__0/O
                         net (fo=2, routed)           0.675    21.777    top/teaching_board_top/target/bh/TLBroadcastTracker_3/o_data/ram_data_reg_0_7_0_5_i_3__0_n_0
    SLICE_X38Y64         LUT5 (Prop_lut5_I2_O)        0.124    21.901 f  top/teaching_board_top/target/bh/TLBroadcastTracker_3/o_data/_T_585[2]_i_7/O
                         net (fo=5, routed)           0.847    22.748    top/teaching_board_top/target/backend/_T_1082_reg[0]_2
    SLICE_X48Y68         LUT6 (Prop_lut6_I1_O)        0.124    22.872 r  top/teaching_board_top/target/backend/_T_585[2]_i_8/O
                         net (fo=1, routed)           0.161    23.033    top/teaching_board_top/target/sbus/system_bus_xbar/_T_3803_reg[0]_6
    SLICE_X48Y68         LUT6 (Prop_lut6_I5_O)        0.124    23.157 r  top/teaching_board_top/target/sbus/system_bus_xbar/_T_585[2]_i_3/O
                         net (fo=29, routed)          1.672    24.829    top/teaching_board_top/target/sbus/system_bus_xbar/ram_sc_reg[0]
    SLICE_X65Y93         LUT5 (Prop_lut5_I1_O)        0.124    24.953 r  top/teaching_board_top/target/sbus/system_bus_xbar/len[63]_i_12/O
                         net (fo=1, routed)           0.462    25.415    top/teaching_board_top/target/sbus/system_bus_xbar/len[63]_i_12_n_0
    SLICE_X65Y94         LUT6 (Prop_lut6_I0_O)        0.124    25.539 f  top/teaching_board_top/target/sbus/system_bus_xbar/len[63]_i_6/O
                         net (fo=11, routed)          0.860    26.398    top/teaching_board_top/target/rd2serial/len_reg[0]_0
    SLICE_X64Y87         LUT5 (Prop_lut5_I3_O)        0.150    26.548 r  top/teaching_board_top/target/rd2serial/addr[31]_i_3/O
                         net (fo=36, routed)          0.845    27.393    top/teaching_board_top/target/rd2serial/addr[31]_i_3_n_0
    SLICE_X61Y84         LUT4 (Prop_lut4_I2_O)        0.326    27.719 r  top/teaching_board_top/target/rd2serial/addr[63]_i_1__0/O
                         net (fo=35, routed)          0.740    28.460    top/teaching_board_top/target/rd2serial/addr[63]_i_1__0_n_0
    SLICE_X58Y82         FDRE                                         r  top/teaching_board_top/target/rd2serial/addr_reg[34]/R
  -------------------------------------------------------------------    -------------------

                         (clock host_clk_i rise edge)
                                                     25.000    25.000 r  
    H16                                               0.000    25.000 r  clk (IN)
                         net (fo=0)                   0.000    25.000    clk
    H16                  IBUF (Prop_ibuf_I_O)         1.380    26.380 r  ibufg_gclk/O
                         net (fo=1, routed)           1.162    27.542    gclk_i
    MMCME2_ADV_X1Y2      MMCME2_ADV (Prop_mmcme2_adv_CLKIN1_CLKOUT0)
                                                      0.083    27.625 r  MMCME2_BASE_inst/CLKOUT0
                         net (fo=1, routed)           2.012    29.637    host_clk_i
    BUFGCTRL_X0Y16       BUFG (Prop_bufg_I_O)         0.091    29.728 r  bufg_host_clk/O
                         net (fo=13302, routed)       1.529    31.257    top/teaching_board_top/target/rd2serial/host_clk
    SLICE_X58Y82         FDRE                                         r  top/teaching_board_top/target/rd2serial/addr_reg[34]/C
                         clock pessimism              0.416    31.673    
                         clock uncertainty           -0.082    31.592    
    SLICE_X58Y82         FDRE (Setup_fdre_C_R)       -0.524    31.068    top/teaching_board_top/target/rd2serial/addr_reg[34]
  -------------------------------------------------------------------
                         required time                         31.068    
                         arrival time                         -28.460    
  -------------------------------------------------------------------
                         slack                                  2.608    

Slack (MET) :             2.608ns  (required time - arrival time)
  Source:                 top/teaching_board_top/target/controller/trackers_1/req_addr_reg[31]/C
                            (rising edge-triggered cell FDRE clocked by host_clk_i  {rise@0.000ns fall@12.500ns period=25.000ns})
  Destination:            top/teaching_board_top/target/rd2serial/addr_reg[56]/R
                            (rising edge-triggered cell FDRE clocked by host_clk_i  {rise@0.000ns fall@12.500ns period=25.000ns})
  Path Group:             host_clk_i
  Path Type:              Setup (Max at Slow Process Corner)
  Requirement:            25.000ns  (host_clk_i rise@25.000ns - host_clk_i rise@0.000ns)
  Data Path Delay:        21.689ns  (logic 4.275ns (19.710%)  route 17.414ns (80.290%))
  Logic Levels:           22  (CARRY4=3 LUT3=1 LUT4=3 LUT5=6 LUT6=9)
  Clock Path Skew:        -0.097ns (DCD - SCD + CPR)
    Destination Clock Delay (DCD):    6.257ns = ( 31.257 - 25.000 ) 
    Source Clock Delay      (SCD):    6.771ns
    Clock Pessimism Removal (CPR):    0.416ns
  Clock Uncertainty:      0.082ns  ((TSJ^2 + DJ^2)^1/2) / 2 + PE
    Total System Jitter     (TSJ):    0.071ns
    Discrete Jitter          (DJ):    0.147ns
    Phase Error              (PE):    0.000ns

    Location             Delay type                Incr(ns)  Path(ns)    Netlist Resource(s)
  -------------------------------------------------------------------    -------------------
                         (clock host_clk_i rise edge)
                                                      0.000     0.000 r  
    H16                                               0.000     0.000 r  clk (IN)
                         net (fo=0)                   0.000     0.000    clk
    H16                  IBUF (Prop_ibuf_I_O)         1.451     1.451 r  ibufg_gclk/O
                         net (fo=1, routed)           1.285     2.736    gclk_i
    MMCME2_ADV_X1Y2      MMCME2_ADV (Prop_mmcme2_adv_CLKIN1_CLKOUT0)
                                                      0.088     2.824 r  MMCME2_BASE_inst/CLKOUT0
                         net (fo=1, routed)           2.206     5.030    host_clk_i
    BUFGCTRL_X0Y16       BUFG (Prop_bufg_I_O)         0.101     5.131 r  bufg_host_clk/O
                         net (fo=13302, routed)       1.640     6.771    top/teaching_board_top/target/controller/trackers_1/host_clk
    SLICE_X37Y80         FDRE                                         r  top/teaching_board_top/target/controller/trackers_1/req_addr_reg[31]/C
  -------------------------------------------------------------------    -------------------
    SLICE_X37Y80         FDRE (Prop_fdre_C_Q)         0.456     7.227 f  top/teaching_board_top/target/controller/trackers_1/req_addr_reg[31]/Q
                         net (fo=10, routed)          1.380     8.606    top/teaching_board_top/target/controller/trackers_1/controller_auto_mem_out_1_a_bits_address[31]
    SLICE_X48Y89         LUT6 (Prop_lut6_I0_O)        0.124     8.730 r  top/teaching_board_top/target/controller/trackers_1/curHart_i_7/O
                         net (fo=6, routed)           0.921     9.651    top/teaching_board_top/target/controller/trackers/_T_3820[3]_i_3_0
    SLICE_X62Y91         LUT6 (Prop_lut6_I0_O)        0.124     9.775 f  top/teaching_board_top/target/controller/trackers/_T_3820[0]_i_3/O
                         net (fo=2, routed)           0.458    10.233    top/teaching_board_top/target/rd2serial/resvWord_0[28]_i_12_0
    SLICE_X64Y92         LUT6 (Prop_lut6_I5_O)        0.124    10.357 f  top/teaching_board_top/target/rd2serial/nDrained[0]_i_6/O
                         net (fo=5, routed)           0.632    10.989    top/teaching_board_top/target/harts_1/bridge/_T_3985_3_reg
    SLICE_X64Y91         LUT4 (Prop_lut4_I0_O)        0.124    11.113 r  top/teaching_board_top/target/harts_1/bridge/_T_3820[3]_i_6/O
                         net (fo=3, routed)           0.438    11.551    top/teaching_board_top/target/sbus/system_bus_xbar/_T_3985_3_reg_2
    SLICE_X63Y91         LUT5 (Prop_lut5_I1_O)        0.124    11.675 r  top/teaching_board_top/target/sbus/system_bus_xbar/_T_3985_3_i_1/O
                         net (fo=120, routed)         1.933    13.608    top/teaching_board_top/target/harts_1/bridge/_T_4005_3
    SLICE_X51Y70         LUT6 (Prop_lut6_I3_O)        0.124    13.732 r  top/teaching_board_top/target/harts_1/bridge/resvWord_0[11]_i_2/O
                         net (fo=2, routed)           0.852    14.584    top/teaching_board_top/target/sbus/system_bus_xbar/resvWord_1_reg[11]
    SLICE_X46Y69         LUT5 (Prop_lut5_I0_O)        0.124    14.708 r  top/teaching_board_top/target/sbus/system_bus_xbar/resvWord_0[11]_i_1/O
                         net (fo=10, routed)          0.609    15.317    top/teaching_board_top/target/backend/sbus_auto_coupler_to_mbus_nodelay_out_a_bits_address[14]
    SLICE_X39Y68         LUT3 (Prop_lut3_I2_O)        0.119    15.436 r  top/teaching_board_top/target/backend/address[14]_i_1/O
                         net (fo=8, routed)           1.271    16.707    top/teaching_board_top/target/bh/TLBroadcastTracker_1/backend_auto_out_a_bits_address[14]
    SLICE_X37Y56         LUT6 (Prop_lut6_I1_O)        0.332    17.039 r  top/teaching_board_top/target/bh/TLBroadcastTracker_1/value[2]_i_15/O
                         net (fo=1, routed)           0.000    17.039    top/teaching_board_top/target/bh/TLBroadcastTracker_1/value[2]_i_15_n_0
    SLICE_X37Y56         CARRY4 (Prop_carry4_S[2]_CO[3])
                                                      0.398    17.437 r  top/teaching_board_top/target/bh/TLBroadcastTracker_1/value_reg[2]_i_9/CO[3]
                         net (fo=1, routed)           0.000    17.437    top/teaching_board_top/target/bh/TLBroadcastTracker_1/value_reg[2]_i_9_n_0
    SLICE_X37Y57         CARRY4 (Prop_carry4_CI_CO[3])
                                                      0.114    17.551 r  top/teaching_board_top/target/bh/TLBroadcastTracker_1/value_reg[2]_i_7/CO[3]
                         net (fo=1, routed)           0.000    17.551    top/teaching_board_top/target/bh/TLBroadcastTracker_1/value_reg[2]_i_7_n_0
    SLICE_X37Y58         CARRY4 (Prop_carry4_CI_CO[0])
                                                      0.271    17.822 f  top/teaching_board_top/target/bh/TLBroadcastTracker_1/value_reg[2]_i_6/CO[0]
                         net (fo=2, routed)           0.902    18.724    top/teaching_board_top/target/bh/TLBroadcastTracker_3/ram_data_reg_0_7_0_5_i_8[1]
    SLICE_X38Y62         LUT4 (Prop_lut4_I3_O)        0.373    19.097 r  top/teaching_board_top/target/bh/TLBroadcastTracker_3/ram_data_reg_0_7_0_5_i_24/O
                         net (fo=3, routed)           0.884    19.980    top/teaching_board_top/target/bh/TLBroadcastTracker_1/ram_data_reg_0_7_0_5_i_2__1
    SLICE_X35Y50         LUT5 (Prop_lut5_I0_O)        0.124    20.104 r  top/teaching_board_top/target/bh/TLBroadcastTracker_1/ram_data_reg_0_7_0_5_i_3__1/O
                         net (fo=2, routed)           0.874    20.979    top/teaching_board_top/target/bh/TLBroadcastTracker_3/o_data/_T_585[2]_i_7_1
    SLICE_X38Y62         LUT6 (Prop_lut6_I5_O)        0.124    21.103 r  top/teaching_board_top/target/bh/TLBroadcastTracker_3/o_data/ram_data_reg_0_7_0_5_i_3__0/O
                         net (fo=2, routed)           0.675    21.777    top/teaching_board_top/target/bh/TLBroadcastTracker_3/o_data/ram_data_reg_0_7_0_5_i_3__0_n_0
    SLICE_X38Y64         LUT5 (Prop_lut5_I2_O)        0.124    21.901 f  top/teaching_board_top/target/bh/TLBroadcastTracker_3/o_data/_T_585[2]_i_7/O
                         net (fo=5, routed)           0.847    22.748    top/teaching_board_top/target/backend/_T_1082_reg[0]_2
    SLICE_X48Y68         LUT6 (Prop_lut6_I1_O)        0.124    22.872 r  top/teaching_board_top/target/backend/_T_585[2]_i_8/O
                         net (fo=1, routed)           0.161    23.033    top/teaching_board_top/target/sbus/system_bus_xbar/_T_3803_reg[0]_6
    SLICE_X48Y68         LUT6 (Prop_lut6_I5_O)        0.124    23.157 r  top/teaching_board_top/target/sbus/system_bus_xbar/_T_585[2]_i_3/O
                         net (fo=29, routed)          1.672    24.829    top/teaching_board_top/target/sbus/system_bus_xbar/ram_sc_reg[0]
    SLICE_X65Y93         LUT5 (Prop_lut5_I1_O)        0.124    24.953 r  top/teaching_board_top/target/sbus/system_bus_xbar/len[63]_i_12/O
                         net (fo=1, routed)           0.462    25.415    top/teaching_board_top/target/sbus/system_bus_xbar/len[63]_i_12_n_0
    SLICE_X65Y94         LUT6 (Prop_lut6_I0_O)        0.124    25.539 f  top/teaching_board_top/target/sbus/system_bus_xbar/len[63]_i_6/O
                         net (fo=11, routed)          0.860    26.398    top/teaching_board_top/target/rd2serial/len_reg[0]_0
    SLICE_X64Y87         LUT5 (Prop_lut5_I3_O)        0.150    26.548 r  top/teaching_board_top/target/rd2serial/addr[31]_i_3/O
                         net (fo=36, routed)          0.845    27.393    top/teaching_board_top/target/rd2serial/addr[31]_i_3_n_0
    SLICE_X61Y84         LUT4 (Prop_lut4_I2_O)        0.326    27.719 r  top/teaching_board_top/target/rd2serial/addr[63]_i_1__0/O
                         net (fo=35, routed)          0.740    28.460    top/teaching_board_top/target/rd2serial/addr[63]_i_1__0_n_0
    SLICE_X58Y82         FDRE                                         r  top/teaching_board_top/target/rd2serial/addr_reg[56]/R
  -------------------------------------------------------------------    -------------------

                         (clock host_clk_i rise edge)
                                                     25.000    25.000 r  
    H16                                               0.000    25.000 r  clk (IN)
                         net (fo=0)                   0.000    25.000    clk
    H16                  IBUF (Prop_ibuf_I_O)         1.380    26.380 r  ibufg_gclk/O
                         net (fo=1, routed)           1.162    27.542    gclk_i
    MMCME2_ADV_X1Y2      MMCME2_ADV (Prop_mmcme2_adv_CLKIN1_CLKOUT0)
                                                      0.083    27.625 r  MMCME2_BASE_inst/CLKOUT0
                         net (fo=1, routed)           2.012    29.637    host_clk_i
    BUFGCTRL_X0Y16       BUFG (Prop_bufg_I_O)         0.091    29.728 r  bufg_host_clk/O
                         net (fo=13302, routed)       1.529    31.257    top/teaching_board_top/target/rd2serial/host_clk
    SLICE_X58Y82         FDRE                                         r  top/teaching_board_top/target/rd2serial/addr_reg[56]/C
                         clock pessimism              0.416    31.673    
                         clock uncertainty           -0.082    31.592    
    SLICE_X58Y82         FDRE (Setup_fdre_C_R)       -0.524    31.068    top/teaching_board_top/target/rd2serial/addr_reg[56]
  -------------------------------------------------------------------
                         required time                         31.068    
                         arrival time                         -28.460    
  -------------------------------------------------------------------
                         slack                                  2.608    

Slack (MET) :             2.621ns  (required time - arrival time)
  Source:                 top/teaching_board_top/target/controller/trackers_1/req_addr_reg[31]/C
                            (rising edge-triggered cell FDRE clocked by host_clk_i  {rise@0.000ns fall@12.500ns period=25.000ns})
  Destination:            top/teaching_board_top/target/rd2serial/addr_reg[3]/CE
                            (rising edge-triggered cell FDRE clocked by host_clk_i  {rise@0.000ns fall@12.500ns period=25.000ns})
  Path Group:             host_clk_i
  Path Type:              Setup (Max at Slow Process Corner)
  Requirement:            25.000ns  (host_clk_i rise@25.000ns - host_clk_i rise@0.000ns)
  Data Path Delay:        22.027ns  (logic 4.275ns (19.408%)  route 17.752ns (80.592%))
  Logic Levels:           22  (CARRY4=3 LUT3=1 LUT4=3 LUT5=6 LUT6=9)
  Clock Path Skew:        -0.101ns (DCD - SCD + CPR)
    Destination Clock Delay (DCD):    6.253ns = ( 31.253 - 25.000 ) 
    Source Clock Delay      (SCD):    6.771ns
    Clock Pessimism Removal (CPR):    0.416ns
  Clock Uncertainty:      0.082ns  ((TSJ^2 + DJ^2)^1/2) / 2 + PE
    Total System Jitter     (TSJ):    0.071ns
    Discrete Jitter          (DJ):    0.147ns
    Phase Error              (PE):    0.000ns

    Location             Delay type                Incr(ns)  Path(ns)    Netlist Resource(s)
  -------------------------------------------------------------------    -------------------
                         (clock host_clk_i rise edge)
                                                      0.000     0.000 r  
    H16                                               0.000     0.000 r  clk (IN)
                         net (fo=0)                   0.000     0.000    clk
    H16                  IBUF (Prop_ibuf_I_O)         1.451     1.451 r  ibufg_gclk/O
                         net (fo=1, routed)           1.285     2.736    gclk_i
    MMCME2_ADV_X1Y2      MMCME2_ADV (Prop_mmcme2_adv_CLKIN1_CLKOUT0)
                                                      0.088     2.824 r  MMCME2_BASE_inst/CLKOUT0
                         net (fo=1, routed)           2.206     5.030    host_clk_i
    BUFGCTRL_X0Y16       BUFG (Prop_bufg_I_O)         0.101     5.131 r  bufg_host_clk/O
                         net (fo=13302, routed)       1.640     6.771    top/teaching_board_top/target/controller/trackers_1/host_clk
    SLICE_X37Y80         FDRE                                         r  top/teaching_board_top/target/controller/trackers_1/req_addr_reg[31]/C
  -------------------------------------------------------------------    -------------------
    SLICE_X37Y80         FDRE (Prop_fdre_C_Q)         0.456     7.227 f  top/teaching_board_top/target/controller/trackers_1/req_addr_reg[31]/Q
                         net (fo=10, routed)          1.380     8.606    top/teaching_board_top/target/controller/trackers_1/controller_auto_mem_out_1_a_bits_address[31]
    SLICE_X48Y89         LUT6 (Prop_lut6_I0_O)        0.124     8.730 r  top/teaching_board_top/target/controller/trackers_1/curHart_i_7/O
                         net (fo=6, routed)           0.921     9.651    top/teaching_board_top/target/controller/trackers/_T_3820[3]_i_3_0
    SLICE_X62Y91         LUT6 (Prop_lut6_I0_O)        0.124     9.775 f  top/teaching_board_top/target/controller/trackers/_T_3820[0]_i_3/O
                         net (fo=2, routed)           0.458    10.233    top/teaching_board_top/target/rd2serial/resvWord_0[28]_i_12_0
    SLICE_X64Y92         LUT6 (Prop_lut6_I5_O)        0.124    10.357 f  top/teaching_board_top/target/rd2serial/nDrained[0]_i_6/O
                         net (fo=5, routed)           0.632    10.989    top/teaching_board_top/target/harts_1/bridge/_T_3985_3_reg
    SLICE_X64Y91         LUT4 (Prop_lut4_I0_O)        0.124    11.113 r  top/teaching_board_top/target/harts_1/bridge/_T_3820[3]_i_6/O
                         net (fo=3, routed)           0.438    11.551    top/teaching_board_top/target/sbus/system_bus_xbar/_T_3985_3_reg_2
    SLICE_X63Y91         LUT5 (Prop_lut5_I1_O)        0.124    11.675 r  top/teaching_board_top/target/sbus/system_bus_xbar/_T_3985_3_i_1/O
                         net (fo=120, routed)         1.933    13.608    top/teaching_board_top/target/harts_1/bridge/_T_4005_3
    SLICE_X51Y70         LUT6 (Prop_lut6_I3_O)        0.124    13.732 r  top/teaching_board_top/target/harts_1/bridge/resvWord_0[11]_i_2/O
                         net (fo=2, routed)           0.852    14.584    top/teaching_board_top/target/sbus/system_bus_xbar/resvWord_1_reg[11]
    SLICE_X46Y69         LUT5 (Prop_lut5_I0_O)        0.124    14.708 r  top/teaching_board_top/target/sbus/system_bus_xbar/resvWord_0[11]_i_1/O
                         net (fo=10, routed)          0.609    15.317    top/teaching_board_top/target/backend/sbus_auto_coupler_to_mbus_nodelay_out_a_bits_address[14]
    SLICE_X39Y68         LUT3 (Prop_lut3_I2_O)        0.119    15.436 r  top/teaching_board_top/target/backend/address[14]_i_1/O
                         net (fo=8, routed)           1.271    16.707    top/teaching_board_top/target/bh/TLBroadcastTracker_1/backend_auto_out_a_bits_address[14]
    SLICE_X37Y56         LUT6 (Prop_lut6_I1_O)        0.332    17.039 r  top/teaching_board_top/target/bh/TLBroadcastTracker_1/value[2]_i_15/O
                         net (fo=1, routed)           0.000    17.039    top/teaching_board_top/target/bh/TLBroadcastTracker_1/value[2]_i_15_n_0
    SLICE_X37Y56         CARRY4 (Prop_carry4_S[2]_CO[3])
                                                      0.398    17.437 r  top/teaching_board_top/target/bh/TLBroadcastTracker_1/value_reg[2]_i_9/CO[3]
                         net (fo=1, routed)           0.000    17.437    top/teaching_board_top/target/bh/TLBroadcastTracker_1/value_reg[2]_i_9_n_0
    SLICE_X37Y57         CARRY4 (Prop_carry4_CI_CO[3])
                                                      0.114    17.551 r  top/teaching_board_top/target/bh/TLBroadcastTracker_1/value_reg[2]_i_7/CO[3]
                         net (fo=1, routed)           0.000    17.551    top/teaching_board_top/target/bh/TLBroadcastTracker_1/value_reg[2]_i_7_n_0
    SLICE_X37Y58         CARRY4 (Prop_carry4_CI_CO[0])
                                                      0.271    17.822 f  top/teaching_board_top/target/bh/TLBroadcastTracker_1/value_reg[2]_i_6/CO[0]
                         net (fo=2, routed)           0.902    18.724    top/teaching_board_top/target/bh/TLBroadcastTracker_3/ram_data_reg_0_7_0_5_i_8[1]
    SLICE_X38Y62         LUT4 (Prop_lut4_I3_O)        0.373    19.097 r  top/teaching_board_top/target/bh/TLBroadcastTracker_3/ram_data_reg_0_7_0_5_i_24/O
                         net (fo=3, routed)           0.884    19.980    top/teaching_board_top/target/bh/TLBroadcastTracker_1/ram_data_reg_0_7_0_5_i_2__1
    SLICE_X35Y50         LUT5 (Prop_lut5_I0_O)        0.124    20.104 r  top/teaching_board_top/target/bh/TLBroadcastTracker_1/ram_data_reg_0_7_0_5_i_3__1/O
                         net (fo=2, routed)           0.874    20.979    top/teaching_board_top/target/bh/TLBroadcastTracker_3/o_data/_T_585[2]_i_7_1
    SLICE_X38Y62         LUT6 (Prop_lut6_I5_O)        0.124    21.103 r  top/teaching_board_top/target/bh/TLBroadcastTracker_3/o_data/ram_data_reg_0_7_0_5_i_3__0/O
                         net (fo=2, routed)           0.675    21.777    top/teaching_board_top/target/bh/TLBroadcastTracker_3/o_data/ram_data_reg_0_7_0_5_i_3__0_n_0
    SLICE_X38Y64         LUT5 (Prop_lut5_I2_O)        0.124    21.901 f  top/teaching_board_top/target/bh/TLBroadcastTracker_3/o_data/_T_585[2]_i_7/O
                         net (fo=5, routed)           0.847    22.748    top/teaching_board_top/target/backend/_T_1082_reg[0]_2
    SLICE_X48Y68         LUT6 (Prop_lut6_I1_O)        0.124    22.872 r  top/teaching_board_top/target/backend/_T_585[2]_i_8/O
                         net (fo=1, routed)           0.161    23.033    top/teaching_board_top/target/sbus/system_bus_xbar/_T_3803_reg[0]_6
    SLICE_X48Y68         LUT6 (Prop_lut6_I5_O)        0.124    23.157 r  top/teaching_board_top/target/sbus/system_bus_xbar/_T_585[2]_i_3/O
                         net (fo=29, routed)          1.672    24.829    top/teaching_board_top/target/sbus/system_bus_xbar/ram_sc_reg[0]
    SLICE_X65Y93         LUT5 (Prop_lut5_I1_O)        0.124    24.953 r  top/teaching_board_top/target/sbus/system_bus_xbar/len[63]_i_12/O
                         net (fo=1, routed)           0.462    25.415    top/teaching_board_top/target/sbus/system_bus_xbar/len[63]_i_12_n_0
    SLICE_X65Y94         LUT6 (Prop_lut6_I0_O)        0.124    25.539 f  top/teaching_board_top/target/sbus/system_bus_xbar/len[63]_i_6/O
                         net (fo=11, routed)          0.860    26.398    top/teaching_board_top/target/rd2serial/len_reg[0]_0
    SLICE_X64Y87         LUT5 (Prop_lut5_I3_O)        0.150    26.548 r  top/teaching_board_top/target/rd2serial/addr[31]_i_3/O
                         net (fo=36, routed)          0.813    27.361    top/teaching_board_top/target/rd2serial/addr[31]_i_3_n_0
    SLICE_X65Y83         LUT4 (Prop_lut4_I0_O)        0.326    27.687 r  top/teaching_board_top/target/rd2serial/addr[31]_i_1/O
                         net (fo=64, routed)          1.111    28.798    top/teaching_board_top/target/rd2serial/addr[31]_i_1_n_0
    SLICE_X58Y71         FDRE                                         r  top/teaching_board_top/target/rd2serial/addr_reg[3]/CE
  -------------------------------------------------------------------    -------------------

                         (clock host_clk_i rise edge)
                                                     25.000    25.000 r  
    H16                                               0.000    25.000 r  clk (IN)
                         net (fo=0)                   0.000    25.000    clk
    H16                  IBUF (Prop_ibuf_I_O)         1.380    26.380 r  ibufg_gclk/O
                         net (fo=1, routed)           1.162    27.542    gclk_i
    MMCME2_ADV_X1Y2      MMCME2_ADV (Prop_mmcme2_adv_CLKIN1_CLKOUT0)
                                                      0.083    27.625 r  MMCME2_BASE_inst/CLKOUT0
                         net (fo=1, routed)           2.012    29.637    host_clk_i
    BUFGCTRL_X0Y16       BUFG (Prop_bufg_I_O)         0.091    29.728 r  bufg_host_clk/O
                         net (fo=13302, routed)       1.525    31.253    top/teaching_board_top/target/rd2serial/host_clk
    SLICE_X58Y71         FDRE                                         r  top/teaching_board_top/target/rd2serial/addr_reg[3]/C
                         clock pessimism              0.416    31.669    
                         clock uncertainty           -0.082    31.588    
    SLICE_X58Y71         FDRE (Setup_fdre_C_CE)      -0.169    31.419    top/teaching_board_top/target/rd2serial/addr_reg[3]
  -------------------------------------------------------------------
                         required time                         31.419    
                         arrival time                         -28.798    
  -------------------------------------------------------------------
                         slack                                  2.621    

Slack (MET) :             2.626ns  (required time - arrival time)
  Source:                 top/teaching_board_top/target/controller/trackers_1/req_addr_reg[31]/C
                            (rising edge-triggered cell FDRE clocked by host_clk_i  {rise@0.000ns fall@12.500ns period=25.000ns})
  Destination:            top/teaching_board_top/target/rd2serial/addr_reg[22]/CE
                            (rising edge-triggered cell FDRE clocked by host_clk_i  {rise@0.000ns fall@12.500ns period=25.000ns})
  Path Group:             host_clk_i
  Path Type:              Setup (Max at Slow Process Corner)
  Requirement:            25.000ns  (host_clk_i rise@25.000ns - host_clk_i rise@0.000ns)
  Data Path Delay:        21.981ns  (logic 4.275ns (19.449%)  route 17.706ns (80.551%))
  Logic Levels:           22  (CARRY4=3 LUT3=1 LUT4=3 LUT5=6 LUT6=9)
  Clock Path Skew:        -0.106ns (DCD - SCD + CPR)
    Destination Clock Delay (DCD):    6.248ns = ( 31.248 - 25.000 ) 
    Source Clock Delay      (SCD):    6.771ns
    Clock Pessimism Removal (CPR):    0.416ns
  Clock Uncertainty:      0.082ns  ((TSJ^2 + DJ^2)^1/2) / 2 + PE
    Total System Jitter     (TSJ):    0.071ns
    Discrete Jitter          (DJ):    0.147ns
    Phase Error              (PE):    0.000ns

    Location             Delay type                Incr(ns)  Path(ns)    Netlist Resource(s)
  -------------------------------------------------------------------    -------------------
                         (clock host_clk_i rise edge)
                                                      0.000     0.000 r  
    H16                                               0.000     0.000 r  clk (IN)
                         net (fo=0)                   0.000     0.000    clk
    H16                  IBUF (Prop_ibuf_I_O)         1.451     1.451 r  ibufg_gclk/O
                         net (fo=1, routed)           1.285     2.736    gclk_i
    MMCME2_ADV_X1Y2      MMCME2_ADV (Prop_mmcme2_adv_CLKIN1_CLKOUT0)
                                                      0.088     2.824 r  MMCME2_BASE_inst/CLKOUT0
                         net (fo=1, routed)           2.206     5.030    host_clk_i
    BUFGCTRL_X0Y16       BUFG (Prop_bufg_I_O)         0.101     5.131 r  bufg_host_clk/O
                         net (fo=13302, routed)       1.640     6.771    top/teaching_board_top/target/controller/trackers_1/host_clk
    SLICE_X37Y80         FDRE                                         r  top/teaching_board_top/target/controller/trackers_1/req_addr_reg[31]/C
  -------------------------------------------------------------------    -------------------
    SLICE_X37Y80         FDRE (Prop_fdre_C_Q)         0.456     7.227 f  top/teaching_board_top/target/controller/trackers_1/req_addr_reg[31]/Q
                         net (fo=10, routed)          1.380     8.606    top/teaching_board_top/target/controller/trackers_1/controller_auto_mem_out_1_a_bits_address[31]
    SLICE_X48Y89         LUT6 (Prop_lut6_I0_O)        0.124     8.730 r  top/teaching_board_top/target/controller/trackers_1/curHart_i_7/O
                         net (fo=6, routed)           0.921     9.651    top/teaching_board_top/target/controller/trackers/_T_3820[3]_i_3_0
    SLICE_X62Y91         LUT6 (Prop_lut6_I0_O)        0.124     9.775 f  top/teaching_board_top/target/controller/trackers/_T_3820[0]_i_3/O
                         net (fo=2, routed)           0.458    10.233    top/teaching_board_top/target/rd2serial/resvWord_0[28]_i_12_0
    SLICE_X64Y92         LUT6 (Prop_lut6_I5_O)        0.124    10.357 f  top/teaching_board_top/target/rd2serial/nDrained[0]_i_6/O
                         net (fo=5, routed)           0.632    10.989    top/teaching_board_top/target/harts_1/bridge/_T_3985_3_reg
    SLICE_X64Y91         LUT4 (Prop_lut4_I0_O)        0.124    11.113 r  top/teaching_board_top/target/harts_1/bridge/_T_3820[3]_i_6/O
                         net (fo=3, routed)           0.438    11.551    top/teaching_board_top/target/sbus/system_bus_xbar/_T_3985_3_reg_2
    SLICE_X63Y91         LUT5 (Prop_lut5_I1_O)        0.124    11.675 r  top/teaching_board_top/target/sbus/system_bus_xbar/_T_3985_3_i_1/O
                         net (fo=120, routed)         1.933    13.608    top/teaching_board_top/target/harts_1/bridge/_T_4005_3
    SLICE_X51Y70         LUT6 (Prop_lut6_I3_O)        0.124    13.732 r  top/teaching_board_top/target/harts_1/bridge/resvWord_0[11]_i_2/O
                         net (fo=2, routed)           0.852    14.584    top/teaching_board_top/target/sbus/system_bus_xbar/resvWord_1_reg[11]
    SLICE_X46Y69         LUT5 (Prop_lut5_I0_O)        0.124    14.708 r  top/teaching_board_top/target/sbus/system_bus_xbar/resvWord_0[11]_i_1/O
                         net (fo=10, routed)          0.609    15.317    top/teaching_board_top/target/backend/sbus_auto_coupler_to_mbus_nodelay_out_a_bits_address[14]
    SLICE_X39Y68         LUT3 (Prop_lut3_I2_O)        0.119    15.436 r  top/teaching_board_top/target/backend/address[14]_i_1/O
                         net (fo=8, routed)           1.271    16.707    top/teaching_board_top/target/bh/TLBroadcastTracker_1/backend_auto_out_a_bits_address[14]
    SLICE_X37Y56         LUT6 (Prop_lut6_I1_O)        0.332    17.039 r  top/teaching_board_top/target/bh/TLBroadcastTracker_1/value[2]_i_15/O
                         net (fo=1, routed)           0.000    17.039    top/teaching_board_top/target/bh/TLBroadcastTracker_1/value[2]_i_15_n_0
    SLICE_X37Y56         CARRY4 (Prop_carry4_S[2]_CO[3])
                                                      0.398    17.437 r  top/teaching_board_top/target/bh/TLBroadcastTracker_1/value_reg[2]_i_9/CO[3]
                         net (fo=1, routed)           0.000    17.437    top/teaching_board_top/target/bh/TLBroadcastTracker_1/value_reg[2]_i_9_n_0
    SLICE_X37Y57         CARRY4 (Prop_carry4_CI_CO[3])
                                                      0.114    17.551 r  top/teaching_board_top/target/bh/TLBroadcastTracker_1/value_reg[2]_i_7/CO[3]
                         net (fo=1, routed)           0.000    17.551    top/teaching_board_top/target/bh/TLBroadcastTracker_1/value_reg[2]_i_7_n_0
    SLICE_X37Y58         CARRY4 (Prop_carry4_CI_CO[0])
                                                      0.271    17.822 f  top/teaching_board_top/target/bh/TLBroadcastTracker_1/value_reg[2]_i_6/CO[0]
                         net (fo=2, routed)           0.902    18.724    top/teaching_board_top/target/bh/TLBroadcastTracker_3/ram_data_reg_0_7_0_5_i_8[1]
    SLICE_X38Y62         LUT4 (Prop_lut4_I3_O)        0.373    19.097 r  top/teaching_board_top/target/bh/TLBroadcastTracker_3/ram_data_reg_0_7_0_5_i_24/O
                         net (fo=3, routed)           0.884    19.980    top/teaching_board_top/target/bh/TLBroadcastTracker_1/ram_data_reg_0_7_0_5_i_2__1
    SLICE_X35Y50         LUT5 (Prop_lut5_I0_O)        0.124    20.104 r  top/teaching_board_top/target/bh/TLBroadcastTracker_1/ram_data_reg_0_7_0_5_i_3__1/O
                         net (fo=2, routed)           0.874    20.979    top/teaching_board_top/target/bh/TLBroadcastTracker_3/o_data/_T_585[2]_i_7_1
    SLICE_X38Y62         LUT6 (Prop_lut6_I5_O)        0.124    21.103 r  top/teaching_board_top/target/bh/TLBroadcastTracker_3/o_data/ram_data_reg_0_7_0_5_i_3__0/O
                         net (fo=2, routed)           0.675    21.777    top/teaching_board_top/target/bh/TLBroadcastTracker_3/o_data/ram_data_reg_0_7_0_5_i_3__0_n_0
    SLICE_X38Y64         LUT5 (Prop_lut5_I2_O)        0.124    21.901 f  top/teaching_board_top/target/bh/TLBroadcastTracker_3/o_data/_T_585[2]_i_7/O
                         net (fo=5, routed)           0.847    22.748    top/teaching_board_top/target/backend/_T_1082_reg[0]_2
    SLICE_X48Y68         LUT6 (Prop_lut6_I1_O)        0.124    22.872 r  top/teaching_board_top/target/backend/_T_585[2]_i_8/O
                         net (fo=1, routed)           0.161    23.033    top/teaching_board_top/target/sbus/system_bus_xbar/_T_3803_reg[0]_6
    SLICE_X48Y68         LUT6 (Prop_lut6_I5_O)        0.124    23.157 r  top/teaching_board_top/target/sbus/system_bus_xbar/_T_585[2]_i_3/O
                         net (fo=29, routed)          1.672    24.829    top/teaching_board_top/target/sbus/system_bus_xbar/ram_sc_reg[0]
    SLICE_X65Y93         LUT5 (Prop_lut5_I1_O)        0.124    24.953 r  top/teaching_board_top/target/sbus/system_bus_xbar/len[63]_i_12/O
                         net (fo=1, routed)           0.462    25.415    top/teaching_board_top/target/sbus/system_bus_xbar/len[63]_i_12_n_0
    SLICE_X65Y94         LUT6 (Prop_lut6_I0_O)        0.124    25.539 f  top/teaching_board_top/target/sbus/system_bus_xbar/len[63]_i_6/O
                         net (fo=11, routed)          0.860    26.398    top/teaching_board_top/target/rd2serial/len_reg[0]_0
    SLICE_X64Y87         LUT5 (Prop_lut5_I3_O)        0.150    26.548 r  top/teaching_board_top/target/rd2serial/addr[31]_i_3/O
                         net (fo=36, routed)          0.813    27.361    top/teaching_board_top/target/rd2serial/addr[31]_i_3_n_0
    SLICE_X65Y83         LUT4 (Prop_lut4_I0_O)        0.326    27.687 r  top/teaching_board_top/target/rd2serial/addr[31]_i_1/O
                         net (fo=64, routed)          1.064    28.752    top/teaching_board_top/target/rd2serial/addr[31]_i_1_n_0
    SLICE_X57Y75         FDRE                                         r  top/teaching_board_top/target/rd2serial/addr_reg[22]/CE
  -------------------------------------------------------------------    -------------------

                         (clock host_clk_i rise edge)
                                                     25.000    25.000 r  
    H16                                               0.000    25.000 r  clk (IN)
                         net (fo=0)                   0.000    25.000    clk
    H16                  IBUF (Prop_ibuf_I_O)         1.380    26.380 r  ibufg_gclk/O
                         net (fo=1, routed)           1.162    27.542    gclk_i
    MMCME2_ADV_X1Y2      MMCME2_ADV (Prop_mmcme2_adv_CLKIN1_CLKOUT0)
                                                      0.083    27.625 r  MMCME2_BASE_inst/CLKOUT0
                         net (fo=1, routed)           2.012    29.637    host_clk_i
    BUFGCTRL_X0Y16       BUFG (Prop_bufg_I_O)         0.091    29.728 r  bufg_host_clk/O
                         net (fo=13302, routed)       1.520    31.248    top/teaching_board_top/target/rd2serial/host_clk
    SLICE_X57Y75         FDRE                                         r  top/teaching_board_top/target/rd2serial/addr_reg[22]/C
                         clock pessimism              0.416    31.664    
                         clock uncertainty           -0.082    31.583    
    SLICE_X57Y75         FDRE (Setup_fdre_C_CE)      -0.205    31.378    top/teaching_board_top/target/rd2serial/addr_reg[22]
  -------------------------------------------------------------------
                         required time                         31.378    
                         arrival time                         -28.752    
  -------------------------------------------------------------------
                         slack                                  2.626    

Slack (MET) :             2.630ns  (required time - arrival time)
  Source:                 top/teaching_board_top/target/controller/trackers_1/req_addr_reg[31]/C
                            (rising edge-triggered cell FDRE clocked by host_clk_i  {rise@0.000ns fall@12.500ns period=25.000ns})
  Destination:            top/teaching_board_top/target/rd2serial/addr_reg[12]/CE
                            (rising edge-triggered cell FDRE clocked by host_clk_i  {rise@0.000ns fall@12.500ns period=25.000ns})
  Path Group:             host_clk_i
  Path Type:              Setup (Max at Slow Process Corner)
  Requirement:            25.000ns  (host_clk_i rise@25.000ns - host_clk_i rise@0.000ns)
  Data Path Delay:        21.982ns  (logic 4.275ns (19.448%)  route 17.707ns (80.552%))
  Logic Levels:           22  (CARRY4=3 LUT3=1 LUT4=3 LUT5=6 LUT6=9)
  Clock Path Skew:        -0.101ns (DCD - SCD + CPR)
    Destination Clock Delay (DCD):    6.253ns = ( 31.253 - 25.000 ) 
    Source Clock Delay      (SCD):    6.771ns
    Clock Pessimism Removal (CPR):    0.416ns
  Clock Uncertainty:      0.082ns  ((TSJ^2 + DJ^2)^1/2) / 2 + PE
    Total System Jitter     (TSJ):    0.071ns
    Discrete Jitter          (DJ):    0.147ns
    Phase Error              (PE):    0.000ns

    Location             Delay type                Incr(ns)  Path(ns)    Netlist Resource(s)
  -------------------------------------------------------------------    -------------------
                         (clock host_clk_i rise edge)
                                                      0.000     0.000 r  
    H16                                               0.000     0.000 r  clk (IN)
                         net (fo=0)                   0.000     0.000    clk
    H16                  IBUF (Prop_ibuf_I_O)         1.451     1.451 r  ibufg_gclk/O
                         net (fo=1, routed)           1.285     2.736    gclk_i
    MMCME2_ADV_X1Y2      MMCME2_ADV (Prop_mmcme2_adv_CLKIN1_CLKOUT0)
                                                      0.088     2.824 r  MMCME2_BASE_inst/CLKOUT0
                         net (fo=1, routed)           2.206     5.030    host_clk_i
    BUFGCTRL_X0Y16       BUFG (Prop_bufg_I_O)         0.101     5.131 r  bufg_host_clk/O
                         net (fo=13302, routed)       1.640     6.771    top/teaching_board_top/target/controller/trackers_1/host_clk
    SLICE_X37Y80         FDRE                                         r  top/teaching_board_top/target/controller/trackers_1/req_addr_reg[31]/C
  -------------------------------------------------------------------    -------------------
    SLICE_X37Y80         FDRE (Prop_fdre_C_Q)         0.456     7.227 f  top/teaching_board_top/target/controller/trackers_1/req_addr_reg[31]/Q
                         net (fo=10, routed)          1.380     8.606    top/teaching_board_top/target/controller/trackers_1/controller_auto_mem_out_1_a_bits_address[31]
    SLICE_X48Y89         LUT6 (Prop_lut6_I0_O)        0.124     8.730 r  top/teaching_board_top/target/controller/trackers_1/curHart_i_7/O
                         net (fo=6, routed)           0.921     9.651    top/teaching_board_top/target/controller/trackers/_T_3820[3]_i_3_0
    SLICE_X62Y91         LUT6 (Prop_lut6_I0_O)        0.124     9.775 f  top/teaching_board_top/target/controller/trackers/_T_3820[0]_i_3/O
                         net (fo=2, routed)           0.458    10.233    top/teaching_board_top/target/rd2serial/resvWord_0[28]_i_12_0
    SLICE_X64Y92         LUT6 (Prop_lut6_I5_O)        0.124    10.357 f  top/teaching_board_top/target/rd2serial/nDrained[0]_i_6/O
                         net (fo=5, routed)           0.632    10.989    top/teaching_board_top/target/harts_1/bridge/_T_3985_3_reg
    SLICE_X64Y91         LUT4 (Prop_lut4_I0_O)        0.124    11.113 r  top/teaching_board_top/target/harts_1/bridge/_T_3820[3]_i_6/O
                         net (fo=3, routed)           0.438    11.551    top/teaching_board_top/target/sbus/system_bus_xbar/_T_3985_3_reg_2
    SLICE_X63Y91         LUT5 (Prop_lut5_I1_O)        0.124    11.675 r  top/teaching_board_top/target/sbus/system_bus_xbar/_T_3985_3_i_1/O
                         net (fo=120, routed)         1.933    13.608    top/teaching_board_top/target/harts_1/bridge/_T_4005_3
    SLICE_X51Y70         LUT6 (Prop_lut6_I3_O)        0.124    13.732 r  top/teaching_board_top/target/harts_1/bridge/resvWord_0[11]_i_2/O
                         net (fo=2, routed)           0.852    14.584    top/teaching_board_top/target/sbus/system_bus_xbar/resvWord_1_reg[11]
    SLICE_X46Y69         LUT5 (Prop_lut5_I0_O)        0.124    14.708 r  top/teaching_board_top/target/sbus/system_bus_xbar/resvWord_0[11]_i_1/O
                         net (fo=10, routed)          0.609    15.317    top/teaching_board_top/target/backend/sbus_auto_coupler_to_mbus_nodelay_out_a_bits_address[14]
    SLICE_X39Y68         LUT3 (Prop_lut3_I2_O)        0.119    15.436 r  top/teaching_board_top/target/backend/address[14]_i_1/O
                         net (fo=8, routed)           1.271    16.707    top/teaching_board_top/target/bh/TLBroadcastTracker_1/backend_auto_out_a_bits_address[14]
    SLICE_X37Y56         LUT6 (Prop_lut6_I1_O)        0.332    17.039 r  top/teaching_board_top/target/bh/TLBroadcastTracker_1/value[2]_i_15/O
                         net (fo=1, routed)           0.000    17.039    top/teaching_board_top/target/bh/TLBroadcastTracker_1/value[2]_i_15_n_0
    SLICE_X37Y56         CARRY4 (Prop_carry4_S[2]_CO[3])
                                                      0.398    17.437 r  top/teaching_board_top/target/bh/TLBroadcastTracker_1/value_reg[2]_i_9/CO[3]
                         net (fo=1, routed)           0.000    17.437    top/teaching_board_top/target/bh/TLBroadcastTracker_1/value_reg[2]_i_9_n_0
    SLICE_X37Y57         CARRY4 (Prop_carry4_CI_CO[3])
                                                      0.114    17.551 r  top/teaching_board_top/target/bh/TLBroadcastTracker_1/value_reg[2]_i_7/CO[3]
                         net (fo=1, routed)           0.000    17.551    top/teaching_board_top/target/bh/TLBroadcastTracker_1/value_reg[2]_i_7_n_0
    SLICE_X37Y58         CARRY4 (Prop_carry4_CI_CO[0])
                                                      0.271    17.822 f  top/teaching_board_top/target/bh/TLBroadcastTracker_1/value_reg[2]_i_6/CO[0]
                         net (fo=2, routed)           0.902    18.724    top/teaching_board_top/target/bh/TLBroadcastTracker_3/ram_data_reg_0_7_0_5_i_8[1]
    SLICE_X38Y62         LUT4 (Prop_lut4_I3_O)        0.373    19.097 r  top/teaching_board_top/target/bh/TLBroadcastTracker_3/ram_data_reg_0_7_0_5_i_24/O
                         net (fo=3, routed)           0.884    19.980    top/teaching_board_top/target/bh/TLBroadcastTracker_1/ram_data_reg_0_7_0_5_i_2__1
    SLICE_X35Y50         LUT5 (Prop_lut5_I0_O)        0.124    20.104 r  top/teaching_board_top/target/bh/TLBroadcastTracker_1/ram_data_reg_0_7_0_5_i_3__1/O
                         net (fo=2, routed)           0.874    20.979    top/teaching_board_top/target/bh/TLBroadcastTracker_3/o_data/_T_585[2]_i_7_1
    SLICE_X38Y62         LUT6 (Prop_lut6_I5_O)        0.124    21.103 r  top/teaching_board_top/target/bh/TLBroadcastTracker_3/o_data/ram_data_reg_0_7_0_5_i_3__0/O
                         net (fo=2, routed)           0.675    21.777    top/teaching_board_top/target/bh/TLBroadcastTracker_3/o_data/ram_data_reg_0_7_0_5_i_3__0_n_0
    SLICE_X38Y64         LUT5 (Prop_lut5_I2_O)        0.124    21.901 f  top/teaching_board_top/target/bh/TLBroadcastTracker_3/o_data/_T_585[2]_i_7/O
                         net (fo=5, routed)           0.847    22.748    top/teaching_board_top/target/backend/_T_1082_reg[0]_2
    SLICE_X48Y68         LUT6 (Prop_lut6_I1_O)        0.124    22.872 r  top/teaching_board_top/target/backend/_T_585[2]_i_8/O
                         net (fo=1, routed)           0.161    23.033    top/teaching_board_top/target/sbus/system_bus_xbar/_T_3803_reg[0]_6
    SLICE_X48Y68         LUT6 (Prop_lut6_I5_O)        0.124    23.157 r  top/teaching_board_top/target/sbus/system_bus_xbar/_T_585[2]_i_3/O
                         net (fo=29, routed)          1.672    24.829    top/teaching_board_top/target/sbus/system_bus_xbar/ram_sc_reg[0]
    SLICE_X65Y93         LUT5 (Prop_lut5_I1_O)        0.124    24.953 r  top/teaching_board_top/target/sbus/system_bus_xbar/len[63]_i_12/O
                         net (fo=1, routed)           0.462    25.415    top/teaching_board_top/target/sbus/system_bus_xbar/len[63]_i_12_n_0
    SLICE_X65Y94         LUT6 (Prop_lut6_I0_O)        0.124    25.539 f  top/teaching_board_top/target/sbus/system_bus_xbar/len[63]_i_6/O
                         net (fo=11, routed)          0.860    26.398    top/teaching_board_top/target/rd2serial/len_reg[0]_0
    SLICE_X64Y87         LUT5 (Prop_lut5_I3_O)        0.150    26.548 r  top/teaching_board_top/target/rd2serial/addr[31]_i_3/O
                         net (fo=36, routed)          0.813    27.361    top/teaching_board_top/target/rd2serial/addr[31]_i_3_n_0
    SLICE_X65Y83         LUT4 (Prop_lut4_I0_O)        0.326    27.687 r  top/teaching_board_top/target/rd2serial/addr[31]_i_1/O
                         net (fo=64, routed)          1.065    28.752    top/teaching_board_top/target/rd2serial/addr[31]_i_1_n_0
    SLICE_X60Y73         FDRE                                         r  top/teaching_board_top/target/rd2serial/addr_reg[12]/CE
  -------------------------------------------------------------------    -------------------

                         (clock host_clk_i rise edge)
                                                     25.000    25.000 r  
    H16                                               0.000    25.000 r  clk (IN)
                         net (fo=0)                   0.000    25.000    clk
    H16                  IBUF (Prop_ibuf_I_O)         1.380    26.380 r  ibufg_gclk/O
                         net (fo=1, routed)           1.162    27.542    gclk_i
    MMCME2_ADV_X1Y2      MMCME2_ADV (Prop_mmcme2_adv_CLKIN1_CLKOUT0)
                                                      0.083    27.625 r  MMCME2_BASE_inst/CLKOUT0
                         net (fo=1, routed)           2.012    29.637    host_clk_i
    BUFGCTRL_X0Y16       BUFG (Prop_bufg_I_O)         0.091    29.728 r  bufg_host_clk/O
                         net (fo=13302, routed)       1.525    31.253    top/teaching_board_top/target/rd2serial/host_clk
    SLICE_X60Y73         FDRE                                         r  top/teaching_board_top/target/rd2serial/addr_reg[12]/C
                         clock pessimism              0.416    31.669    
                         clock uncertainty           -0.082    31.588    
    SLICE_X60Y73         FDRE (Setup_fdre_C_CE)      -0.205    31.383    top/teaching_board_top/target/rd2serial/addr_reg[12]
  -------------------------------------------------------------------
                         required time                         31.383    
                         arrival time                         -28.752    
  -------------------------------------------------------------------
                         slack                                  2.630    

Slack (MET) :             2.630ns  (required time - arrival time)
  Source:                 top/teaching_board_top/target/controller/trackers_1/req_addr_reg[31]/C
                            (rising edge-triggered cell FDRE clocked by host_clk_i  {rise@0.000ns fall@12.500ns period=25.000ns})
  Destination:            top/teaching_board_top/target/rd2serial/addr_reg[14]/CE
                            (rising edge-triggered cell FDRE clocked by host_clk_i  {rise@0.000ns fall@12.500ns period=25.000ns})
  Path Group:             host_clk_i
  Path Type:              Setup (Max at Slow Process Corner)
  Requirement:            25.000ns  (host_clk_i rise@25.000ns - host_clk_i rise@0.000ns)
  Data Path Delay:        21.982ns  (logic 4.275ns (19.448%)  route 17.707ns (80.552%))
  Logic Levels:           22  (CARRY4=3 LUT3=1 LUT4=3 LUT5=6 LUT6=9)
  Clock Path Skew:        -0.101ns (DCD - SCD + CPR)
    Destination Clock Delay (DCD):    6.253ns = ( 31.253 - 25.000 ) 
    Source Clock Delay      (SCD):    6.771ns
    Clock Pessimism Removal (CPR):    0.416ns
  Clock Uncertainty:      0.082ns  ((TSJ^2 + DJ^2)^1/2) / 2 + PE
    Total System Jitter     (TSJ):    0.071ns
    Discrete Jitter          (DJ):    0.147ns
    Phase Error              (PE):    0.000ns

    Location             Delay type                Incr(ns)  Path(ns)    Netlist Resource(s)
  -------------------------------------------------------------------    -------------------
                         (clock host_clk_i rise edge)
                                                      0.000     0.000 r  
    H16                                               0.000     0.000 r  clk (IN)
                         net (fo=0)                   0.000     0.000    clk
    H16                  IBUF (Prop_ibuf_I_O)         1.451     1.451 r  ibufg_gclk/O
                         net (fo=1, routed)           1.285     2.736    gclk_i
    MMCME2_ADV_X1Y2      MMCME2_ADV (Prop_mmcme2_adv_CLKIN1_CLKOUT0)
                                                      0.088     2.824 r  MMCME2_BASE_inst/CLKOUT0
                         net (fo=1, routed)           2.206     5.030    host_clk_i
    BUFGCTRL_X0Y16       BUFG (Prop_bufg_I_O)         0.101     5.131 r  bufg_host_clk/O
                         net (fo=13302, routed)       1.640     6.771    top/teaching_board_top/target/controller/trackers_1/host_clk
    SLICE_X37Y80         FDRE                                         r  top/teaching_board_top/target/controller/trackers_1/req_addr_reg[31]/C
  -------------------------------------------------------------------    -------------------
    SLICE_X37Y80         FDRE (Prop_fdre_C_Q)         0.456     7.227 f  top/teaching_board_top/target/controller/trackers_1/req_addr_reg[31]/Q
                         net (fo=10, routed)          1.380     8.606    top/teaching_board_top/target/controller/trackers_1/controller_auto_mem_out_1_a_bits_address[31]
    SLICE_X48Y89         LUT6 (Prop_lut6_I0_O)        0.124     8.730 r  top/teaching_board_top/target/controller/trackers_1/curHart_i_7/O
                         net (fo=6, routed)           0.921     9.651    top/teaching_board_top/target/controller/trackers/_T_3820[3]_i_3_0
    SLICE_X62Y91         LUT6 (Prop_lut6_I0_O)        0.124     9.775 f  top/teaching_board_top/target/controller/trackers/_T_3820[0]_i_3/O
                         net (fo=2, routed)           0.458    10.233    top/teaching_board_top/target/rd2serial/resvWord_0[28]_i_12_0
    SLICE_X64Y92         LUT6 (Prop_lut6_I5_O)        0.124    10.357 f  top/teaching_board_top/target/rd2serial/nDrained[0]_i_6/O
                         net (fo=5, routed)           0.632    10.989    top/teaching_board_top/target/harts_1/bridge/_T_3985_3_reg
    SLICE_X64Y91         LUT4 (Prop_lut4_I0_O)        0.124    11.113 r  top/teaching_board_top/target/harts_1/bridge/_T_3820[3]_i_6/O
                         net (fo=3, routed)           0.438    11.551    top/teaching_board_top/target/sbus/system_bus_xbar/_T_3985_3_reg_2
    SLICE_X63Y91         LUT5 (Prop_lut5_I1_O)        0.124    11.675 r  top/teaching_board_top/target/sbus/system_bus_xbar/_T_3985_3_i_1/O
                         net (fo=120, routed)         1.933    13.608    top/teaching_board_top/target/harts_1/bridge/_T_4005_3
    SLICE_X51Y70         LUT6 (Prop_lut6_I3_O)        0.124    13.732 r  top/teaching_board_top/target/harts_1/bridge/resvWord_0[11]_i_2/O
                         net (fo=2, routed)           0.852    14.584    top/teaching_board_top/target/sbus/system_bus_xbar/resvWord_1_reg[11]
    SLICE_X46Y69         LUT5 (Prop_lut5_I0_O)        0.124    14.708 r  top/teaching_board_top/target/sbus/system_bus_xbar/resvWord_0[11]_i_1/O
                         net (fo=10, routed)          0.609    15.317    top/teaching_board_top/target/backend/sbus_auto_coupler_to_mbus_nodelay_out_a_bits_address[14]
    SLICE_X39Y68         LUT3 (Prop_lut3_I2_O)        0.119    15.436 r  top/teaching_board_top/target/backend/address[14]_i_1/O
                         net (fo=8, routed)           1.271    16.707    top/teaching_board_top/target/bh/TLBroadcastTracker_1/backend_auto_out_a_bits_address[14]
    SLICE_X37Y56         LUT6 (Prop_lut6_I1_O)        0.332    17.039 r  top/teaching_board_top/target/bh/TLBroadcastTracker_1/value[2]_i_15/O
                         net (fo=1, routed)           0.000    17.039    top/teaching_board_top/target/bh/TLBroadcastTracker_1/value[2]_i_15_n_0
    SLICE_X37Y56         CARRY4 (Prop_carry4_S[2]_CO[3])
                                                      0.398    17.437 r  top/teaching_board_top/target/bh/TLBroadcastTracker_1/value_reg[2]_i_9/CO[3]
                         net (fo=1, routed)           0.000    17.437    top/teaching_board_top/target/bh/TLBroadcastTracker_1/value_reg[2]_i_9_n_0
    SLICE_X37Y57         CARRY4 (Prop_carry4_CI_CO[3])
                                                      0.114    17.551 r  top/teaching_board_top/target/bh/TLBroadcastTracker_1/value_reg[2]_i_7/CO[3]
                         net (fo=1, routed)           0.000    17.551    top/teaching_board_top/target/bh/TLBroadcastTracker_1/value_reg[2]_i_7_n_0
    SLICE_X37Y58         CARRY4 (Prop_carry4_CI_CO[0])
                                                      0.271    17.822 f  top/teaching_board_top/target/bh/TLBroadcastTracker_1/value_reg[2]_i_6/CO[0]
                         net (fo=2, routed)           0.902    18.724    top/teaching_board_top/target/bh/TLBroadcastTracker_3/ram_data_reg_0_7_0_5_i_8[1]
    SLICE_X38Y62         LUT4 (Prop_lut4_I3_O)        0.373    19.097 r  top/teaching_board_top/target/bh/TLBroadcastTracker_3/ram_data_reg_0_7_0_5_i_24/O
                         net (fo=3, routed)           0.884    19.980    top/teaching_board_top/target/bh/TLBroadcastTracker_1/ram_data_reg_0_7_0_5_i_2__1
    SLICE_X35Y50         LUT5 (Prop_lut5_I0_O)        0.124    20.104 r  top/teaching_board_top/target/bh/TLBroadcastTracker_1/ram_data_reg_0_7_0_5_i_3__1/O
                         net (fo=2, routed)           0.874    20.979    top/teaching_board_top/target/bh/TLBroadcastTracker_3/o_data/_T_585[2]_i_7_1
    SLICE_X38Y62         LUT6 (Prop_lut6_I5_O)        0.124    21.103 r  top/teaching_board_top/target/bh/TLBroadcastTracker_3/o_data/ram_data_reg_0_7_0_5_i_3__0/O
                         net (fo=2, routed)           0.675    21.777    top/teaching_board_top/target/bh/TLBroadcastTracker_3/o_data/ram_data_reg_0_7_0_5_i_3__0_n_0
    SLICE_X38Y64         LUT5 (Prop_lut5_I2_O)        0.124    21.901 f  top/teaching_board_top/target/bh/TLBroadcastTracker_3/o_data/_T_585[2]_i_7/O
                         net (fo=5, routed)           0.847    22.748    top/teaching_board_top/target/backend/_T_1082_reg[0]_2
    SLICE_X48Y68         LUT6 (Prop_lut6_I1_O)        0.124    22.872 r  top/teaching_board_top/target/backend/_T_585[2]_i_8/O
                         net (fo=1, routed)           0.161    23.033    top/teaching_board_top/target/sbus/system_bus_xbar/_T_3803_reg[0]_6
    SLICE_X48Y68         LUT6 (Prop_lut6_I5_O)        0.124    23.157 r  top/teaching_board_top/target/sbus/system_bus_xbar/_T_585[2]_i_3/O
                         net (fo=29, routed)          1.672    24.829    top/teaching_board_top/target/sbus/system_bus_xbar/ram_sc_reg[0]
    SLICE_X65Y93         LUT5 (Prop_lut5_I1_O)        0.124    24.953 r  top/teaching_board_top/target/sbus/system_bus_xbar/len[63]_i_12/O
                         net (fo=1, routed)           0.462    25.415    top/teaching_board_top/target/sbus/system_bus_xbar/len[63]_i_12_n_0
    SLICE_X65Y94         LUT6 (Prop_lut6_I0_O)        0.124    25.539 f  top/teaching_board_top/target/sbus/system_bus_xbar/len[63]_i_6/O
                         net (fo=11, routed)          0.860    26.398    top/teaching_board_top/target/rd2serial/len_reg[0]_0
    SLICE_X64Y87         LUT5 (Prop_lut5_I3_O)        0.150    26.548 r  top/teaching_board_top/target/rd2serial/addr[31]_i_3/O
                         net (fo=36, routed)          0.813    27.361    top/teaching_board_top/target/rd2serial/addr[31]_i_3_n_0
    SLICE_X65Y83         LUT4 (Prop_lut4_I0_O)        0.326    27.687 r  top/teaching_board_top/target/rd2serial/addr[31]_i_1/O
                         net (fo=64, routed)          1.065    28.752    top/teaching_board_top/target/rd2serial/addr[31]_i_1_n_0
    SLICE_X60Y73         FDRE                                         r  top/teaching_board_top/target/rd2serial/addr_reg[14]/CE
  -------------------------------------------------------------------    -------------------

                         (clock host_clk_i rise edge)
                                                     25.000    25.000 r  
    H16                                               0.000    25.000 r  clk (IN)
                         net (fo=0)                   0.000    25.000    clk
    H16                  IBUF (Prop_ibuf_I_O)         1.380    26.380 r  ibufg_gclk/O
                         net (fo=1, routed)           1.162    27.542    gclk_i
    MMCME2_ADV_X1Y2      MMCME2_ADV (Prop_mmcme2_adv_CLKIN1_CLKOUT0)
                                                      0.083    27.625 r  MMCME2_BASE_inst/CLKOUT0
                         net (fo=1, routed)           2.012    29.637    host_clk_i
    BUFGCTRL_X0Y16       BUFG (Prop_bufg_I_O)         0.091    29.728 r  bufg_host_clk/O
                         net (fo=13302, routed)       1.525    31.253    top/teaching_board_top/target/rd2serial/host_clk
    SLICE_X60Y73         FDRE                                         r  top/teaching_board_top/target/rd2serial/addr_reg[14]/C
                         clock pessimism              0.416    31.669    
                         clock uncertainty           -0.082    31.588    
    SLICE_X60Y73         FDRE (Setup_fdre_C_CE)      -0.205    31.383    top/teaching_board_top/target/rd2serial/addr_reg[14]
  -------------------------------------------------------------------
                         required time                         31.383    
                         arrival time                         -28.752    
  -------------------------------------------------------------------
                         slack                                  2.630    

Slack (MET) :             2.630ns  (required time - arrival time)
  Source:                 top/teaching_board_top/target/controller/trackers_1/req_addr_reg[31]/C
                            (rising edge-triggered cell FDRE clocked by host_clk_i  {rise@0.000ns fall@12.500ns period=25.000ns})
  Destination:            top/teaching_board_top/target/rd2serial/addr_reg[15]/CE
                            (rising edge-triggered cell FDRE clocked by host_clk_i  {rise@0.000ns fall@12.500ns period=25.000ns})
  Path Group:             host_clk_i
  Path Type:              Setup (Max at Slow Process Corner)
  Requirement:            25.000ns  (host_clk_i rise@25.000ns - host_clk_i rise@0.000ns)
  Data Path Delay:        21.982ns  (logic 4.275ns (19.448%)  route 17.707ns (80.552%))
  Logic Levels:           22  (CARRY4=3 LUT3=1 LUT4=3 LUT5=6 LUT6=9)
  Clock Path Skew:        -0.101ns (DCD - SCD + CPR)
    Destination Clock Delay (DCD):    6.253ns = ( 31.253 - 25.000 ) 
    Source Clock Delay      (SCD):    6.771ns
    Clock Pessimism Removal (CPR):    0.416ns
  Clock Uncertainty:      0.082ns  ((TSJ^2 + DJ^2)^1/2) / 2 + PE
    Total System Jitter     (TSJ):    0.071ns
    Discrete Jitter          (DJ):    0.147ns
    Phase Error              (PE):    0.000ns

    Location             Delay type                Incr(ns)  Path(ns)    Netlist Resource(s)
  -------------------------------------------------------------------    -------------------
                         (clock host_clk_i rise edge)
                                                      0.000     0.000 r  
    H16                                               0.000     0.000 r  clk (IN)
                         net (fo=0)                   0.000     0.000    clk
    H16                  IBUF (Prop_ibuf_I_O)         1.451     1.451 r  ibufg_gclk/O
                         net (fo=1, routed)           1.285     2.736    gclk_i
    MMCME2_ADV_X1Y2      MMCME2_ADV (Prop_mmcme2_adv_CLKIN1_CLKOUT0)
                                                      0.088     2.824 r  MMCME2_BASE_inst/CLKOUT0
                         net (fo=1, routed)           2.206     5.030    host_clk_i
    BUFGCTRL_X0Y16       BUFG (Prop_bufg_I_O)         0.101     5.131 r  bufg_host_clk/O
                         net (fo=13302, routed)       1.640     6.771    top/teaching_board_top/target/controller/trackers_1/host_clk
    SLICE_X37Y80         FDRE                                         r  top/teaching_board_top/target/controller/trackers_1/req_addr_reg[31]/C
  -------------------------------------------------------------------    -------------------
    SLICE_X37Y80         FDRE (Prop_fdre_C_Q)         0.456     7.227 f  top/teaching_board_top/target/controller/trackers_1/req_addr_reg[31]/Q
                         net (fo=10, routed)          1.380     8.606    top/teaching_board_top/target/controller/trackers_1/controller_auto_mem_out_1_a_bits_address[31]
    SLICE_X48Y89         LUT6 (Prop_lut6_I0_O)        0.124     8.730 r  top/teaching_board_top/target/controller/trackers_1/curHart_i_7/O
                         net (fo=6, routed)           0.921     9.651    top/teaching_board_top/target/controller/trackers/_T_3820[3]_i_3_0
    SLICE_X62Y91         LUT6 (Prop_lut6_I0_O)        0.124     9.775 f  top/teaching_board_top/target/controller/trackers/_T_3820[0]_i_3/O
                         net (fo=2, routed)           0.458    10.233    top/teaching_board_top/target/rd2serial/resvWord_0[28]_i_12_0
    SLICE_X64Y92         LUT6 (Prop_lut6_I5_O)        0.124    10.357 f  top/teaching_board_top/target/rd2serial/nDrained[0]_i_6/O
                         net (fo=5, routed)           0.632    10.989    top/teaching_board_top/target/harts_1/bridge/_T_3985_3_reg
    SLICE_X64Y91         LUT4 (Prop_lut4_I0_O)        0.124    11.113 r  top/teaching_board_top/target/harts_1/bridge/_T_3820[3]_i_6/O
                         net (fo=3, routed)           0.438    11.551    top/teaching_board_top/target/sbus/system_bus_xbar/_T_3985_3_reg_2
    SLICE_X63Y91         LUT5 (Prop_lut5_I1_O)        0.124    11.675 r  top/teaching_board_top/target/sbus/system_bus_xbar/_T_3985_3_i_1/O
                         net (fo=120, routed)         1.933    13.608    top/teaching_board_top/target/harts_1/bridge/_T_4005_3
    SLICE_X51Y70         LUT6 (Prop_lut6_I3_O)        0.124    13.732 r  top/teaching_board_top/target/harts_1/bridge/resvWord_0[11]_i_2/O
                         net (fo=2, routed)           0.852    14.584    top/teaching_board_top/target/sbus/system_bus_xbar/resvWord_1_reg[11]
    SLICE_X46Y69         LUT5 (Prop_lut5_I0_O)        0.124    14.708 r  top/teaching_board_top/target/sbus/system_bus_xbar/resvWord_0[11]_i_1/O
                         net (fo=10, routed)          0.609    15.317    top/teaching_board_top/target/backend/sbus_auto_coupler_to_mbus_nodelay_out_a_bits_address[14]
    SLICE_X39Y68         LUT3 (Prop_lut3_I2_O)        0.119    15.436 r  top/teaching_board_top/target/backend/address[14]_i_1/O
                         net (fo=8, routed)           1.271    16.707    top/teaching_board_top/target/bh/TLBroadcastTracker_1/backend_auto_out_a_bits_address[14]
    SLICE_X37Y56         LUT6 (Prop_lut6_I1_O)        0.332    17.039 r  top/teaching_board_top/target/bh/TLBroadcastTracker_1/value[2]_i_15/O
                         net (fo=1, routed)           0.000    17.039    top/teaching_board_top/target/bh/TLBroadcastTracker_1/value[2]_i_15_n_0
    SLICE_X37Y56         CARRY4 (Prop_carry4_S[2]_CO[3])
                                                      0.398    17.437 r  top/teaching_board_top/target/bh/TLBroadcastTracker_1/value_reg[2]_i_9/CO[3]
                         net (fo=1, routed)           0.000    17.437    top/teaching_board_top/target/bh/TLBroadcastTracker_1/value_reg[2]_i_9_n_0
    SLICE_X37Y57         CARRY4 (Prop_carry4_CI_CO[3])
                                                      0.114    17.551 r  top/teaching_board_top/target/bh/TLBroadcastTracker_1/value_reg[2]_i_7/CO[3]
                         net (fo=1, routed)           0.000    17.551    top/teaching_board_top/target/bh/TLBroadcastTracker_1/value_reg[2]_i_7_n_0
    SLICE_X37Y58         CARRY4 (Prop_carry4_CI_CO[0])
                                                      0.271    17.822 f  top/teaching_board_top/target/bh/TLBroadcastTracker_1/value_reg[2]_i_6/CO[0]
                         net (fo=2, routed)           0.902    18.724    top/teaching_board_top/target/bh/TLBroadcastTracker_3/ram_data_reg_0_7_0_5_i_8[1]
    SLICE_X38Y62         LUT4 (Prop_lut4_I3_O)        0.373    19.097 r  top/teaching_board_top/target/bh/TLBroadcastTracker_3/ram_data_reg_0_7_0_5_i_24/O
                         net (fo=3, routed)           0.884    19.980    top/teaching_board_top/target/bh/TLBroadcastTracker_1/ram_data_reg_0_7_0_5_i_2__1
    SLICE_X35Y50         LUT5 (Prop_lut5_I0_O)        0.124    20.104 r  top/teaching_board_top/target/bh/TLBroadcastTracker_1/ram_data_reg_0_7_0_5_i_3__1/O
                         net (fo=2, routed)           0.874    20.979    top/teaching_board_top/target/bh/TLBroadcastTracker_3/o_data/_T_585[2]_i_7_1
    SLICE_X38Y62         LUT6 (Prop_lut6_I5_O)        0.124    21.103 r  top/teaching_board_top/target/bh/TLBroadcastTracker_3/o_data/ram_data_reg_0_7_0_5_i_3__0/O
                         net (fo=2, routed)           0.675    21.777    top/teaching_board_top/target/bh/TLBroadcastTracker_3/o_data/ram_data_reg_0_7_0_5_i_3__0_n_0
    SLICE_X38Y64         LUT5 (Prop_lut5_I2_O)        0.124    21.901 f  top/teaching_board_top/target/bh/TLBroadcastTracker_3/o_data/_T_585[2]_i_7/O
                         net (fo=5, routed)           0.847    22.748    top/teaching_board_top/target/backend/_T_1082_reg[0]_2
    SLICE_X48Y68         LUT6 (Prop_lut6_I1_O)        0.124    22.872 r  top/teaching_board_top/target/backend/_T_585[2]_i_8/O
                         net (fo=1, routed)           0.161    23.033    top/teaching_board_top/target/sbus/system_bus_xbar/_T_3803_reg[0]_6
    SLICE_X48Y68         LUT6 (Prop_lut6_I5_O)        0.124    23.157 r  top/teaching_board_top/target/sbus/system_bus_xbar/_T_585[2]_i_3/O
                         net (fo=29, routed)          1.672    24.829    top/teaching_board_top/target/sbus/system_bus_xbar/ram_sc_reg[0]
    SLICE_X65Y93         LUT5 (Prop_lut5_I1_O)        0.124    24.953 r  top/teaching_board_top/target/sbus/system_bus_xbar/len[63]_i_12/O
                         net (fo=1, routed)           0.462    25.415    top/teaching_board_top/target/sbus/system_bus_xbar/len[63]_i_12_n_0
    SLICE_X65Y94         LUT6 (Prop_lut6_I0_O)        0.124    25.539 f  top/teaching_board_top/target/sbus/system_bus_xbar/len[63]_i_6/O
                         net (fo=11, routed)          0.860    26.398    top/teaching_board_top/target/rd2serial/len_reg[0]_0
    SLICE_X64Y87         LUT5 (Prop_lut5_I3_O)        0.150    26.548 r  top/teaching_board_top/target/rd2serial/addr[31]_i_3/O
                         net (fo=36, routed)          0.813    27.361    top/teaching_board_top/target/rd2serial/addr[31]_i_3_n_0
    SLICE_X65Y83         LUT4 (Prop_lut4_I0_O)        0.326    27.687 r  top/teaching_board_top/target/rd2serial/addr[31]_i_1/O
                         net (fo=64, routed)          1.065    28.752    top/teaching_board_top/target/rd2serial/addr[31]_i_1_n_0
    SLICE_X60Y73         FDRE                                         r  top/teaching_board_top/target/rd2serial/addr_reg[15]/CE
  -------------------------------------------------------------------    -------------------

                         (clock host_clk_i rise edge)
                                                     25.000    25.000 r  
    H16                                               0.000    25.000 r  clk (IN)
                         net (fo=0)                   0.000    25.000    clk
    H16                  IBUF (Prop_ibuf_I_O)         1.380    26.380 r  ibufg_gclk/O
                         net (fo=1, routed)           1.162    27.542    gclk_i
    MMCME2_ADV_X1Y2      MMCME2_ADV (Prop_mmcme2_adv_CLKIN1_CLKOUT0)
                                                      0.083    27.625 r  MMCME2_BASE_inst/CLKOUT0
                         net (fo=1, routed)           2.012    29.637    host_clk_i
    BUFGCTRL_X0Y16       BUFG (Prop_bufg_I_O)         0.091    29.728 r  bufg_host_clk/O
                         net (fo=13302, routed)       1.525    31.253    top/teaching_board_top/target/rd2serial/host_clk
    SLICE_X60Y73         FDRE                                         r  top/teaching_board_top/target/rd2serial/addr_reg[15]/C
                         clock pessimism              0.416    31.669    
                         clock uncertainty           -0.082    31.588    
    SLICE_X60Y73         FDRE (Setup_fdre_C_CE)      -0.205    31.383    top/teaching_board_top/target/rd2serial/addr_reg[15]
  -------------------------------------------------------------------
                         required time                         31.383    
                         arrival time                         -28.752    
  -------------------------------------------------------------------
                         slack                                  2.630    

Slack (MET) :             2.639ns  (required time - arrival time)
  Source:                 top/teaching_board_top/target/controller/trackers_1/req_addr_reg[31]/C
                            (rising edge-triggered cell FDRE clocked by host_clk_i  {rise@0.000ns fall@12.500ns period=25.000ns})
  Destination:            top/teaching_board_top/target/rd2serial/addr_reg[16]/CE
                            (rising edge-triggered cell FDRE clocked by host_clk_i  {rise@0.000ns fall@12.500ns period=25.000ns})
  Path Group:             host_clk_i
  Path Type:              Setup (Max at Slow Process Corner)
  Requirement:            25.000ns  (host_clk_i rise@25.000ns - host_clk_i rise@0.000ns)
  Data Path Delay:        21.968ns  (logic 4.275ns (19.460%)  route 17.693ns (80.540%))
  Logic Levels:           22  (CARRY4=3 LUT3=1 LUT4=3 LUT5=6 LUT6=9)
  Clock Path Skew:        -0.106ns (DCD - SCD + CPR)
    Destination Clock Delay (DCD):    6.248ns = ( 31.248 - 25.000 ) 
    Source Clock Delay      (SCD):    6.771ns
    Clock Pessimism Removal (CPR):    0.416ns
  Clock Uncertainty:      0.082ns  ((TSJ^2 + DJ^2)^1/2) / 2 + PE
    Total System Jitter     (TSJ):    0.071ns
    Discrete Jitter          (DJ):    0.147ns
    Phase Error              (PE):    0.000ns

    Location             Delay type                Incr(ns)  Path(ns)    Netlist Resource(s)
  -------------------------------------------------------------------    -------------------
                         (clock host_clk_i rise edge)
                                                      0.000     0.000 r  
    H16                                               0.000     0.000 r  clk (IN)
                         net (fo=0)                   0.000     0.000    clk
    H16                  IBUF (Prop_ibuf_I_O)         1.451     1.451 r  ibufg_gclk/O
                         net (fo=1, routed)           1.285     2.736    gclk_i
    MMCME2_ADV_X1Y2      MMCME2_ADV (Prop_mmcme2_adv_CLKIN1_CLKOUT0)
                                                      0.088     2.824 r  MMCME2_BASE_inst/CLKOUT0
                         net (fo=1, routed)           2.206     5.030    host_clk_i
    BUFGCTRL_X0Y16       BUFG (Prop_bufg_I_O)         0.101     5.131 r  bufg_host_clk/O
                         net (fo=13302, routed)       1.640     6.771    top/teaching_board_top/target/controller/trackers_1/host_clk
    SLICE_X37Y80         FDRE                                         r  top/teaching_board_top/target/controller/trackers_1/req_addr_reg[31]/C
  -------------------------------------------------------------------    -------------------
    SLICE_X37Y80         FDRE (Prop_fdre_C_Q)         0.456     7.227 f  top/teaching_board_top/target/controller/trackers_1/req_addr_reg[31]/Q
                         net (fo=10, routed)          1.380     8.606    top/teaching_board_top/target/controller/trackers_1/controller_auto_mem_out_1_a_bits_address[31]
    SLICE_X48Y89         LUT6 (Prop_lut6_I0_O)        0.124     8.730 r  top/teaching_board_top/target/controller/trackers_1/curHart_i_7/O
                         net (fo=6, routed)           0.921     9.651    top/teaching_board_top/target/controller/trackers/_T_3820[3]_i_3_0
    SLICE_X62Y91         LUT6 (Prop_lut6_I0_O)        0.124     9.775 f  top/teaching_board_top/target/controller/trackers/_T_3820[0]_i_3/O
                         net (fo=2, routed)           0.458    10.233    top/teaching_board_top/target/rd2serial/resvWord_0[28]_i_12_0
    SLICE_X64Y92         LUT6 (Prop_lut6_I5_O)        0.124    10.357 f  top/teaching_board_top/target/rd2serial/nDrained[0]_i_6/O
                         net (fo=5, routed)           0.632    10.989    top/teaching_board_top/target/harts_1/bridge/_T_3985_3_reg
    SLICE_X64Y91         LUT4 (Prop_lut4_I0_O)        0.124    11.113 r  top/teaching_board_top/target/harts_1/bridge/_T_3820[3]_i_6/O
                         net (fo=3, routed)           0.438    11.551    top/teaching_board_top/target/sbus/system_bus_xbar/_T_3985_3_reg_2
    SLICE_X63Y91         LUT5 (Prop_lut5_I1_O)        0.124    11.675 r  top/teaching_board_top/target/sbus/system_bus_xbar/_T_3985_3_i_1/O
                         net (fo=120, routed)         1.933    13.608    top/teaching_board_top/target/harts_1/bridge/_T_4005_3
    SLICE_X51Y70         LUT6 (Prop_lut6_I3_O)        0.124    13.732 r  top/teaching_board_top/target/harts_1/bridge/resvWord_0[11]_i_2/O
                         net (fo=2, routed)           0.852    14.584    top/teaching_board_top/target/sbus/system_bus_xbar/resvWord_1_reg[11]
    SLICE_X46Y69         LUT5 (Prop_lut5_I0_O)        0.124    14.708 r  top/teaching_board_top/target/sbus/system_bus_xbar/resvWord_0[11]_i_1/O
                         net (fo=10, routed)          0.609    15.317    top/teaching_board_top/target/backend/sbus_auto_coupler_to_mbus_nodelay_out_a_bits_address[14]
    SLICE_X39Y68         LUT3 (Prop_lut3_I2_O)        0.119    15.436 r  top/teaching_board_top/target/backend/address[14]_i_1/O
                         net (fo=8, routed)           1.271    16.707    top/teaching_board_top/target/bh/TLBroadcastTracker_1/backend_auto_out_a_bits_address[14]
    SLICE_X37Y56         LUT6 (Prop_lut6_I1_O)        0.332    17.039 r  top/teaching_board_top/target/bh/TLBroadcastTracker_1/value[2]_i_15/O
                         net (fo=1, routed)           0.000    17.039    top/teaching_board_top/target/bh/TLBroadcastTracker_1/value[2]_i_15_n_0
    SLICE_X37Y56         CARRY4 (Prop_carry4_S[2]_CO[3])
                                                      0.398    17.437 r  top/teaching_board_top/target/bh/TLBroadcastTracker_1/value_reg[2]_i_9/CO[3]
                         net (fo=1, routed)           0.000    17.437    top/teaching_board_top/target/bh/TLBroadcastTracker_1/value_reg[2]_i_9_n_0
    SLICE_X37Y57         CARRY4 (Prop_carry4_CI_CO[3])
                                                      0.114    17.551 r  top/teaching_board_top/target/bh/TLBroadcastTracker_1/value_reg[2]_i_7/CO[3]
                         net (fo=1, routed)           0.000    17.551    top/teaching_board_top/target/bh/TLBroadcastTracker_1/value_reg[2]_i_7_n_0
    SLICE_X37Y58         CARRY4 (Prop_carry4_CI_CO[0])
                                                      0.271    17.822 f  top/teaching_board_top/target/bh/TLBroadcastTracker_1/value_reg[2]_i_6/CO[0]
                         net (fo=2, routed)           0.902    18.724    top/teaching_board_top/target/bh/TLBroadcastTracker_3/ram_data_reg_0_7_0_5_i_8[1]
    SLICE_X38Y62         LUT4 (Prop_lut4_I3_O)        0.373    19.097 r  top/teaching_board_top/target/bh/TLBroadcastTracker_3/ram_data_reg_0_7_0_5_i_24/O
                         net (fo=3, routed)           0.884    19.980    top/teaching_board_top/target/bh/TLBroadcastTracker_1/ram_data_reg_0_7_0_5_i_2__1
    SLICE_X35Y50         LUT5 (Prop_lut5_I0_O)        0.124    20.104 r  top/teaching_board_top/target/bh/TLBroadcastTracker_1/ram_data_reg_0_7_0_5_i_3__1/O
                         net (fo=2, routed)           0.874    20.979    top/teaching_board_top/target/bh/TLBroadcastTracker_3/o_data/_T_585[2]_i_7_1
    SLICE_X38Y62         LUT6 (Prop_lut6_I5_O)        0.124    21.103 r  top/teaching_board_top/target/bh/TLBroadcastTracker_3/o_data/ram_data_reg_0_7_0_5_i_3__0/O
                         net (fo=2, routed)           0.675    21.777    top/teaching_board_top/target/bh/TLBroadcastTracker_3/o_data/ram_data_reg_0_7_0_5_i_3__0_n_0
    SLICE_X38Y64         LUT5 (Prop_lut5_I2_O)        0.124    21.901 f  top/teaching_board_top/target/bh/TLBroadcastTracker_3/o_data/_T_585[2]_i_7/O
                         net (fo=5, routed)           0.847    22.748    top/teaching_board_top/target/backend/_T_1082_reg[0]_2
    SLICE_X48Y68         LUT6 (Prop_lut6_I1_O)        0.124    22.872 r  top/teaching_board_top/target/backend/_T_585[2]_i_8/O
                         net (fo=1, routed)           0.161    23.033    top/teaching_board_top/target/sbus/system_bus_xbar/_T_3803_reg[0]_6
    SLICE_X48Y68         LUT6 (Prop_lut6_I5_O)        0.124    23.157 r  top/teaching_board_top/target/sbus/system_bus_xbar/_T_585[2]_i_3/O
                         net (fo=29, routed)          1.672    24.829    top/teaching_board_top/target/sbus/system_bus_xbar/ram_sc_reg[0]
    SLICE_X65Y93         LUT5 (Prop_lut5_I1_O)        0.124    24.953 r  top/teaching_board_top/target/sbus/system_bus_xbar/len[63]_i_12/O
                         net (fo=1, routed)           0.462    25.415    top/teaching_board_top/target/sbus/system_bus_xbar/len[63]_i_12_n_0
    SLICE_X65Y94         LUT6 (Prop_lut6_I0_O)        0.124    25.539 f  top/teaching_board_top/target/sbus/system_bus_xbar/len[63]_i_6/O
                         net (fo=11, routed)          0.860    26.398    top/teaching_board_top/target/rd2serial/len_reg[0]_0
    SLICE_X64Y87         LUT5 (Prop_lut5_I3_O)        0.150    26.548 r  top/teaching_board_top/target/rd2serial/addr[31]_i_3/O
                         net (fo=36, routed)          0.813    27.361    top/teaching_board_top/target/rd2serial/addr[31]_i_3_n_0
    SLICE_X65Y83         LUT4 (Prop_lut4_I0_O)        0.326    27.687 r  top/teaching_board_top/target/rd2serial/addr[31]_i_1/O
                         net (fo=64, routed)          1.051    28.738    top/teaching_board_top/target/rd2serial/addr[31]_i_1_n_0
    SLICE_X56Y74         FDRE                                         r  top/teaching_board_top/target/rd2serial/addr_reg[16]/CE
  -------------------------------------------------------------------    -------------------

                         (clock host_clk_i rise edge)
                                                     25.000    25.000 r  
    H16                                               0.000    25.000 r  clk (IN)
                         net (fo=0)                   0.000    25.000    clk
    H16                  IBUF (Prop_ibuf_I_O)         1.380    26.380 r  ibufg_gclk/O
                         net (fo=1, routed)           1.162    27.542    gclk_i
    MMCME2_ADV_X1Y2      MMCME2_ADV (Prop_mmcme2_adv_CLKIN1_CLKOUT0)
                                                      0.083    27.625 r  MMCME2_BASE_inst/CLKOUT0
                         net (fo=1, routed)           2.012    29.637    host_clk_i
    BUFGCTRL_X0Y16       BUFG (Prop_bufg_I_O)         0.091    29.728 r  bufg_host_clk/O
                         net (fo=13302, routed)       1.520    31.248    top/teaching_board_top/target/rd2serial/host_clk
    SLICE_X56Y74         FDRE                                         r  top/teaching_board_top/target/rd2serial/addr_reg[16]/C
                         clock pessimism              0.416    31.664    
                         clock uncertainty           -0.082    31.583    
    SLICE_X56Y74         FDRE (Setup_fdre_C_CE)      -0.205    31.378    top/teaching_board_top/target/rd2serial/addr_reg[16]
  -------------------------------------------------------------------
                         required time                         31.378    
                         arrival time                         -28.738    
  -------------------------------------------------------------------
                         slack                                  2.639    

Slack (MET) :             2.639ns  (required time - arrival time)
  Source:                 top/teaching_board_top/target/controller/trackers_1/req_addr_reg[31]/C
                            (rising edge-triggered cell FDRE clocked by host_clk_i  {rise@0.000ns fall@12.500ns period=25.000ns})
  Destination:            top/teaching_board_top/target/rd2serial/addr_reg[18]/CE
                            (rising edge-triggered cell FDRE clocked by host_clk_i  {rise@0.000ns fall@12.500ns period=25.000ns})
  Path Group:             host_clk_i
  Path Type:              Setup (Max at Slow Process Corner)
  Requirement:            25.000ns  (host_clk_i rise@25.000ns - host_clk_i rise@0.000ns)
  Data Path Delay:        21.968ns  (logic 4.275ns (19.460%)  route 17.693ns (80.540%))
  Logic Levels:           22  (CARRY4=3 LUT3=1 LUT4=3 LUT5=6 LUT6=9)
  Clock Path Skew:        -0.106ns (DCD - SCD + CPR)
    Destination Clock Delay (DCD):    6.248ns = ( 31.248 - 25.000 ) 
    Source Clock Delay      (SCD):    6.771ns
    Clock Pessimism Removal (CPR):    0.416ns
  Clock Uncertainty:      0.082ns  ((TSJ^2 + DJ^2)^1/2) / 2 + PE
    Total System Jitter     (TSJ):    0.071ns
    Discrete Jitter          (DJ):    0.147ns
    Phase Error              (PE):    0.000ns

    Location             Delay type                Incr(ns)  Path(ns)    Netlist Resource(s)
  -------------------------------------------------------------------    -------------------
                         (clock host_clk_i rise edge)
                                                      0.000     0.000 r  
    H16                                               0.000     0.000 r  clk (IN)
                         net (fo=0)                   0.000     0.000    clk
    H16                  IBUF (Prop_ibuf_I_O)         1.451     1.451 r  ibufg_gclk/O
                         net (fo=1, routed)           1.285     2.736    gclk_i
    MMCME2_ADV_X1Y2      MMCME2_ADV (Prop_mmcme2_adv_CLKIN1_CLKOUT0)
                                                      0.088     2.824 r  MMCME2_BASE_inst/CLKOUT0
                         net (fo=1, routed)           2.206     5.030    host_clk_i
    BUFGCTRL_X0Y16       BUFG (Prop_bufg_I_O)         0.101     5.131 r  bufg_host_clk/O
                         net (fo=13302, routed)       1.640     6.771    top/teaching_board_top/target/controller/trackers_1/host_clk
    SLICE_X37Y80         FDRE                                         r  top/teaching_board_top/target/controller/trackers_1/req_addr_reg[31]/C
  -------------------------------------------------------------------    -------------------
    SLICE_X37Y80         FDRE (Prop_fdre_C_Q)         0.456     7.227 f  top/teaching_board_top/target/controller/trackers_1/req_addr_reg[31]/Q
                         net (fo=10, routed)          1.380     8.606    top/teaching_board_top/target/controller/trackers_1/controller_auto_mem_out_1_a_bits_address[31]
    SLICE_X48Y89         LUT6 (Prop_lut6_I0_O)        0.124     8.730 r  top/teaching_board_top/target/controller/trackers_1/curHart_i_7/O
                         net (fo=6, routed)           0.921     9.651    top/teaching_board_top/target/controller/trackers/_T_3820[3]_i_3_0
    SLICE_X62Y91         LUT6 (Prop_lut6_I0_O)        0.124     9.775 f  top/teaching_board_top/target/controller/trackers/_T_3820[0]_i_3/O
                         net (fo=2, routed)           0.458    10.233    top/teaching_board_top/target/rd2serial/resvWord_0[28]_i_12_0
    SLICE_X64Y92         LUT6 (Prop_lut6_I5_O)        0.124    10.357 f  top/teaching_board_top/target/rd2serial/nDrained[0]_i_6/O
                         net (fo=5, routed)           0.632    10.989    top/teaching_board_top/target/harts_1/bridge/_T_3985_3_reg
    SLICE_X64Y91         LUT4 (Prop_lut4_I0_O)        0.124    11.113 r  top/teaching_board_top/target/harts_1/bridge/_T_3820[3]_i_6/O
                         net (fo=3, routed)           0.438    11.551    top/teaching_board_top/target/sbus/system_bus_xbar/_T_3985_3_reg_2
    SLICE_X63Y91         LUT5 (Prop_lut5_I1_O)        0.124    11.675 r  top/teaching_board_top/target/sbus/system_bus_xbar/_T_3985_3_i_1/O
                         net (fo=120, routed)         1.933    13.608    top/teaching_board_top/target/harts_1/bridge/_T_4005_3
    SLICE_X51Y70         LUT6 (Prop_lut6_I3_O)        0.124    13.732 r  top/teaching_board_top/target/harts_1/bridge/resvWord_0[11]_i_2/O
                         net (fo=2, routed)           0.852    14.584    top/teaching_board_top/target/sbus/system_bus_xbar/resvWord_1_reg[11]
    SLICE_X46Y69         LUT5 (Prop_lut5_I0_O)        0.124    14.708 r  top/teaching_board_top/target/sbus/system_bus_xbar/resvWord_0[11]_i_1/O
                         net (fo=10, routed)          0.609    15.317    top/teaching_board_top/target/backend/sbus_auto_coupler_to_mbus_nodelay_out_a_bits_address[14]
    SLICE_X39Y68         LUT3 (Prop_lut3_I2_O)        0.119    15.436 r  top/teaching_board_top/target/backend/address[14]_i_1/O
                         net (fo=8, routed)           1.271    16.707    top/teaching_board_top/target/bh/TLBroadcastTracker_1/backend_auto_out_a_bits_address[14]
    SLICE_X37Y56         LUT6 (Prop_lut6_I1_O)        0.332    17.039 r  top/teaching_board_top/target/bh/TLBroadcastTracker_1/value[2]_i_15/O
                         net (fo=1, routed)           0.000    17.039    top/teaching_board_top/target/bh/TLBroadcastTracker_1/value[2]_i_15_n_0
    SLICE_X37Y56         CARRY4 (Prop_carry4_S[2]_CO[3])
                                                      0.398    17.437 r  top/teaching_board_top/target/bh/TLBroadcastTracker_1/value_reg[2]_i_9/CO[3]
                         net (fo=1, routed)           0.000    17.437    top/teaching_board_top/target/bh/TLBroadcastTracker_1/value_reg[2]_i_9_n_0
    SLICE_X37Y57         CARRY4 (Prop_carry4_CI_CO[3])
                                                      0.114    17.551 r  top/teaching_board_top/target/bh/TLBroadcastTracker_1/value_reg[2]_i_7/CO[3]
                         net (fo=1, routed)           0.000    17.551    top/teaching_board_top/target/bh/TLBroadcastTracker_1/value_reg[2]_i_7_n_0
    SLICE_X37Y58         CARRY4 (Prop_carry4_CI_CO[0])
                                                      0.271    17.822 f  top/teaching_board_top/target/bh/TLBroadcastTracker_1/value_reg[2]_i_6/CO[0]
                         net (fo=2, routed)           0.902    18.724    top/teaching_board_top/target/bh/TLBroadcastTracker_3/ram_data_reg_0_7_0_5_i_8[1]
    SLICE_X38Y62         LUT4 (Prop_lut4_I3_O)        0.373    19.097 r  top/teaching_board_top/target/bh/TLBroadcastTracker_3/ram_data_reg_0_7_0_5_i_24/O
                         net (fo=3, routed)           0.884    19.980    top/teaching_board_top/target/bh/TLBroadcastTracker_1/ram_data_reg_0_7_0_5_i_2__1
    SLICE_X35Y50         LUT5 (Prop_lut5_I0_O)        0.124    20.104 r  top/teaching_board_top/target/bh/TLBroadcastTracker_1/ram_data_reg_0_7_0_5_i_3__1/O
                         net (fo=2, routed)           0.874    20.979    top/teaching_board_top/target/bh/TLBroadcastTracker_3/o_data/_T_585[2]_i_7_1
    SLICE_X38Y62         LUT6 (Prop_lut6_I5_O)        0.124    21.103 r  top/teaching_board_top/target/bh/TLBroadcastTracker_3/o_data/ram_data_reg_0_7_0_5_i_3__0/O
                         net (fo=2, routed)           0.675    21.777    top/teaching_board_top/target/bh/TLBroadcastTracker_3/o_data/ram_data_reg_0_7_0_5_i_3__0_n_0
    SLICE_X38Y64         LUT5 (Prop_lut5_I2_O)        0.124    21.901 f  top/teaching_board_top/target/bh/TLBroadcastTracker_3/o_data/_T_585[2]_i_7/O
                         net (fo=5, routed)           0.847    22.748    top/teaching_board_top/target/backend/_T_1082_reg[0]_2
    SLICE_X48Y68         LUT6 (Prop_lut6_I1_O)        0.124    22.872 r  top/teaching_board_top/target/backend/_T_585[2]_i_8/O
                         net (fo=1, routed)           0.161    23.033    top/teaching_board_top/target/sbus/system_bus_xbar/_T_3803_reg[0]_6
    SLICE_X48Y68         LUT6 (Prop_lut6_I5_O)        0.124    23.157 r  top/teaching_board_top/target/sbus/system_bus_xbar/_T_585[2]_i_3/O
                         net (fo=29, routed)          1.672    24.829    top/teaching_board_top/target/sbus/system_bus_xbar/ram_sc_reg[0]
    SLICE_X65Y93         LUT5 (Prop_lut5_I1_O)        0.124    24.953 r  top/teaching_board_top/target/sbus/system_bus_xbar/len[63]_i_12/O
                         net (fo=1, routed)           0.462    25.415    top/teaching_board_top/target/sbus/system_bus_xbar/len[63]_i_12_n_0
    SLICE_X65Y94         LUT6 (Prop_lut6_I0_O)        0.124    25.539 f  top/teaching_board_top/target/sbus/system_bus_xbar/len[63]_i_6/O
                         net (fo=11, routed)          0.860    26.398    top/teaching_board_top/target/rd2serial/len_reg[0]_0
    SLICE_X64Y87         LUT5 (Prop_lut5_I3_O)        0.150    26.548 r  top/teaching_board_top/target/rd2serial/addr[31]_i_3/O
                         net (fo=36, routed)          0.813    27.361    top/teaching_board_top/target/rd2serial/addr[31]_i_3_n_0
    SLICE_X65Y83         LUT4 (Prop_lut4_I0_O)        0.326    27.687 r  top/teaching_board_top/target/rd2serial/addr[31]_i_1/O
                         net (fo=64, routed)          1.051    28.738    top/teaching_board_top/target/rd2serial/addr[31]_i_1_n_0
    SLICE_X56Y74         FDRE                                         r  top/teaching_board_top/target/rd2serial/addr_reg[18]/CE
  -------------------------------------------------------------------    -------------------

                         (clock host_clk_i rise edge)
                                                     25.000    25.000 r  
    H16                                               0.000    25.000 r  clk (IN)
                         net (fo=0)                   0.000    25.000    clk
    H16                  IBUF (Prop_ibuf_I_O)         1.380    26.380 r  ibufg_gclk/O
                         net (fo=1, routed)           1.162    27.542    gclk_i
    MMCME2_ADV_X1Y2      MMCME2_ADV (Prop_mmcme2_adv_CLKIN1_CLKOUT0)
                                                      0.083    27.625 r  MMCME2_BASE_inst/CLKOUT0
                         net (fo=1, routed)           2.012    29.637    host_clk_i
    BUFGCTRL_X0Y16       BUFG (Prop_bufg_I_O)         0.091    29.728 r  bufg_host_clk/O
                         net (fo=13302, routed)       1.520    31.248    top/teaching_board_top/target/rd2serial/host_clk
    SLICE_X56Y74         FDRE                                         r  top/teaching_board_top/target/rd2serial/addr_reg[18]/C
                         clock pessimism              0.416    31.664    
                         clock uncertainty           -0.082    31.583    
    SLICE_X56Y74         FDRE (Setup_fdre_C_CE)      -0.205    31.378    top/teaching_board_top/target/rd2serial/addr_reg[18]
  -------------------------------------------------------------------
                         required time                         31.378    
                         arrival time                         -28.738    
  -------------------------------------------------------------------
                         slack                                  2.639    

Slack (MET) :             2.641ns  (required time - arrival time)
  Source:                 top/teaching_board_top/target/controller/trackers_1/req_addr_reg[31]/C
                            (rising edge-triggered cell FDRE clocked by host_clk_i  {rise@0.000ns fall@12.500ns period=25.000ns})
  Destination:            top/teaching_board_top/target/rd2serial/addr_reg[13]/CE
                            (rising edge-triggered cell FDRE clocked by host_clk_i  {rise@0.000ns fall@12.500ns period=25.000ns})
  Path Group:             host_clk_i
  Path Type:              Setup (Max at Slow Process Corner)
  Requirement:            25.000ns  (host_clk_i rise@25.000ns - host_clk_i rise@0.000ns)
  Data Path Delay:        21.968ns  (logic 4.275ns (19.460%)  route 17.693ns (80.540%))
  Logic Levels:           22  (CARRY4=3 LUT3=1 LUT4=3 LUT5=6 LUT6=9)
  Clock Path Skew:        -0.104ns (DCD - SCD + CPR)
    Destination Clock Delay (DCD):    6.250ns = ( 31.250 - 25.000 ) 
    Source Clock Delay      (SCD):    6.771ns
    Clock Pessimism Removal (CPR):    0.416ns
  Clock Uncertainty:      0.082ns  ((TSJ^2 + DJ^2)^1/2) / 2 + PE
    Total System Jitter     (TSJ):    0.071ns
    Discrete Jitter          (DJ):    0.147ns
    Phase Error              (PE):    0.000ns

    Location             Delay type                Incr(ns)  Path(ns)    Netlist Resource(s)
  -------------------------------------------------------------------    -------------------
                         (clock host_clk_i rise edge)
                                                      0.000     0.000 r  
    H16                                               0.000     0.000 r  clk (IN)
                         net (fo=0)                   0.000     0.000    clk
    H16                  IBUF (Prop_ibuf_I_O)         1.451     1.451 r  ibufg_gclk/O
                         net (fo=1, routed)           1.285     2.736    gclk_i
    MMCME2_ADV_X1Y2      MMCME2_ADV (Prop_mmcme2_adv_CLKIN1_CLKOUT0)
                                                      0.088     2.824 r  MMCME2_BASE_inst/CLKOUT0
                         net (fo=1, routed)           2.206     5.030    host_clk_i
    BUFGCTRL_X0Y16       BUFG (Prop_bufg_I_O)         0.101     5.131 r  bufg_host_clk/O
                         net (fo=13302, routed)       1.640     6.771    top/teaching_board_top/target/controller/trackers_1/host_clk
    SLICE_X37Y80         FDRE                                         r  top/teaching_board_top/target/controller/trackers_1/req_addr_reg[31]/C
  -------------------------------------------------------------------    -------------------
    SLICE_X37Y80         FDRE (Prop_fdre_C_Q)         0.456     7.227 f  top/teaching_board_top/target/controller/trackers_1/req_addr_reg[31]/Q
                         net (fo=10, routed)          1.380     8.606    top/teaching_board_top/target/controller/trackers_1/controller_auto_mem_out_1_a_bits_address[31]
    SLICE_X48Y89         LUT6 (Prop_lut6_I0_O)        0.124     8.730 r  top/teaching_board_top/target/controller/trackers_1/curHart_i_7/O
                         net (fo=6, routed)           0.921     9.651    top/teaching_board_top/target/controller/trackers/_T_3820[3]_i_3_0
    SLICE_X62Y91         LUT6 (Prop_lut6_I0_O)        0.124     9.775 f  top/teaching_board_top/target/controller/trackers/_T_3820[0]_i_3/O
                         net (fo=2, routed)           0.458    10.233    top/teaching_board_top/target/rd2serial/resvWord_0[28]_i_12_0
    SLICE_X64Y92         LUT6 (Prop_lut6_I5_O)        0.124    10.357 f  top/teaching_board_top/target/rd2serial/nDrained[0]_i_6/O
                         net (fo=5, routed)           0.632    10.989    top/teaching_board_top/target/harts_1/bridge/_T_3985_3_reg
    SLICE_X64Y91         LUT4 (Prop_lut4_I0_O)        0.124    11.113 r  top/teaching_board_top/target/harts_1/bridge/_T_3820[3]_i_6/O
                         net (fo=3, routed)           0.438    11.551    top/teaching_board_top/target/sbus/system_bus_xbar/_T_3985_3_reg_2
    SLICE_X63Y91         LUT5 (Prop_lut5_I1_O)        0.124    11.675 r  top/teaching_board_top/target/sbus/system_bus_xbar/_T_3985_3_i_1/O
                         net (fo=120, routed)         1.933    13.608    top/teaching_board_top/target/harts_1/bridge/_T_4005_3
    SLICE_X51Y70         LUT6 (Prop_lut6_I3_O)        0.124    13.732 r  top/teaching_board_top/target/harts_1/bridge/resvWord_0[11]_i_2/O
                         net (fo=2, routed)           0.852    14.584    top/teaching_board_top/target/sbus/system_bus_xbar/resvWord_1_reg[11]
    SLICE_X46Y69         LUT5 (Prop_lut5_I0_O)        0.124    14.708 r  top/teaching_board_top/target/sbus/system_bus_xbar/resvWord_0[11]_i_1/O
                         net (fo=10, routed)          0.609    15.317    top/teaching_board_top/target/backend/sbus_auto_coupler_to_mbus_nodelay_out_a_bits_address[14]
    SLICE_X39Y68         LUT3 (Prop_lut3_I2_O)        0.119    15.436 r  top/teaching_board_top/target/backend/address[14]_i_1/O
                         net (fo=8, routed)           1.271    16.707    top/teaching_board_top/target/bh/TLBroadcastTracker_1/backend_auto_out_a_bits_address[14]
    SLICE_X37Y56         LUT6 (Prop_lut6_I1_O)        0.332    17.039 r  top/teaching_board_top/target/bh/TLBroadcastTracker_1/value[2]_i_15/O
                         net (fo=1, routed)           0.000    17.039    top/teaching_board_top/target/bh/TLBroadcastTracker_1/value[2]_i_15_n_0
    SLICE_X37Y56         CARRY4 (Prop_carry4_S[2]_CO[3])
                                                      0.398    17.437 r  top/teaching_board_top/target/bh/TLBroadcastTracker_1/value_reg[2]_i_9/CO[3]
                         net (fo=1, routed)           0.000    17.437    top/teaching_board_top/target/bh/TLBroadcastTracker_1/value_reg[2]_i_9_n_0
    SLICE_X37Y57         CARRY4 (Prop_carry4_CI_CO[3])
                                                      0.114    17.551 r  top/teaching_board_top/target/bh/TLBroadcastTracker_1/value_reg[2]_i_7/CO[3]
                         net (fo=1, routed)           0.000    17.551    top/teaching_board_top/target/bh/TLBroadcastTracker_1/value_reg[2]_i_7_n_0
    SLICE_X37Y58         CARRY4 (Prop_carry4_CI_CO[0])
                                                      0.271    17.822 f  top/teaching_board_top/target/bh/TLBroadcastTracker_1/value_reg[2]_i_6/CO[0]
                         net (fo=2, routed)           0.902    18.724    top/teaching_board_top/target/bh/TLBroadcastTracker_3/ram_data_reg_0_7_0_5_i_8[1]
    SLICE_X38Y62         LUT4 (Prop_lut4_I3_O)        0.373    19.097 r  top/teaching_board_top/target/bh/TLBroadcastTracker_3/ram_data_reg_0_7_0_5_i_24/O
                         net (fo=3, routed)           0.884    19.980    top/teaching_board_top/target/bh/TLBroadcastTracker_1/ram_data_reg_0_7_0_5_i_2__1
    SLICE_X35Y50         LUT5 (Prop_lut5_I0_O)        0.124    20.104 r  top/teaching_board_top/target/bh/TLBroadcastTracker_1/ram_data_reg_0_7_0_5_i_3__1/O
                         net (fo=2, routed)           0.874    20.979    top/teaching_board_top/target/bh/TLBroadcastTracker_3/o_data/_T_585[2]_i_7_1
    SLICE_X38Y62         LUT6 (Prop_lut6_I5_O)        0.124    21.103 r  top/teaching_board_top/target/bh/TLBroadcastTracker_3/o_data/ram_data_reg_0_7_0_5_i_3__0/O
                         net (fo=2, routed)           0.675    21.777    top/teaching_board_top/target/bh/TLBroadcastTracker_3/o_data/ram_data_reg_0_7_0_5_i_3__0_n_0
    SLICE_X38Y64         LUT5 (Prop_lut5_I2_O)        0.124    21.901 f  top/teaching_board_top/target/bh/TLBroadcastTracker_3/o_data/_T_585[2]_i_7/O
                         net (fo=5, routed)           0.847    22.748    top/teaching_board_top/target/backend/_T_1082_reg[0]_2
    SLICE_X48Y68         LUT6 (Prop_lut6_I1_O)        0.124    22.872 r  top/teaching_board_top/target/backend/_T_585[2]_i_8/O
                         net (fo=1, routed)           0.161    23.033    top/teaching_board_top/target/sbus/system_bus_xbar/_T_3803_reg[0]_6
    SLICE_X48Y68         LUT6 (Prop_lut6_I5_O)        0.124    23.157 r  top/teaching_board_top/target/sbus/system_bus_xbar/_T_585[2]_i_3/O
                         net (fo=29, routed)          1.672    24.829    top/teaching_board_top/target/sbus/system_bus_xbar/ram_sc_reg[0]
    SLICE_X65Y93         LUT5 (Prop_lut5_I1_O)        0.124    24.953 r  top/teaching_board_top/target/sbus/system_bus_xbar/len[63]_i_12/O
                         net (fo=1, routed)           0.462    25.415    top/teaching_board_top/target/sbus/system_bus_xbar/len[63]_i_12_n_0
    SLICE_X65Y94         LUT6 (Prop_lut6_I0_O)        0.124    25.539 f  top/teaching_board_top/target/sbus/system_bus_xbar/len[63]_i_6/O
                         net (fo=11, routed)          0.860    26.398    top/teaching_board_top/target/rd2serial/len_reg[0]_0
    SLICE_X64Y87         LUT5 (Prop_lut5_I3_O)        0.150    26.548 r  top/teaching_board_top/target/rd2serial/addr[31]_i_3/O
                         net (fo=36, routed)          0.813    27.361    top/teaching_board_top/target/rd2serial/addr[31]_i_3_n_0
    SLICE_X65Y83         LUT4 (Prop_lut4_I0_O)        0.326    27.687 r  top/teaching_board_top/target/rd2serial/addr[31]_i_1/O
                         net (fo=64, routed)          1.051    28.739    top/teaching_board_top/target/rd2serial/addr[31]_i_1_n_0
    SLICE_X56Y73         FDRE                                         r  top/teaching_board_top/target/rd2serial/addr_reg[13]/CE
  -------------------------------------------------------------------    -------------------

                         (clock host_clk_i rise edge)
                                                     25.000    25.000 r  
    H16                                               0.000    25.000 r  clk (IN)
                         net (fo=0)                   0.000    25.000    clk
    H16                  IBUF (Prop_ibuf_I_O)         1.380    26.380 r  ibufg_gclk/O
                         net (fo=1, routed)           1.162    27.542    gclk_i
    MMCME2_ADV_X1Y2      MMCME2_ADV (Prop_mmcme2_adv_CLKIN1_CLKOUT0)
                                                      0.083    27.625 r  MMCME2_BASE_inst/CLKOUT0
                         net (fo=1, routed)           2.012    29.637    host_clk_i
    BUFGCTRL_X0Y16       BUFG (Prop_bufg_I_O)         0.091    29.728 r  bufg_host_clk/O
                         net (fo=13302, routed)       1.522    31.250    top/teaching_board_top/target/rd2serial/host_clk
    SLICE_X56Y73         FDRE                                         r  top/teaching_board_top/target/rd2serial/addr_reg[13]/C
                         clock pessimism              0.416    31.666    
                         clock uncertainty           -0.082    31.585    
    SLICE_X56Y73         FDRE (Setup_fdre_C_CE)      -0.205    31.380    top/teaching_board_top/target/rd2serial/addr_reg[13]
  -------------------------------------------------------------------
                         required time                         31.380    
                         arrival time                         -28.739    
  -------------------------------------------------------------------
                         slack                                  2.641    

Slack (MET) :             2.644ns  (required time - arrival time)
  Source:                 top/teaching_board_top/target/controller/trackers_1/req_addr_reg[31]/C
                            (rising edge-triggered cell FDRE clocked by host_clk_i  {rise@0.000ns fall@12.500ns period=25.000ns})
  Destination:            top/teaching_board_top/target/rd2serial/addr_reg[0]/R
                            (rising edge-triggered cell FDRE clocked by host_clk_i  {rise@0.000ns fall@12.500ns period=25.000ns})
  Path Group:             host_clk_i
  Path Type:              Setup (Max at Slow Process Corner)
  Requirement:            25.000ns  (host_clk_i rise@25.000ns - host_clk_i rise@0.000ns)
  Data Path Delay:        21.653ns  (logic 4.275ns (19.743%)  route 17.378ns (80.257%))
  Logic Levels:           22  (CARRY4=3 LUT3=1 LUT4=3 LUT5=6 LUT6=9)
  Clock Path Skew:        -0.097ns (DCD - SCD + CPR)
    Destination Clock Delay (DCD):    6.257ns = ( 31.257 - 25.000 ) 
    Source Clock Delay      (SCD):    6.771ns
    Clock Pessimism Removal (CPR):    0.416ns
  Clock Uncertainty:      0.082ns  ((TSJ^2 + DJ^2)^1/2) / 2 + PE
    Total System Jitter     (TSJ):    0.071ns
    Discrete Jitter          (DJ):    0.147ns
    Phase Error              (PE):    0.000ns

    Location             Delay type                Incr(ns)  Path(ns)    Netlist Resource(s)
  -------------------------------------------------------------------    -------------------
                         (clock host_clk_i rise edge)
                                                      0.000     0.000 r  
    H16                                               0.000     0.000 r  clk (IN)
                         net (fo=0)                   0.000     0.000    clk
    H16                  IBUF (Prop_ibuf_I_O)         1.451     1.451 r  ibufg_gclk/O
                         net (fo=1, routed)           1.285     2.736    gclk_i
    MMCME2_ADV_X1Y2      MMCME2_ADV (Prop_mmcme2_adv_CLKIN1_CLKOUT0)
                                                      0.088     2.824 r  MMCME2_BASE_inst/CLKOUT0
                         net (fo=1, routed)           2.206     5.030    host_clk_i
    BUFGCTRL_X0Y16       BUFG (Prop_bufg_I_O)         0.101     5.131 r  bufg_host_clk/O
                         net (fo=13302, routed)       1.640     6.771    top/teaching_board_top/target/controller/trackers_1/host_clk
    SLICE_X37Y80         FDRE                                         r  top/teaching_board_top/target/controller/trackers_1/req_addr_reg[31]/C
  -------------------------------------------------------------------    -------------------
    SLICE_X37Y80         FDRE (Prop_fdre_C_Q)         0.456     7.227 f  top/teaching_board_top/target/controller/trackers_1/req_addr_reg[31]/Q
                         net (fo=10, routed)          1.380     8.606    top/teaching_board_top/target/controller/trackers_1/controller_auto_mem_out_1_a_bits_address[31]
    SLICE_X48Y89         LUT6 (Prop_lut6_I0_O)        0.124     8.730 r  top/teaching_board_top/target/controller/trackers_1/curHart_i_7/O
                         net (fo=6, routed)           0.921     9.651    top/teaching_board_top/target/controller/trackers/_T_3820[3]_i_3_0
    SLICE_X62Y91         LUT6 (Prop_lut6_I0_O)        0.124     9.775 f  top/teaching_board_top/target/controller/trackers/_T_3820[0]_i_3/O
                         net (fo=2, routed)           0.458    10.233    top/teaching_board_top/target/rd2serial/resvWord_0[28]_i_12_0
    SLICE_X64Y92         LUT6 (Prop_lut6_I5_O)        0.124    10.357 f  top/teaching_board_top/target/rd2serial/nDrained[0]_i_6/O
                         net (fo=5, routed)           0.632    10.989    top/teaching_board_top/target/harts_1/bridge/_T_3985_3_reg
    SLICE_X64Y91         LUT4 (Prop_lut4_I0_O)        0.124    11.113 r  top/teaching_board_top/target/harts_1/bridge/_T_3820[3]_i_6/O
                         net (fo=3, routed)           0.438    11.551    top/teaching_board_top/target/sbus/system_bus_xbar/_T_3985_3_reg_2
    SLICE_X63Y91         LUT5 (Prop_lut5_I1_O)        0.124    11.675 r  top/teaching_board_top/target/sbus/system_bus_xbar/_T_3985_3_i_1/O
                         net (fo=120, routed)         1.933    13.608    top/teaching_board_top/target/harts_1/bridge/_T_4005_3
    SLICE_X51Y70         LUT6 (Prop_lut6_I3_O)        0.124    13.732 r  top/teaching_board_top/target/harts_1/bridge/resvWord_0[11]_i_2/O
                         net (fo=2, routed)           0.852    14.584    top/teaching_board_top/target/sbus/system_bus_xbar/resvWord_1_reg[11]
    SLICE_X46Y69         LUT5 (Prop_lut5_I0_O)        0.124    14.708 r  top/teaching_board_top/target/sbus/system_bus_xbar/resvWord_0[11]_i_1/O
                         net (fo=10, routed)          0.609    15.317    top/teaching_board_top/target/backend/sbus_auto_coupler_to_mbus_nodelay_out_a_bits_address[14]
    SLICE_X39Y68         LUT3 (Prop_lut3_I2_O)        0.119    15.436 r  top/teaching_board_top/target/backend/address[14]_i_1/O
                         net (fo=8, routed)           1.271    16.707    top/teaching_board_top/target/bh/TLBroadcastTracker_1/backend_auto_out_a_bits_address[14]
    SLICE_X37Y56         LUT6 (Prop_lut6_I1_O)        0.332    17.039 r  top/teaching_board_top/target/bh/TLBroadcastTracker_1/value[2]_i_15/O
                         net (fo=1, routed)           0.000    17.039    top/teaching_board_top/target/bh/TLBroadcastTracker_1/value[2]_i_15_n_0
    SLICE_X37Y56         CARRY4 (Prop_carry4_S[2]_CO[3])
                                                      0.398    17.437 r  top/teaching_board_top/target/bh/TLBroadcastTracker_1/value_reg[2]_i_9/CO[3]
                         net (fo=1, routed)           0.000    17.437    top/teaching_board_top/target/bh/TLBroadcastTracker_1/value_reg[2]_i_9_n_0
    SLICE_X37Y57         CARRY4 (Prop_carry4_CI_CO[3])
                                                      0.114    17.551 r  top/teaching_board_top/target/bh/TLBroadcastTracker_1/value_reg[2]_i_7/CO[3]
                         net (fo=1, routed)           0.000    17.551    top/teaching_board_top/target/bh/TLBroadcastTracker_1/value_reg[2]_i_7_n_0
    SLICE_X37Y58         CARRY4 (Prop_carry4_CI_CO[0])
                                                      0.271    17.822 f  top/teaching_board_top/target/bh/TLBroadcastTracker_1/value_reg[2]_i_6/CO[0]
                         net (fo=2, routed)           0.902    18.724    top/teaching_board_top/target/bh/TLBroadcastTracker_3/ram_data_reg_0_7_0_5_i_8[1]
    SLICE_X38Y62         LUT4 (Prop_lut4_I3_O)        0.373    19.097 r  top/teaching_board_top/target/bh/TLBroadcastTracker_3/ram_data_reg_0_7_0_5_i_24/O
                         net (fo=3, routed)           0.884    19.980    top/teaching_board_top/target/bh/TLBroadcastTracker_1/ram_data_reg_0_7_0_5_i_2__1
    SLICE_X35Y50         LUT5 (Prop_lut5_I0_O)        0.124    20.104 r  top/teaching_board_top/target/bh/TLBroadcastTracker_1/ram_data_reg_0_7_0_5_i_3__1/O
                         net (fo=2, routed)           0.874    20.979    top/teaching_board_top/target/bh/TLBroadcastTracker_3/o_data/_T_585[2]_i_7_1
    SLICE_X38Y62         LUT6 (Prop_lut6_I5_O)        0.124    21.103 r  top/teaching_board_top/target/bh/TLBroadcastTracker_3/o_data/ram_data_reg_0_7_0_5_i_3__0/O
                         net (fo=2, routed)           0.675    21.777    top/teaching_board_top/target/bh/TLBroadcastTracker_3/o_data/ram_data_reg_0_7_0_5_i_3__0_n_0
    SLICE_X38Y64         LUT5 (Prop_lut5_I2_O)        0.124    21.901 f  top/teaching_board_top/target/bh/TLBroadcastTracker_3/o_data/_T_585[2]_i_7/O
                         net (fo=5, routed)           0.847    22.748    top/teaching_board_top/target/backend/_T_1082_reg[0]_2
    SLICE_X48Y68         LUT6 (Prop_lut6_I1_O)        0.124    22.872 r  top/teaching_board_top/target/backend/_T_585[2]_i_8/O
                         net (fo=1, routed)           0.161    23.033    top/teaching_board_top/target/sbus/system_bus_xbar/_T_3803_reg[0]_6
    SLICE_X48Y68         LUT6 (Prop_lut6_I5_O)        0.124    23.157 r  top/teaching_board_top/target/sbus/system_bus_xbar/_T_585[2]_i_3/O
                         net (fo=29, routed)          1.672    24.829    top/teaching_board_top/target/sbus/system_bus_xbar/ram_sc_reg[0]
    SLICE_X65Y93         LUT5 (Prop_lut5_I1_O)        0.124    24.953 r  top/teaching_board_top/target/sbus/system_bus_xbar/len[63]_i_12/O
                         net (fo=1, routed)           0.462    25.415    top/teaching_board_top/target/sbus/system_bus_xbar/len[63]_i_12_n_0
    SLICE_X65Y94         LUT6 (Prop_lut6_I0_O)        0.124    25.539 f  top/teaching_board_top/target/sbus/system_bus_xbar/len[63]_i_6/O
                         net (fo=11, routed)          0.860    26.398    top/teaching_board_top/target/rd2serial/len_reg[0]_0
    SLICE_X64Y87         LUT5 (Prop_lut5_I3_O)        0.150    26.548 r  top/teaching_board_top/target/rd2serial/addr[31]_i_3/O
                         net (fo=36, routed)          0.845    27.393    top/teaching_board_top/target/rd2serial/addr[31]_i_3_n_0
    SLICE_X61Y84         LUT4 (Prop_lut4_I2_O)        0.326    27.719 r  top/teaching_board_top/target/rd2serial/addr[63]_i_1__0/O
                         net (fo=35, routed)          0.704    28.424    top/teaching_board_top/target/rd2serial/addr[63]_i_1__0_n_0
    SLICE_X66Y78         FDRE                                         r  top/teaching_board_top/target/rd2serial/addr_reg[0]/R
  -------------------------------------------------------------------    -------------------

                         (clock host_clk_i rise edge)
                                                     25.000    25.000 r  
    H16                                               0.000    25.000 r  clk (IN)
                         net (fo=0)                   0.000    25.000    clk
    H16                  IBUF (Prop_ibuf_I_O)         1.380    26.380 r  ibufg_gclk/O
                         net (fo=1, routed)           1.162    27.542    gclk_i
    MMCME2_ADV_X1Y2      MMCME2_ADV (Prop_mmcme2_adv_CLKIN1_CLKOUT0)
                                                      0.083    27.625 r  MMCME2_BASE_inst/CLKOUT0
                         net (fo=1, routed)           2.012    29.637    host_clk_i
    BUFGCTRL_X0Y16       BUFG (Prop_bufg_I_O)         0.091    29.728 r  bufg_host_clk/O
                         net (fo=13302, routed)       1.529    31.257    top/teaching_board_top/target/rd2serial/host_clk
    SLICE_X66Y78         FDRE                                         r  top/teaching_board_top/target/rd2serial/addr_reg[0]/C
                         clock pessimism              0.416    31.673    
                         clock uncertainty           -0.082    31.592    
    SLICE_X66Y78         FDRE (Setup_fdre_C_R)       -0.524    31.068    top/teaching_board_top/target/rd2serial/addr_reg[0]
  -------------------------------------------------------------------
                         required time                         31.068    
                         arrival time                         -28.424    
  -------------------------------------------------------------------
                         slack                                  2.644    

Slack (MET) :             2.644ns  (required time - arrival time)
  Source:                 top/teaching_board_top/target/controller/trackers_1/req_addr_reg[31]/C
                            (rising edge-triggered cell FDRE clocked by host_clk_i  {rise@0.000ns fall@12.500ns period=25.000ns})
  Destination:            top/teaching_board_top/target/rd2serial/addr_reg[1]/R
                            (rising edge-triggered cell FDRE clocked by host_clk_i  {rise@0.000ns fall@12.500ns period=25.000ns})
  Path Group:             host_clk_i
  Path Type:              Setup (Max at Slow Process Corner)
  Requirement:            25.000ns  (host_clk_i rise@25.000ns - host_clk_i rise@0.000ns)
  Data Path Delay:        21.653ns  (logic 4.275ns (19.743%)  route 17.378ns (80.257%))
  Logic Levels:           22  (CARRY4=3 LUT3=1 LUT4=3 LUT5=6 LUT6=9)
  Clock Path Skew:        -0.097ns (DCD - SCD + CPR)
    Destination Clock Delay (DCD):    6.257ns = ( 31.257 - 25.000 ) 
    Source Clock Delay      (SCD):    6.771ns
    Clock Pessimism Removal (CPR):    0.416ns
  Clock Uncertainty:      0.082ns  ((TSJ^2 + DJ^2)^1/2) / 2 + PE
    Total System Jitter     (TSJ):    0.071ns
    Discrete Jitter          (DJ):    0.147ns
    Phase Error              (PE):    0.000ns

    Location             Delay type                Incr(ns)  Path(ns)    Netlist Resource(s)
  -------------------------------------------------------------------    -------------------
                         (clock host_clk_i rise edge)
                                                      0.000     0.000 r  
    H16                                               0.000     0.000 r  clk (IN)
                         net (fo=0)                   0.000     0.000    clk
    H16                  IBUF (Prop_ibuf_I_O)         1.451     1.451 r  ibufg_gclk/O
                         net (fo=1, routed)           1.285     2.736    gclk_i
    MMCME2_ADV_X1Y2      MMCME2_ADV (Prop_mmcme2_adv_CLKIN1_CLKOUT0)
                                                      0.088     2.824 r  MMCME2_BASE_inst/CLKOUT0
                         net (fo=1, routed)           2.206     5.030    host_clk_i
    BUFGCTRL_X0Y16       BUFG (Prop_bufg_I_O)         0.101     5.131 r  bufg_host_clk/O
                         net (fo=13302, routed)       1.640     6.771    top/teaching_board_top/target/controller/trackers_1/host_clk
    SLICE_X37Y80         FDRE                                         r  top/teaching_board_top/target/controller/trackers_1/req_addr_reg[31]/C
  -------------------------------------------------------------------    -------------------
    SLICE_X37Y80         FDRE (Prop_fdre_C_Q)         0.456     7.227 f  top/teaching_board_top/target/controller/trackers_1/req_addr_reg[31]/Q
                         net (fo=10, routed)          1.380     8.606    top/teaching_board_top/target/controller/trackers_1/controller_auto_mem_out_1_a_bits_address[31]
    SLICE_X48Y89         LUT6 (Prop_lut6_I0_O)        0.124     8.730 r  top/teaching_board_top/target/controller/trackers_1/curHart_i_7/O
                         net (fo=6, routed)           0.921     9.651    top/teaching_board_top/target/controller/trackers/_T_3820[3]_i_3_0
    SLICE_X62Y91         LUT6 (Prop_lut6_I0_O)        0.124     9.775 f  top/teaching_board_top/target/controller/trackers/_T_3820[0]_i_3/O
                         net (fo=2, routed)           0.458    10.233    top/teaching_board_top/target/rd2serial/resvWord_0[28]_i_12_0
    SLICE_X64Y92         LUT6 (Prop_lut6_I5_O)        0.124    10.357 f  top/teaching_board_top/target/rd2serial/nDrained[0]_i_6/O
                         net (fo=5, routed)           0.632    10.989    top/teaching_board_top/target/harts_1/bridge/_T_3985_3_reg
    SLICE_X64Y91         LUT4 (Prop_lut4_I0_O)        0.124    11.113 r  top/teaching_board_top/target/harts_1/bridge/_T_3820[3]_i_6/O
                         net (fo=3, routed)           0.438    11.551    top/teaching_board_top/target/sbus/system_bus_xbar/_T_3985_3_reg_2
    SLICE_X63Y91         LUT5 (Prop_lut5_I1_O)        0.124    11.675 r  top/teaching_board_top/target/sbus/system_bus_xbar/_T_3985_3_i_1/O
                         net (fo=120, routed)         1.933    13.608    top/teaching_board_top/target/harts_1/bridge/_T_4005_3
    SLICE_X51Y70         LUT6 (Prop_lut6_I3_O)        0.124    13.732 r  top/teaching_board_top/target/harts_1/bridge/resvWord_0[11]_i_2/O
                         net (fo=2, routed)           0.852    14.584    top/teaching_board_top/target/sbus/system_bus_xbar/resvWord_1_reg[11]
    SLICE_X46Y69         LUT5 (Prop_lut5_I0_O)        0.124    14.708 r  top/teaching_board_top/target/sbus/system_bus_xbar/resvWord_0[11]_i_1/O
                         net (fo=10, routed)          0.609    15.317    top/teaching_board_top/target/backend/sbus_auto_coupler_to_mbus_nodelay_out_a_bits_address[14]
    SLICE_X39Y68         LUT3 (Prop_lut3_I2_O)        0.119    15.436 r  top/teaching_board_top/target/backend/address[14]_i_1/O
                         net (fo=8, routed)           1.271    16.707    top/teaching_board_top/target/bh/TLBroadcastTracker_1/backend_auto_out_a_bits_address[14]
    SLICE_X37Y56         LUT6 (Prop_lut6_I1_O)        0.332    17.039 r  top/teaching_board_top/target/bh/TLBroadcastTracker_1/value[2]_i_15/O
                         net (fo=1, routed)           0.000    17.039    top/teaching_board_top/target/bh/TLBroadcastTracker_1/value[2]_i_15_n_0
    SLICE_X37Y56         CARRY4 (Prop_carry4_S[2]_CO[3])
                                                      0.398    17.437 r  top/teaching_board_top/target/bh/TLBroadcastTracker_1/value_reg[2]_i_9/CO[3]
                         net (fo=1, routed)           0.000    17.437    top/teaching_board_top/target/bh/TLBroadcastTracker_1/value_reg[2]_i_9_n_0
    SLICE_X37Y57         CARRY4 (Prop_carry4_CI_CO[3])
                                                      0.114    17.551 r  top/teaching_board_top/target/bh/TLBroadcastTracker_1/value_reg[2]_i_7/CO[3]
                         net (fo=1, routed)           0.000    17.551    top/teaching_board_top/target/bh/TLBroadcastTracker_1/value_reg[2]_i_7_n_0
    SLICE_X37Y58         CARRY4 (Prop_carry4_CI_CO[0])
                                                      0.271    17.822 f  top/teaching_board_top/target/bh/TLBroadcastTracker_1/value_reg[2]_i_6/CO[0]
                         net (fo=2, routed)           0.902    18.724    top/teaching_board_top/target/bh/TLBroadcastTracker_3/ram_data_reg_0_7_0_5_i_8[1]
    SLICE_X38Y62         LUT4 (Prop_lut4_I3_O)        0.373    19.097 r  top/teaching_board_top/target/bh/TLBroadcastTracker_3/ram_data_reg_0_7_0_5_i_24/O
                         net (fo=3, routed)           0.884    19.980    top/teaching_board_top/target/bh/TLBroadcastTracker_1/ram_data_reg_0_7_0_5_i_2__1
    SLICE_X35Y50         LUT5 (Prop_lut5_I0_O)        0.124    20.104 r  top/teaching_board_top/target/bh/TLBroadcastTracker_1/ram_data_reg_0_7_0_5_i_3__1/O
                         net (fo=2, routed)           0.874    20.979    top/teaching_board_top/target/bh/TLBroadcastTracker_3/o_data/_T_585[2]_i_7_1
    SLICE_X38Y62         LUT6 (Prop_lut6_I5_O)        0.124    21.103 r  top/teaching_board_top/target/bh/TLBroadcastTracker_3/o_data/ram_data_reg_0_7_0_5_i_3__0/O
                         net (fo=2, routed)           0.675    21.777    top/teaching_board_top/target/bh/TLBroadcastTracker_3/o_data/ram_data_reg_0_7_0_5_i_3__0_n_0
    SLICE_X38Y64         LUT5 (Prop_lut5_I2_O)        0.124    21.901 f  top/teaching_board_top/target/bh/TLBroadcastTracker_3/o_data/_T_585[2]_i_7/O
                         net (fo=5, routed)           0.847    22.748    top/teaching_board_top/target/backend/_T_1082_reg[0]_2
    SLICE_X48Y68         LUT6 (Prop_lut6_I1_O)        0.124    22.872 r  top/teaching_board_top/target/backend/_T_585[2]_i_8/O
                         net (fo=1, routed)           0.161    23.033    top/teaching_board_top/target/sbus/system_bus_xbar/_T_3803_reg[0]_6
    SLICE_X48Y68         LUT6 (Prop_lut6_I5_O)        0.124    23.157 r  top/teaching_board_top/target/sbus/system_bus_xbar/_T_585[2]_i_3/O
                         net (fo=29, routed)          1.672    24.829    top/teaching_board_top/target/sbus/system_bus_xbar/ram_sc_reg[0]
    SLICE_X65Y93         LUT5 (Prop_lut5_I1_O)        0.124    24.953 r  top/teaching_board_top/target/sbus/system_bus_xbar/len[63]_i_12/O
                         net (fo=1, routed)           0.462    25.415    top/teaching_board_top/target/sbus/system_bus_xbar/len[63]_i_12_n_0
    SLICE_X65Y94         LUT6 (Prop_lut6_I0_O)        0.124    25.539 f  top/teaching_board_top/target/sbus/system_bus_xbar/len[63]_i_6/O
                         net (fo=11, routed)          0.860    26.398    top/teaching_board_top/target/rd2serial/len_reg[0]_0
    SLICE_X64Y87         LUT5 (Prop_lut5_I3_O)        0.150    26.548 r  top/teaching_board_top/target/rd2serial/addr[31]_i_3/O
                         net (fo=36, routed)          0.845    27.393    top/teaching_board_top/target/rd2serial/addr[31]_i_3_n_0
    SLICE_X61Y84         LUT4 (Prop_lut4_I2_O)        0.326    27.719 r  top/teaching_board_top/target/rd2serial/addr[63]_i_1__0/O
                         net (fo=35, routed)          0.704    28.424    top/teaching_board_top/target/rd2serial/addr[63]_i_1__0_n_0
    SLICE_X66Y78         FDRE                                         r  top/teaching_board_top/target/rd2serial/addr_reg[1]/R
  -------------------------------------------------------------------    -------------------

                         (clock host_clk_i rise edge)
                                                     25.000    25.000 r  
    H16                                               0.000    25.000 r  clk (IN)
                         net (fo=0)                   0.000    25.000    clk
    H16                  IBUF (Prop_ibuf_I_O)         1.380    26.380 r  ibufg_gclk/O
                         net (fo=1, routed)           1.162    27.542    gclk_i
    MMCME2_ADV_X1Y2      MMCME2_ADV (Prop_mmcme2_adv_CLKIN1_CLKOUT0)
                                                      0.083    27.625 r  MMCME2_BASE_inst/CLKOUT0
                         net (fo=1, routed)           2.012    29.637    host_clk_i
    BUFGCTRL_X0Y16       BUFG (Prop_bufg_I_O)         0.091    29.728 r  bufg_host_clk/O
                         net (fo=13302, routed)       1.529    31.257    top/teaching_board_top/target/rd2serial/host_clk
    SLICE_X66Y78         FDRE                                         r  top/teaching_board_top/target/rd2serial/addr_reg[1]/C
                         clock pessimism              0.416    31.673    
                         clock uncertainty           -0.082    31.592    
    SLICE_X66Y78         FDRE (Setup_fdre_C_R)       -0.524    31.068    top/teaching_board_top/target/rd2serial/addr_reg[1]
  -------------------------------------------------------------------
                         required time                         31.068    
                         arrival time                         -28.424    
  -------------------------------------------------------------------
                         slack                                  2.644    

Slack (MET) :             2.644ns  (required time - arrival time)
  Source:                 top/teaching_board_top/target/controller/trackers_1/req_addr_reg[31]/C
                            (rising edge-triggered cell FDRE clocked by host_clk_i  {rise@0.000ns fall@12.500ns period=25.000ns})
  Destination:            top/teaching_board_top/target/rd2serial/addr_reg[33]/R
                            (rising edge-triggered cell FDRE clocked by host_clk_i  {rise@0.000ns fall@12.500ns period=25.000ns})
  Path Group:             host_clk_i
  Path Type:              Setup (Max at Slow Process Corner)
  Requirement:            25.000ns  (host_clk_i rise@25.000ns - host_clk_i rise@0.000ns)
  Data Path Delay:        21.653ns  (logic 4.275ns (19.743%)  route 17.378ns (80.257%))
  Logic Levels:           22  (CARRY4=3 LUT3=1 LUT4=3 LUT5=6 LUT6=9)
  Clock Path Skew:        -0.097ns (DCD - SCD + CPR)
    Destination Clock Delay (DCD):    6.257ns = ( 31.257 - 25.000 ) 
    Source Clock Delay      (SCD):    6.771ns
    Clock Pessimism Removal (CPR):    0.416ns
  Clock Uncertainty:      0.082ns  ((TSJ^2 + DJ^2)^1/2) / 2 + PE
    Total System Jitter     (TSJ):    0.071ns
    Discrete Jitter          (DJ):    0.147ns
    Phase Error              (PE):    0.000ns

    Location             Delay type                Incr(ns)  Path(ns)    Netlist Resource(s)
  -------------------------------------------------------------------    -------------------
                         (clock host_clk_i rise edge)
                                                      0.000     0.000 r  
    H16                                               0.000     0.000 r  clk (IN)
                         net (fo=0)                   0.000     0.000    clk
    H16                  IBUF (Prop_ibuf_I_O)         1.451     1.451 r  ibufg_gclk/O
                         net (fo=1, routed)           1.285     2.736    gclk_i
    MMCME2_ADV_X1Y2      MMCME2_ADV (Prop_mmcme2_adv_CLKIN1_CLKOUT0)
                                                      0.088     2.824 r  MMCME2_BASE_inst/CLKOUT0
                         net (fo=1, routed)           2.206     5.030    host_clk_i
    BUFGCTRL_X0Y16       BUFG (Prop_bufg_I_O)         0.101     5.131 r  bufg_host_clk/O
                         net (fo=13302, routed)       1.640     6.771    top/teaching_board_top/target/controller/trackers_1/host_clk
    SLICE_X37Y80         FDRE                                         r  top/teaching_board_top/target/controller/trackers_1/req_addr_reg[31]/C
  -------------------------------------------------------------------    -------------------
    SLICE_X37Y80         FDRE (Prop_fdre_C_Q)         0.456     7.227 f  top/teaching_board_top/target/controller/trackers_1/req_addr_reg[31]/Q
                         net (fo=10, routed)          1.380     8.606    top/teaching_board_top/target/controller/trackers_1/controller_auto_mem_out_1_a_bits_address[31]
    SLICE_X48Y89         LUT6 (Prop_lut6_I0_O)        0.124     8.730 r  top/teaching_board_top/target/controller/trackers_1/curHart_i_7/O
                         net (fo=6, routed)           0.921     9.651    top/teaching_board_top/target/controller/trackers/_T_3820[3]_i_3_0
    SLICE_X62Y91         LUT6 (Prop_lut6_I0_O)        0.124     9.775 f  top/teaching_board_top/target/controller/trackers/_T_3820[0]_i_3/O
                         net (fo=2, routed)           0.458    10.233    top/teaching_board_top/target/rd2serial/resvWord_0[28]_i_12_0
    SLICE_X64Y92         LUT6 (Prop_lut6_I5_O)        0.124    10.357 f  top/teaching_board_top/target/rd2serial/nDrained[0]_i_6/O
                         net (fo=5, routed)           0.632    10.989    top/teaching_board_top/target/harts_1/bridge/_T_3985_3_reg
    SLICE_X64Y91         LUT4 (Prop_lut4_I0_O)        0.124    11.113 r  top/teaching_board_top/target/harts_1/bridge/_T_3820[3]_i_6/O
                         net (fo=3, routed)           0.438    11.551    top/teaching_board_top/target/sbus/system_bus_xbar/_T_3985_3_reg_2
    SLICE_X63Y91         LUT5 (Prop_lut5_I1_O)        0.124    11.675 r  top/teaching_board_top/target/sbus/system_bus_xbar/_T_3985_3_i_1/O
                         net (fo=120, routed)         1.933    13.608    top/teaching_board_top/target/harts_1/bridge/_T_4005_3
    SLICE_X51Y70         LUT6 (Prop_lut6_I3_O)        0.124    13.732 r  top/teaching_board_top/target/harts_1/bridge/resvWord_0[11]_i_2/O
                         net (fo=2, routed)           0.852    14.584    top/teaching_board_top/target/sbus/system_bus_xbar/resvWord_1_reg[11]
    SLICE_X46Y69         LUT5 (Prop_lut5_I0_O)        0.124    14.708 r  top/teaching_board_top/target/sbus/system_bus_xbar/resvWord_0[11]_i_1/O
                         net (fo=10, routed)          0.609    15.317    top/teaching_board_top/target/backend/sbus_auto_coupler_to_mbus_nodelay_out_a_bits_address[14]
    SLICE_X39Y68         LUT3 (Prop_lut3_I2_O)        0.119    15.436 r  top/teaching_board_top/target/backend/address[14]_i_1/O
                         net (fo=8, routed)           1.271    16.707    top/teaching_board_top/target/bh/TLBroadcastTracker_1/backend_auto_out_a_bits_address[14]
    SLICE_X37Y56         LUT6 (Prop_lut6_I1_O)        0.332    17.039 r  top/teaching_board_top/target/bh/TLBroadcastTracker_1/value[2]_i_15/O
                         net (fo=1, routed)           0.000    17.039    top/teaching_board_top/target/bh/TLBroadcastTracker_1/value[2]_i_15_n_0
    SLICE_X37Y56         CARRY4 (Prop_carry4_S[2]_CO[3])
                                                      0.398    17.437 r  top/teaching_board_top/target/bh/TLBroadcastTracker_1/value_reg[2]_i_9/CO[3]
                         net (fo=1, routed)           0.000    17.437    top/teaching_board_top/target/bh/TLBroadcastTracker_1/value_reg[2]_i_9_n_0
    SLICE_X37Y57         CARRY4 (Prop_carry4_CI_CO[3])
                                                      0.114    17.551 r  top/teaching_board_top/target/bh/TLBroadcastTracker_1/value_reg[2]_i_7/CO[3]
                         net (fo=1, routed)           0.000    17.551    top/teaching_board_top/target/bh/TLBroadcastTracker_1/value_reg[2]_i_7_n_0
    SLICE_X37Y58         CARRY4 (Prop_carry4_CI_CO[0])
                                                      0.271    17.822 f  top/teaching_board_top/target/bh/TLBroadcastTracker_1/value_reg[2]_i_6/CO[0]
                         net (fo=2, routed)           0.902    18.724    top/teaching_board_top/target/bh/TLBroadcastTracker_3/ram_data_reg_0_7_0_5_i_8[1]
    SLICE_X38Y62         LUT4 (Prop_lut4_I3_O)        0.373    19.097 r  top/teaching_board_top/target/bh/TLBroadcastTracker_3/ram_data_reg_0_7_0_5_i_24/O
                         net (fo=3, routed)           0.884    19.980    top/teaching_board_top/target/bh/TLBroadcastTracker_1/ram_data_reg_0_7_0_5_i_2__1
    SLICE_X35Y50         LUT5 (Prop_lut5_I0_O)        0.124    20.104 r  top/teaching_board_top/target/bh/TLBroadcastTracker_1/ram_data_reg_0_7_0_5_i_3__1/O
                         net (fo=2, routed)           0.874    20.979    top/teaching_board_top/target/bh/TLBroadcastTracker_3/o_data/_T_585[2]_i_7_1
    SLICE_X38Y62         LUT6 (Prop_lut6_I5_O)        0.124    21.103 r  top/teaching_board_top/target/bh/TLBroadcastTracker_3/o_data/ram_data_reg_0_7_0_5_i_3__0/O
                         net (fo=2, routed)           0.675    21.777    top/teaching_board_top/target/bh/TLBroadcastTracker_3/o_data/ram_data_reg_0_7_0_5_i_3__0_n_0
    SLICE_X38Y64         LUT5 (Prop_lut5_I2_O)        0.124    21.901 f  top/teaching_board_top/target/bh/TLBroadcastTracker_3/o_data/_T_585[2]_i_7/O
                         net (fo=5, routed)           0.847    22.748    top/teaching_board_top/target/backend/_T_1082_reg[0]_2
    SLICE_X48Y68         LUT6 (Prop_lut6_I1_O)        0.124    22.872 r  top/teaching_board_top/target/backend/_T_585[2]_i_8/O
                         net (fo=1, routed)           0.161    23.033    top/teaching_board_top/target/sbus/system_bus_xbar/_T_3803_reg[0]_6
    SLICE_X48Y68         LUT6 (Prop_lut6_I5_O)        0.124    23.157 r  top/teaching_board_top/target/sbus/system_bus_xbar/_T_585[2]_i_3/O
                         net (fo=29, routed)          1.672    24.829    top/teaching_board_top/target/sbus/system_bus_xbar/ram_sc_reg[0]
    SLICE_X65Y93         LUT5 (Prop_lut5_I1_O)        0.124    24.953 r  top/teaching_board_top/target/sbus/system_bus_xbar/len[63]_i_12/O
                         net (fo=1, routed)           0.462    25.415    top/teaching_board_top/target/sbus/system_bus_xbar/len[63]_i_12_n_0
    SLICE_X65Y94         LUT6 (Prop_lut6_I0_O)        0.124    25.539 f  top/teaching_board_top/target/sbus/system_bus_xbar/len[63]_i_6/O
                         net (fo=11, routed)          0.860    26.398    top/teaching_board_top/target/rd2serial/len_reg[0]_0
    SLICE_X64Y87         LUT5 (Prop_lut5_I3_O)        0.150    26.548 r  top/teaching_board_top/target/rd2serial/addr[31]_i_3/O
                         net (fo=36, routed)          0.845    27.393    top/teaching_board_top/target/rd2serial/addr[31]_i_3_n_0
    SLICE_X61Y84         LUT4 (Prop_lut4_I2_O)        0.326    27.719 r  top/teaching_board_top/target/rd2serial/addr[63]_i_1__0/O
                         net (fo=35, routed)          0.704    28.424    top/teaching_board_top/target/rd2serial/addr[63]_i_1__0_n_0
    SLICE_X66Y78         FDRE                                         r  top/teaching_board_top/target/rd2serial/addr_reg[33]/R
  -------------------------------------------------------------------    -------------------

                         (clock host_clk_i rise edge)
                                                     25.000    25.000 r  
    H16                                               0.000    25.000 r  clk (IN)
                         net (fo=0)                   0.000    25.000    clk
    H16                  IBUF (Prop_ibuf_I_O)         1.380    26.380 r  ibufg_gclk/O
                         net (fo=1, routed)           1.162    27.542    gclk_i
    MMCME2_ADV_X1Y2      MMCME2_ADV (Prop_mmcme2_adv_CLKIN1_CLKOUT0)
                                                      0.083    27.625 r  MMCME2_BASE_inst/CLKOUT0
                         net (fo=1, routed)           2.012    29.637    host_clk_i
    BUFGCTRL_X0Y16       BUFG (Prop_bufg_I_O)         0.091    29.728 r  bufg_host_clk/O
                         net (fo=13302, routed)       1.529    31.257    top/teaching_board_top/target/rd2serial/host_clk
    SLICE_X66Y78         FDRE                                         r  top/teaching_board_top/target/rd2serial/addr_reg[33]/C
                         clock pessimism              0.416    31.673    
                         clock uncertainty           -0.082    31.592    
    SLICE_X66Y78         FDRE (Setup_fdre_C_R)       -0.524    31.068    top/teaching_board_top/target/rd2serial/addr_reg[33]
  -------------------------------------------------------------------
                         required time                         31.068    
                         arrival time                         -28.424    
  -------------------------------------------------------------------
                         slack                                  2.644    

Slack (MET) :             2.644ns  (required time - arrival time)
  Source:                 top/teaching_board_top/target/controller/trackers_1/req_addr_reg[31]/C
                            (rising edge-triggered cell FDRE clocked by host_clk_i  {rise@0.000ns fall@12.500ns period=25.000ns})
  Destination:            top/teaching_board_top/target/rd2serial/addr_reg[60]/R
                            (rising edge-triggered cell FDRE clocked by host_clk_i  {rise@0.000ns fall@12.500ns period=25.000ns})
  Path Group:             host_clk_i
  Path Type:              Setup (Max at Slow Process Corner)
  Requirement:            25.000ns  (host_clk_i rise@25.000ns - host_clk_i rise@0.000ns)
  Data Path Delay:        21.653ns  (logic 4.275ns (19.743%)  route 17.378ns (80.257%))
  Logic Levels:           22  (CARRY4=3 LUT3=1 LUT4=3 LUT5=6 LUT6=9)
  Clock Path Skew:        -0.097ns (DCD - SCD + CPR)
    Destination Clock Delay (DCD):    6.257ns = ( 31.257 - 25.000 ) 
    Source Clock Delay      (SCD):    6.771ns
    Clock Pessimism Removal (CPR):    0.416ns
  Clock Uncertainty:      0.082ns  ((TSJ^2 + DJ^2)^1/2) / 2 + PE
    Total System Jitter     (TSJ):    0.071ns
    Discrete Jitter          (DJ):    0.147ns
    Phase Error              (PE):    0.000ns

    Location             Delay type                Incr(ns)  Path(ns)    Netlist Resource(s)
  -------------------------------------------------------------------    -------------------
                         (clock host_clk_i rise edge)
                                                      0.000     0.000 r  
    H16                                               0.000     0.000 r  clk (IN)
                         net (fo=0)                   0.000     0.000    clk
    H16                  IBUF (Prop_ibuf_I_O)         1.451     1.451 r  ibufg_gclk/O
                         net (fo=1, routed)           1.285     2.736    gclk_i
    MMCME2_ADV_X1Y2      MMCME2_ADV (Prop_mmcme2_adv_CLKIN1_CLKOUT0)
                                                      0.088     2.824 r  MMCME2_BASE_inst/CLKOUT0
                         net (fo=1, routed)           2.206     5.030    host_clk_i
    BUFGCTRL_X0Y16       BUFG (Prop_bufg_I_O)         0.101     5.131 r  bufg_host_clk/O
                         net (fo=13302, routed)       1.640     6.771    top/teaching_board_top/target/controller/trackers_1/host_clk
    SLICE_X37Y80         FDRE                                         r  top/teaching_board_top/target/controller/trackers_1/req_addr_reg[31]/C
  -------------------------------------------------------------------    -------------------
    SLICE_X37Y80         FDRE (Prop_fdre_C_Q)         0.456     7.227 f  top/teaching_board_top/target/controller/trackers_1/req_addr_reg[31]/Q
                         net (fo=10, routed)          1.380     8.606    top/teaching_board_top/target/controller/trackers_1/controller_auto_mem_out_1_a_bits_address[31]
    SLICE_X48Y89         LUT6 (Prop_lut6_I0_O)        0.124     8.730 r  top/teaching_board_top/target/controller/trackers_1/curHart_i_7/O
                         net (fo=6, routed)           0.921     9.651    top/teaching_board_top/target/controller/trackers/_T_3820[3]_i_3_0
    SLICE_X62Y91         LUT6 (Prop_lut6_I0_O)        0.124     9.775 f  top/teaching_board_top/target/controller/trackers/_T_3820[0]_i_3/O
                         net (fo=2, routed)           0.458    10.233    top/teaching_board_top/target/rd2serial/resvWord_0[28]_i_12_0
    SLICE_X64Y92         LUT6 (Prop_lut6_I5_O)        0.124    10.357 f  top/teaching_board_top/target/rd2serial/nDrained[0]_i_6/O
                         net (fo=5, routed)           0.632    10.989    top/teaching_board_top/target/harts_1/bridge/_T_3985_3_reg
    SLICE_X64Y91         LUT4 (Prop_lut4_I0_O)        0.124    11.113 r  top/teaching_board_top/target/harts_1/bridge/_T_3820[3]_i_6/O
                         net (fo=3, routed)           0.438    11.551    top/teaching_board_top/target/sbus/system_bus_xbar/_T_3985_3_reg_2
    SLICE_X63Y91         LUT5 (Prop_lut5_I1_O)        0.124    11.675 r  top/teaching_board_top/target/sbus/system_bus_xbar/_T_3985_3_i_1/O
                         net (fo=120, routed)         1.933    13.608    top/teaching_board_top/target/harts_1/bridge/_T_4005_3
    SLICE_X51Y70         LUT6 (Prop_lut6_I3_O)        0.124    13.732 r  top/teaching_board_top/target/harts_1/bridge/resvWord_0[11]_i_2/O
                         net (fo=2, routed)           0.852    14.584    top/teaching_board_top/target/sbus/system_bus_xbar/resvWord_1_reg[11]
    SLICE_X46Y69         LUT5 (Prop_lut5_I0_O)        0.124    14.708 r  top/teaching_board_top/target/sbus/system_bus_xbar/resvWord_0[11]_i_1/O
                         net (fo=10, routed)          0.609    15.317    top/teaching_board_top/target/backend/sbus_auto_coupler_to_mbus_nodelay_out_a_bits_address[14]
    SLICE_X39Y68         LUT3 (Prop_lut3_I2_O)        0.119    15.436 r  top/teaching_board_top/target/backend/address[14]_i_1/O
                         net (fo=8, routed)           1.271    16.707    top/teaching_board_top/target/bh/TLBroadcastTracker_1/backend_auto_out_a_bits_address[14]
    SLICE_X37Y56         LUT6 (Prop_lut6_I1_O)        0.332    17.039 r  top/teaching_board_top/target/bh/TLBroadcastTracker_1/value[2]_i_15/O
                         net (fo=1, routed)           0.000    17.039    top/teaching_board_top/target/bh/TLBroadcastTracker_1/value[2]_i_15_n_0
    SLICE_X37Y56         CARRY4 (Prop_carry4_S[2]_CO[3])
                                                      0.398    17.437 r  top/teaching_board_top/target/bh/TLBroadcastTracker_1/value_reg[2]_i_9/CO[3]
                         net (fo=1, routed)           0.000    17.437    top/teaching_board_top/target/bh/TLBroadcastTracker_1/value_reg[2]_i_9_n_0
    SLICE_X37Y57         CARRY4 (Prop_carry4_CI_CO[3])
                                                      0.114    17.551 r  top/teaching_board_top/target/bh/TLBroadcastTracker_1/value_reg[2]_i_7/CO[3]
                         net (fo=1, routed)           0.000    17.551    top/teaching_board_top/target/bh/TLBroadcastTracker_1/value_reg[2]_i_7_n_0
    SLICE_X37Y58         CARRY4 (Prop_carry4_CI_CO[0])
                                                      0.271    17.822 f  top/teaching_board_top/target/bh/TLBroadcastTracker_1/value_reg[2]_i_6/CO[0]
                         net (fo=2, routed)           0.902    18.724    top/teaching_board_top/target/bh/TLBroadcastTracker_3/ram_data_reg_0_7_0_5_i_8[1]
    SLICE_X38Y62         LUT4 (Prop_lut4_I3_O)        0.373    19.097 r  top/teaching_board_top/target/bh/TLBroadcastTracker_3/ram_data_reg_0_7_0_5_i_24/O
                         net (fo=3, routed)           0.884    19.980    top/teaching_board_top/target/bh/TLBroadcastTracker_1/ram_data_reg_0_7_0_5_i_2__1
    SLICE_X35Y50         LUT5 (Prop_lut5_I0_O)        0.124    20.104 r  top/teaching_board_top/target/bh/TLBroadcastTracker_1/ram_data_reg_0_7_0_5_i_3__1/O
                         net (fo=2, routed)           0.874    20.979    top/teaching_board_top/target/bh/TLBroadcastTracker_3/o_data/_T_585[2]_i_7_1
    SLICE_X38Y62         LUT6 (Prop_lut6_I5_O)        0.124    21.103 r  top/teaching_board_top/target/bh/TLBroadcastTracker_3/o_data/ram_data_reg_0_7_0_5_i_3__0/O
                         net (fo=2, routed)           0.675    21.777    top/teaching_board_top/target/bh/TLBroadcastTracker_3/o_data/ram_data_reg_0_7_0_5_i_3__0_n_0
    SLICE_X38Y64         LUT5 (Prop_lut5_I2_O)        0.124    21.901 f  top/teaching_board_top/target/bh/TLBroadcastTracker_3/o_data/_T_585[2]_i_7/O
                         net (fo=5, routed)           0.847    22.748    top/teaching_board_top/target/backend/_T_1082_reg[0]_2
    SLICE_X48Y68         LUT6 (Prop_lut6_I1_O)        0.124    22.872 r  top/teaching_board_top/target/backend/_T_585[2]_i_8/O
                         net (fo=1, routed)           0.161    23.033    top/teaching_board_top/target/sbus/system_bus_xbar/_T_3803_reg[0]_6
    SLICE_X48Y68         LUT6 (Prop_lut6_I5_O)        0.124    23.157 r  top/teaching_board_top/target/sbus/system_bus_xbar/_T_585[2]_i_3/O
                         net (fo=29, routed)          1.672    24.829    top/teaching_board_top/target/sbus/system_bus_xbar/ram_sc_reg[0]
    SLICE_X65Y93         LUT5 (Prop_lut5_I1_O)        0.124    24.953 r  top/teaching_board_top/target/sbus/system_bus_xbar/len[63]_i_12/O
                         net (fo=1, routed)           0.462    25.415    top/teaching_board_top/target/sbus/system_bus_xbar/len[63]_i_12_n_0
    SLICE_X65Y94         LUT6 (Prop_lut6_I0_O)        0.124    25.539 f  top/teaching_board_top/target/sbus/system_bus_xbar/len[63]_i_6/O
                         net (fo=11, routed)          0.860    26.398    top/teaching_board_top/target/rd2serial/len_reg[0]_0
    SLICE_X64Y87         LUT5 (Prop_lut5_I3_O)        0.150    26.548 r  top/teaching_board_top/target/rd2serial/addr[31]_i_3/O
                         net (fo=36, routed)          0.845    27.393    top/teaching_board_top/target/rd2serial/addr[31]_i_3_n_0
    SLICE_X61Y84         LUT4 (Prop_lut4_I2_O)        0.326    27.719 r  top/teaching_board_top/target/rd2serial/addr[63]_i_1__0/O
                         net (fo=35, routed)          0.704    28.424    top/teaching_board_top/target/rd2serial/addr[63]_i_1__0_n_0
    SLICE_X66Y78         FDRE                                         r  top/teaching_board_top/target/rd2serial/addr_reg[60]/R
  -------------------------------------------------------------------    -------------------

                         (clock host_clk_i rise edge)
                                                     25.000    25.000 r  
    H16                                               0.000    25.000 r  clk (IN)
                         net (fo=0)                   0.000    25.000    clk
    H16                  IBUF (Prop_ibuf_I_O)         1.380    26.380 r  ibufg_gclk/O
                         net (fo=1, routed)           1.162    27.542    gclk_i
    MMCME2_ADV_X1Y2      MMCME2_ADV (Prop_mmcme2_adv_CLKIN1_CLKOUT0)
                                                      0.083    27.625 r  MMCME2_BASE_inst/CLKOUT0
                         net (fo=1, routed)           2.012    29.637    host_clk_i
    BUFGCTRL_X0Y16       BUFG (Prop_bufg_I_O)         0.091    29.728 r  bufg_host_clk/O
                         net (fo=13302, routed)       1.529    31.257    top/teaching_board_top/target/rd2serial/host_clk
    SLICE_X66Y78         FDRE                                         r  top/teaching_board_top/target/rd2serial/addr_reg[60]/C
                         clock pessimism              0.416    31.673    
                         clock uncertainty           -0.082    31.592    
    SLICE_X66Y78         FDRE (Setup_fdre_C_R)       -0.524    31.068    top/teaching_board_top/target/rd2serial/addr_reg[60]
  -------------------------------------------------------------------
                         required time                         31.068    
                         arrival time                         -28.424    
  -------------------------------------------------------------------
                         slack                                  2.644    

Slack (MET) :             2.666ns  (required time - arrival time)
  Source:                 top/teaching_board_top/target/controller/trackers_1/req_addr_reg[31]/C
                            (rising edge-triggered cell FDRE clocked by host_clk_i  {rise@0.000ns fall@12.500ns period=25.000ns})
  Destination:            top/teaching_board_top/target/rd2serial/addr_reg[20]/CE
                            (rising edge-triggered cell FDRE clocked by host_clk_i  {rise@0.000ns fall@12.500ns period=25.000ns})
  Path Group:             host_clk_i
  Path Type:              Setup (Max at Slow Process Corner)
  Requirement:            25.000ns  (host_clk_i rise@25.000ns - host_clk_i rise@0.000ns)
  Data Path Delay:        21.944ns  (logic 4.275ns (19.482%)  route 17.669ns (80.518%))
  Logic Levels:           22  (CARRY4=3 LUT3=1 LUT4=3 LUT5=6 LUT6=9)
  Clock Path Skew:        -0.103ns (DCD - SCD + CPR)
    Destination Clock Delay (DCD):    6.251ns = ( 31.251 - 25.000 ) 
    Source Clock Delay      (SCD):    6.771ns
    Clock Pessimism Removal (CPR):    0.416ns
  Clock Uncertainty:      0.082ns  ((TSJ^2 + DJ^2)^1/2) / 2 + PE
    Total System Jitter     (TSJ):    0.071ns
    Discrete Jitter          (DJ):    0.147ns
    Phase Error              (PE):    0.000ns

    Location             Delay type                Incr(ns)  Path(ns)    Netlist Resource(s)
  -------------------------------------------------------------------    -------------------
                         (clock host_clk_i rise edge)
                                                      0.000     0.000 r  
    H16                                               0.000     0.000 r  clk (IN)
                         net (fo=0)                   0.000     0.000    clk
    H16                  IBUF (Prop_ibuf_I_O)         1.451     1.451 r  ibufg_gclk/O
                         net (fo=1, routed)           1.285     2.736    gclk_i
    MMCME2_ADV_X1Y2      MMCME2_ADV (Prop_mmcme2_adv_CLKIN1_CLKOUT0)
                                                      0.088     2.824 r  MMCME2_BASE_inst/CLKOUT0
                         net (fo=1, routed)           2.206     5.030    host_clk_i
    BUFGCTRL_X0Y16       BUFG (Prop_bufg_I_O)         0.101     5.131 r  bufg_host_clk/O
                         net (fo=13302, routed)       1.640     6.771    top/teaching_board_top/target/controller/trackers_1/host_clk
    SLICE_X37Y80         FDRE                                         r  top/teaching_board_top/target/controller/trackers_1/req_addr_reg[31]/C
  -------------------------------------------------------------------    -------------------
    SLICE_X37Y80         FDRE (Prop_fdre_C_Q)         0.456     7.227 f  top/teaching_board_top/target/controller/trackers_1/req_addr_reg[31]/Q
                         net (fo=10, routed)          1.380     8.606    top/teaching_board_top/target/controller/trackers_1/controller_auto_mem_out_1_a_bits_address[31]
    SLICE_X48Y89         LUT6 (Prop_lut6_I0_O)        0.124     8.730 r  top/teaching_board_top/target/controller/trackers_1/curHart_i_7/O
                         net (fo=6, routed)           0.921     9.651    top/teaching_board_top/target/controller/trackers/_T_3820[3]_i_3_0
    SLICE_X62Y91         LUT6 (Prop_lut6_I0_O)        0.124     9.775 f  top/teaching_board_top/target/controller/trackers/_T_3820[0]_i_3/O
                         net (fo=2, routed)           0.458    10.233    top/teaching_board_top/target/rd2serial/resvWord_0[28]_i_12_0
    SLICE_X64Y92         LUT6 (Prop_lut6_I5_O)        0.124    10.357 f  top/teaching_board_top/target/rd2serial/nDrained[0]_i_6/O
                         net (fo=5, routed)           0.632    10.989    top/teaching_board_top/target/harts_1/bridge/_T_3985_3_reg
    SLICE_X64Y91         LUT4 (Prop_lut4_I0_O)        0.124    11.113 r  top/teaching_board_top/target/harts_1/bridge/_T_3820[3]_i_6/O
                         net (fo=3, routed)           0.438    11.551    top/teaching_board_top/target/sbus/system_bus_xbar/_T_3985_3_reg_2
    SLICE_X63Y91         LUT5 (Prop_lut5_I1_O)        0.124    11.675 r  top/teaching_board_top/target/sbus/system_bus_xbar/_T_3985_3_i_1/O
                         net (fo=120, routed)         1.933    13.608    top/teaching_board_top/target/harts_1/bridge/_T_4005_3
    SLICE_X51Y70         LUT6 (Prop_lut6_I3_O)        0.124    13.732 r  top/teaching_board_top/target/harts_1/bridge/resvWord_0[11]_i_2/O
                         net (fo=2, routed)           0.852    14.584    top/teaching_board_top/target/sbus/system_bus_xbar/resvWord_1_reg[11]
    SLICE_X46Y69         LUT5 (Prop_lut5_I0_O)        0.124    14.708 r  top/teaching_board_top/target/sbus/system_bus_xbar/resvWord_0[11]_i_1/O
                         net (fo=10, routed)          0.609    15.317    top/teaching_board_top/target/backend/sbus_auto_coupler_to_mbus_nodelay_out_a_bits_address[14]
    SLICE_X39Y68         LUT3 (Prop_lut3_I2_O)        0.119    15.436 r  top/teaching_board_top/target/backend/address[14]_i_1/O
                         net (fo=8, routed)           1.271    16.707    top/teaching_board_top/target/bh/TLBroadcastTracker_1/backend_auto_out_a_bits_address[14]
    SLICE_X37Y56         LUT6 (Prop_lut6_I1_O)        0.332    17.039 r  top/teaching_board_top/target/bh/TLBroadcastTracker_1/value[2]_i_15/O
                         net (fo=1, routed)           0.000    17.039    top/teaching_board_top/target/bh/TLBroadcastTracker_1/value[2]_i_15_n_0
    SLICE_X37Y56         CARRY4 (Prop_carry4_S[2]_CO[3])
                                                      0.398    17.437 r  top/teaching_board_top/target/bh/TLBroadcastTracker_1/value_reg[2]_i_9/CO[3]
                         net (fo=1, routed)           0.000    17.437    top/teaching_board_top/target/bh/TLBroadcastTracker_1/value_reg[2]_i_9_n_0
    SLICE_X37Y57         CARRY4 (Prop_carry4_CI_CO[3])
                                                      0.114    17.551 r  top/teaching_board_top/target/bh/TLBroadcastTracker_1/value_reg[2]_i_7/CO[3]
                         net (fo=1, routed)           0.000    17.551    top/teaching_board_top/target/bh/TLBroadcastTracker_1/value_reg[2]_i_7_n_0
    SLICE_X37Y58         CARRY4 (Prop_carry4_CI_CO[0])
                                                      0.271    17.822 f  top/teaching_board_top/target/bh/TLBroadcastTracker_1/value_reg[2]_i_6/CO[0]
                         net (fo=2, routed)           0.902    18.724    top/teaching_board_top/target/bh/TLBroadcastTracker_3/ram_data_reg_0_7_0_5_i_8[1]
    SLICE_X38Y62         LUT4 (Prop_lut4_I3_O)        0.373    19.097 r  top/teaching_board_top/target/bh/TLBroadcastTracker_3/ram_data_reg_0_7_0_5_i_24/O
                         net (fo=3, routed)           0.884    19.980    top/teaching_board_top/target/bh/TLBroadcastTracker_1/ram_data_reg_0_7_0_5_i_2__1
    SLICE_X35Y50         LUT5 (Prop_lut5_I0_O)        0.124    20.104 r  top/teaching_board_top/target/bh/TLBroadcastTracker_1/ram_data_reg_0_7_0_5_i_3__1/O
                         net (fo=2, routed)           0.874    20.979    top/teaching_board_top/target/bh/TLBroadcastTracker_3/o_data/_T_585[2]_i_7_1
    SLICE_X38Y62         LUT6 (Prop_lut6_I5_O)        0.124    21.103 r  top/teaching_board_top/target/bh/TLBroadcastTracker_3/o_data/ram_data_reg_0_7_0_5_i_3__0/O
                         net (fo=2, routed)           0.675    21.777    top/teaching_board_top/target/bh/TLBroadcastTracker_3/o_data/ram_data_reg_0_7_0_5_i_3__0_n_0
    SLICE_X38Y64         LUT5 (Prop_lut5_I2_O)        0.124    21.901 f  top/teaching_board_top/target/bh/TLBroadcastTracker_3/o_data/_T_585[2]_i_7/O
                         net (fo=5, routed)           0.847    22.748    top/teaching_board_top/target/backend/_T_1082_reg[0]_2
    SLICE_X48Y68         LUT6 (Prop_lut6_I1_O)        0.124    22.872 r  top/teaching_board_top/target/backend/_T_585[2]_i_8/O
                         net (fo=1, routed)           0.161    23.033    top/teaching_board_top/target/sbus/system_bus_xbar/_T_3803_reg[0]_6
    SLICE_X48Y68         LUT6 (Prop_lut6_I5_O)        0.124    23.157 r  top/teaching_board_top/target/sbus/system_bus_xbar/_T_585[2]_i_3/O
                         net (fo=29, routed)          1.672    24.829    top/teaching_board_top/target/sbus/system_bus_xbar/ram_sc_reg[0]
    SLICE_X65Y93         LUT5 (Prop_lut5_I1_O)        0.124    24.953 r  top/teaching_board_top/target/sbus/system_bus_xbar/len[63]_i_12/O
                         net (fo=1, routed)           0.462    25.415    top/teaching_board_top/target/sbus/system_bus_xbar/len[63]_i_12_n_0
    SLICE_X65Y94         LUT6 (Prop_lut6_I0_O)        0.124    25.539 f  top/teaching_board_top/target/sbus/system_bus_xbar/len[63]_i_6/O
                         net (fo=11, routed)          0.860    26.398    top/teaching_board_top/target/rd2serial/len_reg[0]_0
    SLICE_X64Y87         LUT5 (Prop_lut5_I3_O)        0.150    26.548 r  top/teaching_board_top/target/rd2serial/addr[31]_i_3/O
                         net (fo=36, routed)          0.813    27.361    top/teaching_board_top/target/rd2serial/addr[31]_i_3_n_0
    SLICE_X65Y83         LUT4 (Prop_lut4_I0_O)        0.326    27.687 r  top/teaching_board_top/target/rd2serial/addr[31]_i_1/O
                         net (fo=64, routed)          1.027    28.714    top/teaching_board_top/target/rd2serial/addr[31]_i_1_n_0
    SLICE_X60Y75         FDRE                                         r  top/teaching_board_top/target/rd2serial/addr_reg[20]/CE
  -------------------------------------------------------------------    -------------------

                         (clock host_clk_i rise edge)
                                                     25.000    25.000 r  
    H16                                               0.000    25.000 r  clk (IN)
                         net (fo=0)                   0.000    25.000    clk
    H16                  IBUF (Prop_ibuf_I_O)         1.380    26.380 r  ibufg_gclk/O
                         net (fo=1, routed)           1.162    27.542    gclk_i
    MMCME2_ADV_X1Y2      MMCME2_ADV (Prop_mmcme2_adv_CLKIN1_CLKOUT0)
                                                      0.083    27.625 r  MMCME2_BASE_inst/CLKOUT0
                         net (fo=1, routed)           2.012    29.637    host_clk_i
    BUFGCTRL_X0Y16       BUFG (Prop_bufg_I_O)         0.091    29.728 r  bufg_host_clk/O
                         net (fo=13302, routed)       1.523    31.251    top/teaching_board_top/target/rd2serial/host_clk
    SLICE_X60Y75         FDRE                                         r  top/teaching_board_top/target/rd2serial/addr_reg[20]/C
                         clock pessimism              0.416    31.667    
                         clock uncertainty           -0.082    31.586    
    SLICE_X60Y75         FDRE (Setup_fdre_C_CE)      -0.205    31.381    top/teaching_board_top/target/rd2serial/addr_reg[20]
  -------------------------------------------------------------------
                         required time                         31.381    
                         arrival time                         -28.714    
  -------------------------------------------------------------------
                         slack                                  2.666    

Slack (MET) :             2.666ns  (required time - arrival time)
  Source:                 top/teaching_board_top/target/controller/trackers_1/req_addr_reg[31]/C
                            (rising edge-triggered cell FDRE clocked by host_clk_i  {rise@0.000ns fall@12.500ns period=25.000ns})
  Destination:            top/teaching_board_top/target/rd2serial/addr_reg[21]/CE
                            (rising edge-triggered cell FDRE clocked by host_clk_i  {rise@0.000ns fall@12.500ns period=25.000ns})
  Path Group:             host_clk_i
  Path Type:              Setup (Max at Slow Process Corner)
  Requirement:            25.000ns  (host_clk_i rise@25.000ns - host_clk_i rise@0.000ns)
  Data Path Delay:        21.944ns  (logic 4.275ns (19.482%)  route 17.669ns (80.518%))
  Logic Levels:           22  (CARRY4=3 LUT3=1 LUT4=3 LUT5=6 LUT6=9)
  Clock Path Skew:        -0.103ns (DCD - SCD + CPR)
    Destination Clock Delay (DCD):    6.251ns = ( 31.251 - 25.000 ) 
    Source Clock Delay      (SCD):    6.771ns
    Clock Pessimism Removal (CPR):    0.416ns
  Clock Uncertainty:      0.082ns  ((TSJ^2 + DJ^2)^1/2) / 2 + PE
    Total System Jitter     (TSJ):    0.071ns
    Discrete Jitter          (DJ):    0.147ns
    Phase Error              (PE):    0.000ns

    Location             Delay type                Incr(ns)  Path(ns)    Netlist Resource(s)
  -------------------------------------------------------------------    -------------------
                         (clock host_clk_i rise edge)
                                                      0.000     0.000 r  
    H16                                               0.000     0.000 r  clk (IN)
                         net (fo=0)                   0.000     0.000    clk
    H16                  IBUF (Prop_ibuf_I_O)         1.451     1.451 r  ibufg_gclk/O
                         net (fo=1, routed)           1.285     2.736    gclk_i
    MMCME2_ADV_X1Y2      MMCME2_ADV (Prop_mmcme2_adv_CLKIN1_CLKOUT0)
                                                      0.088     2.824 r  MMCME2_BASE_inst/CLKOUT0
                         net (fo=1, routed)           2.206     5.030    host_clk_i
    BUFGCTRL_X0Y16       BUFG (Prop_bufg_I_O)         0.101     5.131 r  bufg_host_clk/O
                         net (fo=13302, routed)       1.640     6.771    top/teaching_board_top/target/controller/trackers_1/host_clk
    SLICE_X37Y80         FDRE                                         r  top/teaching_board_top/target/controller/trackers_1/req_addr_reg[31]/C
  -------------------------------------------------------------------    -------------------
    SLICE_X37Y80         FDRE (Prop_fdre_C_Q)         0.456     7.227 f  top/teaching_board_top/target/controller/trackers_1/req_addr_reg[31]/Q
                         net (fo=10, routed)          1.380     8.606    top/teaching_board_top/target/controller/trackers_1/controller_auto_mem_out_1_a_bits_address[31]
    SLICE_X48Y89         LUT6 (Prop_lut6_I0_O)        0.124     8.730 r  top/teaching_board_top/target/controller/trackers_1/curHart_i_7/O
                         net (fo=6, routed)           0.921     9.651    top/teaching_board_top/target/controller/trackers/_T_3820[3]_i_3_0
    SLICE_X62Y91         LUT6 (Prop_lut6_I0_O)        0.124     9.775 f  top/teaching_board_top/target/controller/trackers/_T_3820[0]_i_3/O
                         net (fo=2, routed)           0.458    10.233    top/teaching_board_top/target/rd2serial/resvWord_0[28]_i_12_0
    SLICE_X64Y92         LUT6 (Prop_lut6_I5_O)        0.124    10.357 f  top/teaching_board_top/target/rd2serial/nDrained[0]_i_6/O
                         net (fo=5, routed)           0.632    10.989    top/teaching_board_top/target/harts_1/bridge/_T_3985_3_reg
    SLICE_X64Y91         LUT4 (Prop_lut4_I0_O)        0.124    11.113 r  top/teaching_board_top/target/harts_1/bridge/_T_3820[3]_i_6/O
                         net (fo=3, routed)           0.438    11.551    top/teaching_board_top/target/sbus/system_bus_xbar/_T_3985_3_reg_2
    SLICE_X63Y91         LUT5 (Prop_lut5_I1_O)        0.124    11.675 r  top/teaching_board_top/target/sbus/system_bus_xbar/_T_3985_3_i_1/O
                         net (fo=120, routed)         1.933    13.608    top/teaching_board_top/target/harts_1/bridge/_T_4005_3
    SLICE_X51Y70         LUT6 (Prop_lut6_I3_O)        0.124    13.732 r  top/teaching_board_top/target/harts_1/bridge/resvWord_0[11]_i_2/O
                         net (fo=2, routed)           0.852    14.584    top/teaching_board_top/target/sbus/system_bus_xbar/resvWord_1_reg[11]
    SLICE_X46Y69         LUT5 (Prop_lut5_I0_O)        0.124    14.708 r  top/teaching_board_top/target/sbus/system_bus_xbar/resvWord_0[11]_i_1/O
                         net (fo=10, routed)          0.609    15.317    top/teaching_board_top/target/backend/sbus_auto_coupler_to_mbus_nodelay_out_a_bits_address[14]
    SLICE_X39Y68         LUT3 (Prop_lut3_I2_O)        0.119    15.436 r  top/teaching_board_top/target/backend/address[14]_i_1/O
                         net (fo=8, routed)           1.271    16.707    top/teaching_board_top/target/bh/TLBroadcastTracker_1/backend_auto_out_a_bits_address[14]
    SLICE_X37Y56         LUT6 (Prop_lut6_I1_O)        0.332    17.039 r  top/teaching_board_top/target/bh/TLBroadcastTracker_1/value[2]_i_15/O
                         net (fo=1, routed)           0.000    17.039    top/teaching_board_top/target/bh/TLBroadcastTracker_1/value[2]_i_15_n_0
    SLICE_X37Y56         CARRY4 (Prop_carry4_S[2]_CO[3])
                                                      0.398    17.437 r  top/teaching_board_top/target/bh/TLBroadcastTracker_1/value_reg[2]_i_9/CO[3]
                         net (fo=1, routed)           0.000    17.437    top/teaching_board_top/target/bh/TLBroadcastTracker_1/value_reg[2]_i_9_n_0
    SLICE_X37Y57         CARRY4 (Prop_carry4_CI_CO[3])
                                                      0.114    17.551 r  top/teaching_board_top/target/bh/TLBroadcastTracker_1/value_reg[2]_i_7/CO[3]
                         net (fo=1, routed)           0.000    17.551    top/teaching_board_top/target/bh/TLBroadcastTracker_1/value_reg[2]_i_7_n_0
    SLICE_X37Y58         CARRY4 (Prop_carry4_CI_CO[0])
                                                      0.271    17.822 f  top/teaching_board_top/target/bh/TLBroadcastTracker_1/value_reg[2]_i_6/CO[0]
                         net (fo=2, routed)           0.902    18.724    top/teaching_board_top/target/bh/TLBroadcastTracker_3/ram_data_reg_0_7_0_5_i_8[1]
    SLICE_X38Y62         LUT4 (Prop_lut4_I3_O)        0.373    19.097 r  top/teaching_board_top/target/bh/TLBroadcastTracker_3/ram_data_reg_0_7_0_5_i_24/O
                         net (fo=3, routed)           0.884    19.980    top/teaching_board_top/target/bh/TLBroadcastTracker_1/ram_data_reg_0_7_0_5_i_2__1
    SLICE_X35Y50         LUT5 (Prop_lut5_I0_O)        0.124    20.104 r  top/teaching_board_top/target/bh/TLBroadcastTracker_1/ram_data_reg_0_7_0_5_i_3__1/O
                         net (fo=2, routed)           0.874    20.979    top/teaching_board_top/target/bh/TLBroadcastTracker_3/o_data/_T_585[2]_i_7_1
    SLICE_X38Y62         LUT6 (Prop_lut6_I5_O)        0.124    21.103 r  top/teaching_board_top/target/bh/TLBroadcastTracker_3/o_data/ram_data_reg_0_7_0_5_i_3__0/O
                         net (fo=2, routed)           0.675    21.777    top/teaching_board_top/target/bh/TLBroadcastTracker_3/o_data/ram_data_reg_0_7_0_5_i_3__0_n_0
    SLICE_X38Y64         LUT5 (Prop_lut5_I2_O)        0.124    21.901 f  top/teaching_board_top/target/bh/TLBroadcastTracker_3/o_data/_T_585[2]_i_7/O
                         net (fo=5, routed)           0.847    22.748    top/teaching_board_top/target/backend/_T_1082_reg[0]_2
    SLICE_X48Y68         LUT6 (Prop_lut6_I1_O)        0.124    22.872 r  top/teaching_board_top/target/backend/_T_585[2]_i_8/O
                         net (fo=1, routed)           0.161    23.033    top/teaching_board_top/target/sbus/system_bus_xbar/_T_3803_reg[0]_6
    SLICE_X48Y68         LUT6 (Prop_lut6_I5_O)        0.124    23.157 r  top/teaching_board_top/target/sbus/system_bus_xbar/_T_585[2]_i_3/O
                         net (fo=29, routed)          1.672    24.829    top/teaching_board_top/target/sbus/system_bus_xbar/ram_sc_reg[0]
    SLICE_X65Y93         LUT5 (Prop_lut5_I1_O)        0.124    24.953 r  top/teaching_board_top/target/sbus/system_bus_xbar/len[63]_i_12/O
                         net (fo=1, routed)           0.462    25.415    top/teaching_board_top/target/sbus/system_bus_xbar/len[63]_i_12_n_0
    SLICE_X65Y94         LUT6 (Prop_lut6_I0_O)        0.124    25.539 f  top/teaching_board_top/target/sbus/system_bus_xbar/len[63]_i_6/O
                         net (fo=11, routed)          0.860    26.398    top/teaching_board_top/target/rd2serial/len_reg[0]_0
    SLICE_X64Y87         LUT5 (Prop_lut5_I3_O)        0.150    26.548 r  top/teaching_board_top/target/rd2serial/addr[31]_i_3/O
                         net (fo=36, routed)          0.813    27.361    top/teaching_board_top/target/rd2serial/addr[31]_i_3_n_0
    SLICE_X65Y83         LUT4 (Prop_lut4_I0_O)        0.326    27.687 r  top/teaching_board_top/target/rd2serial/addr[31]_i_1/O
                         net (fo=64, routed)          1.027    28.714    top/teaching_board_top/target/rd2serial/addr[31]_i_1_n_0
    SLICE_X60Y75         FDRE                                         r  top/teaching_board_top/target/rd2serial/addr_reg[21]/CE
  -------------------------------------------------------------------    -------------------

                         (clock host_clk_i rise edge)
                                                     25.000    25.000 r  
    H16                                               0.000    25.000 r  clk (IN)
                         net (fo=0)                   0.000    25.000    clk
    H16                  IBUF (Prop_ibuf_I_O)         1.380    26.380 r  ibufg_gclk/O
                         net (fo=1, routed)           1.162    27.542    gclk_i
    MMCME2_ADV_X1Y2      MMCME2_ADV (Prop_mmcme2_adv_CLKIN1_CLKOUT0)
                                                      0.083    27.625 r  MMCME2_BASE_inst/CLKOUT0
                         net (fo=1, routed)           2.012    29.637    host_clk_i
    BUFGCTRL_X0Y16       BUFG (Prop_bufg_I_O)         0.091    29.728 r  bufg_host_clk/O
                         net (fo=13302, routed)       1.523    31.251    top/teaching_board_top/target/rd2serial/host_clk
    SLICE_X60Y75         FDRE                                         r  top/teaching_board_top/target/rd2serial/addr_reg[21]/C
                         clock pessimism              0.416    31.667    
                         clock uncertainty           -0.082    31.586    
    SLICE_X60Y75         FDRE (Setup_fdre_C_CE)      -0.205    31.381    top/teaching_board_top/target/rd2serial/addr_reg[21]
  -------------------------------------------------------------------
                         required time                         31.381    
                         arrival time                         -28.714    
  -------------------------------------------------------------------
                         slack                                  2.666    

Slack (MET) :             2.666ns  (required time - arrival time)
  Source:                 top/teaching_board_top/target/controller/trackers_1/req_addr_reg[31]/C
                            (rising edge-triggered cell FDRE clocked by host_clk_i  {rise@0.000ns fall@12.500ns period=25.000ns})
  Destination:            top/teaching_board_top/target/rd2serial/addr_reg[26]/CE
                            (rising edge-triggered cell FDRE clocked by host_clk_i  {rise@0.000ns fall@12.500ns period=25.000ns})
  Path Group:             host_clk_i
  Path Type:              Setup (Max at Slow Process Corner)
  Requirement:            25.000ns  (host_clk_i rise@25.000ns - host_clk_i rise@0.000ns)
  Data Path Delay:        21.944ns  (logic 4.275ns (19.482%)  route 17.669ns (80.518%))
  Logic Levels:           22  (CARRY4=3 LUT3=1 LUT4=3 LUT5=6 LUT6=9)
  Clock Path Skew:        -0.103ns (DCD - SCD + CPR)
    Destination Clock Delay (DCD):    6.251ns = ( 31.251 - 25.000 ) 
    Source Clock Delay      (SCD):    6.771ns
    Clock Pessimism Removal (CPR):    0.416ns
  Clock Uncertainty:      0.082ns  ((TSJ^2 + DJ^2)^1/2) / 2 + PE
    Total System Jitter     (TSJ):    0.071ns
    Discrete Jitter          (DJ):    0.147ns
    Phase Error              (PE):    0.000ns

    Location             Delay type                Incr(ns)  Path(ns)    Netlist Resource(s)
  -------------------------------------------------------------------    -------------------
                         (clock host_clk_i rise edge)
                                                      0.000     0.000 r  
    H16                                               0.000     0.000 r  clk (IN)
                         net (fo=0)                   0.000     0.000    clk
    H16                  IBUF (Prop_ibuf_I_O)         1.451     1.451 r  ibufg_gclk/O
                         net (fo=1, routed)           1.285     2.736    gclk_i
    MMCME2_ADV_X1Y2      MMCME2_ADV (Prop_mmcme2_adv_CLKIN1_CLKOUT0)
                                                      0.088     2.824 r  MMCME2_BASE_inst/CLKOUT0
                         net (fo=1, routed)           2.206     5.030    host_clk_i
    BUFGCTRL_X0Y16       BUFG (Prop_bufg_I_O)         0.101     5.131 r  bufg_host_clk/O
                         net (fo=13302, routed)       1.640     6.771    top/teaching_board_top/target/controller/trackers_1/host_clk
    SLICE_X37Y80         FDRE                                         r  top/teaching_board_top/target/controller/trackers_1/req_addr_reg[31]/C
  -------------------------------------------------------------------    -------------------
    SLICE_X37Y80         FDRE (Prop_fdre_C_Q)         0.456     7.227 f  top/teaching_board_top/target/controller/trackers_1/req_addr_reg[31]/Q
                         net (fo=10, routed)          1.380     8.606    top/teaching_board_top/target/controller/trackers_1/controller_auto_mem_out_1_a_bits_address[31]
    SLICE_X48Y89         LUT6 (Prop_lut6_I0_O)        0.124     8.730 r  top/teaching_board_top/target/controller/trackers_1/curHart_i_7/O
                         net (fo=6, routed)           0.921     9.651    top/teaching_board_top/target/controller/trackers/_T_3820[3]_i_3_0
    SLICE_X62Y91         LUT6 (Prop_lut6_I0_O)        0.124     9.775 f  top/teaching_board_top/target/controller/trackers/_T_3820[0]_i_3/O
                         net (fo=2, routed)           0.458    10.233    top/teaching_board_top/target/rd2serial/resvWord_0[28]_i_12_0
    SLICE_X64Y92         LUT6 (Prop_lut6_I5_O)        0.124    10.357 f  top/teaching_board_top/target/rd2serial/nDrained[0]_i_6/O
                         net (fo=5, routed)           0.632    10.989    top/teaching_board_top/target/harts_1/bridge/_T_3985_3_reg
    SLICE_X64Y91         LUT4 (Prop_lut4_I0_O)        0.124    11.113 r  top/teaching_board_top/target/harts_1/bridge/_T_3820[3]_i_6/O
                         net (fo=3, routed)           0.438    11.551    top/teaching_board_top/target/sbus/system_bus_xbar/_T_3985_3_reg_2
    SLICE_X63Y91         LUT5 (Prop_lut5_I1_O)        0.124    11.675 r  top/teaching_board_top/target/sbus/system_bus_xbar/_T_3985_3_i_1/O
                         net (fo=120, routed)         1.933    13.608    top/teaching_board_top/target/harts_1/bridge/_T_4005_3
    SLICE_X51Y70         LUT6 (Prop_lut6_I3_O)        0.124    13.732 r  top/teaching_board_top/target/harts_1/bridge/resvWord_0[11]_i_2/O
                         net (fo=2, routed)           0.852    14.584    top/teaching_board_top/target/sbus/system_bus_xbar/resvWord_1_reg[11]
    SLICE_X46Y69         LUT5 (Prop_lut5_I0_O)        0.124    14.708 r  top/teaching_board_top/target/sbus/system_bus_xbar/resvWord_0[11]_i_1/O
                         net (fo=10, routed)          0.609    15.317    top/teaching_board_top/target/backend/sbus_auto_coupler_to_mbus_nodelay_out_a_bits_address[14]
    SLICE_X39Y68         LUT3 (Prop_lut3_I2_O)        0.119    15.436 r  top/teaching_board_top/target/backend/address[14]_i_1/O
                         net (fo=8, routed)           1.271    16.707    top/teaching_board_top/target/bh/TLBroadcastTracker_1/backend_auto_out_a_bits_address[14]
    SLICE_X37Y56         LUT6 (Prop_lut6_I1_O)        0.332    17.039 r  top/teaching_board_top/target/bh/TLBroadcastTracker_1/value[2]_i_15/O
                         net (fo=1, routed)           0.000    17.039    top/teaching_board_top/target/bh/TLBroadcastTracker_1/value[2]_i_15_n_0
    SLICE_X37Y56         CARRY4 (Prop_carry4_S[2]_CO[3])
                                                      0.398    17.437 r  top/teaching_board_top/target/bh/TLBroadcastTracker_1/value_reg[2]_i_9/CO[3]
                         net (fo=1, routed)           0.000    17.437    top/teaching_board_top/target/bh/TLBroadcastTracker_1/value_reg[2]_i_9_n_0
    SLICE_X37Y57         CARRY4 (Prop_carry4_CI_CO[3])
                                                      0.114    17.551 r  top/teaching_board_top/target/bh/TLBroadcastTracker_1/value_reg[2]_i_7/CO[3]
                         net (fo=1, routed)           0.000    17.551    top/teaching_board_top/target/bh/TLBroadcastTracker_1/value_reg[2]_i_7_n_0
    SLICE_X37Y58         CARRY4 (Prop_carry4_CI_CO[0])
                                                      0.271    17.822 f  top/teaching_board_top/target/bh/TLBroadcastTracker_1/value_reg[2]_i_6/CO[0]
                         net (fo=2, routed)           0.902    18.724    top/teaching_board_top/target/bh/TLBroadcastTracker_3/ram_data_reg_0_7_0_5_i_8[1]
    SLICE_X38Y62         LUT4 (Prop_lut4_I3_O)        0.373    19.097 r  top/teaching_board_top/target/bh/TLBroadcastTracker_3/ram_data_reg_0_7_0_5_i_24/O
                         net (fo=3, routed)           0.884    19.980    top/teaching_board_top/target/bh/TLBroadcastTracker_1/ram_data_reg_0_7_0_5_i_2__1
    SLICE_X35Y50         LUT5 (Prop_lut5_I0_O)        0.124    20.104 r  top/teaching_board_top/target/bh/TLBroadcastTracker_1/ram_data_reg_0_7_0_5_i_3__1/O
                         net (fo=2, routed)           0.874    20.979    top/teaching_board_top/target/bh/TLBroadcastTracker_3/o_data/_T_585[2]_i_7_1
    SLICE_X38Y62         LUT6 (Prop_lut6_I5_O)        0.124    21.103 r  top/teaching_board_top/target/bh/TLBroadcastTracker_3/o_data/ram_data_reg_0_7_0_5_i_3__0/O
                         net (fo=2, routed)           0.675    21.777    top/teaching_board_top/target/bh/TLBroadcastTracker_3/o_data/ram_data_reg_0_7_0_5_i_3__0_n_0
    SLICE_X38Y64         LUT5 (Prop_lut5_I2_O)        0.124    21.901 f  top/teaching_board_top/target/bh/TLBroadcastTracker_3/o_data/_T_585[2]_i_7/O
                         net (fo=5, routed)           0.847    22.748    top/teaching_board_top/target/backend/_T_1082_reg[0]_2
    SLICE_X48Y68         LUT6 (Prop_lut6_I1_O)        0.124    22.872 r  top/teaching_board_top/target/backend/_T_585[2]_i_8/O
                         net (fo=1, routed)           0.161    23.033    top/teaching_board_top/target/sbus/system_bus_xbar/_T_3803_reg[0]_6
    SLICE_X48Y68         LUT6 (Prop_lut6_I5_O)        0.124    23.157 r  top/teaching_board_top/target/sbus/system_bus_xbar/_T_585[2]_i_3/O
                         net (fo=29, routed)          1.672    24.829    top/teaching_board_top/target/sbus/system_bus_xbar/ram_sc_reg[0]
    SLICE_X65Y93         LUT5 (Prop_lut5_I1_O)        0.124    24.953 r  top/teaching_board_top/target/sbus/system_bus_xbar/len[63]_i_12/O
                         net (fo=1, routed)           0.462    25.415    top/teaching_board_top/target/sbus/system_bus_xbar/len[63]_i_12_n_0
    SLICE_X65Y94         LUT6 (Prop_lut6_I0_O)        0.124    25.539 f  top/teaching_board_top/target/sbus/system_bus_xbar/len[63]_i_6/O
                         net (fo=11, routed)          0.860    26.398    top/teaching_board_top/target/rd2serial/len_reg[0]_0
    SLICE_X64Y87         LUT5 (Prop_lut5_I3_O)        0.150    26.548 r  top/teaching_board_top/target/rd2serial/addr[31]_i_3/O
                         net (fo=36, routed)          0.813    27.361    top/teaching_board_top/target/rd2serial/addr[31]_i_3_n_0
    SLICE_X65Y83         LUT4 (Prop_lut4_I0_O)        0.326    27.687 r  top/teaching_board_top/target/rd2serial/addr[31]_i_1/O
                         net (fo=64, routed)          1.027    28.714    top/teaching_board_top/target/rd2serial/addr[31]_i_1_n_0
    SLICE_X60Y75         FDRE                                         r  top/teaching_board_top/target/rd2serial/addr_reg[26]/CE
  -------------------------------------------------------------------    -------------------

                         (clock host_clk_i rise edge)
                                                     25.000    25.000 r  
    H16                                               0.000    25.000 r  clk (IN)
                         net (fo=0)                   0.000    25.000    clk
    H16                  IBUF (Prop_ibuf_I_O)         1.380    26.380 r  ibufg_gclk/O
                         net (fo=1, routed)           1.162    27.542    gclk_i
    MMCME2_ADV_X1Y2      MMCME2_ADV (Prop_mmcme2_adv_CLKIN1_CLKOUT0)
                                                      0.083    27.625 r  MMCME2_BASE_inst/CLKOUT0
                         net (fo=1, routed)           2.012    29.637    host_clk_i
    BUFGCTRL_X0Y16       BUFG (Prop_bufg_I_O)         0.091    29.728 r  bufg_host_clk/O
                         net (fo=13302, routed)       1.523    31.251    top/teaching_board_top/target/rd2serial/host_clk
    SLICE_X60Y75         FDRE                                         r  top/teaching_board_top/target/rd2serial/addr_reg[26]/C
                         clock pessimism              0.416    31.667    
                         clock uncertainty           -0.082    31.586    
    SLICE_X60Y75         FDRE (Setup_fdre_C_CE)      -0.205    31.381    top/teaching_board_top/target/rd2serial/addr_reg[26]
  -------------------------------------------------------------------
                         required time                         31.381    
                         arrival time                         -28.714    
  -------------------------------------------------------------------
                         slack                                  2.666    

Slack (MET) :             2.672ns  (required time - arrival time)
  Source:                 top/teaching_board_top/target/controller/trackers_1/req_addr_reg[31]/C
                            (rising edge-triggered cell FDRE clocked by host_clk_i  {rise@0.000ns fall@12.500ns period=25.000ns})
  Destination:            top/teaching_board_top/target/rd2serial/addr_reg[32]/R
                            (rising edge-triggered cell FDRE clocked by host_clk_i  {rise@0.000ns fall@12.500ns period=25.000ns})
  Path Group:             host_clk_i
  Path Type:              Setup (Max at Slow Process Corner)
  Requirement:            25.000ns  (host_clk_i rise@25.000ns - host_clk_i rise@0.000ns)
  Data Path Delay:        21.721ns  (logic 4.275ns (19.681%)  route 17.446ns (80.319%))
  Logic Levels:           22  (CARRY4=3 LUT3=1 LUT4=3 LUT5=6 LUT6=9)
  Clock Path Skew:        -0.096ns (DCD - SCD + CPR)
    Destination Clock Delay (DCD):    6.258ns = ( 31.258 - 25.000 ) 
    Source Clock Delay      (SCD):    6.771ns
    Clock Pessimism Removal (CPR):    0.416ns
  Clock Uncertainty:      0.082ns  ((TSJ^2 + DJ^2)^1/2) / 2 + PE
    Total System Jitter     (TSJ):    0.071ns
    Discrete Jitter          (DJ):    0.147ns
    Phase Error              (PE):    0.000ns

    Location             Delay type                Incr(ns)  Path(ns)    Netlist Resource(s)
  -------------------------------------------------------------------    -------------------
                         (clock host_clk_i rise edge)
                                                      0.000     0.000 r  
    H16                                               0.000     0.000 r  clk (IN)
                         net (fo=0)                   0.000     0.000    clk
    H16                  IBUF (Prop_ibuf_I_O)         1.451     1.451 r  ibufg_gclk/O
                         net (fo=1, routed)           1.285     2.736    gclk_i
    MMCME2_ADV_X1Y2      MMCME2_ADV (Prop_mmcme2_adv_CLKIN1_CLKOUT0)
                                                      0.088     2.824 r  MMCME2_BASE_inst/CLKOUT0
                         net (fo=1, routed)           2.206     5.030    host_clk_i
    BUFGCTRL_X0Y16       BUFG (Prop_bufg_I_O)         0.101     5.131 r  bufg_host_clk/O
                         net (fo=13302, routed)       1.640     6.771    top/teaching_board_top/target/controller/trackers_1/host_clk
    SLICE_X37Y80         FDRE                                         r  top/teaching_board_top/target/controller/trackers_1/req_addr_reg[31]/C
  -------------------------------------------------------------------    -------------------
    SLICE_X37Y80         FDRE (Prop_fdre_C_Q)         0.456     7.227 f  top/teaching_board_top/target/controller/trackers_1/req_addr_reg[31]/Q
                         net (fo=10, routed)          1.380     8.606    top/teaching_board_top/target/controller/trackers_1/controller_auto_mem_out_1_a_bits_address[31]
    SLICE_X48Y89         LUT6 (Prop_lut6_I0_O)        0.124     8.730 r  top/teaching_board_top/target/controller/trackers_1/curHart_i_7/O
                         net (fo=6, routed)           0.921     9.651    top/teaching_board_top/target/controller/trackers/_T_3820[3]_i_3_0
    SLICE_X62Y91         LUT6 (Prop_lut6_I0_O)        0.124     9.775 f  top/teaching_board_top/target/controller/trackers/_T_3820[0]_i_3/O
                         net (fo=2, routed)           0.458    10.233    top/teaching_board_top/target/rd2serial/resvWord_0[28]_i_12_0
    SLICE_X64Y92         LUT6 (Prop_lut6_I5_O)        0.124    10.357 f  top/teaching_board_top/target/rd2serial/nDrained[0]_i_6/O
                         net (fo=5, routed)           0.632    10.989    top/teaching_board_top/target/harts_1/bridge/_T_3985_3_reg
    SLICE_X64Y91         LUT4 (Prop_lut4_I0_O)        0.124    11.113 r  top/teaching_board_top/target/harts_1/bridge/_T_3820[3]_i_6/O
                         net (fo=3, routed)           0.438    11.551    top/teaching_board_top/target/sbus/system_bus_xbar/_T_3985_3_reg_2
    SLICE_X63Y91         LUT5 (Prop_lut5_I1_O)        0.124    11.675 r  top/teaching_board_top/target/sbus/system_bus_xbar/_T_3985_3_i_1/O
                         net (fo=120, routed)         1.933    13.608    top/teaching_board_top/target/harts_1/bridge/_T_4005_3
    SLICE_X51Y70         LUT6 (Prop_lut6_I3_O)        0.124    13.732 r  top/teaching_board_top/target/harts_1/bridge/resvWord_0[11]_i_2/O
                         net (fo=2, routed)           0.852    14.584    top/teaching_board_top/target/sbus/system_bus_xbar/resvWord_1_reg[11]
    SLICE_X46Y69         LUT5 (Prop_lut5_I0_O)        0.124    14.708 r  top/teaching_board_top/target/sbus/system_bus_xbar/resvWord_0[11]_i_1/O
                         net (fo=10, routed)          0.609    15.317    top/teaching_board_top/target/backend/sbus_auto_coupler_to_mbus_nodelay_out_a_bits_address[14]
    SLICE_X39Y68         LUT3 (Prop_lut3_I2_O)        0.119    15.436 r  top/teaching_board_top/target/backend/address[14]_i_1/O
                         net (fo=8, routed)           1.271    16.707    top/teaching_board_top/target/bh/TLBroadcastTracker_1/backend_auto_out_a_bits_address[14]
    SLICE_X37Y56         LUT6 (Prop_lut6_I1_O)        0.332    17.039 r  top/teaching_board_top/target/bh/TLBroadcastTracker_1/value[2]_i_15/O
                         net (fo=1, routed)           0.000    17.039    top/teaching_board_top/target/bh/TLBroadcastTracker_1/value[2]_i_15_n_0
    SLICE_X37Y56         CARRY4 (Prop_carry4_S[2]_CO[3])
                                                      0.398    17.437 r  top/teaching_board_top/target/bh/TLBroadcastTracker_1/value_reg[2]_i_9/CO[3]
                         net (fo=1, routed)           0.000    17.437    top/teaching_board_top/target/bh/TLBroadcastTracker_1/value_reg[2]_i_9_n_0
    SLICE_X37Y57         CARRY4 (Prop_carry4_CI_CO[3])
                                                      0.114    17.551 r  top/teaching_board_top/target/bh/TLBroadcastTracker_1/value_reg[2]_i_7/CO[3]
                         net (fo=1, routed)           0.000    17.551    top/teaching_board_top/target/bh/TLBroadcastTracker_1/value_reg[2]_i_7_n_0
    SLICE_X37Y58         CARRY4 (Prop_carry4_CI_CO[0])
                                                      0.271    17.822 f  top/teaching_board_top/target/bh/TLBroadcastTracker_1/value_reg[2]_i_6/CO[0]
                         net (fo=2, routed)           0.902    18.724    top/teaching_board_top/target/bh/TLBroadcastTracker_3/ram_data_reg_0_7_0_5_i_8[1]
    SLICE_X38Y62         LUT4 (Prop_lut4_I3_O)        0.373    19.097 r  top/teaching_board_top/target/bh/TLBroadcastTracker_3/ram_data_reg_0_7_0_5_i_24/O
                         net (fo=3, routed)           0.884    19.980    top/teaching_board_top/target/bh/TLBroadcastTracker_1/ram_data_reg_0_7_0_5_i_2__1
    SLICE_X35Y50         LUT5 (Prop_lut5_I0_O)        0.124    20.104 r  top/teaching_board_top/target/bh/TLBroadcastTracker_1/ram_data_reg_0_7_0_5_i_3__1/O
                         net (fo=2, routed)           0.874    20.979    top/teaching_board_top/target/bh/TLBroadcastTracker_3/o_data/_T_585[2]_i_7_1
    SLICE_X38Y62         LUT6 (Prop_lut6_I5_O)        0.124    21.103 r  top/teaching_board_top/target/bh/TLBroadcastTracker_3/o_data/ram_data_reg_0_7_0_5_i_3__0/O
                         net (fo=2, routed)           0.675    21.777    top/teaching_board_top/target/bh/TLBroadcastTracker_3/o_data/ram_data_reg_0_7_0_5_i_3__0_n_0
    SLICE_X38Y64         LUT5 (Prop_lut5_I2_O)        0.124    21.901 f  top/teaching_board_top/target/bh/TLBroadcastTracker_3/o_data/_T_585[2]_i_7/O
                         net (fo=5, routed)           0.847    22.748    top/teaching_board_top/target/backend/_T_1082_reg[0]_2
    SLICE_X48Y68         LUT6 (Prop_lut6_I1_O)        0.124    22.872 r  top/teaching_board_top/target/backend/_T_585[2]_i_8/O
                         net (fo=1, routed)           0.161    23.033    top/teaching_board_top/target/sbus/system_bus_xbar/_T_3803_reg[0]_6
    SLICE_X48Y68         LUT6 (Prop_lut6_I5_O)        0.124    23.157 r  top/teaching_board_top/target/sbus/system_bus_xbar/_T_585[2]_i_3/O
                         net (fo=29, routed)          1.672    24.829    top/teaching_board_top/target/sbus/system_bus_xbar/ram_sc_reg[0]
    SLICE_X65Y93         LUT5 (Prop_lut5_I1_O)        0.124    24.953 r  top/teaching_board_top/target/sbus/system_bus_xbar/len[63]_i_12/O
                         net (fo=1, routed)           0.462    25.415    top/teaching_board_top/target/sbus/system_bus_xbar/len[63]_i_12_n_0
    SLICE_X65Y94         LUT6 (Prop_lut6_I0_O)        0.124    25.539 f  top/teaching_board_top/target/sbus/system_bus_xbar/len[63]_i_6/O
                         net (fo=11, routed)          0.860    26.398    top/teaching_board_top/target/rd2serial/len_reg[0]_0
    SLICE_X64Y87         LUT5 (Prop_lut5_I3_O)        0.150    26.548 r  top/teaching_board_top/target/rd2serial/addr[31]_i_3/O
                         net (fo=36, routed)          0.845    27.393    top/teaching_board_top/target/rd2serial/addr[31]_i_3_n_0
    SLICE_X61Y84         LUT4 (Prop_lut4_I2_O)        0.326    27.719 r  top/teaching_board_top/target/rd2serial/addr[63]_i_1__0/O
                         net (fo=35, routed)          0.772    28.492    top/teaching_board_top/target/rd2serial/addr[63]_i_1__0_n_0
    SLICE_X65Y79         FDRE                                         r  top/teaching_board_top/target/rd2serial/addr_reg[32]/R
  -------------------------------------------------------------------    -------------------

                         (clock host_clk_i rise edge)
                                                     25.000    25.000 r  
    H16                                               0.000    25.000 r  clk (IN)
                         net (fo=0)                   0.000    25.000    clk
    H16                  IBUF (Prop_ibuf_I_O)         1.380    26.380 r  ibufg_gclk/O
                         net (fo=1, routed)           1.162    27.542    gclk_i
    MMCME2_ADV_X1Y2      MMCME2_ADV (Prop_mmcme2_adv_CLKIN1_CLKOUT0)
                                                      0.083    27.625 r  MMCME2_BASE_inst/CLKOUT0
                         net (fo=1, routed)           2.012    29.637    host_clk_i
    BUFGCTRL_X0Y16       BUFG (Prop_bufg_I_O)         0.091    29.728 r  bufg_host_clk/O
                         net (fo=13302, routed)       1.530    31.258    top/teaching_board_top/target/rd2serial/host_clk
    SLICE_X65Y79         FDRE                                         r  top/teaching_board_top/target/rd2serial/addr_reg[32]/C
                         clock pessimism              0.416    31.674    
                         clock uncertainty           -0.082    31.593    
    SLICE_X65Y79         FDRE (Setup_fdre_C_R)       -0.429    31.164    top/teaching_board_top/target/rd2serial/addr_reg[32]
  -------------------------------------------------------------------
                         required time                         31.164    
                         arrival time                         -28.492    
  -------------------------------------------------------------------
                         slack                                  2.672    

Slack (MET) :             21.073ns  (required time - arrival time)
  Source:                 rocketchip_wrapper/system/system_axi_interconnect_1_0/s00_couplers_imp_8CNLH6/system_axi_interconnect_1_imp_auto_pc_0/system_axi_interconnect_1_imp_auto_pc_0_axi_protocol_converter_v2_1_37_axi_protocol_converter/system_axi_interconnect_1_imp_auto_pc_0_axi_protocol_converter_v2_1_37_axi3_conv/system_axi_interconnect_1_imp_auto_pc_0_axi_protocol_converter_v2_1_37_a_axi3_conv/system_axi_interconnect_1_imp_auto_pc_0_axi_data_fifo_v2_1_36_axic_fifo/system_axi_interconnect_1_imp_auto_pc_0_axi_data_fifo_v2_1_36_fifo_gen/<hidden>/<hidden>/<hidden>/<hidden>/<hidden>/<hidden>
                            (rising edge-triggered cell FDPE clocked by host_clk_i  {rise@0.000ns fall@12.500ns period=25.000ns})
  Destination:            rocketchip_wrapper/system/system_axi_interconnect_1_0/s00_couplers_imp_8CNLH6/system_axi_interconnect_1_imp_auto_pc_0/system_axi_interconnect_1_imp_auto_pc_0_axi_protocol_converter_v2_1_37_axi_protocol_converter/system_axi_interconnect_1_imp_auto_pc_0_axi_protocol_converter_v2_1_37_axi3_conv/system_axi_interconnect_1_imp_auto_pc_0_axi_protocol_converter_v2_1_37_a_axi3_conv/system_axi_interconnect_1_imp_auto_pc_0_axi_data_fifo_v2_1_36_axic_fifo/system_axi_interconnect_1_imp_auto_pc_0_axi_data_fifo_v2_1_36_fifo_gen/<hidden>/<hidden>/<hidden>/<hidden>/<hidden>/<hidden>
                            (recovery check against rising-edge clock host_clk_i  {rise@0.000ns fall@12.500ns period=25.000ns})
  Path Group:             **async_default**
  Path Type:              Recovery (Max at Slow Process Corner)
  Requirement:            25.000ns  (host_clk_i rise@25.000ns - host_clk_i rise@0.000ns)
  Data Path Delay:        3.381ns  (logic 0.773ns (22.864%)  route 2.608ns (77.136%))
  Logic Levels:           1  (LUT3=1)
  Clock Path Skew:        -0.060ns (DCD - SCD + CPR)
    Destination Clock Delay (DCD):    6.310ns = ( 31.310 - 25.000 ) 
    Source Clock Delay      (SCD):    6.887ns
    Clock Pessimism Removal (CPR):    0.517ns
  Clock Uncertainty:      0.082ns  ((TSJ^2 + DJ^2)^1/2) / 2 + PE
    Total System Jitter     (TSJ):    0.071ns
    Discrete Jitter          (DJ):    0.147ns
    Phase Error              (PE):    0.000ns

    Location             Delay type                Incr(ns)  Path(ns)    Netlist Resource(s)
  -------------------------------------------------------------------    -------------------
                         (clock host_clk_i rise edge)
                                                      0.000     0.000 r  
    H16                                               0.000     0.000 r  clk (IN)
                         net (fo=0)                   0.000     0.000    clk
    H16                  IBUF (Prop_ibuf_I_O)         1.451     1.451 r  ibufg_gclk/O
                         net (fo=1, routed)           1.285     2.736    gclk_i
    MMCME2_ADV_X1Y2      MMCME2_ADV (Prop_mmcme2_adv_CLKIN1_CLKOUT0)
                                                      0.088     2.824 r  MMCME2_BASE_inst/CLKOUT0
                         net (fo=1, routed)           2.206     5.030    host_clk_i
    BUFGCTRL_X0Y16       BUFG (Prop_bufg_I_O)         0.101     5.131 r  bufg_host_clk/O
                         net (fo=13302, routed)       1.756     6.887    rocketchip_wrapper/system/system_axi_interconnect_1_0/s00_couplers_imp_8CNLH6/system_axi_interconnect_1_imp_auto_pc_0/system_axi_interconnect_1_imp_auto_pc_0_axi_protocol_converter_v2_1_37_axi_protocol_converter/system_axi_interconnect_1_imp_auto_pc_0_axi_protocol_converter_v2_1_37_axi3_conv/system_axi_interconnect_1_imp_auto_pc_0_axi_protocol_converter_v2_1_37_a_axi3_conv/system_axi_interconnect_1_imp_auto_pc_0_axi_data_fifo_v2_1_36_axic_fifo/system_axi_interconnect_1_imp_auto_pc_0_axi_data_fifo_v2_1_36_fifo_gen/<hidden>/<hidden>/<hidden>/<hidden>/<hidden>/<hidden>
    SLICE_X16Y46         FDPE                                         r  rocketchip_wrapper/system/system_axi_interconnect_1_0/s00_couplers_imp_8CNLH6/system_axi_interconnect_1_imp_auto_pc_0/system_axi_interconnect_1_imp_auto_pc_0_axi_protocol_converter_v2_1_37_axi_protocol_converter/system_axi_interconnect_1_imp_auto_pc_0_axi_protocol_converter_v2_1_37_axi3_conv/system_axi_interconnect_1_imp_auto_pc_0_axi_protocol_converter_v2_1_37_a_axi3_conv/system_axi_interconnect_1_imp_auto_pc_0_axi_data_fifo_v2_1_36_axic_fifo/system_axi_interconnect_1_imp_auto_pc_0_axi_data_fifo_v2_1_36_fifo_gen/<hidden>/<hidden>/<hidden>/<hidden>/<hidden>/<hidden>
  -------------------------------------------------------------------    -------------------
    SLICE_X16Y46         FDPE (Prop_fdpe_C_Q)         0.478     7.365 f  rocketchip_wrapper/system/system_axi_interconnect_1_0/s00_couplers_imp_8CNLH6/system_axi_interconnect_1_imp_auto_pc_0/system_axi_interconnect_1_imp_auto_pc_0_axi_protocol_converter_v2_1_37_axi_protocol_converter/system_axi_interconnect_1_imp_auto_pc_0_axi_protocol_converter_v2_1_37_axi3_conv/system_axi_interconnect_1_imp_auto_pc_0_axi_protocol_converter_v2_1_37_a_axi3_conv/system_axi_interconnect_1_imp_auto_pc_0_axi_data_fifo_v2_1_36_axic_fifo/system_axi_interconnect_1_imp_auto_pc_0_axi_data_fifo_v2_1_36_fifo_gen/<hidden>/<hidden>/<hidden>/<hidden>/<hidden>/<hidden>
                         net (fo=3, routed)           1.170     8.535    rocketchip_wrapper/system/system_axi_interconnect_1_0/s00_couplers_imp_8CNLH6/system_axi_interconnect_1_imp_auto_pc_0/system_axi_interconnect_1_imp_auto_pc_0_axi_protocol_converter_v2_1_37_axi_protocol_converter/system_axi_interconnect_1_imp_auto_pc_0_axi_protocol_converter_v2_1_37_axi3_conv/system_axi_interconnect_1_imp_auto_pc_0_axi_protocol_converter_v2_1_37_a_axi3_conv/system_axi_interconnect_1_imp_auto_pc_0_axi_data_fifo_v2_1_36_axic_fifo/system_axi_interconnect_1_imp_auto_pc_0_axi_data_fifo_v2_1_36_fifo_gen/<hidden>/<hidden>/<hidden>/<hidden>/<hidden>
    SLICE_X15Y46         LUT3 (Prop_lut3_I2_O)        0.295     8.830 f  rocketchip_wrapper/system/system_axi_interconnect_1_0/s00_couplers_imp_8CNLH6/system_axi_interconnect_1_imp_auto_pc_0/system_axi_interconnect_1_imp_auto_pc_0_axi_protocol_converter_v2_1_37_axi_protocol_converter/system_axi_interconnect_1_imp_auto_pc_0_axi_protocol_converter_v2_1_37_axi3_conv/system_axi_interconnect_1_imp_auto_pc_0_axi_protocol_converter_v2_1_37_a_axi3_conv/system_axi_interconnect_1_imp_auto_pc_0_axi_data_fifo_v2_1_36_axic_fifo/system_axi_interconnect_1_imp_auto_pc_0_axi_data_fifo_v2_1_36_fifo_gen/<hidden>/<hidden>/<hidden>/<hidden>/<hidden>
                         net (fo=32, routed)          1.438    10.267    rocketchip_wrapper/system/system_axi_interconnect_1_0/s00_couplers_imp_8CNLH6/system_axi_interconnect_1_imp_auto_pc_0/system_axi_interconnect_1_imp_auto_pc_0_axi_protocol_converter_v2_1_37_axi_protocol_converter/system_axi_interconnect_1_imp_auto_pc_0_axi_protocol_converter_v2_1_37_axi3_conv/system_axi_interconnect_1_imp_auto_pc_0_axi_protocol_converter_v2_1_37_a_axi3_conv/system_axi_interconnect_1_imp_auto_pc_0_axi_data_fifo_v2_1_36_axic_fifo/system_axi_interconnect_1_imp_auto_pc_0_axi_data_fifo_v2_1_36_fifo_gen/<hidden>/<hidden>/<hidden>/<hidden>/<hidden>/<hidden>
    SLICE_X13Y48         FDCE                                         f  rocketchip_wrapper/system/system_axi_interconnect_1_0/s00_couplers_imp_8CNLH6/system_axi_interconnect_1_imp_auto_pc_0/system_axi_interconnect_1_imp_auto_pc_0_axi_protocol_converter_v2_1_37_axi_protocol_converter/system_axi_interconnect_1_imp_auto_pc_0_axi_protocol_converter_v2_1_37_axi3_conv/system_axi_interconnect_1_imp_auto_pc_0_axi_protocol_converter_v2_1_37_a_axi3_conv/system_axi_interconnect_1_imp_auto_pc_0_axi_data_fifo_v2_1_36_axic_fifo/system_axi_interconnect_1_imp_auto_pc_0_axi_data_fifo_v2_1_36_fifo_gen/<hidden>/<hidden>/<hidden>/<hidden>/<hidden>/<hidden>
  -------------------------------------------------------------------    -------------------

                         (clock host_clk_i rise edge)
                                                     25.000    25.000 r  
    H16                                               0.000    25.000 r  clk (IN)
                         net (fo=0)                   0.000    25.000    clk
    H16                  IBUF (Prop_ibuf_I_O)         1.380    26.380 r  ibufg_gclk/O
                         net (fo=1, routed)           1.162    27.542    gclk_i
    MMCME2_ADV_X1Y2      MMCME2_ADV (Prop_mmcme2_adv_CLKIN1_CLKOUT0)
                                                      0.083    27.625 r  MMCME2_BASE_inst/CLKOUT0
                         net (fo=1, routed)           2.012    29.637    host_clk_i
    BUFGCTRL_X0Y16       BUFG (Prop_bufg_I_O)         0.091    29.728 r  bufg_host_clk/O
                         net (fo=13302, routed)       1.581    31.310    rocketchip_wrapper/system/system_axi_interconnect_1_0/s00_couplers_imp_8CNLH6/system_axi_interconnect_1_imp_auto_pc_0/system_axi_interconnect_1_imp_auto_pc_0_axi_protocol_converter_v2_1_37_axi_protocol_converter/system_axi_interconnect_1_imp_auto_pc_0_axi_protocol_converter_v2_1_37_axi3_conv/system_axi_interconnect_1_imp_auto_pc_0_axi_protocol_converter_v2_1_37_a_axi3_conv/system_axi_interconnect_1_imp_auto_pc_0_axi_data_fifo_v2_1_36_axic_fifo/system_axi_interconnect_1_imp_auto_pc_0_axi_data_fifo_v2_1_36_fifo_gen/<hidden>/<hidden>/<hidden>/<hidden>/<hidden>/<hidden>
    SLICE_X13Y48         FDCE                                         r  rocketchip_wrapper/system/system_axi_interconnect_1_0/s00_couplers_imp_8CNLH6/system_axi_interconnect_1_imp_auto_pc_0/system_axi_interconnect_1_imp_auto_pc_0_axi_protocol_converter_v2_1_37_axi_protocol_converter/system_axi_interconnect_1_imp_auto_pc_0_axi_protocol_converter_v2_1_37_axi3_conv/system_axi_interconnect_1_imp_auto_pc_0_axi_protocol_converter_v2_1_37_a_axi3_conv/system_axi_interconnect_1_imp_auto_pc_0_axi_data_fifo_v2_1_36_axic_fifo/system_axi_interconnect_1_imp_auto_pc_0_axi_data_fifo_v2_1_36_fifo_gen/<hidden>/<hidden>/<hidden>/<hidden>/<hidden>/<hidden>
                         clock pessimism              0.517    31.827    
                         clock uncertainty           -0.082    31.745    
    SLICE_X13Y48         FDCE (Recov_fdce_C_CLR)     -0.405    31.340    rocketchip_wrapper/system/system_axi_interconnect_1_0/s00_couplers_imp_8CNLH6/system_axi_interconnect_1_imp_auto_pc_0/system_axi_interconnect_1_imp_auto_pc_0_axi_protocol_converter_v2_1_37_axi_protocol_converter/system_axi_interconnect_1_imp_auto_pc_0_axi_protocol_converter_v2_1_37_axi3_conv/system_axi_interconnect_1_imp_auto_pc_0_axi_protocol_converter_v2_1_37_a_axi3_conv/system_axi_interconnect_1_imp_auto_pc_0_axi_data_fifo_v2_1_36_axic_fifo/system_axi_interconnect_1_imp_auto_pc_0_axi_data_fifo_v2_1_36_fifo_gen/<hidden>/<hidden>/<hidden>/<hidden>/<hidden>/<hidden>
  -------------------------------------------------------------------
                         required time                         31.340    
                         arrival time                         -10.267    
  -------------------------------------------------------------------
                         slack                                 21.073    

Slack (MET) :             21.073ns  (required time - arrival time)
  Source:                 rocketchip_wrapper/system/system_axi_interconnect_1_0/s00_couplers_imp_8CNLH6/system_axi_interconnect_1_imp_auto_pc_0/system_axi_interconnect_1_imp_auto_pc_0_axi_protocol_converter_v2_1_37_axi_protocol_converter/system_axi_interconnect_1_imp_auto_pc_0_axi_protocol_converter_v2_1_37_axi3_conv/system_axi_interconnect_1_imp_auto_pc_0_axi_protocol_converter_v2_1_37_a_axi3_conv/system_axi_interconnect_1_imp_auto_pc_0_axi_data_fifo_v2_1_36_axic_fifo/system_axi_interconnect_1_imp_auto_pc_0_axi_data_fifo_v2_1_36_fifo_gen/<hidden>/<hidden>/<hidden>/<hidden>/<hidden>/<hidden>
                            (rising edge-triggered cell FDPE clocked by host_clk_i  {rise@0.000ns fall@12.500ns period=25.000ns})
  Destination:            rocketchip_wrapper/system/system_axi_interconnect_1_0/s00_couplers_imp_8CNLH6/system_axi_interconnect_1_imp_auto_pc_0/system_axi_interconnect_1_imp_auto_pc_0_axi_protocol_converter_v2_1_37_axi_protocol_converter/system_axi_interconnect_1_imp_auto_pc_0_axi_protocol_converter_v2_1_37_axi3_conv/system_axi_interconnect_1_imp_auto_pc_0_axi_protocol_converter_v2_1_37_a_axi3_conv/system_axi_interconnect_1_imp_auto_pc_0_axi_data_fifo_v2_1_36_axic_fifo/system_axi_interconnect_1_imp_auto_pc_0_axi_data_fifo_v2_1_36_fifo_gen/<hidden>/<hidden>/<hidden>/<hidden>/<hidden>/<hidden>
                            (recovery check against rising-edge clock host_clk_i  {rise@0.000ns fall@12.500ns period=25.000ns})
  Path Group:             **async_default**
  Path Type:              Recovery (Max at Slow Process Corner)
  Requirement:            25.000ns  (host_clk_i rise@25.000ns - host_clk_i rise@0.000ns)
  Data Path Delay:        3.381ns  (logic 0.773ns (22.864%)  route 2.608ns (77.136%))
  Logic Levels:           1  (LUT3=1)
  Clock Path Skew:        -0.060ns (DCD - SCD + CPR)
    Destination Clock Delay (DCD):    6.310ns = ( 31.310 - 25.000 ) 
    Source Clock Delay      (SCD):    6.887ns
    Clock Pessimism Removal (CPR):    0.517ns
  Clock Uncertainty:      0.082ns  ((TSJ^2 + DJ^2)^1/2) / 2 + PE
    Total System Jitter     (TSJ):    0.071ns
    Discrete Jitter          (DJ):    0.147ns
    Phase Error              (PE):    0.000ns

    Location             Delay type                Incr(ns)  Path(ns)    Netlist Resource(s)
  -------------------------------------------------------------------    -------------------
                         (clock host_clk_i rise edge)
                                                      0.000     0.000 r  
    H16                                               0.000     0.000 r  clk (IN)
                         net (fo=0)                   0.000     0.000    clk
    H16                  IBUF (Prop_ibuf_I_O)         1.451     1.451 r  ibufg_gclk/O
                         net (fo=1, routed)           1.285     2.736    gclk_i
    MMCME2_ADV_X1Y2      MMCME2_ADV (Prop_mmcme2_adv_CLKIN1_CLKOUT0)
                                                      0.088     2.824 r  MMCME2_BASE_inst/CLKOUT0
                         net (fo=1, routed)           2.206     5.030    host_clk_i
    BUFGCTRL_X0Y16       BUFG (Prop_bufg_I_O)         0.101     5.131 r  bufg_host_clk/O
                         net (fo=13302, routed)       1.756     6.887    rocketchip_wrapper/system/system_axi_interconnect_1_0/s00_couplers_imp_8CNLH6/system_axi_interconnect_1_imp_auto_pc_0/system_axi_interconnect_1_imp_auto_pc_0_axi_protocol_converter_v2_1_37_axi_protocol_converter/system_axi_interconnect_1_imp_auto_pc_0_axi_protocol_converter_v2_1_37_axi3_conv/system_axi_interconnect_1_imp_auto_pc_0_axi_protocol_converter_v2_1_37_a_axi3_conv/system_axi_interconnect_1_imp_auto_pc_0_axi_data_fifo_v2_1_36_axic_fifo/system_axi_interconnect_1_imp_auto_pc_0_axi_data_fifo_v2_1_36_fifo_gen/<hidden>/<hidden>/<hidden>/<hidden>/<hidden>/<hidden>
    SLICE_X16Y46         FDPE                                         r  rocketchip_wrapper/system/system_axi_interconnect_1_0/s00_couplers_imp_8CNLH6/system_axi_interconnect_1_imp_auto_pc_0/system_axi_interconnect_1_imp_auto_pc_0_axi_protocol_converter_v2_1_37_axi_protocol_converter/system_axi_interconnect_1_imp_auto_pc_0_axi_protocol_converter_v2_1_37_axi3_conv/system_axi_interconnect_1_imp_auto_pc_0_axi_protocol_converter_v2_1_37_a_axi3_conv/system_axi_interconnect_1_imp_auto_pc_0_axi_data_fifo_v2_1_36_axic_fifo/system_axi_interconnect_1_imp_auto_pc_0_axi_data_fifo_v2_1_36_fifo_gen/<hidden>/<hidden>/<hidden>/<hidden>/<hidden>/<hidden>
  -------------------------------------------------------------------    -------------------
    SLICE_X16Y46         FDPE (Prop_fdpe_C_Q)         0.478     7.365 f  rocketchip_wrapper/system/system_axi_interconnect_1_0/s00_couplers_imp_8CNLH6/system_axi_interconnect_1_imp_auto_pc_0/system_axi_interconnect_1_imp_auto_pc_0_axi_protocol_converter_v2_1_37_axi_protocol_converter/system_axi_interconnect_1_imp_auto_pc_0_axi_protocol_converter_v2_1_37_axi3_conv/system_axi_interconnect_1_imp_auto_pc_0_axi_protocol_converter_v2_1_37_a_axi3_conv/system_axi_interconnect_1_imp_auto_pc_0_axi_data_fifo_v2_1_36_axic_fifo/system_axi_interconnect_1_imp_auto_pc_0_axi_data_fifo_v2_1_36_fifo_gen/<hidden>/<hidden>/<hidden>/<hidden>/<hidden>/<hidden>
                         net (fo=3, routed)           1.170     8.535    rocketchip_wrapper/system/system_axi_interconnect_1_0/s00_couplers_imp_8CNLH6/system_axi_interconnect_1_imp_auto_pc_0/system_axi_interconnect_1_imp_auto_pc_0_axi_protocol_converter_v2_1_37_axi_protocol_converter/system_axi_interconnect_1_imp_auto_pc_0_axi_protocol_converter_v2_1_37_axi3_conv/system_axi_interconnect_1_imp_auto_pc_0_axi_protocol_converter_v2_1_37_a_axi3_conv/system_axi_interconnect_1_imp_auto_pc_0_axi_data_fifo_v2_1_36_axic_fifo/system_axi_interconnect_1_imp_auto_pc_0_axi_data_fifo_v2_1_36_fifo_gen/<hidden>/<hidden>/<hidden>/<hidden>/<hidden>
    SLICE_X15Y46         LUT3 (Prop_lut3_I2_O)        0.295     8.830 f  rocketchip_wrapper/system/system_axi_interconnect_1_0/s00_couplers_imp_8CNLH6/system_axi_interconnect_1_imp_auto_pc_0/system_axi_interconnect_1_imp_auto_pc_0_axi_protocol_converter_v2_1_37_axi_protocol_converter/system_axi_interconnect_1_imp_auto_pc_0_axi_protocol_converter_v2_1_37_axi3_conv/system_axi_interconnect_1_imp_auto_pc_0_axi_protocol_converter_v2_1_37_a_axi3_conv/system_axi_interconnect_1_imp_auto_pc_0_axi_data_fifo_v2_1_36_axic_fifo/system_axi_interconnect_1_imp_auto_pc_0_axi_data_fifo_v2_1_36_fifo_gen/<hidden>/<hidden>/<hidden>/<hidden>/<hidden>
                         net (fo=32, routed)          1.438    10.267    rocketchip_wrapper/system/system_axi_interconnect_1_0/s00_couplers_imp_8CNLH6/system_axi_interconnect_1_imp_auto_pc_0/system_axi_interconnect_1_imp_auto_pc_0_axi_protocol_converter_v2_1_37_axi_protocol_converter/system_axi_interconnect_1_imp_auto_pc_0_axi_protocol_converter_v2_1_37_axi3_conv/system_axi_interconnect_1_imp_auto_pc_0_axi_protocol_converter_v2_1_37_a_axi3_conv/system_axi_interconnect_1_imp_auto_pc_0_axi_data_fifo_v2_1_36_axic_fifo/system_axi_interconnect_1_imp_auto_pc_0_axi_data_fifo_v2_1_36_fifo_gen/<hidden>/<hidden>/<hidden>/<hidden>/<hidden>/<hidden>
    SLICE_X13Y48         FDCE                                         f  rocketchip_wrapper/system/system_axi_interconnect_1_0/s00_couplers_imp_8CNLH6/system_axi_interconnect_1_imp_auto_pc_0/system_axi_interconnect_1_imp_auto_pc_0_axi_protocol_converter_v2_1_37_axi_protocol_converter/system_axi_interconnect_1_imp_auto_pc_0_axi_protocol_converter_v2_1_37_axi3_conv/system_axi_interconnect_1_imp_auto_pc_0_axi_protocol_converter_v2_1_37_a_axi3_conv/system_axi_interconnect_1_imp_auto_pc_0_axi_data_fifo_v2_1_36_axic_fifo/system_axi_interconnect_1_imp_auto_pc_0_axi_data_fifo_v2_1_36_fifo_gen/<hidden>/<hidden>/<hidden>/<hidden>/<hidden>/<hidden>
  -------------------------------------------------------------------    -------------------

                         (clock host_clk_i rise edge)
                                                     25.000    25.000 r  
    H16                                               0.000    25.000 r  clk (IN)
                         net (fo=0)                   0.000    25.000    clk
    H16                  IBUF (Prop_ibuf_I_O)         1.380    26.380 r  ibufg_gclk/O
                         net (fo=1, routed)           1.162    27.542    gclk_i
    MMCME2_ADV_X1Y2      MMCME2_ADV (Prop_mmcme2_adv_CLKIN1_CLKOUT0)
                                                      0.083    27.625 r  MMCME2_BASE_inst/CLKOUT0
                         net (fo=1, routed)           2.012    29.637    host_clk_i
    BUFGCTRL_X0Y16       BUFG (Prop_bufg_I_O)         0.091    29.728 r  bufg_host_clk/O
                         net (fo=13302, routed)       1.581    31.310    rocketchip_wrapper/system/system_axi_interconnect_1_0/s00_couplers_imp_8CNLH6/system_axi_interconnect_1_imp_auto_pc_0/system_axi_interconnect_1_imp_auto_pc_0_axi_protocol_converter_v2_1_37_axi_protocol_converter/system_axi_interconnect_1_imp_auto_pc_0_axi_protocol_converter_v2_1_37_axi3_conv/system_axi_interconnect_1_imp_auto_pc_0_axi_protocol_converter_v2_1_37_a_axi3_conv/system_axi_interconnect_1_imp_auto_pc_0_axi_data_fifo_v2_1_36_axic_fifo/system_axi_interconnect_1_imp_auto_pc_0_axi_data_fifo_v2_1_36_fifo_gen/<hidden>/<hidden>/<hidden>/<hidden>/<hidden>/<hidden>
    SLICE_X13Y48         FDCE                                         r  rocketchip_wrapper/system/system_axi_interconnect_1_0/s00_couplers_imp_8CNLH6/system_axi_interconnect_1_imp_auto_pc_0/system_axi_interconnect_1_imp_auto_pc_0_axi_protocol_converter_v2_1_37_axi_protocol_converter/system_axi_interconnect_1_imp_auto_pc_0_axi_protocol_converter_v2_1_37_axi3_conv/system_axi_interconnect_1_imp_auto_pc_0_axi_protocol_converter_v2_1_37_a_axi3_conv/system_axi_interconnect_1_imp_auto_pc_0_axi_data_fifo_v2_1_36_axic_fifo/system_axi_interconnect_1_imp_auto_pc_0_axi_data_fifo_v2_1_36_fifo_gen/<hidden>/<hidden>/<hidden>/<hidden>/<hidden>/<hidden>
                         clock pessimism              0.517    31.827    
                         clock uncertainty           -0.082    31.745    
    SLICE_X13Y48         FDCE (Recov_fdce_C_CLR)     -0.405    31.340    rocketchip_wrapper/system/system_axi_interconnect_1_0/s00_couplers_imp_8CNLH6/system_axi_interconnect_1_imp_auto_pc_0/system_axi_interconnect_1_imp_auto_pc_0_axi_protocol_converter_v2_1_37_axi_protocol_converter/system_axi_interconnect_1_imp_auto_pc_0_axi_protocol_converter_v2_1_37_axi3_conv/system_axi_interconnect_1_imp_auto_pc_0_axi_protocol_converter_v2_1_37_a_axi3_conv/system_axi_interconnect_1_imp_auto_pc_0_axi_data_fifo_v2_1_36_axic_fifo/system_axi_interconnect_1_imp_auto_pc_0_axi_data_fifo_v2_1_36_fifo_gen/<hidden>/<hidden>/<hidden>/<hidden>/<hidden>/<hidden>
  -------------------------------------------------------------------
                         required time                         31.340    
                         arrival time                         -10.267    
  -------------------------------------------------------------------
                         slack                                 21.073    

Slack (MET) :             21.073ns  (required time - arrival time)
  Source:                 rocketchip_wrapper/system/system_axi_interconnect_1_0/s00_couplers_imp_8CNLH6/system_axi_interconnect_1_imp_auto_pc_0/system_axi_interconnect_1_imp_auto_pc_0_axi_protocol_converter_v2_1_37_axi_protocol_converter/system_axi_interconnect_1_imp_auto_pc_0_axi_protocol_converter_v2_1_37_axi3_conv/system_axi_interconnect_1_imp_auto_pc_0_axi_protocol_converter_v2_1_37_a_axi3_conv/system_axi_interconnect_1_imp_auto_pc_0_axi_data_fifo_v2_1_36_axic_fifo/system_axi_interconnect_1_imp_auto_pc_0_axi_data_fifo_v2_1_36_fifo_gen/<hidden>/<hidden>/<hidden>/<hidden>/<hidden>/<hidden>
                            (rising edge-triggered cell FDPE clocked by host_clk_i  {rise@0.000ns fall@12.500ns period=25.000ns})
  Destination:            rocketchip_wrapper/system/system_axi_interconnect_1_0/s00_couplers_imp_8CNLH6/system_axi_interconnect_1_imp_auto_pc_0/system_axi_interconnect_1_imp_auto_pc_0_axi_protocol_converter_v2_1_37_axi_protocol_converter/system_axi_interconnect_1_imp_auto_pc_0_axi_protocol_converter_v2_1_37_axi3_conv/system_axi_interconnect_1_imp_auto_pc_0_axi_protocol_converter_v2_1_37_a_axi3_conv/system_axi_interconnect_1_imp_auto_pc_0_axi_data_fifo_v2_1_36_axic_fifo/system_axi_interconnect_1_imp_auto_pc_0_axi_data_fifo_v2_1_36_fifo_gen/<hidden>/<hidden>/<hidden>/<hidden>/<hidden>/<hidden>
                            (recovery check against rising-edge clock host_clk_i  {rise@0.000ns fall@12.500ns period=25.000ns})
  Path Group:             **async_default**
  Path Type:              Recovery (Max at Slow Process Corner)
  Requirement:            25.000ns  (host_clk_i rise@25.000ns - host_clk_i rise@0.000ns)
  Data Path Delay:        3.381ns  (logic 0.773ns (22.864%)  route 2.608ns (77.136%))
  Logic Levels:           1  (LUT3=1)
  Clock Path Skew:        -0.060ns (DCD - SCD + CPR)
    Destination Clock Delay (DCD):    6.310ns = ( 31.310 - 25.000 ) 
    Source Clock Delay      (SCD):    6.887ns
    Clock Pessimism Removal (CPR):    0.517ns
  Clock Uncertainty:      0.082ns  ((TSJ^2 + DJ^2)^1/2) / 2 + PE
    Total System Jitter     (TSJ):    0.071ns
    Discrete Jitter          (DJ):    0.147ns
    Phase Error              (PE):    0.000ns

    Location             Delay type                Incr(ns)  Path(ns)    Netlist Resource(s)
  -------------------------------------------------------------------    -------------------
                         (clock host_clk_i rise edge)
                                                      0.000     0.000 r  
    H16                                               0.000     0.000 r  clk (IN)
                         net (fo=0)                   0.000     0.000    clk
    H16                  IBUF (Prop_ibuf_I_O)         1.451     1.451 r  ibufg_gclk/O
                         net (fo=1, routed)           1.285     2.736    gclk_i
    MMCME2_ADV_X1Y2      MMCME2_ADV (Prop_mmcme2_adv_CLKIN1_CLKOUT0)
                                                      0.088     2.824 r  MMCME2_BASE_inst/CLKOUT0
                         net (fo=1, routed)           2.206     5.030    host_clk_i
    BUFGCTRL_X0Y16       BUFG (Prop_bufg_I_O)         0.101     5.131 r  bufg_host_clk/O
                         net (fo=13302, routed)       1.756     6.887    rocketchip_wrapper/system/system_axi_interconnect_1_0/s00_couplers_imp_8CNLH6/system_axi_interconnect_1_imp_auto_pc_0/system_axi_interconnect_1_imp_auto_pc_0_axi_protocol_converter_v2_1_37_axi_protocol_converter/system_axi_interconnect_1_imp_auto_pc_0_axi_protocol_converter_v2_1_37_axi3_conv/system_axi_interconnect_1_imp_auto_pc_0_axi_protocol_converter_v2_1_37_a_axi3_conv/system_axi_interconnect_1_imp_auto_pc_0_axi_data_fifo_v2_1_36_axic_fifo/system_axi_interconnect_1_imp_auto_pc_0_axi_data_fifo_v2_1_36_fifo_gen/<hidden>/<hidden>/<hidden>/<hidden>/<hidden>/<hidden>
    SLICE_X16Y46         FDPE                                         r  rocketchip_wrapper/system/system_axi_interconnect_1_0/s00_couplers_imp_8CNLH6/system_axi_interconnect_1_imp_auto_pc_0/system_axi_interconnect_1_imp_auto_pc_0_axi_protocol_converter_v2_1_37_axi_protocol_converter/system_axi_interconnect_1_imp_auto_pc_0_axi_protocol_converter_v2_1_37_axi3_conv/system_axi_interconnect_1_imp_auto_pc_0_axi_protocol_converter_v2_1_37_a_axi3_conv/system_axi_interconnect_1_imp_auto_pc_0_axi_data_fifo_v2_1_36_axic_fifo/system_axi_interconnect_1_imp_auto_pc_0_axi_data_fifo_v2_1_36_fifo_gen/<hidden>/<hidden>/<hidden>/<hidden>/<hidden>/<hidden>
  -------------------------------------------------------------------    -------------------
    SLICE_X16Y46         FDPE (Prop_fdpe_C_Q)         0.478     7.365 f  rocketchip_wrapper/system/system_axi_interconnect_1_0/s00_couplers_imp_8CNLH6/system_axi_interconnect_1_imp_auto_pc_0/system_axi_interconnect_1_imp_auto_pc_0_axi_protocol_converter_v2_1_37_axi_protocol_converter/system_axi_interconnect_1_imp_auto_pc_0_axi_protocol_converter_v2_1_37_axi3_conv/system_axi_interconnect_1_imp_auto_pc_0_axi_protocol_converter_v2_1_37_a_axi3_conv/system_axi_interconnect_1_imp_auto_pc_0_axi_data_fifo_v2_1_36_axic_fifo/system_axi_interconnect_1_imp_auto_pc_0_axi_data_fifo_v2_1_36_fifo_gen/<hidden>/<hidden>/<hidden>/<hidden>/<hidden>/<hidden>
                         net (fo=3, routed)           1.170     8.535    rocketchip_wrapper/system/system_axi_interconnect_1_0/s00_couplers_imp_8CNLH6/system_axi_interconnect_1_imp_auto_pc_0/system_axi_interconnect_1_imp_auto_pc_0_axi_protocol_converter_v2_1_37_axi_protocol_converter/system_axi_interconnect_1_imp_auto_pc_0_axi_protocol_converter_v2_1_37_axi3_conv/system_axi_interconnect_1_imp_auto_pc_0_axi_protocol_converter_v2_1_37_a_axi3_conv/system_axi_interconnect_1_imp_auto_pc_0_axi_data_fifo_v2_1_36_axic_fifo/system_axi_interconnect_1_imp_auto_pc_0_axi_data_fifo_v2_1_36_fifo_gen/<hidden>/<hidden>/<hidden>/<hidden>/<hidden>
    SLICE_X15Y46         LUT3 (Prop_lut3_I2_O)        0.295     8.830 f  rocketchip_wrapper/system/system_axi_interconnect_1_0/s00_couplers_imp_8CNLH6/system_axi_interconnect_1_imp_auto_pc_0/system_axi_interconnect_1_imp_auto_pc_0_axi_protocol_converter_v2_1_37_axi_protocol_converter/system_axi_interconnect_1_imp_auto_pc_0_axi_protocol_converter_v2_1_37_axi3_conv/system_axi_interconnect_1_imp_auto_pc_0_axi_protocol_converter_v2_1_37_a_axi3_conv/system_axi_interconnect_1_imp_auto_pc_0_axi_data_fifo_v2_1_36_axic_fifo/system_axi_interconnect_1_imp_auto_pc_0_axi_data_fifo_v2_1_36_fifo_gen/<hidden>/<hidden>/<hidden>/<hidden>/<hidden>
                         net (fo=32, routed)          1.438    10.267    rocketchip_wrapper/system/system_axi_interconnect_1_0/s00_couplers_imp_8CNLH6/system_axi_interconnect_1_imp_auto_pc_0/system_axi_interconnect_1_imp_auto_pc_0_axi_protocol_converter_v2_1_37_axi_protocol_converter/system_axi_interconnect_1_imp_auto_pc_0_axi_protocol_converter_v2_1_37_axi3_conv/system_axi_interconnect_1_imp_auto_pc_0_axi_protocol_converter_v2_1_37_a_axi3_conv/system_axi_interconnect_1_imp_auto_pc_0_axi_data_fifo_v2_1_36_axic_fifo/system_axi_interconnect_1_imp_auto_pc_0_axi_data_fifo_v2_1_36_fifo_gen/<hidden>/<hidden>/<hidden>/<hidden>/<hidden>/<hidden>
    SLICE_X13Y48         FDCE                                         f  rocketchip_wrapper/system/system_axi_interconnect_1_0/s00_couplers_imp_8CNLH6/system_axi_interconnect_1_imp_auto_pc_0/system_axi_interconnect_1_imp_auto_pc_0_axi_protocol_converter_v2_1_37_axi_protocol_converter/system_axi_interconnect_1_imp_auto_pc_0_axi_protocol_converter_v2_1_37_axi3_conv/system_axi_interconnect_1_imp_auto_pc_0_axi_protocol_converter_v2_1_37_a_axi3_conv/system_axi_interconnect_1_imp_auto_pc_0_axi_data_fifo_v2_1_36_axic_fifo/system_axi_interconnect_1_imp_auto_pc_0_axi_data_fifo_v2_1_36_fifo_gen/<hidden>/<hidden>/<hidden>/<hidden>/<hidden>/<hidden>
  -------------------------------------------------------------------    -------------------

                         (clock host_clk_i rise edge)
                                                     25.000    25.000 r  
    H16                                               0.000    25.000 r  clk (IN)
                         net (fo=0)                   0.000    25.000    clk
    H16                  IBUF (Prop_ibuf_I_O)         1.380    26.380 r  ibufg_gclk/O
                         net (fo=1, routed)           1.162    27.542    gclk_i
    MMCME2_ADV_X1Y2      MMCME2_ADV (Prop_mmcme2_adv_CLKIN1_CLKOUT0)
                                                      0.083    27.625 r  MMCME2_BASE_inst/CLKOUT0
                         net (fo=1, routed)           2.012    29.637    host_clk_i
    BUFGCTRL_X0Y16       BUFG (Prop_bufg_I_O)         0.091    29.728 r  bufg_host_clk/O
                         net (fo=13302, routed)       1.581    31.310    rocketchip_wrapper/system/system_axi_interconnect_1_0/s00_couplers_imp_8CNLH6/system_axi_interconnect_1_imp_auto_pc_0/system_axi_interconnect_1_imp_auto_pc_0_axi_protocol_converter_v2_1_37_axi_protocol_converter/system_axi_interconnect_1_imp_auto_pc_0_axi_protocol_converter_v2_1_37_axi3_conv/system_axi_interconnect_1_imp_auto_pc_0_axi_protocol_converter_v2_1_37_a_axi3_conv/system_axi_interconnect_1_imp_auto_pc_0_axi_data_fifo_v2_1_36_axic_fifo/system_axi_interconnect_1_imp_auto_pc_0_axi_data_fifo_v2_1_36_fifo_gen/<hidden>/<hidden>/<hidden>/<hidden>/<hidden>/<hidden>
    SLICE_X13Y48         FDCE                                         r  rocketchip_wrapper/system/system_axi_interconnect_1_0/s00_couplers_imp_8CNLH6/system_axi_interconnect_1_imp_auto_pc_0/system_axi_interconnect_1_imp_auto_pc_0_axi_protocol_converter_v2_1_37_axi_protocol_converter/system_axi_interconnect_1_imp_auto_pc_0_axi_protocol_converter_v2_1_37_axi3_conv/system_axi_interconnect_1_imp_auto_pc_0_axi_protocol_converter_v2_1_37_a_axi3_conv/system_axi_interconnect_1_imp_auto_pc_0_axi_data_fifo_v2_1_36_axic_fifo/system_axi_interconnect_1_imp_auto_pc_0_axi_data_fifo_v2_1_36_fifo_gen/<hidden>/<hidden>/<hidden>/<hidden>/<hidden>/<hidden>
                         clock pessimism              0.517    31.827    
                         clock uncertainty           -0.082    31.745    
    SLICE_X13Y48         FDCE (Recov_fdce_C_CLR)     -0.405    31.340    rocketchip_wrapper/system/system_axi_interconnect_1_0/s00_couplers_imp_8CNLH6/system_axi_interconnect_1_imp_auto_pc_0/system_axi_interconnect_1_imp_auto_pc_0_axi_protocol_converter_v2_1_37_axi_protocol_converter/system_axi_interconnect_1_imp_auto_pc_0_axi_protocol_converter_v2_1_37_axi3_conv/system_axi_interconnect_1_imp_auto_pc_0_axi_protocol_converter_v2_1_37_a_axi3_conv/system_axi_interconnect_1_imp_auto_pc_0_axi_data_fifo_v2_1_36_axic_fifo/system_axi_interconnect_1_imp_auto_pc_0_axi_data_fifo_v2_1_36_fifo_gen/<hidden>/<hidden>/<hidden>/<hidden>/<hidden>/<hidden>
  -------------------------------------------------------------------
                         required time                         31.340    
                         arrival time                         -10.267    
  -------------------------------------------------------------------
                         slack                                 21.073    

Slack (MET) :             21.073ns  (required time - arrival time)
  Source:                 rocketchip_wrapper/system/system_axi_interconnect_1_0/s00_couplers_imp_8CNLH6/system_axi_interconnect_1_imp_auto_pc_0/system_axi_interconnect_1_imp_auto_pc_0_axi_protocol_converter_v2_1_37_axi_protocol_converter/system_axi_interconnect_1_imp_auto_pc_0_axi_protocol_converter_v2_1_37_axi3_conv/system_axi_interconnect_1_imp_auto_pc_0_axi_protocol_converter_v2_1_37_a_axi3_conv/system_axi_interconnect_1_imp_auto_pc_0_axi_data_fifo_v2_1_36_axic_fifo/system_axi_interconnect_1_imp_auto_pc_0_axi_data_fifo_v2_1_36_fifo_gen/<hidden>/<hidden>/<hidden>/<hidden>/<hidden>/<hidden>
                            (rising edge-triggered cell FDPE clocked by host_clk_i  {rise@0.000ns fall@12.500ns period=25.000ns})
  Destination:            rocketchip_wrapper/system/system_axi_interconnect_1_0/s00_couplers_imp_8CNLH6/system_axi_interconnect_1_imp_auto_pc_0/system_axi_interconnect_1_imp_auto_pc_0_axi_protocol_converter_v2_1_37_axi_protocol_converter/system_axi_interconnect_1_imp_auto_pc_0_axi_protocol_converter_v2_1_37_axi3_conv/system_axi_interconnect_1_imp_auto_pc_0_axi_protocol_converter_v2_1_37_a_axi3_conv/system_axi_interconnect_1_imp_auto_pc_0_axi_data_fifo_v2_1_36_axic_fifo/system_axi_interconnect_1_imp_auto_pc_0_axi_data_fifo_v2_1_36_fifo_gen/<hidden>/<hidden>/<hidden>/<hidden>/<hidden>/<hidden>
                            (recovery check against rising-edge clock host_clk_i  {rise@0.000ns fall@12.500ns period=25.000ns})
  Path Group:             **async_default**
  Path Type:              Recovery (Max at Slow Process Corner)
  Requirement:            25.000ns  (host_clk_i rise@25.000ns - host_clk_i rise@0.000ns)
  Data Path Delay:        3.381ns  (logic 0.773ns (22.864%)  route 2.608ns (77.136%))
  Logic Levels:           1  (LUT3=1)
  Clock Path Skew:        -0.060ns (DCD - SCD + CPR)
    Destination Clock Delay (DCD):    6.310ns = ( 31.310 - 25.000 ) 
    Source Clock Delay      (SCD):    6.887ns
    Clock Pessimism Removal (CPR):    0.517ns
  Clock Uncertainty:      0.082ns  ((TSJ^2 + DJ^2)^1/2) / 2 + PE
    Total System Jitter     (TSJ):    0.071ns
    Discrete Jitter          (DJ):    0.147ns
    Phase Error              (PE):    0.000ns

    Location             Delay type                Incr(ns)  Path(ns)    Netlist Resource(s)
  -------------------------------------------------------------------    -------------------
                         (clock host_clk_i rise edge)
                                                      0.000     0.000 r  
    H16                                               0.000     0.000 r  clk (IN)
                         net (fo=0)                   0.000     0.000    clk
    H16                  IBUF (Prop_ibuf_I_O)         1.451     1.451 r  ibufg_gclk/O
                         net (fo=1, routed)           1.285     2.736    gclk_i
    MMCME2_ADV_X1Y2      MMCME2_ADV (Prop_mmcme2_adv_CLKIN1_CLKOUT0)
                                                      0.088     2.824 r  MMCME2_BASE_inst/CLKOUT0
                         net (fo=1, routed)           2.206     5.030    host_clk_i
    BUFGCTRL_X0Y16       BUFG (Prop_bufg_I_O)         0.101     5.131 r  bufg_host_clk/O
                         net (fo=13302, routed)       1.756     6.887    rocketchip_wrapper/system/system_axi_interconnect_1_0/s00_couplers_imp_8CNLH6/system_axi_interconnect_1_imp_auto_pc_0/system_axi_interconnect_1_imp_auto_pc_0_axi_protocol_converter_v2_1_37_axi_protocol_converter/system_axi_interconnect_1_imp_auto_pc_0_axi_protocol_converter_v2_1_37_axi3_conv/system_axi_interconnect_1_imp_auto_pc_0_axi_protocol_converter_v2_1_37_a_axi3_conv/system_axi_interconnect_1_imp_auto_pc_0_axi_data_fifo_v2_1_36_axic_fifo/system_axi_interconnect_1_imp_auto_pc_0_axi_data_fifo_v2_1_36_fifo_gen/<hidden>/<hidden>/<hidden>/<hidden>/<hidden>/<hidden>
    SLICE_X16Y46         FDPE                                         r  rocketchip_wrapper/system/system_axi_interconnect_1_0/s00_couplers_imp_8CNLH6/system_axi_interconnect_1_imp_auto_pc_0/system_axi_interconnect_1_imp_auto_pc_0_axi_protocol_converter_v2_1_37_axi_protocol_converter/system_axi_interconnect_1_imp_auto_pc_0_axi_protocol_converter_v2_1_37_axi3_conv/system_axi_interconnect_1_imp_auto_pc_0_axi_protocol_converter_v2_1_37_a_axi3_conv/system_axi_interconnect_1_imp_auto_pc_0_axi_data_fifo_v2_1_36_axic_fifo/system_axi_interconnect_1_imp_auto_pc_0_axi_data_fifo_v2_1_36_fifo_gen/<hidden>/<hidden>/<hidden>/<hidden>/<hidden>/<hidden>
  -------------------------------------------------------------------    -------------------
    SLICE_X16Y46         FDPE (Prop_fdpe_C_Q)         0.478     7.365 f  rocketchip_wrapper/system/system_axi_interconnect_1_0/s00_couplers_imp_8CNLH6/system_axi_interconnect_1_imp_auto_pc_0/system_axi_interconnect_1_imp_auto_pc_0_axi_protocol_converter_v2_1_37_axi_protocol_converter/system_axi_interconnect_1_imp_auto_pc_0_axi_protocol_converter_v2_1_37_axi3_conv/system_axi_interconnect_1_imp_auto_pc_0_axi_protocol_converter_v2_1_37_a_axi3_conv/system_axi_interconnect_1_imp_auto_pc_0_axi_data_fifo_v2_1_36_axic_fifo/system_axi_interconnect_1_imp_auto_pc_0_axi_data_fifo_v2_1_36_fifo_gen/<hidden>/<hidden>/<hidden>/<hidden>/<hidden>/<hidden>
                         net (fo=3, routed)           1.170     8.535    rocketchip_wrapper/system/system_axi_interconnect_1_0/s00_couplers_imp_8CNLH6/system_axi_interconnect_1_imp_auto_pc_0/system_axi_interconnect_1_imp_auto_pc_0_axi_protocol_converter_v2_1_37_axi_protocol_converter/system_axi_interconnect_1_imp_auto_pc_0_axi_protocol_converter_v2_1_37_axi3_conv/system_axi_interconnect_1_imp_auto_pc_0_axi_protocol_converter_v2_1_37_a_axi3_conv/system_axi_interconnect_1_imp_auto_pc_0_axi_data_fifo_v2_1_36_axic_fifo/system_axi_interconnect_1_imp_auto_pc_0_axi_data_fifo_v2_1_36_fifo_gen/<hidden>/<hidden>/<hidden>/<hidden>/<hidden>
    SLICE_X15Y46         LUT3 (Prop_lut3_I2_O)        0.295     8.830 f  rocketchip_wrapper/system/system_axi_interconnect_1_0/s00_couplers_imp_8CNLH6/system_axi_interconnect_1_imp_auto_pc_0/system_axi_interconnect_1_imp_auto_pc_0_axi_protocol_converter_v2_1_37_axi_protocol_converter/system_axi_interconnect_1_imp_auto_pc_0_axi_protocol_converter_v2_1_37_axi3_conv/system_axi_interconnect_1_imp_auto_pc_0_axi_protocol_converter_v2_1_37_a_axi3_conv/system_axi_interconnect_1_imp_auto_pc_0_axi_data_fifo_v2_1_36_axic_fifo/system_axi_interconnect_1_imp_auto_pc_0_axi_data_fifo_v2_1_36_fifo_gen/<hidden>/<hidden>/<hidden>/<hidden>/<hidden>
                         net (fo=32, routed)          1.438    10.267    rocketchip_wrapper/system/system_axi_interconnect_1_0/s00_couplers_imp_8CNLH6/system_axi_interconnect_1_imp_auto_pc_0/system_axi_interconnect_1_imp_auto_pc_0_axi_protocol_converter_v2_1_37_axi_protocol_converter/system_axi_interconnect_1_imp_auto_pc_0_axi_protocol_converter_v2_1_37_axi3_conv/system_axi_interconnect_1_imp_auto_pc_0_axi_protocol_converter_v2_1_37_a_axi3_conv/system_axi_interconnect_1_imp_auto_pc_0_axi_data_fifo_v2_1_36_axic_fifo/system_axi_interconnect_1_imp_auto_pc_0_axi_data_fifo_v2_1_36_fifo_gen/<hidden>/<hidden>/<hidden>/<hidden>/<hidden>/<hidden>
    SLICE_X13Y48         FDCE                                         f  rocketchip_wrapper/system/system_axi_interconnect_1_0/s00_couplers_imp_8CNLH6/system_axi_interconnect_1_imp_auto_pc_0/system_axi_interconnect_1_imp_auto_pc_0_axi_protocol_converter_v2_1_37_axi_protocol_converter/system_axi_interconnect_1_imp_auto_pc_0_axi_protocol_converter_v2_1_37_axi3_conv/system_axi_interconnect_1_imp_auto_pc_0_axi_protocol_converter_v2_1_37_a_axi3_conv/system_axi_interconnect_1_imp_auto_pc_0_axi_data_fifo_v2_1_36_axic_fifo/system_axi_interconnect_1_imp_auto_pc_0_axi_data_fifo_v2_1_36_fifo_gen/<hidden>/<hidden>/<hidden>/<hidden>/<hidden>/<hidden>
  -------------------------------------------------------------------    -------------------

                         (clock host_clk_i rise edge)
                                                     25.000    25.000 r  
    H16                                               0.000    25.000 r  clk (IN)
                         net (fo=0)                   0.000    25.000    clk
    H16                  IBUF (Prop_ibuf_I_O)         1.380    26.380 r  ibufg_gclk/O
                         net (fo=1, routed)           1.162    27.542    gclk_i
    MMCME2_ADV_X1Y2      MMCME2_ADV (Prop_mmcme2_adv_CLKIN1_CLKOUT0)
                                                      0.083    27.625 r  MMCME2_BASE_inst/CLKOUT0
                         net (fo=1, routed)           2.012    29.637    host_clk_i
    BUFGCTRL_X0Y16       BUFG (Prop_bufg_I_O)         0.091    29.728 r  bufg_host_clk/O
                         net (fo=13302, routed)       1.581    31.310    rocketchip_wrapper/system/system_axi_interconnect_1_0/s00_couplers_imp_8CNLH6/system_axi_interconnect_1_imp_auto_pc_0/system_axi_interconnect_1_imp_auto_pc_0_axi_protocol_converter_v2_1_37_axi_protocol_converter/system_axi_interconnect_1_imp_auto_pc_0_axi_protocol_converter_v2_1_37_axi3_conv/system_axi_interconnect_1_imp_auto_pc_0_axi_protocol_converter_v2_1_37_a_axi3_conv/system_axi_interconnect_1_imp_auto_pc_0_axi_data_fifo_v2_1_36_axic_fifo/system_axi_interconnect_1_imp_auto_pc_0_axi_data_fifo_v2_1_36_fifo_gen/<hidden>/<hidden>/<hidden>/<hidden>/<hidden>/<hidden>
    SLICE_X13Y48         FDCE                                         r  rocketchip_wrapper/system/system_axi_interconnect_1_0/s00_couplers_imp_8CNLH6/system_axi_interconnect_1_imp_auto_pc_0/system_axi_interconnect_1_imp_auto_pc_0_axi_protocol_converter_v2_1_37_axi_protocol_converter/system_axi_interconnect_1_imp_auto_pc_0_axi_protocol_converter_v2_1_37_axi3_conv/system_axi_interconnect_1_imp_auto_pc_0_axi_protocol_converter_v2_1_37_a_axi3_conv/system_axi_interconnect_1_imp_auto_pc_0_axi_data_fifo_v2_1_36_axic_fifo/system_axi_interconnect_1_imp_auto_pc_0_axi_data_fifo_v2_1_36_fifo_gen/<hidden>/<hidden>/<hidden>/<hidden>/<hidden>/<hidden>
                         clock pessimism              0.517    31.827    
                         clock uncertainty           -0.082    31.745    
    SLICE_X13Y48         FDCE (Recov_fdce_C_CLR)     -0.405    31.340    rocketchip_wrapper/system/system_axi_interconnect_1_0/s00_couplers_imp_8CNLH6/system_axi_interconnect_1_imp_auto_pc_0/system_axi_interconnect_1_imp_auto_pc_0_axi_protocol_converter_v2_1_37_axi_protocol_converter/system_axi_interconnect_1_imp_auto_pc_0_axi_protocol_converter_v2_1_37_axi3_conv/system_axi_interconnect_1_imp_auto_pc_0_axi_protocol_converter_v2_1_37_a_axi3_conv/system_axi_interconnect_1_imp_auto_pc_0_axi_data_fifo_v2_1_36_axic_fifo/system_axi_interconnect_1_imp_auto_pc_0_axi_data_fifo_v2_1_36_fifo_gen/<hidden>/<hidden>/<hidden>/<hidden>/<hidden>/<hidden>
  -------------------------------------------------------------------
                         required time                         31.340    
                         arrival time                         -10.267    
  -------------------------------------------------------------------
                         slack                                 21.073    

Slack (MET) :             21.117ns  (required time - arrival time)
  Source:                 rocketchip_wrapper/system/system_axi_interconnect_1_0/s00_couplers_imp_8CNLH6/system_axi_interconnect_1_imp_auto_pc_0/system_axi_interconnect_1_imp_auto_pc_0_axi_protocol_converter_v2_1_37_axi_protocol_converter/system_axi_interconnect_1_imp_auto_pc_0_axi_protocol_converter_v2_1_37_axi3_conv/system_axi_interconnect_1_imp_auto_pc_0_axi_protocol_converter_v2_1_37_a_axi3_conv/system_axi_interconnect_1_imp_auto_pc_0_axi_data_fifo_v2_1_36_axic_fifo/system_axi_interconnect_1_imp_auto_pc_0_axi_data_fifo_v2_1_36_fifo_gen/<hidden>/<hidden>/<hidden>/<hidden>/<hidden>/<hidden>
                            (rising edge-triggered cell FDPE clocked by host_clk_i  {rise@0.000ns fall@12.500ns period=25.000ns})
  Destination:            rocketchip_wrapper/system/system_axi_interconnect_1_0/s00_couplers_imp_8CNLH6/system_axi_interconnect_1_imp_auto_pc_0/system_axi_interconnect_1_imp_auto_pc_0_axi_protocol_converter_v2_1_37_axi_protocol_converter/system_axi_interconnect_1_imp_auto_pc_0_axi_protocol_converter_v2_1_37_axi3_conv/system_axi_interconnect_1_imp_auto_pc_0_axi_protocol_converter_v2_1_37_a_axi3_conv/system_axi_interconnect_1_imp_auto_pc_0_axi_data_fifo_v2_1_36_axic_fifo/system_axi_interconnect_1_imp_auto_pc_0_axi_data_fifo_v2_1_36_fifo_gen/<hidden>/<hidden>/<hidden>/<hidden>/<hidden>/<hidden>
                            (recovery check against rising-edge clock host_clk_i  {rise@0.000ns fall@12.500ns period=25.000ns})
  Path Group:             **async_default**
  Path Type:              Recovery (Max at Slow Process Corner)
  Requirement:            25.000ns  (host_clk_i rise@25.000ns - host_clk_i rise@0.000ns)
  Data Path Delay:        3.381ns  (logic 0.773ns (22.864%)  route 2.608ns (77.136%))
  Logic Levels:           1  (LUT3=1)
  Clock Path Skew:        -0.060ns (DCD - SCD + CPR)
    Destination Clock Delay (DCD):    6.310ns = ( 31.310 - 25.000 ) 
    Source Clock Delay      (SCD):    6.887ns
    Clock Pessimism Removal (CPR):    0.517ns
  Clock Uncertainty:      0.082ns  ((TSJ^2 + DJ^2)^1/2) / 2 + PE
    Total System Jitter     (TSJ):    0.071ns
    Discrete Jitter          (DJ):    0.147ns
    Phase Error              (PE):    0.000ns

    Location             Delay type                Incr(ns)  Path(ns)    Netlist Resource(s)
  -------------------------------------------------------------------    -------------------
                         (clock host_clk_i rise edge)
                                                      0.000     0.000 r  
    H16                                               0.000     0.000 r  clk (IN)
                         net (fo=0)                   0.000     0.000    clk
    H16                  IBUF (Prop_ibuf_I_O)         1.451     1.451 r  ibufg_gclk/O
                         net (fo=1, routed)           1.285     2.736    gclk_i
    MMCME2_ADV_X1Y2      MMCME2_ADV (Prop_mmcme2_adv_CLKIN1_CLKOUT0)
                                                      0.088     2.824 r  MMCME2_BASE_inst/CLKOUT0
                         net (fo=1, routed)           2.206     5.030    host_clk_i
    BUFGCTRL_X0Y16       BUFG (Prop_bufg_I_O)         0.101     5.131 r  bufg_host_clk/O
                         net (fo=13302, routed)       1.756     6.887    rocketchip_wrapper/system/system_axi_interconnect_1_0/s00_couplers_imp_8CNLH6/system_axi_interconnect_1_imp_auto_pc_0/system_axi_interconnect_1_imp_auto_pc_0_axi_protocol_converter_v2_1_37_axi_protocol_converter/system_axi_interconnect_1_imp_auto_pc_0_axi_protocol_converter_v2_1_37_axi3_conv/system_axi_interconnect_1_imp_auto_pc_0_axi_protocol_converter_v2_1_37_a_axi3_conv/system_axi_interconnect_1_imp_auto_pc_0_axi_data_fifo_v2_1_36_axic_fifo/system_axi_interconnect_1_imp_auto_pc_0_axi_data_fifo_v2_1_36_fifo_gen/<hidden>/<hidden>/<hidden>/<hidden>/<hidden>/<hidden>
    SLICE_X16Y46         FDPE                                         r  rocketchip_wrapper/system/system_axi_interconnect_1_0/s00_couplers_imp_8CNLH6/system_axi_interconnect_1_imp_auto_pc_0/system_axi_interconnect_1_imp_auto_pc_0_axi_protocol_converter_v2_1_37_axi_protocol_converter/system_axi_interconnect_1_imp_auto_pc_0_axi_protocol_converter_v2_1_37_axi3_conv/system_axi_interconnect_1_imp_auto_pc_0_axi_protocol_converter_v2_1_37_a_axi3_conv/system_axi_interconnect_1_imp_auto_pc_0_axi_data_fifo_v2_1_36_axic_fifo/system_axi_interconnect_1_imp_auto_pc_0_axi_data_fifo_v2_1_36_fifo_gen/<hidden>/<hidden>/<hidden>/<hidden>/<hidden>/<hidden>
  -------------------------------------------------------------------    -------------------
    SLICE_X16Y46         FDPE (Prop_fdpe_C_Q)         0.478     7.365 f  rocketchip_wrapper/system/system_axi_interconnect_1_0/s00_couplers_imp_8CNLH6/system_axi_interconnect_1_imp_auto_pc_0/system_axi_interconnect_1_imp_auto_pc_0_axi_protocol_converter_v2_1_37_axi_protocol_converter/system_axi_interconnect_1_imp_auto_pc_0_axi_protocol_converter_v2_1_37_axi3_conv/system_axi_interconnect_1_imp_auto_pc_0_axi_protocol_converter_v2_1_37_a_axi3_conv/system_axi_interconnect_1_imp_auto_pc_0_axi_data_fifo_v2_1_36_axic_fifo/system_axi_interconnect_1_imp_auto_pc_0_axi_data_fifo_v2_1_36_fifo_gen/<hidden>/<hidden>/<hidden>/<hidden>/<hidden>/<hidden>
                         net (fo=3, routed)           1.170     8.535    rocketchip_wrapper/system/system_axi_interconnect_1_0/s00_couplers_imp_8CNLH6/system_axi_interconnect_1_imp_auto_pc_0/system_axi_interconnect_1_imp_auto_pc_0_axi_protocol_converter_v2_1_37_axi_protocol_converter/system_axi_interconnect_1_imp_auto_pc_0_axi_protocol_converter_v2_1_37_axi3_conv/system_axi_interconnect_1_imp_auto_pc_0_axi_protocol_converter_v2_1_37_a_axi3_conv/system_axi_interconnect_1_imp_auto_pc_0_axi_data_fifo_v2_1_36_axic_fifo/system_axi_interconnect_1_imp_auto_pc_0_axi_data_fifo_v2_1_36_fifo_gen/<hidden>/<hidden>/<hidden>/<hidden>/<hidden>
    SLICE_X15Y46         LUT3 (Prop_lut3_I2_O)        0.295     8.830 f  rocketchip_wrapper/system/system_axi_interconnect_1_0/s00_couplers_imp_8CNLH6/system_axi_interconnect_1_imp_auto_pc_0/system_axi_interconnect_1_imp_auto_pc_0_axi_protocol_converter_v2_1_37_axi_protocol_converter/system_axi_interconnect_1_imp_auto_pc_0_axi_protocol_converter_v2_1_37_axi3_conv/system_axi_interconnect_1_imp_auto_pc_0_axi_protocol_converter_v2_1_37_a_axi3_conv/system_axi_interconnect_1_imp_auto_pc_0_axi_data_fifo_v2_1_36_axic_fifo/system_axi_interconnect_1_imp_auto_pc_0_axi_data_fifo_v2_1_36_fifo_gen/<hidden>/<hidden>/<hidden>/<hidden>/<hidden>
                         net (fo=32, routed)          1.438    10.267    rocketchip_wrapper/system/system_axi_interconnect_1_0/s00_couplers_imp_8CNLH6/system_axi_interconnect_1_imp_auto_pc_0/system_axi_interconnect_1_imp_auto_pc_0_axi_protocol_converter_v2_1_37_axi_protocol_converter/system_axi_interconnect_1_imp_auto_pc_0_axi_protocol_converter_v2_1_37_axi3_conv/system_axi_interconnect_1_imp_auto_pc_0_axi_protocol_converter_v2_1_37_a_axi3_conv/system_axi_interconnect_1_imp_auto_pc_0_axi_data_fifo_v2_1_36_axic_fifo/system_axi_interconnect_1_imp_auto_pc_0_axi_data_fifo_v2_1_36_fifo_gen/<hidden>/<hidden>/<hidden>/<hidden>/<hidden>/<hidden>
    SLICE_X12Y48         FDCE                                         f  rocketchip_wrapper/system/system_axi_interconnect_1_0/s00_couplers_imp_8CNLH6/system_axi_interconnect_1_imp_auto_pc_0/system_axi_interconnect_1_imp_auto_pc_0_axi_protocol_converter_v2_1_37_axi_protocol_converter/system_axi_interconnect_1_imp_auto_pc_0_axi_protocol_converter_v2_1_37_axi3_conv/system_axi_interconnect_1_imp_auto_pc_0_axi_protocol_converter_v2_1_37_a_axi3_conv/system_axi_interconnect_1_imp_auto_pc_0_axi_data_fifo_v2_1_36_axic_fifo/system_axi_interconnect_1_imp_auto_pc_0_axi_data_fifo_v2_1_36_fifo_gen/<hidden>/<hidden>/<hidden>/<hidden>/<hidden>/<hidden>
  -------------------------------------------------------------------    -------------------

                         (clock host_clk_i rise edge)
                                                     25.000    25.000 r  
    H16                                               0.000    25.000 r  clk (IN)
                         net (fo=0)                   0.000    25.000    clk
    H16                  IBUF (Prop_ibuf_I_O)         1.380    26.380 r  ibufg_gclk/O
                         net (fo=1, routed)           1.162    27.542    gclk_i
    MMCME2_ADV_X1Y2      MMCME2_ADV (Prop_mmcme2_adv_CLKIN1_CLKOUT0)
                                                      0.083    27.625 r  MMCME2_BASE_inst/CLKOUT0
                         net (fo=1, routed)           2.012    29.637    host_clk_i
    BUFGCTRL_X0Y16       BUFG (Prop_bufg_I_O)         0.091    29.728 r  bufg_host_clk/O
                         net (fo=13302, routed)       1.581    31.310    rocketchip_wrapper/system/system_axi_interconnect_1_0/s00_couplers_imp_8CNLH6/system_axi_interconnect_1_imp_auto_pc_0/system_axi_interconnect_1_imp_auto_pc_0_axi_protocol_converter_v2_1_37_axi_protocol_converter/system_axi_interconnect_1_imp_auto_pc_0_axi_protocol_converter_v2_1_37_axi3_conv/system_axi_interconnect_1_imp_auto_pc_0_axi_protocol_converter_v2_1_37_a_axi3_conv/system_axi_interconnect_1_imp_auto_pc_0_axi_data_fifo_v2_1_36_axic_fifo/system_axi_interconnect_1_imp_auto_pc_0_axi_data_fifo_v2_1_36_fifo_gen/<hidden>/<hidden>/<hidden>/<hidden>/<hidden>/<hidden>
    SLICE_X12Y48         FDCE                                         r  rocketchip_wrapper/system/system_axi_interconnect_1_0/s00_couplers_imp_8CNLH6/system_axi_interconnect_1_imp_auto_pc_0/system_axi_interconnect_1_imp_auto_pc_0_axi_protocol_converter_v2_1_37_axi_protocol_converter/system_axi_interconnect_1_imp_auto_pc_0_axi_protocol_converter_v2_1_37_axi3_conv/system_axi_interconnect_1_imp_auto_pc_0_axi_protocol_converter_v2_1_37_a_axi3_conv/system_axi_interconnect_1_imp_auto_pc_0_axi_data_fifo_v2_1_36_axic_fifo/system_axi_interconnect_1_imp_auto_pc_0_axi_data_fifo_v2_1_36_fifo_gen/<hidden>/<hidden>/<hidden>/<hidden>/<hidden>/<hidden>
                         clock pessimism              0.517    31.827    
                         clock uncertainty           -0.082    31.745    
    SLICE_X12Y48         FDCE (Recov_fdce_C_CLR)     -0.361    31.384    rocketchip_wrapper/system/system_axi_interconnect_1_0/s00_couplers_imp_8CNLH6/system_axi_interconnect_1_imp_auto_pc_0/system_axi_interconnect_1_imp_auto_pc_0_axi_protocol_converter_v2_1_37_axi_protocol_converter/system_axi_interconnect_1_imp_auto_pc_0_axi_protocol_converter_v2_1_37_axi3_conv/system_axi_interconnect_1_imp_auto_pc_0_axi_protocol_converter_v2_1_37_a_axi3_conv/system_axi_interconnect_1_imp_auto_pc_0_axi_data_fifo_v2_1_36_axic_fifo/system_axi_interconnect_1_imp_auto_pc_0_axi_data_fifo_v2_1_36_fifo_gen/<hidden>/<hidden>/<hidden>/<hidden>/<hidden>/<hidden>
  -------------------------------------------------------------------
                         required time                         31.384    
                         arrival time                         -10.267    
  -------------------------------------------------------------------
                         slack                                 21.117    

Slack (MET) :             21.117ns  (required time - arrival time)
  Source:                 rocketchip_wrapper/system/system_axi_interconnect_1_0/s00_couplers_imp_8CNLH6/system_axi_interconnect_1_imp_auto_pc_0/system_axi_interconnect_1_imp_auto_pc_0_axi_protocol_converter_v2_1_37_axi_protocol_converter/system_axi_interconnect_1_imp_auto_pc_0_axi_protocol_converter_v2_1_37_axi3_conv/system_axi_interconnect_1_imp_auto_pc_0_axi_protocol_converter_v2_1_37_a_axi3_conv/system_axi_interconnect_1_imp_auto_pc_0_axi_data_fifo_v2_1_36_axic_fifo/system_axi_interconnect_1_imp_auto_pc_0_axi_data_fifo_v2_1_36_fifo_gen/<hidden>/<hidden>/<hidden>/<hidden>/<hidden>/<hidden>
                            (rising edge-triggered cell FDPE clocked by host_clk_i  {rise@0.000ns fall@12.500ns period=25.000ns})
  Destination:            rocketchip_wrapper/system/system_axi_interconnect_1_0/s00_couplers_imp_8CNLH6/system_axi_interconnect_1_imp_auto_pc_0/system_axi_interconnect_1_imp_auto_pc_0_axi_protocol_converter_v2_1_37_axi_protocol_converter/system_axi_interconnect_1_imp_auto_pc_0_axi_protocol_converter_v2_1_37_axi3_conv/system_axi_interconnect_1_imp_auto_pc_0_axi_protocol_converter_v2_1_37_a_axi3_conv/system_axi_interconnect_1_imp_auto_pc_0_axi_data_fifo_v2_1_36_axic_fifo/system_axi_interconnect_1_imp_auto_pc_0_axi_data_fifo_v2_1_36_fifo_gen/<hidden>/<hidden>/<hidden>/<hidden>/<hidden>/<hidden>
                            (recovery check against rising-edge clock host_clk_i  {rise@0.000ns fall@12.500ns period=25.000ns})
  Path Group:             **async_default**
  Path Type:              Recovery (Max at Slow Process Corner)
  Requirement:            25.000ns  (host_clk_i rise@25.000ns - host_clk_i rise@0.000ns)
  Data Path Delay:        3.381ns  (logic 0.773ns (22.864%)  route 2.608ns (77.136%))
  Logic Levels:           1  (LUT3=1)
  Clock Path Skew:        -0.060ns (DCD - SCD + CPR)
    Destination Clock Delay (DCD):    6.310ns = ( 31.310 - 25.000 ) 
    Source Clock Delay      (SCD):    6.887ns
    Clock Pessimism Removal (CPR):    0.517ns
  Clock Uncertainty:      0.082ns  ((TSJ^2 + DJ^2)^1/2) / 2 + PE
    Total System Jitter     (TSJ):    0.071ns
    Discrete Jitter          (DJ):    0.147ns
    Phase Error              (PE):    0.000ns

    Location             Delay type                Incr(ns)  Path(ns)    Netlist Resource(s)
  -------------------------------------------------------------------    -------------------
                         (clock host_clk_i rise edge)
                                                      0.000     0.000 r  
    H16                                               0.000     0.000 r  clk (IN)
                         net (fo=0)                   0.000     0.000    clk
    H16                  IBUF (Prop_ibuf_I_O)         1.451     1.451 r  ibufg_gclk/O
                         net (fo=1, routed)           1.285     2.736    gclk_i
    MMCME2_ADV_X1Y2      MMCME2_ADV (Prop_mmcme2_adv_CLKIN1_CLKOUT0)
                                                      0.088     2.824 r  MMCME2_BASE_inst/CLKOUT0
                         net (fo=1, routed)           2.206     5.030    host_clk_i
    BUFGCTRL_X0Y16       BUFG (Prop_bufg_I_O)         0.101     5.131 r  bufg_host_clk/O
                         net (fo=13302, routed)       1.756     6.887    rocketchip_wrapper/system/system_axi_interconnect_1_0/s00_couplers_imp_8CNLH6/system_axi_interconnect_1_imp_auto_pc_0/system_axi_interconnect_1_imp_auto_pc_0_axi_protocol_converter_v2_1_37_axi_protocol_converter/system_axi_interconnect_1_imp_auto_pc_0_axi_protocol_converter_v2_1_37_axi3_conv/system_axi_interconnect_1_imp_auto_pc_0_axi_protocol_converter_v2_1_37_a_axi3_conv/system_axi_interconnect_1_imp_auto_pc_0_axi_data_fifo_v2_1_36_axic_fifo/system_axi_interconnect_1_imp_auto_pc_0_axi_data_fifo_v2_1_36_fifo_gen/<hidden>/<hidden>/<hidden>/<hidden>/<hidden>/<hidden>
    SLICE_X16Y46         FDPE                                         r  rocketchip_wrapper/system/system_axi_interconnect_1_0/s00_couplers_imp_8CNLH6/system_axi_interconnect_1_imp_auto_pc_0/system_axi_interconnect_1_imp_auto_pc_0_axi_protocol_converter_v2_1_37_axi_protocol_converter/system_axi_interconnect_1_imp_auto_pc_0_axi_protocol_converter_v2_1_37_axi3_conv/system_axi_interconnect_1_imp_auto_pc_0_axi_protocol_converter_v2_1_37_a_axi3_conv/system_axi_interconnect_1_imp_auto_pc_0_axi_data_fifo_v2_1_36_axic_fifo/system_axi_interconnect_1_imp_auto_pc_0_axi_data_fifo_v2_1_36_fifo_gen/<hidden>/<hidden>/<hidden>/<hidden>/<hidden>/<hidden>
  -------------------------------------------------------------------    -------------------
    SLICE_X16Y46         FDPE (Prop_fdpe_C_Q)         0.478     7.365 f  rocketchip_wrapper/system/system_axi_interconnect_1_0/s00_couplers_imp_8CNLH6/system_axi_interconnect_1_imp_auto_pc_0/system_axi_interconnect_1_imp_auto_pc_0_axi_protocol_converter_v2_1_37_axi_protocol_converter/system_axi_interconnect_1_imp_auto_pc_0_axi_protocol_converter_v2_1_37_axi3_conv/system_axi_interconnect_1_imp_auto_pc_0_axi_protocol_converter_v2_1_37_a_axi3_conv/system_axi_interconnect_1_imp_auto_pc_0_axi_data_fifo_v2_1_36_axic_fifo/system_axi_interconnect_1_imp_auto_pc_0_axi_data_fifo_v2_1_36_fifo_gen/<hidden>/<hidden>/<hidden>/<hidden>/<hidden>/<hidden>
                         net (fo=3, routed)           1.170     8.535    rocketchip_wrapper/system/system_axi_interconnect_1_0/s00_couplers_imp_8CNLH6/system_axi_interconnect_1_imp_auto_pc_0/system_axi_interconnect_1_imp_auto_pc_0_axi_protocol_converter_v2_1_37_axi_protocol_converter/system_axi_interconnect_1_imp_auto_pc_0_axi_protocol_converter_v2_1_37_axi3_conv/system_axi_interconnect_1_imp_auto_pc_0_axi_protocol_converter_v2_1_37_a_axi3_conv/system_axi_interconnect_1_imp_auto_pc_0_axi_data_fifo_v2_1_36_axic_fifo/system_axi_interconnect_1_imp_auto_pc_0_axi_data_fifo_v2_1_36_fifo_gen/<hidden>/<hidden>/<hidden>/<hidden>/<hidden>
    SLICE_X15Y46         LUT3 (Prop_lut3_I2_O)        0.295     8.830 f  rocketchip_wrapper/system/system_axi_interconnect_1_0/s00_couplers_imp_8CNLH6/system_axi_interconnect_1_imp_auto_pc_0/system_axi_interconnect_1_imp_auto_pc_0_axi_protocol_converter_v2_1_37_axi_protocol_converter/system_axi_interconnect_1_imp_auto_pc_0_axi_protocol_converter_v2_1_37_axi3_conv/system_axi_interconnect_1_imp_auto_pc_0_axi_protocol_converter_v2_1_37_a_axi3_conv/system_axi_interconnect_1_imp_auto_pc_0_axi_data_fifo_v2_1_36_axic_fifo/system_axi_interconnect_1_imp_auto_pc_0_axi_data_fifo_v2_1_36_fifo_gen/<hidden>/<hidden>/<hidden>/<hidden>/<hidden>
                         net (fo=32, routed)          1.438    10.267    rocketchip_wrapper/system/system_axi_interconnect_1_0/s00_couplers_imp_8CNLH6/system_axi_interconnect_1_imp_auto_pc_0/system_axi_interconnect_1_imp_auto_pc_0_axi_protocol_converter_v2_1_37_axi_protocol_converter/system_axi_interconnect_1_imp_auto_pc_0_axi_protocol_converter_v2_1_37_axi3_conv/system_axi_interconnect_1_imp_auto_pc_0_axi_protocol_converter_v2_1_37_a_axi3_conv/system_axi_interconnect_1_imp_auto_pc_0_axi_data_fifo_v2_1_36_axic_fifo/system_axi_interconnect_1_imp_auto_pc_0_axi_data_fifo_v2_1_36_fifo_gen/<hidden>/<hidden>/<hidden>/<hidden>/<hidden>/<hidden>
    SLICE_X12Y48         FDCE                                         f  rocketchip_wrapper/system/system_axi_interconnect_1_0/s00_couplers_imp_8CNLH6/system_axi_interconnect_1_imp_auto_pc_0/system_axi_interconnect_1_imp_auto_pc_0_axi_protocol_converter_v2_1_37_axi_protocol_converter/system_axi_interconnect_1_imp_auto_pc_0_axi_protocol_converter_v2_1_37_axi3_conv/system_axi_interconnect_1_imp_auto_pc_0_axi_protocol_converter_v2_1_37_a_axi3_conv/system_axi_interconnect_1_imp_auto_pc_0_axi_data_fifo_v2_1_36_axic_fifo/system_axi_interconnect_1_imp_auto_pc_0_axi_data_fifo_v2_1_36_fifo_gen/<hidden>/<hidden>/<hidden>/<hidden>/<hidden>/<hidden>
  -------------------------------------------------------------------    -------------------

                         (clock host_clk_i rise edge)
                                                     25.000    25.000 r  
    H16                                               0.000    25.000 r  clk (IN)
                         net (fo=0)                   0.000    25.000    clk
    H16                  IBUF (Prop_ibuf_I_O)         1.380    26.380 r  ibufg_gclk/O
                         net (fo=1, routed)           1.162    27.542    gclk_i
    MMCME2_ADV_X1Y2      MMCME2_ADV (Prop_mmcme2_adv_CLKIN1_CLKOUT0)
                                                      0.083    27.625 r  MMCME2_BASE_inst/CLKOUT0
                         net (fo=1, routed)           2.012    29.637    host_clk_i
    BUFGCTRL_X0Y16       BUFG (Prop_bufg_I_O)         0.091    29.728 r  bufg_host_clk/O
                         net (fo=13302, routed)       1.581    31.310    rocketchip_wrapper/system/system_axi_interconnect_1_0/s00_couplers_imp_8CNLH6/system_axi_interconnect_1_imp_auto_pc_0/system_axi_interconnect_1_imp_auto_pc_0_axi_protocol_converter_v2_1_37_axi_protocol_converter/system_axi_interconnect_1_imp_auto_pc_0_axi_protocol_converter_v2_1_37_axi3_conv/system_axi_interconnect_1_imp_auto_pc_0_axi_protocol_converter_v2_1_37_a_axi3_conv/system_axi_interconnect_1_imp_auto_pc_0_axi_data_fifo_v2_1_36_axic_fifo/system_axi_interconnect_1_imp_auto_pc_0_axi_data_fifo_v2_1_36_fifo_gen/<hidden>/<hidden>/<hidden>/<hidden>/<hidden>/<hidden>
    SLICE_X12Y48         FDCE                                         r  rocketchip_wrapper/system/system_axi_interconnect_1_0/s00_couplers_imp_8CNLH6/system_axi_interconnect_1_imp_auto_pc_0/system_axi_interconnect_1_imp_auto_pc_0_axi_protocol_converter_v2_1_37_axi_protocol_converter/system_axi_interconnect_1_imp_auto_pc_0_axi_protocol_converter_v2_1_37_axi3_conv/system_axi_interconnect_1_imp_auto_pc_0_axi_protocol_converter_v2_1_37_a_axi3_conv/system_axi_interconnect_1_imp_auto_pc_0_axi_data_fifo_v2_1_36_axic_fifo/system_axi_interconnect_1_imp_auto_pc_0_axi_data_fifo_v2_1_36_fifo_gen/<hidden>/<hidden>/<hidden>/<hidden>/<hidden>/<hidden>
                         clock pessimism              0.517    31.827    
                         clock uncertainty           -0.082    31.745    
    SLICE_X12Y48         FDCE (Recov_fdce_C_CLR)     -0.361    31.384    rocketchip_wrapper/system/system_axi_interconnect_1_0/s00_couplers_imp_8CNLH6/system_axi_interconnect_1_imp_auto_pc_0/system_axi_interconnect_1_imp_auto_pc_0_axi_protocol_converter_v2_1_37_axi_protocol_converter/system_axi_interconnect_1_imp_auto_pc_0_axi_protocol_converter_v2_1_37_axi3_conv/system_axi_interconnect_1_imp_auto_pc_0_axi_protocol_converter_v2_1_37_a_axi3_conv/system_axi_interconnect_1_imp_auto_pc_0_axi_data_fifo_v2_1_36_axic_fifo/system_axi_interconnect_1_imp_auto_pc_0_axi_data_fifo_v2_1_36_fifo_gen/<hidden>/<hidden>/<hidden>/<hidden>/<hidden>/<hidden>
  -------------------------------------------------------------------
                         required time                         31.384    
                         arrival time                         -10.267    
  -------------------------------------------------------------------
                         slack                                 21.117    

Slack (MET) :             21.159ns  (required time - arrival time)
  Source:                 rocketchip_wrapper/system/system_axi_interconnect_1_0/s00_couplers_imp_8CNLH6/system_axi_interconnect_1_imp_auto_pc_0/system_axi_interconnect_1_imp_auto_pc_0_axi_protocol_converter_v2_1_37_axi_protocol_converter/system_axi_interconnect_1_imp_auto_pc_0_axi_protocol_converter_v2_1_37_axi3_conv/system_axi_interconnect_1_imp_auto_pc_0_axi_protocol_converter_v2_1_37_a_axi3_conv/system_axi_interconnect_1_imp_auto_pc_0_axi_data_fifo_v2_1_36_axic_fifo/system_axi_interconnect_1_imp_auto_pc_0_axi_data_fifo_v2_1_36_fifo_gen/<hidden>/<hidden>/<hidden>/<hidden>/<hidden>/<hidden>
                            (rising edge-triggered cell FDPE clocked by host_clk_i  {rise@0.000ns fall@12.500ns period=25.000ns})
  Destination:            rocketchip_wrapper/system/system_axi_interconnect_1_0/s00_couplers_imp_8CNLH6/system_axi_interconnect_1_imp_auto_pc_0/system_axi_interconnect_1_imp_auto_pc_0_axi_protocol_converter_v2_1_37_axi_protocol_converter/system_axi_interconnect_1_imp_auto_pc_0_axi_protocol_converter_v2_1_37_axi3_conv/system_axi_interconnect_1_imp_auto_pc_0_axi_protocol_converter_v2_1_37_a_axi3_conv/system_axi_interconnect_1_imp_auto_pc_0_axi_data_fifo_v2_1_36_axic_fifo/system_axi_interconnect_1_imp_auto_pc_0_axi_data_fifo_v2_1_36_fifo_gen/<hidden>/<hidden>/<hidden>/<hidden>/<hidden>/<hidden>
                            (recovery check against rising-edge clock host_clk_i  {rise@0.000ns fall@12.500ns period=25.000ns})
  Path Group:             **async_default**
  Path Type:              Recovery (Max at Slow Process Corner)
  Requirement:            25.000ns  (host_clk_i rise@25.000ns - host_clk_i rise@0.000ns)
  Data Path Delay:        3.381ns  (logic 0.773ns (22.864%)  route 2.608ns (77.136%))
  Logic Levels:           1  (LUT3=1)
  Clock Path Skew:        -0.060ns (DCD - SCD + CPR)
    Destination Clock Delay (DCD):    6.310ns = ( 31.310 - 25.000 ) 
    Source Clock Delay      (SCD):    6.887ns
    Clock Pessimism Removal (CPR):    0.517ns
  Clock Uncertainty:      0.082ns  ((TSJ^2 + DJ^2)^1/2) / 2 + PE
    Total System Jitter     (TSJ):    0.071ns
    Discrete Jitter          (DJ):    0.147ns
    Phase Error              (PE):    0.000ns

    Location             Delay type                Incr(ns)  Path(ns)    Netlist Resource(s)
  -------------------------------------------------------------------    -------------------
                         (clock host_clk_i rise edge)
                                                      0.000     0.000 r  
    H16                                               0.000     0.000 r  clk (IN)
                         net (fo=0)                   0.000     0.000    clk
    H16                  IBUF (Prop_ibuf_I_O)         1.451     1.451 r  ibufg_gclk/O
                         net (fo=1, routed)           1.285     2.736    gclk_i
    MMCME2_ADV_X1Y2      MMCME2_ADV (Prop_mmcme2_adv_CLKIN1_CLKOUT0)
                                                      0.088     2.824 r  MMCME2_BASE_inst/CLKOUT0
                         net (fo=1, routed)           2.206     5.030    host_clk_i
    BUFGCTRL_X0Y16       BUFG (Prop_bufg_I_O)         0.101     5.131 r  bufg_host_clk/O
                         net (fo=13302, routed)       1.756     6.887    rocketchip_wrapper/system/system_axi_interconnect_1_0/s00_couplers_imp_8CNLH6/system_axi_interconnect_1_imp_auto_pc_0/system_axi_interconnect_1_imp_auto_pc_0_axi_protocol_converter_v2_1_37_axi_protocol_converter/system_axi_interconnect_1_imp_auto_pc_0_axi_protocol_converter_v2_1_37_axi3_conv/system_axi_interconnect_1_imp_auto_pc_0_axi_protocol_converter_v2_1_37_a_axi3_conv/system_axi_interconnect_1_imp_auto_pc_0_axi_data_fifo_v2_1_36_axic_fifo/system_axi_interconnect_1_imp_auto_pc_0_axi_data_fifo_v2_1_36_fifo_gen/<hidden>/<hidden>/<hidden>/<hidden>/<hidden>/<hidden>
    SLICE_X16Y46         FDPE                                         r  rocketchip_wrapper/system/system_axi_interconnect_1_0/s00_couplers_imp_8CNLH6/system_axi_interconnect_1_imp_auto_pc_0/system_axi_interconnect_1_imp_auto_pc_0_axi_protocol_converter_v2_1_37_axi_protocol_converter/system_axi_interconnect_1_imp_auto_pc_0_axi_protocol_converter_v2_1_37_axi3_conv/system_axi_interconnect_1_imp_auto_pc_0_axi_protocol_converter_v2_1_37_a_axi3_conv/system_axi_interconnect_1_imp_auto_pc_0_axi_data_fifo_v2_1_36_axic_fifo/system_axi_interconnect_1_imp_auto_pc_0_axi_data_fifo_v2_1_36_fifo_gen/<hidden>/<hidden>/<hidden>/<hidden>/<hidden>/<hidden>
  -------------------------------------------------------------------    -------------------
    SLICE_X16Y46         FDPE (Prop_fdpe_C_Q)         0.478     7.365 f  rocketchip_wrapper/system/system_axi_interconnect_1_0/s00_couplers_imp_8CNLH6/system_axi_interconnect_1_imp_auto_pc_0/system_axi_interconnect_1_imp_auto_pc_0_axi_protocol_converter_v2_1_37_axi_protocol_converter/system_axi_interconnect_1_imp_auto_pc_0_axi_protocol_converter_v2_1_37_axi3_conv/system_axi_interconnect_1_imp_auto_pc_0_axi_protocol_converter_v2_1_37_a_axi3_conv/system_axi_interconnect_1_imp_auto_pc_0_axi_data_fifo_v2_1_36_axic_fifo/system_axi_interconnect_1_imp_auto_pc_0_axi_data_fifo_v2_1_36_fifo_gen/<hidden>/<hidden>/<hidden>/<hidden>/<hidden>/<hidden>
                         net (fo=3, routed)           1.170     8.535    rocketchip_wrapper/system/system_axi_interconnect_1_0/s00_couplers_imp_8CNLH6/system_axi_interconnect_1_imp_auto_pc_0/system_axi_interconnect_1_imp_auto_pc_0_axi_protocol_converter_v2_1_37_axi_protocol_converter/system_axi_interconnect_1_imp_auto_pc_0_axi_protocol_converter_v2_1_37_axi3_conv/system_axi_interconnect_1_imp_auto_pc_0_axi_protocol_converter_v2_1_37_a_axi3_conv/system_axi_interconnect_1_imp_auto_pc_0_axi_data_fifo_v2_1_36_axic_fifo/system_axi_interconnect_1_imp_auto_pc_0_axi_data_fifo_v2_1_36_fifo_gen/<hidden>/<hidden>/<hidden>/<hidden>/<hidden>
    SLICE_X15Y46         LUT3 (Prop_lut3_I2_O)        0.295     8.830 f  rocketchip_wrapper/system/system_axi_interconnect_1_0/s00_couplers_imp_8CNLH6/system_axi_interconnect_1_imp_auto_pc_0/system_axi_interconnect_1_imp_auto_pc_0_axi_protocol_converter_v2_1_37_axi_protocol_converter/system_axi_interconnect_1_imp_auto_pc_0_axi_protocol_converter_v2_1_37_axi3_conv/system_axi_interconnect_1_imp_auto_pc_0_axi_protocol_converter_v2_1_37_a_axi3_conv/system_axi_interconnect_1_imp_auto_pc_0_axi_data_fifo_v2_1_36_axic_fifo/system_axi_interconnect_1_imp_auto_pc_0_axi_data_fifo_v2_1_36_fifo_gen/<hidden>/<hidden>/<hidden>/<hidden>/<hidden>
                         net (fo=32, routed)          1.438    10.267    rocketchip_wrapper/system/system_axi_interconnect_1_0/s00_couplers_imp_8CNLH6/system_axi_interconnect_1_imp_auto_pc_0/system_axi_interconnect_1_imp_auto_pc_0_axi_protocol_converter_v2_1_37_axi_protocol_converter/system_axi_interconnect_1_imp_auto_pc_0_axi_protocol_converter_v2_1_37_axi3_conv/system_axi_interconnect_1_imp_auto_pc_0_axi_protocol_converter_v2_1_37_a_axi3_conv/system_axi_interconnect_1_imp_auto_pc_0_axi_data_fifo_v2_1_36_axic_fifo/system_axi_interconnect_1_imp_auto_pc_0_axi_data_fifo_v2_1_36_fifo_gen/<hidden>/<hidden>/<hidden>/<hidden>/<hidden>/<hidden>
    SLICE_X12Y48         FDCE                                         f  rocketchip_wrapper/system/system_axi_interconnect_1_0/s00_couplers_imp_8CNLH6/system_axi_interconnect_1_imp_auto_pc_0/system_axi_interconnect_1_imp_auto_pc_0_axi_protocol_converter_v2_1_37_axi_protocol_converter/system_axi_interconnect_1_imp_auto_pc_0_axi_protocol_converter_v2_1_37_axi3_conv/system_axi_interconnect_1_imp_auto_pc_0_axi_protocol_converter_v2_1_37_a_axi3_conv/system_axi_interconnect_1_imp_auto_pc_0_axi_data_fifo_v2_1_36_axic_fifo/system_axi_interconnect_1_imp_auto_pc_0_axi_data_fifo_v2_1_36_fifo_gen/<hidden>/<hidden>/<hidden>/<hidden>/<hidden>/<hidden>
  -------------------------------------------------------------------    -------------------

                         (clock host_clk_i rise edge)
                                                     25.000    25.000 r  
    H16                                               0.000    25.000 r  clk (IN)
                         net (fo=0)                   0.000    25.000    clk
    H16                  IBUF (Prop_ibuf_I_O)         1.380    26.380 r  ibufg_gclk/O
                         net (fo=1, routed)           1.162    27.542    gclk_i
    MMCME2_ADV_X1Y2      MMCME2_ADV (Prop_mmcme2_adv_CLKIN1_CLKOUT0)
                                                      0.083    27.625 r  MMCME2_BASE_inst/CLKOUT0
                         net (fo=1, routed)           2.012    29.637    host_clk_i
    BUFGCTRL_X0Y16       BUFG (Prop_bufg_I_O)         0.091    29.728 r  bufg_host_clk/O
                         net (fo=13302, routed)       1.581    31.310    rocketchip_wrapper/system/system_axi_interconnect_1_0/s00_couplers_imp_8CNLH6/system_axi_interconnect_1_imp_auto_pc_0/system_axi_interconnect_1_imp_auto_pc_0_axi_protocol_converter_v2_1_37_axi_protocol_converter/system_axi_interconnect_1_imp_auto_pc_0_axi_protocol_converter_v2_1_37_axi3_conv/system_axi_interconnect_1_imp_auto_pc_0_axi_protocol_converter_v2_1_37_a_axi3_conv/system_axi_interconnect_1_imp_auto_pc_0_axi_data_fifo_v2_1_36_axic_fifo/system_axi_interconnect_1_imp_auto_pc_0_axi_data_fifo_v2_1_36_fifo_gen/<hidden>/<hidden>/<hidden>/<hidden>/<hidden>/<hidden>
    SLICE_X12Y48         FDCE                                         r  rocketchip_wrapper/system/system_axi_interconnect_1_0/s00_couplers_imp_8CNLH6/system_axi_interconnect_1_imp_auto_pc_0/system_axi_interconnect_1_imp_auto_pc_0_axi_protocol_converter_v2_1_37_axi_protocol_converter/system_axi_interconnect_1_imp_auto_pc_0_axi_protocol_converter_v2_1_37_axi3_conv/system_axi_interconnect_1_imp_auto_pc_0_axi_protocol_converter_v2_1_37_a_axi3_conv/system_axi_interconnect_1_imp_auto_pc_0_axi_data_fifo_v2_1_36_axic_fifo/system_axi_interconnect_1_imp_auto_pc_0_axi_data_fifo_v2_1_36_fifo_gen/<hidden>/<hidden>/<hidden>/<hidden>/<hidden>/<hidden>
                         clock pessimism              0.517    31.827    
                         clock uncertainty           -0.082    31.745    
    SLICE_X12Y48         FDCE (Recov_fdce_C_CLR)     -0.319    31.426    rocketchip_wrapper/system/system_axi_interconnect_1_0/s00_couplers_imp_8CNLH6/system_axi_interconnect_1_imp_auto_pc_0/system_axi_interconnect_1_imp_auto_pc_0_axi_protocol_converter_v2_1_37_axi_protocol_converter/system_axi_interconnect_1_imp_auto_pc_0_axi_protocol_converter_v2_1_37_axi3_conv/system_axi_interconnect_1_imp_auto_pc_0_axi_protocol_converter_v2_1_37_a_axi3_conv/system_axi_interconnect_1_imp_auto_pc_0_axi_data_fifo_v2_1_36_axic_fifo/system_axi_interconnect_1_imp_auto_pc_0_axi_data_fifo_v2_1_36_fifo_gen/<hidden>/<hidden>/<hidden>/<hidden>/<hidden>/<hidden>
  -------------------------------------------------------------------
                         required time                         31.426    
                         arrival time                         -10.267    
  -------------------------------------------------------------------
                         slack                                 21.159    

Slack (MET) :             21.159ns  (required time - arrival time)
  Source:                 rocketchip_wrapper/system/system_axi_interconnect_1_0/s00_couplers_imp_8CNLH6/system_axi_interconnect_1_imp_auto_pc_0/system_axi_interconnect_1_imp_auto_pc_0_axi_protocol_converter_v2_1_37_axi_protocol_converter/system_axi_interconnect_1_imp_auto_pc_0_axi_protocol_converter_v2_1_37_axi3_conv/system_axi_interconnect_1_imp_auto_pc_0_axi_protocol_converter_v2_1_37_a_axi3_conv/system_axi_interconnect_1_imp_auto_pc_0_axi_data_fifo_v2_1_36_axic_fifo/system_axi_interconnect_1_imp_auto_pc_0_axi_data_fifo_v2_1_36_fifo_gen/<hidden>/<hidden>/<hidden>/<hidden>/<hidden>/<hidden>
                            (rising edge-triggered cell FDPE clocked by host_clk_i  {rise@0.000ns fall@12.500ns period=25.000ns})
  Destination:            rocketchip_wrapper/system/system_axi_interconnect_1_0/s00_couplers_imp_8CNLH6/system_axi_interconnect_1_imp_auto_pc_0/system_axi_interconnect_1_imp_auto_pc_0_axi_protocol_converter_v2_1_37_axi_protocol_converter/system_axi_interconnect_1_imp_auto_pc_0_axi_protocol_converter_v2_1_37_axi3_conv/system_axi_interconnect_1_imp_auto_pc_0_axi_protocol_converter_v2_1_37_a_axi3_conv/system_axi_interconnect_1_imp_auto_pc_0_axi_data_fifo_v2_1_36_axic_fifo/system_axi_interconnect_1_imp_auto_pc_0_axi_data_fifo_v2_1_36_fifo_gen/<hidden>/<hidden>/<hidden>/<hidden>/<hidden>/<hidden>
                            (recovery check against rising-edge clock host_clk_i  {rise@0.000ns fall@12.500ns period=25.000ns})
  Path Group:             **async_default**
  Path Type:              Recovery (Max at Slow Process Corner)
  Requirement:            25.000ns  (host_clk_i rise@25.000ns - host_clk_i rise@0.000ns)
  Data Path Delay:        3.381ns  (logic 0.773ns (22.864%)  route 2.608ns (77.136%))
  Logic Levels:           1  (LUT3=1)
  Clock Path Skew:        -0.060ns (DCD - SCD + CPR)
    Destination Clock Delay (DCD):    6.310ns = ( 31.310 - 25.000 ) 
    Source Clock Delay      (SCD):    6.887ns
    Clock Pessimism Removal (CPR):    0.517ns
  Clock Uncertainty:      0.082ns  ((TSJ^2 + DJ^2)^1/2) / 2 + PE
    Total System Jitter     (TSJ):    0.071ns
    Discrete Jitter          (DJ):    0.147ns
    Phase Error              (PE):    0.000ns

    Location             Delay type                Incr(ns)  Path(ns)    Netlist Resource(s)
  -------------------------------------------------------------------    -------------------
                         (clock host_clk_i rise edge)
                                                      0.000     0.000 r  
    H16                                               0.000     0.000 r  clk (IN)
                         net (fo=0)                   0.000     0.000    clk
    H16                  IBUF (Prop_ibuf_I_O)         1.451     1.451 r  ibufg_gclk/O
                         net (fo=1, routed)           1.285     2.736    gclk_i
    MMCME2_ADV_X1Y2      MMCME2_ADV (Prop_mmcme2_adv_CLKIN1_CLKOUT0)
                                                      0.088     2.824 r  MMCME2_BASE_inst/CLKOUT0
                         net (fo=1, routed)           2.206     5.030    host_clk_i
    BUFGCTRL_X0Y16       BUFG (Prop_bufg_I_O)         0.101     5.131 r  bufg_host_clk/O
                         net (fo=13302, routed)       1.756     6.887    rocketchip_wrapper/system/system_axi_interconnect_1_0/s00_couplers_imp_8CNLH6/system_axi_interconnect_1_imp_auto_pc_0/system_axi_interconnect_1_imp_auto_pc_0_axi_protocol_converter_v2_1_37_axi_protocol_converter/system_axi_interconnect_1_imp_auto_pc_0_axi_protocol_converter_v2_1_37_axi3_conv/system_axi_interconnect_1_imp_auto_pc_0_axi_protocol_converter_v2_1_37_a_axi3_conv/system_axi_interconnect_1_imp_auto_pc_0_axi_data_fifo_v2_1_36_axic_fifo/system_axi_interconnect_1_imp_auto_pc_0_axi_data_fifo_v2_1_36_fifo_gen/<hidden>/<hidden>/<hidden>/<hidden>/<hidden>/<hidden>
    SLICE_X16Y46         FDPE                                         r  rocketchip_wrapper/system/system_axi_interconnect_1_0/s00_couplers_imp_8CNLH6/system_axi_interconnect_1_imp_auto_pc_0/system_axi_interconnect_1_imp_auto_pc_0_axi_protocol_converter_v2_1_37_axi_protocol_converter/system_axi_interconnect_1_imp_auto_pc_0_axi_protocol_converter_v2_1_37_axi3_conv/system_axi_interconnect_1_imp_auto_pc_0_axi_protocol_converter_v2_1_37_a_axi3_conv/system_axi_interconnect_1_imp_auto_pc_0_axi_data_fifo_v2_1_36_axic_fifo/system_axi_interconnect_1_imp_auto_pc_0_axi_data_fifo_v2_1_36_fifo_gen/<hidden>/<hidden>/<hidden>/<hidden>/<hidden>/<hidden>
  -------------------------------------------------------------------    -------------------
    SLICE_X16Y46         FDPE (Prop_fdpe_C_Q)         0.478     7.365 f  rocketchip_wrapper/system/system_axi_interconnect_1_0/s00_couplers_imp_8CNLH6/system_axi_interconnect_1_imp_auto_pc_0/system_axi_interconnect_1_imp_auto_pc_0_axi_protocol_converter_v2_1_37_axi_protocol_converter/system_axi_interconnect_1_imp_auto_pc_0_axi_protocol_converter_v2_1_37_axi3_conv/system_axi_interconnect_1_imp_auto_pc_0_axi_protocol_converter_v2_1_37_a_axi3_conv/system_axi_interconnect_1_imp_auto_pc_0_axi_data_fifo_v2_1_36_axic_fifo/system_axi_interconnect_1_imp_auto_pc_0_axi_data_fifo_v2_1_36_fifo_gen/<hidden>/<hidden>/<hidden>/<hidden>/<hidden>/<hidden>
                         net (fo=3, routed)           1.170     8.535    rocketchip_wrapper/system/system_axi_interconnect_1_0/s00_couplers_imp_8CNLH6/system_axi_interconnect_1_imp_auto_pc_0/system_axi_interconnect_1_imp_auto_pc_0_axi_protocol_converter_v2_1_37_axi_protocol_converter/system_axi_interconnect_1_imp_auto_pc_0_axi_protocol_converter_v2_1_37_axi3_conv/system_axi_interconnect_1_imp_auto_pc_0_axi_protocol_converter_v2_1_37_a_axi3_conv/system_axi_interconnect_1_imp_auto_pc_0_axi_data_fifo_v2_1_36_axic_fifo/system_axi_interconnect_1_imp_auto_pc_0_axi_data_fifo_v2_1_36_fifo_gen/<hidden>/<hidden>/<hidden>/<hidden>/<hidden>
    SLICE_X15Y46         LUT3 (Prop_lut3_I2_O)        0.295     8.830 f  rocketchip_wrapper/system/system_axi_interconnect_1_0/s00_couplers_imp_8CNLH6/system_axi_interconnect_1_imp_auto_pc_0/system_axi_interconnect_1_imp_auto_pc_0_axi_protocol_converter_v2_1_37_axi_protocol_converter/system_axi_interconnect_1_imp_auto_pc_0_axi_protocol_converter_v2_1_37_axi3_conv/system_axi_interconnect_1_imp_auto_pc_0_axi_protocol_converter_v2_1_37_a_axi3_conv/system_axi_interconnect_1_imp_auto_pc_0_axi_data_fifo_v2_1_36_axic_fifo/system_axi_interconnect_1_imp_auto_pc_0_axi_data_fifo_v2_1_36_fifo_gen/<hidden>/<hidden>/<hidden>/<hidden>/<hidden>
                         net (fo=32, routed)          1.438    10.267    rocketchip_wrapper/system/system_axi_interconnect_1_0/s00_couplers_imp_8CNLH6/system_axi_interconnect_1_imp_auto_pc_0/system_axi_interconnect_1_imp_auto_pc_0_axi_protocol_converter_v2_1_37_axi_protocol_converter/system_axi_interconnect_1_imp_auto_pc_0_axi_protocol_converter_v2_1_37_axi3_conv/system_axi_interconnect_1_imp_auto_pc_0_axi_protocol_converter_v2_1_37_a_axi3_conv/system_axi_interconnect_1_imp_auto_pc_0_axi_data_fifo_v2_1_36_axic_fifo/system_axi_interconnect_1_imp_auto_pc_0_axi_data_fifo_v2_1_36_fifo_gen/<hidden>/<hidden>/<hidden>/<hidden>/<hidden>/<hidden>
    SLICE_X12Y48         FDCE                                         f  rocketchip_wrapper/system/system_axi_interconnect_1_0/s00_couplers_imp_8CNLH6/system_axi_interconnect_1_imp_auto_pc_0/system_axi_interconnect_1_imp_auto_pc_0_axi_protocol_converter_v2_1_37_axi_protocol_converter/system_axi_interconnect_1_imp_auto_pc_0_axi_protocol_converter_v2_1_37_axi3_conv/system_axi_interconnect_1_imp_auto_pc_0_axi_protocol_converter_v2_1_37_a_axi3_conv/system_axi_interconnect_1_imp_auto_pc_0_axi_data_fifo_v2_1_36_axic_fifo/system_axi_interconnect_1_imp_auto_pc_0_axi_data_fifo_v2_1_36_fifo_gen/<hidden>/<hidden>/<hidden>/<hidden>/<hidden>/<hidden>
  -------------------------------------------------------------------    -------------------

                         (clock host_clk_i rise edge)
                                                     25.000    25.000 r  
    H16                                               0.000    25.000 r  clk (IN)
                         net (fo=0)                   0.000    25.000    clk
    H16                  IBUF (Prop_ibuf_I_O)         1.380    26.380 r  ibufg_gclk/O
                         net (fo=1, routed)           1.162    27.542    gclk_i
    MMCME2_ADV_X1Y2      MMCME2_ADV (Prop_mmcme2_adv_CLKIN1_CLKOUT0)
                                                      0.083    27.625 r  MMCME2_BASE_inst/CLKOUT0
                         net (fo=1, routed)           2.012    29.637    host_clk_i
    BUFGCTRL_X0Y16       BUFG (Prop_bufg_I_O)         0.091    29.728 r  bufg_host_clk/O
                         net (fo=13302, routed)       1.581    31.310    rocketchip_wrapper/system/system_axi_interconnect_1_0/s00_couplers_imp_8CNLH6/system_axi_interconnect_1_imp_auto_pc_0/system_axi_interconnect_1_imp_auto_pc_0_axi_protocol_converter_v2_1_37_axi_protocol_converter/system_axi_interconnect_1_imp_auto_pc_0_axi_protocol_converter_v2_1_37_axi3_conv/system_axi_interconnect_1_imp_auto_pc_0_axi_protocol_converter_v2_1_37_a_axi3_conv/system_axi_interconnect_1_imp_auto_pc_0_axi_data_fifo_v2_1_36_axic_fifo/system_axi_interconnect_1_imp_auto_pc_0_axi_data_fifo_v2_1_36_fifo_gen/<hidden>/<hidden>/<hidden>/<hidden>/<hidden>/<hidden>
    SLICE_X12Y48         FDCE                                         r  rocketchip_wrapper/system/system_axi_interconnect_1_0/s00_couplers_imp_8CNLH6/system_axi_interconnect_1_imp_auto_pc_0/system_axi_interconnect_1_imp_auto_pc_0_axi_protocol_converter_v2_1_37_axi_protocol_converter/system_axi_interconnect_1_imp_auto_pc_0_axi_protocol_converter_v2_1_37_axi3_conv/system_axi_interconnect_1_imp_auto_pc_0_axi_protocol_converter_v2_1_37_a_axi3_conv/system_axi_interconnect_1_imp_auto_pc_0_axi_data_fifo_v2_1_36_axic_fifo/system_axi_interconnect_1_imp_auto_pc_0_axi_data_fifo_v2_1_36_fifo_gen/<hidden>/<hidden>/<hidden>/<hidden>/<hidden>/<hidden>
                         clock pessimism              0.517    31.827    
                         clock uncertainty           -0.082    31.745    
    SLICE_X12Y48         FDCE (Recov_fdce_C_CLR)     -0.319    31.426    rocketchip_wrapper/system/system_axi_interconnect_1_0/s00_couplers_imp_8CNLH6/system_axi_interconnect_1_imp_auto_pc_0/system_axi_interconnect_1_imp_auto_pc_0_axi_protocol_converter_v2_1_37_axi_protocol_converter/system_axi_interconnect_1_imp_auto_pc_0_axi_protocol_converter_v2_1_37_axi3_conv/system_axi_interconnect_1_imp_auto_pc_0_axi_protocol_converter_v2_1_37_a_axi3_conv/system_axi_interconnect_1_imp_auto_pc_0_axi_data_fifo_v2_1_36_axic_fifo/system_axi_interconnect_1_imp_auto_pc_0_axi_data_fifo_v2_1_36_fifo_gen/<hidden>/<hidden>/<hidden>/<hidden>/<hidden>/<hidden>
  -------------------------------------------------------------------
                         required time                         31.426    
                         arrival time                         -10.267    
  -------------------------------------------------------------------
                         slack                                 21.159    

Slack (MET) :             21.403ns  (required time - arrival time)
  Source:                 rocketchip_wrapper/system/system_axi_interconnect_1_0/s00_couplers_imp_8CNLH6/system_axi_interconnect_1_imp_auto_pc_0/system_axi_interconnect_1_imp_auto_pc_0_axi_protocol_converter_v2_1_37_axi_protocol_converter/system_axi_interconnect_1_imp_auto_pc_0_axi_protocol_converter_v2_1_37_axi3_conv/system_axi_interconnect_1_imp_auto_pc_0_axi_protocol_converter_v2_1_37_a_axi3_conv/system_axi_interconnect_1_imp_auto_pc_0_axi_data_fifo_v2_1_36_axic_fifo/system_axi_interconnect_1_imp_auto_pc_0_axi_data_fifo_v2_1_36_fifo_gen/<hidden>/<hidden>/<hidden>/<hidden>/<hidden>/<hidden>
                            (rising edge-triggered cell FDPE clocked by host_clk_i  {rise@0.000ns fall@12.500ns period=25.000ns})
  Destination:            rocketchip_wrapper/system/system_axi_interconnect_1_0/s00_couplers_imp_8CNLH6/system_axi_interconnect_1_imp_auto_pc_0/system_axi_interconnect_1_imp_auto_pc_0_axi_protocol_converter_v2_1_37_axi_protocol_converter/system_axi_interconnect_1_imp_auto_pc_0_axi_protocol_converter_v2_1_37_axi3_conv/system_axi_interconnect_1_imp_auto_pc_0_axi_protocol_converter_v2_1_37_a_axi3_conv/system_axi_interconnect_1_imp_auto_pc_0_axi_data_fifo_v2_1_36_axic_fifo/system_axi_interconnect_1_imp_auto_pc_0_axi_data_fifo_v2_1_36_fifo_gen/<hidden>/<hidden>/<hidden>/<hidden>/<hidden>/<hidden>
                            (recovery check against rising-edge clock host_clk_i  {rise@0.000ns fall@12.500ns period=25.000ns})
  Path Group:             **async_default**
  Path Type:              Recovery (Max at Slow Process Corner)
  Requirement:            25.000ns  (host_clk_i rise@25.000ns - host_clk_i rise@0.000ns)
  Data Path Delay:        3.051ns  (logic 0.773ns (25.339%)  route 2.278ns (74.660%))
  Logic Levels:           1  (LUT3=1)
  Clock Path Skew:        -0.060ns (DCD - SCD + CPR)
    Destination Clock Delay (DCD):    6.310ns = ( 31.310 - 25.000 ) 
    Source Clock Delay      (SCD):    6.887ns
    Clock Pessimism Removal (CPR):    0.517ns
  Clock Uncertainty:      0.082ns  ((TSJ^2 + DJ^2)^1/2) / 2 + PE
    Total System Jitter     (TSJ):    0.071ns
    Discrete Jitter          (DJ):    0.147ns
    Phase Error              (PE):    0.000ns

    Location             Delay type                Incr(ns)  Path(ns)    Netlist Resource(s)
  -------------------------------------------------------------------    -------------------
                         (clock host_clk_i rise edge)
                                                      0.000     0.000 r  
    H16                                               0.000     0.000 r  clk (IN)
                         net (fo=0)                   0.000     0.000    clk
    H16                  IBUF (Prop_ibuf_I_O)         1.451     1.451 r  ibufg_gclk/O
                         net (fo=1, routed)           1.285     2.736    gclk_i
    MMCME2_ADV_X1Y2      MMCME2_ADV (Prop_mmcme2_adv_CLKIN1_CLKOUT0)
                                                      0.088     2.824 r  MMCME2_BASE_inst/CLKOUT0
                         net (fo=1, routed)           2.206     5.030    host_clk_i
    BUFGCTRL_X0Y16       BUFG (Prop_bufg_I_O)         0.101     5.131 r  bufg_host_clk/O
                         net (fo=13302, routed)       1.756     6.887    rocketchip_wrapper/system/system_axi_interconnect_1_0/s00_couplers_imp_8CNLH6/system_axi_interconnect_1_imp_auto_pc_0/system_axi_interconnect_1_imp_auto_pc_0_axi_protocol_converter_v2_1_37_axi_protocol_converter/system_axi_interconnect_1_imp_auto_pc_0_axi_protocol_converter_v2_1_37_axi3_conv/system_axi_interconnect_1_imp_auto_pc_0_axi_protocol_converter_v2_1_37_a_axi3_conv/system_axi_interconnect_1_imp_auto_pc_0_axi_data_fifo_v2_1_36_axic_fifo/system_axi_interconnect_1_imp_auto_pc_0_axi_data_fifo_v2_1_36_fifo_gen/<hidden>/<hidden>/<hidden>/<hidden>/<hidden>/<hidden>
    SLICE_X16Y46         FDPE                                         r  rocketchip_wrapper/system/system_axi_interconnect_1_0/s00_couplers_imp_8CNLH6/system_axi_interconnect_1_imp_auto_pc_0/system_axi_interconnect_1_imp_auto_pc_0_axi_protocol_converter_v2_1_37_axi_protocol_converter/system_axi_interconnect_1_imp_auto_pc_0_axi_protocol_converter_v2_1_37_axi3_conv/system_axi_interconnect_1_imp_auto_pc_0_axi_protocol_converter_v2_1_37_a_axi3_conv/system_axi_interconnect_1_imp_auto_pc_0_axi_data_fifo_v2_1_36_axic_fifo/system_axi_interconnect_1_imp_auto_pc_0_axi_data_fifo_v2_1_36_fifo_gen/<hidden>/<hidden>/<hidden>/<hidden>/<hidden>/<hidden>
  -------------------------------------------------------------------    -------------------
    SLICE_X16Y46         FDPE (Prop_fdpe_C_Q)         0.478     7.365 f  rocketchip_wrapper/system/system_axi_interconnect_1_0/s00_couplers_imp_8CNLH6/system_axi_interconnect_1_imp_auto_pc_0/system_axi_interconnect_1_imp_auto_pc_0_axi_protocol_converter_v2_1_37_axi_protocol_converter/system_axi_interconnect_1_imp_auto_pc_0_axi_protocol_converter_v2_1_37_axi3_conv/system_axi_interconnect_1_imp_auto_pc_0_axi_protocol_converter_v2_1_37_a_axi3_conv/system_axi_interconnect_1_imp_auto_pc_0_axi_data_fifo_v2_1_36_axic_fifo/system_axi_interconnect_1_imp_auto_pc_0_axi_data_fifo_v2_1_36_fifo_gen/<hidden>/<hidden>/<hidden>/<hidden>/<hidden>/<hidden>
                         net (fo=3, routed)           1.170     8.535    rocketchip_wrapper/system/system_axi_interconnect_1_0/s00_couplers_imp_8CNLH6/system_axi_interconnect_1_imp_auto_pc_0/system_axi_interconnect_1_imp_auto_pc_0_axi_protocol_converter_v2_1_37_axi_protocol_converter/system_axi_interconnect_1_imp_auto_pc_0_axi_protocol_converter_v2_1_37_axi3_conv/system_axi_interconnect_1_imp_auto_pc_0_axi_protocol_converter_v2_1_37_a_axi3_conv/system_axi_interconnect_1_imp_auto_pc_0_axi_data_fifo_v2_1_36_axic_fifo/system_axi_interconnect_1_imp_auto_pc_0_axi_data_fifo_v2_1_36_fifo_gen/<hidden>/<hidden>/<hidden>/<hidden>/<hidden>
    SLICE_X15Y46         LUT3 (Prop_lut3_I2_O)        0.295     8.830 f  rocketchip_wrapper/system/system_axi_interconnect_1_0/s00_couplers_imp_8CNLH6/system_axi_interconnect_1_imp_auto_pc_0/system_axi_interconnect_1_imp_auto_pc_0_axi_protocol_converter_v2_1_37_axi_protocol_converter/system_axi_interconnect_1_imp_auto_pc_0_axi_protocol_converter_v2_1_37_axi3_conv/system_axi_interconnect_1_imp_auto_pc_0_axi_protocol_converter_v2_1_37_a_axi3_conv/system_axi_interconnect_1_imp_auto_pc_0_axi_data_fifo_v2_1_36_axic_fifo/system_axi_interconnect_1_imp_auto_pc_0_axi_data_fifo_v2_1_36_fifo_gen/<hidden>/<hidden>/<hidden>/<hidden>/<hidden>
                         net (fo=32, routed)          1.107     9.937    rocketchip_wrapper/system/system_axi_interconnect_1_0/s00_couplers_imp_8CNLH6/system_axi_interconnect_1_imp_auto_pc_0/system_axi_interconnect_1_imp_auto_pc_0_axi_protocol_converter_v2_1_37_axi_protocol_converter/system_axi_interconnect_1_imp_auto_pc_0_axi_protocol_converter_v2_1_37_axi3_conv/system_axi_interconnect_1_imp_auto_pc_0_axi_protocol_converter_v2_1_37_a_axi3_conv/system_axi_interconnect_1_imp_auto_pc_0_axi_data_fifo_v2_1_36_axic_fifo/system_axi_interconnect_1_imp_auto_pc_0_axi_data_fifo_v2_1_36_fifo_gen/<hidden>/<hidden>/<hidden>/<hidden>/<hidden>/<hidden>
    SLICE_X15Y48         FDCE                                         f  rocketchip_wrapper/system/system_axi_interconnect_1_0/s00_couplers_imp_8CNLH6/system_axi_interconnect_1_imp_auto_pc_0/system_axi_interconnect_1_imp_auto_pc_0_axi_protocol_converter_v2_1_37_axi_protocol_converter/system_axi_interconnect_1_imp_auto_pc_0_axi_protocol_converter_v2_1_37_axi3_conv/system_axi_interconnect_1_imp_auto_pc_0_axi_protocol_converter_v2_1_37_a_axi3_conv/system_axi_interconnect_1_imp_auto_pc_0_axi_data_fifo_v2_1_36_axic_fifo/system_axi_interconnect_1_imp_auto_pc_0_axi_data_fifo_v2_1_36_fifo_gen/<hidden>/<hidden>/<hidden>/<hidden>/<hidden>/<hidden>
  -------------------------------------------------------------------    -------------------

                         (clock host_clk_i rise edge)
                                                     25.000    25.000 r  
    H16                                               0.000    25.000 r  clk (IN)
                         net (fo=0)                   0.000    25.000    clk
    H16                  IBUF (Prop_ibuf_I_O)         1.380    26.380 r  ibufg_gclk/O
                         net (fo=1, routed)           1.162    27.542    gclk_i
    MMCME2_ADV_X1Y2      MMCME2_ADV (Prop_mmcme2_adv_CLKIN1_CLKOUT0)
                                                      0.083    27.625 r  MMCME2_BASE_inst/CLKOUT0
                         net (fo=1, routed)           2.012    29.637    host_clk_i
    BUFGCTRL_X0Y16       BUFG (Prop_bufg_I_O)         0.091    29.728 r  bufg_host_clk/O
                         net (fo=13302, routed)       1.581    31.310    rocketchip_wrapper/system/system_axi_interconnect_1_0/s00_couplers_imp_8CNLH6/system_axi_interconnect_1_imp_auto_pc_0/system_axi_interconnect_1_imp_auto_pc_0_axi_protocol_converter_v2_1_37_axi_protocol_converter/system_axi_interconnect_1_imp_auto_pc_0_axi_protocol_converter_v2_1_37_axi3_conv/system_axi_interconnect_1_imp_auto_pc_0_axi_protocol_converter_v2_1_37_a_axi3_conv/system_axi_interconnect_1_imp_auto_pc_0_axi_data_fifo_v2_1_36_axic_fifo/system_axi_interconnect_1_imp_auto_pc_0_axi_data_fifo_v2_1_36_fifo_gen/<hidden>/<hidden>/<hidden>/<hidden>/<hidden>/<hidden>
    SLICE_X15Y48         FDCE                                         r  rocketchip_wrapper/system/system_axi_interconnect_1_0/s00_couplers_imp_8CNLH6/system_axi_interconnect_1_imp_auto_pc_0/system_axi_interconnect_1_imp_auto_pc_0_axi_protocol_converter_v2_1_37_axi_protocol_converter/system_axi_interconnect_1_imp_auto_pc_0_axi_protocol_converter_v2_1_37_axi3_conv/system_axi_interconnect_1_imp_auto_pc_0_axi_protocol_converter_v2_1_37_a_axi3_conv/system_axi_interconnect_1_imp_auto_pc_0_axi_data_fifo_v2_1_36_axic_fifo/system_axi_interconnect_1_imp_auto_pc_0_axi_data_fifo_v2_1_36_fifo_gen/<hidden>/<hidden>/<hidden>/<hidden>/<hidden>/<hidden>
                         clock pessimism              0.517    31.827    
                         clock uncertainty           -0.082    31.745    
    SLICE_X15Y48         FDCE (Recov_fdce_C_CLR)     -0.405    31.340    rocketchip_wrapper/system/system_axi_interconnect_1_0/s00_couplers_imp_8CNLH6/system_axi_interconnect_1_imp_auto_pc_0/system_axi_interconnect_1_imp_auto_pc_0_axi_protocol_converter_v2_1_37_axi_protocol_converter/system_axi_interconnect_1_imp_auto_pc_0_axi_protocol_converter_v2_1_37_axi3_conv/system_axi_interconnect_1_imp_auto_pc_0_axi_protocol_converter_v2_1_37_a_axi3_conv/system_axi_interconnect_1_imp_auto_pc_0_axi_data_fifo_v2_1_36_axic_fifo/system_axi_interconnect_1_imp_auto_pc_0_axi_data_fifo_v2_1_36_fifo_gen/<hidden>/<hidden>/<hidden>/<hidden>/<hidden>/<hidden>
  -------------------------------------------------------------------
                         required time                         31.340    
                         arrival time                          -9.937    
  -------------------------------------------------------------------
                         slack                                 21.403    

Slack (MET) :             21.449ns  (required time - arrival time)
  Source:                 rocketchip_wrapper/system/system_axi_interconnect_1_0/s00_couplers_imp_8CNLH6/system_axi_interconnect_1_imp_auto_pc_0/system_axi_interconnect_1_imp_auto_pc_0_axi_protocol_converter_v2_1_37_axi_protocol_converter/system_axi_interconnect_1_imp_auto_pc_0_axi_protocol_converter_v2_1_37_axi3_conv/system_axi_interconnect_1_imp_auto_pc_0_axi_protocol_converter_v2_1_37_a_axi3_conv/system_axi_interconnect_1_imp_auto_pc_0_axi_data_fifo_v2_1_36_axic_fifo/system_axi_interconnect_1_imp_auto_pc_0_axi_data_fifo_v2_1_36_fifo_gen/<hidden>/<hidden>/<hidden>/<hidden>/<hidden>/<hidden>
                            (rising edge-triggered cell FDPE clocked by host_clk_i  {rise@0.000ns fall@12.500ns period=25.000ns})
  Destination:            rocketchip_wrapper/system/system_axi_interconnect_1_0/s00_couplers_imp_8CNLH6/system_axi_interconnect_1_imp_auto_pc_0/system_axi_interconnect_1_imp_auto_pc_0_axi_protocol_converter_v2_1_37_axi_protocol_converter/system_axi_interconnect_1_imp_auto_pc_0_axi_protocol_converter_v2_1_37_axi3_conv/system_axi_interconnect_1_imp_auto_pc_0_axi_protocol_converter_v2_1_37_a_axi3_conv/system_axi_interconnect_1_imp_auto_pc_0_axi_data_fifo_v2_1_36_axic_fifo/system_axi_interconnect_1_imp_auto_pc_0_axi_data_fifo_v2_1_36_fifo_gen/<hidden>/<hidden>/<hidden>/<hidden>/<hidden>/<hidden>
                            (recovery check against rising-edge clock host_clk_i  {rise@0.000ns fall@12.500ns period=25.000ns})
  Path Group:             **async_default**
  Path Type:              Recovery (Max at Slow Process Corner)
  Requirement:            25.000ns  (host_clk_i rise@25.000ns - host_clk_i rise@0.000ns)
  Data Path Delay:        3.051ns  (logic 0.773ns (25.339%)  route 2.278ns (74.660%))
  Logic Levels:           1  (LUT3=1)
  Clock Path Skew:        -0.060ns (DCD - SCD + CPR)
    Destination Clock Delay (DCD):    6.310ns = ( 31.310 - 25.000 ) 
    Source Clock Delay      (SCD):    6.887ns
    Clock Pessimism Removal (CPR):    0.517ns
  Clock Uncertainty:      0.082ns  ((TSJ^2 + DJ^2)^1/2) / 2 + PE
    Total System Jitter     (TSJ):    0.071ns
    Discrete Jitter          (DJ):    0.147ns
    Phase Error              (PE):    0.000ns

    Location             Delay type                Incr(ns)  Path(ns)    Netlist Resource(s)
  -------------------------------------------------------------------    -------------------
                         (clock host_clk_i rise edge)
                                                      0.000     0.000 r  
    H16                                               0.000     0.000 r  clk (IN)
                         net (fo=0)                   0.000     0.000    clk
    H16                  IBUF (Prop_ibuf_I_O)         1.451     1.451 r  ibufg_gclk/O
                         net (fo=1, routed)           1.285     2.736    gclk_i
    MMCME2_ADV_X1Y2      MMCME2_ADV (Prop_mmcme2_adv_CLKIN1_CLKOUT0)
                                                      0.088     2.824 r  MMCME2_BASE_inst/CLKOUT0
                         net (fo=1, routed)           2.206     5.030    host_clk_i
    BUFGCTRL_X0Y16       BUFG (Prop_bufg_I_O)         0.101     5.131 r  bufg_host_clk/O
                         net (fo=13302, routed)       1.756     6.887    rocketchip_wrapper/system/system_axi_interconnect_1_0/s00_couplers_imp_8CNLH6/system_axi_interconnect_1_imp_auto_pc_0/system_axi_interconnect_1_imp_auto_pc_0_axi_protocol_converter_v2_1_37_axi_protocol_converter/system_axi_interconnect_1_imp_auto_pc_0_axi_protocol_converter_v2_1_37_axi3_conv/system_axi_interconnect_1_imp_auto_pc_0_axi_protocol_converter_v2_1_37_a_axi3_conv/system_axi_interconnect_1_imp_auto_pc_0_axi_data_fifo_v2_1_36_axic_fifo/system_axi_interconnect_1_imp_auto_pc_0_axi_data_fifo_v2_1_36_fifo_gen/<hidden>/<hidden>/<hidden>/<hidden>/<hidden>/<hidden>
    SLICE_X16Y46         FDPE                                         r  rocketchip_wrapper/system/system_axi_interconnect_1_0/s00_couplers_imp_8CNLH6/system_axi_interconnect_1_imp_auto_pc_0/system_axi_interconnect_1_imp_auto_pc_0_axi_protocol_converter_v2_1_37_axi_protocol_converter/system_axi_interconnect_1_imp_auto_pc_0_axi_protocol_converter_v2_1_37_axi3_conv/system_axi_interconnect_1_imp_auto_pc_0_axi_protocol_converter_v2_1_37_a_axi3_conv/system_axi_interconnect_1_imp_auto_pc_0_axi_data_fifo_v2_1_36_axic_fifo/system_axi_interconnect_1_imp_auto_pc_0_axi_data_fifo_v2_1_36_fifo_gen/<hidden>/<hidden>/<hidden>/<hidden>/<hidden>/<hidden>
  -------------------------------------------------------------------    -------------------
    SLICE_X16Y46         FDPE (Prop_fdpe_C_Q)         0.478     7.365 f  rocketchip_wrapper/system/system_axi_interconnect_1_0/s00_couplers_imp_8CNLH6/system_axi_interconnect_1_imp_auto_pc_0/system_axi_interconnect_1_imp_auto_pc_0_axi_protocol_converter_v2_1_37_axi_protocol_converter/system_axi_interconnect_1_imp_auto_pc_0_axi_protocol_converter_v2_1_37_axi3_conv/system_axi_interconnect_1_imp_auto_pc_0_axi_protocol_converter_v2_1_37_a_axi3_conv/system_axi_interconnect_1_imp_auto_pc_0_axi_data_fifo_v2_1_36_axic_fifo/system_axi_interconnect_1_imp_auto_pc_0_axi_data_fifo_v2_1_36_fifo_gen/<hidden>/<hidden>/<hidden>/<hidden>/<hidden>/<hidden>
                         net (fo=3, routed)           1.170     8.535    rocketchip_wrapper/system/system_axi_interconnect_1_0/s00_couplers_imp_8CNLH6/system_axi_interconnect_1_imp_auto_pc_0/system_axi_interconnect_1_imp_auto_pc_0_axi_protocol_converter_v2_1_37_axi_protocol_converter/system_axi_interconnect_1_imp_auto_pc_0_axi_protocol_converter_v2_1_37_axi3_conv/system_axi_interconnect_1_imp_auto_pc_0_axi_protocol_converter_v2_1_37_a_axi3_conv/system_axi_interconnect_1_imp_auto_pc_0_axi_data_fifo_v2_1_36_axic_fifo/system_axi_interconnect_1_imp_auto_pc_0_axi_data_fifo_v2_1_36_fifo_gen/<hidden>/<hidden>/<hidden>/<hidden>/<hidden>
    SLICE_X15Y46         LUT3 (Prop_lut3_I2_O)        0.295     8.830 f  rocketchip_wrapper/system/system_axi_interconnect_1_0/s00_couplers_imp_8CNLH6/system_axi_interconnect_1_imp_auto_pc_0/system_axi_interconnect_1_imp_auto_pc_0_axi_protocol_converter_v2_1_37_axi_protocol_converter/system_axi_interconnect_1_imp_auto_pc_0_axi_protocol_converter_v2_1_37_axi3_conv/system_axi_interconnect_1_imp_auto_pc_0_axi_protocol_converter_v2_1_37_a_axi3_conv/system_axi_interconnect_1_imp_auto_pc_0_axi_data_fifo_v2_1_36_axic_fifo/system_axi_interconnect_1_imp_auto_pc_0_axi_data_fifo_v2_1_36_fifo_gen/<hidden>/<hidden>/<hidden>/<hidden>/<hidden>
                         net (fo=32, routed)          1.107     9.937    rocketchip_wrapper/system/system_axi_interconnect_1_0/s00_couplers_imp_8CNLH6/system_axi_interconnect_1_imp_auto_pc_0/system_axi_interconnect_1_imp_auto_pc_0_axi_protocol_converter_v2_1_37_axi_protocol_converter/system_axi_interconnect_1_imp_auto_pc_0_axi_protocol_converter_v2_1_37_axi3_conv/system_axi_interconnect_1_imp_auto_pc_0_axi_protocol_converter_v2_1_37_a_axi3_conv/system_axi_interconnect_1_imp_auto_pc_0_axi_data_fifo_v2_1_36_axic_fifo/system_axi_interconnect_1_imp_auto_pc_0_axi_data_fifo_v2_1_36_fifo_gen/<hidden>/<hidden>/<hidden>/<hidden>/<hidden>/<hidden>
    SLICE_X15Y48         FDPE                                         f  rocketchip_wrapper/system/system_axi_interconnect_1_0/s00_couplers_imp_8CNLH6/system_axi_interconnect_1_imp_auto_pc_0/system_axi_interconnect_1_imp_auto_pc_0_axi_protocol_converter_v2_1_37_axi_protocol_converter/system_axi_interconnect_1_imp_auto_pc_0_axi_protocol_converter_v2_1_37_axi3_conv/system_axi_interconnect_1_imp_auto_pc_0_axi_protocol_converter_v2_1_37_a_axi3_conv/system_axi_interconnect_1_imp_auto_pc_0_axi_data_fifo_v2_1_36_axic_fifo/system_axi_interconnect_1_imp_auto_pc_0_axi_data_fifo_v2_1_36_fifo_gen/<hidden>/<hidden>/<hidden>/<hidden>/<hidden>/<hidden>
  -------------------------------------------------------------------    -------------------

                         (clock host_clk_i rise edge)
                                                     25.000    25.000 r  
    H16                                               0.000    25.000 r  clk (IN)
                         net (fo=0)                   0.000    25.000    clk
    H16                  IBUF (Prop_ibuf_I_O)         1.380    26.380 r  ibufg_gclk/O
                         net (fo=1, routed)           1.162    27.542    gclk_i
    MMCME2_ADV_X1Y2      MMCME2_ADV (Prop_mmcme2_adv_CLKIN1_CLKOUT0)
                                                      0.083    27.625 r  MMCME2_BASE_inst/CLKOUT0
                         net (fo=1, routed)           2.012    29.637    host_clk_i
    BUFGCTRL_X0Y16       BUFG (Prop_bufg_I_O)         0.091    29.728 r  bufg_host_clk/O
                         net (fo=13302, routed)       1.581    31.310    rocketchip_wrapper/system/system_axi_interconnect_1_0/s00_couplers_imp_8CNLH6/system_axi_interconnect_1_imp_auto_pc_0/system_axi_interconnect_1_imp_auto_pc_0_axi_protocol_converter_v2_1_37_axi_protocol_converter/system_axi_interconnect_1_imp_auto_pc_0_axi_protocol_converter_v2_1_37_axi3_conv/system_axi_interconnect_1_imp_auto_pc_0_axi_protocol_converter_v2_1_37_a_axi3_conv/system_axi_interconnect_1_imp_auto_pc_0_axi_data_fifo_v2_1_36_axic_fifo/system_axi_interconnect_1_imp_auto_pc_0_axi_data_fifo_v2_1_36_fifo_gen/<hidden>/<hidden>/<hidden>/<hidden>/<hidden>/<hidden>
    SLICE_X15Y48         FDPE                                         r  rocketchip_wrapper/system/system_axi_interconnect_1_0/s00_couplers_imp_8CNLH6/system_axi_interconnect_1_imp_auto_pc_0/system_axi_interconnect_1_imp_auto_pc_0_axi_protocol_converter_v2_1_37_axi_protocol_converter/system_axi_interconnect_1_imp_auto_pc_0_axi_protocol_converter_v2_1_37_axi3_conv/system_axi_interconnect_1_imp_auto_pc_0_axi_protocol_converter_v2_1_37_a_axi3_conv/system_axi_interconnect_1_imp_auto_pc_0_axi_data_fifo_v2_1_36_axic_fifo/system_axi_interconnect_1_imp_auto_pc_0_axi_data_fifo_v2_1_36_fifo_gen/<hidden>/<hidden>/<hidden>/<hidden>/<hidden>/<hidden>
                         clock pessimism              0.517    31.827    
                         clock uncertainty           -0.082    31.745    
    SLICE_X15Y48         FDPE (Recov_fdpe_C_PRE)     -0.359    31.386    rocketchip_wrapper/system/system_axi_interconnect_1_0/s00_couplers_imp_8CNLH6/system_axi_interconnect_1_imp_auto_pc_0/system_axi_interconnect_1_imp_auto_pc_0_axi_protocol_converter_v2_1_37_axi_protocol_converter/system_axi_interconnect_1_imp_auto_pc_0_axi_protocol_converter_v2_1_37_axi3_conv/system_axi_interconnect_1_imp_auto_pc_0_axi_protocol_converter_v2_1_37_a_axi3_conv/system_axi_interconnect_1_imp_auto_pc_0_axi_data_fifo_v2_1_36_axic_fifo/system_axi_interconnect_1_imp_auto_pc_0_axi_data_fifo_v2_1_36_fifo_gen/<hidden>/<hidden>/<hidden>/<hidden>/<hidden>/<hidden>
  -------------------------------------------------------------------
                         required time                         31.386    
                         arrival time                          -9.937    
  -------------------------------------------------------------------
                         slack                                 21.449    

Slack (MET) :             21.571ns  (required time - arrival time)
  Source:                 rocketchip_wrapper/system/system_axi_interconnect_1_0/s00_couplers_imp_8CNLH6/system_axi_interconnect_1_imp_auto_pc_0/system_axi_interconnect_1_imp_auto_pc_0_axi_protocol_converter_v2_1_37_axi_protocol_converter/system_axi_interconnect_1_imp_auto_pc_0_axi_protocol_converter_v2_1_37_axi3_conv/system_axi_interconnect_1_imp_auto_pc_0_axi_protocol_converter_v2_1_37_a_axi3_conv/system_axi_interconnect_1_imp_auto_pc_0_axi_data_fifo_v2_1_36_axic_fifo/system_axi_interconnect_1_imp_auto_pc_0_axi_data_fifo_v2_1_36_fifo_gen/<hidden>/<hidden>/<hidden>/<hidden>/<hidden>/<hidden>
                            (rising edge-triggered cell FDPE clocked by host_clk_i  {rise@0.000ns fall@12.500ns period=25.000ns})
  Destination:            rocketchip_wrapper/system/system_axi_interconnect_1_0/s00_couplers_imp_8CNLH6/system_axi_interconnect_1_imp_auto_pc_0/system_axi_interconnect_1_imp_auto_pc_0_axi_protocol_converter_v2_1_37_axi_protocol_converter/system_axi_interconnect_1_imp_auto_pc_0_axi_protocol_converter_v2_1_37_axi3_conv/system_axi_interconnect_1_imp_auto_pc_0_axi_protocol_converter_v2_1_37_a_axi3_conv/system_axi_interconnect_1_imp_auto_pc_0_axi_data_fifo_v2_1_36_axic_fifo/system_axi_interconnect_1_imp_auto_pc_0_axi_data_fifo_v2_1_36_fifo_gen/<hidden>/<hidden>/<hidden>/<hidden>/<hidden>/<hidden>
                            (recovery check against rising-edge clock host_clk_i  {rise@0.000ns fall@12.500ns period=25.000ns})
  Path Group:             **async_default**
  Path Type:              Recovery (Max at Slow Process Corner)
  Requirement:            25.000ns  (host_clk_i rise@25.000ns - host_clk_i rise@0.000ns)
  Data Path Delay:        2.883ns  (logic 0.773ns (26.816%)  route 2.110ns (73.184%))
  Logic Levels:           1  (LUT3=1)
  Clock Path Skew:        -0.060ns (DCD - SCD + CPR)
    Destination Clock Delay (DCD):    6.310ns = ( 31.310 - 25.000 ) 
    Source Clock Delay      (SCD):    6.887ns
    Clock Pessimism Removal (CPR):    0.517ns
  Clock Uncertainty:      0.082ns  ((TSJ^2 + DJ^2)^1/2) / 2 + PE
    Total System Jitter     (TSJ):    0.071ns
    Discrete Jitter          (DJ):    0.147ns
    Phase Error              (PE):    0.000ns

    Location             Delay type                Incr(ns)  Path(ns)    Netlist Resource(s)
  -------------------------------------------------------------------    -------------------
                         (clock host_clk_i rise edge)
                                                      0.000     0.000 r  
    H16                                               0.000     0.000 r  clk (IN)
                         net (fo=0)                   0.000     0.000    clk
    H16                  IBUF (Prop_ibuf_I_O)         1.451     1.451 r  ibufg_gclk/O
                         net (fo=1, routed)           1.285     2.736    gclk_i
    MMCME2_ADV_X1Y2      MMCME2_ADV (Prop_mmcme2_adv_CLKIN1_CLKOUT0)
                                                      0.088     2.824 r  MMCME2_BASE_inst/CLKOUT0
                         net (fo=1, routed)           2.206     5.030    host_clk_i
    BUFGCTRL_X0Y16       BUFG (Prop_bufg_I_O)         0.101     5.131 r  bufg_host_clk/O
                         net (fo=13302, routed)       1.756     6.887    rocketchip_wrapper/system/system_axi_interconnect_1_0/s00_couplers_imp_8CNLH6/system_axi_interconnect_1_imp_auto_pc_0/system_axi_interconnect_1_imp_auto_pc_0_axi_protocol_converter_v2_1_37_axi_protocol_converter/system_axi_interconnect_1_imp_auto_pc_0_axi_protocol_converter_v2_1_37_axi3_conv/system_axi_interconnect_1_imp_auto_pc_0_axi_protocol_converter_v2_1_37_a_axi3_conv/system_axi_interconnect_1_imp_auto_pc_0_axi_data_fifo_v2_1_36_axic_fifo/system_axi_interconnect_1_imp_auto_pc_0_axi_data_fifo_v2_1_36_fifo_gen/<hidden>/<hidden>/<hidden>/<hidden>/<hidden>/<hidden>
    SLICE_X16Y46         FDPE                                         r  rocketchip_wrapper/system/system_axi_interconnect_1_0/s00_couplers_imp_8CNLH6/system_axi_interconnect_1_imp_auto_pc_0/system_axi_interconnect_1_imp_auto_pc_0_axi_protocol_converter_v2_1_37_axi_protocol_converter/system_axi_interconnect_1_imp_auto_pc_0_axi_protocol_converter_v2_1_37_axi3_conv/system_axi_interconnect_1_imp_auto_pc_0_axi_protocol_converter_v2_1_37_a_axi3_conv/system_axi_interconnect_1_imp_auto_pc_0_axi_data_fifo_v2_1_36_axic_fifo/system_axi_interconnect_1_imp_auto_pc_0_axi_data_fifo_v2_1_36_fifo_gen/<hidden>/<hidden>/<hidden>/<hidden>/<hidden>/<hidden>
  -------------------------------------------------------------------    -------------------
    SLICE_X16Y46         FDPE (Prop_fdpe_C_Q)         0.478     7.365 f  rocketchip_wrapper/system/system_axi_interconnect_1_0/s00_couplers_imp_8CNLH6/system_axi_interconnect_1_imp_auto_pc_0/system_axi_interconnect_1_imp_auto_pc_0_axi_protocol_converter_v2_1_37_axi_protocol_converter/system_axi_interconnect_1_imp_auto_pc_0_axi_protocol_converter_v2_1_37_axi3_conv/system_axi_interconnect_1_imp_auto_pc_0_axi_protocol_converter_v2_1_37_a_axi3_conv/system_axi_interconnect_1_imp_auto_pc_0_axi_data_fifo_v2_1_36_axic_fifo/system_axi_interconnect_1_imp_auto_pc_0_axi_data_fifo_v2_1_36_fifo_gen/<hidden>/<hidden>/<hidden>/<hidden>/<hidden>/<hidden>
                         net (fo=3, routed)           1.170     8.535    rocketchip_wrapper/system/system_axi_interconnect_1_0/s00_couplers_imp_8CNLH6/system_axi_interconnect_1_imp_auto_pc_0/system_axi_interconnect_1_imp_auto_pc_0_axi_protocol_converter_v2_1_37_axi_protocol_converter/system_axi_interconnect_1_imp_auto_pc_0_axi_protocol_converter_v2_1_37_axi3_conv/system_axi_interconnect_1_imp_auto_pc_0_axi_protocol_converter_v2_1_37_a_axi3_conv/system_axi_interconnect_1_imp_auto_pc_0_axi_data_fifo_v2_1_36_axic_fifo/system_axi_interconnect_1_imp_auto_pc_0_axi_data_fifo_v2_1_36_fifo_gen/<hidden>/<hidden>/<hidden>/<hidden>/<hidden>
    SLICE_X15Y46         LUT3 (Prop_lut3_I2_O)        0.295     8.830 f  rocketchip_wrapper/system/system_axi_interconnect_1_0/s00_couplers_imp_8CNLH6/system_axi_interconnect_1_imp_auto_pc_0/system_axi_interconnect_1_imp_auto_pc_0_axi_protocol_converter_v2_1_37_axi_protocol_converter/system_axi_interconnect_1_imp_auto_pc_0_axi_protocol_converter_v2_1_37_axi3_conv/system_axi_interconnect_1_imp_auto_pc_0_axi_protocol_converter_v2_1_37_a_axi3_conv/system_axi_interconnect_1_imp_auto_pc_0_axi_data_fifo_v2_1_36_axic_fifo/system_axi_interconnect_1_imp_auto_pc_0_axi_data_fifo_v2_1_36_fifo_gen/<hidden>/<hidden>/<hidden>/<hidden>/<hidden>
                         net (fo=32, routed)          0.939     9.769    rocketchip_wrapper/system/system_axi_interconnect_1_0/s00_couplers_imp_8CNLH6/system_axi_interconnect_1_imp_auto_pc_0/system_axi_interconnect_1_imp_auto_pc_0_axi_protocol_converter_v2_1_37_axi_protocol_converter/system_axi_interconnect_1_imp_auto_pc_0_axi_protocol_converter_v2_1_37_axi3_conv/system_axi_interconnect_1_imp_auto_pc_0_axi_protocol_converter_v2_1_37_a_axi3_conv/system_axi_interconnect_1_imp_auto_pc_0_axi_data_fifo_v2_1_36_axic_fifo/system_axi_interconnect_1_imp_auto_pc_0_axi_data_fifo_v2_1_36_fifo_gen/<hidden>/<hidden>/<hidden>/<hidden>/<hidden>/<hidden>
    SLICE_X15Y47         FDCE                                         f  rocketchip_wrapper/system/system_axi_interconnect_1_0/s00_couplers_imp_8CNLH6/system_axi_interconnect_1_imp_auto_pc_0/system_axi_interconnect_1_imp_auto_pc_0_axi_protocol_converter_v2_1_37_axi_protocol_converter/system_axi_interconnect_1_imp_auto_pc_0_axi_protocol_converter_v2_1_37_axi3_conv/system_axi_interconnect_1_imp_auto_pc_0_axi_protocol_converter_v2_1_37_a_axi3_conv/system_axi_interconnect_1_imp_auto_pc_0_axi_data_fifo_v2_1_36_axic_fifo/system_axi_interconnect_1_imp_auto_pc_0_axi_data_fifo_v2_1_36_fifo_gen/<hidden>/<hidden>/<hidden>/<hidden>/<hidden>/<hidden>
  -------------------------------------------------------------------    -------------------

                         (clock host_clk_i rise edge)
                                                     25.000    25.000 r  
    H16                                               0.000    25.000 r  clk (IN)
                         net (fo=0)                   0.000    25.000    clk
    H16                  IBUF (Prop_ibuf_I_O)         1.380    26.380 r  ibufg_gclk/O
                         net (fo=1, routed)           1.162    27.542    gclk_i
    MMCME2_ADV_X1Y2      MMCME2_ADV (Prop_mmcme2_adv_CLKIN1_CLKOUT0)
                                                      0.083    27.625 r  MMCME2_BASE_inst/CLKOUT0
                         net (fo=1, routed)           2.012    29.637    host_clk_i
    BUFGCTRL_X0Y16       BUFG (Prop_bufg_I_O)         0.091    29.728 r  bufg_host_clk/O
                         net (fo=13302, routed)       1.581    31.310    rocketchip_wrapper/system/system_axi_interconnect_1_0/s00_couplers_imp_8CNLH6/system_axi_interconnect_1_imp_auto_pc_0/system_axi_interconnect_1_imp_auto_pc_0_axi_protocol_converter_v2_1_37_axi_protocol_converter/system_axi_interconnect_1_imp_auto_pc_0_axi_protocol_converter_v2_1_37_axi3_conv/system_axi_interconnect_1_imp_auto_pc_0_axi_protocol_converter_v2_1_37_a_axi3_conv/system_axi_interconnect_1_imp_auto_pc_0_axi_data_fifo_v2_1_36_axic_fifo/system_axi_interconnect_1_imp_auto_pc_0_axi_data_fifo_v2_1_36_fifo_gen/<hidden>/<hidden>/<hidden>/<hidden>/<hidden>/<hidden>
    SLICE_X15Y47         FDCE                                         r  rocketchip_wrapper/system/system_axi_interconnect_1_0/s00_couplers_imp_8CNLH6/system_axi_interconnect_1_imp_auto_pc_0/system_axi_interconnect_1_imp_auto_pc_0_axi_protocol_converter_v2_1_37_axi_protocol_converter/system_axi_interconnect_1_imp_auto_pc_0_axi_protocol_converter_v2_1_37_axi3_conv/system_axi_interconnect_1_imp_auto_pc_0_axi_protocol_converter_v2_1_37_a_axi3_conv/system_axi_interconnect_1_imp_auto_pc_0_axi_data_fifo_v2_1_36_axic_fifo/system_axi_interconnect_1_imp_auto_pc_0_axi_data_fifo_v2_1_36_fifo_gen/<hidden>/<hidden>/<hidden>/<hidden>/<hidden>/<hidden>
                         clock pessimism              0.517    31.827    
                         clock uncertainty           -0.082    31.745    
    SLICE_X15Y47         FDCE (Recov_fdce_C_CLR)     -0.405    31.340    rocketchip_wrapper/system/system_axi_interconnect_1_0/s00_couplers_imp_8CNLH6/system_axi_interconnect_1_imp_auto_pc_0/system_axi_interconnect_1_imp_auto_pc_0_axi_protocol_converter_v2_1_37_axi_protocol_converter/system_axi_interconnect_1_imp_auto_pc_0_axi_protocol_converter_v2_1_37_axi3_conv/system_axi_interconnect_1_imp_auto_pc_0_axi_protocol_converter_v2_1_37_a_axi3_conv/system_axi_interconnect_1_imp_auto_pc_0_axi_data_fifo_v2_1_36_axic_fifo/system_axi_interconnect_1_imp_auto_pc_0_axi_data_fifo_v2_1_36_fifo_gen/<hidden>/<hidden>/<hidden>/<hidden>/<hidden>/<hidden>
  -------------------------------------------------------------------
                         required time                         31.340    
                         arrival time                          -9.769    
  -------------------------------------------------------------------
                         slack                                 21.571    

Slack (MET) :             21.581ns  (required time - arrival time)
  Source:                 rocketchip_wrapper/system/system_axi_interconnect_1_0/s00_couplers_imp_8CNLH6/system_axi_interconnect_1_imp_auto_pc_0/system_axi_interconnect_1_imp_auto_pc_0_axi_protocol_converter_v2_1_37_axi_protocol_converter/system_axi_interconnect_1_imp_auto_pc_0_axi_protocol_converter_v2_1_37_axi3_conv/system_axi_interconnect_1_imp_auto_pc_0_axi_protocol_converter_v2_1_37_a_axi3_conv/system_axi_interconnect_1_imp_auto_pc_0_axi_data_fifo_v2_1_36_axic_fifo/system_axi_interconnect_1_imp_auto_pc_0_axi_data_fifo_v2_1_36_fifo_gen/<hidden>/<hidden>/<hidden>/<hidden>/<hidden>/<hidden>
                            (rising edge-triggered cell FDPE clocked by host_clk_i  {rise@0.000ns fall@12.500ns period=25.000ns})
  Destination:            rocketchip_wrapper/system/system_axi_interconnect_1_0/s00_couplers_imp_8CNLH6/system_axi_interconnect_1_imp_auto_pc_0/system_axi_interconnect_1_imp_auto_pc_0_axi_protocol_converter_v2_1_37_axi_protocol_converter/system_axi_interconnect_1_imp_auto_pc_0_axi_protocol_converter_v2_1_37_axi3_conv/system_axi_interconnect_1_imp_auto_pc_0_axi_protocol_converter_v2_1_37_a_axi3_conv/system_axi_interconnect_1_imp_auto_pc_0_axi_data_fifo_v2_1_36_axic_fifo/system_axi_interconnect_1_imp_auto_pc_0_axi_data_fifo_v2_1_36_fifo_gen/<hidden>/<hidden>/<hidden>/<hidden>/<hidden>/<hidden>
                            (recovery check against rising-edge clock host_clk_i  {rise@0.000ns fall@12.500ns period=25.000ns})
  Path Group:             **async_default**
  Path Type:              Recovery (Max at Slow Process Corner)
  Requirement:            25.000ns  (host_clk_i rise@25.000ns - host_clk_i rise@0.000ns)
  Data Path Delay:        2.872ns  (logic 0.773ns (26.911%)  route 2.099ns (73.089%))
  Logic Levels:           1  (LUT3=1)
  Clock Path Skew:        -0.060ns (DCD - SCD + CPR)
    Destination Clock Delay (DCD):    6.310ns = ( 31.310 - 25.000 ) 
    Source Clock Delay      (SCD):    6.887ns
    Clock Pessimism Removal (CPR):    0.517ns
  Clock Uncertainty:      0.082ns  ((TSJ^2 + DJ^2)^1/2) / 2 + PE
    Total System Jitter     (TSJ):    0.071ns
    Discrete Jitter          (DJ):    0.147ns
    Phase Error              (PE):    0.000ns

    Location             Delay type                Incr(ns)  Path(ns)    Netlist Resource(s)
  -------------------------------------------------------------------    -------------------
                         (clock host_clk_i rise edge)
                                                      0.000     0.000 r  
    H16                                               0.000     0.000 r  clk (IN)
                         net (fo=0)                   0.000     0.000    clk
    H16                  IBUF (Prop_ibuf_I_O)         1.451     1.451 r  ibufg_gclk/O
                         net (fo=1, routed)           1.285     2.736    gclk_i
    MMCME2_ADV_X1Y2      MMCME2_ADV (Prop_mmcme2_adv_CLKIN1_CLKOUT0)
                                                      0.088     2.824 r  MMCME2_BASE_inst/CLKOUT0
                         net (fo=1, routed)           2.206     5.030    host_clk_i
    BUFGCTRL_X0Y16       BUFG (Prop_bufg_I_O)         0.101     5.131 r  bufg_host_clk/O
                         net (fo=13302, routed)       1.756     6.887    rocketchip_wrapper/system/system_axi_interconnect_1_0/s00_couplers_imp_8CNLH6/system_axi_interconnect_1_imp_auto_pc_0/system_axi_interconnect_1_imp_auto_pc_0_axi_protocol_converter_v2_1_37_axi_protocol_converter/system_axi_interconnect_1_imp_auto_pc_0_axi_protocol_converter_v2_1_37_axi3_conv/system_axi_interconnect_1_imp_auto_pc_0_axi_protocol_converter_v2_1_37_a_axi3_conv/system_axi_interconnect_1_imp_auto_pc_0_axi_data_fifo_v2_1_36_axic_fifo/system_axi_interconnect_1_imp_auto_pc_0_axi_data_fifo_v2_1_36_fifo_gen/<hidden>/<hidden>/<hidden>/<hidden>/<hidden>/<hidden>
    SLICE_X16Y46         FDPE                                         r  rocketchip_wrapper/system/system_axi_interconnect_1_0/s00_couplers_imp_8CNLH6/system_axi_interconnect_1_imp_auto_pc_0/system_axi_interconnect_1_imp_auto_pc_0_axi_protocol_converter_v2_1_37_axi_protocol_converter/system_axi_interconnect_1_imp_auto_pc_0_axi_protocol_converter_v2_1_37_axi3_conv/system_axi_interconnect_1_imp_auto_pc_0_axi_protocol_converter_v2_1_37_a_axi3_conv/system_axi_interconnect_1_imp_auto_pc_0_axi_data_fifo_v2_1_36_axic_fifo/system_axi_interconnect_1_imp_auto_pc_0_axi_data_fifo_v2_1_36_fifo_gen/<hidden>/<hidden>/<hidden>/<hidden>/<hidden>/<hidden>
  -------------------------------------------------------------------    -------------------
    SLICE_X16Y46         FDPE (Prop_fdpe_C_Q)         0.478     7.365 f  rocketchip_wrapper/system/system_axi_interconnect_1_0/s00_couplers_imp_8CNLH6/system_axi_interconnect_1_imp_auto_pc_0/system_axi_interconnect_1_imp_auto_pc_0_axi_protocol_converter_v2_1_37_axi_protocol_converter/system_axi_interconnect_1_imp_auto_pc_0_axi_protocol_converter_v2_1_37_axi3_conv/system_axi_interconnect_1_imp_auto_pc_0_axi_protocol_converter_v2_1_37_a_axi3_conv/system_axi_interconnect_1_imp_auto_pc_0_axi_data_fifo_v2_1_36_axic_fifo/system_axi_interconnect_1_imp_auto_pc_0_axi_data_fifo_v2_1_36_fifo_gen/<hidden>/<hidden>/<hidden>/<hidden>/<hidden>/<hidden>
                         net (fo=3, routed)           1.170     8.535    rocketchip_wrapper/system/system_axi_interconnect_1_0/s00_couplers_imp_8CNLH6/system_axi_interconnect_1_imp_auto_pc_0/system_axi_interconnect_1_imp_auto_pc_0_axi_protocol_converter_v2_1_37_axi_protocol_converter/system_axi_interconnect_1_imp_auto_pc_0_axi_protocol_converter_v2_1_37_axi3_conv/system_axi_interconnect_1_imp_auto_pc_0_axi_protocol_converter_v2_1_37_a_axi3_conv/system_axi_interconnect_1_imp_auto_pc_0_axi_data_fifo_v2_1_36_axic_fifo/system_axi_interconnect_1_imp_auto_pc_0_axi_data_fifo_v2_1_36_fifo_gen/<hidden>/<hidden>/<hidden>/<hidden>/<hidden>
    SLICE_X15Y46         LUT3 (Prop_lut3_I2_O)        0.295     8.830 f  rocketchip_wrapper/system/system_axi_interconnect_1_0/s00_couplers_imp_8CNLH6/system_axi_interconnect_1_imp_auto_pc_0/system_axi_interconnect_1_imp_auto_pc_0_axi_protocol_converter_v2_1_37_axi_protocol_converter/system_axi_interconnect_1_imp_auto_pc_0_axi_protocol_converter_v2_1_37_axi3_conv/system_axi_interconnect_1_imp_auto_pc_0_axi_protocol_converter_v2_1_37_a_axi3_conv/system_axi_interconnect_1_imp_auto_pc_0_axi_data_fifo_v2_1_36_axic_fifo/system_axi_interconnect_1_imp_auto_pc_0_axi_data_fifo_v2_1_36_fifo_gen/<hidden>/<hidden>/<hidden>/<hidden>/<hidden>
                         net (fo=32, routed)          0.929     9.759    rocketchip_wrapper/system/system_axi_interconnect_1_0/s00_couplers_imp_8CNLH6/system_axi_interconnect_1_imp_auto_pc_0/system_axi_interconnect_1_imp_auto_pc_0_axi_protocol_converter_v2_1_37_axi_protocol_converter/system_axi_interconnect_1_imp_auto_pc_0_axi_protocol_converter_v2_1_37_axi3_conv/system_axi_interconnect_1_imp_auto_pc_0_axi_protocol_converter_v2_1_37_a_axi3_conv/system_axi_interconnect_1_imp_auto_pc_0_axi_data_fifo_v2_1_36_axic_fifo/system_axi_interconnect_1_imp_auto_pc_0_axi_data_fifo_v2_1_36_fifo_gen/<hidden>/<hidden>/<hidden>/<hidden>/<hidden>/<hidden>
    SLICE_X13Y47         FDCE                                         f  rocketchip_wrapper/system/system_axi_interconnect_1_0/s00_couplers_imp_8CNLH6/system_axi_interconnect_1_imp_auto_pc_0/system_axi_interconnect_1_imp_auto_pc_0_axi_protocol_converter_v2_1_37_axi_protocol_converter/system_axi_interconnect_1_imp_auto_pc_0_axi_protocol_converter_v2_1_37_axi3_conv/system_axi_interconnect_1_imp_auto_pc_0_axi_protocol_converter_v2_1_37_a_axi3_conv/system_axi_interconnect_1_imp_auto_pc_0_axi_data_fifo_v2_1_36_axic_fifo/system_axi_interconnect_1_imp_auto_pc_0_axi_data_fifo_v2_1_36_fifo_gen/<hidden>/<hidden>/<hidden>/<hidden>/<hidden>/<hidden>
  -------------------------------------------------------------------    -------------------

                         (clock host_clk_i rise edge)
                                                     25.000    25.000 r  
    H16                                               0.000    25.000 r  clk (IN)
                         net (fo=0)                   0.000    25.000    clk
    H16                  IBUF (Prop_ibuf_I_O)         1.380    26.380 r  ibufg_gclk/O
                         net (fo=1, routed)           1.162    27.542    gclk_i
    MMCME2_ADV_X1Y2      MMCME2_ADV (Prop_mmcme2_adv_CLKIN1_CLKOUT0)
                                                      0.083    27.625 r  MMCME2_BASE_inst/CLKOUT0
                         net (fo=1, routed)           2.012    29.637    host_clk_i
    BUFGCTRL_X0Y16       BUFG (Prop_bufg_I_O)         0.091    29.728 r  bufg_host_clk/O
                         net (fo=13302, routed)       1.581    31.310    rocketchip_wrapper/system/system_axi_interconnect_1_0/s00_couplers_imp_8CNLH6/system_axi_interconnect_1_imp_auto_pc_0/system_axi_interconnect_1_imp_auto_pc_0_axi_protocol_converter_v2_1_37_axi_protocol_converter/system_axi_interconnect_1_imp_auto_pc_0_axi_protocol_converter_v2_1_37_axi3_conv/system_axi_interconnect_1_imp_auto_pc_0_axi_protocol_converter_v2_1_37_a_axi3_conv/system_axi_interconnect_1_imp_auto_pc_0_axi_data_fifo_v2_1_36_axic_fifo/system_axi_interconnect_1_imp_auto_pc_0_axi_data_fifo_v2_1_36_fifo_gen/<hidden>/<hidden>/<hidden>/<hidden>/<hidden>/<hidden>
    SLICE_X13Y47         FDCE                                         r  rocketchip_wrapper/system/system_axi_interconnect_1_0/s00_couplers_imp_8CNLH6/system_axi_interconnect_1_imp_auto_pc_0/system_axi_interconnect_1_imp_auto_pc_0_axi_protocol_converter_v2_1_37_axi_protocol_converter/system_axi_interconnect_1_imp_auto_pc_0_axi_protocol_converter_v2_1_37_axi3_conv/system_axi_interconnect_1_imp_auto_pc_0_axi_protocol_converter_v2_1_37_a_axi3_conv/system_axi_interconnect_1_imp_auto_pc_0_axi_data_fifo_v2_1_36_axic_fifo/system_axi_interconnect_1_imp_auto_pc_0_axi_data_fifo_v2_1_36_fifo_gen/<hidden>/<hidden>/<hidden>/<hidden>/<hidden>/<hidden>
                         clock pessimism              0.517    31.827    
                         clock uncertainty           -0.082    31.745    
    SLICE_X13Y47         FDCE (Recov_fdce_C_CLR)     -0.405    31.340    rocketchip_wrapper/system/system_axi_interconnect_1_0/s00_couplers_imp_8CNLH6/system_axi_interconnect_1_imp_auto_pc_0/system_axi_interconnect_1_imp_auto_pc_0_axi_protocol_converter_v2_1_37_axi_protocol_converter/system_axi_interconnect_1_imp_auto_pc_0_axi_protocol_converter_v2_1_37_axi3_conv/system_axi_interconnect_1_imp_auto_pc_0_axi_protocol_converter_v2_1_37_a_axi3_conv/system_axi_interconnect_1_imp_auto_pc_0_axi_data_fifo_v2_1_36_axic_fifo/system_axi_interconnect_1_imp_auto_pc_0_axi_data_fifo_v2_1_36_fifo_gen/<hidden>/<hidden>/<hidden>/<hidden>/<hidden>/<hidden>
  -------------------------------------------------------------------
                         required time                         31.340    
                         arrival time                          -9.759    
  -------------------------------------------------------------------
                         slack                                 21.581    

Slack (MET) :             21.581ns  (required time - arrival time)
  Source:                 rocketchip_wrapper/system/system_axi_interconnect_1_0/s00_couplers_imp_8CNLH6/system_axi_interconnect_1_imp_auto_pc_0/system_axi_interconnect_1_imp_auto_pc_0_axi_protocol_converter_v2_1_37_axi_protocol_converter/system_axi_interconnect_1_imp_auto_pc_0_axi_protocol_converter_v2_1_37_axi3_conv/system_axi_interconnect_1_imp_auto_pc_0_axi_protocol_converter_v2_1_37_a_axi3_conv/system_axi_interconnect_1_imp_auto_pc_0_axi_data_fifo_v2_1_36_axic_fifo/system_axi_interconnect_1_imp_auto_pc_0_axi_data_fifo_v2_1_36_fifo_gen/<hidden>/<hidden>/<hidden>/<hidden>/<hidden>/<hidden>
                            (rising edge-triggered cell FDPE clocked by host_clk_i  {rise@0.000ns fall@12.500ns period=25.000ns})
  Destination:            rocketchip_wrapper/system/system_axi_interconnect_1_0/s00_couplers_imp_8CNLH6/system_axi_interconnect_1_imp_auto_pc_0/system_axi_interconnect_1_imp_auto_pc_0_axi_protocol_converter_v2_1_37_axi_protocol_converter/system_axi_interconnect_1_imp_auto_pc_0_axi_protocol_converter_v2_1_37_axi3_conv/system_axi_interconnect_1_imp_auto_pc_0_axi_protocol_converter_v2_1_37_a_axi3_conv/system_axi_interconnect_1_imp_auto_pc_0_axi_data_fifo_v2_1_36_axic_fifo/system_axi_interconnect_1_imp_auto_pc_0_axi_data_fifo_v2_1_36_fifo_gen/<hidden>/<hidden>/<hidden>/<hidden>/<hidden>/<hidden>
                            (recovery check against rising-edge clock host_clk_i  {rise@0.000ns fall@12.500ns period=25.000ns})
  Path Group:             **async_default**
  Path Type:              Recovery (Max at Slow Process Corner)
  Requirement:            25.000ns  (host_clk_i rise@25.000ns - host_clk_i rise@0.000ns)
  Data Path Delay:        2.872ns  (logic 0.773ns (26.911%)  route 2.099ns (73.089%))
  Logic Levels:           1  (LUT3=1)
  Clock Path Skew:        -0.060ns (DCD - SCD + CPR)
    Destination Clock Delay (DCD):    6.310ns = ( 31.310 - 25.000 ) 
    Source Clock Delay      (SCD):    6.887ns
    Clock Pessimism Removal (CPR):    0.517ns
  Clock Uncertainty:      0.082ns  ((TSJ^2 + DJ^2)^1/2) / 2 + PE
    Total System Jitter     (TSJ):    0.071ns
    Discrete Jitter          (DJ):    0.147ns
    Phase Error              (PE):    0.000ns

    Location             Delay type                Incr(ns)  Path(ns)    Netlist Resource(s)
  -------------------------------------------------------------------    -------------------
                         (clock host_clk_i rise edge)
                                                      0.000     0.000 r  
    H16                                               0.000     0.000 r  clk (IN)
                         net (fo=0)                   0.000     0.000    clk
    H16                  IBUF (Prop_ibuf_I_O)         1.451     1.451 r  ibufg_gclk/O
                         net (fo=1, routed)           1.285     2.736    gclk_i
    MMCME2_ADV_X1Y2      MMCME2_ADV (Prop_mmcme2_adv_CLKIN1_CLKOUT0)
                                                      0.088     2.824 r  MMCME2_BASE_inst/CLKOUT0
                         net (fo=1, routed)           2.206     5.030    host_clk_i
    BUFGCTRL_X0Y16       BUFG (Prop_bufg_I_O)         0.101     5.131 r  bufg_host_clk/O
                         net (fo=13302, routed)       1.756     6.887    rocketchip_wrapper/system/system_axi_interconnect_1_0/s00_couplers_imp_8CNLH6/system_axi_interconnect_1_imp_auto_pc_0/system_axi_interconnect_1_imp_auto_pc_0_axi_protocol_converter_v2_1_37_axi_protocol_converter/system_axi_interconnect_1_imp_auto_pc_0_axi_protocol_converter_v2_1_37_axi3_conv/system_axi_interconnect_1_imp_auto_pc_0_axi_protocol_converter_v2_1_37_a_axi3_conv/system_axi_interconnect_1_imp_auto_pc_0_axi_data_fifo_v2_1_36_axic_fifo/system_axi_interconnect_1_imp_auto_pc_0_axi_data_fifo_v2_1_36_fifo_gen/<hidden>/<hidden>/<hidden>/<hidden>/<hidden>/<hidden>
    SLICE_X16Y46         FDPE                                         r  rocketchip_wrapper/system/system_axi_interconnect_1_0/s00_couplers_imp_8CNLH6/system_axi_interconnect_1_imp_auto_pc_0/system_axi_interconnect_1_imp_auto_pc_0_axi_protocol_converter_v2_1_37_axi_protocol_converter/system_axi_interconnect_1_imp_auto_pc_0_axi_protocol_converter_v2_1_37_axi3_conv/system_axi_interconnect_1_imp_auto_pc_0_axi_protocol_converter_v2_1_37_a_axi3_conv/system_axi_interconnect_1_imp_auto_pc_0_axi_data_fifo_v2_1_36_axic_fifo/system_axi_interconnect_1_imp_auto_pc_0_axi_data_fifo_v2_1_36_fifo_gen/<hidden>/<hidden>/<hidden>/<hidden>/<hidden>/<hidden>
  -------------------------------------------------------------------    -------------------
    SLICE_X16Y46         FDPE (Prop_fdpe_C_Q)         0.478     7.365 f  rocketchip_wrapper/system/system_axi_interconnect_1_0/s00_couplers_imp_8CNLH6/system_axi_interconnect_1_imp_auto_pc_0/system_axi_interconnect_1_imp_auto_pc_0_axi_protocol_converter_v2_1_37_axi_protocol_converter/system_axi_interconnect_1_imp_auto_pc_0_axi_protocol_converter_v2_1_37_axi3_conv/system_axi_interconnect_1_imp_auto_pc_0_axi_protocol_converter_v2_1_37_a_axi3_conv/system_axi_interconnect_1_imp_auto_pc_0_axi_data_fifo_v2_1_36_axic_fifo/system_axi_interconnect_1_imp_auto_pc_0_axi_data_fifo_v2_1_36_fifo_gen/<hidden>/<hidden>/<hidden>/<hidden>/<hidden>/<hidden>
                         net (fo=3, routed)           1.170     8.535    rocketchip_wrapper/system/system_axi_interconnect_1_0/s00_couplers_imp_8CNLH6/system_axi_interconnect_1_imp_auto_pc_0/system_axi_interconnect_1_imp_auto_pc_0_axi_protocol_converter_v2_1_37_axi_protocol_converter/system_axi_interconnect_1_imp_auto_pc_0_axi_protocol_converter_v2_1_37_axi3_conv/system_axi_interconnect_1_imp_auto_pc_0_axi_protocol_converter_v2_1_37_a_axi3_conv/system_axi_interconnect_1_imp_auto_pc_0_axi_data_fifo_v2_1_36_axic_fifo/system_axi_interconnect_1_imp_auto_pc_0_axi_data_fifo_v2_1_36_fifo_gen/<hidden>/<hidden>/<hidden>/<hidden>/<hidden>
    SLICE_X15Y46         LUT3 (Prop_lut3_I2_O)        0.295     8.830 f  rocketchip_wrapper/system/system_axi_interconnect_1_0/s00_couplers_imp_8CNLH6/system_axi_interconnect_1_imp_auto_pc_0/system_axi_interconnect_1_imp_auto_pc_0_axi_protocol_converter_v2_1_37_axi_protocol_converter/system_axi_interconnect_1_imp_auto_pc_0_axi_protocol_converter_v2_1_37_axi3_conv/system_axi_interconnect_1_imp_auto_pc_0_axi_protocol_converter_v2_1_37_a_axi3_conv/system_axi_interconnect_1_imp_auto_pc_0_axi_data_fifo_v2_1_36_axic_fifo/system_axi_interconnect_1_imp_auto_pc_0_axi_data_fifo_v2_1_36_fifo_gen/<hidden>/<hidden>/<hidden>/<hidden>/<hidden>
                         net (fo=32, routed)          0.929     9.759    rocketchip_wrapper/system/system_axi_interconnect_1_0/s00_couplers_imp_8CNLH6/system_axi_interconnect_1_imp_auto_pc_0/system_axi_interconnect_1_imp_auto_pc_0_axi_protocol_converter_v2_1_37_axi_protocol_converter/system_axi_interconnect_1_imp_auto_pc_0_axi_protocol_converter_v2_1_37_axi3_conv/system_axi_interconnect_1_imp_auto_pc_0_axi_protocol_converter_v2_1_37_a_axi3_conv/system_axi_interconnect_1_imp_auto_pc_0_axi_data_fifo_v2_1_36_axic_fifo/system_axi_interconnect_1_imp_auto_pc_0_axi_data_fifo_v2_1_36_fifo_gen/<hidden>/<hidden>/<hidden>/<hidden>/<hidden>/<hidden>
    SLICE_X13Y47         FDCE                                         f  rocketchip_wrapper/system/system_axi_interconnect_1_0/s00_couplers_imp_8CNLH6/system_axi_interconnect_1_imp_auto_pc_0/system_axi_interconnect_1_imp_auto_pc_0_axi_protocol_converter_v2_1_37_axi_protocol_converter/system_axi_interconnect_1_imp_auto_pc_0_axi_protocol_converter_v2_1_37_axi3_conv/system_axi_interconnect_1_imp_auto_pc_0_axi_protocol_converter_v2_1_37_a_axi3_conv/system_axi_interconnect_1_imp_auto_pc_0_axi_data_fifo_v2_1_36_axic_fifo/system_axi_interconnect_1_imp_auto_pc_0_axi_data_fifo_v2_1_36_fifo_gen/<hidden>/<hidden>/<hidden>/<hidden>/<hidden>/<hidden>
  -------------------------------------------------------------------    -------------------

                         (clock host_clk_i rise edge)
                                                     25.000    25.000 r  
    H16                                               0.000    25.000 r  clk (IN)
                         net (fo=0)                   0.000    25.000    clk
    H16                  IBUF (Prop_ibuf_I_O)         1.380    26.380 r  ibufg_gclk/O
                         net (fo=1, routed)           1.162    27.542    gclk_i
    MMCME2_ADV_X1Y2      MMCME2_ADV (Prop_mmcme2_adv_CLKIN1_CLKOUT0)
                                                      0.083    27.625 r  MMCME2_BASE_inst/CLKOUT0
                         net (fo=1, routed)           2.012    29.637    host_clk_i
    BUFGCTRL_X0Y16       BUFG (Prop_bufg_I_O)         0.091    29.728 r  bufg_host_clk/O
                         net (fo=13302, routed)       1.581    31.310    rocketchip_wrapper/system/system_axi_interconnect_1_0/s00_couplers_imp_8CNLH6/system_axi_interconnect_1_imp_auto_pc_0/system_axi_interconnect_1_imp_auto_pc_0_axi_protocol_converter_v2_1_37_axi_protocol_converter/system_axi_interconnect_1_imp_auto_pc_0_axi_protocol_converter_v2_1_37_axi3_conv/system_axi_interconnect_1_imp_auto_pc_0_axi_protocol_converter_v2_1_37_a_axi3_conv/system_axi_interconnect_1_imp_auto_pc_0_axi_data_fifo_v2_1_36_axic_fifo/system_axi_interconnect_1_imp_auto_pc_0_axi_data_fifo_v2_1_36_fifo_gen/<hidden>/<hidden>/<hidden>/<hidden>/<hidden>/<hidden>
    SLICE_X13Y47         FDCE                                         r  rocketchip_wrapper/system/system_axi_interconnect_1_0/s00_couplers_imp_8CNLH6/system_axi_interconnect_1_imp_auto_pc_0/system_axi_interconnect_1_imp_auto_pc_0_axi_protocol_converter_v2_1_37_axi_protocol_converter/system_axi_interconnect_1_imp_auto_pc_0_axi_protocol_converter_v2_1_37_axi3_conv/system_axi_interconnect_1_imp_auto_pc_0_axi_protocol_converter_v2_1_37_a_axi3_conv/system_axi_interconnect_1_imp_auto_pc_0_axi_data_fifo_v2_1_36_axic_fifo/system_axi_interconnect_1_imp_auto_pc_0_axi_data_fifo_v2_1_36_fifo_gen/<hidden>/<hidden>/<hidden>/<hidden>/<hidden>/<hidden>
                         clock pessimism              0.517    31.827    
                         clock uncertainty           -0.082    31.745    
    SLICE_X13Y47         FDCE (Recov_fdce_C_CLR)     -0.405    31.340    rocketchip_wrapper/system/system_axi_interconnect_1_0/s00_couplers_imp_8CNLH6/system_axi_interconnect_1_imp_auto_pc_0/system_axi_interconnect_1_imp_auto_pc_0_axi_protocol_converter_v2_1_37_axi_protocol_converter/system_axi_interconnect_1_imp_auto_pc_0_axi_protocol_converter_v2_1_37_axi3_conv/system_axi_interconnect_1_imp_auto_pc_0_axi_protocol_converter_v2_1_37_a_axi3_conv/system_axi_interconnect_1_imp_auto_pc_0_axi_data_fifo_v2_1_36_axic_fifo/system_axi_interconnect_1_imp_auto_pc_0_axi_data_fifo_v2_1_36_fifo_gen/<hidden>/<hidden>/<hidden>/<hidden>/<hidden>/<hidden>
  -------------------------------------------------------------------
                         required time                         31.340    
                         arrival time                          -9.759    
  -------------------------------------------------------------------
                         slack                                 21.581    

Slack (MET) :             21.581ns  (required time - arrival time)
  Source:                 rocketchip_wrapper/system/system_axi_interconnect_1_0/s00_couplers_imp_8CNLH6/system_axi_interconnect_1_imp_auto_pc_0/system_axi_interconnect_1_imp_auto_pc_0_axi_protocol_converter_v2_1_37_axi_protocol_converter/system_axi_interconnect_1_imp_auto_pc_0_axi_protocol_converter_v2_1_37_axi3_conv/system_axi_interconnect_1_imp_auto_pc_0_axi_protocol_converter_v2_1_37_a_axi3_conv/system_axi_interconnect_1_imp_auto_pc_0_axi_data_fifo_v2_1_36_axic_fifo/system_axi_interconnect_1_imp_auto_pc_0_axi_data_fifo_v2_1_36_fifo_gen/<hidden>/<hidden>/<hidden>/<hidden>/<hidden>/<hidden>
                            (rising edge-triggered cell FDPE clocked by host_clk_i  {rise@0.000ns fall@12.500ns period=25.000ns})
  Destination:            rocketchip_wrapper/system/system_axi_interconnect_1_0/s00_couplers_imp_8CNLH6/system_axi_interconnect_1_imp_auto_pc_0/system_axi_interconnect_1_imp_auto_pc_0_axi_protocol_converter_v2_1_37_axi_protocol_converter/system_axi_interconnect_1_imp_auto_pc_0_axi_protocol_converter_v2_1_37_axi3_conv/system_axi_interconnect_1_imp_auto_pc_0_axi_protocol_converter_v2_1_37_a_axi3_conv/system_axi_interconnect_1_imp_auto_pc_0_axi_data_fifo_v2_1_36_axic_fifo/system_axi_interconnect_1_imp_auto_pc_0_axi_data_fifo_v2_1_36_fifo_gen/<hidden>/<hidden>/<hidden>/<hidden>/<hidden>/<hidden>
                            (recovery check against rising-edge clock host_clk_i  {rise@0.000ns fall@12.500ns period=25.000ns})
  Path Group:             **async_default**
  Path Type:              Recovery (Max at Slow Process Corner)
  Requirement:            25.000ns  (host_clk_i rise@25.000ns - host_clk_i rise@0.000ns)
  Data Path Delay:        2.872ns  (logic 0.773ns (26.911%)  route 2.099ns (73.089%))
  Logic Levels:           1  (LUT3=1)
  Clock Path Skew:        -0.060ns (DCD - SCD + CPR)
    Destination Clock Delay (DCD):    6.310ns = ( 31.310 - 25.000 ) 
    Source Clock Delay      (SCD):    6.887ns
    Clock Pessimism Removal (CPR):    0.517ns
  Clock Uncertainty:      0.082ns  ((TSJ^2 + DJ^2)^1/2) / 2 + PE
    Total System Jitter     (TSJ):    0.071ns
    Discrete Jitter          (DJ):    0.147ns
    Phase Error              (PE):    0.000ns

    Location             Delay type                Incr(ns)  Path(ns)    Netlist Resource(s)
  -------------------------------------------------------------------    -------------------
                         (clock host_clk_i rise edge)
                                                      0.000     0.000 r  
    H16                                               0.000     0.000 r  clk (IN)
                         net (fo=0)                   0.000     0.000    clk
    H16                  IBUF (Prop_ibuf_I_O)         1.451     1.451 r  ibufg_gclk/O
                         net (fo=1, routed)           1.285     2.736    gclk_i
    MMCME2_ADV_X1Y2      MMCME2_ADV (Prop_mmcme2_adv_CLKIN1_CLKOUT0)
                                                      0.088     2.824 r  MMCME2_BASE_inst/CLKOUT0
                         net (fo=1, routed)           2.206     5.030    host_clk_i
    BUFGCTRL_X0Y16       BUFG (Prop_bufg_I_O)         0.101     5.131 r  bufg_host_clk/O
                         net (fo=13302, routed)       1.756     6.887    rocketchip_wrapper/system/system_axi_interconnect_1_0/s00_couplers_imp_8CNLH6/system_axi_interconnect_1_imp_auto_pc_0/system_axi_interconnect_1_imp_auto_pc_0_axi_protocol_converter_v2_1_37_axi_protocol_converter/system_axi_interconnect_1_imp_auto_pc_0_axi_protocol_converter_v2_1_37_axi3_conv/system_axi_interconnect_1_imp_auto_pc_0_axi_protocol_converter_v2_1_37_a_axi3_conv/system_axi_interconnect_1_imp_auto_pc_0_axi_data_fifo_v2_1_36_axic_fifo/system_axi_interconnect_1_imp_auto_pc_0_axi_data_fifo_v2_1_36_fifo_gen/<hidden>/<hidden>/<hidden>/<hidden>/<hidden>/<hidden>
    SLICE_X16Y46         FDPE                                         r  rocketchip_wrapper/system/system_axi_interconnect_1_0/s00_couplers_imp_8CNLH6/system_axi_interconnect_1_imp_auto_pc_0/system_axi_interconnect_1_imp_auto_pc_0_axi_protocol_converter_v2_1_37_axi_protocol_converter/system_axi_interconnect_1_imp_auto_pc_0_axi_protocol_converter_v2_1_37_axi3_conv/system_axi_interconnect_1_imp_auto_pc_0_axi_protocol_converter_v2_1_37_a_axi3_conv/system_axi_interconnect_1_imp_auto_pc_0_axi_data_fifo_v2_1_36_axic_fifo/system_axi_interconnect_1_imp_auto_pc_0_axi_data_fifo_v2_1_36_fifo_gen/<hidden>/<hidden>/<hidden>/<hidden>/<hidden>/<hidden>
  -------------------------------------------------------------------    -------------------
    SLICE_X16Y46         FDPE (Prop_fdpe_C_Q)         0.478     7.365 f  rocketchip_wrapper/system/system_axi_interconnect_1_0/s00_couplers_imp_8CNLH6/system_axi_interconnect_1_imp_auto_pc_0/system_axi_interconnect_1_imp_auto_pc_0_axi_protocol_converter_v2_1_37_axi_protocol_converter/system_axi_interconnect_1_imp_auto_pc_0_axi_protocol_converter_v2_1_37_axi3_conv/system_axi_interconnect_1_imp_auto_pc_0_axi_protocol_converter_v2_1_37_a_axi3_conv/system_axi_interconnect_1_imp_auto_pc_0_axi_data_fifo_v2_1_36_axic_fifo/system_axi_interconnect_1_imp_auto_pc_0_axi_data_fifo_v2_1_36_fifo_gen/<hidden>/<hidden>/<hidden>/<hidden>/<hidden>/<hidden>
                         net (fo=3, routed)           1.170     8.535    rocketchip_wrapper/system/system_axi_interconnect_1_0/s00_couplers_imp_8CNLH6/system_axi_interconnect_1_imp_auto_pc_0/system_axi_interconnect_1_imp_auto_pc_0_axi_protocol_converter_v2_1_37_axi_protocol_converter/system_axi_interconnect_1_imp_auto_pc_0_axi_protocol_converter_v2_1_37_axi3_conv/system_axi_interconnect_1_imp_auto_pc_0_axi_protocol_converter_v2_1_37_a_axi3_conv/system_axi_interconnect_1_imp_auto_pc_0_axi_data_fifo_v2_1_36_axic_fifo/system_axi_interconnect_1_imp_auto_pc_0_axi_data_fifo_v2_1_36_fifo_gen/<hidden>/<hidden>/<hidden>/<hidden>/<hidden>
    SLICE_X15Y46         LUT3 (Prop_lut3_I2_O)        0.295     8.830 f  rocketchip_wrapper/system/system_axi_interconnect_1_0/s00_couplers_imp_8CNLH6/system_axi_interconnect_1_imp_auto_pc_0/system_axi_interconnect_1_imp_auto_pc_0_axi_protocol_converter_v2_1_37_axi_protocol_converter/system_axi_interconnect_1_imp_auto_pc_0_axi_protocol_converter_v2_1_37_axi3_conv/system_axi_interconnect_1_imp_auto_pc_0_axi_protocol_converter_v2_1_37_a_axi3_conv/system_axi_interconnect_1_imp_auto_pc_0_axi_data_fifo_v2_1_36_axic_fifo/system_axi_interconnect_1_imp_auto_pc_0_axi_data_fifo_v2_1_36_fifo_gen/<hidden>/<hidden>/<hidden>/<hidden>/<hidden>
                         net (fo=32, routed)          0.929     9.759    rocketchip_wrapper/system/system_axi_interconnect_1_0/s00_couplers_imp_8CNLH6/system_axi_interconnect_1_imp_auto_pc_0/system_axi_interconnect_1_imp_auto_pc_0_axi_protocol_converter_v2_1_37_axi_protocol_converter/system_axi_interconnect_1_imp_auto_pc_0_axi_protocol_converter_v2_1_37_axi3_conv/system_axi_interconnect_1_imp_auto_pc_0_axi_protocol_converter_v2_1_37_a_axi3_conv/system_axi_interconnect_1_imp_auto_pc_0_axi_data_fifo_v2_1_36_axic_fifo/system_axi_interconnect_1_imp_auto_pc_0_axi_data_fifo_v2_1_36_fifo_gen/<hidden>/<hidden>/<hidden>/<hidden>/<hidden>/<hidden>
    SLICE_X13Y47         FDCE                                         f  rocketchip_wrapper/system/system_axi_interconnect_1_0/s00_couplers_imp_8CNLH6/system_axi_interconnect_1_imp_auto_pc_0/system_axi_interconnect_1_imp_auto_pc_0_axi_protocol_converter_v2_1_37_axi_protocol_converter/system_axi_interconnect_1_imp_auto_pc_0_axi_protocol_converter_v2_1_37_axi3_conv/system_axi_interconnect_1_imp_auto_pc_0_axi_protocol_converter_v2_1_37_a_axi3_conv/system_axi_interconnect_1_imp_auto_pc_0_axi_data_fifo_v2_1_36_axic_fifo/system_axi_interconnect_1_imp_auto_pc_0_axi_data_fifo_v2_1_36_fifo_gen/<hidden>/<hidden>/<hidden>/<hidden>/<hidden>/<hidden>
  -------------------------------------------------------------------    -------------------

                         (clock host_clk_i rise edge)
                                                     25.000    25.000 r  
    H16                                               0.000    25.000 r  clk (IN)
                         net (fo=0)                   0.000    25.000    clk
    H16                  IBUF (Prop_ibuf_I_O)         1.380    26.380 r  ibufg_gclk/O
                         net (fo=1, routed)           1.162    27.542    gclk_i
    MMCME2_ADV_X1Y2      MMCME2_ADV (Prop_mmcme2_adv_CLKIN1_CLKOUT0)
                                                      0.083    27.625 r  MMCME2_BASE_inst/CLKOUT0
                         net (fo=1, routed)           2.012    29.637    host_clk_i
    BUFGCTRL_X0Y16       BUFG (Prop_bufg_I_O)         0.091    29.728 r  bufg_host_clk/O
                         net (fo=13302, routed)       1.581    31.310    rocketchip_wrapper/system/system_axi_interconnect_1_0/s00_couplers_imp_8CNLH6/system_axi_interconnect_1_imp_auto_pc_0/system_axi_interconnect_1_imp_auto_pc_0_axi_protocol_converter_v2_1_37_axi_protocol_converter/system_axi_interconnect_1_imp_auto_pc_0_axi_protocol_converter_v2_1_37_axi3_conv/system_axi_interconnect_1_imp_auto_pc_0_axi_protocol_converter_v2_1_37_a_axi3_conv/system_axi_interconnect_1_imp_auto_pc_0_axi_data_fifo_v2_1_36_axic_fifo/system_axi_interconnect_1_imp_auto_pc_0_axi_data_fifo_v2_1_36_fifo_gen/<hidden>/<hidden>/<hidden>/<hidden>/<hidden>/<hidden>
    SLICE_X13Y47         FDCE                                         r  rocketchip_wrapper/system/system_axi_interconnect_1_0/s00_couplers_imp_8CNLH6/system_axi_interconnect_1_imp_auto_pc_0/system_axi_interconnect_1_imp_auto_pc_0_axi_protocol_converter_v2_1_37_axi_protocol_converter/system_axi_interconnect_1_imp_auto_pc_0_axi_protocol_converter_v2_1_37_axi3_conv/system_axi_interconnect_1_imp_auto_pc_0_axi_protocol_converter_v2_1_37_a_axi3_conv/system_axi_interconnect_1_imp_auto_pc_0_axi_data_fifo_v2_1_36_axic_fifo/system_axi_interconnect_1_imp_auto_pc_0_axi_data_fifo_v2_1_36_fifo_gen/<hidden>/<hidden>/<hidden>/<hidden>/<hidden>/<hidden>
                         clock pessimism              0.517    31.827    
                         clock uncertainty           -0.082    31.745    
    SLICE_X13Y47         FDCE (Recov_fdce_C_CLR)     -0.405    31.340    rocketchip_wrapper/system/system_axi_interconnect_1_0/s00_couplers_imp_8CNLH6/system_axi_interconnect_1_imp_auto_pc_0/system_axi_interconnect_1_imp_auto_pc_0_axi_protocol_converter_v2_1_37_axi_protocol_converter/system_axi_interconnect_1_imp_auto_pc_0_axi_protocol_converter_v2_1_37_axi3_conv/system_axi_interconnect_1_imp_auto_pc_0_axi_protocol_converter_v2_1_37_a_axi3_conv/system_axi_interconnect_1_imp_auto_pc_0_axi_data_fifo_v2_1_36_axic_fifo/system_axi_interconnect_1_imp_auto_pc_0_axi_data_fifo_v2_1_36_fifo_gen/<hidden>/<hidden>/<hidden>/<hidden>/<hidden>/<hidden>
  -------------------------------------------------------------------
                         required time                         31.340    
                         arrival time                          -9.759    
  -------------------------------------------------------------------
                         slack                                 21.581    

Slack (MET) :             21.581ns  (required time - arrival time)
  Source:                 rocketchip_wrapper/system/system_axi_interconnect_1_0/s00_couplers_imp_8CNLH6/system_axi_interconnect_1_imp_auto_pc_0/system_axi_interconnect_1_imp_auto_pc_0_axi_protocol_converter_v2_1_37_axi_protocol_converter/system_axi_interconnect_1_imp_auto_pc_0_axi_protocol_converter_v2_1_37_axi3_conv/system_axi_interconnect_1_imp_auto_pc_0_axi_protocol_converter_v2_1_37_a_axi3_conv/system_axi_interconnect_1_imp_auto_pc_0_axi_data_fifo_v2_1_36_axic_fifo/system_axi_interconnect_1_imp_auto_pc_0_axi_data_fifo_v2_1_36_fifo_gen/<hidden>/<hidden>/<hidden>/<hidden>/<hidden>/<hidden>
                            (rising edge-triggered cell FDPE clocked by host_clk_i  {rise@0.000ns fall@12.500ns period=25.000ns})
  Destination:            rocketchip_wrapper/system/system_axi_interconnect_1_0/s00_couplers_imp_8CNLH6/system_axi_interconnect_1_imp_auto_pc_0/system_axi_interconnect_1_imp_auto_pc_0_axi_protocol_converter_v2_1_37_axi_protocol_converter/system_axi_interconnect_1_imp_auto_pc_0_axi_protocol_converter_v2_1_37_axi3_conv/system_axi_interconnect_1_imp_auto_pc_0_axi_protocol_converter_v2_1_37_a_axi3_conv/system_axi_interconnect_1_imp_auto_pc_0_axi_data_fifo_v2_1_36_axic_fifo/system_axi_interconnect_1_imp_auto_pc_0_axi_data_fifo_v2_1_36_fifo_gen/<hidden>/<hidden>/<hidden>/<hidden>/<hidden>/<hidden>
                            (recovery check against rising-edge clock host_clk_i  {rise@0.000ns fall@12.500ns period=25.000ns})
  Path Group:             **async_default**
  Path Type:              Recovery (Max at Slow Process Corner)
  Requirement:            25.000ns  (host_clk_i rise@25.000ns - host_clk_i rise@0.000ns)
  Data Path Delay:        2.872ns  (logic 0.773ns (26.911%)  route 2.099ns (73.089%))
  Logic Levels:           1  (LUT3=1)
  Clock Path Skew:        -0.060ns (DCD - SCD + CPR)
    Destination Clock Delay (DCD):    6.310ns = ( 31.310 - 25.000 ) 
    Source Clock Delay      (SCD):    6.887ns
    Clock Pessimism Removal (CPR):    0.517ns
  Clock Uncertainty:      0.082ns  ((TSJ^2 + DJ^2)^1/2) / 2 + PE
    Total System Jitter     (TSJ):    0.071ns
    Discrete Jitter          (DJ):    0.147ns
    Phase Error              (PE):    0.000ns

    Location             Delay type                Incr(ns)  Path(ns)    Netlist Resource(s)
  -------------------------------------------------------------------    -------------------
                         (clock host_clk_i rise edge)
                                                      0.000     0.000 r  
    H16                                               0.000     0.000 r  clk (IN)
                         net (fo=0)                   0.000     0.000    clk
    H16                  IBUF (Prop_ibuf_I_O)         1.451     1.451 r  ibufg_gclk/O
                         net (fo=1, routed)           1.285     2.736    gclk_i
    MMCME2_ADV_X1Y2      MMCME2_ADV (Prop_mmcme2_adv_CLKIN1_CLKOUT0)
                                                      0.088     2.824 r  MMCME2_BASE_inst/CLKOUT0
                         net (fo=1, routed)           2.206     5.030    host_clk_i
    BUFGCTRL_X0Y16       BUFG (Prop_bufg_I_O)         0.101     5.131 r  bufg_host_clk/O
                         net (fo=13302, routed)       1.756     6.887    rocketchip_wrapper/system/system_axi_interconnect_1_0/s00_couplers_imp_8CNLH6/system_axi_interconnect_1_imp_auto_pc_0/system_axi_interconnect_1_imp_auto_pc_0_axi_protocol_converter_v2_1_37_axi_protocol_converter/system_axi_interconnect_1_imp_auto_pc_0_axi_protocol_converter_v2_1_37_axi3_conv/system_axi_interconnect_1_imp_auto_pc_0_axi_protocol_converter_v2_1_37_a_axi3_conv/system_axi_interconnect_1_imp_auto_pc_0_axi_data_fifo_v2_1_36_axic_fifo/system_axi_interconnect_1_imp_auto_pc_0_axi_data_fifo_v2_1_36_fifo_gen/<hidden>/<hidden>/<hidden>/<hidden>/<hidden>/<hidden>
    SLICE_X16Y46         FDPE                                         r  rocketchip_wrapper/system/system_axi_interconnect_1_0/s00_couplers_imp_8CNLH6/system_axi_interconnect_1_imp_auto_pc_0/system_axi_interconnect_1_imp_auto_pc_0_axi_protocol_converter_v2_1_37_axi_protocol_converter/system_axi_interconnect_1_imp_auto_pc_0_axi_protocol_converter_v2_1_37_axi3_conv/system_axi_interconnect_1_imp_auto_pc_0_axi_protocol_converter_v2_1_37_a_axi3_conv/system_axi_interconnect_1_imp_auto_pc_0_axi_data_fifo_v2_1_36_axic_fifo/system_axi_interconnect_1_imp_auto_pc_0_axi_data_fifo_v2_1_36_fifo_gen/<hidden>/<hidden>/<hidden>/<hidden>/<hidden>/<hidden>
  -------------------------------------------------------------------    -------------------
    SLICE_X16Y46         FDPE (Prop_fdpe_C_Q)         0.478     7.365 f  rocketchip_wrapper/system/system_axi_interconnect_1_0/s00_couplers_imp_8CNLH6/system_axi_interconnect_1_imp_auto_pc_0/system_axi_interconnect_1_imp_auto_pc_0_axi_protocol_converter_v2_1_37_axi_protocol_converter/system_axi_interconnect_1_imp_auto_pc_0_axi_protocol_converter_v2_1_37_axi3_conv/system_axi_interconnect_1_imp_auto_pc_0_axi_protocol_converter_v2_1_37_a_axi3_conv/system_axi_interconnect_1_imp_auto_pc_0_axi_data_fifo_v2_1_36_axic_fifo/system_axi_interconnect_1_imp_auto_pc_0_axi_data_fifo_v2_1_36_fifo_gen/<hidden>/<hidden>/<hidden>/<hidden>/<hidden>/<hidden>
                         net (fo=3, routed)           1.170     8.535    rocketchip_wrapper/system/system_axi_interconnect_1_0/s00_couplers_imp_8CNLH6/system_axi_interconnect_1_imp_auto_pc_0/system_axi_interconnect_1_imp_auto_pc_0_axi_protocol_converter_v2_1_37_axi_protocol_converter/system_axi_interconnect_1_imp_auto_pc_0_axi_protocol_converter_v2_1_37_axi3_conv/system_axi_interconnect_1_imp_auto_pc_0_axi_protocol_converter_v2_1_37_a_axi3_conv/system_axi_interconnect_1_imp_auto_pc_0_axi_data_fifo_v2_1_36_axic_fifo/system_axi_interconnect_1_imp_auto_pc_0_axi_data_fifo_v2_1_36_fifo_gen/<hidden>/<hidden>/<hidden>/<hidden>/<hidden>
    SLICE_X15Y46         LUT3 (Prop_lut3_I2_O)        0.295     8.830 f  rocketchip_wrapper/system/system_axi_interconnect_1_0/s00_couplers_imp_8CNLH6/system_axi_interconnect_1_imp_auto_pc_0/system_axi_interconnect_1_imp_auto_pc_0_axi_protocol_converter_v2_1_37_axi_protocol_converter/system_axi_interconnect_1_imp_auto_pc_0_axi_protocol_converter_v2_1_37_axi3_conv/system_axi_interconnect_1_imp_auto_pc_0_axi_protocol_converter_v2_1_37_a_axi3_conv/system_axi_interconnect_1_imp_auto_pc_0_axi_data_fifo_v2_1_36_axic_fifo/system_axi_interconnect_1_imp_auto_pc_0_axi_data_fifo_v2_1_36_fifo_gen/<hidden>/<hidden>/<hidden>/<hidden>/<hidden>
                         net (fo=32, routed)          0.929     9.759    rocketchip_wrapper/system/system_axi_interconnect_1_0/s00_couplers_imp_8CNLH6/system_axi_interconnect_1_imp_auto_pc_0/system_axi_interconnect_1_imp_auto_pc_0_axi_protocol_converter_v2_1_37_axi_protocol_converter/system_axi_interconnect_1_imp_auto_pc_0_axi_protocol_converter_v2_1_37_axi3_conv/system_axi_interconnect_1_imp_auto_pc_0_axi_protocol_converter_v2_1_37_a_axi3_conv/system_axi_interconnect_1_imp_auto_pc_0_axi_data_fifo_v2_1_36_axic_fifo/system_axi_interconnect_1_imp_auto_pc_0_axi_data_fifo_v2_1_36_fifo_gen/<hidden>/<hidden>/<hidden>/<hidden>/<hidden>/<hidden>
    SLICE_X13Y47         FDCE                                         f  rocketchip_wrapper/system/system_axi_interconnect_1_0/s00_couplers_imp_8CNLH6/system_axi_interconnect_1_imp_auto_pc_0/system_axi_interconnect_1_imp_auto_pc_0_axi_protocol_converter_v2_1_37_axi_protocol_converter/system_axi_interconnect_1_imp_auto_pc_0_axi_protocol_converter_v2_1_37_axi3_conv/system_axi_interconnect_1_imp_auto_pc_0_axi_protocol_converter_v2_1_37_a_axi3_conv/system_axi_interconnect_1_imp_auto_pc_0_axi_data_fifo_v2_1_36_axic_fifo/system_axi_interconnect_1_imp_auto_pc_0_axi_data_fifo_v2_1_36_fifo_gen/<hidden>/<hidden>/<hidden>/<hidden>/<hidden>/<hidden>
  -------------------------------------------------------------------    -------------------

                         (clock host_clk_i rise edge)
                                                     25.000    25.000 r  
    H16                                               0.000    25.000 r  clk (IN)
                         net (fo=0)                   0.000    25.000    clk
    H16                  IBUF (Prop_ibuf_I_O)         1.380    26.380 r  ibufg_gclk/O
                         net (fo=1, routed)           1.162    27.542    gclk_i
    MMCME2_ADV_X1Y2      MMCME2_ADV (Prop_mmcme2_adv_CLKIN1_CLKOUT0)
                                                      0.083    27.625 r  MMCME2_BASE_inst/CLKOUT0
                         net (fo=1, routed)           2.012    29.637    host_clk_i
    BUFGCTRL_X0Y16       BUFG (Prop_bufg_I_O)         0.091    29.728 r  bufg_host_clk/O
                         net (fo=13302, routed)       1.581    31.310    rocketchip_wrapper/system/system_axi_interconnect_1_0/s00_couplers_imp_8CNLH6/system_axi_interconnect_1_imp_auto_pc_0/system_axi_interconnect_1_imp_auto_pc_0_axi_protocol_converter_v2_1_37_axi_protocol_converter/system_axi_interconnect_1_imp_auto_pc_0_axi_protocol_converter_v2_1_37_axi3_conv/system_axi_interconnect_1_imp_auto_pc_0_axi_protocol_converter_v2_1_37_a_axi3_conv/system_axi_interconnect_1_imp_auto_pc_0_axi_data_fifo_v2_1_36_axic_fifo/system_axi_interconnect_1_imp_auto_pc_0_axi_data_fifo_v2_1_36_fifo_gen/<hidden>/<hidden>/<hidden>/<hidden>/<hidden>/<hidden>
    SLICE_X13Y47         FDCE                                         r  rocketchip_wrapper/system/system_axi_interconnect_1_0/s00_couplers_imp_8CNLH6/system_axi_interconnect_1_imp_auto_pc_0/system_axi_interconnect_1_imp_auto_pc_0_axi_protocol_converter_v2_1_37_axi_protocol_converter/system_axi_interconnect_1_imp_auto_pc_0_axi_protocol_converter_v2_1_37_axi3_conv/system_axi_interconnect_1_imp_auto_pc_0_axi_protocol_converter_v2_1_37_a_axi3_conv/system_axi_interconnect_1_imp_auto_pc_0_axi_data_fifo_v2_1_36_axic_fifo/system_axi_interconnect_1_imp_auto_pc_0_axi_data_fifo_v2_1_36_fifo_gen/<hidden>/<hidden>/<hidden>/<hidden>/<hidden>/<hidden>
                         clock pessimism              0.517    31.827    
                         clock uncertainty           -0.082    31.745    
    SLICE_X13Y47         FDCE (Recov_fdce_C_CLR)     -0.405    31.340    rocketchip_wrapper/system/system_axi_interconnect_1_0/s00_couplers_imp_8CNLH6/system_axi_interconnect_1_imp_auto_pc_0/system_axi_interconnect_1_imp_auto_pc_0_axi_protocol_converter_v2_1_37_axi_protocol_converter/system_axi_interconnect_1_imp_auto_pc_0_axi_protocol_converter_v2_1_37_axi3_conv/system_axi_interconnect_1_imp_auto_pc_0_axi_protocol_converter_v2_1_37_a_axi3_conv/system_axi_interconnect_1_imp_auto_pc_0_axi_data_fifo_v2_1_36_axic_fifo/system_axi_interconnect_1_imp_auto_pc_0_axi_data_fifo_v2_1_36_fifo_gen/<hidden>/<hidden>/<hidden>/<hidden>/<hidden>/<hidden>
  -------------------------------------------------------------------
                         required time                         31.340    
                         arrival time                          -9.759    
  -------------------------------------------------------------------
                         slack                                 21.581    

Slack (MET) :             21.581ns  (required time - arrival time)
  Source:                 rocketchip_wrapper/system/system_axi_interconnect_1_0/s00_couplers_imp_8CNLH6/system_axi_interconnect_1_imp_auto_pc_0/system_axi_interconnect_1_imp_auto_pc_0_axi_protocol_converter_v2_1_37_axi_protocol_converter/system_axi_interconnect_1_imp_auto_pc_0_axi_protocol_converter_v2_1_37_axi3_conv/system_axi_interconnect_1_imp_auto_pc_0_axi_protocol_converter_v2_1_37_a_axi3_conv/system_axi_interconnect_1_imp_auto_pc_0_axi_data_fifo_v2_1_36_axic_fifo/system_axi_interconnect_1_imp_auto_pc_0_axi_data_fifo_v2_1_36_fifo_gen/<hidden>/<hidden>/<hidden>/<hidden>/<hidden>/<hidden>
                            (rising edge-triggered cell FDPE clocked by host_clk_i  {rise@0.000ns fall@12.500ns period=25.000ns})
  Destination:            rocketchip_wrapper/system/system_axi_interconnect_1_0/s00_couplers_imp_8CNLH6/system_axi_interconnect_1_imp_auto_pc_0/system_axi_interconnect_1_imp_auto_pc_0_axi_protocol_converter_v2_1_37_axi_protocol_converter/system_axi_interconnect_1_imp_auto_pc_0_axi_protocol_converter_v2_1_37_axi3_conv/system_axi_interconnect_1_imp_auto_pc_0_axi_protocol_converter_v2_1_37_a_axi3_conv/system_axi_interconnect_1_imp_auto_pc_0_axi_data_fifo_v2_1_36_axic_fifo/system_axi_interconnect_1_imp_auto_pc_0_axi_data_fifo_v2_1_36_fifo_gen/<hidden>/<hidden>/<hidden>/<hidden>/<hidden>/<hidden>
                            (recovery check against rising-edge clock host_clk_i  {rise@0.000ns fall@12.500ns period=25.000ns})
  Path Group:             **async_default**
  Path Type:              Recovery (Max at Slow Process Corner)
  Requirement:            25.000ns  (host_clk_i rise@25.000ns - host_clk_i rise@0.000ns)
  Data Path Delay:        2.872ns  (logic 0.773ns (26.911%)  route 2.099ns (73.089%))
  Logic Levels:           1  (LUT3=1)
  Clock Path Skew:        -0.060ns (DCD - SCD + CPR)
    Destination Clock Delay (DCD):    6.310ns = ( 31.310 - 25.000 ) 
    Source Clock Delay      (SCD):    6.887ns
    Clock Pessimism Removal (CPR):    0.517ns
  Clock Uncertainty:      0.082ns  ((TSJ^2 + DJ^2)^1/2) / 2 + PE
    Total System Jitter     (TSJ):    0.071ns
    Discrete Jitter          (DJ):    0.147ns
    Phase Error              (PE):    0.000ns

    Location             Delay type                Incr(ns)  Path(ns)    Netlist Resource(s)
  -------------------------------------------------------------------    -------------------
                         (clock host_clk_i rise edge)
                                                      0.000     0.000 r  
    H16                                               0.000     0.000 r  clk (IN)
                         net (fo=0)                   0.000     0.000    clk
    H16                  IBUF (Prop_ibuf_I_O)         1.451     1.451 r  ibufg_gclk/O
                         net (fo=1, routed)           1.285     2.736    gclk_i
    MMCME2_ADV_X1Y2      MMCME2_ADV (Prop_mmcme2_adv_CLKIN1_CLKOUT0)
                                                      0.088     2.824 r  MMCME2_BASE_inst/CLKOUT0
                         net (fo=1, routed)           2.206     5.030    host_clk_i
    BUFGCTRL_X0Y16       BUFG (Prop_bufg_I_O)         0.101     5.131 r  bufg_host_clk/O
                         net (fo=13302, routed)       1.756     6.887    rocketchip_wrapper/system/system_axi_interconnect_1_0/s00_couplers_imp_8CNLH6/system_axi_interconnect_1_imp_auto_pc_0/system_axi_interconnect_1_imp_auto_pc_0_axi_protocol_converter_v2_1_37_axi_protocol_converter/system_axi_interconnect_1_imp_auto_pc_0_axi_protocol_converter_v2_1_37_axi3_conv/system_axi_interconnect_1_imp_auto_pc_0_axi_protocol_converter_v2_1_37_a_axi3_conv/system_axi_interconnect_1_imp_auto_pc_0_axi_data_fifo_v2_1_36_axic_fifo/system_axi_interconnect_1_imp_auto_pc_0_axi_data_fifo_v2_1_36_fifo_gen/<hidden>/<hidden>/<hidden>/<hidden>/<hidden>/<hidden>
    SLICE_X16Y46         FDPE                                         r  rocketchip_wrapper/system/system_axi_interconnect_1_0/s00_couplers_imp_8CNLH6/system_axi_interconnect_1_imp_auto_pc_0/system_axi_interconnect_1_imp_auto_pc_0_axi_protocol_converter_v2_1_37_axi_protocol_converter/system_axi_interconnect_1_imp_auto_pc_0_axi_protocol_converter_v2_1_37_axi3_conv/system_axi_interconnect_1_imp_auto_pc_0_axi_protocol_converter_v2_1_37_a_axi3_conv/system_axi_interconnect_1_imp_auto_pc_0_axi_data_fifo_v2_1_36_axic_fifo/system_axi_interconnect_1_imp_auto_pc_0_axi_data_fifo_v2_1_36_fifo_gen/<hidden>/<hidden>/<hidden>/<hidden>/<hidden>/<hidden>
  -------------------------------------------------------------------    -------------------
    SLICE_X16Y46         FDPE (Prop_fdpe_C_Q)         0.478     7.365 f  rocketchip_wrapper/system/system_axi_interconnect_1_0/s00_couplers_imp_8CNLH6/system_axi_interconnect_1_imp_auto_pc_0/system_axi_interconnect_1_imp_auto_pc_0_axi_protocol_converter_v2_1_37_axi_protocol_converter/system_axi_interconnect_1_imp_auto_pc_0_axi_protocol_converter_v2_1_37_axi3_conv/system_axi_interconnect_1_imp_auto_pc_0_axi_protocol_converter_v2_1_37_a_axi3_conv/system_axi_interconnect_1_imp_auto_pc_0_axi_data_fifo_v2_1_36_axic_fifo/system_axi_interconnect_1_imp_auto_pc_0_axi_data_fifo_v2_1_36_fifo_gen/<hidden>/<hidden>/<hidden>/<hidden>/<hidden>/<hidden>
                         net (fo=3, routed)           1.170     8.535    rocketchip_wrapper/system/system_axi_interconnect_1_0/s00_couplers_imp_8CNLH6/system_axi_interconnect_1_imp_auto_pc_0/system_axi_interconnect_1_imp_auto_pc_0_axi_protocol_converter_v2_1_37_axi_protocol_converter/system_axi_interconnect_1_imp_auto_pc_0_axi_protocol_converter_v2_1_37_axi3_conv/system_axi_interconnect_1_imp_auto_pc_0_axi_protocol_converter_v2_1_37_a_axi3_conv/system_axi_interconnect_1_imp_auto_pc_0_axi_data_fifo_v2_1_36_axic_fifo/system_axi_interconnect_1_imp_auto_pc_0_axi_data_fifo_v2_1_36_fifo_gen/<hidden>/<hidden>/<hidden>/<hidden>/<hidden>
    SLICE_X15Y46         LUT3 (Prop_lut3_I2_O)        0.295     8.830 f  rocketchip_wrapper/system/system_axi_interconnect_1_0/s00_couplers_imp_8CNLH6/system_axi_interconnect_1_imp_auto_pc_0/system_axi_interconnect_1_imp_auto_pc_0_axi_protocol_converter_v2_1_37_axi_protocol_converter/system_axi_interconnect_1_imp_auto_pc_0_axi_protocol_converter_v2_1_37_axi3_conv/system_axi_interconnect_1_imp_auto_pc_0_axi_protocol_converter_v2_1_37_a_axi3_conv/system_axi_interconnect_1_imp_auto_pc_0_axi_data_fifo_v2_1_36_axic_fifo/system_axi_interconnect_1_imp_auto_pc_0_axi_data_fifo_v2_1_36_fifo_gen/<hidden>/<hidden>/<hidden>/<hidden>/<hidden>
                         net (fo=32, routed)          0.929     9.759    rocketchip_wrapper/system/system_axi_interconnect_1_0/s00_couplers_imp_8CNLH6/system_axi_interconnect_1_imp_auto_pc_0/system_axi_interconnect_1_imp_auto_pc_0_axi_protocol_converter_v2_1_37_axi_protocol_converter/system_axi_interconnect_1_imp_auto_pc_0_axi_protocol_converter_v2_1_37_axi3_conv/system_axi_interconnect_1_imp_auto_pc_0_axi_protocol_converter_v2_1_37_a_axi3_conv/system_axi_interconnect_1_imp_auto_pc_0_axi_data_fifo_v2_1_36_axic_fifo/system_axi_interconnect_1_imp_auto_pc_0_axi_data_fifo_v2_1_36_fifo_gen/<hidden>/<hidden>/<hidden>/<hidden>/<hidden>/<hidden>
    SLICE_X13Y47         FDCE                                         f  rocketchip_wrapper/system/system_axi_interconnect_1_0/s00_couplers_imp_8CNLH6/system_axi_interconnect_1_imp_auto_pc_0/system_axi_interconnect_1_imp_auto_pc_0_axi_protocol_converter_v2_1_37_axi_protocol_converter/system_axi_interconnect_1_imp_auto_pc_0_axi_protocol_converter_v2_1_37_axi3_conv/system_axi_interconnect_1_imp_auto_pc_0_axi_protocol_converter_v2_1_37_a_axi3_conv/system_axi_interconnect_1_imp_auto_pc_0_axi_data_fifo_v2_1_36_axic_fifo/system_axi_interconnect_1_imp_auto_pc_0_axi_data_fifo_v2_1_36_fifo_gen/<hidden>/<hidden>/<hidden>/<hidden>/<hidden>/<hidden>
  -------------------------------------------------------------------    -------------------

                         (clock host_clk_i rise edge)
                                                     25.000    25.000 r  
    H16                                               0.000    25.000 r  clk (IN)
                         net (fo=0)                   0.000    25.000    clk
    H16                  IBUF (Prop_ibuf_I_O)         1.380    26.380 r  ibufg_gclk/O
                         net (fo=1, routed)           1.162    27.542    gclk_i
    MMCME2_ADV_X1Y2      MMCME2_ADV (Prop_mmcme2_adv_CLKIN1_CLKOUT0)
                                                      0.083    27.625 r  MMCME2_BASE_inst/CLKOUT0
                         net (fo=1, routed)           2.012    29.637    host_clk_i
    BUFGCTRL_X0Y16       BUFG (Prop_bufg_I_O)         0.091    29.728 r  bufg_host_clk/O
                         net (fo=13302, routed)       1.581    31.310    rocketchip_wrapper/system/system_axi_interconnect_1_0/s00_couplers_imp_8CNLH6/system_axi_interconnect_1_imp_auto_pc_0/system_axi_interconnect_1_imp_auto_pc_0_axi_protocol_converter_v2_1_37_axi_protocol_converter/system_axi_interconnect_1_imp_auto_pc_0_axi_protocol_converter_v2_1_37_axi3_conv/system_axi_interconnect_1_imp_auto_pc_0_axi_protocol_converter_v2_1_37_a_axi3_conv/system_axi_interconnect_1_imp_auto_pc_0_axi_data_fifo_v2_1_36_axic_fifo/system_axi_interconnect_1_imp_auto_pc_0_axi_data_fifo_v2_1_36_fifo_gen/<hidden>/<hidden>/<hidden>/<hidden>/<hidden>/<hidden>
    SLICE_X13Y47         FDCE                                         r  rocketchip_wrapper/system/system_axi_interconnect_1_0/s00_couplers_imp_8CNLH6/system_axi_interconnect_1_imp_auto_pc_0/system_axi_interconnect_1_imp_auto_pc_0_axi_protocol_converter_v2_1_37_axi_protocol_converter/system_axi_interconnect_1_imp_auto_pc_0_axi_protocol_converter_v2_1_37_axi3_conv/system_axi_interconnect_1_imp_auto_pc_0_axi_protocol_converter_v2_1_37_a_axi3_conv/system_axi_interconnect_1_imp_auto_pc_0_axi_data_fifo_v2_1_36_axic_fifo/system_axi_interconnect_1_imp_auto_pc_0_axi_data_fifo_v2_1_36_fifo_gen/<hidden>/<hidden>/<hidden>/<hidden>/<hidden>/<hidden>
                         clock pessimism              0.517    31.827    
                         clock uncertainty           -0.082    31.745    
    SLICE_X13Y47         FDCE (Recov_fdce_C_CLR)     -0.405    31.340    rocketchip_wrapper/system/system_axi_interconnect_1_0/s00_couplers_imp_8CNLH6/system_axi_interconnect_1_imp_auto_pc_0/system_axi_interconnect_1_imp_auto_pc_0_axi_protocol_converter_v2_1_37_axi_protocol_converter/system_axi_interconnect_1_imp_auto_pc_0_axi_protocol_converter_v2_1_37_axi3_conv/system_axi_interconnect_1_imp_auto_pc_0_axi_protocol_converter_v2_1_37_a_axi3_conv/system_axi_interconnect_1_imp_auto_pc_0_axi_data_fifo_v2_1_36_axic_fifo/system_axi_interconnect_1_imp_auto_pc_0_axi_data_fifo_v2_1_36_fifo_gen/<hidden>/<hidden>/<hidden>/<hidden>/<hidden>/<hidden>
  -------------------------------------------------------------------
                         required time                         31.340    
                         arrival time                          -9.759    
  -------------------------------------------------------------------
                         slack                                 21.581    

Slack (MET) :             21.581ns  (required time - arrival time)
  Source:                 rocketchip_wrapper/system/system_axi_interconnect_1_0/s00_couplers_imp_8CNLH6/system_axi_interconnect_1_imp_auto_pc_0/system_axi_interconnect_1_imp_auto_pc_0_axi_protocol_converter_v2_1_37_axi_protocol_converter/system_axi_interconnect_1_imp_auto_pc_0_axi_protocol_converter_v2_1_37_axi3_conv/system_axi_interconnect_1_imp_auto_pc_0_axi_protocol_converter_v2_1_37_a_axi3_conv/system_axi_interconnect_1_imp_auto_pc_0_axi_data_fifo_v2_1_36_axic_fifo/system_axi_interconnect_1_imp_auto_pc_0_axi_data_fifo_v2_1_36_fifo_gen/<hidden>/<hidden>/<hidden>/<hidden>/<hidden>/<hidden>
                            (rising edge-triggered cell FDPE clocked by host_clk_i  {rise@0.000ns fall@12.500ns period=25.000ns})
  Destination:            rocketchip_wrapper/system/system_axi_interconnect_1_0/s00_couplers_imp_8CNLH6/system_axi_interconnect_1_imp_auto_pc_0/system_axi_interconnect_1_imp_auto_pc_0_axi_protocol_converter_v2_1_37_axi_protocol_converter/system_axi_interconnect_1_imp_auto_pc_0_axi_protocol_converter_v2_1_37_axi3_conv/system_axi_interconnect_1_imp_auto_pc_0_axi_protocol_converter_v2_1_37_a_axi3_conv/system_axi_interconnect_1_imp_auto_pc_0_axi_data_fifo_v2_1_36_axic_fifo/system_axi_interconnect_1_imp_auto_pc_0_axi_data_fifo_v2_1_36_fifo_gen/<hidden>/<hidden>/<hidden>/<hidden>/<hidden>/<hidden>
                            (recovery check against rising-edge clock host_clk_i  {rise@0.000ns fall@12.500ns period=25.000ns})
  Path Group:             **async_default**
  Path Type:              Recovery (Max at Slow Process Corner)
  Requirement:            25.000ns  (host_clk_i rise@25.000ns - host_clk_i rise@0.000ns)
  Data Path Delay:        2.872ns  (logic 0.773ns (26.911%)  route 2.099ns (73.089%))
  Logic Levels:           1  (LUT3=1)
  Clock Path Skew:        -0.060ns (DCD - SCD + CPR)
    Destination Clock Delay (DCD):    6.310ns = ( 31.310 - 25.000 ) 
    Source Clock Delay      (SCD):    6.887ns
    Clock Pessimism Removal (CPR):    0.517ns
  Clock Uncertainty:      0.082ns  ((TSJ^2 + DJ^2)^1/2) / 2 + PE
    Total System Jitter     (TSJ):    0.071ns
    Discrete Jitter          (DJ):    0.147ns
    Phase Error              (PE):    0.000ns

    Location             Delay type                Incr(ns)  Path(ns)    Netlist Resource(s)
  -------------------------------------------------------------------    -------------------
                         (clock host_clk_i rise edge)
                                                      0.000     0.000 r  
    H16                                               0.000     0.000 r  clk (IN)
                         net (fo=0)                   0.000     0.000    clk
    H16                  IBUF (Prop_ibuf_I_O)         1.451     1.451 r  ibufg_gclk/O
                         net (fo=1, routed)           1.285     2.736    gclk_i
    MMCME2_ADV_X1Y2      MMCME2_ADV (Prop_mmcme2_adv_CLKIN1_CLKOUT0)
                                                      0.088     2.824 r  MMCME2_BASE_inst/CLKOUT0
                         net (fo=1, routed)           2.206     5.030    host_clk_i
    BUFGCTRL_X0Y16       BUFG (Prop_bufg_I_O)         0.101     5.131 r  bufg_host_clk/O
                         net (fo=13302, routed)       1.756     6.887    rocketchip_wrapper/system/system_axi_interconnect_1_0/s00_couplers_imp_8CNLH6/system_axi_interconnect_1_imp_auto_pc_0/system_axi_interconnect_1_imp_auto_pc_0_axi_protocol_converter_v2_1_37_axi_protocol_converter/system_axi_interconnect_1_imp_auto_pc_0_axi_protocol_converter_v2_1_37_axi3_conv/system_axi_interconnect_1_imp_auto_pc_0_axi_protocol_converter_v2_1_37_a_axi3_conv/system_axi_interconnect_1_imp_auto_pc_0_axi_data_fifo_v2_1_36_axic_fifo/system_axi_interconnect_1_imp_auto_pc_0_axi_data_fifo_v2_1_36_fifo_gen/<hidden>/<hidden>/<hidden>/<hidden>/<hidden>/<hidden>
    SLICE_X16Y46         FDPE                                         r  rocketchip_wrapper/system/system_axi_interconnect_1_0/s00_couplers_imp_8CNLH6/system_axi_interconnect_1_imp_auto_pc_0/system_axi_interconnect_1_imp_auto_pc_0_axi_protocol_converter_v2_1_37_axi_protocol_converter/system_axi_interconnect_1_imp_auto_pc_0_axi_protocol_converter_v2_1_37_axi3_conv/system_axi_interconnect_1_imp_auto_pc_0_axi_protocol_converter_v2_1_37_a_axi3_conv/system_axi_interconnect_1_imp_auto_pc_0_axi_data_fifo_v2_1_36_axic_fifo/system_axi_interconnect_1_imp_auto_pc_0_axi_data_fifo_v2_1_36_fifo_gen/<hidden>/<hidden>/<hidden>/<hidden>/<hidden>/<hidden>
  -------------------------------------------------------------------    -------------------
    SLICE_X16Y46         FDPE (Prop_fdpe_C_Q)         0.478     7.365 f  rocketchip_wrapper/system/system_axi_interconnect_1_0/s00_couplers_imp_8CNLH6/system_axi_interconnect_1_imp_auto_pc_0/system_axi_interconnect_1_imp_auto_pc_0_axi_protocol_converter_v2_1_37_axi_protocol_converter/system_axi_interconnect_1_imp_auto_pc_0_axi_protocol_converter_v2_1_37_axi3_conv/system_axi_interconnect_1_imp_auto_pc_0_axi_protocol_converter_v2_1_37_a_axi3_conv/system_axi_interconnect_1_imp_auto_pc_0_axi_data_fifo_v2_1_36_axic_fifo/system_axi_interconnect_1_imp_auto_pc_0_axi_data_fifo_v2_1_36_fifo_gen/<hidden>/<hidden>/<hidden>/<hidden>/<hidden>/<hidden>
                         net (fo=3, routed)           1.170     8.535    rocketchip_wrapper/system/system_axi_interconnect_1_0/s00_couplers_imp_8CNLH6/system_axi_interconnect_1_imp_auto_pc_0/system_axi_interconnect_1_imp_auto_pc_0_axi_protocol_converter_v2_1_37_axi_protocol_converter/system_axi_interconnect_1_imp_auto_pc_0_axi_protocol_converter_v2_1_37_axi3_conv/system_axi_interconnect_1_imp_auto_pc_0_axi_protocol_converter_v2_1_37_a_axi3_conv/system_axi_interconnect_1_imp_auto_pc_0_axi_data_fifo_v2_1_36_axic_fifo/system_axi_interconnect_1_imp_auto_pc_0_axi_data_fifo_v2_1_36_fifo_gen/<hidden>/<hidden>/<hidden>/<hidden>/<hidden>
    SLICE_X15Y46         LUT3 (Prop_lut3_I2_O)        0.295     8.830 f  rocketchip_wrapper/system/system_axi_interconnect_1_0/s00_couplers_imp_8CNLH6/system_axi_interconnect_1_imp_auto_pc_0/system_axi_interconnect_1_imp_auto_pc_0_axi_protocol_converter_v2_1_37_axi_protocol_converter/system_axi_interconnect_1_imp_auto_pc_0_axi_protocol_converter_v2_1_37_axi3_conv/system_axi_interconnect_1_imp_auto_pc_0_axi_protocol_converter_v2_1_37_a_axi3_conv/system_axi_interconnect_1_imp_auto_pc_0_axi_data_fifo_v2_1_36_axic_fifo/system_axi_interconnect_1_imp_auto_pc_0_axi_data_fifo_v2_1_36_fifo_gen/<hidden>/<hidden>/<hidden>/<hidden>/<hidden>
                         net (fo=32, routed)          0.929     9.759    rocketchip_wrapper/system/system_axi_interconnect_1_0/s00_couplers_imp_8CNLH6/system_axi_interconnect_1_imp_auto_pc_0/system_axi_interconnect_1_imp_auto_pc_0_axi_protocol_converter_v2_1_37_axi_protocol_converter/system_axi_interconnect_1_imp_auto_pc_0_axi_protocol_converter_v2_1_37_axi3_conv/system_axi_interconnect_1_imp_auto_pc_0_axi_protocol_converter_v2_1_37_a_axi3_conv/system_axi_interconnect_1_imp_auto_pc_0_axi_data_fifo_v2_1_36_axic_fifo/system_axi_interconnect_1_imp_auto_pc_0_axi_data_fifo_v2_1_36_fifo_gen/<hidden>/<hidden>/<hidden>/<hidden>/<hidden>/<hidden>
    SLICE_X13Y47         FDCE                                         f  rocketchip_wrapper/system/system_axi_interconnect_1_0/s00_couplers_imp_8CNLH6/system_axi_interconnect_1_imp_auto_pc_0/system_axi_interconnect_1_imp_auto_pc_0_axi_protocol_converter_v2_1_37_axi_protocol_converter/system_axi_interconnect_1_imp_auto_pc_0_axi_protocol_converter_v2_1_37_axi3_conv/system_axi_interconnect_1_imp_auto_pc_0_axi_protocol_converter_v2_1_37_a_axi3_conv/system_axi_interconnect_1_imp_auto_pc_0_axi_data_fifo_v2_1_36_axic_fifo/system_axi_interconnect_1_imp_auto_pc_0_axi_data_fifo_v2_1_36_fifo_gen/<hidden>/<hidden>/<hidden>/<hidden>/<hidden>/<hidden>
  -------------------------------------------------------------------    -------------------

                         (clock host_clk_i rise edge)
                                                     25.000    25.000 r  
    H16                                               0.000    25.000 r  clk (IN)
                         net (fo=0)                   0.000    25.000    clk
    H16                  IBUF (Prop_ibuf_I_O)         1.380    26.380 r  ibufg_gclk/O
                         net (fo=1, routed)           1.162    27.542    gclk_i
    MMCME2_ADV_X1Y2      MMCME2_ADV (Prop_mmcme2_adv_CLKIN1_CLKOUT0)
                                                      0.083    27.625 r  MMCME2_BASE_inst/CLKOUT0
                         net (fo=1, routed)           2.012    29.637    host_clk_i
    BUFGCTRL_X0Y16       BUFG (Prop_bufg_I_O)         0.091    29.728 r  bufg_host_clk/O
                         net (fo=13302, routed)       1.581    31.310    rocketchip_wrapper/system/system_axi_interconnect_1_0/s00_couplers_imp_8CNLH6/system_axi_interconnect_1_imp_auto_pc_0/system_axi_interconnect_1_imp_auto_pc_0_axi_protocol_converter_v2_1_37_axi_protocol_converter/system_axi_interconnect_1_imp_auto_pc_0_axi_protocol_converter_v2_1_37_axi3_conv/system_axi_interconnect_1_imp_auto_pc_0_axi_protocol_converter_v2_1_37_a_axi3_conv/system_axi_interconnect_1_imp_auto_pc_0_axi_data_fifo_v2_1_36_axic_fifo/system_axi_interconnect_1_imp_auto_pc_0_axi_data_fifo_v2_1_36_fifo_gen/<hidden>/<hidden>/<hidden>/<hidden>/<hidden>/<hidden>
    SLICE_X13Y47         FDCE                                         r  rocketchip_wrapper/system/system_axi_interconnect_1_0/s00_couplers_imp_8CNLH6/system_axi_interconnect_1_imp_auto_pc_0/system_axi_interconnect_1_imp_auto_pc_0_axi_protocol_converter_v2_1_37_axi_protocol_converter/system_axi_interconnect_1_imp_auto_pc_0_axi_protocol_converter_v2_1_37_axi3_conv/system_axi_interconnect_1_imp_auto_pc_0_axi_protocol_converter_v2_1_37_a_axi3_conv/system_axi_interconnect_1_imp_auto_pc_0_axi_data_fifo_v2_1_36_axic_fifo/system_axi_interconnect_1_imp_auto_pc_0_axi_data_fifo_v2_1_36_fifo_gen/<hidden>/<hidden>/<hidden>/<hidden>/<hidden>/<hidden>
                         clock pessimism              0.517    31.827    
                         clock uncertainty           -0.082    31.745    
    SLICE_X13Y47         FDCE (Recov_fdce_C_CLR)     -0.405    31.340    rocketchip_wrapper/system/system_axi_interconnect_1_0/s00_couplers_imp_8CNLH6/system_axi_interconnect_1_imp_auto_pc_0/system_axi_interconnect_1_imp_auto_pc_0_axi_protocol_converter_v2_1_37_axi_protocol_converter/system_axi_interconnect_1_imp_auto_pc_0_axi_protocol_converter_v2_1_37_axi3_conv/system_axi_interconnect_1_imp_auto_pc_0_axi_protocol_converter_v2_1_37_a_axi3_conv/system_axi_interconnect_1_imp_auto_pc_0_axi_data_fifo_v2_1_36_axic_fifo/system_axi_interconnect_1_imp_auto_pc_0_axi_data_fifo_v2_1_36_fifo_gen/<hidden>/<hidden>/<hidden>/<hidden>/<hidden>/<hidden>
  -------------------------------------------------------------------
                         required time                         31.340    
                         arrival time                          -9.759    
  -------------------------------------------------------------------
                         slack                                 21.581    

Slack (MET) :             21.615ns  (required time - arrival time)
  Source:                 rocketchip_wrapper/system/system_axi_interconnect_1_0/s00_couplers_imp_8CNLH6/system_axi_interconnect_1_imp_auto_pc_0/system_axi_interconnect_1_imp_auto_pc_0_axi_protocol_converter_v2_1_37_axi_protocol_converter/system_axi_interconnect_1_imp_auto_pc_0_axi_protocol_converter_v2_1_37_axi3_conv/system_axi_interconnect_1_imp_auto_pc_0_axi_protocol_converter_v2_1_37_a_axi3_conv/system_axi_interconnect_1_imp_auto_pc_0_axi_data_fifo_v2_1_36_axic_fifo/system_axi_interconnect_1_imp_auto_pc_0_axi_data_fifo_v2_1_36_fifo_gen/<hidden>/<hidden>/<hidden>/<hidden>/<hidden>/<hidden>
                            (rising edge-triggered cell FDPE clocked by host_clk_i  {rise@0.000ns fall@12.500ns period=25.000ns})
  Destination:            rocketchip_wrapper/system/system_axi_interconnect_1_0/s00_couplers_imp_8CNLH6/system_axi_interconnect_1_imp_auto_pc_0/system_axi_interconnect_1_imp_auto_pc_0_axi_protocol_converter_v2_1_37_axi_protocol_converter/system_axi_interconnect_1_imp_auto_pc_0_axi_protocol_converter_v2_1_37_axi3_conv/system_axi_interconnect_1_imp_auto_pc_0_axi_protocol_converter_v2_1_37_a_axi3_conv/system_axi_interconnect_1_imp_auto_pc_0_axi_data_fifo_v2_1_36_axic_fifo/system_axi_interconnect_1_imp_auto_pc_0_axi_data_fifo_v2_1_36_fifo_gen/<hidden>/<hidden>/<hidden>/<hidden>/<hidden>/<hidden>
                            (recovery check against rising-edge clock host_clk_i  {rise@0.000ns fall@12.500ns period=25.000ns})
  Path Group:             **async_default**
  Path Type:              Recovery (Max at Slow Process Corner)
  Requirement:            25.000ns  (host_clk_i rise@25.000ns - host_clk_i rise@0.000ns)
  Data Path Delay:        2.883ns  (logic 0.773ns (26.816%)  route 2.110ns (73.184%))
  Logic Levels:           1  (LUT3=1)
  Clock Path Skew:        -0.060ns (DCD - SCD + CPR)
    Destination Clock Delay (DCD):    6.310ns = ( 31.310 - 25.000 ) 
    Source Clock Delay      (SCD):    6.887ns
    Clock Pessimism Removal (CPR):    0.517ns
  Clock Uncertainty:      0.082ns  ((TSJ^2 + DJ^2)^1/2) / 2 + PE
    Total System Jitter     (TSJ):    0.071ns
    Discrete Jitter          (DJ):    0.147ns
    Phase Error              (PE):    0.000ns

    Location             Delay type                Incr(ns)  Path(ns)    Netlist Resource(s)
  -------------------------------------------------------------------    -------------------
                         (clock host_clk_i rise edge)
                                                      0.000     0.000 r  
    H16                                               0.000     0.000 r  clk (IN)
                         net (fo=0)                   0.000     0.000    clk
    H16                  IBUF (Prop_ibuf_I_O)         1.451     1.451 r  ibufg_gclk/O
                         net (fo=1, routed)           1.285     2.736    gclk_i
    MMCME2_ADV_X1Y2      MMCME2_ADV (Prop_mmcme2_adv_CLKIN1_CLKOUT0)
                                                      0.088     2.824 r  MMCME2_BASE_inst/CLKOUT0
                         net (fo=1, routed)           2.206     5.030    host_clk_i
    BUFGCTRL_X0Y16       BUFG (Prop_bufg_I_O)         0.101     5.131 r  bufg_host_clk/O
                         net (fo=13302, routed)       1.756     6.887    rocketchip_wrapper/system/system_axi_interconnect_1_0/s00_couplers_imp_8CNLH6/system_axi_interconnect_1_imp_auto_pc_0/system_axi_interconnect_1_imp_auto_pc_0_axi_protocol_converter_v2_1_37_axi_protocol_converter/system_axi_interconnect_1_imp_auto_pc_0_axi_protocol_converter_v2_1_37_axi3_conv/system_axi_interconnect_1_imp_auto_pc_0_axi_protocol_converter_v2_1_37_a_axi3_conv/system_axi_interconnect_1_imp_auto_pc_0_axi_data_fifo_v2_1_36_axic_fifo/system_axi_interconnect_1_imp_auto_pc_0_axi_data_fifo_v2_1_36_fifo_gen/<hidden>/<hidden>/<hidden>/<hidden>/<hidden>/<hidden>
    SLICE_X16Y46         FDPE                                         r  rocketchip_wrapper/system/system_axi_interconnect_1_0/s00_couplers_imp_8CNLH6/system_axi_interconnect_1_imp_auto_pc_0/system_axi_interconnect_1_imp_auto_pc_0_axi_protocol_converter_v2_1_37_axi_protocol_converter/system_axi_interconnect_1_imp_auto_pc_0_axi_protocol_converter_v2_1_37_axi3_conv/system_axi_interconnect_1_imp_auto_pc_0_axi_protocol_converter_v2_1_37_a_axi3_conv/system_axi_interconnect_1_imp_auto_pc_0_axi_data_fifo_v2_1_36_axic_fifo/system_axi_interconnect_1_imp_auto_pc_0_axi_data_fifo_v2_1_36_fifo_gen/<hidden>/<hidden>/<hidden>/<hidden>/<hidden>/<hidden>
  -------------------------------------------------------------------    -------------------
    SLICE_X16Y46         FDPE (Prop_fdpe_C_Q)         0.478     7.365 f  rocketchip_wrapper/system/system_axi_interconnect_1_0/s00_couplers_imp_8CNLH6/system_axi_interconnect_1_imp_auto_pc_0/system_axi_interconnect_1_imp_auto_pc_0_axi_protocol_converter_v2_1_37_axi_protocol_converter/system_axi_interconnect_1_imp_auto_pc_0_axi_protocol_converter_v2_1_37_axi3_conv/system_axi_interconnect_1_imp_auto_pc_0_axi_protocol_converter_v2_1_37_a_axi3_conv/system_axi_interconnect_1_imp_auto_pc_0_axi_data_fifo_v2_1_36_axic_fifo/system_axi_interconnect_1_imp_auto_pc_0_axi_data_fifo_v2_1_36_fifo_gen/<hidden>/<hidden>/<hidden>/<hidden>/<hidden>/<hidden>
                         net (fo=3, routed)           1.170     8.535    rocketchip_wrapper/system/system_axi_interconnect_1_0/s00_couplers_imp_8CNLH6/system_axi_interconnect_1_imp_auto_pc_0/system_axi_interconnect_1_imp_auto_pc_0_axi_protocol_converter_v2_1_37_axi_protocol_converter/system_axi_interconnect_1_imp_auto_pc_0_axi_protocol_converter_v2_1_37_axi3_conv/system_axi_interconnect_1_imp_auto_pc_0_axi_protocol_converter_v2_1_37_a_axi3_conv/system_axi_interconnect_1_imp_auto_pc_0_axi_data_fifo_v2_1_36_axic_fifo/system_axi_interconnect_1_imp_auto_pc_0_axi_data_fifo_v2_1_36_fifo_gen/<hidden>/<hidden>/<hidden>/<hidden>/<hidden>
    SLICE_X15Y46         LUT3 (Prop_lut3_I2_O)        0.295     8.830 f  rocketchip_wrapper/system/system_axi_interconnect_1_0/s00_couplers_imp_8CNLH6/system_axi_interconnect_1_imp_auto_pc_0/system_axi_interconnect_1_imp_auto_pc_0_axi_protocol_converter_v2_1_37_axi_protocol_converter/system_axi_interconnect_1_imp_auto_pc_0_axi_protocol_converter_v2_1_37_axi3_conv/system_axi_interconnect_1_imp_auto_pc_0_axi_protocol_converter_v2_1_37_a_axi3_conv/system_axi_interconnect_1_imp_auto_pc_0_axi_data_fifo_v2_1_36_axic_fifo/system_axi_interconnect_1_imp_auto_pc_0_axi_data_fifo_v2_1_36_fifo_gen/<hidden>/<hidden>/<hidden>/<hidden>/<hidden>
                         net (fo=32, routed)          0.939     9.769    rocketchip_wrapper/system/system_axi_interconnect_1_0/s00_couplers_imp_8CNLH6/system_axi_interconnect_1_imp_auto_pc_0/system_axi_interconnect_1_imp_auto_pc_0_axi_protocol_converter_v2_1_37_axi_protocol_converter/system_axi_interconnect_1_imp_auto_pc_0_axi_protocol_converter_v2_1_37_axi3_conv/system_axi_interconnect_1_imp_auto_pc_0_axi_protocol_converter_v2_1_37_a_axi3_conv/system_axi_interconnect_1_imp_auto_pc_0_axi_data_fifo_v2_1_36_axic_fifo/system_axi_interconnect_1_imp_auto_pc_0_axi_data_fifo_v2_1_36_fifo_gen/<hidden>/<hidden>/<hidden>/<hidden>/<hidden>/<hidden>
    SLICE_X14Y47         FDPE                                         f  rocketchip_wrapper/system/system_axi_interconnect_1_0/s00_couplers_imp_8CNLH6/system_axi_interconnect_1_imp_auto_pc_0/system_axi_interconnect_1_imp_auto_pc_0_axi_protocol_converter_v2_1_37_axi_protocol_converter/system_axi_interconnect_1_imp_auto_pc_0_axi_protocol_converter_v2_1_37_axi3_conv/system_axi_interconnect_1_imp_auto_pc_0_axi_protocol_converter_v2_1_37_a_axi3_conv/system_axi_interconnect_1_imp_auto_pc_0_axi_data_fifo_v2_1_36_axic_fifo/system_axi_interconnect_1_imp_auto_pc_0_axi_data_fifo_v2_1_36_fifo_gen/<hidden>/<hidden>/<hidden>/<hidden>/<hidden>/<hidden>
  -------------------------------------------------------------------    -------------------

                         (clock host_clk_i rise edge)
                                                     25.000    25.000 r  
    H16                                               0.000    25.000 r  clk (IN)
                         net (fo=0)                   0.000    25.000    clk
    H16                  IBUF (Prop_ibuf_I_O)         1.380    26.380 r  ibufg_gclk/O
                         net (fo=1, routed)           1.162    27.542    gclk_i
    MMCME2_ADV_X1Y2      MMCME2_ADV (Prop_mmcme2_adv_CLKIN1_CLKOUT0)
                                                      0.083    27.625 r  MMCME2_BASE_inst/CLKOUT0
                         net (fo=1, routed)           2.012    29.637    host_clk_i
    BUFGCTRL_X0Y16       BUFG (Prop_bufg_I_O)         0.091    29.728 r  bufg_host_clk/O
                         net (fo=13302, routed)       1.581    31.310    rocketchip_wrapper/system/system_axi_interconnect_1_0/s00_couplers_imp_8CNLH6/system_axi_interconnect_1_imp_auto_pc_0/system_axi_interconnect_1_imp_auto_pc_0_axi_protocol_converter_v2_1_37_axi_protocol_converter/system_axi_interconnect_1_imp_auto_pc_0_axi_protocol_converter_v2_1_37_axi3_conv/system_axi_interconnect_1_imp_auto_pc_0_axi_protocol_converter_v2_1_37_a_axi3_conv/system_axi_interconnect_1_imp_auto_pc_0_axi_data_fifo_v2_1_36_axic_fifo/system_axi_interconnect_1_imp_auto_pc_0_axi_data_fifo_v2_1_36_fifo_gen/<hidden>/<hidden>/<hidden>/<hidden>/<hidden>/<hidden>
    SLICE_X14Y47         FDPE                                         r  rocketchip_wrapper/system/system_axi_interconnect_1_0/s00_couplers_imp_8CNLH6/system_axi_interconnect_1_imp_auto_pc_0/system_axi_interconnect_1_imp_auto_pc_0_axi_protocol_converter_v2_1_37_axi_protocol_converter/system_axi_interconnect_1_imp_auto_pc_0_axi_protocol_converter_v2_1_37_axi3_conv/system_axi_interconnect_1_imp_auto_pc_0_axi_protocol_converter_v2_1_37_a_axi3_conv/system_axi_interconnect_1_imp_auto_pc_0_axi_data_fifo_v2_1_36_axic_fifo/system_axi_interconnect_1_imp_auto_pc_0_axi_data_fifo_v2_1_36_fifo_gen/<hidden>/<hidden>/<hidden>/<hidden>/<hidden>/<hidden>
                         clock pessimism              0.517    31.827    
                         clock uncertainty           -0.082    31.745    
    SLICE_X14Y47         FDPE (Recov_fdpe_C_PRE)     -0.361    31.384    rocketchip_wrapper/system/system_axi_interconnect_1_0/s00_couplers_imp_8CNLH6/system_axi_interconnect_1_imp_auto_pc_0/system_axi_interconnect_1_imp_auto_pc_0_axi_protocol_converter_v2_1_37_axi_protocol_converter/system_axi_interconnect_1_imp_auto_pc_0_axi_protocol_converter_v2_1_37_axi3_conv/system_axi_interconnect_1_imp_auto_pc_0_axi_protocol_converter_v2_1_37_a_axi3_conv/system_axi_interconnect_1_imp_auto_pc_0_axi_data_fifo_v2_1_36_axic_fifo/system_axi_interconnect_1_imp_auto_pc_0_axi_data_fifo_v2_1_36_fifo_gen/<hidden>/<hidden>/<hidden>/<hidden>/<hidden>/<hidden>
  -------------------------------------------------------------------
                         required time                         31.384    
                         arrival time                          -9.769    
  -------------------------------------------------------------------
                         slack                                 21.615    

Slack (MET) :             21.617ns  (required time - arrival time)
  Source:                 rocketchip_wrapper/system/system_axi_interconnect_1_0/s00_couplers_imp_8CNLH6/system_axi_interconnect_1_imp_auto_pc_0/system_axi_interconnect_1_imp_auto_pc_0_axi_protocol_converter_v2_1_37_axi_protocol_converter/system_axi_interconnect_1_imp_auto_pc_0_axi_protocol_converter_v2_1_37_axi3_conv/system_axi_interconnect_1_imp_auto_pc_0_axi_protocol_converter_v2_1_37_a_axi3_conv/system_axi_interconnect_1_imp_auto_pc_0_axi_data_fifo_v2_1_36_axic_fifo/system_axi_interconnect_1_imp_auto_pc_0_axi_data_fifo_v2_1_36_fifo_gen/<hidden>/<hidden>/<hidden>/<hidden>/<hidden>/<hidden>
                            (rising edge-triggered cell FDPE clocked by host_clk_i  {rise@0.000ns fall@12.500ns period=25.000ns})
  Destination:            rocketchip_wrapper/system/system_axi_interconnect_1_0/s00_couplers_imp_8CNLH6/system_axi_interconnect_1_imp_auto_pc_0/system_axi_interconnect_1_imp_auto_pc_0_axi_protocol_converter_v2_1_37_axi_protocol_converter/system_axi_interconnect_1_imp_auto_pc_0_axi_protocol_converter_v2_1_37_axi3_conv/system_axi_interconnect_1_imp_auto_pc_0_axi_protocol_converter_v2_1_37_a_axi3_conv/system_axi_interconnect_1_imp_auto_pc_0_axi_data_fifo_v2_1_36_axic_fifo/system_axi_interconnect_1_imp_auto_pc_0_axi_data_fifo_v2_1_36_fifo_gen/<hidden>/<hidden>/<hidden>/<hidden>/<hidden>/<hidden>
                            (recovery check against rising-edge clock host_clk_i  {rise@0.000ns fall@12.500ns period=25.000ns})
  Path Group:             **async_default**
  Path Type:              Recovery (Max at Slow Process Corner)
  Requirement:            25.000ns  (host_clk_i rise@25.000ns - host_clk_i rise@0.000ns)
  Data Path Delay:        2.883ns  (logic 0.773ns (26.816%)  route 2.110ns (73.184%))
  Logic Levels:           1  (LUT3=1)
  Clock Path Skew:        -0.060ns (DCD - SCD + CPR)
    Destination Clock Delay (DCD):    6.310ns = ( 31.310 - 25.000 ) 
    Source Clock Delay      (SCD):    6.887ns
    Clock Pessimism Removal (CPR):    0.517ns
  Clock Uncertainty:      0.082ns  ((TSJ^2 + DJ^2)^1/2) / 2 + PE
    Total System Jitter     (TSJ):    0.071ns
    Discrete Jitter          (DJ):    0.147ns
    Phase Error              (PE):    0.000ns

    Location             Delay type                Incr(ns)  Path(ns)    Netlist Resource(s)
  -------------------------------------------------------------------    -------------------
                         (clock host_clk_i rise edge)
                                                      0.000     0.000 r  
    H16                                               0.000     0.000 r  clk (IN)
                         net (fo=0)                   0.000     0.000    clk
    H16                  IBUF (Prop_ibuf_I_O)         1.451     1.451 r  ibufg_gclk/O
                         net (fo=1, routed)           1.285     2.736    gclk_i
    MMCME2_ADV_X1Y2      MMCME2_ADV (Prop_mmcme2_adv_CLKIN1_CLKOUT0)
                                                      0.088     2.824 r  MMCME2_BASE_inst/CLKOUT0
                         net (fo=1, routed)           2.206     5.030    host_clk_i
    BUFGCTRL_X0Y16       BUFG (Prop_bufg_I_O)         0.101     5.131 r  bufg_host_clk/O
                         net (fo=13302, routed)       1.756     6.887    rocketchip_wrapper/system/system_axi_interconnect_1_0/s00_couplers_imp_8CNLH6/system_axi_interconnect_1_imp_auto_pc_0/system_axi_interconnect_1_imp_auto_pc_0_axi_protocol_converter_v2_1_37_axi_protocol_converter/system_axi_interconnect_1_imp_auto_pc_0_axi_protocol_converter_v2_1_37_axi3_conv/system_axi_interconnect_1_imp_auto_pc_0_axi_protocol_converter_v2_1_37_a_axi3_conv/system_axi_interconnect_1_imp_auto_pc_0_axi_data_fifo_v2_1_36_axic_fifo/system_axi_interconnect_1_imp_auto_pc_0_axi_data_fifo_v2_1_36_fifo_gen/<hidden>/<hidden>/<hidden>/<hidden>/<hidden>/<hidden>
    SLICE_X16Y46         FDPE                                         r  rocketchip_wrapper/system/system_axi_interconnect_1_0/s00_couplers_imp_8CNLH6/system_axi_interconnect_1_imp_auto_pc_0/system_axi_interconnect_1_imp_auto_pc_0_axi_protocol_converter_v2_1_37_axi_protocol_converter/system_axi_interconnect_1_imp_auto_pc_0_axi_protocol_converter_v2_1_37_axi3_conv/system_axi_interconnect_1_imp_auto_pc_0_axi_protocol_converter_v2_1_37_a_axi3_conv/system_axi_interconnect_1_imp_auto_pc_0_axi_data_fifo_v2_1_36_axic_fifo/system_axi_interconnect_1_imp_auto_pc_0_axi_data_fifo_v2_1_36_fifo_gen/<hidden>/<hidden>/<hidden>/<hidden>/<hidden>/<hidden>
  -------------------------------------------------------------------    -------------------
    SLICE_X16Y46         FDPE (Prop_fdpe_C_Q)         0.478     7.365 f  rocketchip_wrapper/system/system_axi_interconnect_1_0/s00_couplers_imp_8CNLH6/system_axi_interconnect_1_imp_auto_pc_0/system_axi_interconnect_1_imp_auto_pc_0_axi_protocol_converter_v2_1_37_axi_protocol_converter/system_axi_interconnect_1_imp_auto_pc_0_axi_protocol_converter_v2_1_37_axi3_conv/system_axi_interconnect_1_imp_auto_pc_0_axi_protocol_converter_v2_1_37_a_axi3_conv/system_axi_interconnect_1_imp_auto_pc_0_axi_data_fifo_v2_1_36_axic_fifo/system_axi_interconnect_1_imp_auto_pc_0_axi_data_fifo_v2_1_36_fifo_gen/<hidden>/<hidden>/<hidden>/<hidden>/<hidden>/<hidden>
                         net (fo=3, routed)           1.170     8.535    rocketchip_wrapper/system/system_axi_interconnect_1_0/s00_couplers_imp_8CNLH6/system_axi_interconnect_1_imp_auto_pc_0/system_axi_interconnect_1_imp_auto_pc_0_axi_protocol_converter_v2_1_37_axi_protocol_converter/system_axi_interconnect_1_imp_auto_pc_0_axi_protocol_converter_v2_1_37_axi3_conv/system_axi_interconnect_1_imp_auto_pc_0_axi_protocol_converter_v2_1_37_a_axi3_conv/system_axi_interconnect_1_imp_auto_pc_0_axi_data_fifo_v2_1_36_axic_fifo/system_axi_interconnect_1_imp_auto_pc_0_axi_data_fifo_v2_1_36_fifo_gen/<hidden>/<hidden>/<hidden>/<hidden>/<hidden>
    SLICE_X15Y46         LUT3 (Prop_lut3_I2_O)        0.295     8.830 f  rocketchip_wrapper/system/system_axi_interconnect_1_0/s00_couplers_imp_8CNLH6/system_axi_interconnect_1_imp_auto_pc_0/system_axi_interconnect_1_imp_auto_pc_0_axi_protocol_converter_v2_1_37_axi_protocol_converter/system_axi_interconnect_1_imp_auto_pc_0_axi_protocol_converter_v2_1_37_axi3_conv/system_axi_interconnect_1_imp_auto_pc_0_axi_protocol_converter_v2_1_37_a_axi3_conv/system_axi_interconnect_1_imp_auto_pc_0_axi_data_fifo_v2_1_36_axic_fifo/system_axi_interconnect_1_imp_auto_pc_0_axi_data_fifo_v2_1_36_fifo_gen/<hidden>/<hidden>/<hidden>/<hidden>/<hidden>
                         net (fo=32, routed)          0.939     9.769    rocketchip_wrapper/system/system_axi_interconnect_1_0/s00_couplers_imp_8CNLH6/system_axi_interconnect_1_imp_auto_pc_0/system_axi_interconnect_1_imp_auto_pc_0_axi_protocol_converter_v2_1_37_axi_protocol_converter/system_axi_interconnect_1_imp_auto_pc_0_axi_protocol_converter_v2_1_37_axi3_conv/system_axi_interconnect_1_imp_auto_pc_0_axi_protocol_converter_v2_1_37_a_axi3_conv/system_axi_interconnect_1_imp_auto_pc_0_axi_data_fifo_v2_1_36_axic_fifo/system_axi_interconnect_1_imp_auto_pc_0_axi_data_fifo_v2_1_36_fifo_gen/<hidden>/<hidden>/<hidden>/<hidden>/<hidden>/<hidden>
    SLICE_X15Y47         FDPE                                         f  rocketchip_wrapper/system/system_axi_interconnect_1_0/s00_couplers_imp_8CNLH6/system_axi_interconnect_1_imp_auto_pc_0/system_axi_interconnect_1_imp_auto_pc_0_axi_protocol_converter_v2_1_37_axi_protocol_converter/system_axi_interconnect_1_imp_auto_pc_0_axi_protocol_converter_v2_1_37_axi3_conv/system_axi_interconnect_1_imp_auto_pc_0_axi_protocol_converter_v2_1_37_a_axi3_conv/system_axi_interconnect_1_imp_auto_pc_0_axi_data_fifo_v2_1_36_axic_fifo/system_axi_interconnect_1_imp_auto_pc_0_axi_data_fifo_v2_1_36_fifo_gen/<hidden>/<hidden>/<hidden>/<hidden>/<hidden>/<hidden>
  -------------------------------------------------------------------    -------------------

                         (clock host_clk_i rise edge)
                                                     25.000    25.000 r  
    H16                                               0.000    25.000 r  clk (IN)
                         net (fo=0)                   0.000    25.000    clk
    H16                  IBUF (Prop_ibuf_I_O)         1.380    26.380 r  ibufg_gclk/O
                         net (fo=1, routed)           1.162    27.542    gclk_i
    MMCME2_ADV_X1Y2      MMCME2_ADV (Prop_mmcme2_adv_CLKIN1_CLKOUT0)
                                                      0.083    27.625 r  MMCME2_BASE_inst/CLKOUT0
                         net (fo=1, routed)           2.012    29.637    host_clk_i
    BUFGCTRL_X0Y16       BUFG (Prop_bufg_I_O)         0.091    29.728 r  bufg_host_clk/O
                         net (fo=13302, routed)       1.581    31.310    rocketchip_wrapper/system/system_axi_interconnect_1_0/s00_couplers_imp_8CNLH6/system_axi_interconnect_1_imp_auto_pc_0/system_axi_interconnect_1_imp_auto_pc_0_axi_protocol_converter_v2_1_37_axi_protocol_converter/system_axi_interconnect_1_imp_auto_pc_0_axi_protocol_converter_v2_1_37_axi3_conv/system_axi_interconnect_1_imp_auto_pc_0_axi_protocol_converter_v2_1_37_a_axi3_conv/system_axi_interconnect_1_imp_auto_pc_0_axi_data_fifo_v2_1_36_axic_fifo/system_axi_interconnect_1_imp_auto_pc_0_axi_data_fifo_v2_1_36_fifo_gen/<hidden>/<hidden>/<hidden>/<hidden>/<hidden>/<hidden>
    SLICE_X15Y47         FDPE                                         r  rocketchip_wrapper/system/system_axi_interconnect_1_0/s00_couplers_imp_8CNLH6/system_axi_interconnect_1_imp_auto_pc_0/system_axi_interconnect_1_imp_auto_pc_0_axi_protocol_converter_v2_1_37_axi_protocol_converter/system_axi_interconnect_1_imp_auto_pc_0_axi_protocol_converter_v2_1_37_axi3_conv/system_axi_interconnect_1_imp_auto_pc_0_axi_protocol_converter_v2_1_37_a_axi3_conv/system_axi_interconnect_1_imp_auto_pc_0_axi_data_fifo_v2_1_36_axic_fifo/system_axi_interconnect_1_imp_auto_pc_0_axi_data_fifo_v2_1_36_fifo_gen/<hidden>/<hidden>/<hidden>/<hidden>/<hidden>/<hidden>
                         clock pessimism              0.517    31.827    
                         clock uncertainty           -0.082    31.745    
    SLICE_X15Y47         FDPE (Recov_fdpe_C_PRE)     -0.359    31.386    rocketchip_wrapper/system/system_axi_interconnect_1_0/s00_couplers_imp_8CNLH6/system_axi_interconnect_1_imp_auto_pc_0/system_axi_interconnect_1_imp_auto_pc_0_axi_protocol_converter_v2_1_37_axi_protocol_converter/system_axi_interconnect_1_imp_auto_pc_0_axi_protocol_converter_v2_1_37_axi3_conv/system_axi_interconnect_1_imp_auto_pc_0_axi_protocol_converter_v2_1_37_a_axi3_conv/system_axi_interconnect_1_imp_auto_pc_0_axi_data_fifo_v2_1_36_axic_fifo/system_axi_interconnect_1_imp_auto_pc_0_axi_data_fifo_v2_1_36_fifo_gen/<hidden>/<hidden>/<hidden>/<hidden>/<hidden>/<hidden>
  -------------------------------------------------------------------
                         required time                         31.386    
                         arrival time                          -9.769    
  -------------------------------------------------------------------
                         slack                                 21.617    

Slack (MET) :             21.625ns  (required time - arrival time)
  Source:                 rocketchip_wrapper/system/system_axi_interconnect_1_0/s00_couplers_imp_8CNLH6/system_axi_interconnect_1_imp_auto_pc_0/system_axi_interconnect_1_imp_auto_pc_0_axi_protocol_converter_v2_1_37_axi_protocol_converter/system_axi_interconnect_1_imp_auto_pc_0_axi_protocol_converter_v2_1_37_axi3_conv/system_axi_interconnect_1_imp_auto_pc_0_axi_protocol_converter_v2_1_37_a_axi3_conv/system_axi_interconnect_1_imp_auto_pc_0_axi_data_fifo_v2_1_36_axic_fifo/system_axi_interconnect_1_imp_auto_pc_0_axi_data_fifo_v2_1_36_fifo_gen/<hidden>/<hidden>/<hidden>/<hidden>/<hidden>/<hidden>
                            (rising edge-triggered cell FDPE clocked by host_clk_i  {rise@0.000ns fall@12.500ns period=25.000ns})
  Destination:            rocketchip_wrapper/system/system_axi_interconnect_1_0/s00_couplers_imp_8CNLH6/system_axi_interconnect_1_imp_auto_pc_0/system_axi_interconnect_1_imp_auto_pc_0_axi_protocol_converter_v2_1_37_axi_protocol_converter/system_axi_interconnect_1_imp_auto_pc_0_axi_protocol_converter_v2_1_37_axi3_conv/system_axi_interconnect_1_imp_auto_pc_0_axi_protocol_converter_v2_1_37_a_axi3_conv/system_axi_interconnect_1_imp_auto_pc_0_axi_data_fifo_v2_1_36_axic_fifo/system_axi_interconnect_1_imp_auto_pc_0_axi_data_fifo_v2_1_36_fifo_gen/<hidden>/<hidden>/<hidden>/<hidden>/<hidden>/<hidden>
                            (recovery check against rising-edge clock host_clk_i  {rise@0.000ns fall@12.500ns period=25.000ns})
  Path Group:             **async_default**
  Path Type:              Recovery (Max at Slow Process Corner)
  Requirement:            25.000ns  (host_clk_i rise@25.000ns - host_clk_i rise@0.000ns)
  Data Path Delay:        2.872ns  (logic 0.773ns (26.911%)  route 2.099ns (73.089%))
  Logic Levels:           1  (LUT3=1)
  Clock Path Skew:        -0.060ns (DCD - SCD + CPR)
    Destination Clock Delay (DCD):    6.310ns = ( 31.310 - 25.000 ) 
    Source Clock Delay      (SCD):    6.887ns
    Clock Pessimism Removal (CPR):    0.517ns
  Clock Uncertainty:      0.082ns  ((TSJ^2 + DJ^2)^1/2) / 2 + PE
    Total System Jitter     (TSJ):    0.071ns
    Discrete Jitter          (DJ):    0.147ns
    Phase Error              (PE):    0.000ns

    Location             Delay type                Incr(ns)  Path(ns)    Netlist Resource(s)
  -------------------------------------------------------------------    -------------------
                         (clock host_clk_i rise edge)
                                                      0.000     0.000 r  
    H16                                               0.000     0.000 r  clk (IN)
                         net (fo=0)                   0.000     0.000    clk
    H16                  IBUF (Prop_ibuf_I_O)         1.451     1.451 r  ibufg_gclk/O
                         net (fo=1, routed)           1.285     2.736    gclk_i
    MMCME2_ADV_X1Y2      MMCME2_ADV (Prop_mmcme2_adv_CLKIN1_CLKOUT0)
                                                      0.088     2.824 r  MMCME2_BASE_inst/CLKOUT0
                         net (fo=1, routed)           2.206     5.030    host_clk_i
    BUFGCTRL_X0Y16       BUFG (Prop_bufg_I_O)         0.101     5.131 r  bufg_host_clk/O
                         net (fo=13302, routed)       1.756     6.887    rocketchip_wrapper/system/system_axi_interconnect_1_0/s00_couplers_imp_8CNLH6/system_axi_interconnect_1_imp_auto_pc_0/system_axi_interconnect_1_imp_auto_pc_0_axi_protocol_converter_v2_1_37_axi_protocol_converter/system_axi_interconnect_1_imp_auto_pc_0_axi_protocol_converter_v2_1_37_axi3_conv/system_axi_interconnect_1_imp_auto_pc_0_axi_protocol_converter_v2_1_37_a_axi3_conv/system_axi_interconnect_1_imp_auto_pc_0_axi_data_fifo_v2_1_36_axic_fifo/system_axi_interconnect_1_imp_auto_pc_0_axi_data_fifo_v2_1_36_fifo_gen/<hidden>/<hidden>/<hidden>/<hidden>/<hidden>/<hidden>
    SLICE_X16Y46         FDPE                                         r  rocketchip_wrapper/system/system_axi_interconnect_1_0/s00_couplers_imp_8CNLH6/system_axi_interconnect_1_imp_auto_pc_0/system_axi_interconnect_1_imp_auto_pc_0_axi_protocol_converter_v2_1_37_axi_protocol_converter/system_axi_interconnect_1_imp_auto_pc_0_axi_protocol_converter_v2_1_37_axi3_conv/system_axi_interconnect_1_imp_auto_pc_0_axi_protocol_converter_v2_1_37_a_axi3_conv/system_axi_interconnect_1_imp_auto_pc_0_axi_data_fifo_v2_1_36_axic_fifo/system_axi_interconnect_1_imp_auto_pc_0_axi_data_fifo_v2_1_36_fifo_gen/<hidden>/<hidden>/<hidden>/<hidden>/<hidden>/<hidden>
  -------------------------------------------------------------------    -------------------
    SLICE_X16Y46         FDPE (Prop_fdpe_C_Q)         0.478     7.365 f  rocketchip_wrapper/system/system_axi_interconnect_1_0/s00_couplers_imp_8CNLH6/system_axi_interconnect_1_imp_auto_pc_0/system_axi_interconnect_1_imp_auto_pc_0_axi_protocol_converter_v2_1_37_axi_protocol_converter/system_axi_interconnect_1_imp_auto_pc_0_axi_protocol_converter_v2_1_37_axi3_conv/system_axi_interconnect_1_imp_auto_pc_0_axi_protocol_converter_v2_1_37_a_axi3_conv/system_axi_interconnect_1_imp_auto_pc_0_axi_data_fifo_v2_1_36_axic_fifo/system_axi_interconnect_1_imp_auto_pc_0_axi_data_fifo_v2_1_36_fifo_gen/<hidden>/<hidden>/<hidden>/<hidden>/<hidden>/<hidden>
                         net (fo=3, routed)           1.170     8.535    rocketchip_wrapper/system/system_axi_interconnect_1_0/s00_couplers_imp_8CNLH6/system_axi_interconnect_1_imp_auto_pc_0/system_axi_interconnect_1_imp_auto_pc_0_axi_protocol_converter_v2_1_37_axi_protocol_converter/system_axi_interconnect_1_imp_auto_pc_0_axi_protocol_converter_v2_1_37_axi3_conv/system_axi_interconnect_1_imp_auto_pc_0_axi_protocol_converter_v2_1_37_a_axi3_conv/system_axi_interconnect_1_imp_auto_pc_0_axi_data_fifo_v2_1_36_axic_fifo/system_axi_interconnect_1_imp_auto_pc_0_axi_data_fifo_v2_1_36_fifo_gen/<hidden>/<hidden>/<hidden>/<hidden>/<hidden>
    SLICE_X15Y46         LUT3 (Prop_lut3_I2_O)        0.295     8.830 f  rocketchip_wrapper/system/system_axi_interconnect_1_0/s00_couplers_imp_8CNLH6/system_axi_interconnect_1_imp_auto_pc_0/system_axi_interconnect_1_imp_auto_pc_0_axi_protocol_converter_v2_1_37_axi_protocol_converter/system_axi_interconnect_1_imp_auto_pc_0_axi_protocol_converter_v2_1_37_axi3_conv/system_axi_interconnect_1_imp_auto_pc_0_axi_protocol_converter_v2_1_37_a_axi3_conv/system_axi_interconnect_1_imp_auto_pc_0_axi_data_fifo_v2_1_36_axic_fifo/system_axi_interconnect_1_imp_auto_pc_0_axi_data_fifo_v2_1_36_fifo_gen/<hidden>/<hidden>/<hidden>/<hidden>/<hidden>
                         net (fo=32, routed)          0.929     9.759    rocketchip_wrapper/system/system_axi_interconnect_1_0/s00_couplers_imp_8CNLH6/system_axi_interconnect_1_imp_auto_pc_0/system_axi_interconnect_1_imp_auto_pc_0_axi_protocol_converter_v2_1_37_axi_protocol_converter/system_axi_interconnect_1_imp_auto_pc_0_axi_protocol_converter_v2_1_37_axi3_conv/system_axi_interconnect_1_imp_auto_pc_0_axi_protocol_converter_v2_1_37_a_axi3_conv/system_axi_interconnect_1_imp_auto_pc_0_axi_data_fifo_v2_1_36_axic_fifo/system_axi_interconnect_1_imp_auto_pc_0_axi_data_fifo_v2_1_36_fifo_gen/<hidden>/<hidden>/<hidden>/<hidden>/<hidden>/<hidden>
    SLICE_X12Y47         FDCE                                         f  rocketchip_wrapper/system/system_axi_interconnect_1_0/s00_couplers_imp_8CNLH6/system_axi_interconnect_1_imp_auto_pc_0/system_axi_interconnect_1_imp_auto_pc_0_axi_protocol_converter_v2_1_37_axi_protocol_converter/system_axi_interconnect_1_imp_auto_pc_0_axi_protocol_converter_v2_1_37_axi3_conv/system_axi_interconnect_1_imp_auto_pc_0_axi_protocol_converter_v2_1_37_a_axi3_conv/system_axi_interconnect_1_imp_auto_pc_0_axi_data_fifo_v2_1_36_axic_fifo/system_axi_interconnect_1_imp_auto_pc_0_axi_data_fifo_v2_1_36_fifo_gen/<hidden>/<hidden>/<hidden>/<hidden>/<hidden>/<hidden>
  -------------------------------------------------------------------    -------------------

                         (clock host_clk_i rise edge)
                                                     25.000    25.000 r  
    H16                                               0.000    25.000 r  clk (IN)
                         net (fo=0)                   0.000    25.000    clk
    H16                  IBUF (Prop_ibuf_I_O)         1.380    26.380 r  ibufg_gclk/O
                         net (fo=1, routed)           1.162    27.542    gclk_i
    MMCME2_ADV_X1Y2      MMCME2_ADV (Prop_mmcme2_adv_CLKIN1_CLKOUT0)
                                                      0.083    27.625 r  MMCME2_BASE_inst/CLKOUT0
                         net (fo=1, routed)           2.012    29.637    host_clk_i
    BUFGCTRL_X0Y16       BUFG (Prop_bufg_I_O)         0.091    29.728 r  bufg_host_clk/O
                         net (fo=13302, routed)       1.581    31.310    rocketchip_wrapper/system/system_axi_interconnect_1_0/s00_couplers_imp_8CNLH6/system_axi_interconnect_1_imp_auto_pc_0/system_axi_interconnect_1_imp_auto_pc_0_axi_protocol_converter_v2_1_37_axi_protocol_converter/system_axi_interconnect_1_imp_auto_pc_0_axi_protocol_converter_v2_1_37_axi3_conv/system_axi_interconnect_1_imp_auto_pc_0_axi_protocol_converter_v2_1_37_a_axi3_conv/system_axi_interconnect_1_imp_auto_pc_0_axi_data_fifo_v2_1_36_axic_fifo/system_axi_interconnect_1_imp_auto_pc_0_axi_data_fifo_v2_1_36_fifo_gen/<hidden>/<hidden>/<hidden>/<hidden>/<hidden>/<hidden>
    SLICE_X12Y47         FDCE                                         r  rocketchip_wrapper/system/system_axi_interconnect_1_0/s00_couplers_imp_8CNLH6/system_axi_interconnect_1_imp_auto_pc_0/system_axi_interconnect_1_imp_auto_pc_0_axi_protocol_converter_v2_1_37_axi_protocol_converter/system_axi_interconnect_1_imp_auto_pc_0_axi_protocol_converter_v2_1_37_axi3_conv/system_axi_interconnect_1_imp_auto_pc_0_axi_protocol_converter_v2_1_37_a_axi3_conv/system_axi_interconnect_1_imp_auto_pc_0_axi_data_fifo_v2_1_36_axic_fifo/system_axi_interconnect_1_imp_auto_pc_0_axi_data_fifo_v2_1_36_fifo_gen/<hidden>/<hidden>/<hidden>/<hidden>/<hidden>/<hidden>
                         clock pessimism              0.517    31.827    
                         clock uncertainty           -0.082    31.745    
    SLICE_X12Y47         FDCE (Recov_fdce_C_CLR)     -0.361    31.384    rocketchip_wrapper/system/system_axi_interconnect_1_0/s00_couplers_imp_8CNLH6/system_axi_interconnect_1_imp_auto_pc_0/system_axi_interconnect_1_imp_auto_pc_0_axi_protocol_converter_v2_1_37_axi_protocol_converter/system_axi_interconnect_1_imp_auto_pc_0_axi_protocol_converter_v2_1_37_axi3_conv/system_axi_interconnect_1_imp_auto_pc_0_axi_protocol_converter_v2_1_37_a_axi3_conv/system_axi_interconnect_1_imp_auto_pc_0_axi_data_fifo_v2_1_36_axic_fifo/system_axi_interconnect_1_imp_auto_pc_0_axi_data_fifo_v2_1_36_fifo_gen/<hidden>/<hidden>/<hidden>/<hidden>/<hidden>/<hidden>
  -------------------------------------------------------------------
                         required time                         31.384    
                         arrival time                          -9.759    
  -------------------------------------------------------------------
                         slack                                 21.625    




