#-----------------------------------------------------------
# Vivado v2025.2.1 (64-bit)
# SW Build 6403652 on Thu Mar 19 13:47:00 MDT 2026
# IP Build 6403511 on Thu Mar 19 12:41:45 MDT 2026
# SharedData Build 6403650 on Thu Mar 19 14:02:13 MDT 2026
# Start of session at: Thu Sep 24 23:45:07 2026
# Process ID         : 97
# Current directory  : /home/engineer/fpga/worktrees/ips-cache/experiments/IPS-campaign/build-baseline
# Command line       : vivado -mode batch -nojournal -log /home/engineer/fpga/worktrees/ips-cache/experiments/IPS-campaign/build-baseline/vivado-impl.log -source /home/engineer/fpga/experiments/teaching-cpu/m4-build/run_impl.tcl -tclargs /home/engineer/fpga/worktrees/ips-cache/experiments/IPS-campaign/build-baseline/vivado-project/teaching_pynqz1.xpr /home/engineer/fpga/worktrees/ips-cache/experiments/IPS-campaign/build-baseline/reports 3
# Log file           : /home/engineer/fpga/worktrees/ips-cache/experiments/IPS-campaign/build-baseline/vivado-impl.log
# Journal file       : 
# Running On         : ubuntu
# Platform           : Ubuntu
# Operating System   : Ubuntu 24.04.2 LTS
# Processor Detail   : Intel(R) Core(TM) i7-8700B CPU @ 3.20GHz
# CPU Frequency      : 4290.777 MHz
# CPU Physical cores : 6
# CPU Logical cores  : 12
# Host memory        : 32957 MB
# Swap memory        : 8589 MB
# Total Virtual      : 41547 MB
# Available Virtual  : 35599 MB
#-----------------------------------------------------------
source /home/engineer/fpga/experiments/teaching-cpu/m4-build/run_impl.tcl
# set xpr   [lindex $argv 0]
# set out   [lindex $argv 1]
# set jobs  [lindex $argv 2]
# file mkdir $out
# proc say {msg} { puts "@@@ $msg"; flush stdout }
# open_project $xpr
Scanning sources...
Finished scanning sources
WARNING: [Board 49-26] cannot add Board Part xilinx.com:ac701:part0:1.4 available at /opt/Xilinx/2025.2.1/data/xhub/boards/XilinxBoardStore/boards/Xilinx/ac701/1.4/board.xml as part xc7a200tfbg676-2 specified in board_part file is either invalid or not available
WARNING: [Board 49-26] cannot add Board Part xilinx.com:emb-plus-vpr-4616:part0:1.0 available at /opt/Xilinx/2025.2.1/data/xhub/boards/XilinxBoardStore/boards/Xilinx/emb-plus-vpr-4616/1.0/board.xml as part xcve2302-sfva784-2mp-e-s specified in board_part file is either invalid or not available
WARNING: [Board 49-26] cannot add Board Part xilinx.com:emb-plus-vpr-4616:part0:1.1 available at /opt/Xilinx/2025.2.1/data/xhub/boards/XilinxBoardStore/boards/Xilinx/emb-plus-vpr-4616/1.1/board.xml as part xcve2302-sfva784-2mp-e-s specified in board_part file is either invalid or not available
WARNING: [Board 49-26] cannot add Board Part xilinx.com:k24c:part0:1.0 available at /opt/Xilinx/2025.2.1/data/xhub/boards/XilinxBoardStore/boards/Xilinx/k24c/1.0/board.xml as part xck24-ubva530-2lv-c specified in board_part file is either invalid or not available
WARNING: [Board 49-26] cannot add Board Part xilinx.com:k24c:part0:1.1 available at /opt/Xilinx/2025.2.1/data/xhub/boards/XilinxBoardStore/boards/Xilinx/k24c/1.1/board.xml as part xck24-ubva530-2lv-c specified in board_part file is either invalid or not available
WARNING: [Board 49-26] cannot add Board Part xilinx.com:k24i:part0:1.0 available at /opt/Xilinx/2025.2.1/data/xhub/boards/XilinxBoardStore/boards/Xilinx/k24i/1.0/board.xml as part xck24-ubva530-2lvi-i specified in board_part file is either invalid or not available
WARNING: [Board 49-26] cannot add Board Part xilinx.com:k26c:part0:1.2 available at /opt/Xilinx/2025.2.1/data/xhub/boards/XilinxBoardStore/boards/Xilinx/k26c/1.2/board.xml as part xck26-sfvc784-2lv-c specified in board_part file is either invalid or not available
WARNING: [Board 49-26] cannot add Board Part xilinx.com:k26c:part0:1.3 available at /opt/Xilinx/2025.2.1/data/xhub/boards/XilinxBoardStore/boards/Xilinx/k26c/1.3/board.xml as part xck26-sfvc784-2lv-c specified in board_part file is either invalid or not available
WARNING: [Board 49-26] cannot add Board Part xilinx.com:k26c:part0:1.4 available at /opt/Xilinx/2025.2.1/data/xhub/boards/XilinxBoardStore/boards/Xilinx/k26c/1.4/board.xml as part xck26-sfvc784-2lv-c specified in board_part file is either invalid or not available
WARNING: [Board 49-26] cannot add Board Part xilinx.com:k26i:part0:1.2 available at /opt/Xilinx/2025.2.1/data/xhub/boards/XilinxBoardStore/boards/Xilinx/k26i/1.2/board.xml as part xck26-sfvc784-2lvi-i specified in board_part file is either invalid or not available
WARNING: [Board 49-26] cannot add Board Part xilinx.com:k26i:part0:1.3 available at /opt/Xilinx/2025.2.1/data/xhub/boards/XilinxBoardStore/boards/Xilinx/k26i/1.3/board.xml as part xck26-sfvc784-2lvi-i specified in board_part file is either invalid or not available
WARNING: [Board 49-26] cannot add Board Part xilinx.com:k26i:part0:1.4 available at /opt/Xilinx/2025.2.1/data/xhub/boards/XilinxBoardStore/boards/Xilinx/k26i/1.4/board.xml as part xck26-sfvc784-2lvi-i specified in board_part file is either invalid or not available
WARNING: [Board 49-26] cannot add Board Part xilinx.com:kc705:part0:1.6 available at /opt/Xilinx/2025.2.1/data/xhub/boards/XilinxBoardStore/boards/Xilinx/kc705/1.6/board.xml as part xc7k325tffg900-2 specified in board_part file is either invalid or not available
WARNING: [Board 49-26] cannot add Board Part xilinx.com:kc705:part0:1.7 available at /opt/Xilinx/2025.2.1/data/xhub/boards/XilinxBoardStore/boards/Xilinx/kc705/1.7/board.xml as part xc7k325tffg900-2 specified in board_part file is either invalid or not available
WARNING: [Board 49-26] cannot add Board Part xilinx.com:kcu105:part0:1.6 available at /opt/Xilinx/2025.2.1/data/xhub/boards/XilinxBoardStore/boards/Xilinx/kcu105/1.6/board.xml as part xcku040-ffva1156-2-e specified in board_part file is either invalid or not available
WARNING: [Board 49-26] cannot add Board Part xilinx.com:kcu105:part0:1.7 available at /opt/Xilinx/2025.2.1/data/xhub/boards/XilinxBoardStore/boards/Xilinx/kcu105/1.7/board.xml as part xcku040-ffva1156-2-e specified in board_part file is either invalid or not available
WARNING: [Board 49-26] cannot add Board Part xilinx.com:kcu116:part0:1.4 available at /opt/Xilinx/2025.2.1/data/xhub/boards/XilinxBoardStore/boards/Xilinx/kcu116/1.4/board.xml as part xcku5p-ffvb676-2-e specified in board_part file is either invalid or not available
WARNING: [Board 49-26] cannot add Board Part xilinx.com:kcu116:part0:1.5 available at /opt/Xilinx/2025.2.1/data/xhub/boards/XilinxBoardStore/boards/Xilinx/kcu116/1.5/board.xml as part xcku5p-ffvb676-2-e specified in board_part file is either invalid or not available
WARNING: [Board 49-26] cannot add Board Part xilinx.com:kcu1500:part0:1.2 available at /opt/Xilinx/2025.2.1/data/xhub/boards/XilinxBoardStore/boards/Xilinx/kcu1500/1.2/board.xml as part xcku115-flvb2104-2-e specified in board_part file is either invalid or not available
WARNING: [Board 49-26] cannot add Board Part xilinx.com:kd240_som:part0:1.0 available at /opt/Xilinx/2025.2.1/data/xhub/boards/XilinxBoardStore/boards/Xilinx/kd240_som/1.0/board.xml as part xck24-ubva530-2lv-c specified in board_part file is either invalid or not available
WARNING: [Board 49-26] cannot add Board Part xilinx.com:kd240_som:part0:1.1 available at /opt/Xilinx/2025.2.1/data/xhub/boards/XilinxBoardStore/boards/Xilinx/kd240_som/1.1/board.xml as part xck24-ubva530-2lv-c specified in board_part file is either invalid or not available
WARNING: [Board 49-26] cannot add Board Part xilinx.com:kr260_som:part0:1.0 available at /opt/Xilinx/2025.2.1/data/xhub/boards/XilinxBoardStore/boards/Xilinx/kr260_som/1.0/board.xml as part xck26-sfvc784-2lv-c specified in board_part file is either invalid or not available
WARNING: [Board 49-26] cannot add Board Part xilinx.com:kr260_som:part0:1.1 available at /opt/Xilinx/2025.2.1/data/xhub/boards/XilinxBoardStore/boards/Xilinx/kr260_som/1.1/board.xml as part xck26-sfvc784-2lv-c specified in board_part file is either invalid or not available
WARNING: [Board 49-26] cannot add Board Part xilinx.com:kv260_som:part0:1.2 available at /opt/Xilinx/2025.2.1/data/xhub/boards/XilinxBoardStore/boards/Xilinx/kv260_som/1.2/board.xml as part xck26-sfvc784-2lv-c specified in board_part file is either invalid or not available
WARNING: [Board 49-26] cannot add Board Part xilinx.com:kv260_som:part0:1.3 available at /opt/Xilinx/2025.2.1/data/xhub/boards/XilinxBoardStore/boards/Xilinx/kv260_som/1.3/board.xml as part xck26-sfvc784-2lv-c specified in board_part file is either invalid or not available
WARNING: [Board 49-26] cannot add Board Part xilinx.com:kv260_som:part0:1.4 available at /opt/Xilinx/2025.2.1/data/xhub/boards/XilinxBoardStore/boards/Xilinx/kv260_som/1.4/board.xml as part xck26-sfvc784-2lv-c specified in board_part file is either invalid or not available
WARNING: [Board 49-26] cannot add Board Part xilinx.com:scu200:part0:1.0 available at /opt/Xilinx/2025.2.1/data/xhub/boards/XilinxBoardStore/boards/Xilinx/scu200/1.0/board.xml as part xcsu200p-sbva1024-2-e specified in board_part file is either invalid or not available
WARNING: [Board 49-26] cannot add Board Part xilinx.com:scu35:part0:1.0 available at /opt/Xilinx/2025.2.1/data/xhub/boards/XilinxBoardStore/boards/Xilinx/scu35/1.0/board.xml as part xcsu35p-sbvb625-2-e specified in board_part file is either invalid or not available
WARNING: [Board 49-26] cannot add Board Part xilinx.com:sp701:part0:1.0 available at /opt/Xilinx/2025.2.1/data/xhub/boards/XilinxBoardStore/boards/Xilinx/sp701/1.0/board.xml as part xc7s100fgga676-2 specified in board_part file is either invalid or not available
WARNING: [Board 49-26] cannot add Board Part xilinx.com:sp701:part0:1.1 available at /opt/Xilinx/2025.2.1/data/xhub/boards/XilinxBoardStore/boards/Xilinx/sp701/1.1/board.xml as part xc7s100fgga676-2 specified in board_part file is either invalid or not available
WARNING: [Board 49-26] cannot add Board Part xilinx.com:v80:part0:1.0 available at /opt/Xilinx/2025.2.1/data/xhub/boards/XilinxBoardStore/boards/Xilinx/v80/1.0/board.xml as part xcv80-lsva4737-2mhp-e-s specified in board_part file is either invalid or not available
WARNING: [Board 49-26] cannot add Board Part xilinx.com:vc707:part0:1.4 available at /opt/Xilinx/2025.2.1/data/xhub/boards/XilinxBoardStore/boards/Xilinx/vc707/1.4/board.xml as part xc7vx485tffg1761-2 specified in board_part file is either invalid or not available
WARNING: [Board 49-26] cannot add Board Part xilinx.com:vc707:part0:1.5 available at /opt/Xilinx/2025.2.1/data/xhub/boards/XilinxBoardStore/boards/Xilinx/vc707/1.5/board.xml as part xc7vx485tffg1761-2 specified in board_part file is either invalid or not available
WARNING: [Board 49-26] cannot add Board Part xilinx.com:vc709:part0:1.8 available at /opt/Xilinx/2025.2.1/data/xhub/boards/XilinxBoardStore/boards/Xilinx/vc709/1.8/board.xml as part xc7vx690tffg1761-2 specified in board_part file is either invalid or not available
WARNING: [Board 49-26] cannot add Board Part xilinx.com:vck190:part0:2.2 available at /opt/Xilinx/2025.2.1/data/xhub/boards/XilinxBoardStore/boards/Xilinx/vck190/production/2.2/board.xml as part xcvc1902-vsva2197-2mp-e-s specified in board_part file is either invalid or not available
WARNING: [Board 49-26] cannot add Board Part xilinx.com:vck190:part0:3.0 available at /opt/Xilinx/2025.2.1/data/xhub/boards/XilinxBoardStore/boards/Xilinx/vck190/production/3.0/board.xml as part xcvc1902-vsva2197-2mp-e-s specified in board_part file is either invalid or not available
WARNING: [Board 49-26] cannot add Board Part xilinx.com:vck190:part0:3.1 available at /opt/Xilinx/2025.2.1/data/xhub/boards/XilinxBoardStore/boards/Xilinx/vck190/production/3.1/board.xml as part xcvc1902-vsva2197-2mp-e-s specified in board_part file is either invalid or not available
WARNING: [Board 49-26] cannot add Board Part xilinx.com:vck190:part0:3.2 available at /opt/Xilinx/2025.2.1/data/xhub/boards/XilinxBoardStore/boards/Xilinx/vck190/production/3.2/board.xml as part xcvc1902-vsva2197-2mp-e-s specified in board_part file is either invalid or not available
WARNING: [Board 49-26] cannot add Board Part xilinx.com:vck190:part0:3.3 available at /opt/Xilinx/2025.2.1/data/xhub/boards/XilinxBoardStore/boards/Xilinx/vck190/production/3.3/board.xml as part xcvc1902-vsva2197-2mp-e-s specified in board_part file is either invalid or not available
WARNING: [Board 49-26] cannot add Board Part xilinx.com:vck190:part0:3.4 available at /opt/Xilinx/2025.2.1/data/xhub/boards/XilinxBoardStore/boards/Xilinx/vck190/production/3.4/board.xml as part xcvc1902-vsva2197-2mp-e-s specified in board_part file is either invalid or not available
WARNING: [Board 49-26] cannot add Board Part xilinx.com:vck190_newl:part0:1.0 available at /opt/Xilinx/2025.2.1/data/xhub/boards/XilinxBoardStore/boards/Xilinx/vck190_newl/production/1.0/board.xml as part xcvc1902-vsva2197-2mp-e-s specified in board_part file is either invalid or not available
WARNING: [Board 49-26] cannot add Board Part xilinx.com:vck190_newl:part0:1.1 available at /opt/Xilinx/2025.2.1/data/xhub/boards/XilinxBoardStore/boards/Xilinx/vck190_newl/production/1.1/board.xml as part xcvc1902-vsva2197-2mp-e-s specified in board_part file is either invalid or not available
WARNING: [Board 49-26] cannot add Board Part xilinx.com:vck190_newl:part0:1.2 available at /opt/Xilinx/2025.2.1/data/xhub/boards/XilinxBoardStore/boards/Xilinx/vck190_newl/production/1.2/board.xml as part xcvc1902-vsva2197-2mp-e-s specified in board_part file is either invalid or not available
WARNING: [Board 49-26] cannot add Board Part xilinx.com:vck190_newl:part0:1.3 available at /opt/Xilinx/2025.2.1/data/xhub/boards/XilinxBoardStore/boards/Xilinx/vck190_newl/production/1.3/board.xml as part xcvc1902-vsva2197-2mp-e-s specified in board_part file is either invalid or not available
WARNING: [Board 49-26] cannot add Board Part xilinx.com:vcu108:part0:1.6 available at /opt/Xilinx/2025.2.1/data/xhub/boards/XilinxBoardStore/boards/Xilinx/vcu108/1.6/board.xml as part xcvu095-ffva2104-2-e specified in board_part file is either invalid or not available
WARNING: [Board 49-26] cannot add Board Part xilinx.com:vcu108:part0:1.7 available at /opt/Xilinx/2025.2.1/data/xhub/boards/XilinxBoardStore/boards/Xilinx/vcu108/1.7/board.xml as part xcvu095-ffva2104-2-e specified in board_part file is either invalid or not available
WARNING: [Board 49-26] cannot add Board Part xilinx.com:vcu110:part0:1.4 available at /opt/Xilinx/2025.2.1/data/xhub/boards/XilinxBoardStore/boards/Xilinx/vcu110/1.4/board.xml as part xcvu190-flgc2104-2-e specified in board_part file is either invalid or not available
WARNING: [Board 49-26] cannot add Board Part xilinx.com:vcu118:part0:2.0 available at /opt/Xilinx/2025.2.1/data/xhub/boards/XilinxBoardStore/boards/Xilinx/vcu118/2.0/board.xml as part xcvu9p-flga2104-2l-e specified in board_part file is either invalid or not available
WARNING: [Board 49-26] cannot add Board Part xilinx.com:vcu118:part0:2.3 available at /opt/Xilinx/2025.2.1/data/xhub/boards/XilinxBoardStore/boards/Xilinx/vcu118/2.3/board.xml as part xcvu9p-flga2104-2l-e specified in board_part file is either invalid or not available
WARNING: [Board 49-26] cannot add Board Part xilinx.com:vcu118:part0:2.4 available at /opt/Xilinx/2025.2.1/data/xhub/boards/XilinxBoardStore/boards/Xilinx/vcu118/2.4/board.xml as part xcvu9p-flga2104-2l-e specified in board_part file is either invalid or not available
WARNING: [Board 49-26] cannot add Board Part xilinx.com:vcu128:part0:1.0 available at /opt/Xilinx/2025.2.1/data/xhub/boards/XilinxBoardStore/boards/Xilinx/vcu128/production/1.0/board.xml as part xcvu37p-fsvh2892-2l-e specified in board_part file is either invalid or not available
WARNING: [Board 49-26] cannot add Board Part xilinx.com:vcu129:part0:1.0 available at /opt/Xilinx/2025.2.1/data/xhub/boards/XilinxBoardStore/boards/Xilinx/vcu129/production/1.0/board.xml as part xcvu29p-fsga2577-2l-e specified in board_part file is either invalid or not available
WARNING: [Board 49-26] cannot add Board Part xilinx.com:vcu1525:part0:1.3 available at /opt/Xilinx/2025.2.1/data/xhub/boards/XilinxBoardStore/boards/Xilinx/vcu1525/1.3/board.xml as part xcvu9p-fsgd2104-2l-e specified in board_part file is either invalid or not available
WARNING: [Board 49-26] cannot add Board Part xilinx.com:vek280:part0:1.0 available at /opt/Xilinx/2025.2.1/data/xhub/boards/XilinxBoardStore/boards/Xilinx/vek280/production/1.0/board.xml as part xcve2802-vsvh1760-2mp-e-s specified in board_part file is either invalid or not available
WARNING: [Board 49-26] cannot add Board Part xilinx.com:vek280:part0:1.1 available at /opt/Xilinx/2025.2.1/data/xhub/boards/XilinxBoardStore/boards/Xilinx/vek280/production/1.1/board.xml as part xcve2802-vsvh1760-2mp-e-s specified in board_part file is either invalid or not available
WARNING: [Board 49-26] cannot add Board Part xilinx.com:vek280:part0:1.2 available at /opt/Xilinx/2025.2.1/data/xhub/boards/XilinxBoardStore/boards/Xilinx/vek280/production/1.2/board.xml as part xcve2802-vsvh1760-2mp-e-s specified in board_part file is either invalid or not available
WARNING: [Board 49-26] cannot add Board Part xilinx.com:vek385:part0:1.0 available at /opt/Xilinx/2025.2.1/data/xhub/boards/XilinxBoardStore/boards/Xilinx/vek385/1.0/board.xml as part xc2ve3858-ssva2112-2mp-e-s specified in board_part file is either invalid or not available
WARNING: [Board 49-26] cannot add Board Part xilinx.com:vek385:part0:1.1 available at /opt/Xilinx/2025.2.1/data/xhub/boards/XilinxBoardStore/boards/Xilinx/vek385/1.1/board.xml as part xc2ve3858-ssva2112-2mp-e-s specified in board_part file is either invalid or not available
WARNING: [Board 49-26] cannot add Board Part xilinx.com:vek385_1:part0:1.0 available at /opt/Xilinx/2025.2.1/data/xhub/boards/XilinxBoardStore/boards/Xilinx/vek385_2/1.0/board.xml as part xc2ve3858-ssva2112-2mp-e-s specified in board_part file is either invalid or not available
WARNING: [Board 49-26] cannot add Board Part xilinx.com:vermeo_t1_mpsoc:part0:1.0 available at /opt/Xilinx/2025.2.1/data/xhub/boards/XilinxBoardStore/boards/Xilinx/vermeo_t1_mpsoc/1.0/board.xml as part xczu19eg-ffvd1760-2l-e specified in board_part file is either invalid or not available
WARNING: [Board 49-26] cannot add Board Part xilinx.com:vermeo_t1_rfsoc:part0:1.0 available at /opt/Xilinx/2025.2.1/data/xhub/boards/XilinxBoardStore/boards/Xilinx/vermeo_t1_rfsoc/1.0/board.xml as part xczu21dr-ffvd1156-2l-e specified in board_part file is either invalid or not available
WARNING: [Board 49-26] cannot add Board Part xilinx.com:vhk158:part0:1.0 available at /opt/Xilinx/2025.2.1/data/xhub/boards/XilinxBoardStore/boards/Xilinx/vhk158/production/1.0/board.xml as part xcvh1582-vsva3697-2mp-e-s specified in board_part file is either invalid or not available
WARNING: [Board 49-26] cannot add Board Part xilinx.com:vhk158:part0:1.1 available at /opt/Xilinx/2025.2.1/data/xhub/boards/XilinxBoardStore/boards/Xilinx/vhk158/production/1.1/board.xml as part xcvh1582-vsva3697-2mp-e-s specified in board_part file is either invalid or not available
WARNING: [Board 49-26] cannot add Board Part xilinx.com:vhk158:part0:1.2 available at /opt/Xilinx/2025.2.1/data/xhub/boards/XilinxBoardStore/boards/Xilinx/vhk158/production/1.2/board.xml as part xcvh1582-vsva3697-2mp-e-s specified in board_part file is either invalid or not available
WARNING: [Board 49-26] cannot add Board Part xilinx.com:vmk180:part0:2.2 available at /opt/Xilinx/2025.2.1/data/xhub/boards/XilinxBoardStore/boards/Xilinx/vmk180/production/2.2/board.xml as part xcvm1802-vsva2197-2mp-e-s specified in board_part file is either invalid or not available
WARNING: [Board 49-26] cannot add Board Part xilinx.com:vmk180:part0:3.0 available at /opt/Xilinx/2025.2.1/data/xhub/boards/XilinxBoardStore/boards/Xilinx/vmk180/production/3.0/board.xml as part xcvm1802-vsva2197-2mp-e-s specified in board_part file is either invalid or not available
WARNING: [Board 49-26] cannot add Board Part xilinx.com:vmk180:part0:3.1 available at /opt/Xilinx/2025.2.1/data/xhub/boards/XilinxBoardStore/boards/Xilinx/vmk180/production/3.1/board.xml as part xcvm1802-vsva2197-2mp-e-s specified in board_part file is either invalid or not available
WARNING: [Board 49-26] cannot add Board Part xilinx.com:vmk180:part0:3.2 available at /opt/Xilinx/2025.2.1/data/xhub/boards/XilinxBoardStore/boards/Xilinx/vmk180/production/3.2/board.xml as part xcvm1802-vsva2197-2mp-e-s specified in board_part file is either invalid or not available
WARNING: [Board 49-26] cannot add Board Part xilinx.com:vmk180:part0:3.3 available at /opt/Xilinx/2025.2.1/data/xhub/boards/XilinxBoardStore/boards/Xilinx/vmk180/production/3.3/board.xml as part xcvm1802-vsva2197-2mp-e-s specified in board_part file is either invalid or not available
WARNING: [Board 49-26] cannot add Board Part xilinx.com:vmk180_newl:part0:1.0 available at /opt/Xilinx/2025.2.1/data/xhub/boards/XilinxBoardStore/boards/Xilinx/vmk180_newl/production/1.0/board.xml as part xcvm1802-vsva2197-2mp-e-s specified in board_part file is either invalid or not available
WARNING: [Board 49-26] cannot add Board Part xilinx.com:vmk180_newl:part0:1.1 available at /opt/Xilinx/2025.2.1/data/xhub/boards/XilinxBoardStore/boards/Xilinx/vmk180_newl/production/1.1/board.xml as part xcvm1802-vsva2197-2mp-e-s specified in board_part file is either invalid or not available
WARNING: [Board 49-26] cannot add Board Part xilinx.com:vpk120:part0:1.0 available at /opt/Xilinx/2025.2.1/data/xhub/boards/XilinxBoardStore/boards/Xilinx/vpk120/production/1.0/board.xml as part xcvp1202-vsva2785-2mp-e-s specified in board_part file is either invalid or not available
WARNING: [Board 49-26] cannot add Board Part xilinx.com:vpk120:part0:1.1 available at /opt/Xilinx/2025.2.1/data/xhub/boards/XilinxBoardStore/boards/Xilinx/vpk120/production/1.1/board.xml as part xcvp1202-vsva2785-2mp-e-s specified in board_part file is either invalid or not available
WARNING: [Board 49-26] cannot add Board Part xilinx.com:vpk120:part0:1.2 available at /opt/Xilinx/2025.2.1/data/xhub/boards/XilinxBoardStore/boards/Xilinx/vpk120/production/1.2/board.xml as part xcvp1202-vsva2785-2mp-e-s specified in board_part file is either invalid or not available
WARNING: [Board 49-26] cannot add Board Part xilinx.com:vpk180:part0:1.0 available at /opt/Xilinx/2025.2.1/data/xhub/boards/XilinxBoardStore/boards/Xilinx/vpk180/production/1.0/board.xml as part xcvp1802-lsvc4072-2mp-e-s specified in board_part file is either invalid or not available
WARNING: [Board 49-26] cannot add Board Part xilinx.com:vpk180:part0:1.1 available at /opt/Xilinx/2025.2.1/data/xhub/boards/XilinxBoardStore/boards/Xilinx/vpk180/production/1.1/board.xml as part xcvp1802-lsvc4072-2mp-e-s specified in board_part file is either invalid or not available
WARNING: [Board 49-26] cannot add Board Part xilinx.com:vpk180:part0:1.2 available at /opt/Xilinx/2025.2.1/data/xhub/boards/XilinxBoardStore/boards/Xilinx/vpk180/production/1.2/board.xml as part xcvp1802-lsvc4072-2mp-e-s specified in board_part file is either invalid or not available
WARNING: [Board 49-26] cannot add Board Part xilinx.com:vrk160:part0:1.0 available at /opt/Xilinx/2025.2.1/data/xhub/boards/XilinxBoardStore/boards/Xilinx/vrk160/1.0/board.xml as part xcvr1602-vsva2488-2mp-e-s-es1 specified in board_part file is either invalid or not available
WARNING: [Board 49-26] cannot add Board Part xilinx.com:vrk160:part0:1.1 available at /opt/Xilinx/2025.2.1/data/xhub/boards/XilinxBoardStore/boards/Xilinx/vrk160/1.1/board.xml as part xcvr1602-vsva2488-2mp-e-s-es1 specified in board_part file is either invalid or not available
WARNING: [Board 49-26] cannot add Board Part xilinx.com:vrk165_es:part0:1.0 available at /opt/Xilinx/2025.2.1/data/xhub/boards/XilinxBoardStore/boards/Xilinx/vrk165/es/1.0/board.xml as part xcvr1652-vsva2488-2mp-e-s-es1 specified in board_part file is either invalid or not available
WARNING: [Board 49-26] cannot add Board Part xilinx.com:zc706:part0:1.4 available at /opt/Xilinx/2025.2.1/data/xhub/boards/XilinxBoardStore/boards/Xilinx/zc706/1.4/board.xml as part xc7z045ffg900-2 specified in board_part file is either invalid or not available
WARNING: [Board 49-26] cannot add Board Part xilinx.com:zc706:part0:1.5 available at /opt/Xilinx/2025.2.1/data/xhub/boards/XilinxBoardStore/boards/Xilinx/zc706/1.5/board.xml as part xc7z045ffg900-2 specified in board_part file is either invalid or not available
WARNING: [Board 49-26] cannot add Board Part xilinx.com:zcu102:part0:3.3 available at /opt/Xilinx/2025.2.1/data/xhub/boards/XilinxBoardStore/boards/Xilinx/zcu102/3.3/board.xml as part xczu9eg-ffvb1156-2-e specified in board_part file is either invalid or not available
WARNING: [Board 49-26] cannot add Board Part xilinx.com:zcu102:part0:3.4 available at /opt/Xilinx/2025.2.1/data/xhub/boards/XilinxBoardStore/boards/Xilinx/zcu102/3.4/board.xml as part xczu9eg-ffvb1156-2-e specified in board_part file is either invalid or not available
WARNING: [Board 49-26] cannot add Board Part xilinx.com:zcu104:part0:1.1 available at /opt/Xilinx/2025.2.1/data/xhub/boards/XilinxBoardStore/boards/Xilinx/zcu104/1.1/board.xml as part xczu7ev-ffvc1156-2-e specified in board_part file is either invalid or not available
WARNING: [Board 49-26] cannot add Board Part xilinx.com:zcu106:part0:2.4 available at /opt/Xilinx/2025.2.1/data/xhub/boards/XilinxBoardStore/boards/Xilinx/zcu106/2.4/board.xml as part xczu7ev-ffvc1156-2-e specified in board_part file is either invalid or not available
WARNING: [Board 49-26] cannot add Board Part xilinx.com:zcu106:part0:2.5 available at /opt/Xilinx/2025.2.1/data/xhub/boards/XilinxBoardStore/boards/Xilinx/zcu106/2.5/board.xml as part xczu7ev-ffvc1156-2-e specified in board_part file is either invalid or not available
WARNING: [Board 49-26] cannot add Board Part xilinx.com:zcu106:part0:2.6 available at /opt/Xilinx/2025.2.1/data/xhub/boards/XilinxBoardStore/boards/Xilinx/zcu106/2.6/board.xml as part xczu7ev-ffvc1156-2-e specified in board_part file is either invalid or not available
WARNING: [Board 49-26] cannot add Board Part xilinx.com:zcu111:part0:1.2 available at /opt/Xilinx/2025.2.1/data/xhub/boards/XilinxBoardStore/boards/Xilinx/zcu111/1.2/board.xml as part xczu28dr-ffvg1517-2-e specified in board_part file is either invalid or not available
WARNING: [Board 49-26] cannot add Board Part xilinx.com:zcu111:part0:1.3 available at /opt/Xilinx/2025.2.1/data/xhub/boards/XilinxBoardStore/boards/Xilinx/zcu111/1.3/board.xml as part xczu28dr-ffvg1517-2-e specified in board_part file is either invalid or not available
WARNING: [Board 49-26] cannot add Board Part xilinx.com:zcu111:part0:1.4 available at /opt/Xilinx/2025.2.1/data/xhub/boards/XilinxBoardStore/boards/Xilinx/zcu111/1.4/board.xml as part xczu28dr-ffvg1517-2-e specified in board_part file is either invalid or not available
WARNING: [Board 49-26] cannot add Board Part xilinx.com:zcu1275:part0:1.0 available at /opt/Xilinx/2025.2.1/data/xhub/boards/XilinxBoardStore/boards/Xilinx/zcu1275/1.0/board.xml as part xczu29dr-ffvf1760-2-e specified in board_part file is either invalid or not available
WARNING: [Board 49-26] cannot add Board Part xilinx.com:zcu1285:part0:1.0 available at /opt/Xilinx/2025.2.1/data/xhub/boards/XilinxBoardStore/boards/Xilinx/zcu1285/1.0/board.xml as part xczu39dr-ffvf1760-2-i specified in board_part file is either invalid or not available
WARNING: [Board 49-26] cannot add Board Part xilinx.com:zcu208:part0:2.0 available at /opt/Xilinx/2025.2.1/data/xhub/boards/XilinxBoardStore/boards/Xilinx/zcu208/production/2.0/board.xml as part xczu48dr-fsvg1517-2-e specified in board_part file is either invalid or not available
WARNING: [Board 49-26] cannot add Board Part xilinx.com:zcu208ld:part0:2.0 available at /opt/Xilinx/2025.2.1/data/xhub/boards/XilinxBoardStore/boards/Xilinx/zcu208ld/production/2.0/board.xml as part xczu58dr-fsvg1517-2-i specified in board_part file is either invalid or not available
WARNING: [Board 49-26] cannot add Board Part xilinx.com:zcu216:part0:2.0 available at /opt/Xilinx/2025.2.1/data/xhub/boards/XilinxBoardStore/boards/Xilinx/zcu216/production/2.0/board.xml as part xczu49dr-ffvf1760-2-e specified in board_part file is either invalid or not available
WARNING: [Board 49-26] cannot add Board Part xilinx.com:zcu216ld:part0:2.0 available at /opt/Xilinx/2025.2.1/data/xhub/boards/XilinxBoardStore/boards/Xilinx/zcu216ld/production/2.0/board.xml as part xczu59dr-ffvf1760-2-i specified in board_part file is either invalid or not available
WARNING: [Board 49-26] cannot add Board Part xilinx.com:zcu670:part0:2.0 available at /opt/Xilinx/2025.2.1/data/xhub/boards/XilinxBoardStore/boards/Xilinx/zcu670/2.0/board.xml as part xczu67dr-fsve1156-2-i specified in board_part file is either invalid or not available
WARNING: [Board 49-26] cannot add Board Part xilinx.com:zcu670ld:part0:1.0 available at /opt/Xilinx/2025.2.1/data/xhub/boards/XilinxBoardStore/boards/Xilinx/zcu670ld/1.0/board.xml as part xczu57dr-fsve1156-2-i specified in board_part file is either invalid or not available
WARNING: [Project 1-5713] Board part 'www.digilentinc.com:pynq-z1:part0:1.0' set for the project  is not found. BoardPart property will be unset. Please select board from latest repo build 
INFO: [IP_Flow 19-234] Refreshing IP repositories
INFO: [IP_Flow 19-1704] No user IP repositories specified
INFO: [IP_Flow 19-2313] Loaded Vivado IP repository '/opt/Xilinx/2025.2.1/data/ip'.
# say "project opened: [current_project], part [get_property part [current_project]]"
@@@ project opened: teaching_pynqz1, part xc7z020clg400-1
# set f [open $out/source-set.txt w]
# puts $f "# every file Vivado has in sources_1, in compile order, as the tool reports it"
# puts $f "# top: [get_property top [get_filesets sources_1]]"
# puts $f "# verilog_define: [get_property verilog_define [get_filesets sources_1]]"
# puts $f "# include_dirs: [get_property include_dirs [get_filesets sources_1]]"
# foreach s [get_files -of_objects [get_filesets sources_1]] { puts $f $s }
# puts $f "# constraints"
# foreach s [get_files -of_objects [get_filesets constrs_1]] { puts $f $s }
# close $f
# say "source set written to $out/source-set.txt"
@@@ source set written to /home/engineer/fpga/worktrees/ips-cache/experiments/IPS-campaign/build-baseline/reports/source-set.txt
# foreach s [get_files -quiet *Top.ZynqFPGAConfig.v] { say "FAIL: baseline Rocket top in project: $s"; exit 3 }
# set ps [get_bd_cells -quiet /processing_system7_0]
# if {$ps eq ""} {
#   open_bd_design [get_files -quiet *.bd]
#   set ps [get_bd_cells -quiet /processing_system7_0]
# }
Reading block design file </home/engineer/fpga/worktrees/ips-cache/experiments/IPS-campaign/build-baseline/vivado-project/teaching_pynqz1.srcs/sources_1/bd/system/system.bd>...
Adding component instance block -- xilinx.com:ip:axi_interconnect:2.1 - axi_interconnect_0
Adding component instance block -- xilinx.com:ip:axi_interconnect:2.1 - axi_interconnect_1
Adding component instance block -- xilinx.com:ip:proc_sys_reset:5.0 - proc_sys_reset_0
Adding component instance block -- xilinx.com:ip:processing_system7:5.5 - processing_system7_0
Successfully read diagram <system> from block design file </home/engineer/fpga/worktrees/ips-cache/experiments/IPS-campaign/build-baseline/vivado-project/teaching_pynqz1.srcs/sources_1/bd/system/system.bd>
# if {$ps eq ""} { say "FAIL: no processing_system7_0 cell"; exit 3 }
# set xtal [get_property -quiet CONFIG.PCW_CRYSTAL_PERIPHERAL_FREQMHZ $ps]
# set hp0  [get_property -quiet CONFIG.PCW_USE_S_AXI_HP0 $ps]
# set gp0  [get_property -quiet CONFIG.PCW_USE_M_AXI_GP0 $ps]
# say "PS preset: crystal=$xtal MHz, S_AXI_HP0=$hp0, M_AXI_GP0=$gp0"
@@@ PS preset: crystal=50 MHz, S_AXI_HP0=1, M_AXI_GP0=1
# if {$xtal != 50} { say "FAIL: crystal $xtal, expected 50 -- the Digilent preset did not apply"; exit 3 }
# if {$hp0 != 1}  { say "FAIL: S_AXI_HP0 not enabled -- the memory boundary is missing"; exit 3 }
# say "launching synth_1 with $jobs jobs"
@@@ launching synth_1 with 3 jobs
# reset_run synth_1
# launch_runs synth_1 -jobs $jobs
INFO: [Ipptcl 7-1463] No Compatible Board Interface found. Board Tab not created in customize GUI
WARNING: [BD 41-702] Propagation TCL tries to overwrite USER strength parameter PCW_M_AXI_GP0_FREQMHZ(10) on '/processing_system7_0' with propagated value(25). Command ignored
CRITICAL WARNING: [PSU-1]  Parameter : PCW_UIPARAM_DDR_DQS_TO_CLK_DELAY_2 has negative value -0.009 . PS DDR interfaces might fail when entering negative DQS skew values. 
CRITICAL WARNING: [PSU-2]  Parameter : PCW_UIPARAM_DDR_DQS_TO_CLK_DELAY_3 has negative value -0.033 . PS DDR interfaces might fail when entering negative DQS skew values. 
CRITICAL WARNING: [PSU-1]  Parameter : PCW_UIPARAM_DDR_DQS_TO_CLK_DELAY_2 has negative value -0.009 . PS DDR interfaces might fail when entering negative DQS skew values. 
CRITICAL WARNING: [PSU-2]  Parameter : PCW_UIPARAM_DDR_DQS_TO_CLK_DELAY_3 has negative value -0.033 . PS DDR interfaces might fail when entering negative DQS skew values. 
Wrote  : </home/engineer/fpga/worktrees/ips-cache/experiments/IPS-campaign/build-baseline/vivado-project/teaching_pynqz1.srcs/sources_1/bd/system/system.bd> 
Verilog Output written to : /home/engineer/fpga/worktrees/ips-cache/experiments/IPS-campaign/build-baseline/vivado-project/teaching_pynqz1.gen/sources_1/bd/system/synth/system.v
Verilog Output written to : /home/engineer/fpga/worktrees/ips-cache/experiments/IPS-campaign/build-baseline/vivado-project/teaching_pynqz1.gen/sources_1/bd/system/sim/system.v
Verilog Output written to : /home/engineer/fpga/worktrees/ips-cache/experiments/IPS-campaign/build-baseline/vivado-project/teaching_pynqz1.gen/sources_1/bd/system/hdl/system_wrapper.v
INFO: [BD 41-1029] Generation completed for the IP Integrator block proc_sys_reset_0 .
INFO: [IP_Flow 19-5611] Unable to find an associated reset port for the interface 'M_AXI_GP0'. A default connection has been created.
INFO: [IP_Flow 19-5611] Unable to find an associated reset port for the interface 'S_AXI_HP0'. A default connection has been created.
INFO: [BD 41-1029] Generation completed for the IP Integrator block processing_system7_0 .
WARNING: [IP_Flow 19-4994] Overwriting existing constraint file '/home/engineer/fpga/worktrees/ips-cache/experiments/IPS-campaign/build-baseline/vivado-project/teaching_pynqz1.gen/sources_1/bd/system/ip/system_axi_interconnect_0_imp_auto_pc_0/system_axi_interconnect_0_imp_auto_pc_0_ooc.xdc'
INFO: [BD 41-1029] Generation completed for the IP Integrator block axi_interconnect_0/s00_couplers/auto_pc .
WARNING: [IP_Flow 19-4994] Overwriting existing constraint file '/home/engineer/fpga/worktrees/ips-cache/experiments/IPS-campaign/build-baseline/vivado-project/teaching_pynqz1.gen/sources_1/bd/system/ip/system_axi_interconnect_1_imp_auto_pc_0/system_axi_interconnect_1_imp_auto_pc_0_ooc.xdc'
INFO: [BD 41-1029] Generation completed for the IP Integrator block axi_interconnect_1/s00_couplers/auto_pc .
Exporting to file /home/engineer/fpga/worktrees/ips-cache/experiments/IPS-campaign/build-baseline/vivado-project/teaching_pynqz1.gen/sources_1/bd/system/hw_handoff/system.hwh
Generated Hardware Definition File /home/engineer/fpga/worktrees/ips-cache/experiments/IPS-campaign/build-baseline/vivado-project/teaching_pynqz1.gen/sources_1/bd/system/synth/system.hwdef
INFO: [BD 41-3262] Generated VHDL Instantiation Template file /home/engineer/fpga/worktrees/ips-cache/experiments/IPS-campaign/build-baseline/vivado-project/teaching_pynqz1.gen/sources_1/bd/system/system.vho
INFO: [BD 41-3262] Generated Verilog Instantiation Template file /home/engineer/fpga/worktrees/ips-cache/experiments/IPS-campaign/build-baseline/vivado-project/teaching_pynqz1.gen/sources_1/bd/system/system.veo
INFO: [BD 41-3262] Generated System Verilog Instantiation Template file /home/engineer/fpga/worktrees/ips-cache/experiments/IPS-campaign/build-baseline/vivado-project/teaching_pynqz1.gen/sources_1/bd/system/system_sv.sveo
WARNING: [Vivado 12-7122] Auto Incremental Compile:: No reference checkpoint was found in run synth_1. Auto-incremental flow will not be run, the standard flow will be run instead.
[Thu Sep 24 23:45:30 2026] Launched system_axi_interconnect_1_imp_auto_pc_0_synth_1, system_processing_system7_0_0_synth_1, system_proc_sys_reset_0_0_synth_1, system_axi_interconnect_0_imp_auto_pc_0_synth_1...
Run output will be captured here:
system_axi_interconnect_1_imp_auto_pc_0_synth_1: /home/engineer/fpga/worktrees/ips-cache/experiments/IPS-campaign/build-baseline/vivado-project/teaching_pynqz1.runs/system_axi_interconnect_1_imp_auto_pc_0_synth_1/runme.log
system_processing_system7_0_0_synth_1: /home/engineer/fpga/worktrees/ips-cache/experiments/IPS-campaign/build-baseline/vivado-project/teaching_pynqz1.runs/system_processing_system7_0_0_synth_1/runme.log
system_proc_sys_reset_0_0_synth_1: /home/engineer/fpga/worktrees/ips-cache/experiments/IPS-campaign/build-baseline/vivado-project/teaching_pynqz1.runs/system_proc_sys_reset_0_0_synth_1/runme.log
system_axi_interconnect_0_imp_auto_pc_0_synth_1: /home/engineer/fpga/worktrees/ips-cache/experiments/IPS-campaign/build-baseline/vivado-project/teaching_pynqz1.runs/system_axi_interconnect_0_imp_auto_pc_0_synth_1/runme.log
[Thu Sep 24 23:45:30 2026] Launched synth_1...
Run output will be captured here: /home/engineer/fpga/worktrees/ips-cache/experiments/IPS-campaign/build-baseline/vivado-project/teaching_pynqz1.runs/synth_1/runme.log
launch_runs: Time (s): cpu = 00:00:17 ; elapsed = 00:00:18 . Memory (MB): peak = 1804.910 ; gain = 120.773 ; free physical = 9665 ; free virtual = 33397
# wait_on_run synth_1
[Thu Sep 24 23:45:30 2026] Waiting for synth_1 to finish...

*** Running vivado
    with args -log rocketchip_wrapper.vds -m64 -product Vivado -mode batch -messageDb vivado.pb -notrace -source rocketchip_wrapper.tcl


****** Vivado v2025.2.1 (64-bit)
  **** SW Build 6403652 on Thu Mar 19 13:47:00 MDT 2026
  **** IP Build 6403511 on Thu Mar 19 12:41:45 MDT 2026
  **** SharedData Build 6403650 on Thu Mar 19 14:02:13 MDT 2026
  **** Start of session at: Thu Sep 24 23:46:41 2026
    ** Copyright 1986-2022 Xilinx, Inc. All Rights Reserved.
    ** Copyright 2022-2026 Advanced Micro Devices, Inc. All Rights Reserved.

source rocketchip_wrapper.tcl -notrace
INFO: [IP_Flow 19-234] Refreshing IP repositories
INFO: [IP_Flow 19-1704] No user IP repositories specified
INFO: [IP_Flow 19-2313] Loaded Vivado IP repository '/opt/Xilinx/2025.2.1/data/ip'.
Command: synth_design -top rocketchip_wrapper -part xc7z020clg400-1
Starting synth_design
Attempting to get a license for feature 'Synthesis' and/or device 'xc7z020'
INFO: [Common 17-349] Got license for feature 'Synthesis' and/or device 'xc7z020'
INFO: [Device 21-403] Loading part xc7z020clg400-1
INFO: [Synth 8-7079] Multithreading enabled for synth_design using a maximum of 7 processes.
INFO: [Synth 8-7078] Launching helper process for spawning children vivado processes
INFO: [Synth 8-7075] Helper process launched with PID 1956
---------------------------------------------------------------------------------
Starting RTL Elaboration : Time (s): cpu = 00:00:03 ; elapsed = 00:00:04 . Memory (MB): peak = 2257.238 ; gain = 481.875 ; free physical = 8149 ; free virtual = 31889
---------------------------------------------------------------------------------
WARNING: [Synth 8-6901] identifier 'csr_irq_pending' is used before its declaration [/home/engineer/fpga/worktrees/ips-cache/experiments/IPS-campaign/build-baseline/inputs/tcpu_core.v:429]
WARNING: [Synth 8-6901] identifier 'st_mpp' is used before its declaration [/home/engineer/fpga/worktrees/ips-cache/experiments/IPS-campaign/build-baseline/inputs/tcpu_csr.v:94]
INFO: [Synth 8-11241] undeclared symbol 'M_AXI_rresp', assumed default net type 'wire' [/home/engineer/fpga/worktrees/ips-cache/experiments/IPS-campaign/build-baseline/inputs/rocketchip_wrapper.v:301]
INFO: [Synth 8-11241] undeclared symbol 'M_AXI_bresp', assumed default net type 'wire' [/home/engineer/fpga/worktrees/ips-cache/experiments/IPS-campaign/build-baseline/inputs/rocketchip_wrapper.v:308]
INFO: [Synth 8-6157] synthesizing module 'rocketchip_wrapper' [/home/engineer/fpga/worktrees/ips-cache/experiments/IPS-campaign/build-baseline/inputs/rocketchip_wrapper.v:4]
INFO: [Synth 8-6157] synthesizing module 'system' [/home/engineer/fpga/worktrees/ips-cache/experiments/IPS-campaign/build-baseline/vivado-project/teaching_pynqz1.gen/sources_1/bd/system/synth/system.v:665]
INFO: [Synth 8-6157] synthesizing module 'system_axi_interconnect_0_0' [/home/engineer/fpga/worktrees/ips-cache/experiments/IPS-campaign/build-baseline/vivado-project/teaching_pynqz1.gen/sources_1/bd/system/synth/system.v:1332]
INFO: [Synth 8-6157] synthesizing module 's00_couplers_imp_Y9JEWS' [/home/engineer/fpga/worktrees/ips-cache/experiments/IPS-campaign/build-baseline/vivado-project/teaching_pynqz1.gen/sources_1/bd/system/synth/system.v:339]
INFO: [Synth 8-6157] synthesizing module 'system_axi_interconnect_0_imp_auto_pc_0' [/home/engineer/fpga/worktrees/ips-cache/experiments/IPS-campaign/build-baseline/vivado-project/teaching_pynqz1.runs/synth_1/.Xil/Vivado-1910-ubuntu/realtime/system_axi_interconnect_0_imp_auto_pc_0_stub.v:6]
INFO: [Synth 8-6155] done synthesizing module 'system_axi_interconnect_0_imp_auto_pc_0' (0#1) [/home/engineer/fpga/worktrees/ips-cache/experiments/IPS-campaign/build-baseline/vivado-project/teaching_pynqz1.runs/synth_1/.Xil/Vivado-1910-ubuntu/realtime/system_axi_interconnect_0_imp_auto_pc_0_stub.v:6]
INFO: [Synth 8-6155] done synthesizing module 's00_couplers_imp_Y9JEWS' (0#1) [/home/engineer/fpga/worktrees/ips-cache/experiments/IPS-campaign/build-baseline/vivado-project/teaching_pynqz1.gen/sources_1/bd/system/synth/system.v:339]
INFO: [Synth 8-6155] done synthesizing module 'system_axi_interconnect_0_0' (0#1) [/home/engineer/fpga/worktrees/ips-cache/experiments/IPS-campaign/build-baseline/vivado-project/teaching_pynqz1.gen/sources_1/bd/system/synth/system.v:1332]
INFO: [Synth 8-6157] synthesizing module 'system_axi_interconnect_1_0' [/home/engineer/fpga/worktrees/ips-cache/experiments/IPS-campaign/build-baseline/vivado-project/teaching_pynqz1.gen/sources_1/bd/system/synth/system.v:1666]
INFO: [Synth 8-6157] synthesizing module 's00_couplers_imp_8CNLH6' [/home/engineer/fpga/worktrees/ips-cache/experiments/IPS-campaign/build-baseline/vivado-project/teaching_pynqz1.gen/sources_1/bd/system/synth/system.v:13]
INFO: [Synth 8-6157] synthesizing module 'system_axi_interconnect_1_imp_auto_pc_0' [/home/engineer/fpga/worktrees/ips-cache/experiments/IPS-campaign/build-baseline/vivado-project/teaching_pynqz1.runs/synth_1/.Xil/Vivado-1910-ubuntu/realtime/system_axi_interconnect_1_imp_auto_pc_0_stub.v:6]
INFO: [Synth 8-6155] done synthesizing module 'system_axi_interconnect_1_imp_auto_pc_0' (0#1) [/home/engineer/fpga/worktrees/ips-cache/experiments/IPS-campaign/build-baseline/vivado-project/teaching_pynqz1.runs/synth_1/.Xil/Vivado-1910-ubuntu/realtime/system_axi_interconnect_1_imp_auto_pc_0_stub.v:6]
INFO: [Synth 8-6155] done synthesizing module 's00_couplers_imp_8CNLH6' (0#1) [/home/engineer/fpga/worktrees/ips-cache/experiments/IPS-campaign/build-baseline/vivado-project/teaching_pynqz1.gen/sources_1/bd/system/synth/system.v:13]
INFO: [Synth 8-6155] done synthesizing module 'system_axi_interconnect_1_0' (0#1) [/home/engineer/fpga/worktrees/ips-cache/experiments/IPS-campaign/build-baseline/vivado-project/teaching_pynqz1.gen/sources_1/bd/system/synth/system.v:1666]
INFO: [Synth 8-6157] synthesizing module 'system_proc_sys_reset_0_0' [/home/engineer/fpga/worktrees/ips-cache/experiments/IPS-campaign/build-baseline/vivado-project/teaching_pynqz1.runs/synth_1/.Xil/Vivado-1910-ubuntu/realtime/system_proc_sys_reset_0_0_stub.v:6]
INFO: [Synth 8-6155] done synthesizing module 'system_proc_sys_reset_0_0' (0#1) [/home/engineer/fpga/worktrees/ips-cache/experiments/IPS-campaign/build-baseline/vivado-project/teaching_pynqz1.runs/synth_1/.Xil/Vivado-1910-ubuntu/realtime/system_proc_sys_reset_0_0_stub.v:6]
WARNING: [Synth 8-7071] port 'mb_reset' of module 'system_proc_sys_reset_0_0' is unconnected for instance 'proc_sys_reset_0' [/home/engineer/fpga/worktrees/ips-cache/experiments/IPS-campaign/build-baseline/vivado-project/teaching_pynqz1.gen/sources_1/bd/system/synth/system.v:1218]
WARNING: [Synth 8-7071] port 'bus_struct_reset' of module 'system_proc_sys_reset_0_0' is unconnected for instance 'proc_sys_reset_0' [/home/engineer/fpga/worktrees/ips-cache/experiments/IPS-campaign/build-baseline/vivado-project/teaching_pynqz1.gen/sources_1/bd/system/synth/system.v:1218]
WARNING: [Synth 8-7071] port 'peripheral_reset' of module 'system_proc_sys_reset_0_0' is unconnected for instance 'proc_sys_reset_0' [/home/engineer/fpga/worktrees/ips-cache/experiments/IPS-campaign/build-baseline/vivado-project/teaching_pynqz1.gen/sources_1/bd/system/synth/system.v:1218]
WARNING: [Synth 8-7023] instance 'proc_sys_reset_0' of module 'system_proc_sys_reset_0_0' has 10 connections declared, but only 7 given [/home/engineer/fpga/worktrees/ips-cache/experiments/IPS-campaign/build-baseline/vivado-project/teaching_pynqz1.gen/sources_1/bd/system/synth/system.v:1218]
INFO: [Synth 8-6157] synthesizing module 'system_processing_system7_0_0' [/home/engineer/fpga/worktrees/ips-cache/experiments/IPS-campaign/build-baseline/vivado-project/teaching_pynqz1.runs/synth_1/.Xil/Vivado-1910-ubuntu/realtime/system_processing_system7_0_0_stub.v:6]
INFO: [Synth 8-6155] done synthesizing module 'system_processing_system7_0_0' (0#1) [/home/engineer/fpga/worktrees/ips-cache/experiments/IPS-campaign/build-baseline/vivado-project/teaching_pynqz1.runs/synth_1/.Xil/Vivado-1910-ubuntu/realtime/system_processing_system7_0_0_stub.v:6]
WARNING: [Synth 8-7071] port 'USB0_PORT_INDCTL' of module 'system_processing_system7_0_0' is unconnected for instance 'processing_system7_0' [/home/engineer/fpga/worktrees/ips-cache/experiments/IPS-campaign/build-baseline/vivado-project/teaching_pynqz1.gen/sources_1/bd/system/synth/system.v:1226]
WARNING: [Synth 8-7071] port 'USB0_VBUS_PWRSELECT' of module 'system_processing_system7_0_0' is unconnected for instance 'processing_system7_0' [/home/engineer/fpga/worktrees/ips-cache/experiments/IPS-campaign/build-baseline/vivado-project/teaching_pynqz1.gen/sources_1/bd/system/synth/system.v:1226]
WARNING: [Synth 8-7071] port 'S_AXI_HP0_RCOUNT' of module 'system_processing_system7_0_0' is unconnected for instance 'processing_system7_0' [/home/engineer/fpga/worktrees/ips-cache/experiments/IPS-campaign/build-baseline/vivado-project/teaching_pynqz1.gen/sources_1/bd/system/synth/system.v:1226]
WARNING: [Synth 8-7071] port 'S_AXI_HP0_WCOUNT' of module 'system_processing_system7_0_0' is unconnected for instance 'processing_system7_0' [/home/engineer/fpga/worktrees/ips-cache/experiments/IPS-campaign/build-baseline/vivado-project/teaching_pynqz1.gen/sources_1/bd/system/synth/system.v:1226]
WARNING: [Synth 8-7071] port 'S_AXI_HP0_RACOUNT' of module 'system_processing_system7_0_0' is unconnected for instance 'processing_system7_0' [/home/engineer/fpga/worktrees/ips-cache/experiments/IPS-campaign/build-baseline/vivado-project/teaching_pynqz1.gen/sources_1/bd/system/synth/system.v:1226]
WARNING: [Synth 8-7071] port 'S_AXI_HP0_WACOUNT' of module 'system_processing_system7_0_0' is unconnected for instance 'processing_system7_0' [/home/engineer/fpga/worktrees/ips-cache/experiments/IPS-campaign/build-baseline/vivado-project/teaching_pynqz1.gen/sources_1/bd/system/synth/system.v:1226]
WARNING: [Synth 8-7071] port 'FCLK_CLK0' of module 'system_processing_system7_0_0' is unconnected for instance 'processing_system7_0' [/home/engineer/fpga/worktrees/ips-cache/experiments/IPS-campaign/build-baseline/vivado-project/teaching_pynqz1.gen/sources_1/bd/system/synth/system.v:1226]
WARNING: [Synth 8-7023] instance 'processing_system7_0' of module 'system_processing_system7_0_0' has 110 connections declared, but only 103 given [/home/engineer/fpga/worktrees/ips-cache/experiments/IPS-campaign/build-baseline/vivado-project/teaching_pynqz1.gen/sources_1/bd/system/synth/system.v:1226]
INFO: [Synth 8-6155] done synthesizing module 'system' (0#1) [/home/engineer/fpga/worktrees/ips-cache/experiments/IPS-campaign/build-baseline/vivado-project/teaching_pynqz1.gen/sources_1/bd/system/synth/system.v:665]
INFO: [Synth 8-6157] synthesizing module 'Top' [/home/engineer/fpga/worktrees/ips-cache/experiments/IPS-campaign/build-baseline/inputs/teaching_top_shim.v:19]
INFO: [Synth 8-6157] synthesizing module 'RD2BoardTop' [/home/engineer/fpga/worktrees/ips-cache/experiments/IPS-campaign/build-baseline/inputs/RD2BoardTop.RD2AtomicBoardConfig.v:146825]
INFO: [Synth 8-6157] synthesizing module 'RD2ZynqTop' [/home/engineer/fpga/worktrees/ips-cache/experiments/IPS-campaign/build-baseline/inputs/RD2BoardTop.RD2AtomicBoardConfig.v:55566]
INFO: [Synth 8-6157] synthesizing module 'IntXbar' [/home/engineer/fpga/worktrees/ips-cache/experiments/IPS-campaign/build-baseline/inputs/RD2BoardTop.RD2AtomicBoardConfig.v:1]
INFO: [Synth 8-6155] done synthesizing module 'IntXbar' (0#1) [/home/engineer/fpga/worktrees/ips-cache/experiments/IPS-campaign/build-baseline/inputs/RD2BoardTop.RD2AtomicBoardConfig.v:1]
INFO: [Synth 8-6157] synthesizing module 'SystemBus' [/home/engineer/fpga/worktrees/ips-cache/experiments/IPS-campaign/build-baseline/inputs/RD2BoardTop.RD2AtomicBoardConfig.v:5308]
INFO: [Synth 8-6157] synthesizing module 'TLXbar' [/home/engineer/fpga/worktrees/ips-cache/experiments/IPS-campaign/build-baseline/inputs/RD2BoardTop.RD2AtomicBoardConfig.v:7]
INFO: [Synth 8-6155] done synthesizing module 'TLXbar' (0#1) [/home/engineer/fpga/worktrees/ips-cache/experiments/IPS-campaign/build-baseline/inputs/RD2BoardTop.RD2AtomicBoardConfig.v:7]
INFO: [Synth 8-6157] synthesizing module 'TLSplitter' [/home/engineer/fpga/worktrees/ips-cache/experiments/IPS-campaign/build-baseline/inputs/RD2BoardTop.RD2AtomicBoardConfig.v:3113]
INFO: [Synth 8-6155] done synthesizing module 'TLSplitter' (0#1) [/home/engineer/fpga/worktrees/ips-cache/experiments/IPS-campaign/build-baseline/inputs/RD2BoardTop.RD2AtomicBoardConfig.v:3113]
INFO: [Synth 8-6157] synthesizing module 'SimpleLazyModule' [/home/engineer/fpga/worktrees/ips-cache/experiments/IPS-campaign/build-baseline/inputs/RD2BoardTop.RD2AtomicBoardConfig.v:3398]
INFO: [Synth 8-6157] synthesizing module 'TLFIFOFixer' [/home/engineer/fpga/worktrees/ips-cache/experiments/IPS-campaign/build-baseline/inputs/RD2BoardTop.RD2AtomicBoardConfig.v:3284]
INFO: [Synth 8-6155] done synthesizing module 'TLFIFOFixer' (0#1) [/home/engineer/fpga/worktrees/ips-cache/experiments/IPS-campaign/build-baseline/inputs/RD2BoardTop.RD2AtomicBoardConfig.v:3284]
INFO: [Synth 8-6157] synthesizing module 'TLWidthWidget' [/home/engineer/fpga/worktrees/ips-cache/experiments/IPS-campaign/build-baseline/inputs/RD2BoardTop.RD2AtomicBoardConfig.v:3341]
INFO: [Synth 8-6155] done synthesizing module 'TLWidthWidget' (0#1) [/home/engineer/fpga/worktrees/ips-cache/experiments/IPS-campaign/build-baseline/inputs/RD2BoardTop.RD2AtomicBoardConfig.v:3341]
INFO: [Synth 8-6155] done synthesizing module 'SimpleLazyModule' (0#1) [/home/engineer/fpga/worktrees/ips-cache/experiments/IPS-campaign/build-baseline/inputs/RD2BoardTop.RD2AtomicBoardConfig.v:3398]
INFO: [Synth 8-6157] synthesizing module 'SimpleLazyModule_2' [/home/engineer/fpga/worktrees/ips-cache/experiments/IPS-campaign/build-baseline/inputs/RD2BoardTop.RD2AtomicBoardConfig.v:3731]
INFO: [Synth 8-6155] done synthesizing module 'SimpleLazyModule_2' (0#1) [/home/engineer/fpga/worktrees/ips-cache/experiments/IPS-campaign/build-baseline/inputs/RD2BoardTop.RD2AtomicBoardConfig.v:3731]
INFO: [Synth 8-6157] synthesizing module 'SimpleLazyModule_3' [/home/engineer/fpga/worktrees/ips-cache/experiments/IPS-campaign/build-baseline/inputs/RD2BoardTop.RD2AtomicBoardConfig.v:4339]
INFO: [Synth 8-6157] synthesizing module 'TLBuffer_1' [/home/engineer/fpga/worktrees/ips-cache/experiments/IPS-campaign/build-baseline/inputs/RD2BoardTop.RD2AtomicBoardConfig.v:4222]
INFO: [Synth 8-6157] synthesizing module 'Queue' [/home/engineer/fpga/worktrees/ips-cache/experiments/IPS-campaign/build-baseline/inputs/RD2BoardTop.RD2AtomicBoardConfig.v:3788]
INFO: [Synth 8-6155] done synthesizing module 'Queue' (0#1) [/home/engineer/fpga/worktrees/ips-cache/experiments/IPS-campaign/build-baseline/inputs/RD2BoardTop.RD2AtomicBoardConfig.v:3788]
INFO: [Synth 8-6157] synthesizing module 'Queue_1' [/home/engineer/fpga/worktrees/ips-cache/experiments/IPS-campaign/build-baseline/inputs/RD2BoardTop.RD2AtomicBoardConfig.v:3957]
INFO: [Synth 8-6155] done synthesizing module 'Queue_1' (0#1) [/home/engineer/fpga/worktrees/ips-cache/experiments/IPS-campaign/build-baseline/inputs/RD2BoardTop.RD2AtomicBoardConfig.v:3957]
INFO: [Synth 8-6155] done synthesizing module 'TLBuffer_1' (0#1) [/home/engineer/fpga/worktrees/ips-cache/experiments/IPS-campaign/build-baseline/inputs/RD2BoardTop.RD2AtomicBoardConfig.v:4222]
INFO: [Synth 8-6155] done synthesizing module 'SimpleLazyModule_3' (0#1) [/home/engineer/fpga/worktrees/ips-cache/experiments/IPS-campaign/build-baseline/inputs/RD2BoardTop.RD2AtomicBoardConfig.v:4339]
INFO: [Synth 8-6157] synthesizing module 'SimpleLazyModule_4' [/home/engineer/fpga/worktrees/ips-cache/experiments/IPS-campaign/build-baseline/inputs/RD2BoardTop.RD2AtomicBoardConfig.v:4544]
INFO: [Synth 8-6157] synthesizing module 'TLBuffer_2' [/home/engineer/fpga/worktrees/ips-cache/experiments/IPS-campaign/build-baseline/inputs/RD2BoardTop.RD2AtomicBoardConfig.v:4448]
INFO: [Synth 8-6155] done synthesizing module 'TLBuffer_2' (0#1) [/home/engineer/fpga/worktrees/ips-cache/experiments/IPS-campaign/build-baseline/inputs/RD2BoardTop.RD2AtomicBoardConfig.v:4448]
INFO: [Synth 8-6157] synthesizing module 'TLFIFOFixer_1' [/home/engineer/fpga/worktrees/ips-cache/experiments/IPS-campaign/build-baseline/inputs/RD2BoardTop.RD2AtomicBoardConfig.v:4496]
INFO: [Synth 8-6155] done synthesizing module 'TLFIFOFixer_1' (0#1) [/home/engineer/fpga/worktrees/ips-cache/experiments/IPS-campaign/build-baseline/inputs/RD2BoardTop.RD2AtomicBoardConfig.v:4496]
INFO: [Synth 8-6155] done synthesizing module 'SimpleLazyModule_4' (0#1) [/home/engineer/fpga/worktrees/ips-cache/experiments/IPS-campaign/build-baseline/inputs/RD2BoardTop.RD2AtomicBoardConfig.v:4544]
INFO: [Synth 8-6157] synthesizing module 'SimpleLazyModule_5' [/home/engineer/fpga/worktrees/ips-cache/experiments/IPS-campaign/build-baseline/inputs/RD2BoardTop.RD2AtomicBoardConfig.v:4924]
INFO: [Synth 8-6157] synthesizing module 'TLBuffer_3' [/home/engineer/fpga/worktrees/ips-cache/experiments/IPS-campaign/build-baseline/inputs/RD2BoardTop.RD2AtomicBoardConfig.v:4744]
INFO: [Synth 8-6155] done synthesizing module 'TLBuffer_3' (0#1) [/home/engineer/fpga/worktrees/ips-cache/experiments/IPS-campaign/build-baseline/inputs/RD2BoardTop.RD2AtomicBoardConfig.v:4744]
INFO: [Synth 8-6157] synthesizing module 'TLFIFOFixer_2' [/home/engineer/fpga/worktrees/ips-cache/experiments/IPS-campaign/build-baseline/inputs/RD2BoardTop.RD2AtomicBoardConfig.v:4834]
INFO: [Synth 8-6155] done synthesizing module 'TLFIFOFixer_2' (0#1) [/home/engineer/fpga/worktrees/ips-cache/experiments/IPS-campaign/build-baseline/inputs/RD2BoardTop.RD2AtomicBoardConfig.v:4834]
INFO: [Synth 8-6155] done synthesizing module 'SimpleLazyModule_5' (0#1) [/home/engineer/fpga/worktrees/ips-cache/experiments/IPS-campaign/build-baseline/inputs/RD2BoardTop.RD2AtomicBoardConfig.v:4924]
INFO: [Synth 8-6155] done synthesizing module 'SystemBus' (0#1) [/home/engineer/fpga/worktrees/ips-cache/experiments/IPS-campaign/build-baseline/inputs/RD2BoardTop.RD2AtomicBoardConfig.v:5308]
INFO: [Synth 8-6157] synthesizing module 'PeripheryBus' [/home/engineer/fpga/worktrees/ips-cache/experiments/IPS-campaign/build-baseline/inputs/RD2BoardTop.RD2AtomicBoardConfig.v:14625]
INFO: [Synth 8-6157] synthesizing module 'TLXbar_1' [/home/engineer/fpga/worktrees/ips-cache/experiments/IPS-campaign/build-baseline/inputs/RD2BoardTop.RD2AtomicBoardConfig.v:6565]
INFO: [Synth 8-6155] done synthesizing module 'TLXbar_1' (0#1) [/home/engineer/fpga/worktrees/ips-cache/experiments/IPS-campaign/build-baseline/inputs/RD2BoardTop.RD2AtomicBoardConfig.v:6565]
INFO: [Synth 8-6157] synthesizing module 'SimpleLazyModule_7' [/home/engineer/fpga/worktrees/ips-cache/experiments/IPS-campaign/build-baseline/inputs/RD2BoardTop.RD2AtomicBoardConfig.v:10302]
INFO: [Synth 8-6157] synthesizing module 'TLBuffer_5' [/home/engineer/fpga/worktrees/ips-cache/experiments/IPS-campaign/build-baseline/inputs/RD2BoardTop.RD2AtomicBoardConfig.v:8298]
INFO: [Synth 8-6157] synthesizing module 'Queue_2' [/home/engineer/fpga/worktrees/ips-cache/experiments/IPS-campaign/build-baseline/inputs/RD2BoardTop.RD2AtomicBoardConfig.v:7760]
INFO: [Synth 8-6155] done synthesizing module 'Queue_2' (0#1) [/home/engineer/fpga/worktrees/ips-cache/experiments/IPS-campaign/build-baseline/inputs/RD2BoardTop.RD2AtomicBoardConfig.v:7760]
INFO: [Synth 8-6157] synthesizing module 'Queue_3' [/home/engineer/fpga/worktrees/ips-cache/experiments/IPS-campaign/build-baseline/inputs/RD2BoardTop.RD2AtomicBoardConfig.v:8029]
INFO: [Synth 8-6155] done synthesizing module 'Queue_3' (0#1) [/home/engineer/fpga/worktrees/ips-cache/experiments/IPS-campaign/build-baseline/inputs/RD2BoardTop.RD2AtomicBoardConfig.v:8029]
INFO: [Synth 8-6155] done synthesizing module 'TLBuffer_5' (0#1) [/home/engineer/fpga/worktrees/ips-cache/experiments/IPS-campaign/build-baseline/inputs/RD2BoardTop.RD2AtomicBoardConfig.v:8298]
INFO: [Synth 8-6157] synthesizing module 'TLAtomicAutomata' [/home/engineer/fpga/worktrees/ips-cache/experiments/IPS-campaign/build-baseline/inputs/RD2BoardTop.RD2AtomicBoardConfig.v:8463]
INFO: [Synth 8-6155] done synthesizing module 'TLAtomicAutomata' (0#1) [/home/engineer/fpga/worktrees/ips-cache/experiments/IPS-campaign/build-baseline/inputs/RD2BoardTop.RD2AtomicBoardConfig.v:8463]
INFO: [Synth 8-6155] done synthesizing module 'SimpleLazyModule_7' (0#1) [/home/engineer/fpga/worktrees/ips-cache/experiments/IPS-campaign/build-baseline/inputs/RD2BoardTop.RD2AtomicBoardConfig.v:10302]
INFO: [Synth 8-6157] synthesizing module 'SimpleLazyModule_8' [/home/engineer/fpga/worktrees/ips-cache/experiments/IPS-campaign/build-baseline/inputs/RD2BoardTop.RD2AtomicBoardConfig.v:11185]
INFO: [Synth 8-6157] synthesizing module 'TLFragmenter' [/home/engineer/fpga/worktrees/ips-cache/experiments/IPS-campaign/build-baseline/inputs/RD2BoardTop.RD2AtomicBoardConfig.v:10682]
INFO: [Synth 8-6157] synthesizing module 'Repeater' [/home/engineer/fpga/worktrees/ips-cache/experiments/IPS-campaign/build-baseline/inputs/RD2BoardTop.RD2AtomicBoardConfig.v:10557]
INFO: [Synth 8-6155] done synthesizing module 'Repeater' (0#1) [/home/engineer/fpga/worktrees/ips-cache/experiments/IPS-campaign/build-baseline/inputs/RD2BoardTop.RD2AtomicBoardConfig.v:10557]
INFO: [Synth 8-6155] done synthesizing module 'TLFragmenter' (0#1) [/home/engineer/fpga/worktrees/ips-cache/experiments/IPS-campaign/build-baseline/inputs/RD2BoardTop.RD2AtomicBoardConfig.v:10682]
INFO: [Synth 8-6157] synthesizing module 'TLBuffer_7' [/home/engineer/fpga/worktrees/ips-cache/experiments/IPS-campaign/build-baseline/inputs/RD2BoardTop.RD2AtomicBoardConfig.v:11137]
INFO: [Synth 8-6155] done synthesizing module 'TLBuffer_7' (0#1) [/home/engineer/fpga/worktrees/ips-cache/experiments/IPS-campaign/build-baseline/inputs/RD2BoardTop.RD2AtomicBoardConfig.v:11137]
INFO: [Synth 8-6155] done synthesizing module 'SimpleLazyModule_8' (0#1) [/home/engineer/fpga/worktrees/ips-cache/experiments/IPS-campaign/build-baseline/inputs/RD2BoardTop.RD2AtomicBoardConfig.v:11185]
INFO: [Synth 8-6157] synthesizing module 'SimpleLazyModule_9' [/home/engineer/fpga/worktrees/ips-cache/experiments/IPS-campaign/build-baseline/inputs/RD2BoardTop.RD2AtomicBoardConfig.v:12034]
INFO: [Synth 8-6157] synthesizing module 'TLFragmenter_1' [/home/engineer/fpga/worktrees/ips-cache/experiments/IPS-campaign/build-baseline/inputs/RD2BoardTop.RD2AtomicBoardConfig.v:11516]
INFO: [Synth 8-6157] synthesizing module 'Repeater_1' [/home/engineer/fpga/worktrees/ips-cache/experiments/IPS-campaign/build-baseline/inputs/RD2BoardTop.RD2AtomicBoardConfig.v:11391]
INFO: [Synth 8-6155] done synthesizing module 'Repeater_1' (0#1) [/home/engineer/fpga/worktrees/ips-cache/experiments/IPS-campaign/build-baseline/inputs/RD2BoardTop.RD2AtomicBoardConfig.v:11391]
INFO: [Synth 8-6155] done synthesizing module 'TLFragmenter_1' (0#1) [/home/engineer/fpga/worktrees/ips-cache/experiments/IPS-campaign/build-baseline/inputs/RD2BoardTop.RD2AtomicBoardConfig.v:11516]
INFO: [Synth 8-6157] synthesizing module 'TLBuffer_8' [/home/engineer/fpga/worktrees/ips-cache/experiments/IPS-campaign/build-baseline/inputs/RD2BoardTop.RD2AtomicBoardConfig.v:11980]
INFO: [Synth 8-6155] done synthesizing module 'TLBuffer_8' (0#1) [/home/engineer/fpga/worktrees/ips-cache/experiments/IPS-campaign/build-baseline/inputs/RD2BoardTop.RD2AtomicBoardConfig.v:11980]
INFO: [Synth 8-6155] done synthesizing module 'SimpleLazyModule_9' (0#1) [/home/engineer/fpga/worktrees/ips-cache/experiments/IPS-campaign/build-baseline/inputs/RD2BoardTop.RD2AtomicBoardConfig.v:12034]
INFO: [Synth 8-6157] synthesizing module 'SimpleLazyModule_10' [/home/engineer/fpga/worktrees/ips-cache/experiments/IPS-campaign/build-baseline/inputs/RD2BoardTop.RD2AtomicBoardConfig.v:12895]
INFO: [Synth 8-6157] synthesizing module 'TLFragmenter_2' [/home/engineer/fpga/worktrees/ips-cache/experiments/IPS-campaign/build-baseline/inputs/RD2BoardTop.RD2AtomicBoardConfig.v:12392]
INFO: [Synth 8-6157] synthesizing module 'Repeater_2' [/home/engineer/fpga/worktrees/ips-cache/experiments/IPS-campaign/build-baseline/inputs/RD2BoardTop.RD2AtomicBoardConfig.v:12267]
INFO: [Synth 8-6155] done synthesizing module 'Repeater_2' (0#1) [/home/engineer/fpga/worktrees/ips-cache/experiments/IPS-campaign/build-baseline/inputs/RD2BoardTop.RD2AtomicBoardConfig.v:12267]
INFO: [Synth 8-6155] done synthesizing module 'TLFragmenter_2' (0#1) [/home/engineer/fpga/worktrees/ips-cache/experiments/IPS-campaign/build-baseline/inputs/RD2BoardTop.RD2AtomicBoardConfig.v:12392]
INFO: [Synth 8-6157] synthesizing module 'TLBuffer_9' [/home/engineer/fpga/worktrees/ips-cache/experiments/IPS-campaign/build-baseline/inputs/RD2BoardTop.RD2AtomicBoardConfig.v:12847]
INFO: [Synth 8-6155] done synthesizing module 'TLBuffer_9' (0#1) [/home/engineer/fpga/worktrees/ips-cache/experiments/IPS-campaign/build-baseline/inputs/RD2BoardTop.RD2AtomicBoardConfig.v:12847]
INFO: [Synth 8-6155] done synthesizing module 'SimpleLazyModule_10' (0#1) [/home/engineer/fpga/worktrees/ips-cache/experiments/IPS-campaign/build-baseline/inputs/RD2BoardTop.RD2AtomicBoardConfig.v:12895]
INFO: [Synth 8-6157] synthesizing module 'SimpleLazyModule_11' [/home/engineer/fpga/worktrees/ips-cache/experiments/IPS-campaign/build-baseline/inputs/RD2BoardTop.RD2AtomicBoardConfig.v:13656]
INFO: [Synth 8-6157] synthesizing module 'TLFragmenter_3' [/home/engineer/fpga/worktrees/ips-cache/experiments/IPS-campaign/build-baseline/inputs/RD2BoardTop.RD2AtomicBoardConfig.v:13214]
INFO: [Synth 8-6157] synthesizing module 'Repeater_3' [/home/engineer/fpga/worktrees/ips-cache/experiments/IPS-campaign/build-baseline/inputs/RD2BoardTop.RD2AtomicBoardConfig.v:13101]
INFO: [Synth 8-6155] done synthesizing module 'Repeater_3' (0#1) [/home/engineer/fpga/worktrees/ips-cache/experiments/IPS-campaign/build-baseline/inputs/RD2BoardTop.RD2AtomicBoardConfig.v:13101]
INFO: [Synth 8-6155] done synthesizing module 'TLFragmenter_3' (0#1) [/home/engineer/fpga/worktrees/ips-cache/experiments/IPS-campaign/build-baseline/inputs/RD2BoardTop.RD2AtomicBoardConfig.v:13214]
INFO: [Synth 8-6157] synthesizing module 'TLBuffer_10' [/home/engineer/fpga/worktrees/ips-cache/experiments/IPS-campaign/build-baseline/inputs/RD2BoardTop.RD2AtomicBoardConfig.v:13617]
INFO: [Synth 8-6155] done synthesizing module 'TLBuffer_10' (0#1) [/home/engineer/fpga/worktrees/ips-cache/experiments/IPS-campaign/build-baseline/inputs/RD2BoardTop.RD2AtomicBoardConfig.v:13617]
INFO: [Synth 8-6155] done synthesizing module 'SimpleLazyModule_11' (0#1) [/home/engineer/fpga/worktrees/ips-cache/experiments/IPS-campaign/build-baseline/inputs/RD2BoardTop.RD2AtomicBoardConfig.v:13656]
INFO: [Synth 8-6157] synthesizing module 'SimpleLazyModule_13' [/home/engineer/fpga/worktrees/ips-cache/experiments/IPS-campaign/build-baseline/inputs/RD2BoardTop.RD2AtomicBoardConfig.v:14399]
INFO: [Synth 8-6157] synthesizing module 'TLFragmenter_5' [/home/engineer/fpga/worktrees/ips-cache/experiments/IPS-campaign/build-baseline/inputs/RD2BoardTop.RD2AtomicBoardConfig.v:13944]
INFO: [Synth 8-6157] synthesizing module 'Repeater_5' [/home/engineer/fpga/worktrees/ips-cache/experiments/IPS-campaign/build-baseline/inputs/RD2BoardTop.RD2AtomicBoardConfig.v:13819]
INFO: [Synth 8-6155] done synthesizing module 'Repeater_5' (0#1) [/home/engineer/fpga/worktrees/ips-cache/experiments/IPS-campaign/build-baseline/inputs/RD2BoardTop.RD2AtomicBoardConfig.v:13819]
INFO: [Synth 8-6155] done synthesizing module 'TLFragmenter_5' (0#1) [/home/engineer/fpga/worktrees/ips-cache/experiments/IPS-campaign/build-baseline/inputs/RD2BoardTop.RD2AtomicBoardConfig.v:13944]
INFO: [Synth 8-6155] done synthesizing module 'SimpleLazyModule_13' (0#1) [/home/engineer/fpga/worktrees/ips-cache/experiments/IPS-campaign/build-baseline/inputs/RD2BoardTop.RD2AtomicBoardConfig.v:14399]
INFO: [Synth 8-6155] done synthesizing module 'PeripheryBus' (0#1) [/home/engineer/fpga/worktrees/ips-cache/experiments/IPS-campaign/build-baseline/inputs/RD2BoardTop.RD2AtomicBoardConfig.v:14625]
INFO: [Synth 8-6157] synthesizing module 'AtomicBackend' [/home/engineer/fpga/worktrees/ips-cache/experiments/IPS-campaign/build-baseline/inputs/RD2BoardTop.RD2AtomicBoardConfig.v:15848]
INFO: [Synth 8-6157] synthesizing module 'Queue_6' [/home/engineer/fpga/worktrees/ips-cache/experiments/IPS-campaign/build-baseline/inputs/RD2BoardTop.RD2AtomicBoardConfig.v:15744]
INFO: [Synth 8-6155] done synthesizing module 'Queue_6' (0#1) [/home/engineer/fpga/worktrees/ips-cache/experiments/IPS-campaign/build-baseline/inputs/RD2BoardTop.RD2AtomicBoardConfig.v:15744]
INFO: [Synth 8-6155] done synthesizing module 'AtomicBackend' (0#1) [/home/engineer/fpga/worktrees/ips-cache/experiments/IPS-campaign/build-baseline/inputs/RD2BoardTop.RD2AtomicBoardConfig.v:15848]
INFO: [Synth 8-6157] synthesizing module 'TLBroadcast' [/home/engineer/fpga/worktrees/ips-cache/experiments/IPS-campaign/build-baseline/inputs/RD2BoardTop.RD2AtomicBoardConfig.v:18640]
INFO: [Synth 8-6157] synthesizing module 'TLBroadcastTracker' [/home/engineer/fpga/worktrees/ips-cache/experiments/IPS-campaign/build-baseline/inputs/RD2BoardTop.RD2AtomicBoardConfig.v:17308]
INFO: [Synth 8-6157] synthesizing module 'Queue_7' [/home/engineer/fpga/worktrees/ips-cache/experiments/IPS-campaign/build-baseline/inputs/RD2BoardTop.RD2AtomicBoardConfig.v:17164]
INFO: [Synth 8-6155] done synthesizing module 'Queue_7' (0#1) [/home/engineer/fpga/worktrees/ips-cache/experiments/IPS-campaign/build-baseline/inputs/RD2BoardTop.RD2AtomicBoardConfig.v:17164]
INFO: [Synth 8-6155] done synthesizing module 'TLBroadcastTracker' (0#1) [/home/engineer/fpga/worktrees/ips-cache/experiments/IPS-campaign/build-baseline/inputs/RD2BoardTop.RD2AtomicBoardConfig.v:17308]
INFO: [Synth 8-6157] synthesizing module 'TLBroadcastTracker_1' [/home/engineer/fpga/worktrees/ips-cache/experiments/IPS-campaign/build-baseline/inputs/RD2BoardTop.RD2AtomicBoardConfig.v:17641]
INFO: [Synth 8-6155] done synthesizing module 'TLBroadcastTracker_1' (0#1) [/home/engineer/fpga/worktrees/ips-cache/experiments/IPS-campaign/build-baseline/inputs/RD2BoardTop.RD2AtomicBoardConfig.v:17641]
INFO: [Synth 8-6157] synthesizing module 'TLBroadcastTracker_2' [/home/engineer/fpga/worktrees/ips-cache/experiments/IPS-campaign/build-baseline/inputs/RD2BoardTop.RD2AtomicBoardConfig.v:17974]
INFO: [Synth 8-6155] done synthesizing module 'TLBroadcastTracker_2' (0#1) [/home/engineer/fpga/worktrees/ips-cache/experiments/IPS-campaign/build-baseline/inputs/RD2BoardTop.RD2AtomicBoardConfig.v:17974]
INFO: [Synth 8-6157] synthesizing module 'TLBroadcastTracker_3' [/home/engineer/fpga/worktrees/ips-cache/experiments/IPS-campaign/build-baseline/inputs/RD2BoardTop.RD2AtomicBoardConfig.v:18307]
INFO: [Synth 8-6155] done synthesizing module 'TLBroadcastTracker_3' (0#1) [/home/engineer/fpga/worktrees/ips-cache/experiments/IPS-campaign/build-baseline/inputs/RD2BoardTop.RD2AtomicBoardConfig.v:18307]
INFO: [Synth 8-6155] done synthesizing module 'TLBroadcast' (0#1) [/home/engineer/fpga/worktrees/ips-cache/experiments/IPS-campaign/build-baseline/inputs/RD2BoardTop.RD2AtomicBoardConfig.v:18640]
INFO: [Synth 8-6157] synthesizing module 'TLWidthWidget_1' [/home/engineer/fpga/worktrees/ips-cache/experiments/IPS-campaign/build-baseline/inputs/RD2BoardTop.RD2AtomicBoardConfig.v:20026]
INFO: [Synth 8-6155] done synthesizing module 'TLWidthWidget_1' (0#1) [/home/engineer/fpga/worktrees/ips-cache/experiments/IPS-campaign/build-baseline/inputs/RD2BoardTop.RD2AtomicBoardConfig.v:20026]
INFO: [Synth 8-6157] synthesizing module 'MemoryBus' [/home/engineer/fpga/worktrees/ips-cache/experiments/IPS-campaign/build-baseline/inputs/RD2BoardTop.RD2AtomicBoardConfig.v:25938]
INFO: [Synth 8-6157] synthesizing module 'TLXbar_3' [/home/engineer/fpga/worktrees/ips-cache/experiments/IPS-campaign/build-baseline/inputs/RD2BoardTop.RD2AtomicBoardConfig.v:20077]
INFO: [Synth 8-6155] done synthesizing module 'TLXbar_3' (0#1) [/home/engineer/fpga/worktrees/ips-cache/experiments/IPS-campaign/build-baseline/inputs/RD2BoardTop.RD2AtomicBoardConfig.v:20077]
INFO: [Synth 8-6157] synthesizing module 'SimpleLazyModule_15' [/home/engineer/fpga/worktrees/ips-cache/experiments/IPS-campaign/build-baseline/inputs/RD2BoardTop.RD2AtomicBoardConfig.v:20287]
INFO: [Synth 8-6157] synthesizing module 'TLFilter' [/home/engineer/fpga/worktrees/ips-cache/experiments/IPS-campaign/build-baseline/inputs/RD2BoardTop.RD2AtomicBoardConfig.v:20236]
INFO: [Synth 8-6155] done synthesizing module 'TLFilter' (0#1) [/home/engineer/fpga/worktrees/ips-cache/experiments/IPS-campaign/build-baseline/inputs/RD2BoardTop.RD2AtomicBoardConfig.v:20236]
INFO: [Synth 8-6155] done synthesizing module 'SimpleLazyModule_15' (0#1) [/home/engineer/fpga/worktrees/ips-cache/experiments/IPS-campaign/build-baseline/inputs/RD2BoardTop.RD2AtomicBoardConfig.v:20287]
INFO: [Synth 8-6157] synthesizing module 'SimpleLazyModule_16' [/home/engineer/fpga/worktrees/ips-cache/experiments/IPS-campaign/build-baseline/inputs/RD2BoardTop.RD2AtomicBoardConfig.v:25213]
INFO: [Synth 8-6157] synthesizing module 'AXI4UserYanker' [/home/engineer/fpga/worktrees/ips-cache/experiments/IPS-campaign/build-baseline/inputs/RD2BoardTop.RD2AtomicBoardConfig.v:20581]
INFO: [Synth 8-6157] synthesizing module 'Queue_11' [/home/engineer/fpga/worktrees/ips-cache/experiments/IPS-campaign/build-baseline/inputs/RD2BoardTop.RD2AtomicBoardConfig.v:20502]
INFO: [Synth 8-6155] done synthesizing module 'Queue_11' (0#1) [/home/engineer/fpga/worktrees/ips-cache/experiments/IPS-campaign/build-baseline/inputs/RD2BoardTop.RD2AtomicBoardConfig.v:20502]
INFO: [Synth 8-6155] done synthesizing module 'AXI4UserYanker' (0#1) [/home/engineer/fpga/worktrees/ips-cache/experiments/IPS-campaign/build-baseline/inputs/RD2BoardTop.RD2AtomicBoardConfig.v:20581]
INFO: [Synth 8-6157] synthesizing module 'AXI4IdIndexer' [/home/engineer/fpga/worktrees/ips-cache/experiments/IPS-campaign/build-baseline/inputs/RD2BoardTop.RD2AtomicBoardConfig.v:22621]
INFO: [Synth 8-6155] done synthesizing module 'AXI4IdIndexer' (0#1) [/home/engineer/fpga/worktrees/ips-cache/experiments/IPS-campaign/build-baseline/inputs/RD2BoardTop.RD2AtomicBoardConfig.v:22621]
INFO: [Synth 8-6157] synthesizing module 'TLToAXI4' [/home/engineer/fpga/worktrees/ips-cache/experiments/IPS-campaign/build-baseline/inputs/RD2BoardTop.RD2AtomicBoardConfig.v:23232]
INFO: [Synth 8-6157] synthesizing module 'Queue_43' [/home/engineer/fpga/worktrees/ips-cache/experiments/IPS-campaign/build-baseline/inputs/RD2BoardTop.RD2AtomicBoardConfig.v:22747]
INFO: [Synth 8-6155] done synthesizing module 'Queue_43' (0#1) [/home/engineer/fpga/worktrees/ips-cache/experiments/IPS-campaign/build-baseline/inputs/RD2BoardTop.RD2AtomicBoardConfig.v:22747]
INFO: [Synth 8-6157] synthesizing module 'Queue_44' [/home/engineer/fpga/worktrees/ips-cache/experiments/IPS-campaign/build-baseline/inputs/RD2BoardTop.RD2AtomicBoardConfig.v:22892]
INFO: [Synth 8-6155] done synthesizing module 'Queue_44' (0#1) [/home/engineer/fpga/worktrees/ips-cache/experiments/IPS-campaign/build-baseline/inputs/RD2BoardTop.RD2AtomicBoardConfig.v:22892]
INFO: [Synth 8-6155] done synthesizing module 'TLToAXI4' (0#1) [/home/engineer/fpga/worktrees/ips-cache/experiments/IPS-campaign/build-baseline/inputs/RD2BoardTop.RD2AtomicBoardConfig.v:23232]
INFO: [Synth 8-6155] done synthesizing module 'SimpleLazyModule_16' (0#1) [/home/engineer/fpga/worktrees/ips-cache/experiments/IPS-campaign/build-baseline/inputs/RD2BoardTop.RD2AtomicBoardConfig.v:25213]
INFO: [Synth 8-6155] done synthesizing module 'MemoryBus' (0#1) [/home/engineer/fpga/worktrees/ips-cache/experiments/IPS-campaign/build-baseline/inputs/RD2BoardTop.RD2AtomicBoardConfig.v:25938]
INFO: [Synth 8-6157] synthesizing module 'TLPLIC' [/home/engineer/fpga/worktrees/ips-cache/experiments/IPS-campaign/build-baseline/inputs/RD2BoardTop.RD2AtomicBoardConfig.v:26565]
INFO: [Synth 8-6157] synthesizing module 'LevelGateway' [/home/engineer/fpga/worktrees/ips-cache/experiments/IPS-campaign/build-baseline/inputs/RD2BoardTop.RD2AtomicBoardConfig.v:26333]
INFO: [Synth 8-6155] done synthesizing module 'LevelGateway' (0#1) [/home/engineer/fpga/worktrees/ips-cache/experiments/IPS-campaign/build-baseline/inputs/RD2BoardTop.RD2AtomicBoardConfig.v:26333]
INFO: [Synth 8-6157] synthesizing module 'Queue_45' [/home/engineer/fpga/worktrees/ips-cache/experiments/IPS-campaign/build-baseline/inputs/RD2BoardTop.RD2AtomicBoardConfig.v:26386]
INFO: [Synth 8-6155] done synthesizing module 'Queue_45' (0#1) [/home/engineer/fpga/worktrees/ips-cache/experiments/IPS-campaign/build-baseline/inputs/RD2BoardTop.RD2AtomicBoardConfig.v:26386]
INFO: [Synth 8-6155] done synthesizing module 'TLPLIC' (0#1) [/home/engineer/fpga/worktrees/ips-cache/experiments/IPS-campaign/build-baseline/inputs/RD2BoardTop.RD2AtomicBoardConfig.v:26565]
INFO: [Synth 8-6157] synthesizing module 'CLINT' [/home/engineer/fpga/worktrees/ips-cache/experiments/IPS-campaign/build-baseline/inputs/RD2BoardTop.RD2AtomicBoardConfig.v:27368]
INFO: [Synth 8-6155] done synthesizing module 'CLINT' (0#1) [/home/engineer/fpga/worktrees/ips-cache/experiments/IPS-campaign/build-baseline/inputs/RD2BoardTop.RD2AtomicBoardConfig.v:27368]
INFO: [Synth 8-6157] synthesizing module 'TLDebugModule' [/home/engineer/fpga/worktrees/ips-cache/experiments/IPS-campaign/build-baseline/inputs/RD2BoardTop.RD2AtomicBoardConfig.v:48422]
INFO: [Synth 8-6157] synthesizing module 'TLDebugModuleOuterAsync' [/home/engineer/fpga/worktrees/ips-cache/experiments/IPS-campaign/build-baseline/inputs/RD2BoardTop.RD2AtomicBoardConfig.v:29445]
WARNING: [Synth 8-4446] all outputs are unconnected for this instance and logic may be removed [/home/engineer/fpga/worktrees/ips-cache/experiments/IPS-campaign/build-baseline/inputs/RD2BoardTop.RD2AtomicBoardConfig.v:29507]
INFO: [Synth 8-6157] synthesizing module 'TLXbar_4' [/home/engineer/fpga/worktrees/ips-cache/experiments/IPS-campaign/build-baseline/inputs/RD2BoardTop.RD2AtomicBoardConfig.v:27705]
INFO: [Synth 8-6155] done synthesizing module 'TLXbar_4' (0#1) [/home/engineer/fpga/worktrees/ips-cache/experiments/IPS-campaign/build-baseline/inputs/RD2BoardTop.RD2AtomicBoardConfig.v:27705]
INFO: [Synth 8-6157] synthesizing module 'TLDebugModuleOuter' [/home/engineer/fpga/worktrees/ips-cache/experiments/IPS-campaign/build-baseline/inputs/RD2BoardTop.RD2AtomicBoardConfig.v:28519]
INFO: [Synth 8-6157] synthesizing module 'AsyncResetRegVec_w32_i0' [/home/engineer/fpga/worktrees/ips-cache/experiments/IPS-campaign/build-baseline/inputs/RD2BoardTop.RD2AtomicBoardConfig.v:27914]
INFO: [Synth 8-6157] synthesizing module 'AsyncResetReg' [/home/engineer/fpga/worktrees/ips-cache/experiments/IPS-campaign/build-baseline/inputs/AsyncResetReg.v:40]
WARNING: [Synth 8-6896] if statement with non-constant condition is inside initial block, initial block items will be ignored [/home/engineer/fpga/worktrees/ips-cache/experiments/IPS-campaign/build-baseline/inputs/AsyncResetReg.v:54]
INFO: [Synth 8-6155] done synthesizing module 'AsyncResetReg' (0#1) [/home/engineer/fpga/worktrees/ips-cache/experiments/IPS-campaign/build-baseline/inputs/AsyncResetReg.v:40]
INFO: [Synth 8-6155] done synthesizing module 'AsyncResetRegVec_w32_i0' (0#1) [/home/engineer/fpga/worktrees/ips-cache/experiments/IPS-campaign/build-baseline/inputs/RD2BoardTop.RD2AtomicBoardConfig.v:27914]
INFO: [Synth 8-6157] synthesizing module 'AsyncResetRegVec_w1_i0' [/home/engineer/fpga/worktrees/ips-cache/experiments/IPS-campaign/build-baseline/inputs/RD2BoardTop.RD2AtomicBoardConfig.v:28494]
INFO: [Synth 8-6155] done synthesizing module 'AsyncResetRegVec_w1_i0' (0#1) [/home/engineer/fpga/worktrees/ips-cache/experiments/IPS-campaign/build-baseline/inputs/RD2BoardTop.RD2AtomicBoardConfig.v:28494]
INFO: [Synth 8-6155] done synthesizing module 'TLDebugModuleOuter' (0#1) [/home/engineer/fpga/worktrees/ips-cache/experiments/IPS-campaign/build-baseline/inputs/RD2BoardTop.RD2AtomicBoardConfig.v:28519]
INFO: [Synth 8-6157] synthesizing module 'TLAsyncCrossingSource' [/home/engineer/fpga/worktrees/ips-cache/experiments/IPS-campaign/build-baseline/inputs/RD2BoardTop.RD2AtomicBoardConfig.v:29209]
INFO: [Synth 8-6157] synthesizing module 'AsyncQueueSource' [/home/engineer/fpga/worktrees/ips-cache/experiments/IPS-campaign/build-baseline/inputs/RD2BoardTop.RD2AtomicBoardConfig.v:28837]
INFO: [Synth 8-6157] synthesizing module 'AsyncResetSynchronizerShiftReg_w1_d3_i0' [/home/engineer/fpga/worktrees/ips-cache/experiments/IPS-campaign/build-baseline/inputs/RD2BoardTop.RD2AtomicBoardConfig.v:28623]
INFO: [Synth 8-6155] done synthesizing module 'AsyncResetSynchronizerShiftReg_w1_d3_i0' (0#1) [/home/engineer/fpga/worktrees/ips-cache/experiments/IPS-campaign/build-baseline/inputs/RD2BoardTop.RD2AtomicBoardConfig.v:28623]
INFO: [Synth 8-6157] synthesizing module 'AsyncValidSync' [/home/engineer/fpga/worktrees/ips-cache/experiments/IPS-campaign/build-baseline/inputs/RD2BoardTop.RD2AtomicBoardConfig.v:28751]
INFO: [Synth 8-6157] synthesizing module 'AsyncResetSynchronizerShiftReg_w1_d4_i0' [/home/engineer/fpga/worktrees/ips-cache/experiments/IPS-campaign/build-baseline/inputs/RD2BoardTop.RD2AtomicBoardConfig.v:28679]
INFO: [Synth 8-6155] done synthesizing module 'AsyncResetSynchronizerShiftReg_w1_d4_i0' (0#1) [/home/engineer/fpga/worktrees/ips-cache/experiments/IPS-campaign/build-baseline/inputs/RD2BoardTop.RD2AtomicBoardConfig.v:28679]
INFO: [Synth 8-6155] done synthesizing module 'AsyncValidSync' (0#1) [/home/engineer/fpga/worktrees/ips-cache/experiments/IPS-campaign/build-baseline/inputs/RD2BoardTop.RD2AtomicBoardConfig.v:28751]
INFO: [Synth 8-6157] synthesizing module 'AsyncValidSync_1' [/home/engineer/fpga/worktrees/ips-cache/experiments/IPS-campaign/build-baseline/inputs/RD2BoardTop.RD2AtomicBoardConfig.v:28795]
INFO: [Synth 8-6157] synthesizing module 'AsyncResetSynchronizerShiftReg_w1_d1_i0' [/home/engineer/fpga/worktrees/ips-cache/experiments/IPS-campaign/build-baseline/inputs/RD2BoardTop.RD2AtomicBoardConfig.v:28771]
INFO: [Synth 8-6155] done synthesizing module 'AsyncResetSynchronizerShiftReg_w1_d1_i0' (0#1) [/home/engineer/fpga/worktrees/ips-cache/experiments/IPS-campaign/build-baseline/inputs/RD2BoardTop.RD2AtomicBoardConfig.v:28771]
INFO: [Synth 8-6155] done synthesizing module 'AsyncValidSync_1' (0#1) [/home/engineer/fpga/worktrees/ips-cache/experiments/IPS-campaign/build-baseline/inputs/RD2BoardTop.RD2AtomicBoardConfig.v:28795]
INFO: [Synth 8-6157] synthesizing module 'AsyncValidSync_2' [/home/engineer/fpga/worktrees/ips-cache/experiments/IPS-campaign/build-baseline/inputs/RD2BoardTop.RD2AtomicBoardConfig.v:28816]
INFO: [Synth 8-6155] done synthesizing module 'AsyncValidSync_2' (0#1) [/home/engineer/fpga/worktrees/ips-cache/experiments/IPS-campaign/build-baseline/inputs/RD2BoardTop.RD2AtomicBoardConfig.v:28816]
INFO: [Synth 8-6155] done synthesizing module 'AsyncQueueSource' (0#1) [/home/engineer/fpga/worktrees/ips-cache/experiments/IPS-campaign/build-baseline/inputs/RD2BoardTop.RD2AtomicBoardConfig.v:28837]
INFO: [Synth 8-6157] synthesizing module 'AsyncQueueSink' [/home/engineer/fpga/worktrees/ips-cache/experiments/IPS-campaign/build-baseline/inputs/RD2BoardTop.RD2AtomicBoardConfig.v:29004]
INFO: [Synth 8-6157] synthesizing module 'SynchronizerShiftReg_w42_d1' [/home/engineer/fpga/worktrees/ips-cache/experiments/IPS-campaign/build-baseline/inputs/RD2BoardTop.RD2AtomicBoardConfig.v:28968]
INFO: [Synth 8-6155] done synthesizing module 'SynchronizerShiftReg_w42_d1' (0#1) [/home/engineer/fpga/worktrees/ips-cache/experiments/IPS-campaign/build-baseline/inputs/RD2BoardTop.RD2AtomicBoardConfig.v:28968]
INFO: [Synth 8-6155] done synthesizing module 'AsyncQueueSink' (0#1) [/home/engineer/fpga/worktrees/ips-cache/experiments/IPS-campaign/build-baseline/inputs/RD2BoardTop.RD2AtomicBoardConfig.v:29004]
INFO: [Synth 8-6155] done synthesizing module 'TLAsyncCrossingSource' (0#1) [/home/engineer/fpga/worktrees/ips-cache/experiments/IPS-campaign/build-baseline/inputs/RD2BoardTop.RD2AtomicBoardConfig.v:29209]
INFO: [Synth 8-6157] synthesizing module 'AsyncQueueSource_1' [/home/engineer/fpga/worktrees/ips-cache/experiments/IPS-campaign/build-baseline/inputs/RD2BoardTop.RD2AtomicBoardConfig.v:29314]
INFO: [Synth 8-6155] done synthesizing module 'AsyncQueueSource_1' (0#1) [/home/engineer/fpga/worktrees/ips-cache/experiments/IPS-campaign/build-baseline/inputs/RD2BoardTop.RD2AtomicBoardConfig.v:29314]
INFO: [Synth 8-6155] done synthesizing module 'TLDebugModuleOuterAsync' (0#1) [/home/engineer/fpga/worktrees/ips-cache/experiments/IPS-campaign/build-baseline/inputs/RD2BoardTop.RD2AtomicBoardConfig.v:29445]
INFO: [Synth 8-6157] synthesizing module 'TLDebugModuleInnerAsync' [/home/engineer/fpga/worktrees/ips-cache/experiments/IPS-campaign/build-baseline/inputs/RD2BoardTop.RD2AtomicBoardConfig.v:48143]
INFO: [Common 17-14] Message 'Synth 8-6157' appears 100 times and further instances of the messages will be disabled. Use the Tcl command set_msg_config to change the current settings.
INFO: [Synth 8-6155] done synthesizing module 'TLDebugModuleInner' (0#1) [/home/engineer/fpga/worktrees/ips-cache/experiments/IPS-campaign/build-baseline/inputs/RD2BoardTop.RD2AtomicBoardConfig.v:29584]
INFO: [Synth 8-6155] done synthesizing module 'SynchronizerShiftReg_w54_d1' (0#1) [/home/engineer/fpga/worktrees/ips-cache/experiments/IPS-campaign/build-baseline/inputs/RD2BoardTop.RD2AtomicBoardConfig.v:47317]
INFO: [Synth 8-6155] done synthesizing module 'AsyncQueueSink_1' (0#1) [/home/engineer/fpga/worktrees/ips-cache/experiments/IPS-campaign/build-baseline/inputs/RD2BoardTop.RD2AtomicBoardConfig.v:47353]
INFO: [Synth 8-6155] done synthesizing module 'AsyncQueueSource_2' (0#1) [/home/engineer/fpga/worktrees/ips-cache/experiments/IPS-campaign/build-baseline/inputs/RD2BoardTop.RD2AtomicBoardConfig.v:47557]
INFO: [Synth 8-6155] done synthesizing module 'TLAsyncCrossingSink' (0#1) [/home/engineer/fpga/worktrees/ips-cache/experiments/IPS-campaign/build-baseline/inputs/RD2BoardTop.RD2AtomicBoardConfig.v:47765]
INFO: [Synth 8-6155] done synthesizing module 'SynchronizerShiftReg_w12_d1' (0#1) [/home/engineer/fpga/worktrees/ips-cache/experiments/IPS-campaign/build-baseline/inputs/RD2BoardTop.RD2AtomicBoardConfig.v:47908]
INFO: [Common 17-14] Message 'Synth 8-6155' appears 100 times and further instances of the messages will be disabled. Use the Tcl command set_msg_config to change the current settings.
	Parameter RESET_PC bound to: 64'b0000000000000000000000000000000000000000000000010000000001000000 
	Parameter MISA_A bound to: 1 - type: integer 
	Parameter FAULT_C_IMM bound to: 0 - type: integer 
	Parameter FAULT_C_REG bound to: 0 - type: integer 
	Parameter X0_WRITABLE bound to: 0 - type: integer 
	Parameter FAULT_PTW_NO_PERM bound to: 0 - type: integer 
	Parameter MISA_A bound to: 1 - type: integer 
	Parameter TRAP_BAD_MEPC bound to: 0 - type: integer 
	Parameter TRAP_COUNTS_RET bound to: 0 - type: integer 
	Parameter ALLOW_RO_WRITE bound to: 0 - type: integer 
	Parameter FAULT_NO_DELEG bound to: 0 - type: integer 
	Parameter FAULT_S_IRQ_IN_M bound to: 0 - type: integer 
	Parameter FAULT_SRET_SPP bound to: 0 - type: integer 
	Parameter FAULT_W_SEXT bound to: 0 - type: integer 
	Parameter FAULT_MULH_SIGN bound to: 0 - type: integer 
WARNING: [Synth 8-689] width (4) of port connection 'dbg_csr_sel' does not match port width (5) of module 'tcpu_core' [/home/engineer/fpga/worktrees/ips-cache/experiments/IPS-campaign/build-baseline/inputs/RD2BoardTop.RD2AtomicBoardConfig.v:55506]
WARNING: [Synth 8-7071] port 'commit_len' of module 'tcpu_core' is unconnected for instance 'core' [/home/engineer/fpga/worktrees/ips-cache/experiments/IPS-campaign/build-baseline/inputs/RD2BoardTop.RD2AtomicBoardConfig.v:55497]
WARNING: [Synth 8-7071] port 'dbg_priv' of module 'tcpu_core' is unconnected for instance 'core' [/home/engineer/fpga/worktrees/ips-cache/experiments/IPS-campaign/build-baseline/inputs/RD2BoardTop.RD2AtomicBoardConfig.v:55497]
WARNING: [Synth 8-7023] instance 'core' of module 'tcpu_core' has 45 connections declared, but only 43 given [/home/engineer/fpga/worktrees/ips-cache/experiments/IPS-campaign/build-baseline/inputs/RD2BoardTop.RD2AtomicBoardConfig.v:55497]
WARNING: [Synth 8-689] width (32) of port connection 'io_ps_axi_slave_aw_bits_addr' does not match port width (31) of module 'Top' [/home/engineer/fpga/worktrees/ips-cache/experiments/IPS-campaign/build-baseline/inputs/rocketchip_wrapper.v:270]
WARNING: [Synth 8-689] width (32) of port connection 'io_ps_axi_slave_ar_bits_addr' does not match port width (31) of module 'Top' [/home/engineer/fpga/worktrees/ips-cache/experiments/IPS-campaign/build-baseline/inputs/rocketchip_wrapper.v:282]
WARNING: [Synth 8-689] width (1) of port connection 'io_ps_axi_slave_r_bits_resp' does not match port width (2) of module 'Top' [/home/engineer/fpga/worktrees/ips-cache/experiments/IPS-campaign/build-baseline/inputs/rocketchip_wrapper.v:301]
WARNING: [Synth 8-689] width (1) of port connection 'io_ps_axi_slave_b_bits_resp' does not match port width (2) of module 'Top' [/home/engineer/fpga/worktrees/ips-cache/experiments/IPS-campaign/build-baseline/inputs/rocketchip_wrapper.v:308]
	Parameter BANDWIDTH bound to: OPTIMIZED - type: string 
	Parameter CLKFBOUT_MULT_F bound to: 8.000000e+00 - type: double 
	Parameter CLKFBOUT_PHASE bound to: 0.000000e+00 - type: double 
	Parameter CLKIN1_PERIOD bound to: 8.000000e+00 - type: double 
	Parameter CLKOUT0_DIVIDE_F bound to: 2.500000e+01 - type: double 
	Parameter CLKOUT0_DUTY_CYCLE bound to: 5.000000e-01 - type: double 
	Parameter CLKOUT0_PHASE bound to: 0.000000e+00 - type: double 
	Parameter CLKOUT1_DIVIDE bound to: 1 - type: integer 
	Parameter CLKOUT1_DUTY_CYCLE bound to: 5.000000e-01 - type: double 
	Parameter CLKOUT1_PHASE bound to: 0.000000e+00 - type: double 
	Parameter CLKOUT2_DIVIDE bound to: 1 - type: integer 
	Parameter CLKOUT2_DUTY_CYCLE bound to: 5.000000e-01 - type: double 
	Parameter CLKOUT2_PHASE bound to: 0.000000e+00 - type: double 
	Parameter CLKOUT3_DIVIDE bound to: 1 - type: integer 
	Parameter CLKOUT3_DUTY_CYCLE bound to: 5.000000e-01 - type: double 
	Parameter CLKOUT3_PHASE bound to: 0.000000e+00 - type: double 
	Parameter CLKOUT4_CASCADE bound to: FALSE - type: string 
	Parameter CLKOUT4_DIVIDE bound to: 1 - type: integer 
	Parameter CLKOUT4_DUTY_CYCLE bound to: 5.000000e-01 - type: double 
	Parameter CLKOUT4_PHASE bound to: 0.000000e+00 - type: double 
	Parameter CLKOUT5_DIVIDE bound to: 1 - type: integer 
	Parameter CLKOUT5_DUTY_CYCLE bound to: 5.000000e-01 - type: double 
	Parameter CLKOUT5_PHASE bound to: 0.000000e+00 - type: double 
	Parameter CLKOUT6_DIVIDE bound to: 1 - type: integer 
	Parameter CLKOUT6_DUTY_CYCLE bound to: 5.000000e-01 - type: double 
	Parameter CLKOUT6_PHASE bound to: 0.000000e+00 - type: double 
	Parameter DIVCLK_DIVIDE bound to: 1 - type: integer 
	Parameter REF_JITTER1 bound to: 0.000000e+00 - type: double 
	Parameter STARTUP_WAIT bound to: FALSE - type: string 
WARNING: [Synth 8-4767] Trying to implement RAM 'ram_lr_reg' in registers. Block RAM or DRAM implementation is not possible; see log for reasons. [/home/engineer/fpga/worktrees/ips-cache/experiments/IPS-campaign/build-baseline/inputs/RD2BoardTop.RD2AtomicBoardConfig.v:15779]
Reason is one or more of the following :
	1: Write port has constant address. 
	2: No valid read/write found for RAM. 
	2: Only 1 word in RAM 
WARNING: [Synth 8-4767] Trying to implement RAM 'ram_sc_reg' in registers. Block RAM or DRAM implementation is not possible; see log for reasons. [/home/engineer/fpga/worktrees/ips-cache/experiments/IPS-campaign/build-baseline/inputs/RD2BoardTop.RD2AtomicBoardConfig.v:15786]
Reason is one or more of the following :
	1: Write port has constant address. 
	2: No valid read/write found for RAM. 
	2: Only 1 word in RAM 
WARNING: [Synth 8-4767] Trying to implement RAM 'ram_reg' in registers. Block RAM or DRAM implementation is not possible; see log for reasons. [/home/engineer/fpga/worktrees/ips-cache/experiments/IPS-campaign/build-baseline/inputs/RD2BoardTop.RD2AtomicBoardConfig.v:20527]
Reason is one or more of the following :
	1: Write port has constant address. 
	2: No valid read/write found for RAM. 
	2: Only 1 word in RAM 
WARNING: [Synth 8-4767] Trying to implement RAM 'ram_data_reg' in registers. Block RAM or DRAM implementation is not possible; see log for reasons. [/home/engineer/fpga/worktrees/ips-cache/experiments/IPS-campaign/build-baseline/inputs/RD2BoardTop.RD2AtomicBoardConfig.v:22796]
Reason is one or more of the following :
	1: Write port has constant address. 
	2: No valid read/write found for RAM. 
	2: Only 1 word in RAM 
WARNING: [Synth 8-4767] Trying to implement RAM 'ram_strb_reg' in registers. Block RAM or DRAM implementation is not possible; see log for reasons. [/home/engineer/fpga/worktrees/ips-cache/experiments/IPS-campaign/build-baseline/inputs/RD2BoardTop.RD2AtomicBoardConfig.v:22803]
Reason is one or more of the following :
	1: Write port has constant address. 
	2: No valid read/write found for RAM. 
	2: Only 1 word in RAM 
WARNING: [Synth 8-4767] Trying to implement RAM 'ram_last_reg' in registers. Block RAM or DRAM implementation is not possible; see log for reasons. [/home/engineer/fpga/worktrees/ips-cache/experiments/IPS-campaign/build-baseline/inputs/RD2BoardTop.RD2AtomicBoardConfig.v:22809]
Reason is one or more of the following :
	1: Write port has constant address. 
	2: No valid read/write found for RAM. 
	2: Only 1 word in RAM 
WARNING: [Synth 8-4767] Trying to implement RAM 'ram_id_reg' in registers. Block RAM or DRAM implementation is not possible; see log for reasons. [/home/engineer/fpga/worktrees/ips-cache/experiments/IPS-campaign/build-baseline/inputs/RD2BoardTop.RD2AtomicBoardConfig.v:23016]
Reason is one or more of the following :
	1: Write port has constant address. 
	2: No valid read/write found for RAM. 
	2: Only 1 word in RAM 
WARNING: [Synth 8-4767] Trying to implement RAM 'ram_addr_reg' in registers. Block RAM or DRAM implementation is not possible; see log for reasons. [/home/engineer/fpga/worktrees/ips-cache/experiments/IPS-campaign/build-baseline/inputs/RD2BoardTop.RD2AtomicBoardConfig.v:23023]
Reason is one or more of the following :
	1: Write port has constant address. 
	2: No valid read/write found for RAM. 
	2: Only 1 word in RAM 
WARNING: [Synth 8-4767] Trying to implement RAM 'ram_len_reg' in registers. Block RAM or DRAM implementation is not possible; see log for reasons. [/home/engineer/fpga/worktrees/ips-cache/experiments/IPS-campaign/build-baseline/inputs/RD2BoardTop.RD2AtomicBoardConfig.v:23029]
Reason is one or more of the following :
	1: Write port has constant address. 
	2: No valid read/write found for RAM. 
	2: Only 1 word in RAM 
WARNING: [Synth 8-4767] Trying to implement RAM 'ram_size_reg' in registers. Block RAM or DRAM implementation is not possible; see log for reasons. [/home/engineer/fpga/worktrees/ips-cache/experiments/IPS-campaign/build-baseline/inputs/RD2BoardTop.RD2AtomicBoardConfig.v:23035]
Reason is one or more of the following :
	1: Write port has constant address. 
	2: No valid read/write found for RAM. 
	2: Only 1 word in RAM 
WARNING: [Synth 8-4767] Trying to implement RAM 'ram_burst_reg' in registers. Block RAM or DRAM implementation is not possible; see log for reasons. [/home/engineer/fpga/worktrees/ips-cache/experiments/IPS-campaign/build-baseline/inputs/RD2BoardTop.RD2AtomicBoardConfig.v:23041]
Reason is one or more of the following :
	1: Only 1 word in RAM 
WARNING: [Synth 8-4767] Trying to implement RAM 'ram_lock_reg' in registers. Block RAM or DRAM implementation is not possible; see log for reasons. [/home/engineer/fpga/worktrees/ips-cache/experiments/IPS-campaign/build-baseline/inputs/RD2BoardTop.RD2AtomicBoardConfig.v:23047]
Reason is one or more of the following :
	1: Only 1 word in RAM 
WARNING: [Synth 8-4767] Trying to implement RAM 'ram_cache_reg' in registers. Block RAM or DRAM implementation is not possible; see log for reasons. [/home/engineer/fpga/worktrees/ips-cache/experiments/IPS-campaign/build-baseline/inputs/RD2BoardTop.RD2AtomicBoardConfig.v:23053]
Reason is one or more of the following :
	1: Only 1 word in RAM 
WARNING: [Synth 8-4767] Trying to implement RAM 'ram_prot_reg' in registers. Block RAM or DRAM implementation is not possible; see log for reasons. [/home/engineer/fpga/worktrees/ips-cache/experiments/IPS-campaign/build-baseline/inputs/RD2BoardTop.RD2AtomicBoardConfig.v:23059]
Reason is one or more of the following :
	1: Only 1 word in RAM 
WARNING: [Synth 8-4767] Trying to implement RAM 'ram_qos_reg' in registers. Block RAM or DRAM implementation is not possible; see log for reasons. [/home/engineer/fpga/worktrees/ips-cache/experiments/IPS-campaign/build-baseline/inputs/RD2BoardTop.RD2AtomicBoardConfig.v:23065]
Reason is one or more of the following :
	1: Only 1 word in RAM 
WARNING: [Synth 8-4767] Trying to implement RAM 'ram_user_reg' in registers. Block RAM or DRAM implementation is not possible; see log for reasons. [/home/engineer/fpga/worktrees/ips-cache/experiments/IPS-campaign/build-baseline/inputs/RD2BoardTop.RD2AtomicBoardConfig.v:23071]
Reason is one or more of the following :
	1: Write port has constant address. 
	2: No valid read/write found for RAM. 
	2: Only 1 word in RAM 
WARNING: [Synth 8-4767] Trying to implement RAM 'ram_wen_reg' in registers. Block RAM or DRAM implementation is not possible; see log for reasons. [/home/engineer/fpga/worktrees/ips-cache/experiments/IPS-campaign/build-baseline/inputs/RD2BoardTop.RD2AtomicBoardConfig.v:23077]
Reason is one or more of the following :
	1: Write port has constant address. 
	2: No valid read/write found for RAM. 
	2: Only 1 word in RAM 
WARNING: [Synth 8-4767] Trying to implement RAM 'ram_read_reg' in registers. Block RAM or DRAM implementation is not possible; see log for reasons. [/home/engineer/fpga/worktrees/ips-cache/experiments/IPS-campaign/build-baseline/inputs/RD2BoardTop.RD2AtomicBoardConfig.v:26451]
Reason is one or more of the following :
	1: Write port has constant address. 
	2: No valid read/write found for RAM. 
	2: Only 1 word in RAM 
WARNING: [Synth 8-4767] Trying to implement RAM 'ram_index_reg' in registers. Block RAM or DRAM implementation is not possible; see log for reasons. [/home/engineer/fpga/worktrees/ips-cache/experiments/IPS-campaign/build-baseline/inputs/RD2BoardTop.RD2AtomicBoardConfig.v:26458]
Reason is one or more of the following :
	1: Write port has constant address. 
	2: No valid read/write found for RAM. 
	2: Only 1 word in RAM 
WARNING: [Synth 8-4767] Trying to implement RAM 'ram_data_reg' in registers. Block RAM or DRAM implementation is not possible; see log for reasons. [/home/engineer/fpga/worktrees/ips-cache/experiments/IPS-campaign/build-baseline/inputs/RD2BoardTop.RD2AtomicBoardConfig.v:26464]
Reason is one or more of the following :
	1: Write port has constant address. 
	2: No valid read/write found for RAM. 
	2: Only 1 word in RAM 
WARNING: [Synth 8-4767] Trying to implement RAM 'ram_mask_reg' in registers. Block RAM or DRAM implementation is not possible; see log for reasons. [/home/engineer/fpga/worktrees/ips-cache/experiments/IPS-campaign/build-baseline/inputs/RD2BoardTop.RD2AtomicBoardConfig.v:26470]
Reason is one or more of the following :
	1: Write port has constant address. 
	2: No valid read/write found for RAM. 
	2: Only 1 word in RAM 
WARNING: [Synth 8-4767] Trying to implement RAM 'ram_extra_reg' in registers. Block RAM or DRAM implementation is not possible; see log for reasons. [/home/engineer/fpga/worktrees/ips-cache/experiments/IPS-campaign/build-baseline/inputs/RD2BoardTop.RD2AtomicBoardConfig.v:26476]
Reason is one or more of the following :
	1: Write port has constant address. 
	2: No valid read/write found for RAM. 
	2: Only 1 word in RAM 
WARNING: [Synth 8-4767] Trying to implement RAM 'ram_opcode_reg' in registers. Block RAM or DRAM implementation is not possible; see log for reasons. [/home/engineer/fpga/worktrees/ips-cache/experiments/IPS-campaign/build-baseline/inputs/RD2BoardTop.RD2AtomicBoardConfig.v:48661]
Reason is one or more of the following :
	1: Write port has constant address. 
	2: No valid read/write found for RAM. 
	2: Only 1 word in RAM 
WARNING: [Synth 8-4767] Trying to implement RAM 'ram_size_reg' in registers. Block RAM or DRAM implementation is not possible; see log for reasons. [/home/engineer/fpga/worktrees/ips-cache/experiments/IPS-campaign/build-baseline/inputs/RD2BoardTop.RD2AtomicBoardConfig.v:48668]
Reason is one or more of the following :
	1: Write port has constant address. 
	2: No valid read/write found for RAM. 
	2: Only 1 word in RAM 
WARNING: [Synth 8-4767] Trying to implement RAM 'ram_source_reg' in registers. Block RAM or DRAM implementation is not possible; see log for reasons. [/home/engineer/fpga/worktrees/ips-cache/experiments/IPS-campaign/build-baseline/inputs/RD2BoardTop.RD2AtomicBoardConfig.v:48674]
Reason is one or more of the following :
	1: Write port has constant address. 
	2: No valid read/write found for RAM. 
	2: Only 1 word in RAM 
WARNING: [Synth 8-4767] Trying to implement RAM 'ram_read_reg' in registers. Block RAM or DRAM implementation is not possible; see log for reasons. [/home/engineer/fpga/worktrees/ips-cache/experiments/IPS-campaign/build-baseline/inputs/RD2BoardTop.RD2AtomicBoardConfig.v:51847]
Reason is one or more of the following :
	1: Write port has constant address. 
	2: No valid read/write found for RAM. 
	2: Only 1 word in RAM 
WARNING: [Synth 8-4767] Trying to implement RAM 'ram_index_reg' in registers. Block RAM or DRAM implementation is not possible; see log for reasons. [/home/engineer/fpga/worktrees/ips-cache/experiments/IPS-campaign/build-baseline/inputs/RD2BoardTop.RD2AtomicBoardConfig.v:51854]
Reason is one or more of the following :
	1: Write port has constant address. 
	2: No valid read/write found for RAM. 
	2: Only 1 word in RAM 
WARNING: [Synth 8-4767] Trying to implement RAM 'ram_data_reg' in registers. Block RAM or DRAM implementation is not possible; see log for reasons. [/home/engineer/fpga/worktrees/ips-cache/experiments/IPS-campaign/build-baseline/inputs/RD2BoardTop.RD2AtomicBoardConfig.v:51860]
Reason is one or more of the following :
	1: Write port has constant address. 
	2: No valid read/write found for RAM. 
	2: Only 1 word in RAM 
WARNING: [Synth 8-4767] Trying to implement RAM 'ram_mask_reg' in registers. Block RAM or DRAM implementation is not possible; see log for reasons. [/home/engineer/fpga/worktrees/ips-cache/experiments/IPS-campaign/build-baseline/inputs/RD2BoardTop.RD2AtomicBoardConfig.v:51866]
Reason is one or more of the following :
	1: Write port has constant address. 
	2: No valid read/write found for RAM. 
	2: Only 1 word in RAM 
WARNING: [Synth 8-4767] Trying to implement RAM 'ram_extra_reg' in registers. Block RAM or DRAM implementation is not possible; see log for reasons. [/home/engineer/fpga/worktrees/ips-cache/experiments/IPS-campaign/build-baseline/inputs/RD2BoardTop.RD2AtomicBoardConfig.v:51872]
Reason is one or more of the following :
	1: Write port has constant address. 
	2: No valid read/write found for RAM. 
	2: Only 1 word in RAM 
WARNING: [Synth 8-6014] Unused sequential element withdrawn_reg was removed.  [/home/engineer/fpga/worktrees/ips-cache/experiments/IPS-campaign/build-baseline/inputs/tcpu_core.v:515]
WARNING: [Synth 8-6014] Unused sequential element take_trap_reg was removed.  [/home/engineer/fpga/worktrees/ips-cache/experiments/IPS-campaign/build-baseline/inputs/tcpu_core.v:621]
WARNING: [Synth 8-6014] Unused sequential element commit_valid_reg was removed.  [/home/engineer/fpga/worktrees/ips-cache/experiments/IPS-campaign/build-baseline/inputs/tcpu_core.v:506]
WARNING: [Synth 8-6014] Unused sequential element trap_enter_reg was removed.  [/home/engineer/fpga/worktrees/ips-cache/experiments/IPS-campaign/build-baseline/inputs/tcpu_core.v:465]
WARNING: [Synth 8-4767] Trying to implement RAM 'ram_read_reg' in registers. Block RAM or DRAM implementation is not possible; see log for reasons. [/home/engineer/fpga/worktrees/ips-cache/experiments/IPS-campaign/build-baseline/inputs/RD2BoardTop.RD2AtomicBoardConfig.v:58343]
Reason is one or more of the following :
	1: Write port has constant address. 
	2: No valid read/write found for RAM. 
	2: Only 1 word in RAM 
WARNING: [Synth 8-4767] Trying to implement RAM 'ram_index_reg' in registers. Block RAM or DRAM implementation is not possible; see log for reasons. [/home/engineer/fpga/worktrees/ips-cache/experiments/IPS-campaign/build-baseline/inputs/RD2BoardTop.RD2AtomicBoardConfig.v:58350]
Reason is one or more of the following :
	1: Write port has constant address. 
	2: No valid read/write found for RAM. 
	2: Only 1 word in RAM 
WARNING: [Synth 8-4767] Trying to implement RAM 'ram_data_reg' in registers. Block RAM or DRAM implementation is not possible; see log for reasons. [/home/engineer/fpga/worktrees/ips-cache/experiments/IPS-campaign/build-baseline/inputs/RD2BoardTop.RD2AtomicBoardConfig.v:58356]
Reason is one or more of the following :
	1: Write port has constant address. 
	2: No valid read/write found for RAM. 
	2: Only 1 word in RAM 
WARNING: [Synth 8-4767] Trying to implement RAM 'ram_mask_reg' in registers. Block RAM or DRAM implementation is not possible; see log for reasons. [/home/engineer/fpga/worktrees/ips-cache/experiments/IPS-campaign/build-baseline/inputs/RD2BoardTop.RD2AtomicBoardConfig.v:58362]
Reason is one or more of the following :
	1: Write port has constant address. 
	2: No valid read/write found for RAM. 
	2: Only 1 word in RAM 
WARNING: [Synth 8-4767] Trying to implement RAM 'ram_extra_reg' in registers. Block RAM or DRAM implementation is not possible; see log for reasons. [/home/engineer/fpga/worktrees/ips-cache/experiments/IPS-campaign/build-baseline/inputs/RD2BoardTop.RD2AtomicBoardConfig.v:58368]
Reason is one or more of the following :
	1: Write port has constant address. 
	2: No valid read/write found for RAM. 
	2: Only 1 word in RAM 
WARNING: [Synth 8-4767] Trying to implement RAM 'ram_id_reg' in registers. Block RAM or DRAM implementation is not possible; see log for reasons. [/home/engineer/fpga/worktrees/ips-cache/experiments/IPS-campaign/build-baseline/inputs/RD2BoardTop.RD2AtomicBoardConfig.v:59595]
Reason is one or more of the following :
	1: Write port has constant address. 
	2: No valid read/write found for RAM. 
	2: Only 1 word in RAM 
WARNING: [Synth 8-4767] Trying to implement RAM 'ram_addr_reg' in registers. Block RAM or DRAM implementation is not possible; see log for reasons. [/home/engineer/fpga/worktrees/ips-cache/experiments/IPS-campaign/build-baseline/inputs/RD2BoardTop.RD2AtomicBoardConfig.v:59602]
Reason is one or more of the following :
	1: Write port has constant address. 
	2: No valid read/write found for RAM. 
	2: Only 1 word in RAM 
WARNING: [Synth 8-4767] Trying to implement RAM 'ram_len_reg' in registers. Block RAM or DRAM implementation is not possible; see log for reasons. [/home/engineer/fpga/worktrees/ips-cache/experiments/IPS-campaign/build-baseline/inputs/RD2BoardTop.RD2AtomicBoardConfig.v:59608]
Reason is one or more of the following :
	1: Write port has constant address. 
	2: No valid read/write found for RAM. 
	2: Only 1 word in RAM 
WARNING: [Synth 8-4767] Trying to implement RAM 'ram_size_reg' in registers. Block RAM or DRAM implementation is not possible; see log for reasons. [/home/engineer/fpga/worktrees/ips-cache/experiments/IPS-campaign/build-baseline/inputs/RD2BoardTop.RD2AtomicBoardConfig.v:59614]
Reason is one or more of the following :
	1: Write port has constant address. 
	2: No valid read/write found for RAM. 
	2: Only 1 word in RAM 
WARNING: [Synth 8-4767] Trying to implement RAM 'ram_burst_reg' in registers. Block RAM or DRAM implementation is not possible; see log for reasons. [/home/engineer/fpga/worktrees/ips-cache/experiments/IPS-campaign/build-baseline/inputs/RD2BoardTop.RD2AtomicBoardConfig.v:59620]
Reason is one or more of the following :
	1: Write port has constant address. 
	2: No valid read/write found for RAM. 
	2: Only 1 word in RAM 
WARNING: [Synth 8-4767] Trying to implement RAM 'ram_data_reg' in registers. Block RAM or DRAM implementation is not possible; see log for reasons. [/home/engineer/fpga/worktrees/ips-cache/experiments/IPS-campaign/build-baseline/inputs/RD2BoardTop.RD2AtomicBoardConfig.v:59770]
Reason is one or more of the following :
	1: Write port has constant address. 
	2: No valid read/write found for RAM. 
	2: Only 1 word in RAM 
WARNING: [Synth 8-4767] Trying to implement RAM 'ram_strb_reg' in registers. Block RAM or DRAM implementation is not possible; see log for reasons. [/home/engineer/fpga/worktrees/ips-cache/experiments/IPS-campaign/build-baseline/inputs/RD2BoardTop.RD2AtomicBoardConfig.v:59777]
Reason is one or more of the following :
	1: Write port has constant address. 
	2: No valid read/write found for RAM. 
	2: Only 1 word in RAM 
WARNING: [Synth 8-4767] Trying to implement RAM 'ram_last_reg' in registers. Block RAM or DRAM implementation is not possible; see log for reasons. [/home/engineer/fpga/worktrees/ips-cache/experiments/IPS-campaign/build-baseline/inputs/RD2BoardTop.RD2AtomicBoardConfig.v:59783]
Reason is one or more of the following :
	1: Write port has constant address. 
	2: No valid read/write found for RAM. 
	2: Only 1 word in RAM 
WARNING: [Synth 8-7129] Port read_intent in module tcpu_csr is either unconnected or has no load
WARNING: [Synth 8-7129] Port trap_epc[0] in module tcpu_csr is either unconnected or has no load
WARNING: [Synth 8-7129] Port resp_rdata[9] in module tcpu_ptw is either unconnected or has no load
WARNING: [Synth 8-7129] Port resp_rdata[8] in module tcpu_ptw is either unconnected or has no load
WARNING: [Synth 8-7129] Port resp_rdata[5] in module tcpu_ptw is either unconnected or has no load
WARNING: [Synth 8-7129] Port auto_out_d_bits_opcode[2] in module RD2BridgeV2 is either unconnected or has no load
WARNING: [Synth 8-7129] Port auto_out_d_bits_opcode[1] in module RD2BridgeV2 is either unconnected or has no load
WARNING: [Synth 8-7129] Port auto_out_d_bits_opcode[0] in module RD2BridgeV2 is either unconnected or has no load
WARNING: [Synth 8-7129] Port auto_out_d_bits_source in module RD2BridgeV2 is either unconnected or has no load
WARNING: [Synth 8-7129] Port auto_in_a_bits_address[28] in module BlockDeviceFrontend is either unconnected or has no load
WARNING: [Synth 8-7129] Port auto_in_a_bits_address[27] in module BlockDeviceFrontend is either unconnected or has no load
WARNING: [Synth 8-7129] Port auto_in_a_bits_address[26] in module BlockDeviceFrontend is either unconnected or has no load
WARNING: [Synth 8-7129] Port auto_in_a_bits_address[25] in module BlockDeviceFrontend is either unconnected or has no load
WARNING: [Synth 8-7129] Port auto_in_a_bits_address[24] in module BlockDeviceFrontend is either unconnected or has no load
WARNING: [Synth 8-7129] Port auto_in_a_bits_address[23] in module BlockDeviceFrontend is either unconnected or has no load
WARNING: [Synth 8-7129] Port auto_in_a_bits_address[22] in module BlockDeviceFrontend is either unconnected or has no load
WARNING: [Synth 8-7129] Port auto_in_a_bits_address[21] in module BlockDeviceFrontend is either unconnected or has no load
WARNING: [Synth 8-7129] Port auto_in_a_bits_address[20] in module BlockDeviceFrontend is either unconnected or has no load
WARNING: [Synth 8-7129] Port auto_in_a_bits_address[19] in module BlockDeviceFrontend is either unconnected or has no load
WARNING: [Synth 8-7129] Port auto_in_a_bits_address[18] in module BlockDeviceFrontend is either unconnected or has no load
WARNING: [Synth 8-7129] Port auto_in_a_bits_address[17] in module BlockDeviceFrontend is either unconnected or has no load
WARNING: [Synth 8-7129] Port auto_in_a_bits_address[16] in module BlockDeviceFrontend is either unconnected or has no load
WARNING: [Synth 8-7129] Port auto_in_a_bits_address[15] in module BlockDeviceFrontend is either unconnected or has no load
WARNING: [Synth 8-7129] Port auto_in_a_bits_address[14] in module BlockDeviceFrontend is either unconnected or has no load
WARNING: [Synth 8-7129] Port auto_in_a_bits_address[13] in module BlockDeviceFrontend is either unconnected or has no load
WARNING: [Synth 8-7129] Port auto_in_a_bits_address[12] in module BlockDeviceFrontend is either unconnected or has no load
WARNING: [Synth 8-7129] Port auto_in_a_bits_address[2] in module BlockDeviceFrontend is either unconnected or has no load
WARNING: [Synth 8-7129] Port auto_in_a_bits_address[1] in module BlockDeviceFrontend is either unconnected or has no load
WARNING: [Synth 8-7129] Port auto_in_a_bits_address[0] in module BlockDeviceFrontend is either unconnected or has no load
WARNING: [Synth 8-7129] Port auto_in_a_bits_address[25] in module RD2Clint is either unconnected or has no load
WARNING: [Synth 8-7129] Port auto_in_a_bits_address[24] in module RD2Clint is either unconnected or has no load
WARNING: [Synth 8-7129] Port auto_in_a_bits_address[23] in module RD2Clint is either unconnected or has no load
WARNING: [Synth 8-7129] Port auto_in_a_bits_address[22] in module RD2Clint is either unconnected or has no load
WARNING: [Synth 8-7129] Port auto_in_a_bits_address[21] in module RD2Clint is either unconnected or has no load
WARNING: [Synth 8-7129] Port auto_in_a_bits_address[20] in module RD2Clint is either unconnected or has no load
WARNING: [Synth 8-7129] Port auto_in_a_bits_address[19] in module RD2Clint is either unconnected or has no load
WARNING: [Synth 8-7129] Port auto_in_a_bits_address[18] in module RD2Clint is either unconnected or has no load
WARNING: [Synth 8-7129] Port auto_in_a_bits_address[17] in module RD2Clint is either unconnected or has no load
WARNING: [Synth 8-7129] Port auto_in_a_bits_address[16] in module RD2Clint is either unconnected or has no load
WARNING: [Synth 8-7129] Port auto_in_a_bits_address[2] in module RD2Clint is either unconnected or has no load
WARNING: [Synth 8-7129] Port auto_in_a_bits_address[1] in module RD2Clint is either unconnected or has no load
WARNING: [Synth 8-7129] Port auto_in_a_bits_address[0] in module RD2Clint is either unconnected or has no load
WARNING: [Synth 8-7129] Port auto_in_a_bits_address[16] in module TLROM is either unconnected or has no load
WARNING: [Synth 8-7129] Port auto_in_a_bits_address[2] in module TLROM is either unconnected or has no load
WARNING: [Synth 8-7129] Port auto_in_a_bits_address[1] in module TLROM is either unconnected or has no load
WARNING: [Synth 8-7129] Port auto_in_a_bits_address[0] in module TLROM is either unconnected or has no load
WARNING: [Synth 8-7129] Port auto_tl_in_a_bits_address[2] in module TLDebugModuleInner is either unconnected or has no load
WARNING: [Synth 8-7129] Port auto_tl_in_a_bits_address[1] in module TLDebugModuleInner is either unconnected or has no load
WARNING: [Synth 8-7129] Port auto_tl_in_a_bits_address[0] in module TLDebugModuleInner is either unconnected or has no load
WARNING: [Synth 8-7129] Port auto_dmi_in_a_bits_address[1] in module TLDebugModuleInner is either unconnected or has no load
WARNING: [Synth 8-7129] Port auto_dmi_in_a_bits_address[0] in module TLDebugModuleInner is either unconnected or has no load
WARNING: [Synth 8-7129] Port clock in module TLXbar_4 is either unconnected or has no load
WARNING: [Synth 8-7129] Port reset in module TLXbar_4 is either unconnected or has no load
WARNING: [Synth 8-7129] Port auto_out_0_d_valid in module TLXbar_4 is either unconnected or has no load
WARNING: [Synth 8-7129] Port auto_out_0_d_bits_source in module TLXbar_4 is either unconnected or has no load
WARNING: [Synth 8-7129] Port auto_in_a_bits_address[25] in module CLINT is either unconnected or has no load
WARNING: [Synth 8-7129] Port auto_in_a_bits_address[24] in module CLINT is either unconnected or has no load
WARNING: [Synth 8-7129] Port auto_in_a_bits_address[23] in module CLINT is either unconnected or has no load
WARNING: [Synth 8-7129] Port auto_in_a_bits_address[22] in module CLINT is either unconnected or has no load
WARNING: [Synth 8-7129] Port auto_in_a_bits_address[21] in module CLINT is either unconnected or has no load
WARNING: [Synth 8-7129] Port auto_in_a_bits_address[20] in module CLINT is either unconnected or has no load
WARNING: [Synth 8-7129] Port auto_in_a_bits_address[19] in module CLINT is either unconnected or has no load
WARNING: [Synth 8-7129] Port auto_in_a_bits_address[18] in module CLINT is either unconnected or has no load
WARNING: [Synth 8-7129] Port auto_in_a_bits_address[17] in module CLINT is either unconnected or has no load
WARNING: [Synth 8-7129] Port auto_in_a_bits_address[16] in module CLINT is either unconnected or has no load
WARNING: [Synth 8-7129] Port auto_in_a_bits_address[2] in module CLINT is either unconnected or has no load
WARNING: [Synth 8-7129] Port auto_in_a_bits_address[1] in module CLINT is either unconnected or has no load
WARNING: [Synth 8-7129] Port auto_in_a_bits_address[0] in module CLINT is either unconnected or has no load
WARNING: [Synth 8-7129] Port auto_in_a_bits_address[27] in module TLPLIC is either unconnected or has no load
WARNING: [Synth 8-7129] Port auto_in_a_bits_address[26] in module TLPLIC is either unconnected or has no load
WARNING: [Synth 8-7129] Port auto_in_a_bits_address[2] in module TLPLIC is either unconnected or has no load
WARNING: [Synth 8-7129] Port auto_in_a_bits_address[1] in module TLPLIC is either unconnected or has no load
WARNING: [Synth 8-7129] Port auto_in_a_bits_address[0] in module TLPLIC is either unconnected or has no load
WARNING: [Synth 8-7129] Port auto_in_a_bits_opcode[1] in module TLToAXI4 is either unconnected or has no load
WARNING: [Synth 8-7129] Port auto_in_a_bits_opcode[0] in module TLToAXI4 is either unconnected or has no load
WARNING: [Synth 8-7129] Port auto_out_b_bits_user[7] in module TLToAXI4 is either unconnected or has no load
WARNING: [Synth 8-7129] Port auto_out_r_bits_user[7] in module TLToAXI4 is either unconnected or has no load
WARNING: [Synth 8-7129] Port auto_out_b_bits_id[5] in module AXI4IdIndexer is either unconnected or has no load
WARNING: [Synth 8-7129] Port auto_out_b_bits_id[4] in module AXI4IdIndexer is either unconnected or has no load
WARNING: [Synth 8-7129] Port auto_out_r_bits_id[5] in module AXI4IdIndexer is either unconnected or has no load
WARNING: [Synth 8-7129] Port auto_out_r_bits_id[4] in module AXI4IdIndexer is either unconnected or has no load
WARNING: [Synth 8-7129] Port clock in module TLXbar_3 is either unconnected or has no load
WARNING: [Synth 8-7129] Port reset in module TLXbar_3 is either unconnected or has no load
WARNING: [Synth 8-7129] Port io_ps_axi_slave_aw_bits_lock in module RD2BoardTop is either unconnected or has no load
WARNING: [Synth 8-7129] Port io_ps_axi_slave_aw_bits_cache[3] in module RD2BoardTop is either unconnected or has no load
WARNING: [Synth 8-7129] Port io_ps_axi_slave_aw_bits_cache[2] in module RD2BoardTop is either unconnected or has no load
WARNING: [Synth 8-7129] Port io_ps_axi_slave_aw_bits_cache[1] in module RD2BoardTop is either unconnected or has no load
WARNING: [Synth 8-7129] Port io_ps_axi_slave_aw_bits_cache[0] in module RD2BoardTop is either unconnected or has no load
WARNING: [Synth 8-7129] Port io_ps_axi_slave_aw_bits_prot[2] in module RD2BoardTop is either unconnected or has no load
WARNING: [Synth 8-7129] Port io_ps_axi_slave_aw_bits_prot[1] in module RD2BoardTop is either unconnected or has no load
WARNING: [Synth 8-7129] Port io_ps_axi_slave_aw_bits_prot[0] in module RD2BoardTop is either unconnected or has no load
WARNING: [Synth 8-7129] Port io_ps_axi_slave_aw_bits_qos[3] in module RD2BoardTop is either unconnected or has no load
WARNING: [Synth 8-7129] Port io_ps_axi_slave_aw_bits_qos[2] in module RD2BoardTop is either unconnected or has no load
WARNING: [Synth 8-7129] Port io_ps_axi_slave_aw_bits_qos[1] in module RD2BoardTop is either unconnected or has no load
WARNING: [Synth 8-7129] Port io_ps_axi_slave_aw_bits_qos[0] in module RD2BoardTop is either unconnected or has no load
WARNING: [Synth 8-7129] Port io_ps_axi_slave_ar_bits_lock in module RD2BoardTop is either unconnected or has no load
WARNING: [Synth 8-7129] Port io_ps_axi_slave_ar_bits_cache[3] in module RD2BoardTop is either unconnected or has no load
WARNING: [Synth 8-7129] Port io_ps_axi_slave_ar_bits_cache[2] in module RD2BoardTop is either unconnected or has no load
WARNING: [Synth 8-7129] Port io_ps_axi_slave_ar_bits_cache[1] in module RD2BoardTop is either unconnected or has no load
WARNING: [Synth 8-7129] Port io_ps_axi_slave_ar_bits_cache[0] in module RD2BoardTop is either unconnected or has no load
INFO: [Common 17-14] Message 'Synth 8-7129' appears 100 times and further instances of the messages will be disabled. Use the Tcl command set_msg_config to change the current settings.
---------------------------------------------------------------------------------
Finished RTL Elaboration : Time (s): cpu = 00:00:20 ; elapsed = 00:00:21 . Memory (MB): peak = 3050.879 ; gain = 1275.516 ; free physical = 7398 ; free virtual = 31150
---------------------------------------------------------------------------------
---------------------------------------------------------------------------------
Start Handling Custom Attributes
---------------------------------------------------------------------------------
---------------------------------------------------------------------------------
Finished Handling Custom Attributes : Time (s): cpu = 00:00:22 ; elapsed = 00:00:23 . Memory (MB): peak = 3050.879 ; gain = 1275.516 ; free physical = 7408 ; free virtual = 31160
---------------------------------------------------------------------------------
---------------------------------------------------------------------------------
Finished RTL Optimization Phase 1 : Time (s): cpu = 00:00:22 ; elapsed = 00:00:23 . Memory (MB): peak = 3050.879 ; gain = 1275.516 ; free physical = 7408 ; free virtual = 31160
---------------------------------------------------------------------------------
Netlist sorting complete. Time (s): cpu = 00:00:00.74 ; elapsed = 00:00:00.74 . Memory (MB): peak = 3050.879 ; gain = 0.000 ; free physical = 7432 ; free virtual = 31183
INFO: [Netlist 29-17] Analyzing 2 Unisim elements for replacement
WARNING: [Netlist 29-432] The IBUFG primitive 'ibufg_gclk' has been retargeted to an IBUF primitive only. No BUFG will be added. If a global buffer is intended, please instantiate an available global clock primitive from the current architecture.
INFO: [Netlist 29-28] Unisim Transformation completed in 0 CPU seconds
INFO: [Project 1-570] Preparing netlist for logic optimization

Processing XDC Constraints
Initializing timing engine
Parsing XDC File [/home/engineer/fpga/worktrees/ips-cache/experiments/IPS-campaign/build-baseline/vivado-project/teaching_pynqz1.gen/sources_1/bd/system/ip/system_axi_interconnect_0_imp_auto_pc_0/system_axi_interconnect_0_imp_auto_pc_0/system_axi_interconnect_0_imp_auto_pc_0_in_context.xdc] for cell 'system_i/axi_interconnect_0/s00_couplers/auto_pc'
Finished Parsing XDC File [/home/engineer/fpga/worktrees/ips-cache/experiments/IPS-campaign/build-baseline/vivado-project/teaching_pynqz1.gen/sources_1/bd/system/ip/system_axi_interconnect_0_imp_auto_pc_0/system_axi_interconnect_0_imp_auto_pc_0/system_axi_interconnect_0_imp_auto_pc_0_in_context.xdc] for cell 'system_i/axi_interconnect_0/s00_couplers/auto_pc'
Parsing XDC File [/home/engineer/fpga/worktrees/ips-cache/experiments/IPS-campaign/build-baseline/vivado-project/teaching_pynqz1.gen/sources_1/bd/system/ip/system_axi_interconnect_1_imp_auto_pc_0/system_axi_interconnect_1_imp_auto_pc_0/system_axi_interconnect_1_imp_auto_pc_0_in_context.xdc] for cell 'system_i/axi_interconnect_1/s00_couplers/auto_pc'
Finished Parsing XDC File [/home/engineer/fpga/worktrees/ips-cache/experiments/IPS-campaign/build-baseline/vivado-project/teaching_pynqz1.gen/sources_1/bd/system/ip/system_axi_interconnect_1_imp_auto_pc_0/system_axi_interconnect_1_imp_auto_pc_0/system_axi_interconnect_1_imp_auto_pc_0_in_context.xdc] for cell 'system_i/axi_interconnect_1/s00_couplers/auto_pc'
Parsing XDC File [/home/engineer/fpga/worktrees/ips-cache/experiments/IPS-campaign/build-baseline/vivado-project/teaching_pynqz1.gen/sources_1/bd/system/ip/system_proc_sys_reset_0_0/system_proc_sys_reset_0_0/system_proc_sys_reset_0_0_in_context.xdc] for cell 'system_i/proc_sys_reset_0'
Finished Parsing XDC File [/home/engineer/fpga/worktrees/ips-cache/experiments/IPS-campaign/build-baseline/vivado-project/teaching_pynqz1.gen/sources_1/bd/system/ip/system_proc_sys_reset_0_0/system_proc_sys_reset_0_0/system_proc_sys_reset_0_0_in_context.xdc] for cell 'system_i/proc_sys_reset_0'
Parsing XDC File [/home/engineer/fpga/worktrees/ips-cache/experiments/IPS-campaign/build-baseline/vivado-project/teaching_pynqz1.gen/sources_1/bd/system/ip/system_processing_system7_0_0/system_processing_system7_0_0/system_processing_system7_0_0_in_context.xdc] for cell 'system_i/processing_system7_0'
Finished Parsing XDC File [/home/engineer/fpga/worktrees/ips-cache/experiments/IPS-campaign/build-baseline/vivado-project/teaching_pynqz1.gen/sources_1/bd/system/ip/system_processing_system7_0_0/system_processing_system7_0_0/system_processing_system7_0_0_in_context.xdc] for cell 'system_i/processing_system7_0'
Parsing XDC File [/home/engineer/fpga/worktrees/ips-cache/experiments/IPS-campaign/build-baseline/inputs/base.xdc]
Finished Parsing XDC File [/home/engineer/fpga/worktrees/ips-cache/experiments/IPS-campaign/build-baseline/inputs/base.xdc]
INFO: [Project 1-236] Implementation specific constraints were found while reading constraint file [/home/engineer/fpga/worktrees/ips-cache/experiments/IPS-campaign/build-baseline/inputs/base.xdc]. These constraints will be ignored for synthesis but will be used in implementation. Impacted constraints are listed in the file [.Xil/rocketchip_wrapper_propImpl.xdc].
Resolution: To avoid this warning, move constraints listed in [.Xil/rocketchip_wrapper_propImpl.xdc] to another XDC file and exclude this new file from synthesis with the used_in_synthesis property (File Properties dialog in GUI) and re-run elaboration/synthesis.
Parsing XDC File [/home/engineer/fpga/worktrees/ips-cache/experiments/IPS-campaign/build-baseline/vivado-project/teaching_pynqz1.runs/synth_1/dont_touch.xdc]
Finished Parsing XDC File [/home/engineer/fpga/worktrees/ips-cache/experiments/IPS-campaign/build-baseline/vivado-project/teaching_pynqz1.runs/synth_1/dont_touch.xdc]
INFO: [Timing 38-2] Deriving generated clocks
Completed Processing XDC Constraints

Netlist sorting complete. Time (s): cpu = 00:00:00.02 ; elapsed = 00:00:00.01 . Memory (MB): peak = 3144.586 ; gain = 0.000 ; free physical = 7451 ; free virtual = 31202
INFO: [Project 1-111] Unisim Transformation Summary:
  A total of 2 instances were transformed.
  IBUFG => IBUF: 1 instance 
  MMCME2_BASE => MMCME2_ADV: 1 instance 

INFO: [Synth 8-802] inferred FSM for state register 'state_reg' in module 'tcpu_ptw'
INFO: [Synth 8-802] inferred FSM for state register 'state_reg' in module 'tcpu_core'
---------------------------------------------------------------------------------------------------
                   State |                     New Encoding |                Previous Encoding 
---------------------------------------------------------------------------------------------------
                    IDLE |                               00 |                               00
                     REQ |                               01 |                               01
                    WAIT |                               10 |                               10
---------------------------------------------------------------------------------------------------
INFO: [Synth 8-3354] encoded FSM with state register 'state_reg' using encoding 'sequential' in module 'tcpu_ptw'
---------------------------------------------------------------------------------------------------
                   State |                     New Encoding |                Previous Encoding 
---------------------------------------------------------------------------------------------------
                S_IF_REQ |                             0110 |                             0000
               S_IF_WAIT |                             0111 |                             0001
               S_IF2_REQ |                             1001 |                             1010
              S_IF2_WAIT |                             1000 |                             1011
                  S_EXEC |                             0011 |                             0010
                 S_XLATE |                             0100 |                             1100
              S_MEM_WAIT |                             0000 |                             0100
                  S_TRAP |                             0001 |                             0110
                   S_MUL |                             0101 |                             1001
                    S_WB |                             0010 |                             0101
                  S_ARCH |                             1010 |                             1000
---------------------------------------------------------------------------------------------------
INFO: [Synth 8-3354] encoded FSM with state register 'state_reg' using encoding 'sequential' in module 'tcpu_core'
---------------------------------------------------------------------------------
Finished RTL Optimization Phase 2 : Time (s): cpu = 00:01:26 ; elapsed = 00:01:25 . Memory (MB): peak = 5537.340 ; gain = 3761.977 ; free physical = 341 ; free virtual = 23594
---------------------------------------------------------------------------------
INFO: [Synth 8-223] decloning instance 'top/teaching_board_top/target/debug_1/dmOuter/asource/AsyncQueueSource/widx_bin' (AsyncResetRegVec_w1_i0) to 'top/teaching_board_top/target/debug_1/dmOuter/asource/AsyncQueueSource/widx_gray'
INFO: [Synth 8-223] decloning instance 'top/teaching_board_top/target/debug_1/dmOuter/asource/AsyncQueueSink/ridx_bin' (AsyncResetRegVec_w1_i0) to 'top/teaching_board_top/target/debug_1/dmOuter/asource/AsyncQueueSink/ridx_gray'
INFO: [Synth 8-223] decloning instance 'top/teaching_board_top/target/debug_1/dmOuter/AsyncQueueSource/widx_bin' (AsyncResetRegVec_w1_i0) to 'top/teaching_board_top/target/debug_1/dmOuter/AsyncQueueSource/widx_gray'
INFO: [Synth 8-223] decloning instance 'top/teaching_board_top/target/debug_1/dmInner/dmiXing/AsyncQueueSink/ridx_bin' (AsyncResetRegVec_w1_i0) to 'top/teaching_board_top/target/debug_1/dmInner/dmiXing/AsyncQueueSink/ridx_gray'
INFO: [Synth 8-223] decloning instance 'top/teaching_board_top/target/debug_1/dmInner/dmiXing/AsyncQueueSource/widx_bin' (AsyncResetRegVec_w1_i0) to 'top/teaching_board_top/target/debug_1/dmInner/dmiXing/AsyncQueueSource/widx_gray'
INFO: [Synth 8-223] decloning instance 'top/teaching_board_top/target/debug_1/dmInner/AsyncQueueSink/ridx_bin' (AsyncResetRegVec_w1_i0) to 'top/teaching_board_top/target/debug_1/dmInner/AsyncQueueSink/ridx_gray'
---------------------------------------------------------------------------------
Start RTL Component Statistics 
---------------------------------------------------------------------------------
Detailed RTL Component Info : 
+---Adders : 
	   2 Input  128 Bit       Adders := 1     
	   2 Input   65 Bit       Adders := 1     
	   3 Input   65 Bit       Adders := 1     
	   2 Input   64 Bit       Adders := 22    
	   3 Input   64 Bit       Adders := 2     
	   2 Input   56 Bit       Adders := 1     
	   3 Input   33 Bit       Adders := 2     
	   2 Input   32 Bit       Adders := 7     
	   3 Input   32 Bit       Adders := 1     
	   2 Input   31 Bit       Adders := 2     
	   2 Input   29 Bit       Adders := 1     
	   3 Input    9 Bit       Adders := 7     
	   2 Input    9 Bit       Adders := 8     
	  14 Input    8 Bit       Adders := 1     
	   2 Input    8 Bit       Adders := 7     
	   2 Input    7 Bit       Adders := 2     
	  16 Input    5 Bit       Adders := 2     
	   2 Input    5 Bit       Adders := 2     
	   8 Input    4 Bit       Adders := 2     
	   2 Input    4 Bit       Adders := 15    
	   3 Input    4 Bit       Adders := 5     
	   2 Input    3 Bit       Adders := 30    
	   3 Input    3 Bit       Adders := 9     
	   4 Input    3 Bit       Adders := 2     
	   2 Input    2 Bit       Adders := 8     
	   2 Input    1 Bit       Adders := 30    
	   3 Input    1 Bit       Adders := 2     
	   4 Input    1 Bit       Adders := 16    
+---XORs : 
	   2 Input     64 Bit         XORs := 2     
	   2 Input     32 Bit         XORs := 26    
	   2 Input     29 Bit         XORs := 8     
	   2 Input     23 Bit         XORs := 4     
	   2 Input     13 Bit         XORs := 3     
	   2 Input     10 Bit         XORs := 14    
	   2 Input      9 Bit         XORs := 157   
	   2 Input      7 Bit         XORs := 25    
	   2 Input      1 Bit         XORs := 4     
+---Registers : 
	               65 Bit    Registers := 2     
	               64 Bit    Registers := 49    
	               56 Bit    Registers := 2     
	               54 Bit    Registers := 1     
	               44 Bit    Registers := 1     
	               42 Bit    Registers := 1     
	               32 Bit    Registers := 30    
	               31 Bit    Registers := 4     
	               29 Bit    Registers := 3     
	               28 Bit    Registers := 1     
	               26 Bit    Registers := 2     
	               24 Bit    Registers := 1     
	               23 Bit    Registers := 1     
	               17 Bit    Registers := 1     
	               16 Bit    Registers := 3     
	               13 Bit    Registers := 1     
	               12 Bit    Registers := 6     
	               10 Bit    Registers := 1     
	                9 Bit    Registers := 15    
	                8 Bit    Registers := 130   
	                7 Bit    Registers := 2     
	                6 Bit    Registers := 1     
	                5 Bit    Registers := 3     
	                4 Bit    Registers := 25    
	                3 Bit    Registers := 83    
	                2 Bit    Registers := 4137  
	                1 Bit    Registers := 381   
+---RAMs : 
	               2K Bit	(32 X 64 bit)          RAMs := 1     
	              512 Bit	(8 X 64 bit)          RAMs := 4     
	              512 Bit	(16 X 32 bit)          RAMs := 5     
	              128 Bit	(2 X 64 bit)          RAMs := 5     
	               64 Bit	(8 X 8 bit)          RAMs := 4     
	               64 Bit	(2 X 32 bit)          RAMs := 3     
	               58 Bit	(2 X 29 bit)          RAMs := 2     
	               26 Bit	(2 X 13 bit)          RAMs := 1     
	               16 Bit	(2 X 8 bit)          RAMs := 2     
	                8 Bit	(2 X 4 bit)          RAMs := 2     
	                6 Bit	(2 X 3 bit)          RAMs := 12    
	                4 Bit	(2 X 2 bit)          RAMs := 9     
	                2 Bit	(2 X 1 bit)          RAMs := 9     
+---Muxes : 
	   2 Input  128 Bit        Muxes := 1     
	   2 Input  117 Bit        Muxes := 5     
	   2 Input  116 Bit        Muxes := 12    
	   2 Input  112 Bit        Muxes := 2     
	   2 Input   95 Bit        Muxes := 11    
	   2 Input   79 Bit        Muxes := 12    
	   2 Input   77 Bit        Muxes := 1     
	   2 Input   76 Bit        Muxes := 6     
	   2 Input   66 Bit        Muxes := 1     
	   2 Input   65 Bit        Muxes := 1     
	   2 Input   64 Bit        Muxes := 129   
	   4 Input   64 Bit        Muxes := 5     
	   3 Input   64 Bit        Muxes := 2     
	  11 Input   64 Bit        Muxes := 8     
	   3 Input   56 Bit        Muxes := 2     
	   2 Input   44 Bit        Muxes := 1     
	   2 Input   32 Bit        Muxes := 47    
	   3 Input   32 Bit        Muxes := 3     
	   4 Input   32 Bit        Muxes := 2     
	  11 Input   32 Bit        Muxes := 3     
	   2 Input   31 Bit        Muxes := 9     
	   2 Input   29 Bit        Muxes := 1     
	   2 Input   28 Bit        Muxes := 1     
	   2 Input   26 Bit        Muxes := 2     
	   2 Input   21 Bit        Muxes := 1     
	   2 Input   17 Bit        Muxes := 1     
	   2 Input   16 Bit        Muxes := 6     
	   2 Input   13 Bit        Muxes := 1     
	   2 Input   12 Bit        Muxes := 4     
	   2 Input   10 Bit        Muxes := 3     
	   2 Input    9 Bit        Muxes := 31    
	   3 Input    9 Bit        Muxes := 1     
	   2 Input    8 Bit        Muxes := 100   
	   4 Input    8 Bit        Muxes := 3     
	  11 Input    8 Bit        Muxes := 1     
	   2 Input    6 Bit        Muxes := 1     
	   2 Input    5 Bit        Muxes := 1     
	   2 Input    4 Bit        Muxes := 19    
	   5 Input    4 Bit        Muxes := 2     
	   4 Input    4 Bit        Muxes := 2     
	   3 Input    4 Bit        Muxes := 3     
	   6 Input    4 Bit        Muxes := 1     
	  11 Input    4 Bit        Muxes := 2     
	  34 Input    4 Bit        Muxes := 1     
	   2 Input    3 Bit        Muxes := 173   
	   6 Input    3 Bit        Muxes := 3     
	   5 Input    3 Bit        Muxes := 3     
	   4 Input    3 Bit        Muxes := 1     
	   3 Input    3 Bit        Muxes := 5     
	   2 Input    2 Bit        Muxes := 71    
	   3 Input    2 Bit        Muxes := 13    
	   4 Input    2 Bit        Muxes := 2     
	   5 Input    2 Bit        Muxes := 2     
	  11 Input    2 Bit        Muxes := 5     
	   2 Input    1 Bit        Muxes := 4623  
	 256 Input    1 Bit        Muxes := 1     
	   6 Input    1 Bit        Muxes := 2     
	  32 Input    1 Bit        Muxes := 1     
	   5 Input    1 Bit        Muxes := 4     
	   4 Input    1 Bit        Muxes := 14    
	  16 Input    1 Bit        Muxes := 2     
	   3 Input    1 Bit        Muxes := 15    
	   7 Input    1 Bit        Muxes := 2     
	  11 Input    1 Bit        Muxes := 29    
	  15 Input    1 Bit        Muxes := 1     
---------------------------------------------------------------------------------
Finished RTL Component Statistics 
---------------------------------------------------------------------------------
---------------------------------------------------------------------------------
Start Part Resource Summary
---------------------------------------------------------------------------------
Part Resources:
DSPs: 220 (col length:60)
BRAMs: 280 (col length: RAMB18 60 RAMB36 30)
---------------------------------------------------------------------------------
Finished Part Resource Summary
---------------------------------------------------------------------------------
---------------------------------------------------------------------------------
Start Cross Boundary and Area Optimization
---------------------------------------------------------------------------------
INFO: [Synth 8-5544] ROM "_T_2911" won't be mapped to Block RAM because address size (2) smaller than threshold (5)
WARNING: [Synth 8-3936] Found unconnected internal register 'Queue/ram_data_reg' and it is trimmed from '64' to '34' bits.
INFO: [Common 17-14] Message 'Synth 8-7129' appears 100 times and further instances of the messages will be disabled. Use the Tcl command set_msg_config to change the current settings.
WARNING: [Synth 8-13161] RAM (pbus/i_10) is optimized away because it doesn't have any load.
WARNING: [Synth 8-6014] Unused sequential element coupler_from_sbus/buffer/Queue/ram_param_reg was removed. 
INFO: [Synth 8-3333] propagating constant 0 across sequential element (plic/\LevelGateway_1/inFlight_reg )
INFO: [Synth 8-3333] propagating constant 0 across sequential element (plic/\LevelGateway_2/inFlight_reg )
INFO: [Synth 8-3333] propagating constant 0 across sequential element (plic/pending_1_reg)
INFO: [Synth 8-3333] propagating constant 0 across sequential element (plic/pending_2_reg)
INFO: [Synth 8-3333] propagating constant 0 across sequential element (pbus/\coupler_from_sbus/atomics/_T_250_0_lut_reg[0] )
INFO: [Synth 8-7067] Removed DRAM instance pbus/i_7/i_0/coupler_from_sbus/buffer/Queue_1/ram_param_reg_0_1_1_1 from module extram__64 due to constant propagation
INFO: [Synth 8-7067] Removed DRAM instance pbus/i_7/i_0/coupler_from_sbus/buffer/Queue_1/ram_param_reg_0_1_0_0 from module extram__64 due to constant propagation
INFO: [Synth 8-7067] Removed DRAM instance pbus/i_11/i_0/coupler_from_sbus/buffer/Queue_1/ram_sink_reg_0_1_0_0 from module extram__70 due to constant propagation
INFO: [Synth 8-7067] Removed DRAM instance pbus/i_22/i_0/sync_xing/Queue_1/ram_param_reg_0_1_1_1 from module extram__92 due to constant propagation
INFO: [Synth 8-7067] Removed DRAM instance pbus/i_22/i_0/sync_xing/Queue_1/ram_param_reg_0_1_0_0 from module extram__92 due to constant propagation
INFO: [Synth 8-7067] Removed DRAM instance pbus/i_25/i_0/sync_xing/Queue_1/ram_sink_reg_0_1_0_0 from module extram__98 due to constant propagation
INFO: [Synth 8-7067] Removed DRAM instance pbus/i_22/i_0/sync_xing/Queue_1/ram_param_reg_0_1_0_0 from module extram__92 due to constant propagation
INFO: [Synth 8-3333] propagating constant 1 across sequential element (plic/\_T_403_reg[2] )
WARNING: [Synth 8-3936] Found unconnected internal register 'coupler_to_memory_controller_named_axi4/axi4yank/Queue/ram_reg' and it is trimmed from '8' to '7' bits.
WARNING: [Synth 8-3936] Found unconnected internal register 'coupler_to_memory_controller_named_axi4/axi4yank/Queue_1/ram_reg' and it is trimmed from '8' to '7' bits.
WARNING: [Synth 8-3936] Found unconnected internal register 'coupler_to_memory_controller_named_axi4/axi4yank/Queue_2/ram_reg' and it is trimmed from '8' to '7' bits.
WARNING: [Synth 8-3936] Found unconnected internal register 'coupler_to_memory_controller_named_axi4/axi4yank/Queue_3/ram_reg' and it is trimmed from '8' to '7' bits.
WARNING: [Synth 8-3936] Found unconnected internal register 'coupler_to_memory_controller_named_axi4/axi4yank/Queue_4/ram_reg' and it is trimmed from '8' to '7' bits.
WARNING: [Synth 8-3936] Found unconnected internal register 'coupler_to_memory_controller_named_axi4/axi4yank/Queue_5/ram_reg' and it is trimmed from '8' to '7' bits.
WARNING: [Synth 8-3936] Found unconnected internal register 'coupler_to_memory_controller_named_axi4/axi4yank/Queue_6/ram_reg' and it is trimmed from '8' to '7' bits.
WARNING: [Synth 8-3936] Found unconnected internal register 'coupler_to_memory_controller_named_axi4/axi4yank/Queue_7/ram_reg' and it is trimmed from '8' to '7' bits.
WARNING: [Synth 8-3936] Found unconnected internal register 'coupler_to_memory_controller_named_axi4/axi4yank/Queue_8/ram_reg' and it is trimmed from '8' to '7' bits.
WARNING: [Synth 8-3936] Found unconnected internal register 'coupler_to_memory_controller_named_axi4/axi4yank/Queue_9/ram_reg' and it is trimmed from '8' to '7' bits.
WARNING: [Synth 8-3936] Found unconnected internal register 'coupler_to_memory_controller_named_axi4/axi4yank/Queue_10/ram_reg' and it is trimmed from '8' to '7' bits.
WARNING: [Synth 8-3936] Found unconnected internal register 'coupler_to_memory_controller_named_axi4/axi4yank/Queue_11/ram_reg' and it is trimmed from '8' to '7' bits.
WARNING: [Synth 8-3936] Found unconnected internal register 'coupler_to_memory_controller_named_axi4/axi4yank/Queue_12/ram_reg' and it is trimmed from '8' to '7' bits.
WARNING: [Synth 8-3936] Found unconnected internal register 'coupler_to_memory_controller_named_axi4/axi4yank/Queue_13/ram_reg' and it is trimmed from '8' to '7' bits.
WARNING: [Synth 8-3936] Found unconnected internal register 'coupler_to_memory_controller_named_axi4/axi4yank/Queue_14/ram_reg' and it is trimmed from '8' to '7' bits.
WARNING: [Synth 8-3936] Found unconnected internal register 'coupler_to_memory_controller_named_axi4/axi4yank/Queue_15/ram_reg' and it is trimmed from '8' to '7' bits.
WARNING: [Synth 8-3936] Found unconnected internal register 'coupler_to_memory_controller_named_axi4/axi4yank/Queue_16/ram_reg' and it is trimmed from '8' to '7' bits.
WARNING: [Synth 8-3936] Found unconnected internal register 'coupler_to_memory_controller_named_axi4/axi4yank/Queue_17/ram_reg' and it is trimmed from '8' to '7' bits.
WARNING: [Synth 8-3936] Found unconnected internal register 'coupler_to_memory_controller_named_axi4/axi4yank/Queue_18/ram_reg' and it is trimmed from '8' to '7' bits.
WARNING: [Synth 8-3936] Found unconnected internal register 'coupler_to_memory_controller_named_axi4/axi4yank/Queue_19/ram_reg' and it is trimmed from '8' to '7' bits.
WARNING: [Synth 8-3936] Found unconnected internal register 'coupler_to_memory_controller_named_axi4/axi4yank/Queue_20/ram_reg' and it is trimmed from '8' to '7' bits.
WARNING: [Synth 8-3936] Found unconnected internal register 'coupler_to_memory_controller_named_axi4/axi4yank/Queue_21/ram_reg' and it is trimmed from '8' to '7' bits.
WARNING: [Synth 8-3936] Found unconnected internal register 'coupler_to_memory_controller_named_axi4/axi4yank/Queue_22/ram_reg' and it is trimmed from '8' to '7' bits.
WARNING: [Synth 8-3936] Found unconnected internal register 'coupler_to_memory_controller_named_axi4/axi4yank/Queue_23/ram_reg' and it is trimmed from '8' to '7' bits.
WARNING: [Synth 8-3936] Found unconnected internal register 'coupler_to_memory_controller_named_axi4/axi4yank/Queue_24/ram_reg' and it is trimmed from '8' to '7' bits.
WARNING: [Synth 8-3936] Found unconnected internal register 'coupler_to_memory_controller_named_axi4/axi4yank/Queue_25/ram_reg' and it is trimmed from '8' to '7' bits.
WARNING: [Synth 8-3936] Found unconnected internal register 'coupler_to_memory_controller_named_axi4/axi4yank/Queue_26/ram_reg' and it is trimmed from '8' to '7' bits.
WARNING: [Synth 8-3936] Found unconnected internal register 'coupler_to_memory_controller_named_axi4/axi4yank/Queue_27/ram_reg' and it is trimmed from '8' to '7' bits.
WARNING: [Synth 8-3936] Found unconnected internal register 'coupler_to_memory_controller_named_axi4/axi4yank/Queue_28/ram_reg' and it is trimmed from '8' to '7' bits.
WARNING: [Synth 8-3936] Found unconnected internal register 'coupler_to_memory_controller_named_axi4/axi4yank/Queue_29/ram_reg' and it is trimmed from '8' to '7' bits.
WARNING: [Synth 8-3936] Found unconnected internal register 'coupler_to_memory_controller_named_axi4/axi4yank/Queue_30/ram_reg' and it is trimmed from '8' to '7' bits.
WARNING: [Synth 8-3936] Found unconnected internal register 'coupler_to_memory_controller_named_axi4/axi4yank/Queue_31/ram_reg' and it is trimmed from '8' to '7' bits.
WARNING: [Synth 8-3936] Found unconnected internal register 'coupler_to_memory_controller_named_axi4/tl2axi4/Queue_1/ram_user_reg' and it is trimmed from '8' to '7' bits.
INFO: [Synth 8-7067] Removed DRAM instance i_28/i_0/sbus/coupler_to_slave_named_Error/buffer/Queue_1/ram_data_reg_0_1_60_63 from module extram__60 due to constant propagation
INFO: [Synth 8-7067] Removed DRAM instance i_28/i_0/sbus/coupler_to_slave_named_Error/buffer/Queue_1/ram_data_reg_0_1_54_59 from module extram__60 due to constant propagation
INFO: [Synth 8-7067] Removed DRAM instance i_28/i_0/sbus/coupler_to_slave_named_Error/buffer/Queue_1/ram_data_reg_0_1_48_53 from module extram__60 due to constant propagation
INFO: [Synth 8-7067] Removed DRAM instance i_28/i_0/sbus/coupler_to_slave_named_Error/buffer/Queue_1/ram_data_reg_0_1_42_47 from module extram__60 due to constant propagation
INFO: [Synth 8-7067] Removed DRAM instance i_28/i_0/sbus/coupler_to_slave_named_Error/buffer/Queue_1/ram_data_reg_0_1_36_41 from module extram__60 due to constant propagation
INFO: [Synth 8-7067] Removed DRAM instance i_28/i_0/sbus/coupler_to_slave_named_Error/buffer/Queue_1/ram_data_reg_0_1_30_35 from module extram__60 due to constant propagation
INFO: [Synth 8-7067] Removed DRAM instance i_28/i_0/sbus/coupler_to_slave_named_Error/buffer/Queue_1/ram_data_reg_0_1_24_29 from module extram__60 due to constant propagation
INFO: [Synth 8-7067] Removed DRAM instance i_28/i_0/sbus/coupler_to_slave_named_Error/buffer/Queue_1/ram_data_reg_0_1_18_23 from module extram__60 due to constant propagation
INFO: [Synth 8-7067] Removed DRAM instance i_28/i_0/sbus/coupler_to_slave_named_Error/buffer/Queue_1/ram_data_reg_0_1_12_17 from module extram__60 due to constant propagation
INFO: [Synth 8-7067] Removed DRAM instance i_28/i_0/sbus/coupler_to_slave_named_Error/buffer/Queue_1/ram_data_reg_0_1_6_11 from module extram__60 due to constant propagation
INFO: [Synth 8-7067] Removed DRAM instance i_28/i_0/sbus/coupler_to_slave_named_Error/buffer/Queue_1/ram_data_reg_0_1_0_5 from module extram__60 due to constant propagation
INFO: [Synth 8-3886] merging instance 'mbus/coupler_to_memory_controller_named_axi4/tl2axi4/Queue_1/ram_user_reg[6]' (FDE) to 'mbus/coupler_to_memory_controller_named_axi4/tl2axi4/Queue_1/ram_len_reg[0]'
INFO: [Synth 8-3886] merging instance 'mbus/coupler_to_memory_controller_named_axi4/tl2axi4/Queue_1/ram_user_reg[3]' (FDE) to 'mbus/coupler_to_memory_controller_named_axi4/tl2axi4/Queue_1/ram_id_reg[3]'
INFO: [Synth 8-3333] propagating constant 0 across sequential element (\bh/_T_1052_reg )
INFO: [Synth 8-3886] merging instance 'mbus/coupler_to_memory_controller_named_axi4/tl2axi4/Queue_1/ram_prot_reg[0]' (FDSE) to 'mbus/coupler_to_memory_controller_named_axi4/tl2axi4/Queue_1/ram_burst_reg[0]'
INFO: [Synth 8-3886] merging instance 'mbus/coupler_to_memory_controller_named_axi4/tl2axi4/Queue_1/ram_prot_reg[1]' (FDRE) to 'mbus/coupler_to_memory_controller_named_axi4/tl2axi4/Queue_1/ram_prot_reg[2]'
INFO: [Synth 8-3886] merging instance 'mbus/coupler_to_memory_controller_named_axi4/tl2axi4/Queue_1/ram_prot_reg[2]' (FDRE) to 'mbus/coupler_to_memory_controller_named_axi4/tl2axi4/Queue_1/ram_lock_reg[0]'
INFO: [Synth 8-3886] merging instance 'mbus/coupler_to_memory_controller_named_axi4/tl2axi4/Queue_1/ram_cache_reg[0]' (FDRE) to 'mbus/coupler_to_memory_controller_named_axi4/tl2axi4/Queue_1/ram_lock_reg[0]'
INFO: [Synth 8-3886] merging instance 'mbus/coupler_to_memory_controller_named_axi4/tl2axi4/Queue_1/ram_cache_reg[1]' (FDRE) to 'mbus/coupler_to_memory_controller_named_axi4/tl2axi4/Queue_1/ram_lock_reg[0]'
INFO: [Synth 8-3886] merging instance 'mbus/coupler_to_memory_controller_named_axi4/tl2axi4/Queue_1/ram_cache_reg[2]' (FDRE) to 'mbus/coupler_to_memory_controller_named_axi4/tl2axi4/Queue_1/ram_lock_reg[0]'
INFO: [Synth 8-3886] merging instance 'mbus/coupler_to_memory_controller_named_axi4/tl2axi4/Queue_1/ram_cache_reg[3]' (FDRE) to 'mbus/coupler_to_memory_controller_named_axi4/tl2axi4/Queue_1/ram_lock_reg[0]'
INFO: [Synth 8-3886] merging instance 'mbus/coupler_to_memory_controller_named_axi4/tl2axi4/Queue_1/ram_lock_reg[0]' (FDRE) to 'mbus/coupler_to_memory_controller_named_axi4/tl2axi4/Queue_1/ram_burst_reg[1]'
INFO: [Synth 8-3333] propagating constant 1 across sequential element (\mbus/coupler_to_memory_controller_named_axi4/tl2axi4/Queue_1/ram_burst_reg[0] )
INFO: [Synth 8-3333] propagating constant 0 across sequential element (\mbus/coupler_to_memory_controller_named_axi4/tl2axi4/Queue_1/ram_burst_reg[1] )
INFO: [Synth 8-7067] Removed DRAM instance i_28/i_0/sbus/coupler_to_slave_named_Error/buffer/Queue_1/ram_data_reg_0_1_60_63 from module extram__60 due to constant propagation
INFO: [Synth 8-7067] Removed DRAM instance bufferi_29/i_0/sbus/coupler_to_slave_named_Error/buffer/Queue_1/ram_error_reg_0_1_0_0 from module extram__62 due to constant propagation
INFO: [Synth 8-7067] Removed DRAM instance bufferi_29/i_0/sbus/coupler_to_slave_named_Error/buffer/Queue_1/ram_error_reg_0_1_0_0 from module extram__62 due to constant propagation
INFO: [Synth 8-3886] merging instance 'dmInner/dmInner/abstractGeneratedMem_0_reg[29]' (FDE) to 'dmInner/dmInner/abstractGeneratedMem_0_reg[28]'
INFO: [Synth 8-3886] merging instance 'dmInner/dmInner/abstractGeneratedMem_0_reg[28]' (FDE) to 'dmInner/dmInner/abstractGeneratedMem_0_reg[27]'
INFO: [Synth 8-3886] merging instance 'dmInner/dmInner/abstractGeneratedMem_0_reg[0]' (FDE) to 'dmInner/dmInner/abstractGeneratedMem_0_reg[1]'
INFO: [Synth 8-3333] propagating constant 1 across sequential element (\dmInner/dmInner /\abstractGeneratedMem_0_reg[1] )
INFO: [Synth 8-3886] merging instance 'dmInner/dmInner/abstractGeneratedMem_0_reg[2]' (FDE) to 'dmInner/dmInner/abstractGeneratedMem_0_reg[3]'
INFO: [Synth 8-3886] merging instance 'dmInner/dmInner/abstractGeneratedMem_0_reg[3]' (FDE) to 'dmInner/dmInner/abstractGeneratedMem_0_reg[6]'
INFO: [Synth 8-3886] merging instance 'dmInner/dmInner/abstractGeneratedMem_0_reg[6]' (FDE) to 'dmInner/dmInner/abstractGeneratedMem_0_reg[15]'
INFO: [Synth 8-3886] merging instance 'dmInner/dmInner/abstractGeneratedMem_0_reg[15]' (FDE) to 'dmInner/dmInner/abstractGeneratedMem_0_reg[16]'
INFO: [Synth 8-3886] merging instance 'dmInner/dmInner/abstractGeneratedMem_0_reg[16]' (FDE) to 'dmInner/dmInner/abstractGeneratedMem_0_reg[17]'
INFO: [Synth 8-3886] merging instance 'dmInner/dmInner/abstractGeneratedMem_0_reg[17]' (FDE) to 'dmInner/dmInner/abstractGeneratedMem_0_reg[18]'
INFO: [Synth 8-3886] merging instance 'dmInner/dmInner/abstractGeneratedMem_0_reg[18]' (FDE) to 'dmInner/dmInner/abstractGeneratedMem_0_reg[19]'
INFO: [Synth 8-3886] merging instance 'dmInner/dmInner/abstractGeneratedMem_0_reg[19]' (FDE) to 'dmInner/dmInner/abstractGeneratedMem_0_reg[25]'
INFO: [Synth 8-3886] merging instance 'dmInner/dmInner/abstractGeneratedMem_0_reg[25]' (FDE) to 'dmInner/dmInner/abstractGeneratedMem_0_reg[26]'
INFO: [Synth 8-3886] merging instance 'dmInner/dmInner/abstractGeneratedMem_0_reg[26]' (FDE) to 'dmInner/dmInner/abstractGeneratedMem_0_reg[30]'
INFO: [Synth 8-3886] merging instance 'dmInner/dmInner/abstractGeneratedMem_0_reg[30]' (FDE) to 'dmInner/dmInner/abstractGeneratedMem_0_reg[31]'
INFO: [Synth 8-3333] propagating constant 0 across sequential element (\dmInner/dmInner /\abstractGeneratedMem_0_reg[31] )
INFO: [Synth 8-3886] merging instance 'dmInner/dmInner/abstractGeneratedMem_1_reg[0]' (FDSE) to 'dmInner/dmInner/abstractGeneratedMem_1_reg[4]'
INFO: [Synth 8-3886] merging instance 'dmInner/dmInner/abstractGeneratedMem_1_reg[1]' (FDSE) to 'dmInner/dmInner/abstractGeneratedMem_1_reg[4]'
INFO: [Synth 8-3886] merging instance 'dmInner/dmInner/abstractGeneratedMem_1_reg[2]' (FDRE) to 'dmInner/dmInner/abstractGeneratedMem_1_reg[31]'
INFO: [Synth 8-3886] merging instance 'dmInner/dmInner/abstractGeneratedMem_1_reg[3]' (FDRE) to 'dmInner/dmInner/abstractGeneratedMem_1_reg[31]'
INFO: [Synth 8-3333] propagating constant 1 across sequential element (\dmInner/dmInner /\abstractGeneratedMem_1_reg[4] )
INFO: [Synth 8-3886] merging instance 'dmInner/dmInner/abstractGeneratedMem_1_reg[5]' (FDRE) to 'dmInner/dmInner/abstractGeneratedMem_1_reg[6]'
INFO: [Synth 8-3886] merging instance 'dmInner/dmInner/abstractGeneratedMem_1_reg[6]' (FDRE) to 'dmInner/dmInner/abstractGeneratedMem_1_reg[20]'
INFO: [Synth 8-3886] merging instance 'dmInner/dmInner/abstractGeneratedMem_1_reg[7]' (FDRE) to 'dmInner/dmInner/abstractGeneratedMem_1_reg[31]'
INFO: [Synth 8-3886] merging instance 'dmInner/dmInner/abstractGeneratedMem_1_reg[8]' (FDRE) to 'dmInner/dmInner/abstractGeneratedMem_1_reg[31]'
INFO: [Synth 8-3886] merging instance 'dmInner/dmInner/abstractGeneratedMem_1_reg[9]' (FDRE) to 'dmInner/dmInner/abstractGeneratedMem_1_reg[31]'
INFO: [Synth 8-3886] merging instance 'dmInner/dmInner/abstractGeneratedMem_1_reg[10]' (FDRE) to 'dmInner/dmInner/abstractGeneratedMem_1_reg[31]'
INFO: [Synth 8-3886] merging instance 'dmInner/dmInner/abstractGeneratedMem_1_reg[11]' (FDRE) to 'dmInner/dmInner/abstractGeneratedMem_1_reg[31]'
INFO: [Synth 8-3886] merging instance 'dmInner/dmInner/abstractGeneratedMem_1_reg[12]' (FDRE) to 'dmInner/dmInner/abstractGeneratedMem_1_reg[31]'
INFO: [Synth 8-3886] merging instance 'dmInner/dmInner/abstractGeneratedMem_1_reg[13]' (FDRE) to 'dmInner/dmInner/abstractGeneratedMem_1_reg[31]'
INFO: [Synth 8-3886] merging instance 'dmInner/dmInner/abstractGeneratedMem_1_reg[14]' (FDRE) to 'dmInner/dmInner/abstractGeneratedMem_1_reg[31]'
INFO: [Synth 8-3886] merging instance 'dmInner/dmInner/abstractGeneratedMem_1_reg[15]' (FDRE) to 'dmInner/dmInner/abstractGeneratedMem_1_reg[31]'
INFO: [Synth 8-3886] merging instance 'dmInner/dmInner/abstractGeneratedMem_1_reg[16]' (FDRE) to 'dmInner/dmInner/abstractGeneratedMem_1_reg[31]'
INFO: [Synth 8-3886] merging instance 'dmInner/dmInner/abstractGeneratedMem_1_reg[17]' (FDRE) to 'dmInner/dmInner/abstractGeneratedMem_1_reg[31]'
INFO: [Synth 8-3886] merging instance 'dmInner/dmInner/abstractGeneratedMem_1_reg[18]' (FDRE) to 'dmInner/dmInner/abstractGeneratedMem_1_reg[31]'
INFO: [Synth 8-3886] merging instance 'dmInner/dmInner/abstractGeneratedMem_1_reg[19]' (FDRE) to 'dmInner/dmInner/abstractGeneratedMem_1_reg[31]'
INFO: [Synth 8-3886] merging instance 'dmInner/dmInner/abstractGeneratedMem_1_reg[21]' (FDRE) to 'dmInner/dmInner/abstractGeneratedMem_1_reg[31]'
INFO: [Synth 8-3886] merging instance 'dmInner/dmInner/abstractGeneratedMem_1_reg[22]' (FDRE) to 'dmInner/dmInner/abstractGeneratedMem_1_reg[31]'
INFO: [Synth 8-3886] merging instance 'dmInner/dmInner/abstractGeneratedMem_1_reg[23]' (FDRE) to 'dmInner/dmInner/abstractGeneratedMem_1_reg[31]'
INFO: [Synth 8-3886] merging instance 'dmInner/dmInner/abstractGeneratedMem_1_reg[24]' (FDRE) to 'dmInner/dmInner/abstractGeneratedMem_1_reg[31]'
INFO: [Synth 8-3886] merging instance 'dmInner/dmInner/abstractGeneratedMem_1_reg[25]' (FDRE) to 'dmInner/dmInner/abstractGeneratedMem_1_reg[31]'
INFO: [Synth 8-3886] merging instance 'dmInner/dmInner/abstractGeneratedMem_1_reg[26]' (FDRE) to 'dmInner/dmInner/abstractGeneratedMem_1_reg[31]'
INFO: [Synth 8-3886] merging instance 'dmInner/dmInner/abstractGeneratedMem_1_reg[27]' (FDRE) to 'dmInner/dmInner/abstractGeneratedMem_1_reg[31]'
INFO: [Synth 8-3886] merging instance 'dmInner/dmInner/abstractGeneratedMem_1_reg[28]' (FDRE) to 'dmInner/dmInner/abstractGeneratedMem_1_reg[31]'
INFO: [Synth 8-3886] merging instance 'dmInner/dmInner/abstractGeneratedMem_1_reg[29]' (FDRE) to 'dmInner/dmInner/abstractGeneratedMem_1_reg[31]'
INFO: [Synth 8-3886] merging instance 'dmInner/dmInner/abstractGeneratedMem_1_reg[30]' (FDRE) to 'dmInner/dmInner/abstractGeneratedMem_1_reg[31]'
INFO: [Synth 8-3333] propagating constant 0 across sequential element (\dmInner/dmInner /\abstractGeneratedMem_1_reg[31] )
INFO: [Synth 8-3333] propagating constant 0 across sequential element (\dmOuter/dmOuter/DMCONTROL/reg_0/q_reg )
INFO: [Synth 8-3333] propagating constant 0 across sequential element (\dmInner/dmactiveSync/AsyncResetSynchronizerShiftReg_w1_d3_i0/sync_2/reg_0/q_reg )
INFO: [Synth 8-3333] propagating constant 0 across sequential element (\dmInner/dmactiveSync/AsyncResetSynchronizerShiftReg_w1_d3_i0/sync_1/reg_0/q_reg )
INFO: [Synth 8-3886] merging instance 'dmInner/dmactiveSync/AsyncResetSynchronizerShiftReg_w1_d3_i0/sync_0/reg_0/q_reg' (FDC) to 'dmInner/dmactiveSync/AsyncResetSynchronizerShiftReg_w1_d3_i0/sync_1/reg_0/q_reg'
INFO: [Synth 8-3333] propagating constant 0 across sequential element (\dmInner/dmactiveSync/AsyncResetSynchronizerShiftReg_w1_d3_i0/sync_1/reg_0/q_reg )
INFO: [Synth 8-3886] merging instance 'dmInner/dmInner/ABSTRACTCSReg_cmderr_reg[0]' (FDE) to 'dmInner/dmInner/ABSTRACTCSReg_cmderr_reg[2]'
INFO: [Synth 8-3886] merging instance 'dmInner/dmInner/ABSTRACTCSReg_cmderr_reg[2]' (FDE) to 'dmInner/dmInner/ABSTRACTCSReg_cmderr_reg[1]'
INFO: [Synth 8-3333] propagating constant 0 across sequential element (\dmInner/dmInner /\ABSTRACTCSReg_cmderr_reg[1] )
INFO: [Synth 8-3333] propagating constant 0 across sequential element (\dmInner/dmInner /\ABSTRACTAUTOReg_autoexecdata_reg[0] )
INFO: [Synth 8-3333] propagating constant 0 across sequential element (\dmInner/dmInner /\ABSTRACTAUTOReg_autoexecprogbuf_reg[0] )
INFO: [Synth 8-3333] propagating constant 0 across sequential element (\dmInner/dmInner /\ABSTRACTAUTOReg_autoexecdata_reg[1] )
INFO: [Synth 8-3333] propagating constant 0 across sequential element (\dmInner/dmInner /\ABSTRACTAUTOReg_autoexecprogbuf_reg[15] )
INFO: [Synth 8-3333] propagating constant 0 across sequential element (\dmInner/dmInner /\ABSTRACTAUTOReg_autoexecprogbuf_reg[14] )
INFO: [Synth 8-3333] propagating constant 0 across sequential element (\dmInner/dmInner /\ABSTRACTAUTOReg_autoexecprogbuf_reg[13] )
INFO: [Synth 8-3333] propagating constant 0 across sequential element (\dmInner/dmInner /\ABSTRACTAUTOReg_autoexecprogbuf_reg[12] )
INFO: [Synth 8-3333] propagating constant 0 across sequential element (\dmInner/dmInner /\ABSTRACTAUTOReg_autoexecprogbuf_reg[11] )
INFO: [Synth 8-3333] propagating constant 0 across sequential element (\dmInner/dmInner /\ABSTRACTAUTOReg_autoexecprogbuf_reg[10] )
INFO: [Synth 8-3333] propagating constant 0 across sequential element (\dmInner/dmInner /\ABSTRACTAUTOReg_autoexecprogbuf_reg[9] )
INFO: [Synth 8-3333] propagating constant 0 across sequential element (\dmInner/dmInner /\ABSTRACTAUTOReg_autoexecprogbuf_reg[8] )
INFO: [Synth 8-3333] propagating constant 0 across sequential element (\dmInner/dmInner /\ABSTRACTAUTOReg_autoexecprogbuf_reg[7] )
INFO: [Synth 8-3333] propagating constant 0 across sequential element (\dmInner/dmInner /\ABSTRACTAUTOReg_autoexecprogbuf_reg[6] )
INFO: [Synth 8-3333] propagating constant 0 across sequential element (\dmInner/dmInner /\ABSTRACTAUTOReg_autoexecprogbuf_reg[5] )
INFO: [Synth 8-3333] propagating constant 0 across sequential element (\dmInner/dmInner /\ABSTRACTAUTOReg_autoexecprogbuf_reg[4] )
INFO: [Synth 8-3333] propagating constant 0 across sequential element (\dmInner/dmInner /\ABSTRACTAUTOReg_autoexecprogbuf_reg[3] )
INFO: [Synth 8-3333] propagating constant 0 across sequential element (\dmInner/dmInner /\ABSTRACTAUTOReg_autoexecprogbuf_reg[2] )
INFO: [Synth 8-3333] propagating constant 0 across sequential element (\dmInner/dmInner /\ABSTRACTAUTOReg_autoexecprogbuf_reg[1] )
INFO: [Synth 8-3333] propagating constant 0 across sequential element (\dmInner/dmInner /\COMMANDRdData_control_reg[20] )
INFO: [Synth 8-3333] propagating constant 0 across sequential element (\dmInner/dmInner /\COMMANDRdData_control_reg[21] )
INFO: [Synth 8-3333] propagating constant 0 across sequential element (\dmInner/dmInner /\COMMANDRdData_control_reg[22] )
INFO: [Synth 8-3333] propagating constant 0 across sequential element (\dmInner/dmInner /\COMMANDRdData_control_reg[0] )
INFO: [Synth 8-3333] propagating constant 0 across sequential element (\dmInner/dmInner /\COMMANDRdData_control_reg[1] )
INFO: [Synth 8-3333] propagating constant 0 across sequential element (\dmInner/dmInner /\COMMANDRdData_control_reg[2] )
INFO: [Synth 8-3333] propagating constant 0 across sequential element (\dmInner/dmInner /\COMMANDRdData_control_reg[3] )
INFO: [Synth 8-3333] propagating constant 0 across sequential element (\dmInner/dmInner /\COMMANDRdData_control_reg[4] )
INFO: [Synth 8-3333] propagating constant 0 across sequential element (\dmInner/dmInner /\COMMANDRdData_control_reg[16] )
INFO: [Synth 8-3333] propagating constant 0 across sequential element (\dmInner/dmInner /\COMMANDRdData_control_reg[18] )
INFO: [Synth 8-3333] propagating constant 0 across sequential element (\dmInner/dmInner /\COMMANDRdData_cmdtype_reg[7] )
INFO: [Synth 8-3333] propagating constant 0 across sequential element (\dmInner/dmInner /\COMMANDRdData_cmdtype_reg[6] )
INFO: [Synth 8-3333] propagating constant 0 across sequential element (\dmInner/dmInner /\COMMANDRdData_cmdtype_reg[4] )
INFO: [Synth 8-3333] propagating constant 0 across sequential element (\dmInner/dmInner /\COMMANDRdData_cmdtype_reg[5] )
INFO: [Synth 8-3333] propagating constant 0 across sequential element (\dmInner/dmInner /\COMMANDRdData_cmdtype_reg[0] )
INFO: [Synth 8-3333] propagating constant 0 across sequential element (\dmInner/dmInner /\COMMANDRdData_cmdtype_reg[1] )
INFO: [Synth 8-3333] propagating constant 0 across sequential element (\dmInner/dmInner /\COMMANDRdData_cmdtype_reg[2] )
INFO: [Synth 8-3333] propagating constant 0 across sequential element (\dmInner/dmInner /\COMMANDRdData_cmdtype_reg[3] )
INFO: [Synth 8-3333] propagating constant 0 across sequential element (\dmInner/dmInner /haltedBitRegs_0_reg)
INFO: [Synth 8-3333] propagating constant 0 across sequential element (\dmInner/dmInner /\COMMANDRdData_control_reg[5] )
INFO: [Synth 8-3333] propagating constant 0 across sequential element (\dmInner/dmInner /\COMMANDRdData_control_reg[6] )
INFO: [Synth 8-3333] propagating constant 0 across sequential element (\dmInner/dmInner /\COMMANDRdData_control_reg[7] )
INFO: [Synth 8-3333] propagating constant 0 across sequential element (\dmInner/dmInner /\COMMANDRdData_control_reg[8] )
INFO: [Synth 8-3333] propagating constant 0 across sequential element (\dmInner/dmInner /\COMMANDRdData_control_reg[9] )
INFO: [Synth 8-3333] propagating constant 0 across sequential element (\dmInner/dmInner /\COMMANDRdData_control_reg[10] )
INFO: [Synth 8-3333] propagating constant 0 across sequential element (\dmInner/dmInner /\COMMANDRdData_control_reg[11] )
INFO: [Synth 8-3333] propagating constant 0 across sequential element (\dmInner/dmInner /\COMMANDRdData_control_reg[13] )
INFO: [Synth 8-3333] propagating constant 0 across sequential element (\dmInner/dmInner /\COMMANDRdData_control_reg[14] )
INFO: [Synth 8-3333] propagating constant 0 across sequential element (\dmInner/dmInner /\COMMANDRdData_control_reg[15] )
INFO: [Synth 8-3333] propagating constant 0 across sequential element (\dmInner/dmInner /\COMMANDRdData_control_reg[12] )
INFO: [Synth 8-3333] propagating constant 0 across sequential element (\dmInner/dmInner /\COMMANDRdData_control_reg[17] )
INFO: [Synth 8-3886] merging instance 'dmInner/dmInner/abstractGeneratedMem_0_reg[31]' (FDE) to 'dmInner/dmInner/abstractGeneratedMem_0_reg[27]'
INFO: [Synth 8-3333] propagating constant 0 across sequential element (\dmInner/dmInner /\ctrlStateReg_reg[1] )
INFO: [Synth 8-3333] propagating constant 0 across sequential element (\dmInner/dmInner /\ctrlStateReg_reg[0] )
INFO: [Synth 8-3333] propagating constant 0 across sequential element (\dmInner/dmInner /\abstractDataMem_0_reg[0] )
INFO: [Synth 8-3333] propagating constant 0 across sequential element (\dmInner/dmInner /\programBufferMem_56_reg[0] )
INFO: [Synth 8-3333] propagating constant 0 across sequential element (\dmInner/dmInner /\programBufferMem_48_reg[0] )
INFO: [Synth 8-3333] propagating constant 0 across sequential element (\dmInner/dmInner /\programBufferMem_40_reg[0] )
INFO: [Synth 8-3333] propagating constant 0 across sequential element (\dmInner/dmInner /\programBufferMem_32_reg[0] )
INFO: [Synth 8-3333] propagating constant 0 across sequential element (\dmInner/dmInner /\programBufferMem_24_reg[0] )
INFO: [Synth 8-3333] propagating constant 0 across sequential element (\dmInner/dmInner /\programBufferMem_16_reg[0] )
INFO: [Synth 8-3333] propagating constant 0 across sequential element (\dmInner/dmInner /\programBufferMem_8_reg[0] )
INFO: [Synth 8-3333] propagating constant 0 across sequential element (\dmInner/dmInner /\programBufferMem_0_reg[0] )
INFO: [Synth 8-3333] propagating constant 0 across sequential element (\dmInner/dmInner /resumeReqRegs_0_reg)
INFO: [Synth 8-3333] propagating constant 0 across sequential element (\dmInner/dmInner /\abstractDataMem_0_reg[1] )
INFO: [Synth 8-3333] propagating constant 0 across sequential element (\dmInner/dmInner /\programBufferMem_56_reg[1] )
INFO: [Synth 8-3333] propagating constant 0 across sequential element (\dmInner/dmInner /\programBufferMem_48_reg[1] )
INFO: [Synth 8-3333] propagating constant 0 across sequential element (\dmInner/dmInner /\programBufferMem_40_reg[1] )
INFO: [Synth 8-3333] propagating constant 0 across sequential element (\dmInner/dmInner /\programBufferMem_32_reg[1] )
INFO: [Synth 8-3333] propagating constant 0 across sequential element (\dmInner/dmInner /\programBufferMem_24_reg[1] )
INFO: [Synth 8-3333] propagating constant 0 across sequential element (\dmInner/dmInner /\programBufferMem_16_reg[1] )
INFO: [Synth 8-3333] propagating constant 0 across sequential element (\dmInner/dmInner /\programBufferMem_8_reg[1] )
INFO: [Synth 8-3333] propagating constant 0 across sequential element (\dmInner/dmInner /\programBufferMem_0_reg[1] )
INFO: [Synth 8-3333] propagating constant 0 across sequential element (\dmInner/dmInner /\abstractDataMem_0_reg[2] )
INFO: [Synth 8-3333] propagating constant 0 across sequential element (\dmInner/dmInner /\programBufferMem_56_reg[2] )
INFO: [Synth 8-3333] propagating constant 0 across sequential element (\dmInner/dmInner /\programBufferMem_48_reg[2] )
INFO: [Synth 8-3333] propagating constant 0 across sequential element (\dmInner/dmInner /\programBufferMem_40_reg[2] )
INFO: [Synth 8-3333] propagating constant 0 across sequential element (\dmInner/dmInner /\programBufferMem_32_reg[2] )
INFO: [Synth 8-3333] propagating constant 0 across sequential element (\dmInner/dmInner /\programBufferMem_24_reg[2] )
INFO: [Synth 8-3333] propagating constant 0 across sequential element (\dmInner/dmInner /\programBufferMem_16_reg[2] )
INFO: [Synth 8-3333] propagating constant 0 across sequential element (\dmInner/dmInner /\programBufferMem_8_reg[2] )
INFO: [Synth 8-3333] propagating constant 0 across sequential element (\dmInner/dmInner /\programBufferMem_0_reg[2] )
INFO: [Synth 8-3333] propagating constant 0 across sequential element (\dmInner/dmInner /\abstractDataMem_0_reg[3] )
INFO: [Synth 8-3333] propagating constant 0 across sequential element (\dmInner/dmInner /\programBufferMem_56_reg[3] )
INFO: [Synth 8-3333] propagating constant 0 across sequential element (\dmInner/dmInner /\programBufferMem_48_reg[3] )
INFO: [Common 17-14] Message 'Synth 8-3333' appears 100 times and further instances of the messages will be disabled. Use the Tcl command set_msg_config to change the current settings.
INFO: [Common 17-14] Message 'Synth 8-3333' appears 100 times and further instances of the messages will be disabled. Use the Tcl command set_msg_config to change the current settings.
INFO: [Synth 8-3886] merging instance 'dmInner/dmInner/abstractGeneratedMem_0_reg[1]' (FDE) to 'dmInner/dmInner/abstractGeneratedMem_0_reg[4]'
INFO: [Synth 8-3886] merging instance 'dmInner/dmInner/abstractGeneratedMem_0_reg[5]' (FDE) to 'dmInner/dmInner/abstractGeneratedMem_0_reg[7]'
INFO: [Synth 8-3886] merging instance 'dmInner/dmInner/abstractGeneratedMem_0_reg[7]' (FDE) to 'dmInner/dmInner/abstractGeneratedMem_0_reg[8]'
INFO: [Synth 8-3886] merging instance 'dmInner/dmInner/abstractGeneratedMem_0_reg[8]' (FDE) to 'dmInner/dmInner/abstractGeneratedMem_0_reg[9]'
INFO: [Synth 8-3886] merging instance 'dmInner/dmInner/abstractGeneratedMem_0_reg[9]' (FDE) to 'dmInner/dmInner/abstractGeneratedMem_0_reg[10]'
INFO: [Synth 8-3886] merging instance 'dmInner/dmInner/abstractGeneratedMem_0_reg[10]' (FDE) to 'dmInner/dmInner/abstractGeneratedMem_0_reg[11]'
INFO: [Synth 8-3886] merging instance 'dmInner/dmInner/abstractGeneratedMem_0_reg[11]' (FDE) to 'dmInner/dmInner/abstractGeneratedMem_0_reg[12]'
INFO: [Synth 8-3886] merging instance 'dmInner/dmInner/abstractGeneratedMem_0_reg[12]' (FDE) to 'dmInner/dmInner/abstractGeneratedMem_0_reg[13]'
INFO: [Synth 8-3886] merging instance 'dmInner/dmInner/abstractGeneratedMem_0_reg[13]' (FDE) to 'dmInner/dmInner/abstractGeneratedMem_0_reg[14]'
INFO: [Synth 8-3886] merging instance 'dmInner/dmInner/abstractGeneratedMem_0_reg[14]' (FDE) to 'dmInner/dmInner/abstractGeneratedMem_0_reg[20]'
INFO: [Synth 8-3886] merging instance 'dmInner/dmInner/abstractGeneratedMem_0_reg[20]' (FDE) to 'dmInner/dmInner/abstractGeneratedMem_0_reg[21]'
INFO: [Synth 8-3886] merging instance 'dmInner/dmInner/abstractGeneratedMem_0_reg[21]' (FDE) to 'dmInner/dmInner/abstractGeneratedMem_0_reg[22]'
INFO: [Synth 8-3886] merging instance 'dmInner/dmInner/abstractGeneratedMem_0_reg[22]' (FDE) to 'dmInner/dmInner/abstractGeneratedMem_0_reg[23]'
INFO: [Synth 8-3886] merging instance 'dmInner/dmInner/abstractGeneratedMem_0_reg[23]' (FDE) to 'dmInner/dmInner/abstractGeneratedMem_0_reg[24]'
INFO: [Synth 8-3886] merging instance 'dmInner/dmInner/abstractGeneratedMem_0_reg[24]' (FDE) to 'dmInner/dmInner/abstractGeneratedMem_0_reg[27]'
INFO: [Synth 8-3886] merging instance 'dmInner/dmInner/abstractGeneratedMem_1_reg[31]' (FDRE) to 'dmInner/dmInner/abstractGeneratedMem_1_reg[20]'
INFO: [Synth 8-5546] ROM "st_sie" won't be mapped to RAM because it is too sparse
INFO: [Synth 8-5546] ROM "medeleg" won't be mapped to RAM because it is too sparse
INFO: [Synth 8-5546] ROM "mideleg" won't be mapped to RAM because it is too sparse
INFO: [Synth 8-5546] ROM "st_mie" won't be mapped to RAM because it is too sparse
INFO: [Synth 8-5546] ROM "scnt_cy" won't be mapped to RAM because it is too sparse
INFO: [Synth 8-5546] ROM "mcnt_cy" won't be mapped to RAM because it is too sparse
INFO: [Synth 8-5546] ROM "mie_msie" won't be mapped to RAM because it is too sparse
INFO: [Synth 8-5546] ROM "mtvec" won't be mapped to RAM because it is too sparse
INFO: [Synth 8-5546] ROM "mscratch" won't be mapped to RAM because it is too sparse
INFO: [Synth 8-5546] ROM "mepc" won't be mapped to RAM because it is too sparse
INFO: [Synth 8-5546] ROM "mcause" won't be mapped to RAM because it is too sparse
INFO: [Synth 8-5546] ROM "mtval" won't be mapped to RAM because it is too sparse
INFO: [Synth 8-5546] ROM "sw_stip" won't be mapped to RAM because it is too sparse
INFO: [Synth 8-5546] ROM "stvec" won't be mapped to RAM because it is too sparse
INFO: [Synth 8-5546] ROM "sscratch" won't be mapped to RAM because it is too sparse
INFO: [Synth 8-5546] ROM "sepc" won't be mapped to RAM because it is too sparse
INFO: [Synth 8-5546] ROM "scause" won't be mapped to RAM because it is too sparse
INFO: [Synth 8-5546] ROM "stval" won't be mapped to RAM because it is too sparse
INFO: [Synth 8-5546] ROM "st_sie" won't be mapped to RAM because it is too sparse
INFO: [Synth 8-5546] ROM "medeleg" won't be mapped to RAM because it is too sparse
INFO: [Synth 8-5546] ROM "mideleg" won't be mapped to RAM because it is too sparse
INFO: [Synth 8-5546] ROM "st_mie" won't be mapped to RAM because it is too sparse
INFO: [Synth 8-5546] ROM "scnt_cy" won't be mapped to RAM because it is too sparse
INFO: [Synth 8-5546] ROM "mcnt_cy" won't be mapped to RAM because it is too sparse
INFO: [Synth 8-5546] ROM "mie_msie" won't be mapped to RAM because it is too sparse
INFO: [Synth 8-5546] ROM "mtvec" won't be mapped to RAM because it is too sparse
INFO: [Synth 8-5546] ROM "mscratch" won't be mapped to RAM because it is too sparse
INFO: [Synth 8-5546] ROM "mepc" won't be mapped to RAM because it is too sparse
INFO: [Synth 8-5546] ROM "mcause" won't be mapped to RAM because it is too sparse
INFO: [Synth 8-5546] ROM "mtval" won't be mapped to RAM because it is too sparse
INFO: [Synth 8-5546] ROM "sw_stip" won't be mapped to RAM because it is too sparse
INFO: [Synth 8-5546] ROM "stvec" won't be mapped to RAM because it is too sparse
INFO: [Synth 8-5546] ROM "sscratch" won't be mapped to RAM because it is too sparse
INFO: [Synth 8-5546] ROM "sepc" won't be mapped to RAM because it is too sparse
INFO: [Synth 8-5546] ROM "scause" won't be mapped to RAM because it is too sparse
INFO: [Synth 8-5546] ROM "stval" won't be mapped to RAM because it is too sparse
INFO: [Synth 8-5587] ROM size for "amo_code" is below threshold of ROM address width. It will be mapped to LUTs
INFO: [Synth 8-5587] ROM size for "amo_code" is below threshold of ROM address width. It will be mapped to LUTs
INFO: [Synth 8-5544] ROM "p_0_out" won't be mapped to Block RAM because address size (2) smaller than threshold (5)
INFO: [Synth 8-5544] ROM "md_op" won't be mapped to Block RAM because address size (3) smaller than threshold (5)
INFO: [Synth 8-3886] merging instance 'cpuV2/core/trap_cause_reg[58]' (FDRE) to 'cpuV2/core/trap_cause_reg[62]'
INFO: [Synth 8-3886] merging instance 'cpuV2/core/trap_cause_reg[59]' (FDRE) to 'cpuV2/core/trap_cause_reg[62]'
INFO: [Synth 8-3886] merging instance 'cpuV2/core/trap_cause_reg[56]' (FDRE) to 'cpuV2/core/trap_cause_reg[62]'
INFO: [Synth 8-3886] merging instance 'cpuV2/core/trap_cause_reg[57]' (FDRE) to 'cpuV2/core/trap_cause_reg[62]'
INFO: [Synth 8-3886] merging instance 'cpuV2/core/trap_cause_reg[54]' (FDRE) to 'cpuV2/core/trap_cause_reg[62]'
INFO: [Synth 8-3886] merging instance 'cpuV2/core/trap_cause_reg[55]' (FDRE) to 'cpuV2/core/trap_cause_reg[62]'
INFO: [Synth 8-3886] merging instance 'cpuV2/core/trap_cause_reg[52]' (FDRE) to 'cpuV2/core/trap_cause_reg[62]'
INFO: [Synth 8-3886] merging instance 'cpuV2/core/trap_cause_reg[53]' (FDRE) to 'cpuV2/core/trap_cause_reg[62]'
INFO: [Synth 8-3886] merging instance 'cpuV2/core/trap_cause_reg[50]' (FDRE) to 'cpuV2/core/trap_cause_reg[62]'
INFO: [Synth 8-3886] merging instance 'cpuV2/core/trap_cause_reg[51]' (FDRE) to 'cpuV2/core/trap_cause_reg[62]'
INFO: [Synth 8-3886] merging instance 'cpuV2/core/trap_cause_reg[48]' (FDRE) to 'cpuV2/core/trap_cause_reg[62]'
INFO: [Synth 8-3886] merging instance 'cpuV2/core/trap_cause_reg[49]' (FDRE) to 'cpuV2/core/trap_cause_reg[62]'
INFO: [Synth 8-3886] merging instance 'cpuV2/core/trap_cause_reg[46]' (FDRE) to 'cpuV2/core/trap_cause_reg[62]'
INFO: [Synth 8-3886] merging instance 'cpuV2/core/trap_cause_reg[47]' (FDRE) to 'cpuV2/core/trap_cause_reg[62]'
INFO: [Synth 8-3886] merging instance 'cpuV2/core/trap_cause_reg[44]' (FDRE) to 'cpuV2/core/trap_cause_reg[62]'
INFO: [Synth 8-3886] merging instance 'cpuV2/core/trap_cause_reg[45]' (FDRE) to 'cpuV2/core/trap_cause_reg[62]'
INFO: [Synth 8-3886] merging instance 'cpuV2/core/trap_cause_reg[42]' (FDRE) to 'cpuV2/core/trap_cause_reg[62]'
INFO: [Synth 8-3886] merging instance 'cpuV2/core/trap_cause_reg[43]' (FDRE) to 'cpuV2/core/trap_cause_reg[62]'
INFO: [Synth 8-3886] merging instance 'cpuV2/core/trap_cause_reg[40]' (FDRE) to 'cpuV2/core/trap_cause_reg[62]'
INFO: [Synth 8-3886] merging instance 'cpuV2/core/trap_cause_reg[41]' (FDRE) to 'cpuV2/core/trap_cause_reg[62]'
INFO: [Synth 8-3886] merging instance 'cpuV2/core/trap_cause_reg[38]' (FDRE) to 'cpuV2/core/trap_cause_reg[62]'
INFO: [Synth 8-3886] merging instance 'cpuV2/core/trap_cause_reg[39]' (FDRE) to 'cpuV2/core/trap_cause_reg[62]'
INFO: [Synth 8-3886] merging instance 'cpuV2/core/trap_cause_reg[36]' (FDRE) to 'cpuV2/core/trap_cause_reg[62]'
INFO: [Synth 8-3886] merging instance 'cpuV2/core/trap_cause_reg[37]' (FDRE) to 'cpuV2/core/trap_cause_reg[62]'
INFO: [Synth 8-3886] merging instance 'cpuV2/core/trap_cause_reg[34]' (FDRE) to 'cpuV2/core/trap_cause_reg[62]'
INFO: [Synth 8-3886] merging instance 'cpuV2/core/trap_cause_reg[35]' (FDRE) to 'cpuV2/core/trap_cause_reg[62]'
INFO: [Synth 8-3886] merging instance 'cpuV2/core/trap_cause_reg[32]' (FDRE) to 'cpuV2/core/trap_cause_reg[62]'
INFO: [Common 17-14] Message 'Synth 8-3886' appears 100 times and further instances of the messages will be disabled. Use the Tcl command set_msg_config to change the current settings.
INFO: [Common 17-14] Message 'Synth 8-3886' appears 100 times and further instances of the messages will be disabled. Use the Tcl command set_msg_config to change the current settings.
INFO: [Common 17-14] Message 'Synth 8-3886' appears 100 times and further instances of the messages will be disabled. Use the Tcl command set_msg_config to change the current settings.
INFO: [Common 17-14] Message 'Synth 8-3333' appears 100 times and further instances of the messages will be disabled. Use the Tcl command set_msg_config to change the current settings.
---------------------------------------------------------------------------------
Finished Cross Boundary and Area Optimization : Time (s): cpu = 00:01:54 ; elapsed = 00:01:59 . Memory (MB): peak = 5557.266 ; gain = 3781.902 ; free physical = 293 ; free virtual = 22547
---------------------------------------------------------------------------------
---------------------------------------------------------------------------------
Start ROM, RAM, DSP, Shift Register and Retiming Reporting
---------------------------------------------------------------------------------

Distributed RAM: Preliminary Mapping Report (see note below)
+----------------+-----------------------------------------------------------------+-----------+----------------------+---------------+
|Module Name     | RTL Object                                                      | Inference | Size (Depth x Width) | Primitives    | 
+----------------+-----------------------------------------------------------------+-----------+----------------------+---------------+
|controller      | router/allocQueue/ram_reg                                       | Implied   | 2 x 1                | RAM16X1D x 1  | 
|controller      | router/completeQueue/ram_reg                                    | Implied   | 2 x 1                | RAM16X1D x 1  | 
|pbus            | coupler_from_sbus/buffer/Queue/ram_opcode_reg                   | Implied   | 2 x 3                | RAM32M x 1    | 
|pbus            | coupler_from_sbus/buffer/Queue/ram_size_reg                     | Implied   | 2 x 3                | RAM32M x 1    | 
|pbus            | coupler_from_sbus/buffer/Queue/ram_source_reg                   | Implied   | 2 x 2                | RAM16X1D x 2  | 
|pbus            | coupler_from_sbus/buffer/Queue/ram_address_reg                  | Implied   | 2 x 29               | RAM32M x 5    | 
|pbus            | coupler_from_sbus/buffer/Queue/ram_mask_reg                     | Implied   | 2 x 8                | RAM32M x 2    | 
|pbus            | coupler_from_sbus/buffer/Queue/ram_data_reg                     | Implied   | 2 x 64               | RAM32M x 11   | 
|pbus            | coupler_from_sbus/buffer/Queue_1/ram_opcode_reg                 | Implied   | 2 x 3                | RAM32M x 1    | 
|pbus            | coupler_from_sbus/buffer/Queue_1/ram_size_reg                   | Implied   | 2 x 3                | RAM32M x 1    | 
|pbus            | coupler_from_sbus/buffer/Queue_1/ram_source_reg                 | Implied   | 2 x 2                | RAM16X1D x 2  | 
|pbus            | coupler_from_sbus/buffer/Queue_1/ram_error_reg                  | Implied   | 2 x 1                | RAM16X1D x 1  | 
|pbus            | coupler_from_sbus/buffer/Queue_1/ram_data_reg                   | Implied   | 2 x 64               | RAM32M x 11   | 
|pbus            | sync_xing/Queue/ram_opcode_reg                                  | Implied   | 2 x 3                | RAM32M x 1    | 
|pbus            | sync_xing/Queue/ram_param_reg                                   | Implied   | 2 x 3                | RAM32M x 1    | 
|pbus            | sync_xing/Queue/ram_size_reg                                    | Implied   | 2 x 3                | RAM32M x 1    | 
|pbus            | sync_xing/Queue/ram_source_reg                                  | Implied   | 2 x 2                | RAM16X1D x 2  | 
|pbus            | sync_xing/Queue/ram_address_reg                                 | Implied   | 2 x 29               | RAM32M x 5    | 
|pbus            | sync_xing/Queue/ram_mask_reg                                    | Implied   | 2 x 8                | RAM32M x 2    | 
|pbus            | sync_xing/Queue/ram_data_reg                                    | Implied   | 2 x 64               | RAM32M x 11   | 
|pbus            | sync_xing/Queue_1/ram_opcode_reg                                | Implied   | 2 x 3                | RAM32M x 1    | 
|pbus            | sync_xing/Queue_1/ram_size_reg                                  | Implied   | 2 x 3                | RAM32M x 1    | 
|pbus            | sync_xing/Queue_1/ram_source_reg                                | Implied   | 2 x 2                | RAM16X1D x 2  | 
|pbus            | sync_xing/Queue_1/ram_data_reg                                  | Implied   | 2 x 64               | RAM32M x 11   | 
|pbus            | sync_xing/Queue_1/ram_error_reg                                 | Implied   | 2 x 1                | RAM16X1D x 1  | 
|RD2ZynqTop__GB1 | bh/TLBroadcastTracker/o_data/ram_data_reg                       | Implied   | 8 x 64               | RAM32M x 11   | 
|RD2ZynqTop__GB1 | bh/TLBroadcastTracker/o_data/ram_mask_reg                       | Implied   | 8 x 8                | RAM32M x 2    | 
|RD2ZynqTop__GB1 | bh/TLBroadcastTracker_1/o_data/ram_data_reg                     | Implied   | 8 x 64               | RAM32M x 11   | 
|RD2ZynqTop__GB1 | bh/TLBroadcastTracker_1/o_data/ram_mask_reg                     | Implied   | 8 x 8                | RAM32M x 2    | 
|RD2ZynqTop__GB1 | bh/TLBroadcastTracker_2/o_data/ram_data_reg                     | Implied   | 8 x 64               | RAM32M x 11   | 
|RD2ZynqTop__GB1 | bh/TLBroadcastTracker_2/o_data/ram_mask_reg                     | Implied   | 8 x 8                | RAM32M x 2    | 
|RD2ZynqTop__GB1 | bh/TLBroadcastTracker_3/o_data/ram_data_reg                     | Implied   | 8 x 64               | RAM32M x 11   | 
|RD2ZynqTop__GB1 | bh/TLBroadcastTracker_3/o_data/ram_mask_reg                     | Implied   | 8 x 8                | RAM32M x 2    | 
|RD2ZynqTop__GB1 | sbus/coupler_to_slave_named_Error/buffer/Queue/ram_opcode_reg   | Implied   | 2 x 3                | RAM32M x 1    | 
|RD2ZynqTop__GB1 | sbus/coupler_to_slave_named_Error/buffer/Queue/ram_size_reg     | Implied   | 2 x 4                | RAM32M x 1    | 
|RD2ZynqTop__GB1 | sbus/coupler_to_slave_named_Error/buffer/Queue/ram_source_reg   | Implied   | 2 x 2                | RAM16X1D x 2  | 
|RD2ZynqTop__GB1 | sbus/coupler_to_slave_named_Error/buffer/Queue_1/ram_opcode_reg | Implied   | 2 x 3                | RAM32M x 1    | 
|RD2ZynqTop__GB1 | sbus/coupler_to_slave_named_Error/buffer/Queue_1/ram_size_reg   | Implied   | 2 x 4                | RAM32M x 1    | 
|RD2ZynqTop__GB1 | sbus/coupler_to_slave_named_Error/buffer/Queue_1/ram_source_reg | Implied   | 2 x 2                | RAM16X1D x 2  | 
|\cpuV2/core /rf | regs_reg                                                        | Implied   | 32 x 64              | RAM32M x 44   | 
|RD2ZynqTop__GB3 | Queue/ram_reg                                                   | Implied   | 2 x 32               | RAM32M x 6    | 
|RD2ZynqTop__GB3 | Queue_1/ram_reg                                                 | Implied   | 2 x 32               | RAM32M x 6    | 
|ZynqAdapterRD2  | core/ser_in_fifo/ram_reg                                        | Implied   | 16 x 32              | RAM32M x 6    | 
|ZynqAdapterRD2  | core/bdev_resp_fifo/ram_reg                                     | Implied   | 16 x 32              | RAM32M x 6    | 
|ZynqAdapterRD2  | core/Queue_1/ram_read_reg                                       | Implied   | 2 x 1                | RAM16X1D x 1  | 
|ZynqAdapterRD2  | core/bdev_data_fifo/ram_reg                                     | Implied   | 16 x 32              | RAM32M x 6    | 
|ZynqAdapterRD2  | core/bdev_req_fifo/ram_reg                                      | Implied   | 16 x 32              | RAM32M x 6    | 
|ZynqAdapterRD2  | core/ser_out_fifo/ram_reg                                       | Implied   | 16 x 32              | RAM32M x 6    | 
|ZynqAdapterRD2  | core/Queue_1/ram_data_reg                                       | Implied   | 2 x 32               | RAM32M x 6    | 
|ZynqAdapterRD2  | core/Queue_1/ram_extra_reg                                      | Implied   | 2 x 13               | RAM32M x 3    | 
+----------------+-----------------------------------------------------------------+-----------+----------------------+---------------+

Note: The table above is a preliminary report that shows the Distributed RAMs at the current stage of the synthesis flow. Some Distributed RAMs may be reimplemented as non Distributed RAM primitives later in the synthesis flow. Multiple instantiated RAMs are reported only once.
---------------------------------------------------------------------------------
Finished ROM, RAM, DSP, Shift Register and Retiming Reporting
---------------------------------------------------------------------------------
---------------------------------------------------------------------------------
Start Applying XDC Timing Constraints
---------------------------------------------------------------------------------
---------------------------------------------------------------------------------
Finished Applying XDC Timing Constraints : Time (s): cpu = 00:02:00 ; elapsed = 00:02:09 . Memory (MB): peak = 5565.227 ; gain = 3789.863 ; free physical = 1369 ; free virtual = 23646
---------------------------------------------------------------------------------
---------------------------------------------------------------------------------
Start Timing Optimization
---------------------------------------------------------------------------------
---------------------------------------------------------------------------------
Finished Timing Optimization : Time (s): cpu = 00:02:31 ; elapsed = 00:02:41 . Memory (MB): peak = 5613.250 ; gain = 3837.887 ; free physical = 1337 ; free virtual = 23615
---------------------------------------------------------------------------------
---------------------------------------------------------------------------------
Start ROM, RAM, DSP, Shift Register and Retiming Reporting
---------------------------------------------------------------------------------

Distributed RAM: Final Mapping Report
+----------------+-----------------------------------------------------------------+-----------+----------------------+---------------+
|Module Name     | RTL Object                                                      | Inference | Size (Depth x Width) | Primitives    | 
+----------------+-----------------------------------------------------------------+-----------+----------------------+---------------+
|\cpuV2/core /rf | regs_reg                                                        | Implied   | 32 x 64              | RAM32M x 44   | 
|RD2ZynqTop__GB3 | Queue/ram_reg                                                   | Implied   | 2 x 32               | RAM32M x 6    | 
|RD2ZynqTop__GB3 | Queue_1/ram_reg                                                 | Implied   | 2 x 32               | RAM32M x 6    | 
|controller      | router/allocQueue/ram_reg                                       | Implied   | 2 x 1                | RAM16X1D x 1  | 
|controller      | router/completeQueue/ram_reg                                    | Implied   | 2 x 1                | RAM16X1D x 1  | 
|pbus            | coupler_from_sbus/buffer/Queue/ram_opcode_reg                   | Implied   | 2 x 3                | RAM32M x 1    | 
|pbus            | coupler_from_sbus/buffer/Queue/ram_size_reg                     | Implied   | 2 x 3                | RAM32M x 1    | 
|pbus            | coupler_from_sbus/buffer/Queue/ram_source_reg                   | Implied   | 2 x 2                | RAM16X1D x 2  | 
|pbus            | coupler_from_sbus/buffer/Queue/ram_address_reg                  | Implied   | 2 x 29               | RAM32M x 5    | 
|pbus            | coupler_from_sbus/buffer/Queue/ram_mask_reg                     | Implied   | 2 x 8                | RAM32M x 2    | 
|pbus            | coupler_from_sbus/buffer/Queue/ram_data_reg                     | Implied   | 2 x 64               | RAM32M x 11   | 
|pbus            | coupler_from_sbus/buffer/Queue_1/ram_opcode_reg                 | Implied   | 2 x 3                | RAM32M x 1    | 
|pbus            | coupler_from_sbus/buffer/Queue_1/ram_size_reg                   | Implied   | 2 x 3                | RAM32M x 1    | 
|pbus            | coupler_from_sbus/buffer/Queue_1/ram_source_reg                 | Implied   | 2 x 2                | RAM16X1D x 2  | 
|pbus            | coupler_from_sbus/buffer/Queue_1/ram_error_reg                  | Implied   | 2 x 1                | RAM16X1D x 1  | 
|pbus            | coupler_from_sbus/buffer/Queue_1/ram_data_reg                   | Implied   | 2 x 64               | RAM32M x 11   | 
|pbus            | sync_xing/Queue/ram_opcode_reg                                  | Implied   | 2 x 3                | RAM32M x 1    | 
|pbus            | sync_xing/Queue/ram_param_reg                                   | Implied   | 2 x 3                | RAM32M x 1    | 
|pbus            | sync_xing/Queue/ram_size_reg                                    | Implied   | 2 x 3                | RAM32M x 1    | 
|pbus            | sync_xing/Queue/ram_source_reg                                  | Implied   | 2 x 2                | RAM16X1D x 2  | 
|pbus            | sync_xing/Queue/ram_address_reg                                 | Implied   | 2 x 29               | RAM32M x 5    | 
|pbus            | sync_xing/Queue/ram_mask_reg                                    | Implied   | 2 x 8                | RAM32M x 2    | 
|pbus            | sync_xing/Queue/ram_data_reg                                    | Implied   | 2 x 64               | RAM32M x 11   | 
|pbus            | sync_xing/Queue_1/ram_opcode_reg                                | Implied   | 2 x 3                | RAM32M x 1    | 
|pbus            | sync_xing/Queue_1/ram_size_reg                                  | Implied   | 2 x 3                | RAM32M x 1    | 
|pbus            | sync_xing/Queue_1/ram_source_reg                                | Implied   | 2 x 2                | RAM16X1D x 2  | 
|pbus            | sync_xing/Queue_1/ram_data_reg                                  | Implied   | 2 x 64               | RAM32M x 11   | 
|pbus            | sync_xing/Queue_1/ram_error_reg                                 | Implied   | 2 x 1                | RAM16X1D x 1  | 
|RD2ZynqTop__GB1 | bh/TLBroadcastTracker/o_data/ram_data_reg                       | Implied   | 8 x 64               | RAM32M x 11   | 
|RD2ZynqTop__GB1 | bh/TLBroadcastTracker/o_data/ram_mask_reg                       | Implied   | 8 x 8                | RAM32M x 2    | 
|RD2ZynqTop__GB1 | bh/TLBroadcastTracker_1/o_data/ram_data_reg                     | Implied   | 8 x 64               | RAM32M x 11   | 
|RD2ZynqTop__GB1 | bh/TLBroadcastTracker_1/o_data/ram_mask_reg                     | Implied   | 8 x 8                | RAM32M x 2    | 
|RD2ZynqTop__GB1 | bh/TLBroadcastTracker_2/o_data/ram_data_reg                     | Implied   | 8 x 64               | RAM32M x 11   | 
|RD2ZynqTop__GB1 | bh/TLBroadcastTracker_2/o_data/ram_mask_reg                     | Implied   | 8 x 8                | RAM32M x 2    | 
|RD2ZynqTop__GB1 | bh/TLBroadcastTracker_3/o_data/ram_data_reg                     | Implied   | 8 x 64               | RAM32M x 11   | 
|RD2ZynqTop__GB1 | bh/TLBroadcastTracker_3/o_data/ram_mask_reg                     | Implied   | 8 x 8                | RAM32M x 2    | 
|RD2ZynqTop__GB1 | sbus/coupler_to_slave_named_Error/buffer/Queue/ram_opcode_reg   | Implied   | 2 x 3                | RAM32M x 1    | 
|RD2ZynqTop__GB1 | sbus/coupler_to_slave_named_Error/buffer/Queue/ram_size_reg     | Implied   | 2 x 4                | RAM32M x 1    | 
|RD2ZynqTop__GB1 | sbus/coupler_to_slave_named_Error/buffer/Queue/ram_source_reg   | Implied   | 2 x 2                | RAM16X1D x 2  | 
|RD2ZynqTop__GB1 | sbus/coupler_to_slave_named_Error/buffer/Queue_1/ram_opcode_reg | Implied   | 2 x 3                | RAM32M x 1    | 
|RD2ZynqTop__GB1 | sbus/coupler_to_slave_named_Error/buffer/Queue_1/ram_size_reg   | Implied   | 2 x 4                | RAM32M x 1    | 
|RD2ZynqTop__GB1 | sbus/coupler_to_slave_named_Error/buffer/Queue_1/ram_source_reg | Implied   | 2 x 2                | RAM16X1D x 2  | 
|ZynqAdapterRD2  | core/ser_in_fifo/ram_reg                                        | Implied   | 16 x 32              | RAM32M x 6    | 
|ZynqAdapterRD2  | core/bdev_resp_fifo/ram_reg                                     | Implied   | 16 x 32              | RAM32M x 6    | 
|ZynqAdapterRD2  | core/Queue_1/ram_read_reg                                       | Implied   | 2 x 1                | RAM16X1D x 1  | 
|ZynqAdapterRD2  | core/bdev_data_fifo/ram_reg                                     | Implied   | 16 x 32              | RAM32M x 6    | 
|ZynqAdapterRD2  | core/bdev_req_fifo/ram_reg                                      | Implied   | 16 x 32              | RAM32M x 6    | 
|ZynqAdapterRD2  | core/ser_out_fifo/ram_reg                                       | Implied   | 16 x 32              | RAM32M x 6    | 
|ZynqAdapterRD2  | core/Queue_1/ram_data_reg                                       | Implied   | 2 x 32               | RAM32M x 6    | 
|ZynqAdapterRD2  | core/Queue_1/ram_extra_reg                                      | Implied   | 2 x 13               | RAM32M x 3    | 
+----------------+-----------------------------------------------------------------+-----------+----------------------+---------------+

---------------------------------------------------------------------------------
Finished ROM, RAM, DSP, Shift Register and Retiming Reporting
---------------------------------------------------------------------------------
---------------------------------------------------------------------------------
Start Technology Mapping
---------------------------------------------------------------------------------
INFO: [Synth 8-7067] Removed DRAM instance targeti_1/top/teaching_board_top/target/pbus/coupler_from_sbus/buffer/Queue_1/ram_error_reg_0_1_0_0 from module rocketchip_wrapper_GT0_tempName due to constant propagation
INFO: [Synth 8-7067] Removed DRAM instance targeti_1/top/teaching_board_top/target/pbus/coupler_from_sbus/buffer/Queue_1/ram_error_reg_0_1_0_0 from module rocketchip_wrapper_GT0_tempName due to constant propagation
INFO: [Synth 8-7067] Removed DRAM instance targeti_1/top/teaching_board_top/target/pbus/sync_xing/Queue_1/ram_error_reg_0_1_0_0 from module rocketchip_wrapper_GT0_tempName due to constant propagation
---------------------------------------------------------------------------------
Finished Technology Mapping : Time (s): cpu = 00:02:34 ; elapsed = 00:02:51 . Memory (MB): peak = 5625.176 ; gain = 3849.812 ; free physical = 433 ; free virtual = 22714
---------------------------------------------------------------------------------
---------------------------------------------------------------------------------
Start IO Insertion
---------------------------------------------------------------------------------
---------------------------------------------------------------------------------
Start Flattening Before IO Insertion
---------------------------------------------------------------------------------
---------------------------------------------------------------------------------
Finished Flattening Before IO Insertion
---------------------------------------------------------------------------------
---------------------------------------------------------------------------------
Start Final Netlist Cleanup
---------------------------------------------------------------------------------
---------------------------------------------------------------------------------
Finished Final Netlist Cleanup
---------------------------------------------------------------------------------
---------------------------------------------------------------------------------
Finished IO Insertion : Time (s): cpu = 00:02:39 ; elapsed = 00:02:56 . Memory (MB): peak = 5625.176 ; gain = 3849.812 ; free physical = 393 ; free virtual = 22713
---------------------------------------------------------------------------------
---------------------------------------------------------------------------------
Start Renaming Generated Instances
---------------------------------------------------------------------------------
---------------------------------------------------------------------------------
Finished Renaming Generated Instances : Time (s): cpu = 00:02:39 ; elapsed = 00:02:56 . Memory (MB): peak = 5625.176 ; gain = 3849.812 ; free physical = 393 ; free virtual = 22713
---------------------------------------------------------------------------------
---------------------------------------------------------------------------------
Start Rebuilding User Hierarchy
---------------------------------------------------------------------------------
---------------------------------------------------------------------------------
Finished Rebuilding User Hierarchy : Time (s): cpu = 00:02:41 ; elapsed = 00:02:58 . Memory (MB): peak = 5625.176 ; gain = 3849.812 ; free physical = 393 ; free virtual = 22713
---------------------------------------------------------------------------------
---------------------------------------------------------------------------------
Start Renaming Generated Ports
---------------------------------------------------------------------------------
---------------------------------------------------------------------------------
Finished Renaming Generated Ports : Time (s): cpu = 00:02:41 ; elapsed = 00:02:58 . Memory (MB): peak = 5625.176 ; gain = 3849.812 ; free physical = 393 ; free virtual = 22713
---------------------------------------------------------------------------------
---------------------------------------------------------------------------------
Start Handling Custom Attributes
---------------------------------------------------------------------------------
---------------------------------------------------------------------------------
Finished Handling Custom Attributes : Time (s): cpu = 00:02:42 ; elapsed = 00:02:59 . Memory (MB): peak = 5625.176 ; gain = 3849.812 ; free physical = 393 ; free virtual = 22713
---------------------------------------------------------------------------------
---------------------------------------------------------------------------------
Start Renaming Generated Nets
---------------------------------------------------------------------------------
---------------------------------------------------------------------------------
Finished Renaming Generated Nets : Time (s): cpu = 00:02:42 ; elapsed = 00:02:59 . Memory (MB): peak = 5625.176 ; gain = 3849.812 ; free physical = 393 ; free virtual = 22713
---------------------------------------------------------------------------------
---------------------------------------------------------------------------------
Start Writing Synthesis Report
---------------------------------------------------------------------------------

Report BlackBoxes: 
+------+----------------------------------------+----------+
|      |BlackBox name                           |Instances |
+------+----------------------------------------+----------+
|1     |system_axi_interconnect_0_imp_auto_pc_0 |         1|
|2     |system_axi_interconnect_1_imp_auto_pc_0 |         1|
|3     |system_proc_sys_reset_0_0               |         1|
|4     |system_processing_system7_0_0           |         1|
+------+----------------------------------------+----------+

Report Cell Usage: 
+------+--------------------------------------+------+
|      |Cell                                  |Count |
+------+--------------------------------------+------+
|1     |system_axi_interconnect_0_imp_auto_pc |     1|
|2     |system_axi_interconnect_1_imp_auto_pc |     1|
|3     |system_proc_sys_reset_0               |     1|
|4     |system_processing_system7_0           |     1|
|5     |BUFG                                  |     1|
|6     |CARRY4                                |   751|
|7     |LUT1                                  |   538|
|8     |LUT2                                  |  1128|
|9     |LUT3                                  |  2084|
|10    |LUT4                                  |  2034|
|11    |LUT5                                  |  2475|
|12    |LUT6                                  |  6601|
|13    |MMCME2_BASE                           |     1|
|14    |MUXF7                                 |    71|
|15    |MUXF8                                 |     6|
|16    |RAM16X1D                              |    15|
|17    |RAM32M                                |   179|
|18    |RAM32X1D                              |    14|
|19    |FDRE                                  |  5498|
|20    |FDSE                                  |    77|
|21    |IBUFG                                 |     1|
+------+--------------------------------------+------+
---------------------------------------------------------------------------------
Finished Writing Synthesis Report : Time (s): cpu = 00:02:42 ; elapsed = 00:02:59 . Memory (MB): peak = 5625.176 ; gain = 3849.812 ; free physical = 393 ; free virtual = 22713
---------------------------------------------------------------------------------
Synthesis finished with 0 errors, 0 critical warnings and 149 warnings.
Synthesis Optimization Runtime : Time (s): cpu = 00:03:21 ; elapsed = 00:02:52 . Memory (MB): peak = 5625.176 ; gain = 3744.184 ; free physical = 6670 ; free virtual = 28990
Synthesis Optimization Complete : Time (s): cpu = 00:03:34 ; elapsed = 00:03:02 . Memory (MB): peak = 5625.176 ; gain = 3849.812 ; free physical = 6687 ; free virtual = 28997
INFO: [Project 1-571] Translating synthesized netlist
Netlist sorting complete. Time (s): cpu = 00:00:00.15 ; elapsed = 00:00:00.15 . Memory (MB): peak = 5625.176 ; gain = 0.000 ; free physical = 6694 ; free virtual = 29004
INFO: [Netlist 29-17] Analyzing 1038 Unisim elements for replacement
WARNING: [Netlist 29-432] The IBUFG primitive 'ibufg_gclk' has been retargeted to an IBUF primitive only. No BUFG will be added. If a global buffer is intended, please instantiate an available global clock primitive from the current architecture.
INFO: [Netlist 29-28] Unisim Transformation completed in 0 CPU seconds
INFO: [Project 1-570] Preparing netlist for logic optimization
INFO: [Opt 31-138] Pushed 0 inverter(s) to 0 load pin(s).
Netlist sorting complete. Time (s): cpu = 00:00:00 ; elapsed = 00:00:00 . Memory (MB): peak = 5669.277 ; gain = 0.000 ; free physical = 6703 ; free virtual = 29013
INFO: [Project 1-111] Unisim Transformation Summary:
  A total of 210 instances were transformed.
  IBUFG => IBUF: 1 instance 
  MMCME2_BASE => MMCME2_ADV: 1 instance 
  RAM16X1D => RAM32X1D (RAMD32(x2)): 15 instances
  RAM32M => RAM32M (RAMD32(x6), RAMS32(x2)): 179 instances
  RAM32X1D => RAM32X1D (RAMD32(x2)): 14 instances

Synth Design complete | Checksum: a03b2568
INFO: [Common 17-83] Releasing license: Synthesis
508 Infos, 212 Warnings, 0 Critical Warnings and 0 Errors encountered.
synth_design completed successfully
synth_design: Time (s): cpu = 00:03:44 ; elapsed = 00:03:11 . Memory (MB): peak = 5669.312 ; gain = 4029.809 ; free physical = 6708 ; free virtual = 29018
INFO: [Common 17-2834] synth_design peak Physical Memory [PSS] (MB): overall = 11335.115; main = 4719.764; forked = 6886.104
INFO: [Common 17-2834] synth_design peak Virtual Memory [VSS] (MB): overall = 20511.426; main = 5669.281; forked = 14958.066
Write ShapeDB Complete: Time (s): cpu = 00:00:00.06 ; elapsed = 00:00:00.02 . Memory (MB): peak = 5693.289 ; gain = 0.000 ; free physical = 6707 ; free virtual = 29018
INFO: [Common 17-1381] The checkpoint '/home/engineer/fpga/worktrees/ips-cache/experiments/IPS-campaign/build-baseline/vivado-project/teaching_pynqz1.runs/synth_1/rocketchip_wrapper.dcp' has been generated.
INFO: [Vivado 12-24828] Executing command : report_utilization -file rocketchip_wrapper_utilization_synth.rpt -pb rocketchip_wrapper_utilization_synth.pb
INFO: [Common 17-206] Exiting Vivado at Thu Sep 24 23:50:00 2026...
[Thu Sep 24 23:50:01 2026] synth_1 finished
wait_on_runs: Time (s): cpu = 00:07:27 ; elapsed = 00:04:31 . Memory (MB): peak = 1804.910 ; gain = 0.000 ; free physical = 11286 ; free virtual = 33491
# set st [get_property STATUS [get_runs synth_1]]
# set pr [get_property PROGRESS [get_runs synth_1]]
# say "synth_1 STATUS='$st' PROGRESS=$pr"
@@@ synth_1 STATUS='synth_design Complete!' PROGRESS=100%
# if {$pr != "100%"} { say "SYNTH_FAILED"; exit 4 }
# open_run synth_1 -name synth_1
Design is defaulting to impl run constrset: constrs_1
Design is defaulting to synth run part: xc7z020clg400-1
INFO: [Device 21-403] Loading part xc7z020clg400-1
INFO: [Project 1-5699] Read binary netlist with skipMacroContent - 1
INFO: [Project 1-454] Reading design checkpoint '/home/engineer/fpga/worktrees/ips-cache/experiments/IPS-campaign/build-baseline/vivado-project/teaching_pynqz1.gen/sources_1/bd/system/ip/system_proc_sys_reset_0_0/system_proc_sys_reset_0_0.dcp' for cell 'system_i/proc_sys_reset_0'
INFO: [Project 1-454] Reading design checkpoint '/home/engineer/fpga/worktrees/ips-cache/experiments/IPS-campaign/build-baseline/vivado-project/teaching_pynqz1.gen/sources_1/bd/system/ip/system_processing_system7_0_0/system_processing_system7_0_0.dcp' for cell 'system_i/processing_system7_0'
INFO: [Project 1-454] Reading design checkpoint '/home/engineer/fpga/worktrees/ips-cache/experiments/IPS-campaign/build-baseline/vivado-project/teaching_pynqz1.gen/sources_1/bd/system/ip/system_axi_interconnect_0_imp_auto_pc_0/system_axi_interconnect_0_imp_auto_pc_0.dcp' for cell 'system_i/axi_interconnect_0/s00_couplers/auto_pc'
INFO: [Project 1-454] Reading design checkpoint '/home/engineer/fpga/worktrees/ips-cache/experiments/IPS-campaign/build-baseline/vivado-project/teaching_pynqz1.gen/sources_1/bd/system/ip/system_axi_interconnect_1_imp_auto_pc_0/system_axi_interconnect_1_imp_auto_pc_0.dcp' for cell 'system_i/axi_interconnect_1/s00_couplers/auto_pc'
Netlist sorting complete. Time (s): cpu = 00:00:00.12 ; elapsed = 00:00:00.12 . Memory (MB): peak = 2012.246 ; gain = 0.000 ; free physical = 11063 ; free virtual = 33268
INFO: [Netlist 29-17] Analyzing 1057 Unisim elements for replacement
INFO: [Netlist 29-28] Unisim Transformation completed in 0 CPU seconds
INFO: [Project 1-479] Netlist was created with Vivado 2025.2.1
INFO: [Project 1-570] Preparing netlist for logic optimization
Parsing XDC File [/home/engineer/fpga/worktrees/ips-cache/experiments/IPS-campaign/build-baseline/vivado-project/teaching_pynqz1.gen/sources_1/bd/system/ip/system_proc_sys_reset_0_0/system_proc_sys_reset_0_0_board.xdc] for cell 'system_i/proc_sys_reset_0/U0'
Finished Parsing XDC File [/home/engineer/fpga/worktrees/ips-cache/experiments/IPS-campaign/build-baseline/vivado-project/teaching_pynqz1.gen/sources_1/bd/system/ip/system_proc_sys_reset_0_0/system_proc_sys_reset_0_0_board.xdc] for cell 'system_i/proc_sys_reset_0/U0'
Parsing XDC File [/home/engineer/fpga/worktrees/ips-cache/experiments/IPS-campaign/build-baseline/vivado-project/teaching_pynqz1.gen/sources_1/bd/system/ip/system_processing_system7_0_0/system_processing_system7_0_0.xdc] for cell 'system_i/processing_system7_0/inst'
Finished Parsing XDC File [/home/engineer/fpga/worktrees/ips-cache/experiments/IPS-campaign/build-baseline/vivado-project/teaching_pynqz1.gen/sources_1/bd/system/ip/system_processing_system7_0_0/system_processing_system7_0_0.xdc] for cell 'system_i/processing_system7_0/inst'
Parsing XDC File [/home/engineer/fpga/worktrees/ips-cache/experiments/IPS-campaign/build-baseline/inputs/base.xdc]
Finished Parsing XDC File [/home/engineer/fpga/worktrees/ips-cache/experiments/IPS-campaign/build-baseline/inputs/base.xdc]
INFO: [Project 1-1714] 5 XPM XDC files have been applied to the design.
INFO: [Opt 31-138] Pushed 0 inverter(s) to 0 load pin(s).
Netlist sorting complete. Time (s): cpu = 00:00:00 ; elapsed = 00:00:00 . Memory (MB): peak = 2744.586 ; gain = 0.000 ; free physical = 10487 ; free virtual = 32693
INFO: [Project 1-111] Unisim Transformation Summary:
  A total of 212 instances were transformed.
  RAM16X1D => RAM32X1D (RAMD32(x2)): 15 instances
  RAM32M => RAM32M (RAMD32(x6), RAMS32(x2)): 182 instances
  RAM32X1D => RAM32X1D (RAMD32(x2)): 15 instances

open_run: Time (s): cpu = 00:00:12 ; elapsed = 00:00:11 . Memory (MB): peak = 2744.621 ; gain = 939.711 ; free physical = 10487 ; free virtual = 32693
# write_checkpoint -force $out/post_synth.dcp
INFO: [Timing 38-480] Writing timing data to binary archive.
Wrote PlaceDB: Time (s): cpu = 00:00:00 ; elapsed = 00:00:00 . Memory (MB): peak = 2776.602 ; gain = 0.000 ; free physical = 10487 ; free virtual = 32693
Wrote PulsedLatchDB: Time (s): cpu = 00:00:00 ; elapsed = 00:00:00 . Memory (MB): peak = 2776.602 ; gain = 0.000 ; free physical = 10487 ; free virtual = 32693
Writing XDEF routing.
Writing XDEF routing logical nets.
Writing XDEF routing special nets.
Wrote RouteStorage: Time (s): cpu = 00:00:00.07 ; elapsed = 00:00:00.01 . Memory (MB): peak = 2776.602 ; gain = 0.000 ; free physical = 10486 ; free virtual = 32693
Wrote PlaceStorage: Time (s): cpu = 00:00:00.03 ; elapsed = 00:00:00.01 . Memory (MB): peak = 2776.602 ; gain = 0.000 ; free physical = 10483 ; free virtual = 32690
Wrote Netlist Cache: Time (s): cpu = 00:00:00.01 ; elapsed = 00:00:00 . Memory (MB): peak = 2776.602 ; gain = 0.000 ; free physical = 10483 ; free virtual = 32691
Write ShapeDB Complete: Time (s): cpu = 00:00:00.11 ; elapsed = 00:00:00.03 . Memory (MB): peak = 2776.602 ; gain = 0.000 ; free physical = 10483 ; free virtual = 32691
Wrote Device Cache: Time (s): cpu = 00:00:00.02 ; elapsed = 00:00:00 . Memory (MB): peak = 2776.602 ; gain = 0.000 ; free physical = 10481 ; free virtual = 32690
Write Physdb Complete: Time (s): cpu = 00:00:00.13 ; elapsed = 00:00:00.03 . Memory (MB): peak = 2776.602 ; gain = 0.000 ; free physical = 10481 ; free virtual = 32690
INFO: [Common 17-1381] The checkpoint '/home/engineer/fpga/worktrees/ips-cache/experiments/IPS-campaign/build-baseline/reports/post_synth.dcp' has been generated.
# report_utilization      -file $out/post_synth_utilization.rpt
# report_utilization -hierarchical -file $out/post_synth_utilization_hier.rpt
# set bb [get_cells -hier -quiet -filter {IS_BLACKBOX == 1}]
# say "black boxes after synthesis: [llength $bb]"
@@@ black boxes after synthesis: 0
# if {[llength $bb] > 0} { foreach c $bb { say "  blackbox: $c" } }
# set f [open $out/post_synth_checks.txt w]
# puts $f "black boxes: [llength $bb]"
# foreach c $bb { puts $f "  $c" }
# foreach pat {*teaching_board_top* *cpu/core* *tcpu*} {
#   set cells [get_cells -hier -quiet $pat]
#   puts $f "cells matching $pat : [llength $cells]"
# }
# puts $f "\n# the teaching CPU's own registers, by hierarchy"
# puts $f "regs under the CPU: [llength [get_cells -hier -quiet -filter {PRIMITIVE_GROUP == FLOP_LATCH}]]"
# close $f
# say "synthesis checks written"
@@@ synthesis checks written
# say "launching impl_1 to write_bitstream with $jobs jobs"
@@@ launching impl_1 to write_bitstream with 3 jobs
# reset_run impl_1
# launch_runs impl_1 -to_step write_bitstream -jobs $jobs
INFO: [Timing 38-480] Writing timing data to binary archive.
Wrote PlaceDB: Time (s): cpu = 00:00:00.01 ; elapsed = 00:00:00 . Memory (MB): peak = 2776.602 ; gain = 0.000 ; free physical = 10458 ; free virtual = 32669
Wrote PulsedLatchDB: Time (s): cpu = 00:00:00 ; elapsed = 00:00:00 . Memory (MB): peak = 2776.602 ; gain = 0.000 ; free physical = 10458 ; free virtual = 32669
Writing XDEF routing.
Writing XDEF routing logical nets.
Writing XDEF routing special nets.
Wrote RouteStorage: Time (s): cpu = 00:00:00.06 ; elapsed = 00:00:00.01 . Memory (MB): peak = 2776.602 ; gain = 0.000 ; free physical = 10458 ; free virtual = 32669
Wrote PlaceStorage: Time (s): cpu = 00:00:00.04 ; elapsed = 00:00:00.01 . Memory (MB): peak = 2776.602 ; gain = 0.000 ; free physical = 10458 ; free virtual = 32670
Write ShapeDB Complete: Time (s): cpu = 00:00:00.11 ; elapsed = 00:00:00.02 . Memory (MB): peak = 2776.602 ; gain = 0.000 ; free physical = 10458 ; free virtual = 32670
Wrote Netlist Cache: Time (s): cpu = 00:00:00.01 ; elapsed = 00:00:00 . Memory (MB): peak = 2776.602 ; gain = 0.000 ; free physical = 10457 ; free virtual = 32670
Wrote Device Cache: Time (s): cpu = 00:00:00.02 ; elapsed = 00:00:00.01 . Memory (MB): peak = 2776.602 ; gain = 0.000 ; free physical = 10454 ; free virtual = 32668
Write Physdb Complete: Time (s): cpu = 00:00:00.15 ; elapsed = 00:00:00.03 . Memory (MB): peak = 2776.602 ; gain = 0.000 ; free physical = 10454 ; free virtual = 32668
WARNING: [Common 17-210] 'write_hwdef' is deprecated.
[Thu Sep 24 23:50:18 2026] Launched impl_1...
Run output will be captured here: /home/engineer/fpga/worktrees/ips-cache/experiments/IPS-campaign/build-baseline/vivado-project/teaching_pynqz1.runs/impl_1/runme.log
# wait_on_run impl_1
[Thu Sep 24 23:50:18 2026] Waiting for impl_1 to finish...

*** Running vivado
    with args -log rocketchip_wrapper.vdi -applog -m64 -product Vivado -messageDb vivado.pb -mode batch -source rocketchip_wrapper.tcl -notrace


****** Vivado v2025.2.1 (64-bit)
  **** SW Build 6403652 on Thu Mar 19 13:47:00 MDT 2026
  **** IP Build 6403511 on Thu Mar 19 12:41:45 MDT 2026
  **** SharedData Build 6403650 on Thu Mar 19 14:02:13 MDT 2026
  **** Start of session at: Thu Sep 24 23:50:20 2026
    ** Copyright 1986-2022 Xilinx, Inc. All Rights Reserved.
    ** Copyright 2022-2026 Advanced Micro Devices, Inc. All Rights Reserved.

source rocketchip_wrapper.tcl -notrace
Command: open_checkpoint /home/engineer/fpga/worktrees/ips-cache/experiments/IPS-campaign/build-baseline/vivado-project/teaching_pynqz1.runs/impl_1/rocketchip_wrapper.dcp
INFO: [Device 21-403] Loading part xc7z020clg400-1
Netlist sorting complete. Time (s): cpu = 00:00:00.13 ; elapsed = 00:00:00.12 . Memory (MB): peak = 1790.777 ; gain = 0.000 ; free physical = 9593 ; free virtual = 31912
INFO: [Netlist 29-17] Analyzing 1057 Unisim elements for replacement
INFO: [Netlist 29-28] Unisim Transformation completed in 0 CPU seconds
INFO: [Project 1-479] Netlist was created with Vivado 2025.2.1
INFO: [Project 1-570] Preparing netlist for logic optimization
Read ShapeDB Complete: Time (s): cpu = 00:00:00.02 ; elapsed = 00:00:00.03 . Memory (MB): peak = 1899.371 ; gain = 3.000 ; free physical = 9483 ; free virtual = 31803
INFO: [Timing 38-478] Restoring timing data from binary archive.
INFO: [Timing 38-479] Binary timing data restore complete.
INFO: [Project 1-856] Restoring constraints from binary archive.
INFO: [Project 1-853] Binary constraint restore complete.
INFO: [Designutils 20-5722] Start Reading Physical Databases.
Reading placement.
Read Netlist Cache: Time (s): cpu = 00:00:00 ; elapsed = 00:00:00 . Memory (MB): peak = 2371.980 ; gain = 0.000 ; free physical = 9038 ; free virtual = 31357
Reading placer database...
Read Device Cache: Time (s): cpu = 00:00:00.01 ; elapsed = 00:00:00.01 . Memory (MB): peak = 2371.980 ; gain = 0.000 ; free physical = 9038 ; free virtual = 31357
Read PlaceDB: Time (s): cpu = 00:00:00 ; elapsed = 00:00:00 . Memory (MB): peak = 2371.980 ; gain = 0.000 ; free physical = 9038 ; free virtual = 31357
Read placeStorage: Time (s): cpu = 00:00:00.06 ; elapsed = 00:00:00.06 . Memory (MB): peak = 2403.996 ; gain = 0.000 ; free physical = 9038 ; free virtual = 31357
Read PulsedLatchDB: Time (s): cpu = 00:00:00 ; elapsed = 00:00:00 . Memory (MB): peak = 2403.996 ; gain = 0.000 ; free physical = 9038 ; free virtual = 31357
Reading routing.
Read RouteStorage: Time (s): cpu = 00:00:00 ; elapsed = 00:00:00 . Memory (MB): peak = 2403.996 ; gain = 0.000 ; free physical = 9037 ; free virtual = 31357
Read Physdb Files: Time (s): cpu = 00:00:00.08 ; elapsed = 00:00:00.08 . Memory (MB): peak = 2403.996 ; gain = 32.016 ; free physical = 9037 ; free virtual = 31357
Restored from archive | CPU: 0.120000 secs | Memory: 1.280884 MB |
Finished XDEF File Restore: Time (s): cpu = 00:00:00.12 ; elapsed = 00:00:00.12 . Memory (MB): peak = 2403.996 ; gain = 32.016 ; free physical = 9037 ; free virtual = 31357
Netlist sorting complete. Time (s): cpu = 00:00:00 ; elapsed = 00:00:00 . Memory (MB): peak = 2403.996 ; gain = 0.000 ; free physical = 9037 ; free virtual = 31357
INFO: [Project 1-111] Unisim Transformation Summary:
  A total of 212 instances were transformed.
  RAM16X1D => RAM32X1D (RAMD32(x2)): 15 instances
  RAM32M => RAM32M (RAMD32(x6), RAMS32(x2)): 182 instances
  RAM32X1D => RAM32X1D (RAMD32(x2)): 15 instances

INFO: [Project 1-604] Checkpoint was created with Vivado v2025.2.1 (64-bit) build 6403652
open_checkpoint: Time (s): cpu = 00:00:19 ; elapsed = 00:00:11 . Memory (MB): peak = 2404.031 ; gain = 828.680 ; free physical = 9037 ; free virtual = 31357
Command: opt_design
Attempting to get a license for feature 'Implementation' and/or device 'xc7z020'
INFO: [Common 17-349] Got license for feature 'Implementation' and/or device 'xc7z020'
Running DRC as a precondition to command opt_design

Starting DRC Task
INFO: [DRC 23-27] Running DRC with 8 threads
INFO: [Project 1-461] DRC finished with 0 Errors
INFO: [Project 1-462] Please refer to the DRC report (report_drc) for more information.

Time (s): cpu = 00:00:00.9 ; elapsed = 00:00:00.36 . Memory (MB): peak = 2477.582 ; gain = 73.551 ; free physical = 8991 ; free virtual = 31311

Starting Cache Timing Information Task
INFO: [Timing 38-35] Done setting XDC timing constraints.
Ending Cache Timing Information Task | Checksum: 20dcda93b

Time (s): cpu = 00:00:00.95 ; elapsed = 00:00:00.32 . Memory (MB): peak = 2523.395 ; gain = 45.812 ; free physical = 8989 ; free virtual = 31309

Starting Logic Optimization Task

Phase 1 Initialization

Phase 1.1 Core Generation And Design Setup
Phase 1.1 Core Generation And Design Setup | Checksum: 20dcda93b

Time (s): cpu = 00:00:00.02 ; elapsed = 00:00:00.03 . Memory (MB): peak = 2884.176 ; gain = 0.000 ; free physical = 8619 ; free virtual = 30939

Phase 1.2 Setup Constraints And Sort Netlist
Phase 1.2 Setup Constraints And Sort Netlist | Checksum: 20dcda93b

Time (s): cpu = 00:00:00.03 ; elapsed = 00:00:00.03 . Memory (MB): peak = 2884.176 ; gain = 0.000 ; free physical = 8619 ; free virtual = 30939
Phase 1 Initialization | Checksum: 20dcda93b

Time (s): cpu = 00:00:00.03 ; elapsed = 00:00:00.04 . Memory (MB): peak = 2884.176 ; gain = 0.000 ; free physical = 8619 ; free virtual = 30939

Phase 2 Timer Update And Timing Data Collection

Phase 2.1 Detect if minReqCache needed
Phase 2.1 Detect if minReqCache needed | Checksum: 20dcda93b

Time (s): cpu = 00:00:00.04 ; elapsed = 00:00:00.05 . Memory (MB): peak = 2884.176 ; gain = 0.000 ; free physical = 8616 ; free virtual = 30936

Phase 2.2 Timer Update
Phase 2.2 Timer Update | Checksum: 20dcda93b

Time (s): cpu = 00:00:00.88 ; elapsed = 00:00:00.24 . Memory (MB): peak = 2884.176 ; gain = 0.000 ; free physical = 8616 ; free virtual = 30936

Phase 2.3 Timing Data Collection
Phase 2.3 Timing Data Collection | Checksum: 20dcda93b

Time (s): cpu = 00:00:00.88 ; elapsed = 00:00:00.25 . Memory (MB): peak = 2884.176 ; gain = 0.000 ; free physical = 8616 ; free virtual = 30936
Phase 2 Timer Update And Timing Data Collection | Checksum: 20dcda93b

Time (s): cpu = 00:00:00.89 ; elapsed = 00:00:00.25 . Memory (MB): peak = 2884.176 ; gain = 0.000 ; free physical = 8616 ; free virtual = 30936

Phase 3 Retarget
INFO: [Opt 31-1851] Number of loadless carry chains removed were: 0
INFO: [Opt 31-1834] Total Chains To Be Transformed Were: 0 AND Number of Transformed insts Created are: 0
INFO: [Opt 31-1566] Pulled 10 inverters resulting in an inversion of 445 pins
INFO: [Opt 31-138] Pushed 0 inverter(s) to 0 load pin(s).
INFO: [Opt 31-49] Retargeted 0 cell(s).
Phase 3 Retarget | Checksum: 126bdb4db

Time (s): cpu = 00:00:01 ; elapsed = 00:00:00.56 . Memory (MB): peak = 2940.203 ; gain = 56.027 ; free physical = 8616 ; free virtual = 30936
Retarget | Checksum: 126bdb4db
INFO: [Opt 31-389] Phase Retarget created 71 cells and removed 127 cells
INFO: [Opt 31-1021] In phase Retarget, 28 netlist objects are constrained preventing optimization. Please run opt_design with -debug_log to get more detail. 

Phase 4 Constant propagation
INFO: [Opt 31-138] Pushed 7 inverter(s) to 7 load pin(s).
Phase 4 Constant propagation | Checksum: 180efb0f7

Time (s): cpu = 00:00:01 ; elapsed = 00:00:00.74 . Memory (MB): peak = 2940.203 ; gain = 56.027 ; free physical = 8615 ; free virtual = 30936
Constant propagation | Checksum: 180efb0f7
INFO: [Opt 31-389] Phase Constant propagation created 78 cells and removed 354 cells
INFO: [Opt 31-1021] In phase Constant propagation, 27 netlist objects are constrained preventing optimization. Please run opt_design with -debug_log to get more detail. 

Phase 5 Sweep
INFO: [Constraints 18-11670] Building netlist checker database with flags, 0x8
Done building netlist checker database: Time (s): cpu = 00:00:00 ; elapsed = 00:00:00.01 . Memory (MB): peak = 2940.203 ; gain = 0.000 ; free physical = 8615 ; free virtual = 30936
INFO: [Constraints 18-11670] Building netlist checker database with flags, 0x8
Done building netlist checker database: Time (s): cpu = 00:00:00.01 ; elapsed = 00:00:00.01 . Memory (MB): peak = 2940.203 ; gain = 0.000 ; free physical = 8614 ; free virtual = 30934
Phase 5 Sweep | Checksum: 1cdf60217

Time (s): cpu = 00:00:02 ; elapsed = 00:00:01 . Memory (MB): peak = 2940.203 ; gain = 56.027 ; free physical = 8614 ; free virtual = 30934
Sweep | Checksum: 1cdf60217
INFO: [Opt 31-389] Phase Sweep created 0 cells and removed 195 cells
INFO: [Opt 31-1021] In phase Sweep, 96 netlist objects are constrained preventing optimization. Please run opt_design with -debug_log to get more detail. 

Phase 6 BUFG optimization
Phase 6 BUFG optimization | Checksum: 1cdf60217

Time (s): cpu = 00:00:02 ; elapsed = 00:00:01 . Memory (MB): peak = 2972.219 ; gain = 88.043 ; free physical = 8614 ; free virtual = 30934
BUFG optimization | Checksum: 1cdf60217
INFO: [Opt 31-662] Phase BUFG optimization created 0 cells of which 0 are BUFGs and removed 0 cells.

Phase 7 Shift Register Optimization
INFO: [Opt 31-1064] SRL Remap converted 0 SRLs to 0 registers and converted 0 registers of register chains to 0 SRLs
Phase 7 Shift Register Optimization | Checksum: 1cdf60217

Time (s): cpu = 00:00:02 ; elapsed = 00:00:01 . Memory (MB): peak = 2972.219 ; gain = 88.043 ; free physical = 8614 ; free virtual = 30934
Shift Register Optimization | Checksum: 1cdf60217
INFO: [Opt 31-389] Phase Shift Register Optimization created 0 cells and removed 0 cells

Phase 8 Post Processing Netlist
INFO: [Opt 31-1566] Pulled 1 inverters resulting in an inversion of 1 pins
Phase 8 Post Processing Netlist | Checksum: 168f37331

Time (s): cpu = 00:00:02 ; elapsed = 00:00:01 . Memory (MB): peak = 2972.219 ; gain = 88.043 ; free physical = 8614 ; free virtual = 30934
Post Processing Netlist | Checksum: 168f37331
INFO: [Opt 31-389] Phase Post Processing Netlist created 0 cells and removed 1 cells
INFO: [Opt 31-1021] In phase Post Processing Netlist, 33 netlist objects are constrained preventing optimization. Please run opt_design with -debug_log to get more detail. 

Phase 9 Finalization

Phase 9.1 Finalizing Design Cores and Updating Shapes
Phase 9.1 Finalizing Design Cores and Updating Shapes | Checksum: 1feb46b29

Time (s): cpu = 00:00:02 ; elapsed = 00:00:02 . Memory (MB): peak = 2972.219 ; gain = 88.043 ; free physical = 8615 ; free virtual = 30936

Phase 9.2 Verifying Netlist Connectivity

Starting Connectivity Check Task

Time (s): cpu = 00:00:00.02 ; elapsed = 00:00:00.03 . Memory (MB): peak = 2972.219 ; gain = 0.000 ; free physical = 8615 ; free virtual = 30936
Phase 9.2 Verifying Netlist Connectivity | Checksum: 1feb46b29

Time (s): cpu = 00:00:02 ; elapsed = 00:00:02 . Memory (MB): peak = 2972.219 ; gain = 88.043 ; free physical = 8615 ; free virtual = 30936
Phase 9 Finalization | Checksum: 1feb46b29

Time (s): cpu = 00:00:02 ; elapsed = 00:00:02 . Memory (MB): peak = 2972.219 ; gain = 88.043 ; free physical = 8615 ; free virtual = 30936
Opt_design Change Summary
=========================


-------------------------------------------------------------------------------------------------------------------------
|  Phase                        |  #Cells created  |  #Cells Removed  |  #Constrained objects preventing optimizations  |
-------------------------------------------------------------------------------------------------------------------------
|  Retarget                     |              71  |             127  |                                             28  |
|  Constant propagation         |              78  |             354  |                                             27  |
|  Sweep                        |               0  |             195  |                                             96  |
|  BUFG optimization            |               0  |               0  |                                              0  |
|  Shift Register Optimization  |               0  |               0  |                                              0  |
|  Post Processing Netlist      |               0  |               1  |                                             33  |
-------------------------------------------------------------------------------------------------------------------------


Ending Logic Optimization Task | Checksum: 1feb46b29

Time (s): cpu = 00:00:02 ; elapsed = 00:00:02 . Memory (MB): peak = 2972.219 ; gain = 88.043 ; free physical = 8615 ; free virtual = 30936

Starting Power Optimization Task
INFO: [Pwropt 34-132] Skipping clock gating for clocks with a period < 2.00 ns.
Ending Power Optimization Task | Checksum: 1feb46b29

Time (s): cpu = 00:00:00.01 ; elapsed = 00:00:00.01 . Memory (MB): peak = 2972.219 ; gain = 0.000 ; free physical = 8615 ; free virtual = 30936

Starting Final Cleanup Task
Ending Final Cleanup Task | Checksum: 1feb46b29

Time (s): cpu = 00:00:00.01 ; elapsed = 00:00:00 . Memory (MB): peak = 2972.219 ; gain = 0.000 ; free physical = 8615 ; free virtual = 30936
Netlist sorting complete. Time (s): cpu = 00:00:00 ; elapsed = 00:00:00.01 . Memory (MB): peak = 2972.219 ; gain = 0.000 ; free physical = 8615 ; free virtual = 30936
INFO: [Common 17-83] Releasing license: Implementation
39 Infos, 0 Warnings, 0 Critical Warnings and 0 Errors encountered.
opt_design completed successfully
INFO: [Vivado 12-24828] Executing command : report_drc -file rocketchip_wrapper_drc_opted.rpt -pb rocketchip_wrapper_drc_opted.pb -rpx rocketchip_wrapper_drc_opted.rpx
Command: report_drc -file rocketchip_wrapper_drc_opted.rpt -pb rocketchip_wrapper_drc_opted.pb -rpx rocketchip_wrapper_drc_opted.rpx
INFO: [IP_Flow 19-234] Refreshing IP repositories
INFO: [IP_Flow 19-1704] No user IP repositories specified
INFO: [IP_Flow 19-2313] Loaded Vivado IP repository '/opt/Xilinx/2025.2.1/data/ip'.
INFO: [DRC 23-27] Running DRC with 8 threads
INFO: [Vivado_Tcl 2-168] The results of DRC are in file /home/engineer/fpga/worktrees/ips-cache/experiments/IPS-campaign/build-baseline/vivado-project/teaching_pynqz1.runs/impl_1/rocketchip_wrapper_drc_opted.rpt.
report_drc completed successfully
INFO: [Timing 38-480] Writing timing data to binary archive.
Wrote PlaceDB: Time (s): cpu = 00:00:00 ; elapsed = 00:00:00 . Memory (MB): peak = 2972.219 ; gain = 0.000 ; free physical = 8611 ; free virtual = 30933
Wrote PulsedLatchDB: Time (s): cpu = 00:00:00 ; elapsed = 00:00:00 . Memory (MB): peak = 2972.219 ; gain = 0.000 ; free physical = 8611 ; free virtual = 30933
Writing XDEF routing.
Writing XDEF routing logical nets.
Write ShapeDB Complete: Time (s): cpu = 00:00:00.11 ; elapsed = 00:00:00.02 . Memory (MB): peak = 2972.219 ; gain = 0.000 ; free physical = 8610 ; free virtual = 30932
Writing XDEF routing special nets.
Wrote RouteStorage: Time (s): cpu = 00:00:00.14 ; elapsed = 00:00:00.03 . Memory (MB): peak = 2972.219 ; gain = 0.000 ; free physical = 8610 ; free virtual = 30932
Wrote PlaceStorage: Time (s): cpu = 00:00:00.02 ; elapsed = 00:00:00.01 . Memory (MB): peak = 2972.219 ; gain = 0.000 ; free physical = 8610 ; free virtual = 30933
Wrote Netlist Cache: Time (s): cpu = 00:00:00 ; elapsed = 00:00:00 . Memory (MB): peak = 2972.219 ; gain = 0.000 ; free physical = 8609 ; free virtual = 30932
Wrote Device Cache: Time (s): cpu = 00:00:00.03 ; elapsed = 00:00:00.01 . Memory (MB): peak = 2972.219 ; gain = 0.000 ; free physical = 8607 ; free virtual = 30932
Write Physdb Complete: Time (s): cpu = 00:00:00.2 ; elapsed = 00:00:00.05 . Memory (MB): peak = 2972.219 ; gain = 0.000 ; free physical = 8607 ; free virtual = 30932
INFO: [Common 17-1381] The checkpoint '/home/engineer/fpga/worktrees/ips-cache/experiments/IPS-campaign/build-baseline/vivado-project/teaching_pynqz1.runs/impl_1/rocketchip_wrapper_opt.dcp' has been generated.
Command: place_design
Attempting to get a license for feature 'Implementation' and/or device 'xc7z020'
INFO: [Common 17-349] Got license for feature 'Implementation' and/or device 'xc7z020'
INFO: [Common 17-83] Releasing license: Implementation
INFO: [DRC 23-27] Running DRC with 8 threads
INFO: [Vivado_Tcl 4-198] DRC finished with 0 Errors
INFO: [Vivado_Tcl 4-199] Please refer to the DRC report (report_drc) for more information.
INFO: [Timing 38-35] Done setting XDC timing constraints.
Running DRC as a precondition to command place_design
INFO: [DRC 23-27] Running DRC with 8 threads
INFO: [Vivado_Tcl 4-198] DRC finished with 0 Errors
INFO: [Vivado_Tcl 4-199] Please refer to the DRC report (report_drc) for more information.
INFO: [Place 30-611] Multithreading enabled for place_design using a maximum of 8 CPUs

Starting Placer Task

Phase 1 Placer Initialization

Phase 1.1 Placer Initialization Netlist Sorting
Netlist sorting complete. Time (s): cpu = 00:00:00 ; elapsed = 00:00:00 . Memory (MB): peak = 2972.219 ; gain = 0.000 ; free physical = 8617 ; free virtual = 30943
Phase 1.1 Placer Initialization Netlist Sorting | Checksum: 17f92e281

Time (s): cpu = 00:00:00.01 ; elapsed = 00:00:00.01 . Memory (MB): peak = 2972.219 ; gain = 0.000 ; free physical = 8617 ; free virtual = 30943
Netlist sorting complete. Time (s): cpu = 00:00:00 ; elapsed = 00:00:00 . Memory (MB): peak = 2972.219 ; gain = 0.000 ; free physical = 8617 ; free virtual = 30943

Phase 1.2 IO Placement/ Clock Placement/ Build Placer Device
Phase 1.2 IO Placement/ Clock Placement/ Build Placer Device | Checksum: 5dd418a0

Time (s): cpu = 00:00:02 ; elapsed = 00:00:00.83 . Memory (MB): peak = 2972.219 ; gain = 0.000 ; free physical = 8612 ; free virtual = 30942

Phase 1.3 Build Placer Netlist Model
Phase 1.3 Build Placer Netlist Model | Checksum: 156967de5

Time (s): cpu = 00:00:09 ; elapsed = 00:00:03 . Memory (MB): peak = 3011.262 ; gain = 39.043 ; free physical = 8609 ; free virtual = 30941

Phase 1.4 Constrain Clocks/Macros
Phase 1.4 Constrain Clocks/Macros | Checksum: 156967de5

Time (s): cpu = 00:00:09 ; elapsed = 00:00:03 . Memory (MB): peak = 3011.262 ; gain = 39.043 ; free physical = 8609 ; free virtual = 30941
Phase 1 Placer Initialization | Checksum: 156967de5

Time (s): cpu = 00:00:09 ; elapsed = 00:00:03 . Memory (MB): peak = 3011.262 ; gain = 39.043 ; free physical = 8609 ; free virtual = 30941

Phase 2 Global Placement

Phase 2.1 Floorplanning
Phase 2.1 Floorplanning | Checksum: 11a957b00

Time (s): cpu = 00:00:13 ; elapsed = 00:00:04 . Memory (MB): peak = 3011.262 ; gain = 39.043 ; free physical = 8623 ; free virtual = 30955

Phase 2.2 Update Timing before SLR Path Opt
Phase 2.2 Update Timing before SLR Path Opt | Checksum: c9b88926

Time (s): cpu = 00:00:17 ; elapsed = 00:00:05 . Memory (MB): peak = 3011.262 ; gain = 39.043 ; free physical = 8621 ; free virtual = 30954

Phase 2.3 Post-Processing in Floorplanning
Phase 2.3 Post-Processing in Floorplanning | Checksum: c9b88926

Time (s): cpu = 00:00:17 ; elapsed = 00:00:05 . Memory (MB): peak = 3011.262 ; gain = 39.043 ; free physical = 8621 ; free virtual = 30954

Phase 2.4 Global Place Phase1
Phase 2.4 Global Place Phase1 | Checksum: 1102d19bd

Time (s): cpu = 00:00:33 ; elapsed = 00:00:09 . Memory (MB): peak = 3011.262 ; gain = 39.043 ; free physical = 8606 ; free virtual = 30939

Phase 2.5 Global Place Phase2

Phase 2.5.1 UpdateTiming Before Physical Synthesis
Phase 2.5.1 UpdateTiming Before Physical Synthesis | Checksum: 193c04a7a

Time (s): cpu = 00:00:38 ; elapsed = 00:00:10 . Memory (MB): peak = 3011.262 ; gain = 39.043 ; free physical = 8606 ; free virtual = 30940

Phase 2.5.2 Physical Synthesis In Placer
INFO: [Physopt 32-1035] Found 0 LUTNM shape to break, 533 LUT instances to create LUTNM shape
INFO: [Physopt 32-1044] Break lutnm for timing: one critical 0, two critical 0, total 0, new lutff created 0
INFO: [Physopt 32-1138] End 1 Pass. Optimized 186 nets or LUTs. Breaked 0 LUT, combined 186 existing LUTs and moved 0 existing LUT
INFO: [Physopt 32-65] No nets found for high-fanout optimization.
INFO: [Physopt 32-232] Optimized 0 net. Created 0 new instance.
INFO: [Physopt 32-775] End 1 Pass. Optimized 0 net or cell. Created 0 new cell, deleted 0 existing cell and moved 0 existing cell
INFO: [Physopt 32-456] No candidate cells for DSP register optimization found in the design.
INFO: [Physopt 32-775] End 2 Pass. Optimized 0 net or cell. Created 0 new cell, deleted 0 existing cell and moved 0 existing cell
INFO: [Physopt 32-1123] No candidate cells found for Shift Register to Pipeline optimization
INFO: [Physopt 32-775] End 2 Pass. Optimized 0 net or cell. Created 0 new cell, deleted 0 existing cell and moved 0 existing cell
INFO: [Physopt 32-1401] No candidate cells found for Shift Register optimization.
INFO: [Physopt 32-677] No candidate cells for Shift Register optimization found in the design
INFO: [Physopt 32-775] End 1 Pass. Optimized 0 net or cell. Created 0 new cell, deleted 0 existing cell and moved 0 existing cell
INFO: [Physopt 32-526] No candidate cells for BRAM register optimization found in the design
INFO: [Physopt 32-775] End 1 Pass. Optimized 0 net or cell. Created 0 new cell, deleted 0 existing cell and moved 0 existing cell
INFO: [Physopt 32-846] No candidate cells for URAM register optimization found in the design
INFO: [Physopt 32-775] End 1 Pass. Optimized 0 net or cell. Created 0 new cell, deleted 0 existing cell and moved 0 existing cell
INFO: [Physopt 32-846] No candidate cells for URAM register optimization found in the design
INFO: [Physopt 32-775] End 1 Pass. Optimized 0 net or cell. Created 0 new cell, deleted 0 existing cell and moved 0 existing cell
INFO: [Physopt 32-949] No candidate nets found for dynamic/static region interface net replication
INFO: [Physopt 32-775] End 1 Pass. Optimized 0 net or cell. Created 0 new cell, deleted 0 existing cell and moved 0 existing cell
Netlist sorting complete. Time (s): cpu = 00:00:00.01 ; elapsed = 00:00:00 . Memory (MB): peak = 3011.262 ; gain = 0.000 ; free physical = 8604 ; free virtual = 30940

Summary of Physical Synthesis Optimizations
============================================


-----------------------------------------------------------------------------------------------------------------------------------------------------------
|  Optimization                                     |  Added Cells  |  Removed Cells  |  Optimized Cells/Nets  |  Dont Touch  |  Iterations  |  Elapsed   |
-----------------------------------------------------------------------------------------------------------------------------------------------------------
|  LUT Combining                                    |            0  |            186  |                   186  |           0  |           1  |  00:00:00  |
|  Retime                                           |            0  |              0  |                     0  |           0  |           1  |  00:00:00  |
|  Very High Fanout                                 |            0  |              0  |                     0  |           0  |           1  |  00:00:00  |
|  DSP Register                                     |            0  |              0  |                     0  |           0  |           1  |  00:00:00  |
|  Shift Register to Pipeline                       |            0  |              0  |                     0  |           0  |           1  |  00:00:00  |
|  Shift Register                                   |            0  |              0  |                     0  |           0  |           1  |  00:00:00  |
|  BRAM Register                                    |            0  |              0  |                     0  |           0  |           1  |  00:00:00  |
|  URAM Register                                    |            0  |              0  |                     0  |           0  |           1  |  00:00:00  |
|  Dynamic/Static Region Interface Net Replication  |            0  |              0  |                     0  |           0  |           1  |  00:00:00  |
|  Total                                            |            0  |            186  |                   186  |           0  |           9  |  00:00:01  |
-----------------------------------------------------------------------------------------------------------------------------------------------------------


Phase 2.5.2 Physical Synthesis In Placer | Checksum: abcb6dfd

Time (s): cpu = 00:00:43 ; elapsed = 00:00:12 . Memory (MB): peak = 3011.262 ; gain = 39.043 ; free physical = 8605 ; free virtual = 30942
Phase 2.5 Global Place Phase2 | Checksum: da8141b8

Time (s): cpu = 00:00:45 ; elapsed = 00:00:13 . Memory (MB): peak = 3011.262 ; gain = 39.043 ; free physical = 8606 ; free virtual = 30943
Phase 2 Global Placement | Checksum: da8141b8

Time (s): cpu = 00:00:45 ; elapsed = 00:00:13 . Memory (MB): peak = 3011.262 ; gain = 39.043 ; free physical = 8606 ; free virtual = 30943

Phase 3 Detail Placement

Phase 3.1 Commit Multi Column Macros
Phase 3.1 Commit Multi Column Macros | Checksum: 10e2b8744

Time (s): cpu = 00:00:49 ; elapsed = 00:00:14 . Memory (MB): peak = 3011.262 ; gain = 39.043 ; free physical = 8606 ; free virtual = 30943

Phase 3.2 Commit Most Macros & LUTRAMs
Phase 3.2 Commit Most Macros & LUTRAMs | Checksum: 1294e8fad

Time (s): cpu = 00:00:57 ; elapsed = 00:00:16 . Memory (MB): peak = 3011.262 ; gain = 39.043 ; free physical = 8604 ; free virtual = 30943

Phase 3.3 Area Swap Optimization
Phase 3.3 Area Swap Optimization | Checksum: 192f47235

Time (s): cpu = 00:00:57 ; elapsed = 00:00:16 . Memory (MB): peak = 3011.262 ; gain = 39.043 ; free physical = 8605 ; free virtual = 30943

Phase 3.4 Pipeline Register Optimization
Phase 3.4 Pipeline Register Optimization | Checksum: d979927e

Time (s): cpu = 00:00:57 ; elapsed = 00:00:16 . Memory (MB): peak = 3011.262 ; gain = 39.043 ; free physical = 8605 ; free virtual = 30944

Phase 3.5 Fast Optimization
Phase 3.5 Fast Optimization | Checksum: 105093ab3

Time (s): cpu = 00:01:05 ; elapsed = 00:00:17 . Memory (MB): peak = 3011.262 ; gain = 39.043 ; free physical = 8599 ; free virtual = 30938

Phase 3.6 Small Shape Detail Placement
Phase 3.6 Small Shape Detail Placement | Checksum: 12b9a0903

Time (s): cpu = 00:01:12 ; elapsed = 00:00:23 . Memory (MB): peak = 3011.262 ; gain = 39.043 ; free physical = 8601 ; free virtual = 30941

Phase 3.7 Re-assign LUT pins
Phase 3.7 Re-assign LUT pins | Checksum: 14e44c361

Time (s): cpu = 00:01:13 ; elapsed = 00:00:25 . Memory (MB): peak = 3011.262 ; gain = 39.043 ; free physical = 8602 ; free virtual = 30942

Phase 3.8 Pipeline Register Optimization
Phase 3.8 Pipeline Register Optimization | Checksum: 210c7e32a

Time (s): cpu = 00:01:13 ; elapsed = 00:00:25 . Memory (MB): peak = 3011.262 ; gain = 39.043 ; free physical = 8602 ; free virtual = 30942

Phase 3.9 Fast Optimization
Phase 3.9 Fast Optimization | Checksum: 1c80e637d

Time (s): cpu = 00:01:25 ; elapsed = 00:00:27 . Memory (MB): peak = 3011.262 ; gain = 39.043 ; free physical = 8599 ; free virtual = 30939
Phase 3 Detail Placement | Checksum: 1c80e637d

Time (s): cpu = 00:01:25 ; elapsed = 00:00:27 . Memory (MB): peak = 3011.262 ; gain = 39.043 ; free physical = 8599 ; free virtual = 30939

Phase 4 Post Placement Optimization and Clean-Up

Phase 4.1 Post Commit Optimization
INFO: [Timing 38-35] Done setting XDC timing constraints.

Phase 4.1.1 Post Placement Optimization
Post Placement Optimization Initialization | Checksum: 250f72a1e

Phase 4.1.1.1 BUFG Insertion

Starting Physical Synthesis Task

Phase 1 Physical Synthesis Initialization
INFO: [Physopt 32-721] Multithreading enabled for phys_opt_design using a maximum of 8 CPUs
INFO: [Physopt 32-619] Estimated Timing Summary | WNS=-0.033 | TNS=-0.033 |
Phase 1 Physical Synthesis Initialization | Checksum: 1e3d736a9

Time (s): cpu = 00:00:00.7 ; elapsed = 00:00:00.16 . Memory (MB): peak = 3011.262 ; gain = 0.000 ; free physical = 8599 ; free virtual = 30939
INFO: [Place 46-33] Processed net top/teaching_board_top/target/bridgeV2/cpuV2_reset, BUFG insertion was skipped due to placement/routing conflicts.
INFO: [Place 46-56] BUFG insertion identified 1 candidate nets. Inserted BUFG: 0, Replicated BUFG Driver: 0, Skipped due to Placement/Routing Conflicts: 1, Skipped due to Timing Degradation: 0, Skipped due to netlist editing failed: 0.
Ending Physical Synthesis Task | Checksum: 1e1459574

Time (s): cpu = 00:00:01 ; elapsed = 00:00:00.35 . Memory (MB): peak = 3011.262 ; gain = 0.000 ; free physical = 8599 ; free virtual = 30939
Phase 4.1.1.1 BUFG Insertion | Checksum: 250f72a1e

Time (s): cpu = 00:01:34 ; elapsed = 00:00:29 . Memory (MB): peak = 3011.262 ; gain = 39.043 ; free physical = 8599 ; free virtual = 30939

Phase 4.1.1.2 Post Placement Timing Optimization
INFO: [Place 30-746] Post Placement Timing Summary WNS=0.538. For the most accurate timing information please run report_timing.
Phase 4.1.1.2 Post Placement Timing Optimization | Checksum: 15595b044

Time (s): cpu = 00:01:35 ; elapsed = 00:00:30 . Memory (MB): peak = 3011.262 ; gain = 39.043 ; free physical = 8599 ; free virtual = 30939

Time (s): cpu = 00:01:35 ; elapsed = 00:00:30 . Memory (MB): peak = 3011.262 ; gain = 39.043 ; free physical = 8599 ; free virtual = 30939
Phase 4.1 Post Commit Optimization | Checksum: 15595b044

Time (s): cpu = 00:01:35 ; elapsed = 00:00:30 . Memory (MB): peak = 3011.262 ; gain = 39.043 ; free physical = 8599 ; free virtual = 30939

Phase 4.2 Post Placement Cleanup
Phase 4.2 Post Placement Cleanup | Checksum: 15595b044

Time (s): cpu = 00:01:36 ; elapsed = 00:00:30 . Memory (MB): peak = 3011.262 ; gain = 39.043 ; free physical = 8599 ; free virtual = 30939

Phase 4.3 Placer Reporting

Phase 4.3.1 Print Estimated Congestion
INFO: [Place 30-612] Post-Placement Estimated Congestion 
 ____________________________________________________
|           | Global Congestion | Short Congestion  |
| Direction | Region Size       | Region Size       |
|___________|___________________|___________________|
|      North|                1x1|                2x2|
|___________|___________________|___________________|
|      South|                1x1|                1x1|
|___________|___________________|___________________|
|       East|                1x1|                2x2|
|___________|___________________|___________________|
|       West|                1x1|                1x1|
|___________|___________________|___________________|

Phase 4.3.1 Print Estimated Congestion | Checksum: 15595b044

Time (s): cpu = 00:01:36 ; elapsed = 00:00:30 . Memory (MB): peak = 3011.262 ; gain = 39.043 ; free physical = 8599 ; free virtual = 30939
Phase 4.3 Placer Reporting | Checksum: 15595b044

Time (s): cpu = 00:01:36 ; elapsed = 00:00:30 . Memory (MB): peak = 3011.262 ; gain = 39.043 ; free physical = 8599 ; free virtual = 30939

Phase 4.4 Final Placement Cleanup
Netlist sorting complete. Time (s): cpu = 00:00:00.01 ; elapsed = 00:00:00.01 . Memory (MB): peak = 3011.262 ; gain = 0.000 ; free physical = 8599 ; free virtual = 30939

Time (s): cpu = 00:01:36 ; elapsed = 00:00:30 . Memory (MB): peak = 3011.262 ; gain = 39.043 ; free physical = 8599 ; free virtual = 30939
Phase 4 Post Placement Optimization and Clean-Up | Checksum: b8033974

Time (s): cpu = 00:01:36 ; elapsed = 00:00:30 . Memory (MB): peak = 3011.262 ; gain = 39.043 ; free physical = 8599 ; free virtual = 30940
Ending Placer Task | Checksum: 644ea72c

Time (s): cpu = 00:01:36 ; elapsed = 00:00:30 . Memory (MB): peak = 3011.262 ; gain = 39.043 ; free physical = 8599 ; free virtual = 30940
85 Infos, 0 Warnings, 0 Critical Warnings and 0 Errors encountered.
place_design completed successfully
place_design: Time (s): cpu = 00:01:39 ; elapsed = 00:00:31 . Memory (MB): peak = 3011.262 ; gain = 39.043 ; free physical = 8599 ; free virtual = 30940
INFO: [Vivado 12-24838] Running report commands "report_control_sets, report_io, report_utilization" in parallel.
Running report generation with 3 threads.
INFO: [Vivado 12-24828] Executing command : report_control_sets -verbose -file rocketchip_wrapper_control_sets_placed.rpt
report_control_sets: Time (s): cpu = 00:00:00.17 ; elapsed = 00:00:00.09 . Memory (MB): peak = 3011.262 ; gain = 0.000 ; free physical = 8591 ; free virtual = 30932
INFO: [Vivado 12-24828] Executing command : report_io -file rocketchip_wrapper_io_placed.rpt
report_io: Time (s): cpu = 00:00:00.26 ; elapsed = 00:00:00.16 . Memory (MB): peak = 3011.262 ; gain = 0.000 ; free physical = 8581 ; free virtual = 30921
INFO: [Vivado 12-24828] Executing command : report_utilization -file rocketchip_wrapper_utilization_placed.rpt -pb rocketchip_wrapper_utilization_placed.pb
INFO: [Timing 38-480] Writing timing data to binary archive.
Wrote PlaceDB: Time (s): cpu = 00:00:00 ; elapsed = 00:00:00 . Memory (MB): peak = 3011.262 ; gain = 0.000 ; free physical = 8581 ; free virtual = 30921
Wrote PulsedLatchDB: Time (s): cpu = 00:00:00 ; elapsed = 00:00:00 . Memory (MB): peak = 3011.262 ; gain = 0.000 ; free physical = 8581 ; free virtual = 30921
Writing XDEF routing.
Writing XDEF routing logical nets.
Write ShapeDB Complete: Time (s): cpu = 00:00:00.16 ; elapsed = 00:00:00.03 . Memory (MB): peak = 3011.262 ; gain = 0.000 ; free physical = 8580 ; free virtual = 30923
Writing XDEF routing special nets.
Wrote RouteStorage: Time (s): cpu = 00:00:00.17 ; elapsed = 00:00:00.04 . Memory (MB): peak = 3011.262 ; gain = 0.000 ; free physical = 8580 ; free virtual = 30923
Wrote PlaceStorage: Time (s): cpu = 00:00:02 ; elapsed = 00:00:00.56 . Memory (MB): peak = 3011.262 ; gain = 0.000 ; free physical = 8566 ; free virtual = 30926
Wrote Netlist Cache: Time (s): cpu = 00:00:00.04 ; elapsed = 00:00:00.02 . Memory (MB): peak = 3011.262 ; gain = 0.000 ; free physical = 8559 ; free virtual = 30921
Wrote Device Cache: Time (s): cpu = 00:00:00.01 ; elapsed = 00:00:00 . Memory (MB): peak = 3011.262 ; gain = 0.000 ; free physical = 8559 ; free virtual = 30922
Write Physdb Complete: Time (s): cpu = 00:00:02 ; elapsed = 00:00:00.63 . Memory (MB): peak = 3011.262 ; gain = 0.000 ; free physical = 8559 ; free virtual = 30922
INFO: [Common 17-1381] The checkpoint '/home/engineer/fpga/worktrees/ips-cache/experiments/IPS-campaign/build-baseline/vivado-project/teaching_pynqz1.runs/impl_1/rocketchip_wrapper_placed.dcp' has been generated.
Command: phys_opt_design
Attempting to get a license for feature 'Implementation' and/or device 'xc7z020'
INFO: [Common 17-349] Got license for feature 'Implementation' and/or device 'xc7z020'

Starting Initial Update Timing Task

Time (s): cpu = 00:00:07 ; elapsed = 00:00:01 . Memory (MB): peak = 3011.262 ; gain = 0.000 ; free physical = 8579 ; free virtual = 30927
INFO: [Vivado_Tcl 4-2279] Estimated Timing Summary | WNS= 0.538 | TNS= 0.000 | 
INFO: [Vivado_Tcl 4-383] Design worst setup slack (WNS) is greater than or equal to 0.000 ns. All physical synthesis setup optimizations will be skipped.
INFO: [Vivado_Tcl 4-232] No setup violation found. The netlist was not modified.
INFO: [Common 17-83] Releasing license: Implementation
96 Infos, 0 Warnings, 0 Critical Warnings and 0 Errors encountered.
phys_opt_design completed successfully
INFO: [Timing 38-480] Writing timing data to binary archive.
Wrote PlaceDB: Time (s): cpu = 00:00:00 ; elapsed = 00:00:00 . Memory (MB): peak = 3011.262 ; gain = 0.000 ; free physical = 8579 ; free virtual = 30927
Wrote PulsedLatchDB: Time (s): cpu = 00:00:00.01 ; elapsed = 00:00:00 . Memory (MB): peak = 3011.262 ; gain = 0.000 ; free physical = 8579 ; free virtual = 30927
Writing XDEF routing.
Writing XDEF routing logical nets.
Write ShapeDB Complete: Time (s): cpu = 00:00:00.14 ; elapsed = 00:00:00.03 . Memory (MB): peak = 3011.262 ; gain = 0.000 ; free physical = 8578 ; free virtual = 30928
Writing XDEF routing special nets.
Wrote RouteStorage: Time (s): cpu = 00:00:00.15 ; elapsed = 00:00:00.03 . Memory (MB): peak = 3011.262 ; gain = 0.000 ; free physical = 8578 ; free virtual = 30928
Wrote PlaceStorage: Time (s): cpu = 00:00:02 ; elapsed = 00:00:00.56 . Memory (MB): peak = 3011.262 ; gain = 0.000 ; free physical = 8561 ; free virtual = 30928
Wrote Netlist Cache: Time (s): cpu = 00:00:00.03 ; elapsed = 00:00:00.02 . Memory (MB): peak = 3011.262 ; gain = 0.000 ; free physical = 8561 ; free virtual = 30930
Wrote Device Cache: Time (s): cpu = 00:00:00.01 ; elapsed = 00:00:00 . Memory (MB): peak = 3011.262 ; gain = 0.000 ; free physical = 8560 ; free virtual = 30930
Write Physdb Complete: Time (s): cpu = 00:00:02 ; elapsed = 00:00:00.62 . Memory (MB): peak = 3011.262 ; gain = 0.000 ; free physical = 8560 ; free virtual = 30930
INFO: [Common 17-1381] The checkpoint '/home/engineer/fpga/worktrees/ips-cache/experiments/IPS-campaign/build-baseline/vivado-project/teaching_pynqz1.runs/impl_1/rocketchip_wrapper_physopt.dcp' has been generated.
Command: route_design
Attempting to get a license for feature 'Implementation' and/or device 'xc7z020'
INFO: [Common 17-349] Got license for feature 'Implementation' and/or device 'xc7z020'


Starting Routing Task
INFO: [Route 35-254] Multithreading enabled for route_design using a maximum of 8 CPUs

Phase 1 Build RT Design
Checksum: PlaceDB: b6d56f8 ConstDB: 0 ShapeSum: 42e7dd44 RouteDB: 15f972f0
Post Restoration Checksum: NetGraph: 52e65bf8 | NumContArr: 7fe020c4 | Constraints: c2a8fa9d | Timing: c2a8fa9d
Phase 1 Build RT Design | Checksum: 2581871f6

Time (s): cpu = 00:00:27 ; elapsed = 00:00:18 . Memory (MB): peak = 3011.262 ; gain = 0.000 ; free physical = 8534 ; free virtual = 30892

Phase 2 Router Initialization

Phase 2.1 Fix Topology Constraints
Phase 2.1 Fix Topology Constraints | Checksum: 2581871f6

Time (s): cpu = 00:00:28 ; elapsed = 00:00:18 . Memory (MB): peak = 3011.262 ; gain = 0.000 ; free physical = 8534 ; free virtual = 30892

Phase 2.2 Pre Route Cleanup
Phase 2.2 Pre Route Cleanup | Checksum: 2581871f6

Time (s): cpu = 00:00:28 ; elapsed = 00:00:18 . Memory (MB): peak = 3011.262 ; gain = 0.000 ; free physical = 8534 ; free virtual = 30892
 Number of Nodes with overlaps = 0

Phase 2.3 Update Timing
Phase 2.3 Update Timing | Checksum: 2dfc6e36f

Time (s): cpu = 00:00:38 ; elapsed = 00:00:20 . Memory (MB): peak = 3011.262 ; gain = 0.000 ; free physical = 8526 ; free virtual = 30885
INFO: [Route 35-416] Intermediate Timing Summary | WNS=0.947  | TNS=0.000  | WHS=-0.182 | THS=-153.179|


Phase 2.4 Soft Constraint Pins - Fast Budgeting
Phase 2.4 Soft Constraint Pins - Fast Budgeting | Checksum: 260e41934

Time (s): cpu = 00:00:41 ; elapsed = 00:00:21 . Memory (MB): peak = 3011.262 ; gain = 0.000 ; free physical = 8524 ; free virtual = 30883

Router Utilization Summary
  Global Vertical Routing Utilization    = 0 %
  Global Horizontal Routing Utilization  = 0 %
  Routable Net Status*
  *Does not include unroutable nets such as driverless and loadless.
  Run report_route_status for detailed report.
  Number of Failed Nets               = 19627
    (Failed Nets is the sum of unrouted and partially routed nets)
  Number of Unrouted Nets             = 19627
  Number of Partially Routed Nets     = 0
  Number of Node Overlaps             = 0

Phase 2 Router Initialization | Checksum: 2d47825ea

Time (s): cpu = 00:00:42 ; elapsed = 00:00:21 . Memory (MB): peak = 3011.262 ; gain = 0.000 ; free physical = 8522 ; free virtual = 30881

Phase 3 Global Routing
Phase 3 Global Routing | Checksum: 2d47825ea

Time (s): cpu = 00:00:42 ; elapsed = 00:00:21 . Memory (MB): peak = 3011.262 ; gain = 0.000 ; free physical = 8522 ; free virtual = 30881

Phase 4 Initial Routing

Phase 4.1 Initial Net Routing Pass
Phase 4.1 Initial Net Routing Pass | Checksum: 163ca3bef

Time (s): cpu = 00:00:47 ; elapsed = 00:00:22 . Memory (MB): peak = 3011.262 ; gain = 0.000 ; free physical = 8522 ; free virtual = 30881
Phase 4 Initial Routing | Checksum: 163ca3bef

Time (s): cpu = 00:00:47 ; elapsed = 00:00:22 . Memory (MB): peak = 3011.262 ; gain = 0.000 ; free physical = 8522 ; free virtual = 30881

Phase 5 Rip-up And Reroute

Phase 5.1 Global Iteration 0
 Number of Nodes with overlaps = 3283
 Number of Nodes with overlaps = 308
 Number of Nodes with overlaps = 96
 Number of Nodes with overlaps = 31
 Number of Nodes with overlaps = 10
 Number of Nodes with overlaps = 2
 Number of Nodes with overlaps = 1
 Number of Nodes with overlaps = 0
INFO: [Route 35-416] Intermediate Timing Summary | WNS=-0.045 | TNS=-0.045 | WHS=N/A    | THS=N/A    |

Phase 5.1 Global Iteration 0 | Checksum: 266a7de92

Time (s): cpu = 00:01:06 ; elapsed = 00:00:33 . Memory (MB): peak = 3011.262 ; gain = 0.000 ; free physical = 8519 ; free virtual = 30878

Phase 5.2 Global Iteration 1
 Number of Nodes with overlaps = 224
 Number of Nodes with overlaps = 102
 Number of Nodes with overlaps = 28
 Number of Nodes with overlaps = 9
 Number of Nodes with overlaps = 2
 Number of Nodes with overlaps = 0
INFO: [Route 35-416] Intermediate Timing Summary | WNS=0.719  | TNS=0.000  | WHS=N/A    | THS=N/A    |

Phase 5.2 Global Iteration 1 | Checksum: 2398f85ec

Time (s): cpu = 00:01:10 ; elapsed = 00:00:35 . Memory (MB): peak = 3011.262 ; gain = 0.000 ; free physical = 8518 ; free virtual = 30878
Phase 5 Rip-up And Reroute | Checksum: 2398f85ec

Time (s): cpu = 00:01:10 ; elapsed = 00:00:35 . Memory (MB): peak = 3011.262 ; gain = 0.000 ; free physical = 8518 ; free virtual = 30878

Phase 6 Delay and Skew Optimization

Phase 6.1 Delay CleanUp

Phase 6.1.1 Update Timing
Phase 6.1.1 Update Timing | Checksum: 2e2fb10e1

Time (s): cpu = 00:01:11 ; elapsed = 00:00:35 . Memory (MB): peak = 3011.262 ; gain = 0.000 ; free physical = 8518 ; free virtual = 30878
INFO: [Route 35-416] Intermediate Timing Summary | WNS=0.732  | TNS=0.000  | WHS=N/A    | THS=N/A    |

Phase 6.1 Delay CleanUp | Checksum: 2e2fb10e1

Time (s): cpu = 00:01:11 ; elapsed = 00:00:35 . Memory (MB): peak = 3011.262 ; gain = 0.000 ; free physical = 8518 ; free virtual = 30878

Phase 6.2 Clock Skew Optimization
Phase 6.2 Clock Skew Optimization | Checksum: 2e2fb10e1

Time (s): cpu = 00:01:11 ; elapsed = 00:00:35 . Memory (MB): peak = 3011.262 ; gain = 0.000 ; free physical = 8518 ; free virtual = 30878
Phase 6 Delay and Skew Optimization | Checksum: 2e2fb10e1

Time (s): cpu = 00:01:11 ; elapsed = 00:00:35 . Memory (MB): peak = 3011.262 ; gain = 0.000 ; free physical = 8518 ; free virtual = 30878

Phase 7 Post Hold Fix

Phase 7.1 Hold Fix Iter
INFO: [Route 35-416] Intermediate Timing Summary | WNS=0.732  | TNS=0.000  | WHS=0.022  | THS=0.000  |

Phase 7.1 Hold Fix Iter | Checksum: 2a0342cd6

Time (s): cpu = 00:01:13 ; elapsed = 00:00:36 . Memory (MB): peak = 3011.262 ; gain = 0.000 ; free physical = 8519 ; free virtual = 30879
Phase 7 Post Hold Fix | Checksum: 2a0342cd6

Time (s): cpu = 00:01:13 ; elapsed = 00:00:36 . Memory (MB): peak = 3011.262 ; gain = 0.000 ; free physical = 8519 ; free virtual = 30879

Phase 8 Route finalize

Router Utilization Summary
  Global Vertical Routing Utilization    = 5.382 %
  Global Horizontal Routing Utilization  = 7.36722 %
  Routable Net Status*
  *Does not include unroutable nets such as driverless and loadless.
  Run report_route_status for detailed report.
  Number of Failed Nets               = 0
    (Failed Nets is the sum of unrouted and partially routed nets)
  Number of Unrouted Nets             = 0
  Number of Partially Routed Nets     = 0
  Number of Node Overlaps             = 0

Phase 8 Route finalize | Checksum: 2a0342cd6

Time (s): cpu = 00:01:13 ; elapsed = 00:00:36 . Memory (MB): peak = 3011.262 ; gain = 0.000 ; free physical = 8519 ; free virtual = 30879

Phase 9 Verifying routed nets

 Verification completed successfully
Phase 9 Verifying routed nets | Checksum: 2a0342cd6

Time (s): cpu = 00:01:13 ; elapsed = 00:00:36 . Memory (MB): peak = 3011.262 ; gain = 0.000 ; free physical = 8519 ; free virtual = 30879

Phase 10 Depositing Routes
Phase 10 Depositing Routes | Checksum: 1e701f91a

Time (s): cpu = 00:01:16 ; elapsed = 00:00:37 . Memory (MB): peak = 3011.262 ; gain = 0.000 ; free physical = 8519 ; free virtual = 30879

Phase 11 Post Process Routing
Phase 11 Post Process Routing | Checksum: 1e701f91a

Time (s): cpu = 00:01:16 ; elapsed = 00:00:37 . Memory (MB): peak = 3011.262 ; gain = 0.000 ; free physical = 8519 ; free virtual = 30879

Phase 12 Post Router Timing
INFO: [Route 35-57] Estimated Timing Summary | WNS=0.732  | TNS=0.000  | WHS=0.022  | THS=0.000  |

INFO: [Route 35-327] The final timing numbers are based on the router estimated timing analysis. For a complete and accurate timing signoff, please run report_timing_summary.
Phase 12 Post Router Timing | Checksum: 1e701f91a

Time (s): cpu = 00:01:16 ; elapsed = 00:00:37 . Memory (MB): peak = 3011.262 ; gain = 0.000 ; free physical = 8519 ; free virtual = 30879
Total Elapsed time in route_design: 37.39 secs

Phase 13 Post-Route Event Processing
Phase 13 Post-Route Event Processing | Checksum: 206086083

Time (s): cpu = 00:01:16 ; elapsed = 00:00:37 . Memory (MB): peak = 3011.262 ; gain = 0.000 ; free physical = 8519 ; free virtual = 30879
INFO: [Route 35-16] Router Completed Successfully
Ending Routing Task | Checksum: 206086083

Time (s): cpu = 00:01:16 ; elapsed = 00:00:37 . Memory (MB): peak = 3011.262 ; gain = 0.000 ; free physical = 8519 ; free virtual = 30879

Routing Is Done.
INFO: [Common 17-83] Releasing license: Implementation
109 Infos, 0 Warnings, 0 Critical Warnings and 0 Errors encountered.
route_design completed successfully
route_design: Time (s): cpu = 00:01:16 ; elapsed = 00:00:38 . Memory (MB): peak = 3011.262 ; gain = 0.000 ; free physical = 8518 ; free virtual = 30878
INFO: [Vivado 12-24828] Executing command : report_drc -file rocketchip_wrapper_drc_routed.rpt -pb rocketchip_wrapper_drc_routed.pb -rpx rocketchip_wrapper_drc_routed.rpx
Command: report_drc -file rocketchip_wrapper_drc_routed.rpt -pb rocketchip_wrapper_drc_routed.pb -rpx rocketchip_wrapper_drc_routed.rpx
INFO: [IP_Flow 19-1839] IP Catalog is up to date.
INFO: [DRC 23-27] Running DRC with 8 threads
INFO: [Vivado_Tcl 2-168] The results of DRC are in file /home/engineer/fpga/worktrees/ips-cache/experiments/IPS-campaign/build-baseline/vivado-project/teaching_pynqz1.runs/impl_1/rocketchip_wrapper_drc_routed.rpt.
report_drc completed successfully
INFO: [Vivado 12-24828] Executing command : report_methodology -file rocketchip_wrapper_methodology_drc_routed.rpt -pb rocketchip_wrapper_methodology_drc_routed.pb -rpx rocketchip_wrapper_methodology_drc_routed.rpx
Command: report_methodology -file rocketchip_wrapper_methodology_drc_routed.rpt -pb rocketchip_wrapper_methodology_drc_routed.pb -rpx rocketchip_wrapper_methodology_drc_routed.rpx
INFO: [Timing 38-35] Done setting XDC timing constraints.
INFO: [DRC 23-133] Running Methodology with 8 threads
INFO: [Vivado_Tcl 2-1520] The results of Report Methodology are in file /home/engineer/fpga/worktrees/ips-cache/experiments/IPS-campaign/build-baseline/vivado-project/teaching_pynqz1.runs/impl_1/rocketchip_wrapper_methodology_drc_routed.rpt.
report_methodology completed successfully
INFO: [Vivado 12-24828] Executing command : report_timing_summary -max_paths 10 -routable_nets -report_unconstrained -file rocketchip_wrapper_timing_summary_routed.rpt -pb rocketchip_wrapper_timing_summary_routed.pb -rpx rocketchip_wrapper_timing_summary_routed.rpx -warn_on_violation 
INFO: [Timing 38-35] Done setting XDC timing constraints.
INFO: [Timing 38-91] UpdateTimingParams: Speed grade: -1, Delay Type: min_max.
INFO: [Timing 38-191] Multithreading enabled for timing update using a maximum of 8 CPUs
INFO: [Vivado 12-24838] Running report commands "report_bus_skew, report_incremental_reuse, report_route_status" in parallel.
Running report generation with 3 threads.
INFO: [Vivado 12-24828] Executing command : report_incremental_reuse -file rocketchip_wrapper_incremental_reuse_routed.rpt
INFO: [Vivado_Tcl 4-1062] Incremental flow is disabled. No incremental reuse Info to report.
INFO: [Vivado 12-24828] Executing command : report_bus_skew -warn_on_violation -file rocketchip_wrapper_bus_skew_routed.rpt -pb rocketchip_wrapper_bus_skew_routed.pb -rpx rocketchip_wrapper_bus_skew_routed.rpx
INFO: [Timing 38-91] UpdateTimingParams: Speed grade: -1, Delay Type: min_max.
INFO: [Timing 38-191] Multithreading enabled for timing update using a maximum of 8 CPUs
INFO: [Vivado 12-24828] Executing command : report_route_status -file rocketchip_wrapper_route_status.rpt -pb rocketchip_wrapper_route_status.pb
INFO: [Vivado 12-24828] Executing command : report_power -file rocketchip_wrapper_power_routed.rpt -pb rocketchip_wrapper_power_summary_routed.pb -rpx rocketchip_wrapper_power_routed.rpx
Command: report_power -file rocketchip_wrapper_power_routed.rpt -pb rocketchip_wrapper_power_summary_routed.pb -rpx rocketchip_wrapper_power_routed.rpx
Running Vector-less Activity Propagation...

Finished Running Vector-less Activity Propagation
WARNING: [Power 33-332] Found switching activity that implies high-fanout reset nets being asserted for excessive periods of time which may result in inaccurate power analysis.
Resolution: To review and fix problems, please run Power Constraints Advisor in the GUI from Tools > Power Constraints Advisor or run report_power with the -advisory option to generate a text report.
129 Infos, 1 Warnings, 0 Critical Warnings and 0 Errors encountered.
report_power completed successfully
INFO: [Vivado 12-24828] Executing command : report_clock_utilization -file rocketchip_wrapper_clock_utilization_routed.rpt
generate_parallel_reports: Time (s): cpu = 00:00:36 ; elapsed = 00:00:11 . Memory (MB): peak = 3068.980 ; gain = 57.719 ; free physical = 8433 ; free virtual = 30802
INFO: [Timing 38-480] Writing timing data to binary archive.
Wrote PlaceDB: Time (s): cpu = 00:00:00 ; elapsed = 00:00:00 . Memory (MB): peak = 3068.980 ; gain = 0.000 ; free physical = 8432 ; free virtual = 30802
Wrote PulsedLatchDB: Time (s): cpu = 00:00:00 ; elapsed = 00:00:00 . Memory (MB): peak = 3068.980 ; gain = 0.000 ; free physical = 8432 ; free virtual = 30802
Writing XDEF routing.
Writing XDEF routing logical nets.
Write ShapeDB Complete: Time (s): cpu = 00:00:00.14 ; elapsed = 00:00:00.04 . Memory (MB): peak = 3068.980 ; gain = 0.000 ; free physical = 8430 ; free virtual = 30802
Writing XDEF routing special nets.
Wrote RouteStorage: Time (s): cpu = 00:00:01 ; elapsed = 00:00:00.27 . Memory (MB): peak = 3068.980 ; gain = 0.000 ; free physical = 8424 ; free virtual = 30804
Wrote PlaceStorage: Time (s): cpu = 00:00:01 ; elapsed = 00:00:00.55 . Memory (MB): peak = 3068.980 ; gain = 0.000 ; free physical = 8407 ; free virtual = 30800
Wrote Netlist Cache: Time (s): cpu = 00:00:00.02 ; elapsed = 00:00:00.01 . Memory (MB): peak = 3068.980 ; gain = 0.000 ; free physical = 8407 ; free virtual = 30801
Wrote Device Cache: Time (s): cpu = 00:00:00.01 ; elapsed = 00:00:00.01 . Memory (MB): peak = 3068.980 ; gain = 0.000 ; free physical = 8407 ; free virtual = 30803
Write Physdb Complete: Time (s): cpu = 00:00:03 ; elapsed = 00:00:00.84 . Memory (MB): peak = 3068.980 ; gain = 0.000 ; free physical = 8407 ; free virtual = 30803
INFO: [Common 17-1381] The checkpoint '/home/engineer/fpga/worktrees/ips-cache/experiments/IPS-campaign/build-baseline/vivado-project/teaching_pynqz1.runs/impl_1/rocketchip_wrapper_routed.dcp' has been generated.
Command: write_bitstream -force rocketchip_wrapper.bit
Attempting to get a license for feature 'Implementation' and/or device 'xc7z020'
INFO: [Common 17-349] Got license for feature 'Implementation' and/or device 'xc7z020'
Running DRC as a precondition to command write_bitstream
INFO: [IP_Flow 19-1839] IP Catalog is up to date.
INFO: [DRC 23-27] Running DRC with 8 threads
INFO: [Vivado 12-3199] DRC finished with 0 Errors
INFO: [Vivado 12-3200] Please refer to the DRC report (report_drc) for more information.
Integrating Hard IP ELF/MEM with the PDI.
INFO: [Designutils 20-2272] Running write_bitstream with 8 threads.
Loading data files...
Loading site data...
Loading route data...
Processing options...
Creating bitmap...
Creating bitstream...
Writing bitstream ./rocketchip_wrapper.bit...
INFO: [Vivado 12-1842] Bitgen Completed Successfully.
INFO: [Common 17-83] Releasing license: Implementation
140 Infos, 1 Warnings, 0 Critical Warnings and 0 Errors encountered.
write_bitstream completed successfully
write_bitstream: Time (s): cpu = 00:00:29 ; elapsed = 00:00:28 . Memory (MB): peak = 3371.473 ; gain = 302.492 ; free physical = 8102 ; free virtual = 30485
INFO: [Common 17-206] Exiting Vivado at Thu Sep 24 23:52:33 2026...
[Thu Sep 24 23:52:38 2026] impl_1 finished
wait_on_runs: Time (s): cpu = 00:00:01 ; elapsed = 00:02:20 . Memory (MB): peak = 2816.656 ; gain = 0.000 ; free physical = 10269 ; free virtual = 32651
# set st [get_property STATUS [get_runs impl_1]]
# set pr [get_property PROGRESS [get_runs impl_1]]
# say "impl_1 STATUS='$st' PROGRESS=$pr"
@@@ impl_1 STATUS='write_bitstream Complete!' PROGRESS=100%
# if {$pr != "100%"} { say "IMPL_FAILED"; exit 5 }
# open_run impl_1
Netlist sorting complete. Time (s): cpu = 00:00:00.12 ; elapsed = 00:00:00.12 . Memory (MB): peak = 2816.656 ; gain = 0.000 ; free physical = 10270 ; free virtual = 32652
INFO: [Netlist 29-17] Analyzing 1041 Unisim elements for replacement
INFO: [Netlist 29-28] Unisim Transformation completed in 0 CPU seconds
INFO: [Project 1-479] Netlist was created with Vivado 2025.2.1
INFO: [Project 1-570] Preparing netlist for logic optimization
Read ShapeDB Complete: Time (s): cpu = 00:00:00.03 ; elapsed = 00:00:00.03 . Memory (MB): peak = 2816.656 ; gain = 0.000 ; free physical = 10192 ; free virtual = 32575
INFO: [Timing 38-478] Restoring timing data from binary archive.
INFO: [Timing 38-479] Binary timing data restore complete.
INFO: [Project 1-856] Restoring constraints from binary archive.
INFO: [Project 1-853] Binary constraint restore complete.
INFO: [Designutils 20-5722] Start Reading Physical Databases.
Reading placement.
Read Netlist Cache: Time (s): cpu = 00:00:00.01 ; elapsed = 00:00:00.02 . Memory (MB): peak = 2932.438 ; gain = 0.000 ; free physical = 10075 ; free virtual = 32458
Reading placer database...
Read Device Cache: Time (s): cpu = 00:00:00.01 ; elapsed = 00:00:00.01 . Memory (MB): peak = 2932.438 ; gain = 0.000 ; free physical = 10075 ; free virtual = 32458
Read PlaceDB: Time (s): cpu = 00:00:00 ; elapsed = 00:00:00 . Memory (MB): peak = 2932.438 ; gain = 0.000 ; free physical = 10075 ; free virtual = 32458
Read placeStorage: Time (s): cpu = 00:00:00.43 ; elapsed = 00:00:00.44 . Memory (MB): peak = 2937.438 ; gain = 5.000 ; free physical = 10067 ; free virtual = 32450
Read PulsedLatchDB: Time (s): cpu = 00:00:00 ; elapsed = 00:00:00 . Memory (MB): peak = 2937.438 ; gain = 0.000 ; free physical = 10067 ; free virtual = 32450
Reading routing.
Read RouteStorage: Time (s): cpu = 00:00:00.39 ; elapsed = 00:00:00.12 . Memory (MB): peak = 2949.320 ; gain = 11.883 ; free physical = 10059 ; free virtual = 32442
Read Physdb Files: Time (s): cpu = 00:00:00.86 ; elapsed = 00:00:00.61 . Memory (MB): peak = 2949.320 ; gain = 16.883 ; free physical = 10059 ; free virtual = 32442
Restored from archive | CPU: 0.880000 secs | Memory: 18.577438 MB |
Finished XDEF File Restore: Time (s): cpu = 00:00:00.86 ; elapsed = 00:00:00.61 . Memory (MB): peak = 2949.320 ; gain = 16.883 ; free physical = 10059 ; free virtual = 32442
Netlist sorting complete. Time (s): cpu = 00:00:00.01 ; elapsed = 00:00:00 . Memory (MB): peak = 2949.320 ; gain = 0.000 ; free physical = 10059 ; free virtual = 32442
INFO: [Project 1-111] Unisim Transformation Summary:
  A total of 212 instances were transformed.
  RAM16X1D => RAM32X1D (RAMD32(x2)): 15 instances
  RAM32M => RAM32M (RAMD32(x6), RAMS32(x2)): 182 instances
  RAM32X1D => RAM32X1D (RAMD32(x2)): 15 instances

# write_checkpoint -force $out/post_route.dcp
INFO: [Timing 38-480] Writing timing data to binary archive.
Wrote PlaceDB: Time (s): cpu = 00:00:00 ; elapsed = 00:00:00 . Memory (MB): peak = 2967.133 ; gain = 0.000 ; free physical = 10058 ; free virtual = 32441
Wrote PulsedLatchDB: Time (s): cpu = 00:00:00 ; elapsed = 00:00:00 . Memory (MB): peak = 2970.102 ; gain = 0.000 ; free physical = 10058 ; free virtual = 32441
Writing XDEF routing.
Writing XDEF routing logical nets.
Write ShapeDB Complete: Time (s): cpu = 00:00:00.12 ; elapsed = 00:00:00.03 . Memory (MB): peak = 2995.789 ; gain = 28.656 ; free physical = 10027 ; free virtual = 32412
Writing XDEF routing special nets.
Wrote RouteStorage: Time (s): cpu = 00:00:01 ; elapsed = 00:00:00.25 . Memory (MB): peak = 3001.836 ; gain = 31.734 ; free physical = 9991 ; free virtual = 32383
Wrote PlaceStorage: Time (s): cpu = 00:00:01 ; elapsed = 00:00:00.57 . Memory (MB): peak = 3001.836 ; gain = 0.000 ; free physical = 9974 ; free virtual = 32380
Wrote Netlist Cache: Time (s): cpu = 00:00:00.01 ; elapsed = 00:00:00.02 . Memory (MB): peak = 3001.836 ; gain = 0.000 ; free physical = 9974 ; free virtual = 32382
Wrote Device Cache: Time (s): cpu = 00:00:00.01 ; elapsed = 00:00:00 . Memory (MB): peak = 3001.836 ; gain = 0.000 ; free physical = 9974 ; free virtual = 32383
Write Physdb Complete: Time (s): cpu = 00:00:02 ; elapsed = 00:00:00.85 . Memory (MB): peak = 3001.836 ; gain = 34.703 ; free physical = 9974 ; free virtual = 32383
INFO: [Common 17-1381] The checkpoint '/home/engineer/fpga/worktrees/ips-cache/experiments/IPS-campaign/build-baseline/reports/post_route.dcp' has been generated.
# report_timing_summary -max_paths 10 -file $out/post_route_timing_summary.rpt
INFO: [Timing 38-91] UpdateTimingParams: Speed grade: -1, Delay Type: min_max.
INFO: [Timing 38-191] Multithreading enabled for timing update using a maximum of 8 CPUs
# report_timing -max_paths 20 -sort_by group -file $out/post_route_timing_worst.rpt
INFO: [Timing 38-91] UpdateTimingParams: Speed grade: -1, Delay Type: max.
INFO: [Timing 38-191] Multithreading enabled for timing update using a maximum of 8 CPUs
INFO: [Timing 38-78] ReportTimingParams: -max_paths 20 -nworst 1 -delay_type max -sort_by group.
# report_utilization -file $out/post_route_utilization.rpt
# report_utilization -hierarchical -file $out/post_route_utilization_hier.rpt
# report_clocks -file $out/post_route_clocks.rpt
# report_clock_utilization -file $out/post_route_clock_utilization.rpt
# report_cdc -details -file $out/post_route_cdc.rpt
INFO: [Timing 38-91] UpdateTimingParams: Speed grade: -1, Delay Type: min_max.
INFO: [Timing 38-191] Multithreading enabled for timing update using a maximum of 8 CPUs
INFO: [Timing 38-314] The report_cdc command only analyzes and reports clock domain crossing paths where clocks have been defined on both source and destination sides. Ports with no input delay constraint are skipped. Please run check_timing to verify there are no missing clock definitions in your design, nor any unconstrained input port.
# report_clock_interaction -file $out/post_route_clock_interaction.rpt
INFO: [Timing 38-91] UpdateTimingParams: Speed grade: -1, Delay Type: max.
INFO: [Timing 38-191] Multithreading enabled for timing update using a maximum of 8 CPUs
WARNING: [Timing 38-164] This design has multiple clocks. Inter clock paths are considered valid unless explicitly excluded by timing constraints such as set_clock_groups or set_false_path.
# report_drc -file $out/post_route_drc.rpt
Command: report_drc -file /home/engineer/fpga/worktrees/ips-cache/experiments/IPS-campaign/build-baseline/reports/post_route_drc.rpt
INFO: [IP_Flow 19-1839] IP Catalog is up to date.
INFO: [DRC 23-27] Running DRC with 8 threads
INFO: [Vivado_Tcl 2-168] The results of DRC are in file /home/engineer/fpga/worktrees/ips-cache/experiments/IPS-campaign/build-baseline/reports/post_route_drc.rpt.
report_drc completed successfully
# report_methodology -file $out/post_route_methodology.rpt
Command: report_methodology -file /home/engineer/fpga/worktrees/ips-cache/experiments/IPS-campaign/build-baseline/reports/post_route_methodology.rpt
INFO: [Timing 38-35] Done setting XDC timing constraints.
INFO: [DRC 23-133] Running Methodology with 8 threads
INFO: [Vivado_Tcl 2-1520] The results of Report Methodology are in file /home/engineer/fpga/worktrees/ips-cache/experiments/IPS-campaign/build-baseline/reports/post_route_methodology.rpt.
report_methodology completed successfully
# report_route_status -file $out/post_route_status.rpt
# report_control_sets -verbose -file $out/post_route_control_sets.rpt
report_control_sets: Time (s): cpu = 00:00:00.04 ; elapsed = 00:00:00.11 . Memory (MB): peak = 3185.578 ; gain = 0.000 ; free physical = 9852 ; free virtual = 32245
# check_timing -file $out/post_route_check_timing.rpt
# set bit [glob -nocomplain [file dirname $xpr]/*.runs/impl_1/*.bit]
# say "bitstream: $bit"
@@@ bitstream: /home/engineer/fpga/worktrees/ips-cache/experiments/IPS-campaign/build-baseline/vivado-project/teaching_pynqz1.runs/impl_1/rocketchip_wrapper.bit
# if {$bit eq ""} { say "NO_BITSTREAM"; exit 6 }
# file copy -force [lindex $bit 0] $out/[file tail [lindex $bit 0]]
# set wns [get_property STATS.WNS [get_runs impl_1]]
# set whs [get_property STATS.WHS [get_runs impl_1]]
# set tns [get_property STATS.TNS [get_runs impl_1]]
# set ths [get_property STATS.THS [get_runs impl_1]]
# say "impl_1 stats: WNS=$wns TNS=$tns WHS=$whs THS=$ths"
@@@ impl_1 stats: WNS=0.779245 TNS=0.000000 WHS=0.024302 THS=0.000000
# set f [open $out/run-status.txt w]
# puts $f "tool: [version -short]"
# puts $f "part: [get_property part [current_project]]"
# puts $f "synth_1 STATUS: [get_property STATUS [get_runs synth_1]]"
# puts $f "synth_1 PROGRESS: [get_property PROGRESS [get_runs synth_1]]"
# puts $f "impl_1 STATUS: [get_property STATUS [get_runs impl_1]]"
# puts $f "impl_1 PROGRESS: [get_property PROGRESS [get_runs impl_1]]"
# puts $f "WNS: $wns"
# puts $f "TNS: $tns"
# puts $f "WHS: $whs"
# puts $f "THS: $ths"
# puts $f "bitstream: $out/[file tail [lindex $bit 0]]"
# close $f
# say "BUILD_OK"
@@@ BUILD_OK
INFO: [Common 17-206] Exiting Vivado at Thu Sep 24 23:52:51 2026...
