#-----------------------------------------------------------
# Vivado v2025.2.1 (64-bit)
# SW Build 6403652 on Thu Mar 19 13:47:00 MDT 2026
# IP Build 6403511 on Thu Mar 19 12:41:45 MDT 2026
# SharedData Build 6403650 on Thu Mar 19 14:02:13 MDT 2026
# Start of session at: Fri Sep 25 01:38:31 2026
# Process ID         : 97
# Current directory  : /home/engineer/fpga/worktrees/ips-cache/experiments/IPS-campaign/build-cache
# Command line       : vivado -mode batch -nojournal -log /home/engineer/fpga/worktrees/ips-cache/experiments/IPS-campaign/build-cache/vivado-impl.log -source /home/engineer/fpga/experiments/teaching-cpu/m4-build/run_impl.tcl -tclargs /home/engineer/fpga/worktrees/ips-cache/experiments/IPS-campaign/build-cache/vivado-project/teaching_pynqz1.xpr /home/engineer/fpga/worktrees/ips-cache/experiments/IPS-campaign/build-cache/reports 3
# Log file           : /home/engineer/fpga/worktrees/ips-cache/experiments/IPS-campaign/build-cache/vivado-impl.log
# Journal file       : 
# Running On         : ubuntu
# Platform           : Ubuntu
# Operating System   : Ubuntu 24.04.2 LTS
# Processor Detail   : Intel(R) Core(TM) i7-8700B CPU @ 3.20GHz
# CPU Frequency      : 4298.294 MHz
# CPU Physical cores : 6
# CPU Logical cores  : 12
# Host memory        : 32957 MB
# Swap memory        : 8589 MB
# Total Virtual      : 41547 MB
# Available Virtual  : 35112 MB
#-----------------------------------------------------------
source /home/engineer/fpga/experiments/teaching-cpu/m4-build/run_impl.tcl
# set xpr   [lindex $argv 0]
# set out   [lindex $argv 1]
# set jobs  [lindex $argv 2]
# file mkdir $out
# proc say {msg} { puts "@@@ $msg"; flush stdout }
# open_project $xpr
Scanning sources...
Finished scanning sources
WARNING: [Board 49-26] cannot add Board Part xilinx.com:ac701:part0:1.4 available at /opt/Xilinx/2025.2.1/data/xhub/boards/XilinxBoardStore/boards/Xilinx/ac701/1.4/board.xml as part xc7a200tfbg676-2 specified in board_part file is either invalid or not available
WARNING: [Board 49-26] cannot add Board Part xilinx.com:emb-plus-vpr-4616:part0:1.0 available at /opt/Xilinx/2025.2.1/data/xhub/boards/XilinxBoardStore/boards/Xilinx/emb-plus-vpr-4616/1.0/board.xml as part xcve2302-sfva784-2mp-e-s specified in board_part file is either invalid or not available
WARNING: [Board 49-26] cannot add Board Part xilinx.com:emb-plus-vpr-4616:part0:1.1 available at /opt/Xilinx/2025.2.1/data/xhub/boards/XilinxBoardStore/boards/Xilinx/emb-plus-vpr-4616/1.1/board.xml as part xcve2302-sfva784-2mp-e-s specified in board_part file is either invalid or not available
WARNING: [Board 49-26] cannot add Board Part xilinx.com:k24c:part0:1.0 available at /opt/Xilinx/2025.2.1/data/xhub/boards/XilinxBoardStore/boards/Xilinx/k24c/1.0/board.xml as part xck24-ubva530-2lv-c specified in board_part file is either invalid or not available
WARNING: [Board 49-26] cannot add Board Part xilinx.com:k24c:part0:1.1 available at /opt/Xilinx/2025.2.1/data/xhub/boards/XilinxBoardStore/boards/Xilinx/k24c/1.1/board.xml as part xck24-ubva530-2lv-c specified in board_part file is either invalid or not available
WARNING: [Board 49-26] cannot add Board Part xilinx.com:k24i:part0:1.0 available at /opt/Xilinx/2025.2.1/data/xhub/boards/XilinxBoardStore/boards/Xilinx/k24i/1.0/board.xml as part xck24-ubva530-2lvi-i specified in board_part file is either invalid or not available
WARNING: [Board 49-26] cannot add Board Part xilinx.com:k26c:part0:1.2 available at /opt/Xilinx/2025.2.1/data/xhub/boards/XilinxBoardStore/boards/Xilinx/k26c/1.2/board.xml as part xck26-sfvc784-2lv-c specified in board_part file is either invalid or not available
WARNING: [Board 49-26] cannot add Board Part xilinx.com:k26c:part0:1.3 available at /opt/Xilinx/2025.2.1/data/xhub/boards/XilinxBoardStore/boards/Xilinx/k26c/1.3/board.xml as part xck26-sfvc784-2lv-c specified in board_part file is either invalid or not available
WARNING: [Board 49-26] cannot add Board Part xilinx.com:k26c:part0:1.4 available at /opt/Xilinx/2025.2.1/data/xhub/boards/XilinxBoardStore/boards/Xilinx/k26c/1.4/board.xml as part xck26-sfvc784-2lv-c specified in board_part file is either invalid or not available
WARNING: [Board 49-26] cannot add Board Part xilinx.com:k26i:part0:1.2 available at /opt/Xilinx/2025.2.1/data/xhub/boards/XilinxBoardStore/boards/Xilinx/k26i/1.2/board.xml as part xck26-sfvc784-2lvi-i specified in board_part file is either invalid or not available
WARNING: [Board 49-26] cannot add Board Part xilinx.com:k26i:part0:1.3 available at /opt/Xilinx/2025.2.1/data/xhub/boards/XilinxBoardStore/boards/Xilinx/k26i/1.3/board.xml as part xck26-sfvc784-2lvi-i specified in board_part file is either invalid or not available
WARNING: [Board 49-26] cannot add Board Part xilinx.com:k26i:part0:1.4 available at /opt/Xilinx/2025.2.1/data/xhub/boards/XilinxBoardStore/boards/Xilinx/k26i/1.4/board.xml as part xck26-sfvc784-2lvi-i specified in board_part file is either invalid or not available
WARNING: [Board 49-26] cannot add Board Part xilinx.com:kc705:part0:1.6 available at /opt/Xilinx/2025.2.1/data/xhub/boards/XilinxBoardStore/boards/Xilinx/kc705/1.6/board.xml as part xc7k325tffg900-2 specified in board_part file is either invalid or not available
WARNING: [Board 49-26] cannot add Board Part xilinx.com:kc705:part0:1.7 available at /opt/Xilinx/2025.2.1/data/xhub/boards/XilinxBoardStore/boards/Xilinx/kc705/1.7/board.xml as part xc7k325tffg900-2 specified in board_part file is either invalid or not available
WARNING: [Board 49-26] cannot add Board Part xilinx.com:kcu105:part0:1.6 available at /opt/Xilinx/2025.2.1/data/xhub/boards/XilinxBoardStore/boards/Xilinx/kcu105/1.6/board.xml as part xcku040-ffva1156-2-e specified in board_part file is either invalid or not available
WARNING: [Board 49-26] cannot add Board Part xilinx.com:kcu105:part0:1.7 available at /opt/Xilinx/2025.2.1/data/xhub/boards/XilinxBoardStore/boards/Xilinx/kcu105/1.7/board.xml as part xcku040-ffva1156-2-e specified in board_part file is either invalid or not available
WARNING: [Board 49-26] cannot add Board Part xilinx.com:kcu116:part0:1.4 available at /opt/Xilinx/2025.2.1/data/xhub/boards/XilinxBoardStore/boards/Xilinx/kcu116/1.4/board.xml as part xcku5p-ffvb676-2-e specified in board_part file is either invalid or not available
WARNING: [Board 49-26] cannot add Board Part xilinx.com:kcu116:part0:1.5 available at /opt/Xilinx/2025.2.1/data/xhub/boards/XilinxBoardStore/boards/Xilinx/kcu116/1.5/board.xml as part xcku5p-ffvb676-2-e specified in board_part file is either invalid or not available
WARNING: [Board 49-26] cannot add Board Part xilinx.com:kcu1500:part0:1.2 available at /opt/Xilinx/2025.2.1/data/xhub/boards/XilinxBoardStore/boards/Xilinx/kcu1500/1.2/board.xml as part xcku115-flvb2104-2-e specified in board_part file is either invalid or not available
WARNING: [Board 49-26] cannot add Board Part xilinx.com:kd240_som:part0:1.0 available at /opt/Xilinx/2025.2.1/data/xhub/boards/XilinxBoardStore/boards/Xilinx/kd240_som/1.0/board.xml as part xck24-ubva530-2lv-c specified in board_part file is either invalid or not available
WARNING: [Board 49-26] cannot add Board Part xilinx.com:kd240_som:part0:1.1 available at /opt/Xilinx/2025.2.1/data/xhub/boards/XilinxBoardStore/boards/Xilinx/kd240_som/1.1/board.xml as part xck24-ubva530-2lv-c specified in board_part file is either invalid or not available
WARNING: [Board 49-26] cannot add Board Part xilinx.com:kr260_som:part0:1.0 available at /opt/Xilinx/2025.2.1/data/xhub/boards/XilinxBoardStore/boards/Xilinx/kr260_som/1.0/board.xml as part xck26-sfvc784-2lv-c specified in board_part file is either invalid or not available
WARNING: [Board 49-26] cannot add Board Part xilinx.com:kr260_som:part0:1.1 available at /opt/Xilinx/2025.2.1/data/xhub/boards/XilinxBoardStore/boards/Xilinx/kr260_som/1.1/board.xml as part xck26-sfvc784-2lv-c specified in board_part file is either invalid or not available
WARNING: [Board 49-26] cannot add Board Part xilinx.com:kv260_som:part0:1.2 available at /opt/Xilinx/2025.2.1/data/xhub/boards/XilinxBoardStore/boards/Xilinx/kv260_som/1.2/board.xml as part xck26-sfvc784-2lv-c specified in board_part file is either invalid or not available
WARNING: [Board 49-26] cannot add Board Part xilinx.com:kv260_som:part0:1.3 available at /opt/Xilinx/2025.2.1/data/xhub/boards/XilinxBoardStore/boards/Xilinx/kv260_som/1.3/board.xml as part xck26-sfvc784-2lv-c specified in board_part file is either invalid or not available
WARNING: [Board 49-26] cannot add Board Part xilinx.com:kv260_som:part0:1.4 available at /opt/Xilinx/2025.2.1/data/xhub/boards/XilinxBoardStore/boards/Xilinx/kv260_som/1.4/board.xml as part xck26-sfvc784-2lv-c specified in board_part file is either invalid or not available
WARNING: [Board 49-26] cannot add Board Part xilinx.com:scu200:part0:1.0 available at /opt/Xilinx/2025.2.1/data/xhub/boards/XilinxBoardStore/boards/Xilinx/scu200/1.0/board.xml as part xcsu200p-sbva1024-2-e specified in board_part file is either invalid or not available
WARNING: [Board 49-26] cannot add Board Part xilinx.com:scu35:part0:1.0 available at /opt/Xilinx/2025.2.1/data/xhub/boards/XilinxBoardStore/boards/Xilinx/scu35/1.0/board.xml as part xcsu35p-sbvb625-2-e specified in board_part file is either invalid or not available
WARNING: [Board 49-26] cannot add Board Part xilinx.com:sp701:part0:1.0 available at /opt/Xilinx/2025.2.1/data/xhub/boards/XilinxBoardStore/boards/Xilinx/sp701/1.0/board.xml as part xc7s100fgga676-2 specified in board_part file is either invalid or not available
WARNING: [Board 49-26] cannot add Board Part xilinx.com:sp701:part0:1.1 available at /opt/Xilinx/2025.2.1/data/xhub/boards/XilinxBoardStore/boards/Xilinx/sp701/1.1/board.xml as part xc7s100fgga676-2 specified in board_part file is either invalid or not available
WARNING: [Board 49-26] cannot add Board Part xilinx.com:v80:part0:1.0 available at /opt/Xilinx/2025.2.1/data/xhub/boards/XilinxBoardStore/boards/Xilinx/v80/1.0/board.xml as part xcv80-lsva4737-2mhp-e-s specified in board_part file is either invalid or not available
WARNING: [Board 49-26] cannot add Board Part xilinx.com:vc707:part0:1.4 available at /opt/Xilinx/2025.2.1/data/xhub/boards/XilinxBoardStore/boards/Xilinx/vc707/1.4/board.xml as part xc7vx485tffg1761-2 specified in board_part file is either invalid or not available
WARNING: [Board 49-26] cannot add Board Part xilinx.com:vc707:part0:1.5 available at /opt/Xilinx/2025.2.1/data/xhub/boards/XilinxBoardStore/boards/Xilinx/vc707/1.5/board.xml as part xc7vx485tffg1761-2 specified in board_part file is either invalid or not available
WARNING: [Board 49-26] cannot add Board Part xilinx.com:vc709:part0:1.8 available at /opt/Xilinx/2025.2.1/data/xhub/boards/XilinxBoardStore/boards/Xilinx/vc709/1.8/board.xml as part xc7vx690tffg1761-2 specified in board_part file is either invalid or not available
WARNING: [Board 49-26] cannot add Board Part xilinx.com:vck190:part0:2.2 available at /opt/Xilinx/2025.2.1/data/xhub/boards/XilinxBoardStore/boards/Xilinx/vck190/production/2.2/board.xml as part xcvc1902-vsva2197-2mp-e-s specified in board_part file is either invalid or not available
WARNING: [Board 49-26] cannot add Board Part xilinx.com:vck190:part0:3.0 available at /opt/Xilinx/2025.2.1/data/xhub/boards/XilinxBoardStore/boards/Xilinx/vck190/production/3.0/board.xml as part xcvc1902-vsva2197-2mp-e-s specified in board_part file is either invalid or not available
WARNING: [Board 49-26] cannot add Board Part xilinx.com:vck190:part0:3.1 available at /opt/Xilinx/2025.2.1/data/xhub/boards/XilinxBoardStore/boards/Xilinx/vck190/production/3.1/board.xml as part xcvc1902-vsva2197-2mp-e-s specified in board_part file is either invalid or not available
WARNING: [Board 49-26] cannot add Board Part xilinx.com:vck190:part0:3.2 available at /opt/Xilinx/2025.2.1/data/xhub/boards/XilinxBoardStore/boards/Xilinx/vck190/production/3.2/board.xml as part xcvc1902-vsva2197-2mp-e-s specified in board_part file is either invalid or not available
WARNING: [Board 49-26] cannot add Board Part xilinx.com:vck190:part0:3.3 available at /opt/Xilinx/2025.2.1/data/xhub/boards/XilinxBoardStore/boards/Xilinx/vck190/production/3.3/board.xml as part xcvc1902-vsva2197-2mp-e-s specified in board_part file is either invalid or not available
WARNING: [Board 49-26] cannot add Board Part xilinx.com:vck190:part0:3.4 available at /opt/Xilinx/2025.2.1/data/xhub/boards/XilinxBoardStore/boards/Xilinx/vck190/production/3.4/board.xml as part xcvc1902-vsva2197-2mp-e-s specified in board_part file is either invalid or not available
WARNING: [Board 49-26] cannot add Board Part xilinx.com:vck190_newl:part0:1.0 available at /opt/Xilinx/2025.2.1/data/xhub/boards/XilinxBoardStore/boards/Xilinx/vck190_newl/production/1.0/board.xml as part xcvc1902-vsva2197-2mp-e-s specified in board_part file is either invalid or not available
WARNING: [Board 49-26] cannot add Board Part xilinx.com:vck190_newl:part0:1.1 available at /opt/Xilinx/2025.2.1/data/xhub/boards/XilinxBoardStore/boards/Xilinx/vck190_newl/production/1.1/board.xml as part xcvc1902-vsva2197-2mp-e-s specified in board_part file is either invalid or not available
WARNING: [Board 49-26] cannot add Board Part xilinx.com:vck190_newl:part0:1.2 available at /opt/Xilinx/2025.2.1/data/xhub/boards/XilinxBoardStore/boards/Xilinx/vck190_newl/production/1.2/board.xml as part xcvc1902-vsva2197-2mp-e-s specified in board_part file is either invalid or not available
WARNING: [Board 49-26] cannot add Board Part xilinx.com:vck190_newl:part0:1.3 available at /opt/Xilinx/2025.2.1/data/xhub/boards/XilinxBoardStore/boards/Xilinx/vck190_newl/production/1.3/board.xml as part xcvc1902-vsva2197-2mp-e-s specified in board_part file is either invalid or not available
WARNING: [Board 49-26] cannot add Board Part xilinx.com:vcu108:part0:1.6 available at /opt/Xilinx/2025.2.1/data/xhub/boards/XilinxBoardStore/boards/Xilinx/vcu108/1.6/board.xml as part xcvu095-ffva2104-2-e specified in board_part file is either invalid or not available
WARNING: [Board 49-26] cannot add Board Part xilinx.com:vcu108:part0:1.7 available at /opt/Xilinx/2025.2.1/data/xhub/boards/XilinxBoardStore/boards/Xilinx/vcu108/1.7/board.xml as part xcvu095-ffva2104-2-e specified in board_part file is either invalid or not available
WARNING: [Board 49-26] cannot add Board Part xilinx.com:vcu110:part0:1.4 available at /opt/Xilinx/2025.2.1/data/xhub/boards/XilinxBoardStore/boards/Xilinx/vcu110/1.4/board.xml as part xcvu190-flgc2104-2-e specified in board_part file is either invalid or not available
WARNING: [Board 49-26] cannot add Board Part xilinx.com:vcu118:part0:2.0 available at /opt/Xilinx/2025.2.1/data/xhub/boards/XilinxBoardStore/boards/Xilinx/vcu118/2.0/board.xml as part xcvu9p-flga2104-2l-e specified in board_part file is either invalid or not available
WARNING: [Board 49-26] cannot add Board Part xilinx.com:vcu118:part0:2.3 available at /opt/Xilinx/2025.2.1/data/xhub/boards/XilinxBoardStore/boards/Xilinx/vcu118/2.3/board.xml as part xcvu9p-flga2104-2l-e specified in board_part file is either invalid or not available
WARNING: [Board 49-26] cannot add Board Part xilinx.com:vcu118:part0:2.4 available at /opt/Xilinx/2025.2.1/data/xhub/boards/XilinxBoardStore/boards/Xilinx/vcu118/2.4/board.xml as part xcvu9p-flga2104-2l-e specified in board_part file is either invalid or not available
WARNING: [Board 49-26] cannot add Board Part xilinx.com:vcu128:part0:1.0 available at /opt/Xilinx/2025.2.1/data/xhub/boards/XilinxBoardStore/boards/Xilinx/vcu128/production/1.0/board.xml as part xcvu37p-fsvh2892-2l-e specified in board_part file is either invalid or not available
WARNING: [Board 49-26] cannot add Board Part xilinx.com:vcu129:part0:1.0 available at /opt/Xilinx/2025.2.1/data/xhub/boards/XilinxBoardStore/boards/Xilinx/vcu129/production/1.0/board.xml as part xcvu29p-fsga2577-2l-e specified in board_part file is either invalid or not available
WARNING: [Board 49-26] cannot add Board Part xilinx.com:vcu1525:part0:1.3 available at /opt/Xilinx/2025.2.1/data/xhub/boards/XilinxBoardStore/boards/Xilinx/vcu1525/1.3/board.xml as part xcvu9p-fsgd2104-2l-e specified in board_part file is either invalid or not available
WARNING: [Board 49-26] cannot add Board Part xilinx.com:vek280:part0:1.0 available at /opt/Xilinx/2025.2.1/data/xhub/boards/XilinxBoardStore/boards/Xilinx/vek280/production/1.0/board.xml as part xcve2802-vsvh1760-2mp-e-s specified in board_part file is either invalid or not available
WARNING: [Board 49-26] cannot add Board Part xilinx.com:vek280:part0:1.1 available at /opt/Xilinx/2025.2.1/data/xhub/boards/XilinxBoardStore/boards/Xilinx/vek280/production/1.1/board.xml as part xcve2802-vsvh1760-2mp-e-s specified in board_part file is either invalid or not available
WARNING: [Board 49-26] cannot add Board Part xilinx.com:vek280:part0:1.2 available at /opt/Xilinx/2025.2.1/data/xhub/boards/XilinxBoardStore/boards/Xilinx/vek280/production/1.2/board.xml as part xcve2802-vsvh1760-2mp-e-s specified in board_part file is either invalid or not available
WARNING: [Board 49-26] cannot add Board Part xilinx.com:vek385:part0:1.0 available at /opt/Xilinx/2025.2.1/data/xhub/boards/XilinxBoardStore/boards/Xilinx/vek385/1.0/board.xml as part xc2ve3858-ssva2112-2mp-e-s specified in board_part file is either invalid or not available
WARNING: [Board 49-26] cannot add Board Part xilinx.com:vek385:part0:1.1 available at /opt/Xilinx/2025.2.1/data/xhub/boards/XilinxBoardStore/boards/Xilinx/vek385/1.1/board.xml as part xc2ve3858-ssva2112-2mp-e-s specified in board_part file is either invalid or not available
WARNING: [Board 49-26] cannot add Board Part xilinx.com:vek385_1:part0:1.0 available at /opt/Xilinx/2025.2.1/data/xhub/boards/XilinxBoardStore/boards/Xilinx/vek385_2/1.0/board.xml as part xc2ve3858-ssva2112-2mp-e-s specified in board_part file is either invalid or not available
WARNING: [Board 49-26] cannot add Board Part xilinx.com:vermeo_t1_mpsoc:part0:1.0 available at /opt/Xilinx/2025.2.1/data/xhub/boards/XilinxBoardStore/boards/Xilinx/vermeo_t1_mpsoc/1.0/board.xml as part xczu19eg-ffvd1760-2l-e specified in board_part file is either invalid or not available
WARNING: [Board 49-26] cannot add Board Part xilinx.com:vermeo_t1_rfsoc:part0:1.0 available at /opt/Xilinx/2025.2.1/data/xhub/boards/XilinxBoardStore/boards/Xilinx/vermeo_t1_rfsoc/1.0/board.xml as part xczu21dr-ffvd1156-2l-e specified in board_part file is either invalid or not available
WARNING: [Board 49-26] cannot add Board Part xilinx.com:vhk158:part0:1.0 available at /opt/Xilinx/2025.2.1/data/xhub/boards/XilinxBoardStore/boards/Xilinx/vhk158/production/1.0/board.xml as part xcvh1582-vsva3697-2mp-e-s specified in board_part file is either invalid or not available
WARNING: [Board 49-26] cannot add Board Part xilinx.com:vhk158:part0:1.1 available at /opt/Xilinx/2025.2.1/data/xhub/boards/XilinxBoardStore/boards/Xilinx/vhk158/production/1.1/board.xml as part xcvh1582-vsva3697-2mp-e-s specified in board_part file is either invalid or not available
WARNING: [Board 49-26] cannot add Board Part xilinx.com:vhk158:part0:1.2 available at /opt/Xilinx/2025.2.1/data/xhub/boards/XilinxBoardStore/boards/Xilinx/vhk158/production/1.2/board.xml as part xcvh1582-vsva3697-2mp-e-s specified in board_part file is either invalid or not available
WARNING: [Board 49-26] cannot add Board Part xilinx.com:vmk180:part0:2.2 available at /opt/Xilinx/2025.2.1/data/xhub/boards/XilinxBoardStore/boards/Xilinx/vmk180/production/2.2/board.xml as part xcvm1802-vsva2197-2mp-e-s specified in board_part file is either invalid or not available
WARNING: [Board 49-26] cannot add Board Part xilinx.com:vmk180:part0:3.0 available at /opt/Xilinx/2025.2.1/data/xhub/boards/XilinxBoardStore/boards/Xilinx/vmk180/production/3.0/board.xml as part xcvm1802-vsva2197-2mp-e-s specified in board_part file is either invalid or not available
WARNING: [Board 49-26] cannot add Board Part xilinx.com:vmk180:part0:3.1 available at /opt/Xilinx/2025.2.1/data/xhub/boards/XilinxBoardStore/boards/Xilinx/vmk180/production/3.1/board.xml as part xcvm1802-vsva2197-2mp-e-s specified in board_part file is either invalid or not available
WARNING: [Board 49-26] cannot add Board Part xilinx.com:vmk180:part0:3.2 available at /opt/Xilinx/2025.2.1/data/xhub/boards/XilinxBoardStore/boards/Xilinx/vmk180/production/3.2/board.xml as part xcvm1802-vsva2197-2mp-e-s specified in board_part file is either invalid or not available
WARNING: [Board 49-26] cannot add Board Part xilinx.com:vmk180:part0:3.3 available at /opt/Xilinx/2025.2.1/data/xhub/boards/XilinxBoardStore/boards/Xilinx/vmk180/production/3.3/board.xml as part xcvm1802-vsva2197-2mp-e-s specified in board_part file is either invalid or not available
WARNING: [Board 49-26] cannot add Board Part xilinx.com:vmk180_newl:part0:1.0 available at /opt/Xilinx/2025.2.1/data/xhub/boards/XilinxBoardStore/boards/Xilinx/vmk180_newl/production/1.0/board.xml as part xcvm1802-vsva2197-2mp-e-s specified in board_part file is either invalid or not available
WARNING: [Board 49-26] cannot add Board Part xilinx.com:vmk180_newl:part0:1.1 available at /opt/Xilinx/2025.2.1/data/xhub/boards/XilinxBoardStore/boards/Xilinx/vmk180_newl/production/1.1/board.xml as part xcvm1802-vsva2197-2mp-e-s specified in board_part file is either invalid or not available
WARNING: [Board 49-26] cannot add Board Part xilinx.com:vpk120:part0:1.0 available at /opt/Xilinx/2025.2.1/data/xhub/boards/XilinxBoardStore/boards/Xilinx/vpk120/production/1.0/board.xml as part xcvp1202-vsva2785-2mp-e-s specified in board_part file is either invalid or not available
WARNING: [Board 49-26] cannot add Board Part xilinx.com:vpk120:part0:1.1 available at /opt/Xilinx/2025.2.1/data/xhub/boards/XilinxBoardStore/boards/Xilinx/vpk120/production/1.1/board.xml as part xcvp1202-vsva2785-2mp-e-s specified in board_part file is either invalid or not available
WARNING: [Board 49-26] cannot add Board Part xilinx.com:vpk120:part0:1.2 available at /opt/Xilinx/2025.2.1/data/xhub/boards/XilinxBoardStore/boards/Xilinx/vpk120/production/1.2/board.xml as part xcvp1202-vsva2785-2mp-e-s specified in board_part file is either invalid or not available
WARNING: [Board 49-26] cannot add Board Part xilinx.com:vpk180:part0:1.0 available at /opt/Xilinx/2025.2.1/data/xhub/boards/XilinxBoardStore/boards/Xilinx/vpk180/production/1.0/board.xml as part xcvp1802-lsvc4072-2mp-e-s specified in board_part file is either invalid or not available
WARNING: [Board 49-26] cannot add Board Part xilinx.com:vpk180:part0:1.1 available at /opt/Xilinx/2025.2.1/data/xhub/boards/XilinxBoardStore/boards/Xilinx/vpk180/production/1.1/board.xml as part xcvp1802-lsvc4072-2mp-e-s specified in board_part file is either invalid or not available
WARNING: [Board 49-26] cannot add Board Part xilinx.com:vpk180:part0:1.2 available at /opt/Xilinx/2025.2.1/data/xhub/boards/XilinxBoardStore/boards/Xilinx/vpk180/production/1.2/board.xml as part xcvp1802-lsvc4072-2mp-e-s specified in board_part file is either invalid or not available
WARNING: [Board 49-26] cannot add Board Part xilinx.com:vrk160:part0:1.0 available at /opt/Xilinx/2025.2.1/data/xhub/boards/XilinxBoardStore/boards/Xilinx/vrk160/1.0/board.xml as part xcvr1602-vsva2488-2mp-e-s-es1 specified in board_part file is either invalid or not available
WARNING: [Board 49-26] cannot add Board Part xilinx.com:vrk160:part0:1.1 available at /opt/Xilinx/2025.2.1/data/xhub/boards/XilinxBoardStore/boards/Xilinx/vrk160/1.1/board.xml as part xcvr1602-vsva2488-2mp-e-s-es1 specified in board_part file is either invalid or not available
WARNING: [Board 49-26] cannot add Board Part xilinx.com:vrk165_es:part0:1.0 available at /opt/Xilinx/2025.2.1/data/xhub/boards/XilinxBoardStore/boards/Xilinx/vrk165/es/1.0/board.xml as part xcvr1652-vsva2488-2mp-e-s-es1 specified in board_part file is either invalid or not available
WARNING: [Board 49-26] cannot add Board Part xilinx.com:zc706:part0:1.4 available at /opt/Xilinx/2025.2.1/data/xhub/boards/XilinxBoardStore/boards/Xilinx/zc706/1.4/board.xml as part xc7z045ffg900-2 specified in board_part file is either invalid or not available
WARNING: [Board 49-26] cannot add Board Part xilinx.com:zc706:part0:1.5 available at /opt/Xilinx/2025.2.1/data/xhub/boards/XilinxBoardStore/boards/Xilinx/zc706/1.5/board.xml as part xc7z045ffg900-2 specified in board_part file is either invalid or not available
WARNING: [Board 49-26] cannot add Board Part xilinx.com:zcu102:part0:3.3 available at /opt/Xilinx/2025.2.1/data/xhub/boards/XilinxBoardStore/boards/Xilinx/zcu102/3.3/board.xml as part xczu9eg-ffvb1156-2-e specified in board_part file is either invalid or not available
WARNING: [Board 49-26] cannot add Board Part xilinx.com:zcu102:part0:3.4 available at /opt/Xilinx/2025.2.1/data/xhub/boards/XilinxBoardStore/boards/Xilinx/zcu102/3.4/board.xml as part xczu9eg-ffvb1156-2-e specified in board_part file is either invalid or not available
WARNING: [Board 49-26] cannot add Board Part xilinx.com:zcu104:part0:1.1 available at /opt/Xilinx/2025.2.1/data/xhub/boards/XilinxBoardStore/boards/Xilinx/zcu104/1.1/board.xml as part xczu7ev-ffvc1156-2-e specified in board_part file is either invalid or not available
WARNING: [Board 49-26] cannot add Board Part xilinx.com:zcu106:part0:2.4 available at /opt/Xilinx/2025.2.1/data/xhub/boards/XilinxBoardStore/boards/Xilinx/zcu106/2.4/board.xml as part xczu7ev-ffvc1156-2-e specified in board_part file is either invalid or not available
WARNING: [Board 49-26] cannot add Board Part xilinx.com:zcu106:part0:2.5 available at /opt/Xilinx/2025.2.1/data/xhub/boards/XilinxBoardStore/boards/Xilinx/zcu106/2.5/board.xml as part xczu7ev-ffvc1156-2-e specified in board_part file is either invalid or not available
WARNING: [Board 49-26] cannot add Board Part xilinx.com:zcu106:part0:2.6 available at /opt/Xilinx/2025.2.1/data/xhub/boards/XilinxBoardStore/boards/Xilinx/zcu106/2.6/board.xml as part xczu7ev-ffvc1156-2-e specified in board_part file is either invalid or not available
WARNING: [Board 49-26] cannot add Board Part xilinx.com:zcu111:part0:1.2 available at /opt/Xilinx/2025.2.1/data/xhub/boards/XilinxBoardStore/boards/Xilinx/zcu111/1.2/board.xml as part xczu28dr-ffvg1517-2-e specified in board_part file is either invalid or not available
WARNING: [Board 49-26] cannot add Board Part xilinx.com:zcu111:part0:1.3 available at /opt/Xilinx/2025.2.1/data/xhub/boards/XilinxBoardStore/boards/Xilinx/zcu111/1.3/board.xml as part xczu28dr-ffvg1517-2-e specified in board_part file is either invalid or not available
WARNING: [Board 49-26] cannot add Board Part xilinx.com:zcu111:part0:1.4 available at /opt/Xilinx/2025.2.1/data/xhub/boards/XilinxBoardStore/boards/Xilinx/zcu111/1.4/board.xml as part xczu28dr-ffvg1517-2-e specified in board_part file is either invalid or not available
WARNING: [Board 49-26] cannot add Board Part xilinx.com:zcu1275:part0:1.0 available at /opt/Xilinx/2025.2.1/data/xhub/boards/XilinxBoardStore/boards/Xilinx/zcu1275/1.0/board.xml as part xczu29dr-ffvf1760-2-e specified in board_part file is either invalid or not available
WARNING: [Board 49-26] cannot add Board Part xilinx.com:zcu1285:part0:1.0 available at /opt/Xilinx/2025.2.1/data/xhub/boards/XilinxBoardStore/boards/Xilinx/zcu1285/1.0/board.xml as part xczu39dr-ffvf1760-2-i specified in board_part file is either invalid or not available
WARNING: [Board 49-26] cannot add Board Part xilinx.com:zcu208:part0:2.0 available at /opt/Xilinx/2025.2.1/data/xhub/boards/XilinxBoardStore/boards/Xilinx/zcu208/production/2.0/board.xml as part xczu48dr-fsvg1517-2-e specified in board_part file is either invalid or not available
WARNING: [Board 49-26] cannot add Board Part xilinx.com:zcu208ld:part0:2.0 available at /opt/Xilinx/2025.2.1/data/xhub/boards/XilinxBoardStore/boards/Xilinx/zcu208ld/production/2.0/board.xml as part xczu58dr-fsvg1517-2-i specified in board_part file is either invalid or not available
WARNING: [Board 49-26] cannot add Board Part xilinx.com:zcu216:part0:2.0 available at /opt/Xilinx/2025.2.1/data/xhub/boards/XilinxBoardStore/boards/Xilinx/zcu216/production/2.0/board.xml as part xczu49dr-ffvf1760-2-e specified in board_part file is either invalid or not available
WARNING: [Board 49-26] cannot add Board Part xilinx.com:zcu216ld:part0:2.0 available at /opt/Xilinx/2025.2.1/data/xhub/boards/XilinxBoardStore/boards/Xilinx/zcu216ld/production/2.0/board.xml as part xczu59dr-ffvf1760-2-i specified in board_part file is either invalid or not available
WARNING: [Board 49-26] cannot add Board Part xilinx.com:zcu670:part0:2.0 available at /opt/Xilinx/2025.2.1/data/xhub/boards/XilinxBoardStore/boards/Xilinx/zcu670/2.0/board.xml as part xczu67dr-fsve1156-2-i specified in board_part file is either invalid or not available
WARNING: [Board 49-26] cannot add Board Part xilinx.com:zcu670ld:part0:1.0 available at /opt/Xilinx/2025.2.1/data/xhub/boards/XilinxBoardStore/boards/Xilinx/zcu670ld/1.0/board.xml as part xczu57dr-fsve1156-2-i specified in board_part file is either invalid or not available
WARNING: [Project 1-5713] Board part 'www.digilentinc.com:pynq-z1:part0:1.0' set for the project  is not found. BoardPart property will be unset. Please select board from latest repo build 
INFO: [IP_Flow 19-234] Refreshing IP repositories
INFO: [IP_Flow 19-1704] No user IP repositories specified
INFO: [IP_Flow 19-2313] Loaded Vivado IP repository '/opt/Xilinx/2025.2.1/data/ip'.
# say "project opened: [current_project], part [get_property part [current_project]]"
@@@ project opened: teaching_pynqz1, part xc7z020clg400-1
# set f [open $out/source-set.txt w]
# puts $f "# every file Vivado has in sources_1, in compile order, as the tool reports it"
# puts $f "# top: [get_property top [get_filesets sources_1]]"
# puts $f "# verilog_define: [get_property verilog_define [get_filesets sources_1]]"
# puts $f "# include_dirs: [get_property include_dirs [get_filesets sources_1]]"
# foreach s [get_files -of_objects [get_filesets sources_1]] { puts $f $s }
# puts $f "# constraints"
# foreach s [get_files -of_objects [get_filesets constrs_1]] { puts $f $s }
# close $f
# say "source set written to $out/source-set.txt"
@@@ source set written to /home/engineer/fpga/worktrees/ips-cache/experiments/IPS-campaign/build-cache/reports/source-set.txt
# foreach s [get_files -quiet *Top.ZynqFPGAConfig.v] { say "FAIL: baseline Rocket top in project: $s"; exit 3 }
# set ps [get_bd_cells -quiet /processing_system7_0]
# if {$ps eq ""} {
#   open_bd_design [get_files -quiet *.bd]
#   set ps [get_bd_cells -quiet /processing_system7_0]
# }
Reading block design file </home/engineer/fpga/worktrees/ips-cache/experiments/IPS-campaign/build-cache/vivado-project/teaching_pynqz1.srcs/sources_1/bd/system/system.bd>...
Adding component instance block -- xilinx.com:ip:axi_interconnect:2.1 - axi_interconnect_0
Adding component instance block -- xilinx.com:ip:axi_interconnect:2.1 - axi_interconnect_1
Adding component instance block -- xilinx.com:ip:proc_sys_reset:5.0 - proc_sys_reset_0
Adding component instance block -- xilinx.com:ip:processing_system7:5.5 - processing_system7_0
Successfully read diagram <system> from block design file </home/engineer/fpga/worktrees/ips-cache/experiments/IPS-campaign/build-cache/vivado-project/teaching_pynqz1.srcs/sources_1/bd/system/system.bd>
# if {$ps eq ""} { say "FAIL: no processing_system7_0 cell"; exit 3 }
# set xtal [get_property -quiet CONFIG.PCW_CRYSTAL_PERIPHERAL_FREQMHZ $ps]
# set hp0  [get_property -quiet CONFIG.PCW_USE_S_AXI_HP0 $ps]
# set gp0  [get_property -quiet CONFIG.PCW_USE_M_AXI_GP0 $ps]
# say "PS preset: crystal=$xtal MHz, S_AXI_HP0=$hp0, M_AXI_GP0=$gp0"
@@@ PS preset: crystal=50 MHz, S_AXI_HP0=1, M_AXI_GP0=1
# if {$xtal != 50} { say "FAIL: crystal $xtal, expected 50 -- the Digilent preset did not apply"; exit 3 }
# if {$hp0 != 1}  { say "FAIL: S_AXI_HP0 not enabled -- the memory boundary is missing"; exit 3 }
# say "launching synth_1 with $jobs jobs"
@@@ launching synth_1 with 3 jobs
# reset_run synth_1
# launch_runs synth_1 -jobs $jobs
INFO: [Ipptcl 7-1463] No Compatible Board Interface found. Board Tab not created in customize GUI
WARNING: [BD 41-702] Propagation TCL tries to overwrite USER strength parameter PCW_M_AXI_GP0_FREQMHZ(10) on '/processing_system7_0' with propagated value(25). Command ignored
CRITICAL WARNING: [PSU-1]  Parameter : PCW_UIPARAM_DDR_DQS_TO_CLK_DELAY_2 has negative value -0.009 . PS DDR interfaces might fail when entering negative DQS skew values. 
CRITICAL WARNING: [PSU-2]  Parameter : PCW_UIPARAM_DDR_DQS_TO_CLK_DELAY_3 has negative value -0.033 . PS DDR interfaces might fail when entering negative DQS skew values. 
CRITICAL WARNING: [PSU-1]  Parameter : PCW_UIPARAM_DDR_DQS_TO_CLK_DELAY_2 has negative value -0.009 . PS DDR interfaces might fail when entering negative DQS skew values. 
CRITICAL WARNING: [PSU-2]  Parameter : PCW_UIPARAM_DDR_DQS_TO_CLK_DELAY_3 has negative value -0.033 . PS DDR interfaces might fail when entering negative DQS skew values. 
Wrote  : </home/engineer/fpga/worktrees/ips-cache/experiments/IPS-campaign/build-cache/vivado-project/teaching_pynqz1.srcs/sources_1/bd/system/system.bd> 
Verilog Output written to : /home/engineer/fpga/worktrees/ips-cache/experiments/IPS-campaign/build-cache/vivado-project/teaching_pynqz1.gen/sources_1/bd/system/synth/system.v
Verilog Output written to : /home/engineer/fpga/worktrees/ips-cache/experiments/IPS-campaign/build-cache/vivado-project/teaching_pynqz1.gen/sources_1/bd/system/sim/system.v
Verilog Output written to : /home/engineer/fpga/worktrees/ips-cache/experiments/IPS-campaign/build-cache/vivado-project/teaching_pynqz1.gen/sources_1/bd/system/hdl/system_wrapper.v
INFO: [BD 41-1029] Generation completed for the IP Integrator block proc_sys_reset_0 .
INFO: [IP_Flow 19-5611] Unable to find an associated reset port for the interface 'M_AXI_GP0'. A default connection has been created.
INFO: [IP_Flow 19-5611] Unable to find an associated reset port for the interface 'S_AXI_HP0'. A default connection has been created.
INFO: [BD 41-1029] Generation completed for the IP Integrator block processing_system7_0 .
WARNING: [IP_Flow 19-4994] Overwriting existing constraint file '/home/engineer/fpga/worktrees/ips-cache/experiments/IPS-campaign/build-cache/vivado-project/teaching_pynqz1.gen/sources_1/bd/system/ip/system_axi_interconnect_0_imp_auto_pc_0/system_axi_interconnect_0_imp_auto_pc_0_ooc.xdc'
INFO: [BD 41-1029] Generation completed for the IP Integrator block axi_interconnect_0/s00_couplers/auto_pc .
WARNING: [IP_Flow 19-4994] Overwriting existing constraint file '/home/engineer/fpga/worktrees/ips-cache/experiments/IPS-campaign/build-cache/vivado-project/teaching_pynqz1.gen/sources_1/bd/system/ip/system_axi_interconnect_1_imp_auto_pc_0/system_axi_interconnect_1_imp_auto_pc_0_ooc.xdc'
INFO: [BD 41-1029] Generation completed for the IP Integrator block axi_interconnect_1/s00_couplers/auto_pc .
Exporting to file /home/engineer/fpga/worktrees/ips-cache/experiments/IPS-campaign/build-cache/vivado-project/teaching_pynqz1.gen/sources_1/bd/system/hw_handoff/system.hwh
Generated Hardware Definition File /home/engineer/fpga/worktrees/ips-cache/experiments/IPS-campaign/build-cache/vivado-project/teaching_pynqz1.gen/sources_1/bd/system/synth/system.hwdef
INFO: [BD 41-3262] Generated VHDL Instantiation Template file /home/engineer/fpga/worktrees/ips-cache/experiments/IPS-campaign/build-cache/vivado-project/teaching_pynqz1.gen/sources_1/bd/system/system.vho
INFO: [BD 41-3262] Generated Verilog Instantiation Template file /home/engineer/fpga/worktrees/ips-cache/experiments/IPS-campaign/build-cache/vivado-project/teaching_pynqz1.gen/sources_1/bd/system/system.veo
INFO: [BD 41-3262] Generated System Verilog Instantiation Template file /home/engineer/fpga/worktrees/ips-cache/experiments/IPS-campaign/build-cache/vivado-project/teaching_pynqz1.gen/sources_1/bd/system/system_sv.sveo
WARNING: [Vivado 12-7122] Auto Incremental Compile:: No reference checkpoint was found in run synth_1. Auto-incremental flow will not be run, the standard flow will be run instead.
[Fri Sep 25 01:38:55 2026] Launched system_proc_sys_reset_0_0_synth_1, system_processing_system7_0_0_synth_1, system_axi_interconnect_0_imp_auto_pc_0_synth_1, system_axi_interconnect_1_imp_auto_pc_0_synth_1...
Run output will be captured here:
system_proc_sys_reset_0_0_synth_1: /home/engineer/fpga/worktrees/ips-cache/experiments/IPS-campaign/build-cache/vivado-project/teaching_pynqz1.runs/system_proc_sys_reset_0_0_synth_1/runme.log
system_processing_system7_0_0_synth_1: /home/engineer/fpga/worktrees/ips-cache/experiments/IPS-campaign/build-cache/vivado-project/teaching_pynqz1.runs/system_processing_system7_0_0_synth_1/runme.log
system_axi_interconnect_0_imp_auto_pc_0_synth_1: /home/engineer/fpga/worktrees/ips-cache/experiments/IPS-campaign/build-cache/vivado-project/teaching_pynqz1.runs/system_axi_interconnect_0_imp_auto_pc_0_synth_1/runme.log
system_axi_interconnect_1_imp_auto_pc_0_synth_1: /home/engineer/fpga/worktrees/ips-cache/experiments/IPS-campaign/build-cache/vivado-project/teaching_pynqz1.runs/system_axi_interconnect_1_imp_auto_pc_0_synth_1/runme.log
[Fri Sep 25 01:38:55 2026] Launched synth_1...
Run output will be captured here: /home/engineer/fpga/worktrees/ips-cache/experiments/IPS-campaign/build-cache/vivado-project/teaching_pynqz1.runs/synth_1/runme.log
launch_runs: Time (s): cpu = 00:00:18 ; elapsed = 00:00:19 . Memory (MB): peak = 1890.945 ; gain = 206.812 ; free physical = 9899 ; free virtual = 33069
# wait_on_run synth_1
[Fri Sep 25 01:38:55 2026] Waiting for synth_1 to finish...

*** Running vivado
    with args -log rocketchip_wrapper.vds -m64 -product Vivado -mode batch -messageDb vivado.pb -notrace -source rocketchip_wrapper.tcl


****** Vivado v2025.2.1 (64-bit)
  **** SW Build 6403652 on Thu Mar 19 13:47:00 MDT 2026
  **** IP Build 6403511 on Thu Mar 19 12:41:45 MDT 2026
  **** SharedData Build 6403650 on Thu Mar 19 14:02:13 MDT 2026
  **** Start of session at: Fri Sep 25 01:40:12 2026
    ** Copyright 1986-2022 Xilinx, Inc. All Rights Reserved.
    ** Copyright 2022-2026 Advanced Micro Devices, Inc. All Rights Reserved.

source rocketchip_wrapper.tcl -notrace
INFO: [IP_Flow 19-234] Refreshing IP repositories
INFO: [IP_Flow 19-1704] No user IP repositories specified
INFO: [IP_Flow 19-2313] Loaded Vivado IP repository '/opt/Xilinx/2025.2.1/data/ip'.
Command: synth_design -top rocketchip_wrapper -part xc7z020clg400-1
Starting synth_design
Attempting to get a license for feature 'Synthesis' and/or device 'xc7z020'
INFO: [Common 17-349] Got license for feature 'Synthesis' and/or device 'xc7z020'
INFO: [Device 21-403] Loading part xc7z020clg400-1
INFO: [Synth 8-7079] Multithreading enabled for synth_design using a maximum of 7 processes.
INFO: [Synth 8-7078] Launching helper process for spawning children vivado processes
INFO: [Synth 8-7075] Helper process launched with PID 1970
---------------------------------------------------------------------------------
Starting RTL Elaboration : Time (s): cpu = 00:00:04 ; elapsed = 00:00:04 . Memory (MB): peak = 2256.551 ; gain = 482.188 ; free physical = 8415 ; free virtual = 31591
---------------------------------------------------------------------------------
WARNING: [Synth 8-6901] identifier 'is_fencei' is used before its declaration [/home/engineer/fpga/worktrees/ips-cache/experiments/IPS-campaign/build-cache/inputs/tcpu_core.v:160]
WARNING: [Synth 8-6901] identifier 'csr_irq_pending' is used before its declaration [/home/engineer/fpga/worktrees/ips-cache/experiments/IPS-campaign/build-cache/inputs/tcpu_core.v:470]
WARNING: [Synth 8-6901] identifier 'st_mpp' is used before its declaration [/home/engineer/fpga/worktrees/ips-cache/experiments/IPS-campaign/build-cache/inputs/tcpu_csr.v:94]
INFO: [Synth 8-11241] undeclared symbol 'state', assumed default net type 'wire' [/home/engineer/fpga/worktrees/ips-cache/experiments/IPS-campaign/build-cache/inputs/tcpu_ifill.v:82]
INFO: [Synth 8-11241] undeclared symbol 'held_addr', assumed default net type 'wire' [/home/engineer/fpga/worktrees/ips-cache/experiments/IPS-campaign/build-cache/inputs/tcpu_ifill.v:82]
WARNING: [Synth 8-8895] 'state' is already implicitly declared on line 82 [/home/engineer/fpga/worktrees/ips-cache/experiments/IPS-campaign/build-cache/inputs/tcpu_ifill.v:86]
WARNING: [Synth 8-8895] 'held_addr' is already implicitly declared on line 82 [/home/engineer/fpga/worktrees/ips-cache/experiments/IPS-campaign/build-cache/inputs/tcpu_ifill.v:87]
INFO: [Synth 8-11241] undeclared symbol 'M_AXI_rresp', assumed default net type 'wire' [/home/engineer/fpga/worktrees/ips-cache/experiments/IPS-campaign/build-cache/inputs/rocketchip_wrapper.v:301]
INFO: [Synth 8-11241] undeclared symbol 'M_AXI_bresp', assumed default net type 'wire' [/home/engineer/fpga/worktrees/ips-cache/experiments/IPS-campaign/build-cache/inputs/rocketchip_wrapper.v:308]
INFO: [Synth 8-6157] synthesizing module 'rocketchip_wrapper' [/home/engineer/fpga/worktrees/ips-cache/experiments/IPS-campaign/build-cache/inputs/rocketchip_wrapper.v:4]
INFO: [Synth 8-6157] synthesizing module 'system' [/home/engineer/fpga/worktrees/ips-cache/experiments/IPS-campaign/build-cache/vivado-project/teaching_pynqz1.gen/sources_1/bd/system/synth/system.v:665]
INFO: [Synth 8-6157] synthesizing module 'system_axi_interconnect_0_0' [/home/engineer/fpga/worktrees/ips-cache/experiments/IPS-campaign/build-cache/vivado-project/teaching_pynqz1.gen/sources_1/bd/system/synth/system.v:1332]
INFO: [Synth 8-6157] synthesizing module 's00_couplers_imp_Y9JEWS' [/home/engineer/fpga/worktrees/ips-cache/experiments/IPS-campaign/build-cache/vivado-project/teaching_pynqz1.gen/sources_1/bd/system/synth/system.v:339]
INFO: [Synth 8-6157] synthesizing module 'system_axi_interconnect_0_imp_auto_pc_0' [/home/engineer/fpga/worktrees/ips-cache/experiments/IPS-campaign/build-cache/vivado-project/teaching_pynqz1.runs/synth_1/.Xil/Vivado-1924-ubuntu/realtime/system_axi_interconnect_0_imp_auto_pc_0_stub.v:6]
INFO: [Synth 8-6155] done synthesizing module 'system_axi_interconnect_0_imp_auto_pc_0' (0#1) [/home/engineer/fpga/worktrees/ips-cache/experiments/IPS-campaign/build-cache/vivado-project/teaching_pynqz1.runs/synth_1/.Xil/Vivado-1924-ubuntu/realtime/system_axi_interconnect_0_imp_auto_pc_0_stub.v:6]
INFO: [Synth 8-6155] done synthesizing module 's00_couplers_imp_Y9JEWS' (0#1) [/home/engineer/fpga/worktrees/ips-cache/experiments/IPS-campaign/build-cache/vivado-project/teaching_pynqz1.gen/sources_1/bd/system/synth/system.v:339]
INFO: [Synth 8-6155] done synthesizing module 'system_axi_interconnect_0_0' (0#1) [/home/engineer/fpga/worktrees/ips-cache/experiments/IPS-campaign/build-cache/vivado-project/teaching_pynqz1.gen/sources_1/bd/system/synth/system.v:1332]
INFO: [Synth 8-6157] synthesizing module 'system_axi_interconnect_1_0' [/home/engineer/fpga/worktrees/ips-cache/experiments/IPS-campaign/build-cache/vivado-project/teaching_pynqz1.gen/sources_1/bd/system/synth/system.v:1666]
INFO: [Synth 8-6157] synthesizing module 's00_couplers_imp_8CNLH6' [/home/engineer/fpga/worktrees/ips-cache/experiments/IPS-campaign/build-cache/vivado-project/teaching_pynqz1.gen/sources_1/bd/system/synth/system.v:13]
INFO: [Synth 8-6157] synthesizing module 'system_axi_interconnect_1_imp_auto_pc_0' [/home/engineer/fpga/worktrees/ips-cache/experiments/IPS-campaign/build-cache/vivado-project/teaching_pynqz1.runs/synth_1/.Xil/Vivado-1924-ubuntu/realtime/system_axi_interconnect_1_imp_auto_pc_0_stub.v:6]
INFO: [Synth 8-6155] done synthesizing module 'system_axi_interconnect_1_imp_auto_pc_0' (0#1) [/home/engineer/fpga/worktrees/ips-cache/experiments/IPS-campaign/build-cache/vivado-project/teaching_pynqz1.runs/synth_1/.Xil/Vivado-1924-ubuntu/realtime/system_axi_interconnect_1_imp_auto_pc_0_stub.v:6]
INFO: [Synth 8-6155] done synthesizing module 's00_couplers_imp_8CNLH6' (0#1) [/home/engineer/fpga/worktrees/ips-cache/experiments/IPS-campaign/build-cache/vivado-project/teaching_pynqz1.gen/sources_1/bd/system/synth/system.v:13]
INFO: [Synth 8-6155] done synthesizing module 'system_axi_interconnect_1_0' (0#1) [/home/engineer/fpga/worktrees/ips-cache/experiments/IPS-campaign/build-cache/vivado-project/teaching_pynqz1.gen/sources_1/bd/system/synth/system.v:1666]
INFO: [Synth 8-6157] synthesizing module 'system_proc_sys_reset_0_0' [/home/engineer/fpga/worktrees/ips-cache/experiments/IPS-campaign/build-cache/vivado-project/teaching_pynqz1.runs/synth_1/.Xil/Vivado-1924-ubuntu/realtime/system_proc_sys_reset_0_0_stub.v:6]
INFO: [Synth 8-6155] done synthesizing module 'system_proc_sys_reset_0_0' (0#1) [/home/engineer/fpga/worktrees/ips-cache/experiments/IPS-campaign/build-cache/vivado-project/teaching_pynqz1.runs/synth_1/.Xil/Vivado-1924-ubuntu/realtime/system_proc_sys_reset_0_0_stub.v:6]
WARNING: [Synth 8-7071] port 'mb_reset' of module 'system_proc_sys_reset_0_0' is unconnected for instance 'proc_sys_reset_0' [/home/engineer/fpga/worktrees/ips-cache/experiments/IPS-campaign/build-cache/vivado-project/teaching_pynqz1.gen/sources_1/bd/system/synth/system.v:1218]
WARNING: [Synth 8-7071] port 'bus_struct_reset' of module 'system_proc_sys_reset_0_0' is unconnected for instance 'proc_sys_reset_0' [/home/engineer/fpga/worktrees/ips-cache/experiments/IPS-campaign/build-cache/vivado-project/teaching_pynqz1.gen/sources_1/bd/system/synth/system.v:1218]
WARNING: [Synth 8-7071] port 'peripheral_reset' of module 'system_proc_sys_reset_0_0' is unconnected for instance 'proc_sys_reset_0' [/home/engineer/fpga/worktrees/ips-cache/experiments/IPS-campaign/build-cache/vivado-project/teaching_pynqz1.gen/sources_1/bd/system/synth/system.v:1218]
WARNING: [Synth 8-7023] instance 'proc_sys_reset_0' of module 'system_proc_sys_reset_0_0' has 10 connections declared, but only 7 given [/home/engineer/fpga/worktrees/ips-cache/experiments/IPS-campaign/build-cache/vivado-project/teaching_pynqz1.gen/sources_1/bd/system/synth/system.v:1218]
INFO: [Synth 8-6157] synthesizing module 'system_processing_system7_0_0' [/home/engineer/fpga/worktrees/ips-cache/experiments/IPS-campaign/build-cache/vivado-project/teaching_pynqz1.runs/synth_1/.Xil/Vivado-1924-ubuntu/realtime/system_processing_system7_0_0_stub.v:6]
INFO: [Synth 8-6155] done synthesizing module 'system_processing_system7_0_0' (0#1) [/home/engineer/fpga/worktrees/ips-cache/experiments/IPS-campaign/build-cache/vivado-project/teaching_pynqz1.runs/synth_1/.Xil/Vivado-1924-ubuntu/realtime/system_processing_system7_0_0_stub.v:6]
WARNING: [Synth 8-7071] port 'USB0_PORT_INDCTL' of module 'system_processing_system7_0_0' is unconnected for instance 'processing_system7_0' [/home/engineer/fpga/worktrees/ips-cache/experiments/IPS-campaign/build-cache/vivado-project/teaching_pynqz1.gen/sources_1/bd/system/synth/system.v:1226]
WARNING: [Synth 8-7071] port 'USB0_VBUS_PWRSELECT' of module 'system_processing_system7_0_0' is unconnected for instance 'processing_system7_0' [/home/engineer/fpga/worktrees/ips-cache/experiments/IPS-campaign/build-cache/vivado-project/teaching_pynqz1.gen/sources_1/bd/system/synth/system.v:1226]
WARNING: [Synth 8-7071] port 'S_AXI_HP0_RCOUNT' of module 'system_processing_system7_0_0' is unconnected for instance 'processing_system7_0' [/home/engineer/fpga/worktrees/ips-cache/experiments/IPS-campaign/build-cache/vivado-project/teaching_pynqz1.gen/sources_1/bd/system/synth/system.v:1226]
WARNING: [Synth 8-7071] port 'S_AXI_HP0_WCOUNT' of module 'system_processing_system7_0_0' is unconnected for instance 'processing_system7_0' [/home/engineer/fpga/worktrees/ips-cache/experiments/IPS-campaign/build-cache/vivado-project/teaching_pynqz1.gen/sources_1/bd/system/synth/system.v:1226]
WARNING: [Synth 8-7071] port 'S_AXI_HP0_RACOUNT' of module 'system_processing_system7_0_0' is unconnected for instance 'processing_system7_0' [/home/engineer/fpga/worktrees/ips-cache/experiments/IPS-campaign/build-cache/vivado-project/teaching_pynqz1.gen/sources_1/bd/system/synth/system.v:1226]
WARNING: [Synth 8-7071] port 'S_AXI_HP0_WACOUNT' of module 'system_processing_system7_0_0' is unconnected for instance 'processing_system7_0' [/home/engineer/fpga/worktrees/ips-cache/experiments/IPS-campaign/build-cache/vivado-project/teaching_pynqz1.gen/sources_1/bd/system/synth/system.v:1226]
WARNING: [Synth 8-7071] port 'FCLK_CLK0' of module 'system_processing_system7_0_0' is unconnected for instance 'processing_system7_0' [/home/engineer/fpga/worktrees/ips-cache/experiments/IPS-campaign/build-cache/vivado-project/teaching_pynqz1.gen/sources_1/bd/system/synth/system.v:1226]
WARNING: [Synth 8-7023] instance 'processing_system7_0' of module 'system_processing_system7_0_0' has 110 connections declared, but only 103 given [/home/engineer/fpga/worktrees/ips-cache/experiments/IPS-campaign/build-cache/vivado-project/teaching_pynqz1.gen/sources_1/bd/system/synth/system.v:1226]
INFO: [Synth 8-6155] done synthesizing module 'system' (0#1) [/home/engineer/fpga/worktrees/ips-cache/experiments/IPS-campaign/build-cache/vivado-project/teaching_pynqz1.gen/sources_1/bd/system/synth/system.v:665]
INFO: [Synth 8-6157] synthesizing module 'Top' [/home/engineer/fpga/worktrees/ips-cache/experiments/IPS-campaign/build-cache/inputs/teaching_top_shim.v:19]
INFO: [Synth 8-6157] synthesizing module 'RD2BoardTop' [/home/engineer/fpga/worktrees/ips-cache/experiments/IPS-campaign/build-cache/inputs/RD2BoardTop.RD2AtomicBoardConfig.v:146825]
INFO: [Synth 8-6157] synthesizing module 'RD2ZynqTop' [/home/engineer/fpga/worktrees/ips-cache/experiments/IPS-campaign/build-cache/inputs/RD2BoardTop.RD2AtomicBoardConfig.v:55566]
INFO: [Synth 8-6157] synthesizing module 'IntXbar' [/home/engineer/fpga/worktrees/ips-cache/experiments/IPS-campaign/build-cache/inputs/RD2BoardTop.RD2AtomicBoardConfig.v:1]
INFO: [Synth 8-6155] done synthesizing module 'IntXbar' (0#1) [/home/engineer/fpga/worktrees/ips-cache/experiments/IPS-campaign/build-cache/inputs/RD2BoardTop.RD2AtomicBoardConfig.v:1]
INFO: [Synth 8-6157] synthesizing module 'SystemBus' [/home/engineer/fpga/worktrees/ips-cache/experiments/IPS-campaign/build-cache/inputs/RD2BoardTop.RD2AtomicBoardConfig.v:5308]
INFO: [Synth 8-6157] synthesizing module 'TLXbar' [/home/engineer/fpga/worktrees/ips-cache/experiments/IPS-campaign/build-cache/inputs/RD2BoardTop.RD2AtomicBoardConfig.v:7]
INFO: [Synth 8-6155] done synthesizing module 'TLXbar' (0#1) [/home/engineer/fpga/worktrees/ips-cache/experiments/IPS-campaign/build-cache/inputs/RD2BoardTop.RD2AtomicBoardConfig.v:7]
INFO: [Synth 8-6157] synthesizing module 'TLSplitter' [/home/engineer/fpga/worktrees/ips-cache/experiments/IPS-campaign/build-cache/inputs/RD2BoardTop.RD2AtomicBoardConfig.v:3113]
INFO: [Synth 8-6155] done synthesizing module 'TLSplitter' (0#1) [/home/engineer/fpga/worktrees/ips-cache/experiments/IPS-campaign/build-cache/inputs/RD2BoardTop.RD2AtomicBoardConfig.v:3113]
INFO: [Synth 8-6157] synthesizing module 'SimpleLazyModule' [/home/engineer/fpga/worktrees/ips-cache/experiments/IPS-campaign/build-cache/inputs/RD2BoardTop.RD2AtomicBoardConfig.v:3398]
INFO: [Synth 8-6157] synthesizing module 'TLFIFOFixer' [/home/engineer/fpga/worktrees/ips-cache/experiments/IPS-campaign/build-cache/inputs/RD2BoardTop.RD2AtomicBoardConfig.v:3284]
INFO: [Synth 8-6155] done synthesizing module 'TLFIFOFixer' (0#1) [/home/engineer/fpga/worktrees/ips-cache/experiments/IPS-campaign/build-cache/inputs/RD2BoardTop.RD2AtomicBoardConfig.v:3284]
INFO: [Synth 8-6157] synthesizing module 'TLWidthWidget' [/home/engineer/fpga/worktrees/ips-cache/experiments/IPS-campaign/build-cache/inputs/RD2BoardTop.RD2AtomicBoardConfig.v:3341]
INFO: [Synth 8-6155] done synthesizing module 'TLWidthWidget' (0#1) [/home/engineer/fpga/worktrees/ips-cache/experiments/IPS-campaign/build-cache/inputs/RD2BoardTop.RD2AtomicBoardConfig.v:3341]
INFO: [Synth 8-6155] done synthesizing module 'SimpleLazyModule' (0#1) [/home/engineer/fpga/worktrees/ips-cache/experiments/IPS-campaign/build-cache/inputs/RD2BoardTop.RD2AtomicBoardConfig.v:3398]
INFO: [Synth 8-6157] synthesizing module 'SimpleLazyModule_2' [/home/engineer/fpga/worktrees/ips-cache/experiments/IPS-campaign/build-cache/inputs/RD2BoardTop.RD2AtomicBoardConfig.v:3731]
INFO: [Synth 8-6155] done synthesizing module 'SimpleLazyModule_2' (0#1) [/home/engineer/fpga/worktrees/ips-cache/experiments/IPS-campaign/build-cache/inputs/RD2BoardTop.RD2AtomicBoardConfig.v:3731]
INFO: [Synth 8-6157] synthesizing module 'SimpleLazyModule_3' [/home/engineer/fpga/worktrees/ips-cache/experiments/IPS-campaign/build-cache/inputs/RD2BoardTop.RD2AtomicBoardConfig.v:4339]
INFO: [Synth 8-6157] synthesizing module 'TLBuffer_1' [/home/engineer/fpga/worktrees/ips-cache/experiments/IPS-campaign/build-cache/inputs/RD2BoardTop.RD2AtomicBoardConfig.v:4222]
INFO: [Synth 8-6157] synthesizing module 'Queue' [/home/engineer/fpga/worktrees/ips-cache/experiments/IPS-campaign/build-cache/inputs/RD2BoardTop.RD2AtomicBoardConfig.v:3788]
INFO: [Synth 8-6155] done synthesizing module 'Queue' (0#1) [/home/engineer/fpga/worktrees/ips-cache/experiments/IPS-campaign/build-cache/inputs/RD2BoardTop.RD2AtomicBoardConfig.v:3788]
INFO: [Synth 8-6157] synthesizing module 'Queue_1' [/home/engineer/fpga/worktrees/ips-cache/experiments/IPS-campaign/build-cache/inputs/RD2BoardTop.RD2AtomicBoardConfig.v:3957]
INFO: [Synth 8-6155] done synthesizing module 'Queue_1' (0#1) [/home/engineer/fpga/worktrees/ips-cache/experiments/IPS-campaign/build-cache/inputs/RD2BoardTop.RD2AtomicBoardConfig.v:3957]
INFO: [Synth 8-6155] done synthesizing module 'TLBuffer_1' (0#1) [/home/engineer/fpga/worktrees/ips-cache/experiments/IPS-campaign/build-cache/inputs/RD2BoardTop.RD2AtomicBoardConfig.v:4222]
INFO: [Synth 8-6155] done synthesizing module 'SimpleLazyModule_3' (0#1) [/home/engineer/fpga/worktrees/ips-cache/experiments/IPS-campaign/build-cache/inputs/RD2BoardTop.RD2AtomicBoardConfig.v:4339]
INFO: [Synth 8-6157] synthesizing module 'SimpleLazyModule_4' [/home/engineer/fpga/worktrees/ips-cache/experiments/IPS-campaign/build-cache/inputs/RD2BoardTop.RD2AtomicBoardConfig.v:4544]
INFO: [Synth 8-6157] synthesizing module 'TLBuffer_2' [/home/engineer/fpga/worktrees/ips-cache/experiments/IPS-campaign/build-cache/inputs/RD2BoardTop.RD2AtomicBoardConfig.v:4448]
INFO: [Synth 8-6155] done synthesizing module 'TLBuffer_2' (0#1) [/home/engineer/fpga/worktrees/ips-cache/experiments/IPS-campaign/build-cache/inputs/RD2BoardTop.RD2AtomicBoardConfig.v:4448]
INFO: [Synth 8-6157] synthesizing module 'TLFIFOFixer_1' [/home/engineer/fpga/worktrees/ips-cache/experiments/IPS-campaign/build-cache/inputs/RD2BoardTop.RD2AtomicBoardConfig.v:4496]
INFO: [Synth 8-6155] done synthesizing module 'TLFIFOFixer_1' (0#1) [/home/engineer/fpga/worktrees/ips-cache/experiments/IPS-campaign/build-cache/inputs/RD2BoardTop.RD2AtomicBoardConfig.v:4496]
INFO: [Synth 8-6155] done synthesizing module 'SimpleLazyModule_4' (0#1) [/home/engineer/fpga/worktrees/ips-cache/experiments/IPS-campaign/build-cache/inputs/RD2BoardTop.RD2AtomicBoardConfig.v:4544]
INFO: [Synth 8-6157] synthesizing module 'SimpleLazyModule_5' [/home/engineer/fpga/worktrees/ips-cache/experiments/IPS-campaign/build-cache/inputs/RD2BoardTop.RD2AtomicBoardConfig.v:4924]
INFO: [Synth 8-6157] synthesizing module 'TLBuffer_3' [/home/engineer/fpga/worktrees/ips-cache/experiments/IPS-campaign/build-cache/inputs/RD2BoardTop.RD2AtomicBoardConfig.v:4744]
INFO: [Synth 8-6155] done synthesizing module 'TLBuffer_3' (0#1) [/home/engineer/fpga/worktrees/ips-cache/experiments/IPS-campaign/build-cache/inputs/RD2BoardTop.RD2AtomicBoardConfig.v:4744]
INFO: [Synth 8-6157] synthesizing module 'TLFIFOFixer_2' [/home/engineer/fpga/worktrees/ips-cache/experiments/IPS-campaign/build-cache/inputs/RD2BoardTop.RD2AtomicBoardConfig.v:4834]
INFO: [Synth 8-6155] done synthesizing module 'TLFIFOFixer_2' (0#1) [/home/engineer/fpga/worktrees/ips-cache/experiments/IPS-campaign/build-cache/inputs/RD2BoardTop.RD2AtomicBoardConfig.v:4834]
INFO: [Synth 8-6155] done synthesizing module 'SimpleLazyModule_5' (0#1) [/home/engineer/fpga/worktrees/ips-cache/experiments/IPS-campaign/build-cache/inputs/RD2BoardTop.RD2AtomicBoardConfig.v:4924]
INFO: [Synth 8-6155] done synthesizing module 'SystemBus' (0#1) [/home/engineer/fpga/worktrees/ips-cache/experiments/IPS-campaign/build-cache/inputs/RD2BoardTop.RD2AtomicBoardConfig.v:5308]
INFO: [Synth 8-6157] synthesizing module 'PeripheryBus' [/home/engineer/fpga/worktrees/ips-cache/experiments/IPS-campaign/build-cache/inputs/RD2BoardTop.RD2AtomicBoardConfig.v:14625]
INFO: [Synth 8-6157] synthesizing module 'TLXbar_1' [/home/engineer/fpga/worktrees/ips-cache/experiments/IPS-campaign/build-cache/inputs/RD2BoardTop.RD2AtomicBoardConfig.v:6565]
INFO: [Synth 8-6155] done synthesizing module 'TLXbar_1' (0#1) [/home/engineer/fpga/worktrees/ips-cache/experiments/IPS-campaign/build-cache/inputs/RD2BoardTop.RD2AtomicBoardConfig.v:6565]
INFO: [Synth 8-6157] synthesizing module 'SimpleLazyModule_7' [/home/engineer/fpga/worktrees/ips-cache/experiments/IPS-campaign/build-cache/inputs/RD2BoardTop.RD2AtomicBoardConfig.v:10302]
INFO: [Synth 8-6157] synthesizing module 'TLBuffer_5' [/home/engineer/fpga/worktrees/ips-cache/experiments/IPS-campaign/build-cache/inputs/RD2BoardTop.RD2AtomicBoardConfig.v:8298]
INFO: [Synth 8-6157] synthesizing module 'Queue_2' [/home/engineer/fpga/worktrees/ips-cache/experiments/IPS-campaign/build-cache/inputs/RD2BoardTop.RD2AtomicBoardConfig.v:7760]
INFO: [Synth 8-6155] done synthesizing module 'Queue_2' (0#1) [/home/engineer/fpga/worktrees/ips-cache/experiments/IPS-campaign/build-cache/inputs/RD2BoardTop.RD2AtomicBoardConfig.v:7760]
INFO: [Synth 8-6157] synthesizing module 'Queue_3' [/home/engineer/fpga/worktrees/ips-cache/experiments/IPS-campaign/build-cache/inputs/RD2BoardTop.RD2AtomicBoardConfig.v:8029]
INFO: [Synth 8-6155] done synthesizing module 'Queue_3' (0#1) [/home/engineer/fpga/worktrees/ips-cache/experiments/IPS-campaign/build-cache/inputs/RD2BoardTop.RD2AtomicBoardConfig.v:8029]
INFO: [Synth 8-6155] done synthesizing module 'TLBuffer_5' (0#1) [/home/engineer/fpga/worktrees/ips-cache/experiments/IPS-campaign/build-cache/inputs/RD2BoardTop.RD2AtomicBoardConfig.v:8298]
INFO: [Synth 8-6157] synthesizing module 'TLAtomicAutomata' [/home/engineer/fpga/worktrees/ips-cache/experiments/IPS-campaign/build-cache/inputs/RD2BoardTop.RD2AtomicBoardConfig.v:8463]
INFO: [Synth 8-6155] done synthesizing module 'TLAtomicAutomata' (0#1) [/home/engineer/fpga/worktrees/ips-cache/experiments/IPS-campaign/build-cache/inputs/RD2BoardTop.RD2AtomicBoardConfig.v:8463]
INFO: [Synth 8-6155] done synthesizing module 'SimpleLazyModule_7' (0#1) [/home/engineer/fpga/worktrees/ips-cache/experiments/IPS-campaign/build-cache/inputs/RD2BoardTop.RD2AtomicBoardConfig.v:10302]
INFO: [Synth 8-6157] synthesizing module 'SimpleLazyModule_8' [/home/engineer/fpga/worktrees/ips-cache/experiments/IPS-campaign/build-cache/inputs/RD2BoardTop.RD2AtomicBoardConfig.v:11185]
INFO: [Synth 8-6157] synthesizing module 'TLFragmenter' [/home/engineer/fpga/worktrees/ips-cache/experiments/IPS-campaign/build-cache/inputs/RD2BoardTop.RD2AtomicBoardConfig.v:10682]
INFO: [Synth 8-6157] synthesizing module 'Repeater' [/home/engineer/fpga/worktrees/ips-cache/experiments/IPS-campaign/build-cache/inputs/RD2BoardTop.RD2AtomicBoardConfig.v:10557]
INFO: [Synth 8-6155] done synthesizing module 'Repeater' (0#1) [/home/engineer/fpga/worktrees/ips-cache/experiments/IPS-campaign/build-cache/inputs/RD2BoardTop.RD2AtomicBoardConfig.v:10557]
INFO: [Synth 8-6155] done synthesizing module 'TLFragmenter' (0#1) [/home/engineer/fpga/worktrees/ips-cache/experiments/IPS-campaign/build-cache/inputs/RD2BoardTop.RD2AtomicBoardConfig.v:10682]
INFO: [Synth 8-6157] synthesizing module 'TLBuffer_7' [/home/engineer/fpga/worktrees/ips-cache/experiments/IPS-campaign/build-cache/inputs/RD2BoardTop.RD2AtomicBoardConfig.v:11137]
INFO: [Synth 8-6155] done synthesizing module 'TLBuffer_7' (0#1) [/home/engineer/fpga/worktrees/ips-cache/experiments/IPS-campaign/build-cache/inputs/RD2BoardTop.RD2AtomicBoardConfig.v:11137]
INFO: [Synth 8-6155] done synthesizing module 'SimpleLazyModule_8' (0#1) [/home/engineer/fpga/worktrees/ips-cache/experiments/IPS-campaign/build-cache/inputs/RD2BoardTop.RD2AtomicBoardConfig.v:11185]
INFO: [Synth 8-6157] synthesizing module 'SimpleLazyModule_9' [/home/engineer/fpga/worktrees/ips-cache/experiments/IPS-campaign/build-cache/inputs/RD2BoardTop.RD2AtomicBoardConfig.v:12034]
INFO: [Synth 8-6157] synthesizing module 'TLFragmenter_1' [/home/engineer/fpga/worktrees/ips-cache/experiments/IPS-campaign/build-cache/inputs/RD2BoardTop.RD2AtomicBoardConfig.v:11516]
INFO: [Synth 8-6157] synthesizing module 'Repeater_1' [/home/engineer/fpga/worktrees/ips-cache/experiments/IPS-campaign/build-cache/inputs/RD2BoardTop.RD2AtomicBoardConfig.v:11391]
INFO: [Synth 8-6155] done synthesizing module 'Repeater_1' (0#1) [/home/engineer/fpga/worktrees/ips-cache/experiments/IPS-campaign/build-cache/inputs/RD2BoardTop.RD2AtomicBoardConfig.v:11391]
INFO: [Synth 8-6155] done synthesizing module 'TLFragmenter_1' (0#1) [/home/engineer/fpga/worktrees/ips-cache/experiments/IPS-campaign/build-cache/inputs/RD2BoardTop.RD2AtomicBoardConfig.v:11516]
INFO: [Synth 8-6157] synthesizing module 'TLBuffer_8' [/home/engineer/fpga/worktrees/ips-cache/experiments/IPS-campaign/build-cache/inputs/RD2BoardTop.RD2AtomicBoardConfig.v:11980]
INFO: [Synth 8-6155] done synthesizing module 'TLBuffer_8' (0#1) [/home/engineer/fpga/worktrees/ips-cache/experiments/IPS-campaign/build-cache/inputs/RD2BoardTop.RD2AtomicBoardConfig.v:11980]
INFO: [Synth 8-6155] done synthesizing module 'SimpleLazyModule_9' (0#1) [/home/engineer/fpga/worktrees/ips-cache/experiments/IPS-campaign/build-cache/inputs/RD2BoardTop.RD2AtomicBoardConfig.v:12034]
INFO: [Synth 8-6157] synthesizing module 'SimpleLazyModule_10' [/home/engineer/fpga/worktrees/ips-cache/experiments/IPS-campaign/build-cache/inputs/RD2BoardTop.RD2AtomicBoardConfig.v:12895]
INFO: [Synth 8-6157] synthesizing module 'TLFragmenter_2' [/home/engineer/fpga/worktrees/ips-cache/experiments/IPS-campaign/build-cache/inputs/RD2BoardTop.RD2AtomicBoardConfig.v:12392]
INFO: [Synth 8-6157] synthesizing module 'Repeater_2' [/home/engineer/fpga/worktrees/ips-cache/experiments/IPS-campaign/build-cache/inputs/RD2BoardTop.RD2AtomicBoardConfig.v:12267]
INFO: [Synth 8-6155] done synthesizing module 'Repeater_2' (0#1) [/home/engineer/fpga/worktrees/ips-cache/experiments/IPS-campaign/build-cache/inputs/RD2BoardTop.RD2AtomicBoardConfig.v:12267]
INFO: [Synth 8-6155] done synthesizing module 'TLFragmenter_2' (0#1) [/home/engineer/fpga/worktrees/ips-cache/experiments/IPS-campaign/build-cache/inputs/RD2BoardTop.RD2AtomicBoardConfig.v:12392]
INFO: [Synth 8-6157] synthesizing module 'TLBuffer_9' [/home/engineer/fpga/worktrees/ips-cache/experiments/IPS-campaign/build-cache/inputs/RD2BoardTop.RD2AtomicBoardConfig.v:12847]
INFO: [Synth 8-6155] done synthesizing module 'TLBuffer_9' (0#1) [/home/engineer/fpga/worktrees/ips-cache/experiments/IPS-campaign/build-cache/inputs/RD2BoardTop.RD2AtomicBoardConfig.v:12847]
INFO: [Synth 8-6155] done synthesizing module 'SimpleLazyModule_10' (0#1) [/home/engineer/fpga/worktrees/ips-cache/experiments/IPS-campaign/build-cache/inputs/RD2BoardTop.RD2AtomicBoardConfig.v:12895]
INFO: [Synth 8-6157] synthesizing module 'SimpleLazyModule_11' [/home/engineer/fpga/worktrees/ips-cache/experiments/IPS-campaign/build-cache/inputs/RD2BoardTop.RD2AtomicBoardConfig.v:13656]
INFO: [Synth 8-6157] synthesizing module 'TLFragmenter_3' [/home/engineer/fpga/worktrees/ips-cache/experiments/IPS-campaign/build-cache/inputs/RD2BoardTop.RD2AtomicBoardConfig.v:13214]
INFO: [Synth 8-6157] synthesizing module 'Repeater_3' [/home/engineer/fpga/worktrees/ips-cache/experiments/IPS-campaign/build-cache/inputs/RD2BoardTop.RD2AtomicBoardConfig.v:13101]
INFO: [Synth 8-6155] done synthesizing module 'Repeater_3' (0#1) [/home/engineer/fpga/worktrees/ips-cache/experiments/IPS-campaign/build-cache/inputs/RD2BoardTop.RD2AtomicBoardConfig.v:13101]
INFO: [Synth 8-6155] done synthesizing module 'TLFragmenter_3' (0#1) [/home/engineer/fpga/worktrees/ips-cache/experiments/IPS-campaign/build-cache/inputs/RD2BoardTop.RD2AtomicBoardConfig.v:13214]
INFO: [Synth 8-6157] synthesizing module 'TLBuffer_10' [/home/engineer/fpga/worktrees/ips-cache/experiments/IPS-campaign/build-cache/inputs/RD2BoardTop.RD2AtomicBoardConfig.v:13617]
INFO: [Synth 8-6155] done synthesizing module 'TLBuffer_10' (0#1) [/home/engineer/fpga/worktrees/ips-cache/experiments/IPS-campaign/build-cache/inputs/RD2BoardTop.RD2AtomicBoardConfig.v:13617]
INFO: [Synth 8-6155] done synthesizing module 'SimpleLazyModule_11' (0#1) [/home/engineer/fpga/worktrees/ips-cache/experiments/IPS-campaign/build-cache/inputs/RD2BoardTop.RD2AtomicBoardConfig.v:13656]
INFO: [Synth 8-6157] synthesizing module 'SimpleLazyModule_13' [/home/engineer/fpga/worktrees/ips-cache/experiments/IPS-campaign/build-cache/inputs/RD2BoardTop.RD2AtomicBoardConfig.v:14399]
INFO: [Synth 8-6157] synthesizing module 'TLFragmenter_5' [/home/engineer/fpga/worktrees/ips-cache/experiments/IPS-campaign/build-cache/inputs/RD2BoardTop.RD2AtomicBoardConfig.v:13944]
INFO: [Synth 8-6157] synthesizing module 'Repeater_5' [/home/engineer/fpga/worktrees/ips-cache/experiments/IPS-campaign/build-cache/inputs/RD2BoardTop.RD2AtomicBoardConfig.v:13819]
INFO: [Synth 8-6155] done synthesizing module 'Repeater_5' (0#1) [/home/engineer/fpga/worktrees/ips-cache/experiments/IPS-campaign/build-cache/inputs/RD2BoardTop.RD2AtomicBoardConfig.v:13819]
INFO: [Synth 8-6155] done synthesizing module 'TLFragmenter_5' (0#1) [/home/engineer/fpga/worktrees/ips-cache/experiments/IPS-campaign/build-cache/inputs/RD2BoardTop.RD2AtomicBoardConfig.v:13944]
INFO: [Synth 8-6155] done synthesizing module 'SimpleLazyModule_13' (0#1) [/home/engineer/fpga/worktrees/ips-cache/experiments/IPS-campaign/build-cache/inputs/RD2BoardTop.RD2AtomicBoardConfig.v:14399]
INFO: [Synth 8-6155] done synthesizing module 'PeripheryBus' (0#1) [/home/engineer/fpga/worktrees/ips-cache/experiments/IPS-campaign/build-cache/inputs/RD2BoardTop.RD2AtomicBoardConfig.v:14625]
INFO: [Synth 8-6157] synthesizing module 'AtomicBackend' [/home/engineer/fpga/worktrees/ips-cache/experiments/IPS-campaign/build-cache/inputs/RD2BoardTop.RD2AtomicBoardConfig.v:15848]
INFO: [Synth 8-6157] synthesizing module 'Queue_6' [/home/engineer/fpga/worktrees/ips-cache/experiments/IPS-campaign/build-cache/inputs/RD2BoardTop.RD2AtomicBoardConfig.v:15744]
INFO: [Synth 8-6155] done synthesizing module 'Queue_6' (0#1) [/home/engineer/fpga/worktrees/ips-cache/experiments/IPS-campaign/build-cache/inputs/RD2BoardTop.RD2AtomicBoardConfig.v:15744]
INFO: [Synth 8-6155] done synthesizing module 'AtomicBackend' (0#1) [/home/engineer/fpga/worktrees/ips-cache/experiments/IPS-campaign/build-cache/inputs/RD2BoardTop.RD2AtomicBoardConfig.v:15848]
INFO: [Synth 8-6157] synthesizing module 'TLBroadcast' [/home/engineer/fpga/worktrees/ips-cache/experiments/IPS-campaign/build-cache/inputs/RD2BoardTop.RD2AtomicBoardConfig.v:18640]
INFO: [Synth 8-6157] synthesizing module 'TLBroadcastTracker' [/home/engineer/fpga/worktrees/ips-cache/experiments/IPS-campaign/build-cache/inputs/RD2BoardTop.RD2AtomicBoardConfig.v:17308]
INFO: [Synth 8-6157] synthesizing module 'Queue_7' [/home/engineer/fpga/worktrees/ips-cache/experiments/IPS-campaign/build-cache/inputs/RD2BoardTop.RD2AtomicBoardConfig.v:17164]
INFO: [Synth 8-6155] done synthesizing module 'Queue_7' (0#1) [/home/engineer/fpga/worktrees/ips-cache/experiments/IPS-campaign/build-cache/inputs/RD2BoardTop.RD2AtomicBoardConfig.v:17164]
INFO: [Synth 8-6155] done synthesizing module 'TLBroadcastTracker' (0#1) [/home/engineer/fpga/worktrees/ips-cache/experiments/IPS-campaign/build-cache/inputs/RD2BoardTop.RD2AtomicBoardConfig.v:17308]
INFO: [Synth 8-6157] synthesizing module 'TLBroadcastTracker_1' [/home/engineer/fpga/worktrees/ips-cache/experiments/IPS-campaign/build-cache/inputs/RD2BoardTop.RD2AtomicBoardConfig.v:17641]
INFO: [Synth 8-6155] done synthesizing module 'TLBroadcastTracker_1' (0#1) [/home/engineer/fpga/worktrees/ips-cache/experiments/IPS-campaign/build-cache/inputs/RD2BoardTop.RD2AtomicBoardConfig.v:17641]
INFO: [Synth 8-6157] synthesizing module 'TLBroadcastTracker_2' [/home/engineer/fpga/worktrees/ips-cache/experiments/IPS-campaign/build-cache/inputs/RD2BoardTop.RD2AtomicBoardConfig.v:17974]
INFO: [Synth 8-6155] done synthesizing module 'TLBroadcastTracker_2' (0#1) [/home/engineer/fpga/worktrees/ips-cache/experiments/IPS-campaign/build-cache/inputs/RD2BoardTop.RD2AtomicBoardConfig.v:17974]
INFO: [Synth 8-6157] synthesizing module 'TLBroadcastTracker_3' [/home/engineer/fpga/worktrees/ips-cache/experiments/IPS-campaign/build-cache/inputs/RD2BoardTop.RD2AtomicBoardConfig.v:18307]
INFO: [Synth 8-6155] done synthesizing module 'TLBroadcastTracker_3' (0#1) [/home/engineer/fpga/worktrees/ips-cache/experiments/IPS-campaign/build-cache/inputs/RD2BoardTop.RD2AtomicBoardConfig.v:18307]
INFO: [Synth 8-6155] done synthesizing module 'TLBroadcast' (0#1) [/home/engineer/fpga/worktrees/ips-cache/experiments/IPS-campaign/build-cache/inputs/RD2BoardTop.RD2AtomicBoardConfig.v:18640]
INFO: [Synth 8-6157] synthesizing module 'TLWidthWidget_1' [/home/engineer/fpga/worktrees/ips-cache/experiments/IPS-campaign/build-cache/inputs/RD2BoardTop.RD2AtomicBoardConfig.v:20026]
INFO: [Synth 8-6155] done synthesizing module 'TLWidthWidget_1' (0#1) [/home/engineer/fpga/worktrees/ips-cache/experiments/IPS-campaign/build-cache/inputs/RD2BoardTop.RD2AtomicBoardConfig.v:20026]
INFO: [Synth 8-6157] synthesizing module 'MemoryBus' [/home/engineer/fpga/worktrees/ips-cache/experiments/IPS-campaign/build-cache/inputs/RD2BoardTop.RD2AtomicBoardConfig.v:25938]
INFO: [Synth 8-6157] synthesizing module 'TLXbar_3' [/home/engineer/fpga/worktrees/ips-cache/experiments/IPS-campaign/build-cache/inputs/RD2BoardTop.RD2AtomicBoardConfig.v:20077]
INFO: [Synth 8-6155] done synthesizing module 'TLXbar_3' (0#1) [/home/engineer/fpga/worktrees/ips-cache/experiments/IPS-campaign/build-cache/inputs/RD2BoardTop.RD2AtomicBoardConfig.v:20077]
INFO: [Synth 8-6157] synthesizing module 'SimpleLazyModule_15' [/home/engineer/fpga/worktrees/ips-cache/experiments/IPS-campaign/build-cache/inputs/RD2BoardTop.RD2AtomicBoardConfig.v:20287]
INFO: [Synth 8-6157] synthesizing module 'TLFilter' [/home/engineer/fpga/worktrees/ips-cache/experiments/IPS-campaign/build-cache/inputs/RD2BoardTop.RD2AtomicBoardConfig.v:20236]
INFO: [Synth 8-6155] done synthesizing module 'TLFilter' (0#1) [/home/engineer/fpga/worktrees/ips-cache/experiments/IPS-campaign/build-cache/inputs/RD2BoardTop.RD2AtomicBoardConfig.v:20236]
INFO: [Synth 8-6155] done synthesizing module 'SimpleLazyModule_15' (0#1) [/home/engineer/fpga/worktrees/ips-cache/experiments/IPS-campaign/build-cache/inputs/RD2BoardTop.RD2AtomicBoardConfig.v:20287]
INFO: [Synth 8-6157] synthesizing module 'SimpleLazyModule_16' [/home/engineer/fpga/worktrees/ips-cache/experiments/IPS-campaign/build-cache/inputs/RD2BoardTop.RD2AtomicBoardConfig.v:25213]
INFO: [Synth 8-6157] synthesizing module 'AXI4UserYanker' [/home/engineer/fpga/worktrees/ips-cache/experiments/IPS-campaign/build-cache/inputs/RD2BoardTop.RD2AtomicBoardConfig.v:20581]
INFO: [Synth 8-6157] synthesizing module 'Queue_11' [/home/engineer/fpga/worktrees/ips-cache/experiments/IPS-campaign/build-cache/inputs/RD2BoardTop.RD2AtomicBoardConfig.v:20502]
INFO: [Synth 8-6155] done synthesizing module 'Queue_11' (0#1) [/home/engineer/fpga/worktrees/ips-cache/experiments/IPS-campaign/build-cache/inputs/RD2BoardTop.RD2AtomicBoardConfig.v:20502]
INFO: [Synth 8-6155] done synthesizing module 'AXI4UserYanker' (0#1) [/home/engineer/fpga/worktrees/ips-cache/experiments/IPS-campaign/build-cache/inputs/RD2BoardTop.RD2AtomicBoardConfig.v:20581]
INFO: [Synth 8-6157] synthesizing module 'AXI4IdIndexer' [/home/engineer/fpga/worktrees/ips-cache/experiments/IPS-campaign/build-cache/inputs/RD2BoardTop.RD2AtomicBoardConfig.v:22621]
INFO: [Synth 8-6155] done synthesizing module 'AXI4IdIndexer' (0#1) [/home/engineer/fpga/worktrees/ips-cache/experiments/IPS-campaign/build-cache/inputs/RD2BoardTop.RD2AtomicBoardConfig.v:22621]
INFO: [Synth 8-6157] synthesizing module 'TLToAXI4' [/home/engineer/fpga/worktrees/ips-cache/experiments/IPS-campaign/build-cache/inputs/RD2BoardTop.RD2AtomicBoardConfig.v:23232]
INFO: [Synth 8-6157] synthesizing module 'Queue_43' [/home/engineer/fpga/worktrees/ips-cache/experiments/IPS-campaign/build-cache/inputs/RD2BoardTop.RD2AtomicBoardConfig.v:22747]
INFO: [Synth 8-6155] done synthesizing module 'Queue_43' (0#1) [/home/engineer/fpga/worktrees/ips-cache/experiments/IPS-campaign/build-cache/inputs/RD2BoardTop.RD2AtomicBoardConfig.v:22747]
INFO: [Synth 8-6157] synthesizing module 'Queue_44' [/home/engineer/fpga/worktrees/ips-cache/experiments/IPS-campaign/build-cache/inputs/RD2BoardTop.RD2AtomicBoardConfig.v:22892]
INFO: [Synth 8-6155] done synthesizing module 'Queue_44' (0#1) [/home/engineer/fpga/worktrees/ips-cache/experiments/IPS-campaign/build-cache/inputs/RD2BoardTop.RD2AtomicBoardConfig.v:22892]
INFO: [Synth 8-6155] done synthesizing module 'TLToAXI4' (0#1) [/home/engineer/fpga/worktrees/ips-cache/experiments/IPS-campaign/build-cache/inputs/RD2BoardTop.RD2AtomicBoardConfig.v:23232]
INFO: [Synth 8-6155] done synthesizing module 'SimpleLazyModule_16' (0#1) [/home/engineer/fpga/worktrees/ips-cache/experiments/IPS-campaign/build-cache/inputs/RD2BoardTop.RD2AtomicBoardConfig.v:25213]
INFO: [Synth 8-6155] done synthesizing module 'MemoryBus' (0#1) [/home/engineer/fpga/worktrees/ips-cache/experiments/IPS-campaign/build-cache/inputs/RD2BoardTop.RD2AtomicBoardConfig.v:25938]
INFO: [Synth 8-6157] synthesizing module 'TLPLIC' [/home/engineer/fpga/worktrees/ips-cache/experiments/IPS-campaign/build-cache/inputs/RD2BoardTop.RD2AtomicBoardConfig.v:26565]
INFO: [Synth 8-6157] synthesizing module 'LevelGateway' [/home/engineer/fpga/worktrees/ips-cache/experiments/IPS-campaign/build-cache/inputs/RD2BoardTop.RD2AtomicBoardConfig.v:26333]
INFO: [Synth 8-6155] done synthesizing module 'LevelGateway' (0#1) [/home/engineer/fpga/worktrees/ips-cache/experiments/IPS-campaign/build-cache/inputs/RD2BoardTop.RD2AtomicBoardConfig.v:26333]
INFO: [Synth 8-6157] synthesizing module 'Queue_45' [/home/engineer/fpga/worktrees/ips-cache/experiments/IPS-campaign/build-cache/inputs/RD2BoardTop.RD2AtomicBoardConfig.v:26386]
INFO: [Synth 8-6155] done synthesizing module 'Queue_45' (0#1) [/home/engineer/fpga/worktrees/ips-cache/experiments/IPS-campaign/build-cache/inputs/RD2BoardTop.RD2AtomicBoardConfig.v:26386]
INFO: [Synth 8-6155] done synthesizing module 'TLPLIC' (0#1) [/home/engineer/fpga/worktrees/ips-cache/experiments/IPS-campaign/build-cache/inputs/RD2BoardTop.RD2AtomicBoardConfig.v:26565]
INFO: [Synth 8-6157] synthesizing module 'CLINT' [/home/engineer/fpga/worktrees/ips-cache/experiments/IPS-campaign/build-cache/inputs/RD2BoardTop.RD2AtomicBoardConfig.v:27368]
INFO: [Synth 8-6155] done synthesizing module 'CLINT' (0#1) [/home/engineer/fpga/worktrees/ips-cache/experiments/IPS-campaign/build-cache/inputs/RD2BoardTop.RD2AtomicBoardConfig.v:27368]
INFO: [Synth 8-6157] synthesizing module 'TLDebugModule' [/home/engineer/fpga/worktrees/ips-cache/experiments/IPS-campaign/build-cache/inputs/RD2BoardTop.RD2AtomicBoardConfig.v:48422]
INFO: [Synth 8-6157] synthesizing module 'TLDebugModuleOuterAsync' [/home/engineer/fpga/worktrees/ips-cache/experiments/IPS-campaign/build-cache/inputs/RD2BoardTop.RD2AtomicBoardConfig.v:29445]
WARNING: [Synth 8-4446] all outputs are unconnected for this instance and logic may be removed [/home/engineer/fpga/worktrees/ips-cache/experiments/IPS-campaign/build-cache/inputs/RD2BoardTop.RD2AtomicBoardConfig.v:29507]
INFO: [Synth 8-6157] synthesizing module 'TLXbar_4' [/home/engineer/fpga/worktrees/ips-cache/experiments/IPS-campaign/build-cache/inputs/RD2BoardTop.RD2AtomicBoardConfig.v:27705]
INFO: [Synth 8-6155] done synthesizing module 'TLXbar_4' (0#1) [/home/engineer/fpga/worktrees/ips-cache/experiments/IPS-campaign/build-cache/inputs/RD2BoardTop.RD2AtomicBoardConfig.v:27705]
INFO: [Synth 8-6157] synthesizing module 'TLDebugModuleOuter' [/home/engineer/fpga/worktrees/ips-cache/experiments/IPS-campaign/build-cache/inputs/RD2BoardTop.RD2AtomicBoardConfig.v:28519]
INFO: [Synth 8-6157] synthesizing module 'AsyncResetRegVec_w32_i0' [/home/engineer/fpga/worktrees/ips-cache/experiments/IPS-campaign/build-cache/inputs/RD2BoardTop.RD2AtomicBoardConfig.v:27914]
INFO: [Synth 8-6157] synthesizing module 'AsyncResetReg' [/home/engineer/fpga/worktrees/ips-cache/experiments/IPS-campaign/build-cache/inputs/AsyncResetReg.v:40]
WARNING: [Synth 8-6896] if statement with non-constant condition is inside initial block, initial block items will be ignored [/home/engineer/fpga/worktrees/ips-cache/experiments/IPS-campaign/build-cache/inputs/AsyncResetReg.v:54]
INFO: [Synth 8-6155] done synthesizing module 'AsyncResetReg' (0#1) [/home/engineer/fpga/worktrees/ips-cache/experiments/IPS-campaign/build-cache/inputs/AsyncResetReg.v:40]
INFO: [Synth 8-6155] done synthesizing module 'AsyncResetRegVec_w32_i0' (0#1) [/home/engineer/fpga/worktrees/ips-cache/experiments/IPS-campaign/build-cache/inputs/RD2BoardTop.RD2AtomicBoardConfig.v:27914]
INFO: [Synth 8-6157] synthesizing module 'AsyncResetRegVec_w1_i0' [/home/engineer/fpga/worktrees/ips-cache/experiments/IPS-campaign/build-cache/inputs/RD2BoardTop.RD2AtomicBoardConfig.v:28494]
INFO: [Synth 8-6155] done synthesizing module 'AsyncResetRegVec_w1_i0' (0#1) [/home/engineer/fpga/worktrees/ips-cache/experiments/IPS-campaign/build-cache/inputs/RD2BoardTop.RD2AtomicBoardConfig.v:28494]
INFO: [Synth 8-6155] done synthesizing module 'TLDebugModuleOuter' (0#1) [/home/engineer/fpga/worktrees/ips-cache/experiments/IPS-campaign/build-cache/inputs/RD2BoardTop.RD2AtomicBoardConfig.v:28519]
INFO: [Synth 8-6157] synthesizing module 'TLAsyncCrossingSource' [/home/engineer/fpga/worktrees/ips-cache/experiments/IPS-campaign/build-cache/inputs/RD2BoardTop.RD2AtomicBoardConfig.v:29209]
INFO: [Synth 8-6157] synthesizing module 'AsyncQueueSource' [/home/engineer/fpga/worktrees/ips-cache/experiments/IPS-campaign/build-cache/inputs/RD2BoardTop.RD2AtomicBoardConfig.v:28837]
INFO: [Synth 8-6157] synthesizing module 'AsyncResetSynchronizerShiftReg_w1_d3_i0' [/home/engineer/fpga/worktrees/ips-cache/experiments/IPS-campaign/build-cache/inputs/RD2BoardTop.RD2AtomicBoardConfig.v:28623]
INFO: [Synth 8-6155] done synthesizing module 'AsyncResetSynchronizerShiftReg_w1_d3_i0' (0#1) [/home/engineer/fpga/worktrees/ips-cache/experiments/IPS-campaign/build-cache/inputs/RD2BoardTop.RD2AtomicBoardConfig.v:28623]
INFO: [Synth 8-6157] synthesizing module 'AsyncValidSync' [/home/engineer/fpga/worktrees/ips-cache/experiments/IPS-campaign/build-cache/inputs/RD2BoardTop.RD2AtomicBoardConfig.v:28751]
INFO: [Synth 8-6157] synthesizing module 'AsyncResetSynchronizerShiftReg_w1_d4_i0' [/home/engineer/fpga/worktrees/ips-cache/experiments/IPS-campaign/build-cache/inputs/RD2BoardTop.RD2AtomicBoardConfig.v:28679]
INFO: [Synth 8-6155] done synthesizing module 'AsyncResetSynchronizerShiftReg_w1_d4_i0' (0#1) [/home/engineer/fpga/worktrees/ips-cache/experiments/IPS-campaign/build-cache/inputs/RD2BoardTop.RD2AtomicBoardConfig.v:28679]
INFO: [Synth 8-6155] done synthesizing module 'AsyncValidSync' (0#1) [/home/engineer/fpga/worktrees/ips-cache/experiments/IPS-campaign/build-cache/inputs/RD2BoardTop.RD2AtomicBoardConfig.v:28751]
INFO: [Synth 8-6157] synthesizing module 'AsyncValidSync_1' [/home/engineer/fpga/worktrees/ips-cache/experiments/IPS-campaign/build-cache/inputs/RD2BoardTop.RD2AtomicBoardConfig.v:28795]
INFO: [Synth 8-6157] synthesizing module 'AsyncResetSynchronizerShiftReg_w1_d1_i0' [/home/engineer/fpga/worktrees/ips-cache/experiments/IPS-campaign/build-cache/inputs/RD2BoardTop.RD2AtomicBoardConfig.v:28771]
INFO: [Synth 8-6155] done synthesizing module 'AsyncResetSynchronizerShiftReg_w1_d1_i0' (0#1) [/home/engineer/fpga/worktrees/ips-cache/experiments/IPS-campaign/build-cache/inputs/RD2BoardTop.RD2AtomicBoardConfig.v:28771]
INFO: [Synth 8-6155] done synthesizing module 'AsyncValidSync_1' (0#1) [/home/engineer/fpga/worktrees/ips-cache/experiments/IPS-campaign/build-cache/inputs/RD2BoardTop.RD2AtomicBoardConfig.v:28795]
INFO: [Synth 8-6157] synthesizing module 'AsyncValidSync_2' [/home/engineer/fpga/worktrees/ips-cache/experiments/IPS-campaign/build-cache/inputs/RD2BoardTop.RD2AtomicBoardConfig.v:28816]
INFO: [Synth 8-6155] done synthesizing module 'AsyncValidSync_2' (0#1) [/home/engineer/fpga/worktrees/ips-cache/experiments/IPS-campaign/build-cache/inputs/RD2BoardTop.RD2AtomicBoardConfig.v:28816]
INFO: [Synth 8-6155] done synthesizing module 'AsyncQueueSource' (0#1) [/home/engineer/fpga/worktrees/ips-cache/experiments/IPS-campaign/build-cache/inputs/RD2BoardTop.RD2AtomicBoardConfig.v:28837]
INFO: [Synth 8-6157] synthesizing module 'AsyncQueueSink' [/home/engineer/fpga/worktrees/ips-cache/experiments/IPS-campaign/build-cache/inputs/RD2BoardTop.RD2AtomicBoardConfig.v:29004]
INFO: [Synth 8-6157] synthesizing module 'SynchronizerShiftReg_w42_d1' [/home/engineer/fpga/worktrees/ips-cache/experiments/IPS-campaign/build-cache/inputs/RD2BoardTop.RD2AtomicBoardConfig.v:28968]
INFO: [Synth 8-6155] done synthesizing module 'SynchronizerShiftReg_w42_d1' (0#1) [/home/engineer/fpga/worktrees/ips-cache/experiments/IPS-campaign/build-cache/inputs/RD2BoardTop.RD2AtomicBoardConfig.v:28968]
INFO: [Synth 8-6155] done synthesizing module 'AsyncQueueSink' (0#1) [/home/engineer/fpga/worktrees/ips-cache/experiments/IPS-campaign/build-cache/inputs/RD2BoardTop.RD2AtomicBoardConfig.v:29004]
INFO: [Synth 8-6155] done synthesizing module 'TLAsyncCrossingSource' (0#1) [/home/engineer/fpga/worktrees/ips-cache/experiments/IPS-campaign/build-cache/inputs/RD2BoardTop.RD2AtomicBoardConfig.v:29209]
INFO: [Synth 8-6157] synthesizing module 'AsyncQueueSource_1' [/home/engineer/fpga/worktrees/ips-cache/experiments/IPS-campaign/build-cache/inputs/RD2BoardTop.RD2AtomicBoardConfig.v:29314]
INFO: [Synth 8-6155] done synthesizing module 'AsyncQueueSource_1' (0#1) [/home/engineer/fpga/worktrees/ips-cache/experiments/IPS-campaign/build-cache/inputs/RD2BoardTop.RD2AtomicBoardConfig.v:29314]
INFO: [Synth 8-6155] done synthesizing module 'TLDebugModuleOuterAsync' (0#1) [/home/engineer/fpga/worktrees/ips-cache/experiments/IPS-campaign/build-cache/inputs/RD2BoardTop.RD2AtomicBoardConfig.v:29445]
INFO: [Synth 8-6157] synthesizing module 'TLDebugModuleInnerAsync' [/home/engineer/fpga/worktrees/ips-cache/experiments/IPS-campaign/build-cache/inputs/RD2BoardTop.RD2AtomicBoardConfig.v:48143]
INFO: [Common 17-14] Message 'Synth 8-6157' appears 100 times and further instances of the messages will be disabled. Use the Tcl command set_msg_config to change the current settings.
INFO: [Synth 8-6155] done synthesizing module 'TLDebugModuleInner' (0#1) [/home/engineer/fpga/worktrees/ips-cache/experiments/IPS-campaign/build-cache/inputs/RD2BoardTop.RD2AtomicBoardConfig.v:29584]
INFO: [Synth 8-6155] done synthesizing module 'SynchronizerShiftReg_w54_d1' (0#1) [/home/engineer/fpga/worktrees/ips-cache/experiments/IPS-campaign/build-cache/inputs/RD2BoardTop.RD2AtomicBoardConfig.v:47317]
INFO: [Synth 8-6155] done synthesizing module 'AsyncQueueSink_1' (0#1) [/home/engineer/fpga/worktrees/ips-cache/experiments/IPS-campaign/build-cache/inputs/RD2BoardTop.RD2AtomicBoardConfig.v:47353]
INFO: [Synth 8-6155] done synthesizing module 'AsyncQueueSource_2' (0#1) [/home/engineer/fpga/worktrees/ips-cache/experiments/IPS-campaign/build-cache/inputs/RD2BoardTop.RD2AtomicBoardConfig.v:47557]
INFO: [Synth 8-6155] done synthesizing module 'TLAsyncCrossingSink' (0#1) [/home/engineer/fpga/worktrees/ips-cache/experiments/IPS-campaign/build-cache/inputs/RD2BoardTop.RD2AtomicBoardConfig.v:47765]
INFO: [Synth 8-6155] done synthesizing module 'SynchronizerShiftReg_w12_d1' (0#1) [/home/engineer/fpga/worktrees/ips-cache/experiments/IPS-campaign/build-cache/inputs/RD2BoardTop.RD2AtomicBoardConfig.v:47908]
INFO: [Common 17-14] Message 'Synth 8-6155' appears 100 times and further instances of the messages will be disabled. Use the Tcl command set_msg_config to change the current settings.
	Parameter RESET_PC bound to: 64'b0000000000000000000000000000000000000000000000010000000001000000 
	Parameter MISA_A bound to: 1 - type: integer 
	Parameter BYTES bound to: 1024 - type: integer 
	Parameter LINE_BYTES bound to: 16 - type: integer 
	Parameter BYTES bound to: 1024 - type: integer 
	Parameter LINE_BYTES bound to: 16 - type: integer 
INFO: [Synth 8-226] default block is never used [/home/engineer/fpga/worktrees/ips-cache/experiments/IPS-campaign/build-cache/inputs/tcpu_ifill.v:124]
	Parameter FAULT_C_IMM bound to: 0 - type: integer 
	Parameter FAULT_C_REG bound to: 0 - type: integer 
	Parameter X0_WRITABLE bound to: 0 - type: integer 
	Parameter TLB_ENTRIES bound to: 8 - type: integer 
	Parameter FAULT_PTW_NO_PERM bound to: 0 - type: integer 
	Parameter ENTRIES bound to: 8 - type: integer 
	Parameter FAULT_PTW_NO_PERM bound to: 0 - type: integer 
	Parameter MISA_A bound to: 1 - type: integer 
	Parameter TRAP_BAD_MEPC bound to: 0 - type: integer 
	Parameter TRAP_COUNTS_RET bound to: 0 - type: integer 
	Parameter ALLOW_RO_WRITE bound to: 0 - type: integer 
	Parameter FAULT_NO_DELEG bound to: 0 - type: integer 
	Parameter FAULT_S_IRQ_IN_M bound to: 0 - type: integer 
	Parameter FAULT_SRET_SPP bound to: 0 - type: integer 
	Parameter FAULT_W_SEXT bound to: 0 - type: integer 
	Parameter FAULT_MULH_SIGN bound to: 0 - type: integer 
WARNING: [Synth 8-689] width (4) of port connection 'dbg_csr_sel' does not match port width (5) of module 'tcpu_core' [/home/engineer/fpga/worktrees/ips-cache/experiments/IPS-campaign/build-cache/inputs/RD2BoardTop.RD2AtomicBoardConfig.v:55506]
WARNING: [Synth 8-7071] port 'commit_len' of module 'tcpu_core' is unconnected for instance 'core' [/home/engineer/fpga/worktrees/ips-cache/experiments/IPS-campaign/build-cache/inputs/RD2BoardTop.RD2AtomicBoardConfig.v:55497]
WARNING: [Synth 8-7071] port 'dbg_priv' of module 'tcpu_core' is unconnected for instance 'core' [/home/engineer/fpga/worktrees/ips-cache/experiments/IPS-campaign/build-cache/inputs/RD2BoardTop.RD2AtomicBoardConfig.v:55497]
WARNING: [Synth 8-7023] instance 'core' of module 'tcpu_core' has 45 connections declared, but only 43 given [/home/engineer/fpga/worktrees/ips-cache/experiments/IPS-campaign/build-cache/inputs/RD2BoardTop.RD2AtomicBoardConfig.v:55497]
WARNING: [Synth 8-689] width (32) of port connection 'io_ps_axi_slave_aw_bits_addr' does not match port width (31) of module 'Top' [/home/engineer/fpga/worktrees/ips-cache/experiments/IPS-campaign/build-cache/inputs/rocketchip_wrapper.v:270]
WARNING: [Synth 8-689] width (32) of port connection 'io_ps_axi_slave_ar_bits_addr' does not match port width (31) of module 'Top' [/home/engineer/fpga/worktrees/ips-cache/experiments/IPS-campaign/build-cache/inputs/rocketchip_wrapper.v:282]
WARNING: [Synth 8-689] width (1) of port connection 'io_ps_axi_slave_r_bits_resp' does not match port width (2) of module 'Top' [/home/engineer/fpga/worktrees/ips-cache/experiments/IPS-campaign/build-cache/inputs/rocketchip_wrapper.v:301]
WARNING: [Synth 8-689] width (1) of port connection 'io_ps_axi_slave_b_bits_resp' does not match port width (2) of module 'Top' [/home/engineer/fpga/worktrees/ips-cache/experiments/IPS-campaign/build-cache/inputs/rocketchip_wrapper.v:308]
	Parameter BANDWIDTH bound to: OPTIMIZED - type: string 
	Parameter CLKFBOUT_MULT_F bound to: 8.000000e+00 - type: double 
	Parameter CLKFBOUT_PHASE bound to: 0.000000e+00 - type: double 
	Parameter CLKIN1_PERIOD bound to: 8.000000e+00 - type: double 
	Parameter CLKOUT0_DIVIDE_F bound to: 2.500000e+01 - type: double 
	Parameter CLKOUT0_DUTY_CYCLE bound to: 5.000000e-01 - type: double 
	Parameter CLKOUT0_PHASE bound to: 0.000000e+00 - type: double 
	Parameter CLKOUT1_DIVIDE bound to: 1 - type: integer 
	Parameter CLKOUT1_DUTY_CYCLE bound to: 5.000000e-01 - type: double 
	Parameter CLKOUT1_PHASE bound to: 0.000000e+00 - type: double 
	Parameter CLKOUT2_DIVIDE bound to: 1 - type: integer 
	Parameter CLKOUT2_DUTY_CYCLE bound to: 5.000000e-01 - type: double 
	Parameter CLKOUT2_PHASE bound to: 0.000000e+00 - type: double 
	Parameter CLKOUT3_DIVIDE bound to: 1 - type: integer 
	Parameter CLKOUT3_DUTY_CYCLE bound to: 5.000000e-01 - type: double 
	Parameter CLKOUT3_PHASE bound to: 0.000000e+00 - type: double 
	Parameter CLKOUT4_CASCADE bound to: FALSE - type: string 
	Parameter CLKOUT4_DIVIDE bound to: 1 - type: integer 
	Parameter CLKOUT4_DUTY_CYCLE bound to: 5.000000e-01 - type: double 
	Parameter CLKOUT4_PHASE bound to: 0.000000e+00 - type: double 
	Parameter CLKOUT5_DIVIDE bound to: 1 - type: integer 
	Parameter CLKOUT5_DUTY_CYCLE bound to: 5.000000e-01 - type: double 
	Parameter CLKOUT5_PHASE bound to: 0.000000e+00 - type: double 
	Parameter CLKOUT6_DIVIDE bound to: 1 - type: integer 
	Parameter CLKOUT6_DUTY_CYCLE bound to: 5.000000e-01 - type: double 
	Parameter CLKOUT6_PHASE bound to: 0.000000e+00 - type: double 
	Parameter DIVCLK_DIVIDE bound to: 1 - type: integer 
	Parameter REF_JITTER1 bound to: 0.000000e+00 - type: double 
	Parameter STARTUP_WAIT bound to: FALSE - type: string 
WARNING: [Synth 8-4767] Trying to implement RAM 'ram_lr_reg' in registers. Block RAM or DRAM implementation is not possible; see log for reasons. [/home/engineer/fpga/worktrees/ips-cache/experiments/IPS-campaign/build-cache/inputs/RD2BoardTop.RD2AtomicBoardConfig.v:15779]
Reason is one or more of the following :
	1: Write port has constant address. 
	2: No valid read/write found for RAM. 
	2: Only 1 word in RAM 
WARNING: [Synth 8-4767] Trying to implement RAM 'ram_sc_reg' in registers. Block RAM or DRAM implementation is not possible; see log for reasons. [/home/engineer/fpga/worktrees/ips-cache/experiments/IPS-campaign/build-cache/inputs/RD2BoardTop.RD2AtomicBoardConfig.v:15786]
Reason is one or more of the following :
	1: Write port has constant address. 
	2: No valid read/write found for RAM. 
	2: Only 1 word in RAM 
WARNING: [Synth 8-4767] Trying to implement RAM 'ram_reg' in registers. Block RAM or DRAM implementation is not possible; see log for reasons. [/home/engineer/fpga/worktrees/ips-cache/experiments/IPS-campaign/build-cache/inputs/RD2BoardTop.RD2AtomicBoardConfig.v:20527]
Reason is one or more of the following :
	1: Write port has constant address. 
	2: No valid read/write found for RAM. 
	2: Only 1 word in RAM 
WARNING: [Synth 8-4767] Trying to implement RAM 'ram_data_reg' in registers. Block RAM or DRAM implementation is not possible; see log for reasons. [/home/engineer/fpga/worktrees/ips-cache/experiments/IPS-campaign/build-cache/inputs/RD2BoardTop.RD2AtomicBoardConfig.v:22796]
Reason is one or more of the following :
	1: Write port has constant address. 
	2: No valid read/write found for RAM. 
	2: Only 1 word in RAM 
WARNING: [Synth 8-4767] Trying to implement RAM 'ram_strb_reg' in registers. Block RAM or DRAM implementation is not possible; see log for reasons. [/home/engineer/fpga/worktrees/ips-cache/experiments/IPS-campaign/build-cache/inputs/RD2BoardTop.RD2AtomicBoardConfig.v:22803]
Reason is one or more of the following :
	1: Write port has constant address. 
	2: No valid read/write found for RAM. 
	2: Only 1 word in RAM 
WARNING: [Synth 8-4767] Trying to implement RAM 'ram_last_reg' in registers. Block RAM or DRAM implementation is not possible; see log for reasons. [/home/engineer/fpga/worktrees/ips-cache/experiments/IPS-campaign/build-cache/inputs/RD2BoardTop.RD2AtomicBoardConfig.v:22809]
Reason is one or more of the following :
	1: Write port has constant address. 
	2: No valid read/write found for RAM. 
	2: Only 1 word in RAM 
WARNING: [Synth 8-4767] Trying to implement RAM 'ram_id_reg' in registers. Block RAM or DRAM implementation is not possible; see log for reasons. [/home/engineer/fpga/worktrees/ips-cache/experiments/IPS-campaign/build-cache/inputs/RD2BoardTop.RD2AtomicBoardConfig.v:23016]
Reason is one or more of the following :
	1: Write port has constant address. 
	2: No valid read/write found for RAM. 
	2: Only 1 word in RAM 
WARNING: [Synth 8-4767] Trying to implement RAM 'ram_addr_reg' in registers. Block RAM or DRAM implementation is not possible; see log for reasons. [/home/engineer/fpga/worktrees/ips-cache/experiments/IPS-campaign/build-cache/inputs/RD2BoardTop.RD2AtomicBoardConfig.v:23023]
Reason is one or more of the following :
	1: Write port has constant address. 
	2: No valid read/write found for RAM. 
	2: Only 1 word in RAM 
WARNING: [Synth 8-4767] Trying to implement RAM 'ram_len_reg' in registers. Block RAM or DRAM implementation is not possible; see log for reasons. [/home/engineer/fpga/worktrees/ips-cache/experiments/IPS-campaign/build-cache/inputs/RD2BoardTop.RD2AtomicBoardConfig.v:23029]
Reason is one or more of the following :
	1: Write port has constant address. 
	2: No valid read/write found for RAM. 
	2: Only 1 word in RAM 
WARNING: [Synth 8-4767] Trying to implement RAM 'ram_size_reg' in registers. Block RAM or DRAM implementation is not possible; see log for reasons. [/home/engineer/fpga/worktrees/ips-cache/experiments/IPS-campaign/build-cache/inputs/RD2BoardTop.RD2AtomicBoardConfig.v:23035]
Reason is one or more of the following :
	1: Write port has constant address. 
	2: No valid read/write found for RAM. 
	2: Only 1 word in RAM 
WARNING: [Synth 8-4767] Trying to implement RAM 'ram_burst_reg' in registers. Block RAM or DRAM implementation is not possible; see log for reasons. [/home/engineer/fpga/worktrees/ips-cache/experiments/IPS-campaign/build-cache/inputs/RD2BoardTop.RD2AtomicBoardConfig.v:23041]
Reason is one or more of the following :
	1: Only 1 word in RAM 
WARNING: [Synth 8-4767] Trying to implement RAM 'ram_lock_reg' in registers. Block RAM or DRAM implementation is not possible; see log for reasons. [/home/engineer/fpga/worktrees/ips-cache/experiments/IPS-campaign/build-cache/inputs/RD2BoardTop.RD2AtomicBoardConfig.v:23047]
Reason is one or more of the following :
	1: Only 1 word in RAM 
WARNING: [Synth 8-4767] Trying to implement RAM 'ram_cache_reg' in registers. Block RAM or DRAM implementation is not possible; see log for reasons. [/home/engineer/fpga/worktrees/ips-cache/experiments/IPS-campaign/build-cache/inputs/RD2BoardTop.RD2AtomicBoardConfig.v:23053]
Reason is one or more of the following :
	1: Only 1 word in RAM 
WARNING: [Synth 8-4767] Trying to implement RAM 'ram_prot_reg' in registers. Block RAM or DRAM implementation is not possible; see log for reasons. [/home/engineer/fpga/worktrees/ips-cache/experiments/IPS-campaign/build-cache/inputs/RD2BoardTop.RD2AtomicBoardConfig.v:23059]
Reason is one or more of the following :
	1: Only 1 word in RAM 
WARNING: [Synth 8-4767] Trying to implement RAM 'ram_qos_reg' in registers. Block RAM or DRAM implementation is not possible; see log for reasons. [/home/engineer/fpga/worktrees/ips-cache/experiments/IPS-campaign/build-cache/inputs/RD2BoardTop.RD2AtomicBoardConfig.v:23065]
Reason is one or more of the following :
	1: Only 1 word in RAM 
WARNING: [Synth 8-4767] Trying to implement RAM 'ram_user_reg' in registers. Block RAM or DRAM implementation is not possible; see log for reasons. [/home/engineer/fpga/worktrees/ips-cache/experiments/IPS-campaign/build-cache/inputs/RD2BoardTop.RD2AtomicBoardConfig.v:23071]
Reason is one or more of the following :
	1: Write port has constant address. 
	2: No valid read/write found for RAM. 
	2: Only 1 word in RAM 
WARNING: [Synth 8-4767] Trying to implement RAM 'ram_wen_reg' in registers. Block RAM or DRAM implementation is not possible; see log for reasons. [/home/engineer/fpga/worktrees/ips-cache/experiments/IPS-campaign/build-cache/inputs/RD2BoardTop.RD2AtomicBoardConfig.v:23077]
Reason is one or more of the following :
	1: Write port has constant address. 
	2: No valid read/write found for RAM. 
	2: Only 1 word in RAM 
WARNING: [Synth 8-4767] Trying to implement RAM 'ram_read_reg' in registers. Block RAM or DRAM implementation is not possible; see log for reasons. [/home/engineer/fpga/worktrees/ips-cache/experiments/IPS-campaign/build-cache/inputs/RD2BoardTop.RD2AtomicBoardConfig.v:26451]
Reason is one or more of the following :
	1: Write port has constant address. 
	2: No valid read/write found for RAM. 
	2: Only 1 word in RAM 
WARNING: [Synth 8-4767] Trying to implement RAM 'ram_index_reg' in registers. Block RAM or DRAM implementation is not possible; see log for reasons. [/home/engineer/fpga/worktrees/ips-cache/experiments/IPS-campaign/build-cache/inputs/RD2BoardTop.RD2AtomicBoardConfig.v:26458]
Reason is one or more of the following :
	1: Write port has constant address. 
	2: No valid read/write found for RAM. 
	2: Only 1 word in RAM 
WARNING: [Synth 8-4767] Trying to implement RAM 'ram_data_reg' in registers. Block RAM or DRAM implementation is not possible; see log for reasons. [/home/engineer/fpga/worktrees/ips-cache/experiments/IPS-campaign/build-cache/inputs/RD2BoardTop.RD2AtomicBoardConfig.v:26464]
Reason is one or more of the following :
	1: Write port has constant address. 
	2: No valid read/write found for RAM. 
	2: Only 1 word in RAM 
WARNING: [Synth 8-4767] Trying to implement RAM 'ram_mask_reg' in registers. Block RAM or DRAM implementation is not possible; see log for reasons. [/home/engineer/fpga/worktrees/ips-cache/experiments/IPS-campaign/build-cache/inputs/RD2BoardTop.RD2AtomicBoardConfig.v:26470]
Reason is one or more of the following :
	1: Write port has constant address. 
	2: No valid read/write found for RAM. 
	2: Only 1 word in RAM 
WARNING: [Synth 8-4767] Trying to implement RAM 'ram_extra_reg' in registers. Block RAM or DRAM implementation is not possible; see log for reasons. [/home/engineer/fpga/worktrees/ips-cache/experiments/IPS-campaign/build-cache/inputs/RD2BoardTop.RD2AtomicBoardConfig.v:26476]
Reason is one or more of the following :
	1: Write port has constant address. 
	2: No valid read/write found for RAM. 
	2: Only 1 word in RAM 
WARNING: [Synth 8-4767] Trying to implement RAM 'ram_opcode_reg' in registers. Block RAM or DRAM implementation is not possible; see log for reasons. [/home/engineer/fpga/worktrees/ips-cache/experiments/IPS-campaign/build-cache/inputs/RD2BoardTop.RD2AtomicBoardConfig.v:48661]
Reason is one or more of the following :
	1: Write port has constant address. 
	2: No valid read/write found for RAM. 
	2: Only 1 word in RAM 
WARNING: [Synth 8-4767] Trying to implement RAM 'ram_size_reg' in registers. Block RAM or DRAM implementation is not possible; see log for reasons. [/home/engineer/fpga/worktrees/ips-cache/experiments/IPS-campaign/build-cache/inputs/RD2BoardTop.RD2AtomicBoardConfig.v:48668]
Reason is one or more of the following :
	1: Write port has constant address. 
	2: No valid read/write found for RAM. 
	2: Only 1 word in RAM 
WARNING: [Synth 8-4767] Trying to implement RAM 'ram_source_reg' in registers. Block RAM or DRAM implementation is not possible; see log for reasons. [/home/engineer/fpga/worktrees/ips-cache/experiments/IPS-campaign/build-cache/inputs/RD2BoardTop.RD2AtomicBoardConfig.v:48674]
Reason is one or more of the following :
	1: Write port has constant address. 
	2: No valid read/write found for RAM. 
	2: Only 1 word in RAM 
WARNING: [Synth 8-4767] Trying to implement RAM 'ram_read_reg' in registers. Block RAM or DRAM implementation is not possible; see log for reasons. [/home/engineer/fpga/worktrees/ips-cache/experiments/IPS-campaign/build-cache/inputs/RD2BoardTop.RD2AtomicBoardConfig.v:51847]
Reason is one or more of the following :
	1: Write port has constant address. 
	2: No valid read/write found for RAM. 
	2: Only 1 word in RAM 
WARNING: [Synth 8-4767] Trying to implement RAM 'ram_index_reg' in registers. Block RAM or DRAM implementation is not possible; see log for reasons. [/home/engineer/fpga/worktrees/ips-cache/experiments/IPS-campaign/build-cache/inputs/RD2BoardTop.RD2AtomicBoardConfig.v:51854]
Reason is one or more of the following :
	1: Write port has constant address. 
	2: No valid read/write found for RAM. 
	2: Only 1 word in RAM 
WARNING: [Synth 8-4767] Trying to implement RAM 'ram_data_reg' in registers. Block RAM or DRAM implementation is not possible; see log for reasons. [/home/engineer/fpga/worktrees/ips-cache/experiments/IPS-campaign/build-cache/inputs/RD2BoardTop.RD2AtomicBoardConfig.v:51860]
Reason is one or more of the following :
	1: Write port has constant address. 
	2: No valid read/write found for RAM. 
	2: Only 1 word in RAM 
WARNING: [Synth 8-4767] Trying to implement RAM 'ram_mask_reg' in registers. Block RAM or DRAM implementation is not possible; see log for reasons. [/home/engineer/fpga/worktrees/ips-cache/experiments/IPS-campaign/build-cache/inputs/RD2BoardTop.RD2AtomicBoardConfig.v:51866]
Reason is one or more of the following :
	1: Write port has constant address. 
	2: No valid read/write found for RAM. 
	2: Only 1 word in RAM 
WARNING: [Synth 8-4767] Trying to implement RAM 'ram_extra_reg' in registers. Block RAM or DRAM implementation is not possible; see log for reasons. [/home/engineer/fpga/worktrees/ips-cache/experiments/IPS-campaign/build-cache/inputs/RD2BoardTop.RD2AtomicBoardConfig.v:51872]
Reason is one or more of the following :
	1: Write port has constant address. 
	2: No valid read/write found for RAM. 
	2: Only 1 word in RAM 
WARNING: [Synth 8-6014] Unused sequential element hit_done_reg was removed.  [/home/engineer/fpga/worktrees/ips-cache/experiments/IPS-campaign/build-cache/inputs/tcpu_xlate.v:141]
WARNING: [Synth 8-6014] Unused sequential element withdrawn_reg was removed.  [/home/engineer/fpga/worktrees/ips-cache/experiments/IPS-campaign/build-cache/inputs/tcpu_core.v:576]
WARNING: [Synth 8-6014] Unused sequential element take_trap_reg was removed.  [/home/engineer/fpga/worktrees/ips-cache/experiments/IPS-campaign/build-cache/inputs/tcpu_core.v:708]
WARNING: [Synth 8-6014] Unused sequential element commit_valid_reg was removed.  [/home/engineer/fpga/worktrees/ips-cache/experiments/IPS-campaign/build-cache/inputs/tcpu_core.v:567]
WARNING: [Synth 8-6014] Unused sequential element trap_enter_reg was removed.  [/home/engineer/fpga/worktrees/ips-cache/experiments/IPS-campaign/build-cache/inputs/tcpu_core.v:526]
WARNING: [Synth 8-4767] Trying to implement RAM 'ram_read_reg' in registers. Block RAM or DRAM implementation is not possible; see log for reasons. [/home/engineer/fpga/worktrees/ips-cache/experiments/IPS-campaign/build-cache/inputs/RD2BoardTop.RD2AtomicBoardConfig.v:58343]
Reason is one or more of the following :
	1: Write port has constant address. 
	2: No valid read/write found for RAM. 
	2: Only 1 word in RAM 
WARNING: [Synth 8-4767] Trying to implement RAM 'ram_index_reg' in registers. Block RAM or DRAM implementation is not possible; see log for reasons. [/home/engineer/fpga/worktrees/ips-cache/experiments/IPS-campaign/build-cache/inputs/RD2BoardTop.RD2AtomicBoardConfig.v:58350]
Reason is one or more of the following :
	1: Write port has constant address. 
	2: No valid read/write found for RAM. 
	2: Only 1 word in RAM 
WARNING: [Synth 8-4767] Trying to implement RAM 'ram_data_reg' in registers. Block RAM or DRAM implementation is not possible; see log for reasons. [/home/engineer/fpga/worktrees/ips-cache/experiments/IPS-campaign/build-cache/inputs/RD2BoardTop.RD2AtomicBoardConfig.v:58356]
Reason is one or more of the following :
	1: Write port has constant address. 
	2: No valid read/write found for RAM. 
	2: Only 1 word in RAM 
WARNING: [Synth 8-4767] Trying to implement RAM 'ram_mask_reg' in registers. Block RAM or DRAM implementation is not possible; see log for reasons. [/home/engineer/fpga/worktrees/ips-cache/experiments/IPS-campaign/build-cache/inputs/RD2BoardTop.RD2AtomicBoardConfig.v:58362]
Reason is one or more of the following :
	1: Write port has constant address. 
	2: No valid read/write found for RAM. 
	2: Only 1 word in RAM 
WARNING: [Synth 8-4767] Trying to implement RAM 'ram_extra_reg' in registers. Block RAM or DRAM implementation is not possible; see log for reasons. [/home/engineer/fpga/worktrees/ips-cache/experiments/IPS-campaign/build-cache/inputs/RD2BoardTop.RD2AtomicBoardConfig.v:58368]
Reason is one or more of the following :
	1: Write port has constant address. 
	2: No valid read/write found for RAM. 
	2: Only 1 word in RAM 
WARNING: [Synth 8-4767] Trying to implement RAM 'ram_id_reg' in registers. Block RAM or DRAM implementation is not possible; see log for reasons. [/home/engineer/fpga/worktrees/ips-cache/experiments/IPS-campaign/build-cache/inputs/RD2BoardTop.RD2AtomicBoardConfig.v:59595]
Reason is one or more of the following :
	1: Write port has constant address. 
	2: No valid read/write found for RAM. 
	2: Only 1 word in RAM 
WARNING: [Synth 8-4767] Trying to implement RAM 'ram_addr_reg' in registers. Block RAM or DRAM implementation is not possible; see log for reasons. [/home/engineer/fpga/worktrees/ips-cache/experiments/IPS-campaign/build-cache/inputs/RD2BoardTop.RD2AtomicBoardConfig.v:59602]
Reason is one or more of the following :
	1: Write port has constant address. 
	2: No valid read/write found for RAM. 
	2: Only 1 word in RAM 
WARNING: [Synth 8-4767] Trying to implement RAM 'ram_len_reg' in registers. Block RAM or DRAM implementation is not possible; see log for reasons. [/home/engineer/fpga/worktrees/ips-cache/experiments/IPS-campaign/build-cache/inputs/RD2BoardTop.RD2AtomicBoardConfig.v:59608]
Reason is one or more of the following :
	1: Write port has constant address. 
	2: No valid read/write found for RAM. 
	2: Only 1 word in RAM 
WARNING: [Synth 8-4767] Trying to implement RAM 'ram_size_reg' in registers. Block RAM or DRAM implementation is not possible; see log for reasons. [/home/engineer/fpga/worktrees/ips-cache/experiments/IPS-campaign/build-cache/inputs/RD2BoardTop.RD2AtomicBoardConfig.v:59614]
Reason is one or more of the following :
	1: Write port has constant address. 
	2: No valid read/write found for RAM. 
	2: Only 1 word in RAM 
WARNING: [Synth 8-4767] Trying to implement RAM 'ram_burst_reg' in registers. Block RAM or DRAM implementation is not possible; see log for reasons. [/home/engineer/fpga/worktrees/ips-cache/experiments/IPS-campaign/build-cache/inputs/RD2BoardTop.RD2AtomicBoardConfig.v:59620]
Reason is one or more of the following :
	1: Write port has constant address. 
	2: No valid read/write found for RAM. 
	2: Only 1 word in RAM 
WARNING: [Synth 8-4767] Trying to implement RAM 'ram_data_reg' in registers. Block RAM or DRAM implementation is not possible; see log for reasons. [/home/engineer/fpga/worktrees/ips-cache/experiments/IPS-campaign/build-cache/inputs/RD2BoardTop.RD2AtomicBoardConfig.v:59770]
Reason is one or more of the following :
	1: Write port has constant address. 
	2: No valid read/write found for RAM. 
	2: Only 1 word in RAM 
WARNING: [Synth 8-4767] Trying to implement RAM 'ram_strb_reg' in registers. Block RAM or DRAM implementation is not possible; see log for reasons. [/home/engineer/fpga/worktrees/ips-cache/experiments/IPS-campaign/build-cache/inputs/RD2BoardTop.RD2AtomicBoardConfig.v:59777]
Reason is one or more of the following :
	1: Write port has constant address. 
	2: No valid read/write found for RAM. 
	2: Only 1 word in RAM 
WARNING: [Synth 8-4767] Trying to implement RAM 'ram_last_reg' in registers. Block RAM or DRAM implementation is not possible; see log for reasons. [/home/engineer/fpga/worktrees/ips-cache/experiments/IPS-campaign/build-cache/inputs/RD2BoardTop.RD2AtomicBoardConfig.v:59783]
Reason is one or more of the following :
	1: Write port has constant address. 
	2: No valid read/write found for RAM. 
	2: Only 1 word in RAM 
WARNING: [Synth 8-7129] Port read_intent in module tcpu_csr is either unconnected or has no load
WARNING: [Synth 8-7129] Port trap_epc[0] in module tcpu_csr is either unconnected or has no load
WARNING: [Synth 8-7129] Port resp_rdata[9] in module tcpu_ptw is either unconnected or has no load
WARNING: [Synth 8-7129] Port resp_rdata[8] in module tcpu_ptw is either unconnected or has no load
WARNING: [Synth 8-7129] Port resp_rdata[5] in module tcpu_ptw is either unconnected or has no load
WARNING: [Synth 8-7129] Port va[63] in module tcpu_tlb is either unconnected or has no load
WARNING: [Synth 8-7129] Port va[62] in module tcpu_tlb is either unconnected or has no load
WARNING: [Synth 8-7129] Port va[61] in module tcpu_tlb is either unconnected or has no load
WARNING: [Synth 8-7129] Port va[60] in module tcpu_tlb is either unconnected or has no load
WARNING: [Synth 8-7129] Port va[59] in module tcpu_tlb is either unconnected or has no load
WARNING: [Synth 8-7129] Port va[58] in module tcpu_tlb is either unconnected or has no load
WARNING: [Synth 8-7129] Port va[57] in module tcpu_tlb is either unconnected or has no load
WARNING: [Synth 8-7129] Port va[56] in module tcpu_tlb is either unconnected or has no load
WARNING: [Synth 8-7129] Port va[55] in module tcpu_tlb is either unconnected or has no load
WARNING: [Synth 8-7129] Port va[54] in module tcpu_tlb is either unconnected or has no load
WARNING: [Synth 8-7129] Port va[53] in module tcpu_tlb is either unconnected or has no load
WARNING: [Synth 8-7129] Port va[52] in module tcpu_tlb is either unconnected or has no load
WARNING: [Synth 8-7129] Port va[51] in module tcpu_tlb is either unconnected or has no load
WARNING: [Synth 8-7129] Port va[50] in module tcpu_tlb is either unconnected or has no load
WARNING: [Synth 8-7129] Port va[49] in module tcpu_tlb is either unconnected or has no load
WARNING: [Synth 8-7129] Port va[48] in module tcpu_tlb is either unconnected or has no load
WARNING: [Synth 8-7129] Port va[47] in module tcpu_tlb is either unconnected or has no load
WARNING: [Synth 8-7129] Port va[46] in module tcpu_tlb is either unconnected or has no load
WARNING: [Synth 8-7129] Port va[45] in module tcpu_tlb is either unconnected or has no load
WARNING: [Synth 8-7129] Port va[44] in module tcpu_tlb is either unconnected or has no load
WARNING: [Synth 8-7129] Port va[43] in module tcpu_tlb is either unconnected or has no load
WARNING: [Synth 8-7129] Port va[42] in module tcpu_tlb is either unconnected or has no load
WARNING: [Synth 8-7129] Port va[41] in module tcpu_tlb is either unconnected or has no load
WARNING: [Synth 8-7129] Port va[40] in module tcpu_tlb is either unconnected or has no load
WARNING: [Synth 8-7129] Port va[39] in module tcpu_tlb is either unconnected or has no load
WARNING: [Synth 8-7129] Port va[11] in module tcpu_tlb is either unconnected or has no load
WARNING: [Synth 8-7129] Port va[10] in module tcpu_tlb is either unconnected or has no load
WARNING: [Synth 8-7129] Port va[9] in module tcpu_tlb is either unconnected or has no load
WARNING: [Synth 8-7129] Port va[8] in module tcpu_tlb is either unconnected or has no load
WARNING: [Synth 8-7129] Port va[7] in module tcpu_tlb is either unconnected or has no load
WARNING: [Synth 8-7129] Port va[6] in module tcpu_tlb is either unconnected or has no load
WARNING: [Synth 8-7129] Port va[5] in module tcpu_tlb is either unconnected or has no load
WARNING: [Synth 8-7129] Port va[4] in module tcpu_tlb is either unconnected or has no load
WARNING: [Synth 8-7129] Port va[3] in module tcpu_tlb is either unconnected or has no load
WARNING: [Synth 8-7129] Port va[2] in module tcpu_tlb is either unconnected or has no load
WARNING: [Synth 8-7129] Port va[1] in module tcpu_tlb is either unconnected or has no load
WARNING: [Synth 8-7129] Port va[0] in module tcpu_tlb is either unconnected or has no load
WARNING: [Synth 8-7129] Port fill_va[63] in module tcpu_tlb is either unconnected or has no load
WARNING: [Synth 8-7129] Port fill_va[62] in module tcpu_tlb is either unconnected or has no load
WARNING: [Synth 8-7129] Port fill_va[61] in module tcpu_tlb is either unconnected or has no load
WARNING: [Synth 8-7129] Port fill_va[60] in module tcpu_tlb is either unconnected or has no load
WARNING: [Synth 8-7129] Port fill_va[59] in module tcpu_tlb is either unconnected or has no load
WARNING: [Synth 8-7129] Port fill_va[58] in module tcpu_tlb is either unconnected or has no load
WARNING: [Synth 8-7129] Port fill_va[57] in module tcpu_tlb is either unconnected or has no load
WARNING: [Synth 8-7129] Port fill_va[56] in module tcpu_tlb is either unconnected or has no load
WARNING: [Synth 8-7129] Port fill_va[55] in module tcpu_tlb is either unconnected or has no load
WARNING: [Synth 8-7129] Port fill_va[54] in module tcpu_tlb is either unconnected or has no load
WARNING: [Synth 8-7129] Port fill_va[53] in module tcpu_tlb is either unconnected or has no load
WARNING: [Synth 8-7129] Port fill_va[52] in module tcpu_tlb is either unconnected or has no load
WARNING: [Synth 8-7129] Port fill_va[51] in module tcpu_tlb is either unconnected or has no load
WARNING: [Synth 8-7129] Port fill_va[50] in module tcpu_tlb is either unconnected or has no load
WARNING: [Synth 8-7129] Port fill_va[49] in module tcpu_tlb is either unconnected or has no load
WARNING: [Synth 8-7129] Port fill_va[48] in module tcpu_tlb is either unconnected or has no load
WARNING: [Synth 8-7129] Port fill_va[47] in module tcpu_tlb is either unconnected or has no load
WARNING: [Synth 8-7129] Port fill_va[46] in module tcpu_tlb is either unconnected or has no load
WARNING: [Synth 8-7129] Port fill_va[45] in module tcpu_tlb is either unconnected or has no load
WARNING: [Synth 8-7129] Port fill_va[44] in module tcpu_tlb is either unconnected or has no load
WARNING: [Synth 8-7129] Port fill_va[43] in module tcpu_tlb is either unconnected or has no load
WARNING: [Synth 8-7129] Port fill_va[42] in module tcpu_tlb is either unconnected or has no load
WARNING: [Synth 8-7129] Port fill_va[41] in module tcpu_tlb is either unconnected or has no load
WARNING: [Synth 8-7129] Port fill_va[40] in module tcpu_tlb is either unconnected or has no load
WARNING: [Synth 8-7129] Port fill_va[39] in module tcpu_tlb is either unconnected or has no load
WARNING: [Synth 8-7129] Port fill_va[11] in module tcpu_tlb is either unconnected or has no load
WARNING: [Synth 8-7129] Port fill_va[10] in module tcpu_tlb is either unconnected or has no load
WARNING: [Synth 8-7129] Port fill_va[9] in module tcpu_tlb is either unconnected or has no load
WARNING: [Synth 8-7129] Port fill_va[8] in module tcpu_tlb is either unconnected or has no load
WARNING: [Synth 8-7129] Port fill_va[7] in module tcpu_tlb is either unconnected or has no load
WARNING: [Synth 8-7129] Port fill_va[6] in module tcpu_tlb is either unconnected or has no load
WARNING: [Synth 8-7129] Port fill_va[5] in module tcpu_tlb is either unconnected or has no load
WARNING: [Synth 8-7129] Port fill_va[4] in module tcpu_tlb is either unconnected or has no load
WARNING: [Synth 8-7129] Port fill_va[3] in module tcpu_tlb is either unconnected or has no load
WARNING: [Synth 8-7129] Port fill_va[2] in module tcpu_tlb is either unconnected or has no load
WARNING: [Synth 8-7129] Port fill_va[1] in module tcpu_tlb is either unconnected or has no load
WARNING: [Synth 8-7129] Port fill_va[0] in module tcpu_tlb is either unconnected or has no load
WARNING: [Synth 8-7129] Port pa[3] in module tcpu_icache is either unconnected or has no load
WARNING: [Synth 8-7129] Port pa[2] in module tcpu_icache is either unconnected or has no load
WARNING: [Synth 8-7129] Port pa[1] in module tcpu_icache is either unconnected or has no load
WARNING: [Synth 8-7129] Port pa[0] in module tcpu_icache is either unconnected or has no load
WARNING: [Synth 8-7129] Port fill_pa[3] in module tcpu_icache is either unconnected or has no load
WARNING: [Synth 8-7129] Port fill_pa[2] in module tcpu_icache is either unconnected or has no load
WARNING: [Synth 8-7129] Port fill_pa[1] in module tcpu_icache is either unconnected or has no load
WARNING: [Synth 8-7129] Port fill_pa[0] in module tcpu_icache is either unconnected or has no load
WARNING: [Synth 8-7129] Port pa[15] in module tcpu_cacheable is either unconnected or has no load
WARNING: [Synth 8-7129] Port pa[14] in module tcpu_cacheable is either unconnected or has no load
WARNING: [Synth 8-7129] Port pa[13] in module tcpu_cacheable is either unconnected or has no load
WARNING: [Synth 8-7129] Port pa[12] in module tcpu_cacheable is either unconnected or has no load
WARNING: [Synth 8-7129] Port pa[11] in module tcpu_cacheable is either unconnected or has no load
WARNING: [Synth 8-7129] Port pa[10] in module tcpu_cacheable is either unconnected or has no load
WARNING: [Synth 8-7129] Port pa[9] in module tcpu_cacheable is either unconnected or has no load
WARNING: [Synth 8-7129] Port pa[8] in module tcpu_cacheable is either unconnected or has no load
WARNING: [Synth 8-7129] Port pa[7] in module tcpu_cacheable is either unconnected or has no load
WARNING: [Synth 8-7129] Port pa[6] in module tcpu_cacheable is either unconnected or has no load
WARNING: [Synth 8-7129] Port pa[5] in module tcpu_cacheable is either unconnected or has no load
WARNING: [Synth 8-7129] Port pa[4] in module tcpu_cacheable is either unconnected or has no load
WARNING: [Synth 8-7129] Port pa[3] in module tcpu_cacheable is either unconnected or has no load
INFO: [Common 17-14] Message 'Synth 8-7129' appears 100 times and further instances of the messages will be disabled. Use the Tcl command set_msg_config to change the current settings.
---------------------------------------------------------------------------------
Finished RTL Elaboration : Time (s): cpu = 00:00:21 ; elapsed = 00:00:22 . Memory (MB): peak = 3065.191 ; gain = 1290.828 ; free physical = 7729 ; free virtual = 30918
---------------------------------------------------------------------------------
---------------------------------------------------------------------------------
Start Handling Custom Attributes
---------------------------------------------------------------------------------
---------------------------------------------------------------------------------
Finished Handling Custom Attributes : Time (s): cpu = 00:00:23 ; elapsed = 00:00:24 . Memory (MB): peak = 3065.191 ; gain = 1290.828 ; free physical = 7757 ; free virtual = 30945
---------------------------------------------------------------------------------
---------------------------------------------------------------------------------
Finished RTL Optimization Phase 1 : Time (s): cpu = 00:00:23 ; elapsed = 00:00:24 . Memory (MB): peak = 3065.191 ; gain = 1290.828 ; free physical = 7757 ; free virtual = 30945
---------------------------------------------------------------------------------
Netlist sorting complete. Time (s): cpu = 00:00:00.77 ; elapsed = 00:00:00.78 . Memory (MB): peak = 3065.191 ; gain = 0.000 ; free physical = 7783 ; free virtual = 30972
INFO: [Netlist 29-17] Analyzing 2 Unisim elements for replacement
WARNING: [Netlist 29-432] The IBUFG primitive 'ibufg_gclk' has been retargeted to an IBUF primitive only. No BUFG will be added. If a global buffer is intended, please instantiate an available global clock primitive from the current architecture.
INFO: [Netlist 29-28] Unisim Transformation completed in 0 CPU seconds
INFO: [Project 1-570] Preparing netlist for logic optimization

Processing XDC Constraints
Initializing timing engine
Parsing XDC File [/home/engineer/fpga/worktrees/ips-cache/experiments/IPS-campaign/build-cache/vivado-project/teaching_pynqz1.gen/sources_1/bd/system/ip/system_axi_interconnect_0_imp_auto_pc_0/system_axi_interconnect_0_imp_auto_pc_0/system_axi_interconnect_0_imp_auto_pc_0_in_context.xdc] for cell 'system_i/axi_interconnect_0/s00_couplers/auto_pc'
Finished Parsing XDC File [/home/engineer/fpga/worktrees/ips-cache/experiments/IPS-campaign/build-cache/vivado-project/teaching_pynqz1.gen/sources_1/bd/system/ip/system_axi_interconnect_0_imp_auto_pc_0/system_axi_interconnect_0_imp_auto_pc_0/system_axi_interconnect_0_imp_auto_pc_0_in_context.xdc] for cell 'system_i/axi_interconnect_0/s00_couplers/auto_pc'
Parsing XDC File [/home/engineer/fpga/worktrees/ips-cache/experiments/IPS-campaign/build-cache/vivado-project/teaching_pynqz1.gen/sources_1/bd/system/ip/system_axi_interconnect_1_imp_auto_pc_0/system_axi_interconnect_1_imp_auto_pc_0/system_axi_interconnect_1_imp_auto_pc_0_in_context.xdc] for cell 'system_i/axi_interconnect_1/s00_couplers/auto_pc'
Finished Parsing XDC File [/home/engineer/fpga/worktrees/ips-cache/experiments/IPS-campaign/build-cache/vivado-project/teaching_pynqz1.gen/sources_1/bd/system/ip/system_axi_interconnect_1_imp_auto_pc_0/system_axi_interconnect_1_imp_auto_pc_0/system_axi_interconnect_1_imp_auto_pc_0_in_context.xdc] for cell 'system_i/axi_interconnect_1/s00_couplers/auto_pc'
Parsing XDC File [/home/engineer/fpga/worktrees/ips-cache/experiments/IPS-campaign/build-cache/vivado-project/teaching_pynqz1.gen/sources_1/bd/system/ip/system_proc_sys_reset_0_0/system_proc_sys_reset_0_0/system_proc_sys_reset_0_0_in_context.xdc] for cell 'system_i/proc_sys_reset_0'
Finished Parsing XDC File [/home/engineer/fpga/worktrees/ips-cache/experiments/IPS-campaign/build-cache/vivado-project/teaching_pynqz1.gen/sources_1/bd/system/ip/system_proc_sys_reset_0_0/system_proc_sys_reset_0_0/system_proc_sys_reset_0_0_in_context.xdc] for cell 'system_i/proc_sys_reset_0'
Parsing XDC File [/home/engineer/fpga/worktrees/ips-cache/experiments/IPS-campaign/build-cache/vivado-project/teaching_pynqz1.gen/sources_1/bd/system/ip/system_processing_system7_0_0/system_processing_system7_0_0/system_processing_system7_0_0_in_context.xdc] for cell 'system_i/processing_system7_0'
Finished Parsing XDC File [/home/engineer/fpga/worktrees/ips-cache/experiments/IPS-campaign/build-cache/vivado-project/teaching_pynqz1.gen/sources_1/bd/system/ip/system_processing_system7_0_0/system_processing_system7_0_0/system_processing_system7_0_0_in_context.xdc] for cell 'system_i/processing_system7_0'
Parsing XDC File [/home/engineer/fpga/worktrees/ips-cache/experiments/IPS-campaign/build-cache/inputs/base.xdc]
Finished Parsing XDC File [/home/engineer/fpga/worktrees/ips-cache/experiments/IPS-campaign/build-cache/inputs/base.xdc]
INFO: [Project 1-236] Implementation specific constraints were found while reading constraint file [/home/engineer/fpga/worktrees/ips-cache/experiments/IPS-campaign/build-cache/inputs/base.xdc]. These constraints will be ignored for synthesis but will be used in implementation. Impacted constraints are listed in the file [.Xil/rocketchip_wrapper_propImpl.xdc].
Resolution: To avoid this warning, move constraints listed in [.Xil/rocketchip_wrapper_propImpl.xdc] to another XDC file and exclude this new file from synthesis with the used_in_synthesis property (File Properties dialog in GUI) and re-run elaboration/synthesis.
Parsing XDC File [/home/engineer/fpga/worktrees/ips-cache/experiments/IPS-campaign/build-cache/vivado-project/teaching_pynqz1.runs/synth_1/dont_touch.xdc]
Finished Parsing XDC File [/home/engineer/fpga/worktrees/ips-cache/experiments/IPS-campaign/build-cache/vivado-project/teaching_pynqz1.runs/synth_1/dont_touch.xdc]
INFO: [Timing 38-2] Deriving generated clocks
Completed Processing XDC Constraints

Netlist sorting complete. Time (s): cpu = 00:00:00.02 ; elapsed = 00:00:00.01 . Memory (MB): peak = 3160.867 ; gain = 0.000 ; free physical = 7765 ; free virtual = 30953
INFO: [Project 1-111] Unisim Transformation Summary:
  A total of 2 instances were transformed.
  IBUFG => IBUF: 1 instance 
  MMCME2_BASE => MMCME2_ADV: 1 instance 

INFO: [Synth 8-802] inferred FSM for state register 'state_reg' in module 'tcpu_ifill'
INFO: [Synth 8-802] inferred FSM for state register 'state_reg' in module 'tcpu_ptw'
INFO: [Synth 8-802] inferred FSM for state register 'state_reg' in module 'tcpu_core'
---------------------------------------------------------------------------------------------------
                   State |                     New Encoding |                Previous Encoding 
---------------------------------------------------------------------------------------------------
                    PASS |                               01 |                               00
                   FILL0 |                               11 |                               01
                   FILL1 |                               10 |                               10
                  ANSWER |                               00 |                               11
---------------------------------------------------------------------------------------------------
INFO: [Synth 8-3354] encoded FSM with state register 'state_reg' using encoding 'sequential' in module 'tcpu_ifill'
---------------------------------------------------------------------------------------------------
                   State |                     New Encoding |                Previous Encoding 
---------------------------------------------------------------------------------------------------
                    IDLE |                               00 |                               00
                     REQ |                               01 |                               01
                    WAIT |                               10 |                               10
---------------------------------------------------------------------------------------------------
INFO: [Synth 8-3354] encoded FSM with state register 'state_reg' using encoding 'sequential' in module 'tcpu_ptw'
---------------------------------------------------------------------------------------------------
                   State |                     New Encoding |                Previous Encoding 
---------------------------------------------------------------------------------------------------
                S_IF_REQ |                             0110 |                             0000
               S_IF_WAIT |                             0111 |                             0001
               S_IF2_REQ |                             1001 |                             1010
              S_IF2_WAIT |                             1000 |                             1011
                  S_EXEC |                             0011 |                             0010
                 S_XLATE |                             0100 |                             1100
              S_MEM_WAIT |                             0000 |                             0100
                  S_TRAP |                             0001 |                             0110
                   S_MUL |                             0101 |                             1001
                    S_WB |                             0010 |                             0101
                  S_ARCH |                             1010 |                             1000
---------------------------------------------------------------------------------------------------
INFO: [Synth 8-3354] encoded FSM with state register 'state_reg' using encoding 'sequential' in module 'tcpu_core'
---------------------------------------------------------------------------------
Finished RTL Optimization Phase 2 : Time (s): cpu = 00:01:30 ; elapsed = 00:01:29 . Memory (MB): peak = 5542.621 ; gain = 3768.258 ; free physical = 256 ; free virtual = 23324
---------------------------------------------------------------------------------
INFO: [Synth 8-223] decloning instance 'top/teaching_board_top/target/debug_1/dmOuter/asource/AsyncQueueSource/widx_bin' (AsyncResetRegVec_w1_i0) to 'top/teaching_board_top/target/debug_1/dmOuter/asource/AsyncQueueSource/widx_gray'
INFO: [Synth 8-223] decloning instance 'top/teaching_board_top/target/debug_1/dmOuter/asource/AsyncQueueSink/ridx_bin' (AsyncResetRegVec_w1_i0) to 'top/teaching_board_top/target/debug_1/dmOuter/asource/AsyncQueueSink/ridx_gray'
INFO: [Synth 8-223] decloning instance 'top/teaching_board_top/target/debug_1/dmOuter/AsyncQueueSource/widx_bin' (AsyncResetRegVec_w1_i0) to 'top/teaching_board_top/target/debug_1/dmOuter/AsyncQueueSource/widx_gray'
INFO: [Synth 8-223] decloning instance 'top/teaching_board_top/target/debug_1/dmInner/dmiXing/AsyncQueueSink/ridx_bin' (AsyncResetRegVec_w1_i0) to 'top/teaching_board_top/target/debug_1/dmInner/dmiXing/AsyncQueueSink/ridx_gray'
INFO: [Synth 8-223] decloning instance 'top/teaching_board_top/target/debug_1/dmInner/dmiXing/AsyncQueueSource/widx_bin' (AsyncResetRegVec_w1_i0) to 'top/teaching_board_top/target/debug_1/dmInner/dmiXing/AsyncQueueSource/widx_gray'
INFO: [Synth 8-223] decloning instance 'top/teaching_board_top/target/debug_1/dmInner/AsyncQueueSink/ridx_bin' (AsyncResetRegVec_w1_i0) to 'top/teaching_board_top/target/debug_1/dmInner/AsyncQueueSink/ridx_gray'
---------------------------------------------------------------------------------
Start RTL Component Statistics 
---------------------------------------------------------------------------------
Detailed RTL Component Info : 
+---Adders : 
	   2 Input  128 Bit       Adders := 1     
	   2 Input   65 Bit       Adders := 1     
	   3 Input   65 Bit       Adders := 1     
	   2 Input   64 Bit       Adders := 22    
	   3 Input   64 Bit       Adders := 2     
	   2 Input   56 Bit       Adders := 1     
	   3 Input   33 Bit       Adders := 2     
	   3 Input   32 Bit       Adders := 1     
	   2 Input   32 Bit       Adders := 7     
	   2 Input   31 Bit       Adders := 2     
	   2 Input   29 Bit       Adders := 1     
	   2 Input    9 Bit       Adders := 8     
	   3 Input    9 Bit       Adders := 7     
	   2 Input    8 Bit       Adders := 7     
	  14 Input    8 Bit       Adders := 1     
	   2 Input    7 Bit       Adders := 2     
	  16 Input    5 Bit       Adders := 2     
	   2 Input    5 Bit       Adders := 2     
	   8 Input    4 Bit       Adders := 2     
	   2 Input    4 Bit       Adders := 15    
	   3 Input    4 Bit       Adders := 5     
	   4 Input    3 Bit       Adders := 2     
	   3 Input    3 Bit       Adders := 9     
	   2 Input    3 Bit       Adders := 30    
	   2 Input    2 Bit       Adders := 8     
	   2 Input    1 Bit       Adders := 30    
	   3 Input    1 Bit       Adders := 2     
	   4 Input    1 Bit       Adders := 16    
+---XORs : 
	   2 Input     64 Bit         XORs := 2     
	   2 Input     32 Bit         XORs := 26    
	   2 Input     29 Bit         XORs := 8     
	   2 Input     23 Bit         XORs := 4     
	   2 Input     13 Bit         XORs := 3     
	   2 Input     10 Bit         XORs := 14    
	   2 Input      9 Bit         XORs := 157   
	   2 Input      7 Bit         XORs := 25    
	   2 Input      1 Bit         XORs := 4     
+---Registers : 
	              128 Bit    Registers := 1     
	               65 Bit    Registers := 2     
	               64 Bit    Registers := 51    
	               56 Bit    Registers := 3     
	               54 Bit    Registers := 1     
	               44 Bit    Registers := 10    
	               42 Bit    Registers := 1     
	               32 Bit    Registers := 32    
	               31 Bit    Registers := 4     
	               29 Bit    Registers := 3     
	               28 Bit    Registers := 1     
	               27 Bit    Registers := 8     
	               26 Bit    Registers := 2     
	               24 Bit    Registers := 1     
	               23 Bit    Registers := 1     
	               17 Bit    Registers := 1     
	               16 Bit    Registers := 3     
	               13 Bit    Registers := 1     
	               12 Bit    Registers := 6     
	               10 Bit    Registers := 1     
	                9 Bit    Registers := 15    
	                8 Bit    Registers := 130   
	                7 Bit    Registers := 2     
	                6 Bit    Registers := 9     
	                5 Bit    Registers := 3     
	                4 Bit    Registers := 26    
	                3 Bit    Registers := 83    
	                2 Bit    Registers := 4148  
	                1 Bit    Registers := 474   
+---RAMs : 
	               8K Bit	(64 X 128 bit)          RAMs := 1     
	               2K Bit	(32 X 64 bit)          RAMs := 1     
	               1K Bit	(64 X 22 bit)          RAMs := 1     
	              512 Bit	(8 X 64 bit)          RAMs := 4     
	              512 Bit	(16 X 32 bit)          RAMs := 5     
	              128 Bit	(2 X 64 bit)          RAMs := 5     
	               64 Bit	(2 X 32 bit)          RAMs := 3     
	               64 Bit	(8 X 8 bit)          RAMs := 4     
	               58 Bit	(2 X 29 bit)          RAMs := 2     
	               26 Bit	(2 X 13 bit)          RAMs := 1     
	               16 Bit	(2 X 8 bit)          RAMs := 2     
	                8 Bit	(2 X 4 bit)          RAMs := 2     
	                6 Bit	(2 X 3 bit)          RAMs := 12    
	                4 Bit	(2 X 2 bit)          RAMs := 9     
	                2 Bit	(2 X 1 bit)          RAMs := 9     
+---Muxes : 
	   2 Input  128 Bit        Muxes := 1     
	   4 Input  128 Bit        Muxes := 1     
	   2 Input  117 Bit        Muxes := 5     
	   2 Input  116 Bit        Muxes := 12    
	   2 Input  112 Bit        Muxes := 2     
	   2 Input   95 Bit        Muxes := 11    
	   2 Input   79 Bit        Muxes := 12    
	   2 Input   77 Bit        Muxes := 1     
	   2 Input   76 Bit        Muxes := 6     
	   2 Input   66 Bit        Muxes := 1     
	   2 Input   65 Bit        Muxes := 1     
	   2 Input   64 Bit        Muxes := 139   
	   3 Input   64 Bit        Muxes := 2     
	  11 Input   64 Bit        Muxes := 8     
	   4 Input   64 Bit        Muxes := 6     
	   3 Input   56 Bit        Muxes := 3     
	   2 Input   56 Bit        Muxes := 1     
	   2 Input   44 Bit        Muxes := 1     
	   2 Input   32 Bit        Muxes := 51    
	   3 Input   32 Bit        Muxes := 4     
	   4 Input   32 Bit        Muxes := 2     
	  11 Input   32 Bit        Muxes := 3     
	   2 Input   31 Bit        Muxes := 9     
	   2 Input   29 Bit        Muxes := 1     
	   2 Input   28 Bit        Muxes := 1     
	   2 Input   26 Bit        Muxes := 2     
	   2 Input   21 Bit        Muxes := 1     
	   2 Input   17 Bit        Muxes := 1     
	   2 Input   16 Bit        Muxes := 6     
	   2 Input   13 Bit        Muxes := 1     
	   2 Input   12 Bit        Muxes := 4     
	   2 Input   10 Bit        Muxes := 3     
	   3 Input    9 Bit        Muxes := 1     
	   2 Input    9 Bit        Muxes := 31    
	  11 Input    8 Bit        Muxes := 1     
	   4 Input    8 Bit        Muxes := 3     
	   2 Input    8 Bit        Muxes := 100   
	   2 Input    6 Bit        Muxes := 1     
	   2 Input    5 Bit        Muxes := 1     
	   5 Input    4 Bit        Muxes := 2     
	   2 Input    4 Bit        Muxes := 21    
	   4 Input    4 Bit        Muxes := 2     
	   3 Input    4 Bit        Muxes := 3     
	   6 Input    4 Bit        Muxes := 2     
	  11 Input    4 Bit        Muxes := 2     
	  35 Input    4 Bit        Muxes := 1     
	   2 Input    3 Bit        Muxes := 174   
	   3 Input    3 Bit        Muxes := 5     
	   6 Input    3 Bit        Muxes := 3     
	   4 Input    3 Bit        Muxes := 1     
	   5 Input    3 Bit        Muxes := 3     
	   3 Input    2 Bit        Muxes := 14    
	   2 Input    2 Bit        Muxes := 78    
	   6 Input    2 Bit        Muxes := 1     
	  11 Input    2 Bit        Muxes := 5     
	   5 Input    2 Bit        Muxes := 2     
	   4 Input    2 Bit        Muxes := 3     
	   2 Input    1 Bit        Muxes := 4718  
	   7 Input    1 Bit        Muxes := 2     
	   6 Input    1 Bit        Muxes := 2     
	   4 Input    1 Bit        Muxes := 30    
	   3 Input    1 Bit        Muxes := 24    
	  11 Input    1 Bit        Muxes := 31    
	 256 Input    1 Bit        Muxes := 1     
	  32 Input    1 Bit        Muxes := 1     
	   5 Input    1 Bit        Muxes := 4     
	  16 Input    1 Bit        Muxes := 2     
	  15 Input    1 Bit        Muxes := 1     
---------------------------------------------------------------------------------
Finished RTL Component Statistics 
---------------------------------------------------------------------------------
---------------------------------------------------------------------------------
Start Part Resource Summary
---------------------------------------------------------------------------------
Part Resources:
DSPs: 220 (col length:60)
BRAMs: 280 (col length: RAMB18 60 RAMB36 30)
---------------------------------------------------------------------------------
Finished Part Resource Summary
---------------------------------------------------------------------------------
---------------------------------------------------------------------------------
Start Cross Boundary and Area Optimization
---------------------------------------------------------------------------------
INFO: [Synth 8-5587] ROM size for "amo_code" is below threshold of ROM address width. It will be mapped to LUTs
INFO: [Synth 8-5587] ROM size for "amo_code" is below threshold of ROM address width. It will be mapped to LUTs
INFO: [Synth 8-5544] ROM "md_op" won't be mapped to Block RAM because address size (3) smaller than threshold (5)
INFO: [Synth 8-5544] ROM "p_0_out" won't be mapped to Block RAM because address size (2) smaller than threshold (5)
INFO: [Synth 8-3333] propagating constant 0 across sequential element (muldiv/\mhi_reg[64] )
INFO: [Synth 8-3886] merging instance 'ptw/ptw/leaf_ppn_reg[18]' (FDRE) to 'ptw/ptw/pa_reg[30]'
INFO: [Synth 8-3886] merging instance 'ptw/ptw/leaf_ppn_reg[19]' (FDRE) to 'ptw/ptw/pa_reg[31]'
INFO: [Synth 8-3886] merging instance 'ptw/ptw/leaf_ppn_reg[29]' (FDRE) to 'ptw/ptw/pa_reg[41]'
INFO: [Synth 8-3886] merging instance 'ptw/ptw/leaf_ppn_reg[30]' (FDRE) to 'ptw/ptw/pa_reg[42]'
INFO: [Synth 8-3886] merging instance 'ptw/ptw/leaf_ppn_reg[31]' (FDRE) to 'ptw/ptw/pa_reg[43]'
INFO: [Synth 8-3886] merging instance 'ptw/ptw/leaf_ppn_reg[28]' (FDRE) to 'ptw/ptw/pa_reg[40]'
INFO: [Synth 8-3886] merging instance 'ptw/ptw/leaf_ppn_reg[26]' (FDRE) to 'ptw/ptw/pa_reg[38]'
INFO: [Synth 8-3886] merging instance 'ptw/ptw/leaf_ppn_reg[27]' (FDRE) to 'ptw/ptw/pa_reg[39]'
INFO: [Synth 8-3886] merging instance 'ptw/ptw/leaf_ppn_reg[20]' (FDRE) to 'ptw/ptw/pa_reg[32]'
INFO: [Synth 8-3886] merging instance 'ptw/ptw/leaf_ppn_reg[21]' (FDRE) to 'ptw/ptw/pa_reg[33]'
INFO: [Synth 8-3886] merging instance 'ptw/ptw/leaf_ppn_reg[22]' (FDRE) to 'ptw/ptw/pa_reg[34]'
INFO: [Synth 8-3886] merging instance 'ptw/ptw/leaf_ppn_reg[23]' (FDRE) to 'ptw/ptw/pa_reg[35]'
INFO: [Synth 8-3886] merging instance 'ptw/ptw/leaf_ppn_reg[24]' (FDRE) to 'ptw/ptw/pa_reg[36]'
INFO: [Synth 8-3886] merging instance 'ptw/ptw/leaf_ppn_reg[25]' (FDRE) to 'ptw/ptw/pa_reg[37]'
INFO: [Synth 8-3886] merging instance 'ptw/ptw/leaf_ppn_reg[41]' (FDRE) to 'ptw/ptw/pa_reg[53]'
INFO: [Synth 8-3886] merging instance 'ptw/ptw/leaf_ppn_reg[43]' (FDRE) to 'ptw/ptw/pa_reg[55]'
INFO: [Synth 8-3886] merging instance 'ptw/ptw/leaf_ppn_reg[42]' (FDRE) to 'ptw/ptw/pa_reg[54]'
INFO: [Synth 8-3886] merging instance 'ptw/ptw/leaf_ppn_reg[40]' (FDRE) to 'ptw/ptw/pa_reg[52]'
INFO: [Synth 8-3886] merging instance 'ptw/ptw/leaf_ppn_reg[38]' (FDRE) to 'ptw/ptw/pa_reg[50]'
INFO: [Synth 8-3886] merging instance 'ptw/ptw/leaf_ppn_reg[39]' (FDRE) to 'ptw/ptw/pa_reg[51]'
INFO: [Synth 8-3886] merging instance 'ptw/ptw/leaf_ppn_reg[32]' (FDRE) to 'ptw/ptw/pa_reg[44]'
INFO: [Synth 8-3886] merging instance 'ptw/ptw/leaf_ppn_reg[33]' (FDRE) to 'ptw/ptw/pa_reg[45]'
INFO: [Synth 8-3886] merging instance 'ptw/ptw/leaf_ppn_reg[34]' (FDRE) to 'ptw/ptw/pa_reg[46]'
INFO: [Synth 8-3886] merging instance 'ptw/ptw/leaf_ppn_reg[35]' (FDRE) to 'ptw/ptw/pa_reg[47]'
INFO: [Synth 8-3886] merging instance 'ptw/ptw/leaf_ppn_reg[36]' (FDRE) to 'ptw/ptw/pa_reg[48]'
INFO: [Synth 8-3886] merging instance 'ptw/ptw/leaf_ppn_reg[37]' (FDRE) to 'ptw/ptw/pa_reg[49]'
INFO: [Synth 8-3886] merging instance 'ptw/ptw/a_reg[2]' (FDRE) to 'ptw/ptw/a_reg[11]'
INFO: [Synth 8-3886] merging instance 'ptw/ptw/a_reg[1]' (FDRE) to 'ptw/ptw/a_reg[11]'
INFO: [Synth 8-3886] merging instance 'ptw/ptw/a_reg[0]' (FDRE) to 'ptw/ptw/a_reg[11]'
INFO: [Synth 8-3886] merging instance 'ptw/ptw/req_addr_reg[0]' (FDRE) to 'ptw/ptw/req_addr_reg[1]'
INFO: [Synth 8-3886] merging instance 'ptw/ptw/a_reg[3]' (FDRE) to 'ptw/ptw/a_reg[11]'
INFO: [Synth 8-3886] merging instance 'ptw/ptw/a_reg[4]' (FDRE) to 'ptw/ptw/a_reg[11]'
INFO: [Synth 8-3886] merging instance 'ptw/ptw/a_reg[5]' (FDRE) to 'ptw/ptw/a_reg[11]'
INFO: [Synth 8-3886] merging instance 'ptw/ptw/a_reg[6]' (FDRE) to 'ptw/ptw/a_reg[11]'
INFO: [Synth 8-3886] merging instance 'ptw/ptw/a_reg[7]' (FDRE) to 'ptw/ptw/a_reg[11]'
INFO: [Synth 8-3886] merging instance 'ptw/ptw/a_reg[8]' (FDRE) to 'ptw/ptw/a_reg[11]'
INFO: [Synth 8-3886] merging instance 'ptw/ptw/a_reg[9]' (FDRE) to 'ptw/ptw/a_reg[11]'
INFO: [Synth 8-3886] merging instance 'ptw/ptw/a_reg[10]' (FDRE) to 'ptw/ptw/a_reg[11]'
INFO: [Synth 8-3333] propagating constant 0 across sequential element (ptw/\ptw/a_reg[11] )
INFO: [Synth 8-3886] merging instance 'ptw/hit_cause_reg[2]' (FDRE) to 'ptw/hit_cause_reg[3]'
INFO: [Synth 8-3333] propagating constant 0 across sequential element (halted_reg)
INFO: [Synth 8-3886] merging instance 'insn_len_reg[63]' (FDRE) to 'insn_len_reg[0]'
INFO: [Synth 8-3886] merging instance 'insn_len_reg[62]' (FDRE) to 'insn_len_reg[0]'
INFO: [Synth 8-3886] merging instance 'insn_len_reg[60]' (FDRE) to 'insn_len_reg[0]'
INFO: [Synth 8-3886] merging instance 'insn_len_reg[61]' (FDRE) to 'insn_len_reg[0]'
INFO: [Synth 8-3886] merging instance 'insn_len_reg[59]' (FDRE) to 'insn_len_reg[0]'
INFO: [Synth 8-3886] merging instance 'insn_len_reg[57]' (FDRE) to 'insn_len_reg[0]'
INFO: [Synth 8-3886] merging instance 'insn_len_reg[58]' (FDRE) to 'insn_len_reg[0]'
INFO: [Synth 8-3886] merging instance 'insn_len_reg[56]' (FDRE) to 'insn_len_reg[0]'
INFO: [Synth 8-3886] merging instance 'insn_len_reg[54]' (FDRE) to 'insn_len_reg[0]'
INFO: [Synth 8-3886] merging instance 'insn_len_reg[55]' (FDRE) to 'insn_len_reg[0]'
INFO: [Synth 8-3886] merging instance 'insn_len_reg[53]' (FDRE) to 'insn_len_reg[0]'
INFO: [Synth 8-3886] merging instance 'insn_len_reg[51]' (FDRE) to 'insn_len_reg[0]'
INFO: [Synth 8-3886] merging instance 'insn_len_reg[52]' (FDRE) to 'insn_len_reg[0]'
INFO: [Synth 8-3886] merging instance 'insn_len_reg[50]' (FDRE) to 'insn_len_reg[0]'
INFO: [Synth 8-3886] merging instance 'insn_len_reg[48]' (FDRE) to 'insn_len_reg[0]'
INFO: [Synth 8-3886] merging instance 'insn_len_reg[49]' (FDRE) to 'insn_len_reg[0]'
INFO: [Synth 8-3886] merging instance 'insn_len_reg[47]' (FDRE) to 'insn_len_reg[0]'
INFO: [Synth 8-3886] merging instance 'insn_len_reg[45]' (FDRE) to 'insn_len_reg[0]'
INFO: [Synth 8-3886] merging instance 'insn_len_reg[46]' (FDRE) to 'insn_len_reg[0]'
INFO: [Synth 8-3886] merging instance 'insn_len_reg[44]' (FDRE) to 'insn_len_reg[0]'
INFO: [Synth 8-3886] merging instance 'insn_len_reg[42]' (FDRE) to 'insn_len_reg[0]'
INFO: [Synth 8-3886] merging instance 'insn_len_reg[43]' (FDRE) to 'insn_len_reg[0]'
INFO: [Synth 8-3886] merging instance 'insn_len_reg[41]' (FDRE) to 'insn_len_reg[0]'
INFO: [Synth 8-3886] merging instance 'insn_len_reg[39]' (FDRE) to 'insn_len_reg[0]'
INFO: [Synth 8-3886] merging instance 'insn_len_reg[40]' (FDRE) to 'insn_len_reg[0]'
INFO: [Synth 8-3886] merging instance 'insn_len_reg[38]' (FDRE) to 'insn_len_reg[0]'
INFO: [Synth 8-3886] merging instance 'insn_len_reg[36]' (FDRE) to 'insn_len_reg[0]'
INFO: [Synth 8-3886] merging instance 'insn_len_reg[37]' (FDRE) to 'insn_len_reg[0]'
INFO: [Synth 8-3886] merging instance 'insn_len_reg[35]' (FDRE) to 'insn_len_reg[0]'
INFO: [Synth 8-3886] merging instance 'insn_len_reg[33]' (FDRE) to 'insn_len_reg[0]'
INFO: [Synth 8-3886] merging instance 'insn_len_reg[34]' (FDRE) to 'insn_len_reg[0]'
INFO: [Synth 8-3886] merging instance 'insn_len_reg[32]' (FDRE) to 'insn_len_reg[0]'
INFO: [Synth 8-3886] merging instance 'insn_len_reg[30]' (FDRE) to 'insn_len_reg[0]'
INFO: [Synth 8-3886] merging instance 'insn_len_reg[31]' (FDRE) to 'insn_len_reg[0]'
INFO: [Synth 8-3886] merging instance 'insn_len_reg[29]' (FDRE) to 'insn_len_reg[0]'
INFO: [Synth 8-3886] merging instance 'insn_len_reg[27]' (FDRE) to 'insn_len_reg[0]'
INFO: [Synth 8-3886] merging instance 'insn_len_reg[28]' (FDRE) to 'insn_len_reg[0]'
INFO: [Synth 8-3886] merging instance 'insn_len_reg[26]' (FDRE) to 'insn_len_reg[0]'
INFO: [Synth 8-3886] merging instance 'insn_len_reg[24]' (FDRE) to 'insn_len_reg[0]'
INFO: [Synth 8-3886] merging instance 'insn_len_reg[25]' (FDRE) to 'insn_len_reg[0]'
INFO: [Synth 8-3886] merging instance 'insn_len_reg[23]' (FDRE) to 'insn_len_reg[0]'
INFO: [Synth 8-3886] merging instance 'insn_len_reg[21]' (FDRE) to 'insn_len_reg[0]'
INFO: [Synth 8-3886] merging instance 'insn_len_reg[22]' (FDRE) to 'insn_len_reg[0]'
INFO: [Synth 8-3886] merging instance 'insn_len_reg[20]' (FDRE) to 'insn_len_reg[0]'
INFO: [Synth 8-3886] merging instance 'insn_len_reg[18]' (FDRE) to 'insn_len_reg[0]'
INFO: [Synth 8-3886] merging instance 'insn_len_reg[19]' (FDRE) to 'insn_len_reg[0]'
INFO: [Synth 8-3886] merging instance 'insn_len_reg[17]' (FDRE) to 'insn_len_reg[0]'
INFO: [Synth 8-3886] merging instance 'insn_len_reg[15]' (FDRE) to 'insn_len_reg[0]'
INFO: [Synth 8-3886] merging instance 'insn_len_reg[16]' (FDRE) to 'insn_len_reg[0]'
INFO: [Synth 8-3886] merging instance 'insn_len_reg[14]' (FDRE) to 'insn_len_reg[0]'
INFO: [Synth 8-3886] merging instance 'insn_len_reg[12]' (FDRE) to 'insn_len_reg[0]'
INFO: [Synth 8-3886] merging instance 'insn_len_reg[13]' (FDRE) to 'insn_len_reg[0]'
INFO: [Synth 8-3886] merging instance 'insn_len_reg[11]' (FDRE) to 'insn_len_reg[0]'
INFO: [Synth 8-3886] merging instance 'insn_len_reg[9]' (FDRE) to 'insn_len_reg[0]'
INFO: [Synth 8-3886] merging instance 'insn_len_reg[10]' (FDRE) to 'insn_len_reg[0]'
INFO: [Synth 8-3886] merging instance 'insn_len_reg[8]' (FDRE) to 'insn_len_reg[0]'
INFO: [Synth 8-3886] merging instance 'insn_len_reg[6]' (FDRE) to 'insn_len_reg[0]'
INFO: [Synth 8-3886] merging instance 'insn_len_reg[7]' (FDRE) to 'insn_len_reg[0]'
INFO: [Synth 8-3886] merging instance 'insn_len_reg[5]' (FDRE) to 'insn_len_reg[0]'
INFO: [Synth 8-3886] merging instance 'insn_len_reg[3]' (FDRE) to 'insn_len_reg[0]'
INFO: [Synth 8-3886] merging instance 'insn_len_reg[4]' (FDRE) to 'insn_len_reg[0]'
INFO: [Common 17-14] Message 'Synth 8-3886' appears 100 times and further instances of the messages will be disabled. Use the Tcl command set_msg_config to change the current settings.
INFO: [Common 17-14] Message 'Synth 8-3886' appears 100 times and further instances of the messages will be disabled. Use the Tcl command set_msg_config to change the current settings.
INFO: [Synth 8-3333] propagating constant 0 across sequential element (\insn_len_reg[0] )
INFO: [Synth 8-3333] propagating constant 0 across sequential element (ptw/\ptw/req_addr_reg[2] )
INFO: [Synth 8-5546] ROM "st_sie" won't be mapped to RAM because it is too sparse
INFO: [Synth 8-5546] ROM "medeleg" won't be mapped to RAM because it is too sparse
INFO: [Synth 8-5546] ROM "mideleg" won't be mapped to RAM because it is too sparse
INFO: [Synth 8-5546] ROM "st_mie" won't be mapped to RAM because it is too sparse
INFO: [Synth 8-5546] ROM "scnt_cy" won't be mapped to RAM because it is too sparse
INFO: [Synth 8-5546] ROM "mcnt_cy" won't be mapped to RAM because it is too sparse
INFO: [Synth 8-5546] ROM "mie_msie" won't be mapped to RAM because it is too sparse
INFO: [Synth 8-5546] ROM "mtvec" won't be mapped to RAM because it is too sparse
INFO: [Synth 8-5546] ROM "mscratch" won't be mapped to RAM because it is too sparse
INFO: [Synth 8-5546] ROM "mepc" won't be mapped to RAM because it is too sparse
INFO: [Synth 8-5546] ROM "mcause" won't be mapped to RAM because it is too sparse
INFO: [Synth 8-5546] ROM "mtval" won't be mapped to RAM because it is too sparse
INFO: [Synth 8-5546] ROM "sw_stip" won't be mapped to RAM because it is too sparse
INFO: [Synth 8-5546] ROM "stvec" won't be mapped to RAM because it is too sparse
INFO: [Synth 8-5546] ROM "sscratch" won't be mapped to RAM because it is too sparse
INFO: [Synth 8-5546] ROM "sepc" won't be mapped to RAM because it is too sparse
INFO: [Synth 8-5546] ROM "scause" won't be mapped to RAM because it is too sparse
INFO: [Synth 8-5546] ROM "stval" won't be mapped to RAM because it is too sparse
INFO: [Synth 8-5546] ROM "st_sie" won't be mapped to RAM because it is too sparse
INFO: [Synth 8-5546] ROM "medeleg" won't be mapped to RAM because it is too sparse
INFO: [Synth 8-5546] ROM "mideleg" won't be mapped to RAM because it is too sparse
INFO: [Synth 8-5546] ROM "st_mie" won't be mapped to RAM because it is too sparse
INFO: [Synth 8-5546] ROM "scnt_cy" won't be mapped to RAM because it is too sparse
INFO: [Synth 8-5546] ROM "mcnt_cy" won't be mapped to RAM because it is too sparse
INFO: [Synth 8-5546] ROM "mie_msie" won't be mapped to RAM because it is too sparse
INFO: [Synth 8-5546] ROM "mtvec" won't be mapped to RAM because it is too sparse
INFO: [Synth 8-5546] ROM "mscratch" won't be mapped to RAM because it is too sparse
INFO: [Synth 8-5546] ROM "mepc" won't be mapped to RAM because it is too sparse
INFO: [Synth 8-5546] ROM "mcause" won't be mapped to RAM because it is too sparse
INFO: [Synth 8-5546] ROM "mtval" won't be mapped to RAM because it is too sparse
INFO: [Synth 8-5546] ROM "sw_stip" won't be mapped to RAM because it is too sparse
INFO: [Synth 8-5546] ROM "stvec" won't be mapped to RAM because it is too sparse
INFO: [Synth 8-5546] ROM "sscratch" won't be mapped to RAM because it is too sparse
INFO: [Synth 8-5546] ROM "sepc" won't be mapped to RAM because it is too sparse
INFO: [Synth 8-5546] ROM "scause" won't be mapped to RAM because it is too sparse
INFO: [Synth 8-5546] ROM "stval" won't be mapped to RAM because it is too sparse
INFO: [Synth 8-3333] propagating constant 0 across sequential element (csrfile/\mepc_reg[0] )
INFO: [Synth 8-3333] propagating constant 0 across sequential element (csrfile/\sepc_reg[0] )
INFO: [Synth 8-3333] propagating constant 0 across sequential element (csrfile/\mtvec_reg[1] )
INFO: [Synth 8-3333] propagating constant 0 across sequential element (csrfile/\stvec_reg[1] )
INFO: [Synth 8-3333] propagating constant 0 across sequential element (csrfile/\medeleg_reg[14] )
INFO: [Synth 8-3333] propagating constant 0 across sequential element (csrfile/\mideleg_reg[11] )
INFO: [Synth 8-3333] propagating constant 1 across sequential element (\debug_1/dmInner/dmInner /\abstractGeneratedMem_0_reg[1] )
INFO: [Synth 8-3333] propagating constant 0 across sequential element (\debug_1/dmInner/dmInner /\abstractGeneratedMem_0_reg[31] )
INFO: [Synth 8-3333] propagating constant 1 across sequential element (\debug_1/dmInner/dmInner /\abstractGeneratedMem_1_reg[4] )
INFO: [Synth 8-3333] propagating constant 0 across sequential element (\debug_1/dmInner/dmInner /\abstractGeneratedMem_1_reg[31] )
INFO: [Synth 8-3333] propagating constant 0 across sequential element (\debug_1/dmOuter/dmOuter/DMCONTROL/reg_0/q_reg )
INFO: [Synth 8-3333] propagating constant 0 across sequential element (\debug_1/dmInner/dmactiveSync/AsyncResetSynchronizerShiftReg_w1_d3_i0/sync_2/reg_0/q_reg )
INFO: [Synth 8-3333] propagating constant 0 across sequential element (\debug_1/dmInner/dmactiveSync/AsyncResetSynchronizerShiftReg_w1_d3_i0/sync_1/reg_0/q_reg )
INFO: [Synth 8-3333] propagating constant 0 across sequential element (\debug_1/dmInner/dmactiveSync/AsyncResetSynchronizerShiftReg_w1_d3_i0/sync_1/reg_0/q_reg )
INFO: [Synth 8-3333] propagating constant 0 across sequential element (\debug_1/dmInner/dmInner /\ABSTRACTCSReg_cmderr_reg[1] )
INFO: [Synth 8-3333] propagating constant 0 across sequential element (\debug_1/dmInner/dmInner /\ABSTRACTAUTOReg_autoexecdata_reg[0] )
INFO: [Synth 8-3333] propagating constant 0 across sequential element (\debug_1/dmInner/dmInner /\ABSTRACTAUTOReg_autoexecprogbuf_reg[0] )
INFO: [Synth 8-3333] propagating constant 0 across sequential element (\debug_1/dmInner/dmInner /\ABSTRACTAUTOReg_autoexecdata_reg[1] )
INFO: [Synth 8-3333] propagating constant 0 across sequential element (\debug_1/dmInner/dmInner /\ABSTRACTAUTOReg_autoexecprogbuf_reg[15] )
INFO: [Synth 8-3333] propagating constant 0 across sequential element (\debug_1/dmInner/dmInner /\ABSTRACTAUTOReg_autoexecprogbuf_reg[14] )
INFO: [Synth 8-3333] propagating constant 0 across sequential element (\debug_1/dmInner/dmInner /\ABSTRACTAUTOReg_autoexecprogbuf_reg[13] )
INFO: [Synth 8-3333] propagating constant 0 across sequential element (\debug_1/dmInner/dmInner /\ABSTRACTAUTOReg_autoexecprogbuf_reg[12] )
INFO: [Synth 8-3333] propagating constant 0 across sequential element (\debug_1/dmInner/dmInner /\ABSTRACTAUTOReg_autoexecprogbuf_reg[11] )
INFO: [Synth 8-3333] propagating constant 0 across sequential element (\debug_1/dmInner/dmInner /\ABSTRACTAUTOReg_autoexecprogbuf_reg[10] )
INFO: [Synth 8-3333] propagating constant 0 across sequential element (\debug_1/dmInner/dmInner /\ABSTRACTAUTOReg_autoexecprogbuf_reg[9] )
INFO: [Synth 8-3333] propagating constant 0 across sequential element (\debug_1/dmInner/dmInner /\ABSTRACTAUTOReg_autoexecprogbuf_reg[8] )
INFO: [Synth 8-3333] propagating constant 0 across sequential element (\debug_1/dmInner/dmInner /\ABSTRACTAUTOReg_autoexecprogbuf_reg[7] )
INFO: [Synth 8-3333] propagating constant 0 across sequential element (\debug_1/dmInner/dmInner /\ABSTRACTAUTOReg_autoexecprogbuf_reg[6] )
INFO: [Synth 8-3333] propagating constant 0 across sequential element (\debug_1/dmInner/dmInner /\ABSTRACTAUTOReg_autoexecprogbuf_reg[5] )
INFO: [Synth 8-3333] propagating constant 0 across sequential element (\debug_1/dmInner/dmInner /\ABSTRACTAUTOReg_autoexecprogbuf_reg[4] )
INFO: [Synth 8-3333] propagating constant 0 across sequential element (\debug_1/dmInner/dmInner /\ABSTRACTAUTOReg_autoexecprogbuf_reg[3] )
INFO: [Synth 8-3333] propagating constant 0 across sequential element (\debug_1/dmInner/dmInner /\ABSTRACTAUTOReg_autoexecprogbuf_reg[2] )
INFO: [Synth 8-3333] propagating constant 0 across sequential element (\debug_1/dmInner/dmInner /\ABSTRACTAUTOReg_autoexecprogbuf_reg[1] )
INFO: [Synth 8-3333] propagating constant 0 across sequential element (\debug_1/dmInner/dmInner /\COMMANDRdData_control_reg[20] )
INFO: [Synth 8-3333] propagating constant 0 across sequential element (\debug_1/dmInner/dmInner /\COMMANDRdData_control_reg[21] )
INFO: [Synth 8-3333] propagating constant 0 across sequential element (\debug_1/dmInner/dmInner /\COMMANDRdData_control_reg[22] )
INFO: [Synth 8-3333] propagating constant 0 across sequential element (\debug_1/dmInner/dmInner /\COMMANDRdData_control_reg[0] )
INFO: [Synth 8-3333] propagating constant 0 across sequential element (\debug_1/dmInner/dmInner /\COMMANDRdData_control_reg[1] )
INFO: [Synth 8-3333] propagating constant 0 across sequential element (\debug_1/dmInner/dmInner /\COMMANDRdData_control_reg[2] )
INFO: [Synth 8-3333] propagating constant 0 across sequential element (\debug_1/dmInner/dmInner /\COMMANDRdData_control_reg[3] )
INFO: [Synth 8-3333] propagating constant 0 across sequential element (\debug_1/dmInner/dmInner /\COMMANDRdData_control_reg[4] )
INFO: [Synth 8-3333] propagating constant 0 across sequential element (\debug_1/dmInner/dmInner /\COMMANDRdData_control_reg[16] )
INFO: [Synth 8-3333] propagating constant 0 across sequential element (\debug_1/dmInner/dmInner /\COMMANDRdData_control_reg[18] )
INFO: [Synth 8-3333] propagating constant 0 across sequential element (\debug_1/dmInner/dmInner /\COMMANDRdData_cmdtype_reg[7] )
INFO: [Synth 8-3333] propagating constant 0 across sequential element (\debug_1/dmInner/dmInner /\COMMANDRdData_cmdtype_reg[6] )
INFO: [Synth 8-3333] propagating constant 0 across sequential element (\debug_1/dmInner/dmInner /\COMMANDRdData_cmdtype_reg[4] )
INFO: [Synth 8-3333] propagating constant 0 across sequential element (\debug_1/dmInner/dmInner /\COMMANDRdData_cmdtype_reg[5] )
INFO: [Synth 8-3333] propagating constant 0 across sequential element (\debug_1/dmInner/dmInner /\COMMANDRdData_cmdtype_reg[0] )
INFO: [Synth 8-3333] propagating constant 0 across sequential element (\debug_1/dmInner/dmInner /\COMMANDRdData_cmdtype_reg[1] )
INFO: [Synth 8-3333] propagating constant 0 across sequential element (\debug_1/dmInner/dmInner /\COMMANDRdData_cmdtype_reg[2] )
INFO: [Synth 8-3333] propagating constant 0 across sequential element (\debug_1/dmInner/dmInner /\COMMANDRdData_cmdtype_reg[3] )
INFO: [Synth 8-3333] propagating constant 0 across sequential element (\debug_1/dmInner/dmInner /haltedBitRegs_0_reg)
INFO: [Synth 8-3333] propagating constant 0 across sequential element (\debug_1/dmInner/dmInner /\COMMANDRdData_control_reg[5] )
INFO: [Synth 8-3333] propagating constant 0 across sequential element (\debug_1/dmInner/dmInner /\COMMANDRdData_control_reg[6] )
INFO: [Synth 8-3333] propagating constant 0 across sequential element (\debug_1/dmInner/dmInner /\COMMANDRdData_control_reg[7] )
INFO: [Synth 8-3333] propagating constant 0 across sequential element (\debug_1/dmInner/dmInner /\COMMANDRdData_control_reg[8] )
INFO: [Synth 8-3333] propagating constant 0 across sequential element (\debug_1/dmInner/dmInner /\COMMANDRdData_control_reg[9] )
INFO: [Synth 8-3333] propagating constant 0 across sequential element (\debug_1/dmInner/dmInner /\COMMANDRdData_control_reg[10] )
INFO: [Synth 8-3333] propagating constant 0 across sequential element (\debug_1/dmInner/dmInner /\COMMANDRdData_control_reg[11] )
INFO: [Synth 8-3333] propagating constant 0 across sequential element (\debug_1/dmInner/dmInner /\COMMANDRdData_control_reg[13] )
INFO: [Synth 8-3333] propagating constant 0 across sequential element (\debug_1/dmInner/dmInner /\COMMANDRdData_control_reg[14] )
INFO: [Synth 8-3333] propagating constant 0 across sequential element (\debug_1/dmInner/dmInner /\COMMANDRdData_control_reg[15] )
INFO: [Synth 8-3333] propagating constant 0 across sequential element (\debug_1/dmInner/dmInner /\COMMANDRdData_control_reg[12] )
INFO: [Synth 8-3333] propagating constant 0 across sequential element (\debug_1/dmInner/dmInner /\COMMANDRdData_control_reg[17] )
INFO: [Synth 8-3333] propagating constant 0 across sequential element (\debug_1/dmInner/dmInner /\ctrlStateReg_reg[1] )
INFO: [Synth 8-3333] propagating constant 0 across sequential element (\debug_1/dmInner/dmInner /\ctrlStateReg_reg[0] )
INFO: [Synth 8-3333] propagating constant 0 across sequential element (\debug_1/dmInner/dmInner /\abstractDataMem_0_reg[0] )
INFO: [Synth 8-3333] propagating constant 0 across sequential element (\debug_1/dmInner/dmInner /\programBufferMem_56_reg[0] )
INFO: [Synth 8-3333] propagating constant 0 across sequential element (\debug_1/dmInner/dmInner /\programBufferMem_48_reg[0] )
INFO: [Synth 8-3333] propagating constant 0 across sequential element (\debug_1/dmInner/dmInner /\programBufferMem_40_reg[0] )
INFO: [Synth 8-3333] propagating constant 0 across sequential element (\debug_1/dmInner/dmInner /\programBufferMem_32_reg[0] )
INFO: [Synth 8-3333] propagating constant 0 across sequential element (\debug_1/dmInner/dmInner /\programBufferMem_24_reg[0] )
INFO: [Synth 8-3333] propagating constant 0 across sequential element (\debug_1/dmInner/dmInner /\programBufferMem_16_reg[0] )
INFO: [Synth 8-3333] propagating constant 0 across sequential element (\debug_1/dmInner/dmInner /\programBufferMem_8_reg[0] )
INFO: [Synth 8-3333] propagating constant 0 across sequential element (\debug_1/dmInner/dmInner /\programBufferMem_0_reg[0] )
INFO: [Synth 8-3333] propagating constant 0 across sequential element (\debug_1/dmInner/dmInner /resumeReqRegs_0_reg)
INFO: [Synth 8-3333] propagating constant 0 across sequential element (\debug_1/dmInner/dmInner /\abstractDataMem_0_reg[1] )
INFO: [Synth 8-3333] propagating constant 0 across sequential element (\debug_1/dmInner/dmInner /\programBufferMem_56_reg[1] )
INFO: [Synth 8-3333] propagating constant 0 across sequential element (\debug_1/dmInner/dmInner /\programBufferMem_48_reg[1] )
INFO: [Synth 8-3333] propagating constant 0 across sequential element (\debug_1/dmInner/dmInner /\programBufferMem_40_reg[1] )
INFO: [Synth 8-3333] propagating constant 0 across sequential element (\debug_1/dmInner/dmInner /\programBufferMem_32_reg[1] )
INFO: [Synth 8-3333] propagating constant 0 across sequential element (\debug_1/dmInner/dmInner /\programBufferMem_24_reg[1] )
INFO: [Synth 8-3333] propagating constant 0 across sequential element (\debug_1/dmInner/dmInner /\programBufferMem_16_reg[1] )
INFO: [Synth 8-3333] propagating constant 0 across sequential element (\debug_1/dmInner/dmInner /\programBufferMem_8_reg[1] )
INFO: [Synth 8-3333] propagating constant 0 across sequential element (\debug_1/dmInner/dmInner /\programBufferMem_0_reg[1] )
INFO: [Synth 8-3333] propagating constant 0 across sequential element (\debug_1/dmInner/dmInner /\abstractDataMem_0_reg[2] )
INFO: [Synth 8-3333] propagating constant 0 across sequential element (\debug_1/dmInner/dmInner /\programBufferMem_56_reg[2] )
INFO: [Synth 8-3333] propagating constant 0 across sequential element (\debug_1/dmInner/dmInner /\programBufferMem_48_reg[2] )
INFO: [Synth 8-3333] propagating constant 0 across sequential element (\debug_1/dmInner/dmInner /\programBufferMem_40_reg[2] )
INFO: [Synth 8-3333] propagating constant 0 across sequential element (\debug_1/dmInner/dmInner /\programBufferMem_32_reg[2] )
INFO: [Synth 8-3333] propagating constant 0 across sequential element (\debug_1/dmInner/dmInner /\programBufferMem_24_reg[2] )
INFO: [Synth 8-3333] propagating constant 0 across sequential element (\debug_1/dmInner/dmInner /\programBufferMem_16_reg[2] )
INFO: [Synth 8-3333] propagating constant 0 across sequential element (\debug_1/dmInner/dmInner /\programBufferMem_8_reg[2] )
INFO: [Synth 8-3333] propagating constant 0 across sequential element (\debug_1/dmInner/dmInner /\programBufferMem_0_reg[2] )
INFO: [Synth 8-3333] propagating constant 0 across sequential element (\debug_1/dmInner/dmInner /\abstractDataMem_0_reg[3] )
INFO: [Common 17-14] Message 'Synth 8-3333' appears 100 times and further instances of the messages will be disabled. Use the Tcl command set_msg_config to change the current settings.
INFO: [Common 17-14] Message 'Synth 8-3333' appears 100 times and further instances of the messages will be disabled. Use the Tcl command set_msg_config to change the current settings.
INFO: [Common 17-14] Message 'Synth 8-3886' appears 100 times and further instances of the messages will be disabled. Use the Tcl command set_msg_config to change the current settings.
WARNING: [Synth 8-3936] Found unconnected internal register 'plic/Queue/ram_data_reg' and it is trimmed from '64' to '34' bits.
WARNING: [Synth 8-3917] design RD2ZynqTop__GCB1 has port auto_out_a_bits_param[2] driven by constant 0
WARNING: [Synth 8-3917] design RD2ZynqTop__GCB1 has port auto_out_a_bits_param[1] driven by constant 0
WARNING: [Synth 8-3917] design RD2ZynqTop__GCB1 has port auto_out_a_bits_param[0] driven by constant 0
WARNING: [Synth 8-3917] design RD2ZynqTop__GCB1 has port sbus_auto_coupler_from_port_named_rd2serialadapter_passthru_in_d_ready driven by constant 1
WARNING: [Synth 8-13161] RAM (pbus/i_10) is optimized away because it doesn't have any load.
WARNING: [Synth 8-6014] Unused sequential element coupler_from_sbus/buffer/Queue/ram_param_reg was removed. 
INFO: [Synth 8-7067] Removed DRAM instance pbus/i_7/i_0/coupler_from_sbus/buffer/Queue_1/ram_param_reg_0_1_1_1 from module extram__58 due to constant propagation
INFO: [Synth 8-7067] Removed DRAM instance pbus/i_7/i_0/coupler_from_sbus/buffer/Queue_1/ram_param_reg_0_1_0_0 from module extram__58 due to constant propagation
INFO: [Synth 8-7067] Removed DRAM instance pbus/i_11/i_0/coupler_from_sbus/buffer/Queue_1/ram_sink_reg_0_1_0_0 from module extram__64 due to constant propagation
INFO: [Synth 8-7067] Removed DRAM instance pbus/i_22/i_0/sync_xing/Queue_1/ram_param_reg_0_1_1_1 from module extram__86 due to constant propagation
INFO: [Synth 8-7067] Removed DRAM instance pbus/i_22/i_0/sync_xing/Queue_1/ram_param_reg_0_1_0_0 from module extram__86 due to constant propagation
INFO: [Synth 8-7067] Removed DRAM instance pbus/i_25/i_0/sync_xing/Queue_1/ram_sink_reg_0_1_0_0 from module extram__92 due to constant propagation
INFO: [Synth 8-7067] Removed DRAM instance pbus/i_22/i_0/sync_xing/Queue_1/ram_param_reg_0_1_0_0 from module extram__86 due to constant propagation
INFO: [Synth 8-5544] ROM "_T_2911" won't be mapped to Block RAM because address size (2) smaller than threshold (5)
WARNING: [Synth 8-3936] Found unconnected internal register 'coupler_to_memory_controller_named_axi4/axi4yank/Queue/ram_reg' and it is trimmed from '8' to '7' bits.
WARNING: [Synth 8-3936] Found unconnected internal register 'coupler_to_memory_controller_named_axi4/axi4yank/Queue_1/ram_reg' and it is trimmed from '8' to '7' bits.
WARNING: [Synth 8-3936] Found unconnected internal register 'coupler_to_memory_controller_named_axi4/axi4yank/Queue_2/ram_reg' and it is trimmed from '8' to '7' bits.
WARNING: [Synth 8-3936] Found unconnected internal register 'coupler_to_memory_controller_named_axi4/axi4yank/Queue_3/ram_reg' and it is trimmed from '8' to '7' bits.
WARNING: [Synth 8-3936] Found unconnected internal register 'coupler_to_memory_controller_named_axi4/axi4yank/Queue_4/ram_reg' and it is trimmed from '8' to '7' bits.
WARNING: [Synth 8-3936] Found unconnected internal register 'coupler_to_memory_controller_named_axi4/axi4yank/Queue_5/ram_reg' and it is trimmed from '8' to '7' bits.
WARNING: [Synth 8-3936] Found unconnected internal register 'coupler_to_memory_controller_named_axi4/axi4yank/Queue_6/ram_reg' and it is trimmed from '8' to '7' bits.
WARNING: [Synth 8-3936] Found unconnected internal register 'coupler_to_memory_controller_named_axi4/axi4yank/Queue_7/ram_reg' and it is trimmed from '8' to '7' bits.
WARNING: [Synth 8-3936] Found unconnected internal register 'coupler_to_memory_controller_named_axi4/axi4yank/Queue_8/ram_reg' and it is trimmed from '8' to '7' bits.
WARNING: [Synth 8-3936] Found unconnected internal register 'coupler_to_memory_controller_named_axi4/axi4yank/Queue_9/ram_reg' and it is trimmed from '8' to '7' bits.
WARNING: [Synth 8-3936] Found unconnected internal register 'coupler_to_memory_controller_named_axi4/axi4yank/Queue_10/ram_reg' and it is trimmed from '8' to '7' bits.
WARNING: [Synth 8-3936] Found unconnected internal register 'coupler_to_memory_controller_named_axi4/axi4yank/Queue_11/ram_reg' and it is trimmed from '8' to '7' bits.
WARNING: [Synth 8-3936] Found unconnected internal register 'coupler_to_memory_controller_named_axi4/axi4yank/Queue_12/ram_reg' and it is trimmed from '8' to '7' bits.
WARNING: [Synth 8-3936] Found unconnected internal register 'coupler_to_memory_controller_named_axi4/axi4yank/Queue_13/ram_reg' and it is trimmed from '8' to '7' bits.
WARNING: [Synth 8-3936] Found unconnected internal register 'coupler_to_memory_controller_named_axi4/axi4yank/Queue_14/ram_reg' and it is trimmed from '8' to '7' bits.
WARNING: [Synth 8-3936] Found unconnected internal register 'coupler_to_memory_controller_named_axi4/axi4yank/Queue_15/ram_reg' and it is trimmed from '8' to '7' bits.
WARNING: [Synth 8-3936] Found unconnected internal register 'coupler_to_memory_controller_named_axi4/axi4yank/Queue_16/ram_reg' and it is trimmed from '8' to '7' bits.
WARNING: [Synth 8-3936] Found unconnected internal register 'coupler_to_memory_controller_named_axi4/axi4yank/Queue_17/ram_reg' and it is trimmed from '8' to '7' bits.
WARNING: [Synth 8-3936] Found unconnected internal register 'coupler_to_memory_controller_named_axi4/axi4yank/Queue_18/ram_reg' and it is trimmed from '8' to '7' bits.
WARNING: [Synth 8-3936] Found unconnected internal register 'coupler_to_memory_controller_named_axi4/axi4yank/Queue_19/ram_reg' and it is trimmed from '8' to '7' bits.
WARNING: [Synth 8-3936] Found unconnected internal register 'coupler_to_memory_controller_named_axi4/axi4yank/Queue_20/ram_reg' and it is trimmed from '8' to '7' bits.
WARNING: [Synth 8-3936] Found unconnected internal register 'coupler_to_memory_controller_named_axi4/axi4yank/Queue_21/ram_reg' and it is trimmed from '8' to '7' bits.
WARNING: [Synth 8-3936] Found unconnected internal register 'coupler_to_memory_controller_named_axi4/axi4yank/Queue_22/ram_reg' and it is trimmed from '8' to '7' bits.
WARNING: [Synth 8-3936] Found unconnected internal register 'coupler_to_memory_controller_named_axi4/axi4yank/Queue_23/ram_reg' and it is trimmed from '8' to '7' bits.
WARNING: [Synth 8-3936] Found unconnected internal register 'coupler_to_memory_controller_named_axi4/axi4yank/Queue_24/ram_reg' and it is trimmed from '8' to '7' bits.
WARNING: [Synth 8-3936] Found unconnected internal register 'coupler_to_memory_controller_named_axi4/axi4yank/Queue_25/ram_reg' and it is trimmed from '8' to '7' bits.
WARNING: [Synth 8-3936] Found unconnected internal register 'coupler_to_memory_controller_named_axi4/axi4yank/Queue_26/ram_reg' and it is trimmed from '8' to '7' bits.
WARNING: [Synth 8-3936] Found unconnected internal register 'coupler_to_memory_controller_named_axi4/axi4yank/Queue_27/ram_reg' and it is trimmed from '8' to '7' bits.
WARNING: [Synth 8-3936] Found unconnected internal register 'coupler_to_memory_controller_named_axi4/axi4yank/Queue_28/ram_reg' and it is trimmed from '8' to '7' bits.
WARNING: [Synth 8-3936] Found unconnected internal register 'coupler_to_memory_controller_named_axi4/axi4yank/Queue_29/ram_reg' and it is trimmed from '8' to '7' bits.
WARNING: [Synth 8-3936] Found unconnected internal register 'coupler_to_memory_controller_named_axi4/axi4yank/Queue_30/ram_reg' and it is trimmed from '8' to '7' bits.
WARNING: [Synth 8-3936] Found unconnected internal register 'coupler_to_memory_controller_named_axi4/axi4yank/Queue_31/ram_reg' and it is trimmed from '8' to '7' bits.
WARNING: [Synth 8-3936] Found unconnected internal register 'coupler_to_memory_controller_named_axi4/tl2axi4/Queue_1/ram_user_reg' and it is trimmed from '8' to '7' bits.
INFO: [Synth 8-7067] Removed DRAM instance sbus/i_8/i_0/coupler_to_slave_named_Error/buffer/Queue_1/ram_data_reg_0_1_60_63 from module extram__66 due to constant propagation
INFO: [Synth 8-7067] Removed DRAM instance sbus/i_8/i_0/coupler_to_slave_named_Error/buffer/Queue_1/ram_data_reg_0_1_54_59 from module extram__66 due to constant propagation
INFO: [Synth 8-7067] Removed DRAM instance sbus/i_8/i_0/coupler_to_slave_named_Error/buffer/Queue_1/ram_data_reg_0_1_48_53 from module extram__66 due to constant propagation
INFO: [Synth 8-7067] Removed DRAM instance sbus/i_8/i_0/coupler_to_slave_named_Error/buffer/Queue_1/ram_data_reg_0_1_42_47 from module extram__66 due to constant propagation
INFO: [Synth 8-7067] Removed DRAM instance sbus/i_8/i_0/coupler_to_slave_named_Error/buffer/Queue_1/ram_data_reg_0_1_36_41 from module extram__66 due to constant propagation
INFO: [Synth 8-7067] Removed DRAM instance sbus/i_8/i_0/coupler_to_slave_named_Error/buffer/Queue_1/ram_data_reg_0_1_30_35 from module extram__66 due to constant propagation
INFO: [Synth 8-7067] Removed DRAM instance sbus/i_8/i_0/coupler_to_slave_named_Error/buffer/Queue_1/ram_data_reg_0_1_24_29 from module extram__66 due to constant propagation
INFO: [Synth 8-7067] Removed DRAM instance sbus/i_8/i_0/coupler_to_slave_named_Error/buffer/Queue_1/ram_data_reg_0_1_18_23 from module extram__66 due to constant propagation
INFO: [Synth 8-7067] Removed DRAM instance sbus/i_8/i_0/coupler_to_slave_named_Error/buffer/Queue_1/ram_data_reg_0_1_12_17 from module extram__66 due to constant propagation
INFO: [Synth 8-7067] Removed DRAM instance sbus/i_8/i_0/coupler_to_slave_named_Error/buffer/Queue_1/ram_data_reg_0_1_6_11 from module extram__66 due to constant propagation
INFO: [Synth 8-7067] Removed DRAM instance sbus/i_8/i_0/coupler_to_slave_named_Error/buffer/Queue_1/ram_data_reg_0_1_0_5 from module extram__66 due to constant propagation
INFO: [Synth 8-7067] Removed DRAM instance sbus/i_8/i_0/coupler_to_slave_named_Error/buffer/Queue_1/ram_data_reg_0_1_60_63 from module extram__66 due to constant propagation
INFO: [Synth 8-7067] Removed DRAM instance sbus/bufferi_9/i_0/coupler_to_slave_named_Error/buffer/Queue_1/ram_error_reg_0_1_0_0 from module extram__68 due to constant propagation
INFO: [Synth 8-7067] Removed DRAM instance sbus/bufferi_9/i_0/coupler_to_slave_named_Error/buffer/Queue_1/ram_error_reg_0_1_0_0 from module extram__68 due to constant propagation
INFO: [Common 17-14] Message 'Synth 8-3886' appears 100 times and further instances of the messages will be disabled. Use the Tcl command set_msg_config to change the current settings.
INFO: [Common 17-14] Message 'Synth 8-3333' appears 100 times and further instances of the messages will be disabled. Use the Tcl command set_msg_config to change the current settings.
---------------------------------------------------------------------------------
Finished Cross Boundary and Area Optimization : Time (s): cpu = 00:02:04 ; elapsed = 00:02:09 . Memory (MB): peak = 5562.547 ; gain = 3788.184 ; free physical = 296 ; free virtual = 21768
---------------------------------------------------------------------------------
---------------------------------------------------------------------------------
Start ROM, RAM, DSP, Shift Register and Retiming Reporting
---------------------------------------------------------------------------------

Distributed RAM: Preliminary Mapping Report (see note below)
+-----------------+------------------------------------------------------------+-----------+----------------------+---------------+
|Module Name      | RTL Object                                                 | Inference | Size (Depth x Width) | Primitives    | 
+-----------------+------------------------------------------------------------+-----------+----------------------+---------------+
|tcpu_core__GB1   | rf/regs_reg                                                | Implied   | 32 x 64              | RAM32M x 44   | 
|tcpu_core__GB1   | ifill/ic/g_cache.tag_reg                                   | Implied   | 64 x 22              | RAM64M x 8    | 
|tcpu_core__GB1   | ifill/ic/g_cache.data_reg                                  | Implied   | 64 x 128             | RAM64M x 43   | 
|RD2ZynqTop__GCB0 | Queue/ram_reg                                              | Implied   | 2 x 32               | RAM32M x 6    | 
|RD2ZynqTop__GCB0 | Queue_1/ram_reg                                            | Implied   | 2 x 32               | RAM32M x 6    | 
|pbus             | coupler_from_sbus/buffer/Queue/ram_opcode_reg              | Implied   | 2 x 3                | RAM32M x 1    | 
|pbus             | coupler_from_sbus/buffer/Queue/ram_size_reg                | Implied   | 2 x 3                | RAM32M x 1    | 
|pbus             | coupler_from_sbus/buffer/Queue/ram_source_reg              | Implied   | 2 x 2                | RAM16X1D x 2  | 
|pbus             | coupler_from_sbus/buffer/Queue/ram_address_reg             | Implied   | 2 x 29               | RAM32M x 5    | 
|pbus             | coupler_from_sbus/buffer/Queue/ram_mask_reg                | Implied   | 2 x 8                | RAM32M x 2    | 
|pbus             | coupler_from_sbus/buffer/Queue/ram_data_reg                | Implied   | 2 x 64               | RAM32M x 11   | 
|pbus             | coupler_from_sbus/buffer/Queue_1/ram_opcode_reg            | Implied   | 2 x 3                | RAM32M x 1    | 
|pbus             | coupler_from_sbus/buffer/Queue_1/ram_size_reg              | Implied   | 2 x 3                | RAM32M x 1    | 
|pbus             | coupler_from_sbus/buffer/Queue_1/ram_source_reg            | Implied   | 2 x 2                | RAM16X1D x 2  | 
|pbus             | coupler_from_sbus/buffer/Queue_1/ram_error_reg             | Implied   | 2 x 1                | RAM16X1D x 1  | 
|pbus             | coupler_from_sbus/buffer/Queue_1/ram_data_reg              | Implied   | 2 x 64               | RAM32M x 11   | 
|pbus             | sync_xing/Queue/ram_opcode_reg                             | Implied   | 2 x 3                | RAM32M x 1    | 
|pbus             | sync_xing/Queue/ram_param_reg                              | Implied   | 2 x 3                | RAM32M x 1    | 
|pbus             | sync_xing/Queue/ram_size_reg                               | Implied   | 2 x 3                | RAM32M x 1    | 
|pbus             | sync_xing/Queue/ram_source_reg                             | Implied   | 2 x 2                | RAM16X1D x 2  | 
|pbus             | sync_xing/Queue/ram_address_reg                            | Implied   | 2 x 29               | RAM32M x 5    | 
|pbus             | sync_xing/Queue/ram_mask_reg                               | Implied   | 2 x 8                | RAM32M x 2    | 
|pbus             | sync_xing/Queue/ram_data_reg                               | Implied   | 2 x 64               | RAM32M x 11   | 
|pbus             | sync_xing/Queue_1/ram_opcode_reg                           | Implied   | 2 x 3                | RAM32M x 1    | 
|pbus             | sync_xing/Queue_1/ram_size_reg                             | Implied   | 2 x 3                | RAM32M x 1    | 
|pbus             | sync_xing/Queue_1/ram_source_reg                           | Implied   | 2 x 2                | RAM16X1D x 2  | 
|pbus             | sync_xing/Queue_1/ram_data_reg                             | Implied   | 2 x 64               | RAM32M x 11   | 
|pbus             | sync_xing/Queue_1/ram_error_reg                            | Implied   | 2 x 1                | RAM16X1D x 1  | 
|controller       | router/allocQueue/ram_reg                                  | Implied   | 2 x 1                | RAM16X1D x 1  | 
|controller       | router/completeQueue/ram_reg                               | Implied   | 2 x 1                | RAM16X1D x 1  | 
|bh               | TLBroadcastTracker/o_data/ram_data_reg                     | Implied   | 8 x 64               | RAM32M x 11   | 
|bh               | TLBroadcastTracker/o_data/ram_mask_reg                     | Implied   | 8 x 8                | RAM32M x 2    | 
|bh               | TLBroadcastTracker_1/o_data/ram_data_reg                   | Implied   | 8 x 64               | RAM32M x 11   | 
|bh               | TLBroadcastTracker_1/o_data/ram_mask_reg                   | Implied   | 8 x 8                | RAM32M x 2    | 
|bh               | TLBroadcastTracker_2/o_data/ram_data_reg                   | Implied   | 8 x 64               | RAM32M x 11   | 
|bh               | TLBroadcastTracker_2/o_data/ram_mask_reg                   | Implied   | 8 x 8                | RAM32M x 2    | 
|bh               | TLBroadcastTracker_3/o_data/ram_data_reg                   | Implied   | 8 x 64               | RAM32M x 11   | 
|bh               | TLBroadcastTracker_3/o_data/ram_mask_reg                   | Implied   | 8 x 8                | RAM32M x 2    | 
|sbus             | coupler_to_slave_named_Error/buffer/Queue/ram_opcode_reg   | Implied   | 2 x 3                | RAM32M x 1    | 
|sbus             | coupler_to_slave_named_Error/buffer/Queue/ram_size_reg     | Implied   | 2 x 4                | RAM32M x 1    | 
|sbus             | coupler_to_slave_named_Error/buffer/Queue/ram_source_reg   | Implied   | 2 x 2                | RAM16X1D x 2  | 
|sbus             | coupler_to_slave_named_Error/buffer/Queue_1/ram_opcode_reg | Implied   | 2 x 3                | RAM32M x 1    | 
|sbus             | coupler_to_slave_named_Error/buffer/Queue_1/ram_size_reg   | Implied   | 2 x 4                | RAM32M x 1    | 
|sbus             | coupler_to_slave_named_Error/buffer/Queue_1/ram_source_reg | Implied   | 2 x 2                | RAM16X1D x 2  | 
|ZynqAdapterRD2   | core/ser_in_fifo/ram_reg                                   | Implied   | 16 x 32              | RAM32M x 6    | 
|ZynqAdapterRD2   | core/bdev_resp_fifo/ram_reg                                | Implied   | 16 x 32              | RAM32M x 6    | 
|ZynqAdapterRD2   | core/Queue_1/ram_read_reg                                  | Implied   | 2 x 1                | RAM16X1D x 1  | 
|ZynqAdapterRD2   | core/bdev_data_fifo/ram_reg                                | Implied   | 16 x 32              | RAM32M x 6    | 
|ZynqAdapterRD2   | core/bdev_req_fifo/ram_reg                                 | Implied   | 16 x 32              | RAM32M x 6    | 
|ZynqAdapterRD2   | core/ser_out_fifo/ram_reg                                  | Implied   | 16 x 32              | RAM32M x 6    | 
|ZynqAdapterRD2   | core/Queue_1/ram_data_reg                                  | Implied   | 2 x 32               | RAM32M x 6    | 
|ZynqAdapterRD2   | core/Queue_1/ram_extra_reg                                 | Implied   | 2 x 13               | RAM32M x 3    | 
+-----------------+------------------------------------------------------------+-----------+----------------------+---------------+

Note: The table above is a preliminary report that shows the Distributed RAMs at the current stage of the synthesis flow. Some Distributed RAMs may be reimplemented as non Distributed RAM primitives later in the synthesis flow. Multiple instantiated RAMs are reported only once.
---------------------------------------------------------------------------------
Finished ROM, RAM, DSP, Shift Register and Retiming Reporting
---------------------------------------------------------------------------------
---------------------------------------------------------------------------------
Start Applying XDC Timing Constraints
---------------------------------------------------------------------------------
---------------------------------------------------------------------------------
Finished Applying XDC Timing Constraints : Time (s): cpu = 00:03:25 ; elapsed = 00:02:20 . Memory (MB): peak = 5567.539 ; gain = 3793.176 ; free physical = 1734 ; free virtual = 23253
---------------------------------------------------------------------------------
---------------------------------------------------------------------------------
Start Timing Optimization
---------------------------------------------------------------------------------
---------------------------------------------------------------------------------
Finished Timing Optimization : Time (s): cpu = 00:04:02 ; elapsed = 00:02:59 . Memory (MB): peak = 5620.125 ; gain = 3845.762 ; free physical = 1681 ; free virtual = 23204
---------------------------------------------------------------------------------
---------------------------------------------------------------------------------
Start ROM, RAM, DSP, Shift Register and Retiming Reporting
---------------------------------------------------------------------------------

Distributed RAM: Final Mapping Report
+-----------------+------------------------------------------------------------+-----------+----------------------+---------------+
|Module Name      | RTL Object                                                 | Inference | Size (Depth x Width) | Primitives    | 
+-----------------+------------------------------------------------------------+-----------+----------------------+---------------+
|tcpu_core__GB1   | rf/regs_reg                                                | Implied   | 32 x 64              | RAM32M x 44   | 
|tcpu_core__GB1   | ifill/ic/g_cache.tag_reg                                   | Implied   | 64 x 22              | RAM64M x 8    | 
|tcpu_core__GB1   | ifill/ic/g_cache.data_reg                                  | Implied   | 64 x 128             | RAM64M x 43   | 
|RD2ZynqTop__GCB0 | Queue/ram_reg                                              | Implied   | 2 x 32               | RAM32M x 6    | 
|RD2ZynqTop__GCB0 | Queue_1/ram_reg                                            | Implied   | 2 x 32               | RAM32M x 6    | 
|sbus             | coupler_to_slave_named_Error/buffer/Queue/ram_opcode_reg   | Implied   | 2 x 3                | RAM32M x 1    | 
|sbus             | coupler_to_slave_named_Error/buffer/Queue/ram_size_reg     | Implied   | 2 x 4                | RAM32M x 1    | 
|sbus             | coupler_to_slave_named_Error/buffer/Queue/ram_source_reg   | Implied   | 2 x 2                | RAM16X1D x 2  | 
|sbus             | coupler_to_slave_named_Error/buffer/Queue_1/ram_opcode_reg | Implied   | 2 x 3                | RAM32M x 1    | 
|sbus             | coupler_to_slave_named_Error/buffer/Queue_1/ram_size_reg   | Implied   | 2 x 4                | RAM32M x 1    | 
|sbus             | coupler_to_slave_named_Error/buffer/Queue_1/ram_source_reg | Implied   | 2 x 2                | RAM16X1D x 2  | 
|pbus             | coupler_from_sbus/buffer/Queue/ram_opcode_reg              | Implied   | 2 x 3                | RAM32M x 1    | 
|pbus             | coupler_from_sbus/buffer/Queue/ram_size_reg                | Implied   | 2 x 3                | RAM32M x 1    | 
|pbus             | coupler_from_sbus/buffer/Queue/ram_source_reg              | Implied   | 2 x 2                | RAM16X1D x 2  | 
|pbus             | coupler_from_sbus/buffer/Queue/ram_address_reg             | Implied   | 2 x 29               | RAM32M x 5    | 
|pbus             | coupler_from_sbus/buffer/Queue/ram_mask_reg                | Implied   | 2 x 8                | RAM32M x 2    | 
|pbus             | coupler_from_sbus/buffer/Queue/ram_data_reg                | Implied   | 2 x 64               | RAM32M x 11   | 
|pbus             | coupler_from_sbus/buffer/Queue_1/ram_opcode_reg            | Implied   | 2 x 3                | RAM32M x 1    | 
|pbus             | coupler_from_sbus/buffer/Queue_1/ram_size_reg              | Implied   | 2 x 3                | RAM32M x 1    | 
|pbus             | coupler_from_sbus/buffer/Queue_1/ram_source_reg            | Implied   | 2 x 2                | RAM16X1D x 2  | 
|pbus             | coupler_from_sbus/buffer/Queue_1/ram_error_reg             | Implied   | 2 x 1                | RAM16X1D x 1  | 
|pbus             | coupler_from_sbus/buffer/Queue_1/ram_data_reg              | Implied   | 2 x 64               | RAM32M x 11   | 
|pbus             | sync_xing/Queue/ram_opcode_reg                             | Implied   | 2 x 3                | RAM32M x 1    | 
|pbus             | sync_xing/Queue/ram_param_reg                              | Implied   | 2 x 3                | RAM32M x 1    | 
|pbus             | sync_xing/Queue/ram_size_reg                               | Implied   | 2 x 3                | RAM32M x 1    | 
|pbus             | sync_xing/Queue/ram_source_reg                             | Implied   | 2 x 2                | RAM16X1D x 2  | 
|pbus             | sync_xing/Queue/ram_address_reg                            | Implied   | 2 x 29               | RAM32M x 5    | 
|pbus             | sync_xing/Queue/ram_mask_reg                               | Implied   | 2 x 8                | RAM32M x 2    | 
|pbus             | sync_xing/Queue/ram_data_reg                               | Implied   | 2 x 64               | RAM32M x 11   | 
|pbus             | sync_xing/Queue_1/ram_opcode_reg                           | Implied   | 2 x 3                | RAM32M x 1    | 
|pbus             | sync_xing/Queue_1/ram_size_reg                             | Implied   | 2 x 3                | RAM32M x 1    | 
|pbus             | sync_xing/Queue_1/ram_source_reg                           | Implied   | 2 x 2                | RAM16X1D x 2  | 
|pbus             | sync_xing/Queue_1/ram_data_reg                             | Implied   | 2 x 64               | RAM32M x 11   | 
|pbus             | sync_xing/Queue_1/ram_error_reg                            | Implied   | 2 x 1                | RAM16X1D x 1  | 
|controller       | router/allocQueue/ram_reg                                  | Implied   | 2 x 1                | RAM16X1D x 1  | 
|controller       | router/completeQueue/ram_reg                               | Implied   | 2 x 1                | RAM16X1D x 1  | 
|bh               | TLBroadcastTracker/o_data/ram_data_reg                     | Implied   | 8 x 64               | RAM32M x 11   | 
|bh               | TLBroadcastTracker/o_data/ram_mask_reg                     | Implied   | 8 x 8                | RAM32M x 2    | 
|bh               | TLBroadcastTracker_1/o_data/ram_data_reg                   | Implied   | 8 x 64               | RAM32M x 11   | 
|bh               | TLBroadcastTracker_1/o_data/ram_mask_reg                   | Implied   | 8 x 8                | RAM32M x 2    | 
|bh               | TLBroadcastTracker_2/o_data/ram_data_reg                   | Implied   | 8 x 64               | RAM32M x 11   | 
|bh               | TLBroadcastTracker_2/o_data/ram_mask_reg                   | Implied   | 8 x 8                | RAM32M x 2    | 
|bh               | TLBroadcastTracker_3/o_data/ram_data_reg                   | Implied   | 8 x 64               | RAM32M x 11   | 
|bh               | TLBroadcastTracker_3/o_data/ram_mask_reg                   | Implied   | 8 x 8                | RAM32M x 2    | 
|ZynqAdapterRD2   | core/ser_in_fifo/ram_reg                                   | Implied   | 16 x 32              | RAM32M x 6    | 
|ZynqAdapterRD2   | core/bdev_resp_fifo/ram_reg                                | Implied   | 16 x 32              | RAM32M x 6    | 
|ZynqAdapterRD2   | core/Queue_1/ram_read_reg                                  | Implied   | 2 x 1                | RAM16X1D x 1  | 
|ZynqAdapterRD2   | core/bdev_data_fifo/ram_reg                                | Implied   | 16 x 32              | RAM32M x 6    | 
|ZynqAdapterRD2   | core/bdev_req_fifo/ram_reg                                 | Implied   | 16 x 32              | RAM32M x 6    | 
|ZynqAdapterRD2   | core/ser_out_fifo/ram_reg                                  | Implied   | 16 x 32              | RAM32M x 6    | 
|ZynqAdapterRD2   | core/Queue_1/ram_data_reg                                  | Implied   | 2 x 32               | RAM32M x 6    | 
|ZynqAdapterRD2   | core/Queue_1/ram_extra_reg                                 | Implied   | 2 x 13               | RAM32M x 3    | 
+-----------------+------------------------------------------------------------+-----------+----------------------+---------------+

---------------------------------------------------------------------------------
Finished ROM, RAM, DSP, Shift Register and Retiming Reporting
---------------------------------------------------------------------------------
---------------------------------------------------------------------------------
Start Technology Mapping
---------------------------------------------------------------------------------
INFO: [Synth 8-7067] Removed DRAM instance targeti_4/top/teaching_board_top/target/pbus/coupler_from_sbus/buffer/Queue_1/ram_error_reg_0_1_0_0 from module rocketchip_wrapper_GT0_tempName due to constant propagation
INFO: [Synth 8-7067] Removed DRAM instance targeti_4/top/teaching_board_top/target/pbus/coupler_from_sbus/buffer/Queue_1/ram_error_reg_0_1_0_0 from module rocketchip_wrapper_GT0_tempName due to constant propagation
INFO: [Synth 8-7067] Removed DRAM instance targeti_4/top/teaching_board_top/target/pbus/sync_xing/Queue_1/ram_error_reg_0_1_0_0 from module rocketchip_wrapper_GT0_tempName due to constant propagation
---------------------------------------------------------------------------------
Finished Technology Mapping : Time (s): cpu = 00:04:07 ; elapsed = 00:03:10 . Memory (MB): peak = 5632.051 ; gain = 3857.688 ; free physical = 760 ; free virtual = 22283
---------------------------------------------------------------------------------
---------------------------------------------------------------------------------
Start IO Insertion
---------------------------------------------------------------------------------
---------------------------------------------------------------------------------
Start Flattening Before IO Insertion
---------------------------------------------------------------------------------
---------------------------------------------------------------------------------
Finished Flattening Before IO Insertion
---------------------------------------------------------------------------------
---------------------------------------------------------------------------------
Start Final Netlist Cleanup
---------------------------------------------------------------------------------
---------------------------------------------------------------------------------
Finished Final Netlist Cleanup
---------------------------------------------------------------------------------
---------------------------------------------------------------------------------
Finished IO Insertion : Time (s): cpu = 00:04:13 ; elapsed = 00:03:16 . Memory (MB): peak = 5632.051 ; gain = 3857.688 ; free physical = 713 ; free virtual = 22285
---------------------------------------------------------------------------------
---------------------------------------------------------------------------------
Start Renaming Generated Instances
---------------------------------------------------------------------------------
---------------------------------------------------------------------------------
Finished Renaming Generated Instances : Time (s): cpu = 00:04:13 ; elapsed = 00:03:16 . Memory (MB): peak = 5632.051 ; gain = 3857.688 ; free physical = 713 ; free virtual = 22285
---------------------------------------------------------------------------------
---------------------------------------------------------------------------------
Start Rebuilding User Hierarchy
---------------------------------------------------------------------------------
---------------------------------------------------------------------------------
Finished Rebuilding User Hierarchy : Time (s): cpu = 00:04:15 ; elapsed = 00:03:19 . Memory (MB): peak = 5632.051 ; gain = 3857.688 ; free physical = 713 ; free virtual = 22285
---------------------------------------------------------------------------------
---------------------------------------------------------------------------------
Start Renaming Generated Ports
---------------------------------------------------------------------------------
---------------------------------------------------------------------------------
Finished Renaming Generated Ports : Time (s): cpu = 00:04:15 ; elapsed = 00:03:19 . Memory (MB): peak = 5632.051 ; gain = 3857.688 ; free physical = 713 ; free virtual = 22285
---------------------------------------------------------------------------------
---------------------------------------------------------------------------------
Start Handling Custom Attributes
---------------------------------------------------------------------------------
---------------------------------------------------------------------------------
Finished Handling Custom Attributes : Time (s): cpu = 00:04:16 ; elapsed = 00:03:19 . Memory (MB): peak = 5632.051 ; gain = 3857.688 ; free physical = 713 ; free virtual = 22285
---------------------------------------------------------------------------------
---------------------------------------------------------------------------------
Start Renaming Generated Nets
---------------------------------------------------------------------------------
---------------------------------------------------------------------------------
Finished Renaming Generated Nets : Time (s): cpu = 00:04:16 ; elapsed = 00:03:20 . Memory (MB): peak = 5632.051 ; gain = 3857.688 ; free physical = 713 ; free virtual = 22285
---------------------------------------------------------------------------------
---------------------------------------------------------------------------------
Start Writing Synthesis Report
---------------------------------------------------------------------------------

Report BlackBoxes: 
+------+----------------------------------------+----------+
|      |BlackBox name                           |Instances |
+------+----------------------------------------+----------+
|1     |system_axi_interconnect_0_imp_auto_pc_0 |         1|
|2     |system_axi_interconnect_1_imp_auto_pc_0 |         1|
|3     |system_proc_sys_reset_0_0               |         1|
|4     |system_processing_system7_0_0           |         1|
+------+----------------------------------------+----------+

Report Cell Usage: 
+------+--------------------------------------+------+
|      |Cell                                  |Count |
+------+--------------------------------------+------+
|1     |system_axi_interconnect_0_imp_auto_pc |     1|
|2     |system_axi_interconnect_1_imp_auto_pc |     1|
|3     |system_proc_sys_reset_0               |     1|
|4     |system_processing_system7_0           |     1|
|5     |BUFG                                  |     1|
|6     |CARRY4                                |   813|
|7     |LUT1                                  |   610|
|8     |LUT2                                  |  1062|
|9     |LUT3                                  |  2178|
|10    |LUT4                                  |  2429|
|11    |LUT5                                  |  2915|
|12    |LUT6                                  |  6507|
|13    |MMCME2_BASE                           |     1|
|14    |MUXF7                                 |   112|
|15    |MUXF8                                 |     4|
|16    |RAM16X1D                              |    15|
|17    |RAM32M                                |   179|
|18    |RAM32X1D                              |    14|
|19    |RAM64M                                |    50|
|20    |FDRE                                  |  6633|
|21    |FDSE                                  |    68|
|22    |IBUFG                                 |     1|
+------+--------------------------------------+------+
---------------------------------------------------------------------------------
Finished Writing Synthesis Report : Time (s): cpu = 00:04:16 ; elapsed = 00:03:20 . Memory (MB): peak = 5632.051 ; gain = 3857.688 ; free physical = 713 ; free virtual = 22285
---------------------------------------------------------------------------------
Synthesis finished with 0 errors, 0 critical warnings and 174 warnings.
Synthesis Optimization Runtime : Time (s): cpu = 00:04:02 ; elapsed = 00:03:14 . Memory (MB): peak = 5632.051 ; gain = 3750.090 ; free physical = 6849 ; free virtual = 28421
Synthesis Optimization Complete : Time (s): cpu = 00:04:16 ; elapsed = 00:03:25 . Memory (MB): peak = 5632.051 ; gain = 3857.688 ; free physical = 6856 ; free virtual = 28420
INFO: [Project 1-571] Translating synthesized netlist
Netlist sorting complete. Time (s): cpu = 00:00:00.18 ; elapsed = 00:00:00.19 . Memory (MB): peak = 5632.051 ; gain = 0.000 ; free physical = 6859 ; free virtual = 28423
INFO: [Netlist 29-17] Analyzing 1189 Unisim elements for replacement
WARNING: [Netlist 29-432] The IBUFG primitive 'ibufg_gclk' has been retargeted to an IBUF primitive only. No BUFG will be added. If a global buffer is intended, please instantiate an available global clock primitive from the current architecture.
INFO: [Netlist 29-28] Unisim Transformation completed in 0 CPU seconds
INFO: [Project 1-570] Preparing netlist for logic optimization
INFO: [Opt 31-138] Pushed 0 inverter(s) to 0 load pin(s).
Netlist sorting complete. Time (s): cpu = 00:00:00.01 ; elapsed = 00:00:00.01 . Memory (MB): peak = 5676.152 ; gain = 0.000 ; free physical = 6868 ; free virtual = 28433
INFO: [Project 1-111] Unisim Transformation Summary:
  A total of 260 instances were transformed.
  IBUFG => IBUF: 1 instance 
  MMCME2_BASE => MMCME2_ADV: 1 instance 
  RAM16X1D => RAM32X1D (RAMD32(x2)): 15 instances
  RAM32M => RAM32M (RAMD32(x6), RAMS32(x2)): 179 instances
  RAM32X1D => RAM32X1D (RAMD32(x2)): 14 instances
  RAM64M => RAM64M (RAMD64E(x4)): 50 instances

Synth Design complete | Checksum: 323acc84
INFO: [Common 17-83] Releasing license: Synthesis
513 Infos, 220 Warnings, 0 Critical Warnings and 0 Errors encountered.
synth_design completed successfully
synth_design: Time (s): cpu = 00:04:26 ; elapsed = 00:03:34 . Memory (MB): peak = 5676.188 ; gain = 4036.684 ; free physical = 6872 ; free virtual = 28437
INFO: [Common 17-2834] synth_design peak Physical Memory [PSS] (MB): overall = 11558.322; main = 4745.307; forked = 7110.115
INFO: [Common 17-2834] synth_design peak Virtual Memory [VSS] (MB): overall = 20712.711; main = 5676.156; forked = 15154.070
Write ShapeDB Complete: Time (s): cpu = 00:00:00.06 ; elapsed = 00:00:00.02 . Memory (MB): peak = 5700.164 ; gain = 0.000 ; free physical = 6870 ; free virtual = 28437
INFO: [Common 17-1381] The checkpoint '/home/engineer/fpga/worktrees/ips-cache/experiments/IPS-campaign/build-cache/vivado-project/teaching_pynqz1.runs/synth_1/rocketchip_wrapper.dcp' has been generated.
INFO: [Vivado 12-24828] Executing command : report_utilization -file rocketchip_wrapper_utilization_synth.rpt -pb rocketchip_wrapper_utilization_synth.pb
INFO: [Common 17-206] Exiting Vivado at Fri Sep 25 01:43:56 2026...
[Fri Sep 25 01:43:56 2026] synth_1 finished
wait_on_runs: Time (s): cpu = 00:08:16 ; elapsed = 00:05:01 . Memory (MB): peak = 1890.945 ; gain = 0.000 ; free physical = 11422 ; free virtual = 32918
# set st [get_property STATUS [get_runs synth_1]]
# set pr [get_property PROGRESS [get_runs synth_1]]
# say "synth_1 STATUS='$st' PROGRESS=$pr"
@@@ synth_1 STATUS='synth_design Complete!' PROGRESS=100%
# if {$pr != "100%"} { say "SYNTH_FAILED"; exit 4 }
# open_run synth_1 -name synth_1
Design is defaulting to impl run constrset: constrs_1
Design is defaulting to synth run part: xc7z020clg400-1
INFO: [Device 21-403] Loading part xc7z020clg400-1
INFO: [Project 1-5699] Read binary netlist with skipMacroContent - 1
INFO: [Project 1-454] Reading design checkpoint '/home/engineer/fpga/worktrees/ips-cache/experiments/IPS-campaign/build-cache/vivado-project/teaching_pynqz1.gen/sources_1/bd/system/ip/system_proc_sys_reset_0_0/system_proc_sys_reset_0_0.dcp' for cell 'system_i/proc_sys_reset_0'
INFO: [Project 1-454] Reading design checkpoint '/home/engineer/fpga/worktrees/ips-cache/experiments/IPS-campaign/build-cache/vivado-project/teaching_pynqz1.gen/sources_1/bd/system/ip/system_processing_system7_0_0/system_processing_system7_0_0.dcp' for cell 'system_i/processing_system7_0'
INFO: [Project 1-454] Reading design checkpoint '/home/engineer/fpga/worktrees/ips-cache/experiments/IPS-campaign/build-cache/vivado-project/teaching_pynqz1.gen/sources_1/bd/system/ip/system_axi_interconnect_0_imp_auto_pc_0/system_axi_interconnect_0_imp_auto_pc_0.dcp' for cell 'system_i/axi_interconnect_0/s00_couplers/auto_pc'
INFO: [Project 1-454] Reading design checkpoint '/home/engineer/fpga/worktrees/ips-cache/experiments/IPS-campaign/build-cache/vivado-project/teaching_pynqz1.gen/sources_1/bd/system/ip/system_axi_interconnect_1_imp_auto_pc_0/system_axi_interconnect_1_imp_auto_pc_0.dcp' for cell 'system_i/axi_interconnect_1/s00_couplers/auto_pc'
Netlist sorting complete. Time (s): cpu = 00:00:00.14 ; elapsed = 00:00:00.14 . Memory (MB): peak = 2014.305 ; gain = 0.000 ; free physical = 11201 ; free virtual = 32697
INFO: [Netlist 29-17] Analyzing 1208 Unisim elements for replacement
INFO: [Netlist 29-28] Unisim Transformation completed in 0 CPU seconds
INFO: [Project 1-479] Netlist was created with Vivado 2025.2.1
INFO: [Project 1-570] Preparing netlist for logic optimization
Parsing XDC File [/home/engineer/fpga/worktrees/ips-cache/experiments/IPS-campaign/build-cache/vivado-project/teaching_pynqz1.gen/sources_1/bd/system/ip/system_proc_sys_reset_0_0/system_proc_sys_reset_0_0_board.xdc] for cell 'system_i/proc_sys_reset_0/U0'
Finished Parsing XDC File [/home/engineer/fpga/worktrees/ips-cache/experiments/IPS-campaign/build-cache/vivado-project/teaching_pynqz1.gen/sources_1/bd/system/ip/system_proc_sys_reset_0_0/system_proc_sys_reset_0_0_board.xdc] for cell 'system_i/proc_sys_reset_0/U0'
Parsing XDC File [/home/engineer/fpga/worktrees/ips-cache/experiments/IPS-campaign/build-cache/vivado-project/teaching_pynqz1.gen/sources_1/bd/system/ip/system_processing_system7_0_0/system_processing_system7_0_0.xdc] for cell 'system_i/processing_system7_0/inst'
Finished Parsing XDC File [/home/engineer/fpga/worktrees/ips-cache/experiments/IPS-campaign/build-cache/vivado-project/teaching_pynqz1.gen/sources_1/bd/system/ip/system_processing_system7_0_0/system_processing_system7_0_0.xdc] for cell 'system_i/processing_system7_0/inst'
Parsing XDC File [/home/engineer/fpga/worktrees/ips-cache/experiments/IPS-campaign/build-cache/inputs/base.xdc]
Finished Parsing XDC File [/home/engineer/fpga/worktrees/ips-cache/experiments/IPS-campaign/build-cache/inputs/base.xdc]
INFO: [Project 1-1714] 5 XPM XDC files have been applied to the design.
INFO: [Opt 31-138] Pushed 0 inverter(s) to 0 load pin(s).
Netlist sorting complete. Time (s): cpu = 00:00:00 ; elapsed = 00:00:00.01 . Memory (MB): peak = 2748.582 ; gain = 0.000 ; free physical = 10637 ; free virtual = 32135
INFO: [Project 1-111] Unisim Transformation Summary:
  A total of 262 instances were transformed.
  RAM16X1D => RAM32X1D (RAMD32(x2)): 15 instances
  RAM32M => RAM32M (RAMD32(x6), RAMS32(x2)): 182 instances
  RAM32X1D => RAM32X1D (RAMD32(x2)): 15 instances
  RAM64M => RAM64M (RAMD64E(x4)): 50 instances

open_run: Time (s): cpu = 00:00:13 ; elapsed = 00:00:12 . Memory (MB): peak = 2748.617 ; gain = 857.672 ; free physical = 10636 ; free virtual = 32134
# write_checkpoint -force $out/post_synth.dcp
INFO: [Timing 38-480] Writing timing data to binary archive.
Wrote PlaceDB: Time (s): cpu = 00:00:00 ; elapsed = 00:00:00 . Memory (MB): peak = 2780.598 ; gain = 0.000 ; free physical = 10636 ; free virtual = 32134
Wrote PulsedLatchDB: Time (s): cpu = 00:00:00 ; elapsed = 00:00:00 . Memory (MB): peak = 2780.598 ; gain = 0.000 ; free physical = 10636 ; free virtual = 32134
Writing XDEF routing.
Writing XDEF routing logical nets.
Writing XDEF routing special nets.
Wrote RouteStorage: Time (s): cpu = 00:00:00.08 ; elapsed = 00:00:00.02 . Memory (MB): peak = 2780.598 ; gain = 0.000 ; free physical = 10632 ; free virtual = 32131
Wrote PlaceStorage: Time (s): cpu = 00:00:00.03 ; elapsed = 00:00:00 . Memory (MB): peak = 2780.598 ; gain = 0.000 ; free physical = 10627 ; free virtual = 32127
Wrote Netlist Cache: Time (s): cpu = 00:00:00.01 ; elapsed = 00:00:00 . Memory (MB): peak = 2780.598 ; gain = 0.000 ; free physical = 10627 ; free virtual = 32127
Write ShapeDB Complete: Time (s): cpu = 00:00:00.12 ; elapsed = 00:00:00.03 . Memory (MB): peak = 2780.598 ; gain = 0.000 ; free physical = 10627 ; free virtual = 32128
Wrote Device Cache: Time (s): cpu = 00:00:00.02 ; elapsed = 00:00:00.01 . Memory (MB): peak = 2780.598 ; gain = 0.000 ; free physical = 10625 ; free virtual = 32126
Write Physdb Complete: Time (s): cpu = 00:00:00.15 ; elapsed = 00:00:00.03 . Memory (MB): peak = 2780.598 ; gain = 0.000 ; free physical = 10623 ; free virtual = 32124
INFO: [Common 17-1381] The checkpoint '/home/engineer/fpga/worktrees/ips-cache/experiments/IPS-campaign/build-cache/reports/post_synth.dcp' has been generated.
# report_utilization      -file $out/post_synth_utilization.rpt
# report_utilization -hierarchical -file $out/post_synth_utilization_hier.rpt
# set bb [get_cells -hier -quiet -filter {IS_BLACKBOX == 1}]
# say "black boxes after synthesis: [llength $bb]"
@@@ black boxes after synthesis: 0
# if {[llength $bb] > 0} { foreach c $bb { say "  blackbox: $c" } }
# set f [open $out/post_synth_checks.txt w]
# puts $f "black boxes: [llength $bb]"
# foreach c $bb { puts $f "  $c" }
# foreach pat {*teaching_board_top* *cpu/core* *tcpu*} {
#   set cells [get_cells -hier -quiet $pat]
#   puts $f "cells matching $pat : [llength $cells]"
# }
# puts $f "\n# the teaching CPU's own registers, by hierarchy"
# puts $f "regs under the CPU: [llength [get_cells -hier -quiet -filter {PRIMITIVE_GROUP == FLOP_LATCH}]]"
# close $f
# say "synthesis checks written"
@@@ synthesis checks written
# say "launching impl_1 to write_bitstream with $jobs jobs"
@@@ launching impl_1 to write_bitstream with 3 jobs
# reset_run impl_1
# launch_runs impl_1 -to_step write_bitstream -jobs $jobs
INFO: [Timing 38-480] Writing timing data to binary archive.
Wrote PlaceDB: Time (s): cpu = 00:00:00 ; elapsed = 00:00:00 . Memory (MB): peak = 2780.598 ; gain = 0.000 ; free physical = 10610 ; free virtual = 32114
Wrote PulsedLatchDB: Time (s): cpu = 00:00:00 ; elapsed = 00:00:00 . Memory (MB): peak = 2780.598 ; gain = 0.000 ; free physical = 10610 ; free virtual = 32114
Writing XDEF routing.
Writing XDEF routing logical nets.
Writing XDEF routing special nets.
Wrote RouteStorage: Time (s): cpu = 00:00:00.07 ; elapsed = 00:00:00.02 . Memory (MB): peak = 2780.598 ; gain = 0.000 ; free physical = 10610 ; free virtual = 32115
Wrote PlaceStorage: Time (s): cpu = 00:00:00.04 ; elapsed = 00:00:00 . Memory (MB): peak = 2780.598 ; gain = 0.000 ; free physical = 10609 ; free virtual = 32114
Wrote Netlist Cache: Time (s): cpu = 00:00:00 ; elapsed = 00:00:00 . Memory (MB): peak = 2780.598 ; gain = 0.000 ; free physical = 10609 ; free virtual = 32113
Wrote Device Cache: Time (s): cpu = 00:00:00.03 ; elapsed = 00:00:00.01 . Memory (MB): peak = 2780.598 ; gain = 0.000 ; free physical = 10608 ; free virtual = 32114
Write Physdb Complete: Time (s): cpu = 00:00:00.16 ; elapsed = 00:00:00.03 . Memory (MB): peak = 2780.598 ; gain = 0.000 ; free physical = 10607 ; free virtual = 32113
Write ShapeDB Complete: Time (s): cpu = 00:00:00.16 ; elapsed = 00:00:00.03 . Memory (MB): peak = 2780.598 ; gain = 0.000 ; free physical = 10607 ; free virtual = 32113
WARNING: [Common 17-210] 'write_hwdef' is deprecated.
[Fri Sep 25 01:44:14 2026] Launched impl_1...
Run output will be captured here: /home/engineer/fpga/worktrees/ips-cache/experiments/IPS-campaign/build-cache/vivado-project/teaching_pynqz1.runs/impl_1/runme.log
# wait_on_run impl_1
[Fri Sep 25 01:44:14 2026] Waiting for impl_1 to finish...

*** Running vivado
    with args -log rocketchip_wrapper.vdi -applog -m64 -product Vivado -messageDb vivado.pb -mode batch -source rocketchip_wrapper.tcl -notrace


****** Vivado v2025.2.1 (64-bit)
  **** SW Build 6403652 on Thu Mar 19 13:47:00 MDT 2026
  **** IP Build 6403511 on Thu Mar 19 12:41:45 MDT 2026
  **** SharedData Build 6403650 on Thu Mar 19 14:02:13 MDT 2026
  **** Start of session at: Fri Sep 25 01:44:16 2026
    ** Copyright 1986-2022 Xilinx, Inc. All Rights Reserved.
    ** Copyright 2022-2026 Advanced Micro Devices, Inc. All Rights Reserved.

source rocketchip_wrapper.tcl -notrace
Command: open_checkpoint /home/engineer/fpga/worktrees/ips-cache/experiments/IPS-campaign/build-cache/vivado-project/teaching_pynqz1.runs/impl_1/rocketchip_wrapper.dcp
INFO: [Device 21-403] Loading part xc7z020clg400-1
Netlist sorting complete. Time (s): cpu = 00:00:00.14 ; elapsed = 00:00:00.13 . Memory (MB): peak = 1796.707 ; gain = 0.000 ; free physical = 9719 ; free virtual = 31384
INFO: [Netlist 29-17] Analyzing 1208 Unisim elements for replacement
INFO: [Netlist 29-28] Unisim Transformation completed in 0 CPU seconds
INFO: [Project 1-479] Netlist was created with Vivado 2025.2.1
INFO: [Project 1-570] Preparing netlist for logic optimization
Read ShapeDB Complete: Time (s): cpu = 00:00:00.02 ; elapsed = 00:00:00.02 . Memory (MB): peak = 1902.270 ; gain = 3.000 ; free physical = 9597 ; free virtual = 31262
INFO: [Timing 38-478] Restoring timing data from binary archive.
INFO: [Timing 38-479] Binary timing data restore complete.
INFO: [Project 1-856] Restoring constraints from binary archive.
INFO: [Project 1-853] Binary constraint restore complete.
INFO: [Designutils 20-5722] Start Reading Physical Databases.
Reading placement.
Read Netlist Cache: Time (s): cpu = 00:00:00 ; elapsed = 00:00:00.01 . Memory (MB): peak = 2375.910 ; gain = 0.000 ; free physical = 9141 ; free virtual = 30806
Reading placer database...
Read Device Cache: Time (s): cpu = 00:00:00.01 ; elapsed = 00:00:00.01 . Memory (MB): peak = 2375.910 ; gain = 0.000 ; free physical = 9141 ; free virtual = 30806
Read PlaceDB: Time (s): cpu = 00:00:00 ; elapsed = 00:00:00 . Memory (MB): peak = 2375.910 ; gain = 0.000 ; free physical = 9141 ; free virtual = 30806
Read placeStorage: Time (s): cpu = 00:00:00.07 ; elapsed = 00:00:00.06 . Memory (MB): peak = 2407.926 ; gain = 0.000 ; free physical = 9141 ; free virtual = 30806
Read PulsedLatchDB: Time (s): cpu = 00:00:00 ; elapsed = 00:00:00 . Memory (MB): peak = 2407.926 ; gain = 0.000 ; free physical = 9141 ; free virtual = 30806
Reading routing.
Read RouteStorage: Time (s): cpu = 00:00:00 ; elapsed = 00:00:00 . Memory (MB): peak = 2407.926 ; gain = 0.000 ; free physical = 9141 ; free virtual = 30806
Read Physdb Files: Time (s): cpu = 00:00:00.08 ; elapsed = 00:00:00.09 . Memory (MB): peak = 2407.926 ; gain = 32.016 ; free physical = 9141 ; free virtual = 30806
Restored from archive | CPU: 0.110000 secs | Memory: 1.280884 MB |
Finished XDEF File Restore: Time (s): cpu = 00:00:00.11 ; elapsed = 00:00:00.12 . Memory (MB): peak = 2407.926 ; gain = 32.016 ; free physical = 9141 ; free virtual = 30806
Netlist sorting complete. Time (s): cpu = 00:00:00 ; elapsed = 00:00:00 . Memory (MB): peak = 2407.926 ; gain = 0.000 ; free physical = 9140 ; free virtual = 30806
INFO: [Project 1-111] Unisim Transformation Summary:
  A total of 262 instances were transformed.
  RAM16X1D => RAM32X1D (RAMD32(x2)): 15 instances
  RAM32M => RAM32M (RAMD32(x6), RAMS32(x2)): 182 instances
  RAM32X1D => RAM32X1D (RAMD32(x2)): 15 instances
  RAM64M => RAM64M (RAMD64E(x4)): 50 instances

INFO: [Project 1-604] Checkpoint was created with Vivado v2025.2.1 (64-bit) build 6403652
open_checkpoint: Time (s): cpu = 00:00:21 ; elapsed = 00:00:11 . Memory (MB): peak = 2407.961 ; gain = 843.945 ; free physical = 9140 ; free virtual = 30806
Command: opt_design
Attempting to get a license for feature 'Implementation' and/or device 'xc7z020'
INFO: [Common 17-349] Got license for feature 'Implementation' and/or device 'xc7z020'
Running DRC as a precondition to command opt_design

Starting DRC Task
INFO: [DRC 23-27] Running DRC with 8 threads
INFO: [Project 1-461] DRC finished with 0 Errors
INFO: [Project 1-462] Please refer to the DRC report (report_drc) for more information.

Time (s): cpu = 00:00:01 ; elapsed = 00:00:00.42 . Memory (MB): peak = 2484.066 ; gain = 76.105 ; free physical = 9109 ; free virtual = 30775

Starting Cache Timing Information Task
INFO: [Timing 38-35] Done setting XDC timing constraints.
Ending Cache Timing Information Task | Checksum: 1e3e290fc

Time (s): cpu = 00:00:01 ; elapsed = 00:00:00.37 . Memory (MB): peak = 2528.879 ; gain = 44.812 ; free physical = 9092 ; free virtual = 30758

Starting Logic Optimization Task

Phase 1 Initialization

Phase 1.1 Core Generation And Design Setup
Phase 1.1 Core Generation And Design Setup | Checksum: 1e3e290fc

Time (s): cpu = 00:00:00.02 ; elapsed = 00:00:00.02 . Memory (MB): peak = 2886.691 ; gain = 0.000 ; free physical = 8724 ; free virtual = 30390

Phase 1.2 Setup Constraints And Sort Netlist
Phase 1.2 Setup Constraints And Sort Netlist | Checksum: 1e3e290fc

Time (s): cpu = 00:00:00.03 ; elapsed = 00:00:00.03 . Memory (MB): peak = 2886.691 ; gain = 0.000 ; free physical = 8724 ; free virtual = 30390
Phase 1 Initialization | Checksum: 1e3e290fc

Time (s): cpu = 00:00:00.03 ; elapsed = 00:00:00.03 . Memory (MB): peak = 2886.691 ; gain = 0.000 ; free physical = 8724 ; free virtual = 30390

Phase 2 Timer Update And Timing Data Collection

Phase 2.1 Detect if minReqCache needed
Phase 2.1 Detect if minReqCache needed | Checksum: 1e3e290fc

Time (s): cpu = 00:00:00.04 ; elapsed = 00:00:00.05 . Memory (MB): peak = 2889.660 ; gain = 2.969 ; free physical = 8724 ; free virtual = 30390

Phase 2.2 Timer Update
Phase 2.2 Timer Update | Checksum: 1e3e290fc

Time (s): cpu = 00:00:01 ; elapsed = 00:00:00.29 . Memory (MB): peak = 2889.660 ; gain = 2.969 ; free physical = 8724 ; free virtual = 30390

Phase 2.3 Timing Data Collection
Phase 2.3 Timing Data Collection | Checksum: 1e3e290fc

Time (s): cpu = 00:00:01 ; elapsed = 00:00:00.31 . Memory (MB): peak = 2889.660 ; gain = 2.969 ; free physical = 8724 ; free virtual = 30390
Phase 2 Timer Update And Timing Data Collection | Checksum: 1e3e290fc

Time (s): cpu = 00:00:01 ; elapsed = 00:00:00.31 . Memory (MB): peak = 2889.660 ; gain = 2.969 ; free physical = 8724 ; free virtual = 30390

Phase 3 Retarget
INFO: [Opt 31-1851] Number of loadless carry chains removed were: 0
INFO: [Opt 31-1834] Total Chains To Be Transformed Were: 0 AND Number of Transformed insts Created are: 0
INFO: [Opt 31-1566] Pulled 47 inverters resulting in an inversion of 2185 pins
INFO: [Opt 31-138] Pushed 0 inverter(s) to 0 load pin(s).
INFO: [Opt 31-49] Retargeted 0 cell(s).
Phase 3 Retarget | Checksum: 1299a8891

Time (s): cpu = 00:00:02 ; elapsed = 00:00:00.72 . Memory (MB): peak = 2945.688 ; gain = 58.996 ; free physical = 8724 ; free virtual = 30390
Retarget | Checksum: 1299a8891
INFO: [Opt 31-389] Phase Retarget created 72 cells and removed 165 cells
INFO: [Opt 31-1021] In phase Retarget, 28 netlist objects are constrained preventing optimization. Please run opt_design with -debug_log to get more detail. 

Phase 4 Constant propagation
INFO: [Opt 31-138] Pushed 7 inverter(s) to 7 load pin(s).
Phase 4 Constant propagation | Checksum: 1bfeff33b

Time (s): cpu = 00:00:02 ; elapsed = 00:00:00.92 . Memory (MB): peak = 2945.688 ; gain = 58.996 ; free physical = 8724 ; free virtual = 30390
Constant propagation | Checksum: 1bfeff33b
INFO: [Opt 31-389] Phase Constant propagation created 75 cells and removed 350 cells
INFO: [Opt 31-1021] In phase Constant propagation, 27 netlist objects are constrained preventing optimization. Please run opt_design with -debug_log to get more detail. 

Phase 5 Sweep
INFO: [Constraints 18-11670] Building netlist checker database with flags, 0x8
Done building netlist checker database: Time (s): cpu = 00:00:00.01 ; elapsed = 00:00:00.01 . Memory (MB): peak = 2945.688 ; gain = 0.000 ; free physical = 8724 ; free virtual = 30390
INFO: [Constraints 18-11670] Building netlist checker database with flags, 0x8
Done building netlist checker database: Time (s): cpu = 00:00:00 ; elapsed = 00:00:00 . Memory (MB): peak = 2945.688 ; gain = 0.000 ; free physical = 8724 ; free virtual = 30390
Phase 5 Sweep | Checksum: 1ba2f9deb

Time (s): cpu = 00:00:02 ; elapsed = 00:00:01 . Memory (MB): peak = 2945.688 ; gain = 58.996 ; free physical = 8724 ; free virtual = 30390
Sweep | Checksum: 1ba2f9deb
INFO: [Opt 31-389] Phase Sweep created 0 cells and removed 195 cells
INFO: [Opt 31-1021] In phase Sweep, 96 netlist objects are constrained preventing optimization. Please run opt_design with -debug_log to get more detail. 

Phase 6 BUFG optimization
Phase 6 BUFG optimization | Checksum: 1ba2f9deb

Time (s): cpu = 00:00:02 ; elapsed = 00:00:01 . Memory (MB): peak = 2977.703 ; gain = 91.012 ; free physical = 8724 ; free virtual = 30390
BUFG optimization | Checksum: 1ba2f9deb
INFO: [Opt 31-662] Phase BUFG optimization created 0 cells of which 0 are BUFGs and removed 0 cells.

Phase 7 Shift Register Optimization
INFO: [Opt 31-1064] SRL Remap converted 0 SRLs to 0 registers and converted 0 registers of register chains to 0 SRLs
Phase 7 Shift Register Optimization | Checksum: 1ba2f9deb

Time (s): cpu = 00:00:02 ; elapsed = 00:00:01 . Memory (MB): peak = 2977.703 ; gain = 91.012 ; free physical = 8724 ; free virtual = 30390
Shift Register Optimization | Checksum: 1ba2f9deb
INFO: [Opt 31-389] Phase Shift Register Optimization created 0 cells and removed 0 cells

Phase 8 Post Processing Netlist
INFO: [Opt 31-1566] Pulled 1 inverters resulting in an inversion of 1 pins
Phase 8 Post Processing Netlist | Checksum: 182ce7f68

Time (s): cpu = 00:00:03 ; elapsed = 00:00:01 . Memory (MB): peak = 2977.703 ; gain = 91.012 ; free physical = 8724 ; free virtual = 30390
Post Processing Netlist | Checksum: 182ce7f68
INFO: [Opt 31-389] Phase Post Processing Netlist created 0 cells and removed 1 cells
INFO: [Opt 31-1021] In phase Post Processing Netlist, 33 netlist objects are constrained preventing optimization. Please run opt_design with -debug_log to get more detail. 

Phase 9 Finalization

Phase 9.1 Finalizing Design Cores and Updating Shapes
Phase 9.1 Finalizing Design Cores and Updating Shapes | Checksum: 14754d208

Time (s): cpu = 00:00:03 ; elapsed = 00:00:02 . Memory (MB): peak = 2977.703 ; gain = 91.012 ; free physical = 8724 ; free virtual = 30390

Phase 9.2 Verifying Netlist Connectivity

Starting Connectivity Check Task

Time (s): cpu = 00:00:00.03 ; elapsed = 00:00:00.03 . Memory (MB): peak = 2977.703 ; gain = 0.000 ; free physical = 8724 ; free virtual = 30390
Phase 9.2 Verifying Netlist Connectivity | Checksum: 14754d208

Time (s): cpu = 00:00:03 ; elapsed = 00:00:02 . Memory (MB): peak = 2977.703 ; gain = 91.012 ; free physical = 8724 ; free virtual = 30390
Phase 9 Finalization | Checksum: 14754d208

Time (s): cpu = 00:00:03 ; elapsed = 00:00:02 . Memory (MB): peak = 2977.703 ; gain = 91.012 ; free physical = 8724 ; free virtual = 30390
Opt_design Change Summary
=========================


-------------------------------------------------------------------------------------------------------------------------
|  Phase                        |  #Cells created  |  #Cells Removed  |  #Constrained objects preventing optimizations  |
-------------------------------------------------------------------------------------------------------------------------
|  Retarget                     |              72  |             165  |                                             28  |
|  Constant propagation         |              75  |             350  |                                             27  |
|  Sweep                        |               0  |             195  |                                             96  |
|  BUFG optimization            |               0  |               0  |                                              0  |
|  Shift Register Optimization  |               0  |               0  |                                              0  |
|  Post Processing Netlist      |               0  |               1  |                                             33  |
-------------------------------------------------------------------------------------------------------------------------


Ending Logic Optimization Task | Checksum: 14754d208

Time (s): cpu = 00:00:03 ; elapsed = 00:00:02 . Memory (MB): peak = 2977.703 ; gain = 91.012 ; free physical = 8724 ; free virtual = 30390

Starting Power Optimization Task
INFO: [Pwropt 34-132] Skipping clock gating for clocks with a period < 2.00 ns.
Ending Power Optimization Task | Checksum: 14754d208

Time (s): cpu = 00:00:00.01 ; elapsed = 00:00:00.02 . Memory (MB): peak = 2977.703 ; gain = 0.000 ; free physical = 8724 ; free virtual = 30390

Starting Final Cleanup Task
Ending Final Cleanup Task | Checksum: 14754d208

Time (s): cpu = 00:00:00.01 ; elapsed = 00:00:00 . Memory (MB): peak = 2977.703 ; gain = 0.000 ; free physical = 8724 ; free virtual = 30390
Netlist sorting complete. Time (s): cpu = 00:00:00 ; elapsed = 00:00:00 . Memory (MB): peak = 2977.703 ; gain = 0.000 ; free physical = 8724 ; free virtual = 30390
INFO: [Common 17-83] Releasing license: Implementation
39 Infos, 0 Warnings, 0 Critical Warnings and 0 Errors encountered.
opt_design completed successfully
INFO: [Vivado 12-24828] Executing command : report_drc -file rocketchip_wrapper_drc_opted.rpt -pb rocketchip_wrapper_drc_opted.pb -rpx rocketchip_wrapper_drc_opted.rpx
Command: report_drc -file rocketchip_wrapper_drc_opted.rpt -pb rocketchip_wrapper_drc_opted.pb -rpx rocketchip_wrapper_drc_opted.rpx
INFO: [IP_Flow 19-234] Refreshing IP repositories
INFO: [IP_Flow 19-1704] No user IP repositories specified
INFO: [IP_Flow 19-2313] Loaded Vivado IP repository '/opt/Xilinx/2025.2.1/data/ip'.
INFO: [DRC 23-27] Running DRC with 8 threads
INFO: [Vivado_Tcl 2-168] The results of DRC are in file /home/engineer/fpga/worktrees/ips-cache/experiments/IPS-campaign/build-cache/vivado-project/teaching_pynqz1.runs/impl_1/rocketchip_wrapper_drc_opted.rpt.
report_drc completed successfully
INFO: [Timing 38-480] Writing timing data to binary archive.
Wrote PlaceDB: Time (s): cpu = 00:00:00 ; elapsed = 00:00:00 . Memory (MB): peak = 2977.703 ; gain = 0.000 ; free physical = 8715 ; free virtual = 30389
Wrote PulsedLatchDB: Time (s): cpu = 00:00:00 ; elapsed = 00:00:00 . Memory (MB): peak = 2977.703 ; gain = 0.000 ; free physical = 8715 ; free virtual = 30389
Writing XDEF routing.
Writing XDEF routing logical nets.
Write ShapeDB Complete: Time (s): cpu = 00:00:00.12 ; elapsed = 00:00:00.02 . Memory (MB): peak = 2977.703 ; gain = 0.000 ; free physical = 8715 ; free virtual = 30391
Writing XDEF routing special nets.
Wrote RouteStorage: Time (s): cpu = 00:00:00.16 ; elapsed = 00:00:00.03 . Memory (MB): peak = 2977.703 ; gain = 0.000 ; free physical = 8715 ; free virtual = 30391
Wrote PlaceStorage: Time (s): cpu = 00:00:00.02 ; elapsed = 00:00:00.01 . Memory (MB): peak = 2977.703 ; gain = 0.000 ; free physical = 8715 ; free virtual = 30391
Wrote Netlist Cache: Time (s): cpu = 00:00:00.01 ; elapsed = 00:00:00 . Memory (MB): peak = 2977.703 ; gain = 0.000 ; free physical = 8715 ; free virtual = 30391
Wrote Device Cache: Time (s): cpu = 00:00:00.02 ; elapsed = 00:00:00.01 . Memory (MB): peak = 2977.703 ; gain = 0.000 ; free physical = 8713 ; free virtual = 30390
Write Physdb Complete: Time (s): cpu = 00:00:00.22 ; elapsed = 00:00:00.05 . Memory (MB): peak = 2977.703 ; gain = 0.000 ; free physical = 8713 ; free virtual = 30390
INFO: [Common 17-1381] The checkpoint '/home/engineer/fpga/worktrees/ips-cache/experiments/IPS-campaign/build-cache/vivado-project/teaching_pynqz1.runs/impl_1/rocketchip_wrapper_opt.dcp' has been generated.
Command: place_design
Attempting to get a license for feature 'Implementation' and/or device 'xc7z020'
INFO: [Common 17-349] Got license for feature 'Implementation' and/or device 'xc7z020'
INFO: [Common 17-83] Releasing license: Implementation
INFO: [DRC 23-27] Running DRC with 8 threads
INFO: [Vivado_Tcl 4-198] DRC finished with 0 Errors
INFO: [Vivado_Tcl 4-199] Please refer to the DRC report (report_drc) for more information.
INFO: [Timing 38-35] Done setting XDC timing constraints.
Running DRC as a precondition to command place_design
INFO: [DRC 23-27] Running DRC with 8 threads
INFO: [Vivado_Tcl 4-198] DRC finished with 0 Errors
INFO: [Vivado_Tcl 4-199] Please refer to the DRC report (report_drc) for more information.
INFO: [Place 30-611] Multithreading enabled for place_design using a maximum of 8 CPUs

Starting Placer Task

Phase 1 Placer Initialization

Phase 1.1 Placer Initialization Netlist Sorting
Netlist sorting complete. Time (s): cpu = 00:00:00 ; elapsed = 00:00:00 . Memory (MB): peak = 2977.703 ; gain = 0.000 ; free physical = 8718 ; free virtual = 30396
Phase 1.1 Placer Initialization Netlist Sorting | Checksum: 12feb68ba

Time (s): cpu = 00:00:00.01 ; elapsed = 00:00:00.01 . Memory (MB): peak = 2977.703 ; gain = 0.000 ; free physical = 8718 ; free virtual = 30397
Netlist sorting complete. Time (s): cpu = 00:00:00.01 ; elapsed = 00:00:00.01 . Memory (MB): peak = 2977.703 ; gain = 0.000 ; free physical = 8718 ; free virtual = 30397

Phase 1.2 IO Placement/ Clock Placement/ Build Placer Device
Phase 1.2 IO Placement/ Clock Placement/ Build Placer Device | Checksum: 128712118

Time (s): cpu = 00:00:02 ; elapsed = 00:00:00.88 . Memory (MB): peak = 2977.703 ; gain = 0.000 ; free physical = 8716 ; free virtual = 30399

Phase 1.3 Build Placer Netlist Model
Phase 1.3 Build Placer Netlist Model | Checksum: 18603f72e

Time (s): cpu = 00:00:10 ; elapsed = 00:00:04 . Memory (MB): peak = 3016.746 ; gain = 39.043 ; free physical = 8710 ; free virtual = 30394

Phase 1.4 Constrain Clocks/Macros
Phase 1.4 Constrain Clocks/Macros | Checksum: 18603f72e

Time (s): cpu = 00:00:10 ; elapsed = 00:00:04 . Memory (MB): peak = 3016.746 ; gain = 39.043 ; free physical = 8710 ; free virtual = 30395
Phase 1 Placer Initialization | Checksum: 18603f72e

Time (s): cpu = 00:00:10 ; elapsed = 00:00:04 . Memory (MB): peak = 3016.746 ; gain = 39.043 ; free physical = 8710 ; free virtual = 30395

Phase 2 Global Placement

Phase 2.1 Floorplanning
Phase 2.1 Floorplanning | Checksum: 1b39cc138

Time (s): cpu = 00:00:15 ; elapsed = 00:00:05 . Memory (MB): peak = 3016.746 ; gain = 39.043 ; free physical = 8715 ; free virtual = 30400

Phase 2.2 Update Timing before SLR Path Opt
Phase 2.2 Update Timing before SLR Path Opt | Checksum: 1f6d2e605

Time (s): cpu = 00:00:20 ; elapsed = 00:00:06 . Memory (MB): peak = 3016.746 ; gain = 39.043 ; free physical = 8718 ; free virtual = 30403

Phase 2.3 Post-Processing in Floorplanning
Phase 2.3 Post-Processing in Floorplanning | Checksum: 1f6d2e605

Time (s): cpu = 00:00:20 ; elapsed = 00:00:06 . Memory (MB): peak = 3016.746 ; gain = 39.043 ; free physical = 8718 ; free virtual = 30403

Phase 2.4 Global Place Phase1
Phase 2.4 Global Place Phase1 | Checksum: 1e8cc3e9b

Time (s): cpu = 00:00:40 ; elapsed = 00:00:11 . Memory (MB): peak = 3016.746 ; gain = 39.043 ; free physical = 8711 ; free virtual = 30397

Phase 2.5 Global Place Phase2

Phase 2.5.1 UpdateTiming Before Physical Synthesis
Phase 2.5.1 UpdateTiming Before Physical Synthesis | Checksum: 1919033d7

Time (s): cpu = 00:00:46 ; elapsed = 00:00:12 . Memory (MB): peak = 3016.746 ; gain = 39.043 ; free physical = 8710 ; free virtual = 30397

Phase 2.5.2 Physical Synthesis In Placer
INFO: [Physopt 32-1035] Found 21 LUTNM shape to break, 588 LUT instances to create LUTNM shape
INFO: [Physopt 32-1044] Break lutnm for timing: one critical 8, two critical 13, total 21, new lutff created 0
INFO: [Physopt 32-1138] End 1 Pass. Optimized 230 nets or LUTs. Breaked 21 LUTs, combined 209 existing LUTs and moved 0 existing LUT
INFO: [Physopt 32-65] No nets found for high-fanout optimization.
INFO: [Physopt 32-232] Optimized 0 net. Created 0 new instance.
INFO: [Physopt 32-775] End 1 Pass. Optimized 0 net or cell. Created 0 new cell, deleted 0 existing cell and moved 0 existing cell
INFO: [Physopt 32-456] No candidate cells for DSP register optimization found in the design.
INFO: [Physopt 32-775] End 2 Pass. Optimized 0 net or cell. Created 0 new cell, deleted 0 existing cell and moved 0 existing cell
INFO: [Physopt 32-1123] No candidate cells found for Shift Register to Pipeline optimization
INFO: [Physopt 32-775] End 2 Pass. Optimized 0 net or cell. Created 0 new cell, deleted 0 existing cell and moved 0 existing cell
INFO: [Physopt 32-1401] No candidate cells found for Shift Register optimization.
INFO: [Physopt 32-677] No candidate cells for Shift Register optimization found in the design
INFO: [Physopt 32-775] End 1 Pass. Optimized 0 net or cell. Created 0 new cell, deleted 0 existing cell and moved 0 existing cell
INFO: [Physopt 32-526] No candidate cells for BRAM register optimization found in the design
INFO: [Physopt 32-775] End 1 Pass. Optimized 0 net or cell. Created 0 new cell, deleted 0 existing cell and moved 0 existing cell
INFO: [Physopt 32-846] No candidate cells for URAM register optimization found in the design
INFO: [Physopt 32-775] End 1 Pass. Optimized 0 net or cell. Created 0 new cell, deleted 0 existing cell and moved 0 existing cell
INFO: [Physopt 32-846] No candidate cells for URAM register optimization found in the design
INFO: [Physopt 32-775] End 1 Pass. Optimized 0 net or cell. Created 0 new cell, deleted 0 existing cell and moved 0 existing cell
INFO: [Physopt 32-949] No candidate nets found for dynamic/static region interface net replication
INFO: [Physopt 32-775] End 1 Pass. Optimized 0 net or cell. Created 0 new cell, deleted 0 existing cell and moved 0 existing cell
Netlist sorting complete. Time (s): cpu = 00:00:00 ; elapsed = 00:00:00 . Memory (MB): peak = 3016.746 ; gain = 0.000 ; free physical = 8707 ; free virtual = 30397

Summary of Physical Synthesis Optimizations
============================================


-----------------------------------------------------------------------------------------------------------------------------------------------------------
|  Optimization                                     |  Added Cells  |  Removed Cells  |  Optimized Cells/Nets  |  Dont Touch  |  Iterations  |  Elapsed   |
-----------------------------------------------------------------------------------------------------------------------------------------------------------
|  LUT Combining                                    |           21  |            209  |                   230  |           0  |           1  |  00:00:01  |
|  Retime                                           |            0  |              0  |                     0  |           0  |           1  |  00:00:00  |
|  Very High Fanout                                 |            0  |              0  |                     0  |           0  |           1  |  00:00:00  |
|  DSP Register                                     |            0  |              0  |                     0  |           0  |           1  |  00:00:00  |
|  Shift Register to Pipeline                       |            0  |              0  |                     0  |           0  |           1  |  00:00:00  |
|  Shift Register                                   |            0  |              0  |                     0  |           0  |           1  |  00:00:00  |
|  BRAM Register                                    |            0  |              0  |                     0  |           0  |           1  |  00:00:00  |
|  URAM Register                                    |            0  |              0  |                     0  |           0  |           1  |  00:00:00  |
|  Dynamic/Static Region Interface Net Replication  |            0  |              0  |                     0  |           0  |           1  |  00:00:00  |
|  Total                                            |           21  |            209  |                   230  |           0  |           9  |  00:00:01  |
-----------------------------------------------------------------------------------------------------------------------------------------------------------


Phase 2.5.2 Physical Synthesis In Placer | Checksum: 12b6865b7

Time (s): cpu = 00:00:52 ; elapsed = 00:00:14 . Memory (MB): peak = 3016.746 ; gain = 39.043 ; free physical = 8707 ; free virtual = 30397
Phase 2.5 Global Place Phase2 | Checksum: 14b23cdd5

Time (s): cpu = 00:00:54 ; elapsed = 00:00:15 . Memory (MB): peak = 3016.746 ; gain = 39.043 ; free physical = 8707 ; free virtual = 30397
Phase 2 Global Placement | Checksum: 14b23cdd5

Time (s): cpu = 00:00:54 ; elapsed = 00:00:15 . Memory (MB): peak = 3016.746 ; gain = 39.043 ; free physical = 8707 ; free virtual = 30397

Phase 3 Detail Placement

Phase 3.1 Commit Multi Column Macros
Phase 3.1 Commit Multi Column Macros | Checksum: 14bb59e54

Time (s): cpu = 00:00:59 ; elapsed = 00:00:16 . Memory (MB): peak = 3016.746 ; gain = 39.043 ; free physical = 8707 ; free virtual = 30397

Phase 3.2 Commit Most Macros & LUTRAMs
Phase 3.2 Commit Most Macros & LUTRAMs | Checksum: 201c6362f

Time (s): cpu = 00:01:08 ; elapsed = 00:00:18 . Memory (MB): peak = 3016.746 ; gain = 39.043 ; free physical = 8706 ; free virtual = 30397

Phase 3.3 Area Swap Optimization
Phase 3.3 Area Swap Optimization | Checksum: 22c773768

Time (s): cpu = 00:01:08 ; elapsed = 00:00:18 . Memory (MB): peak = 3016.746 ; gain = 39.043 ; free physical = 8706 ; free virtual = 30397

Phase 3.4 Pipeline Register Optimization
Phase 3.4 Pipeline Register Optimization | Checksum: 18eab86f8

Time (s): cpu = 00:01:08 ; elapsed = 00:00:18 . Memory (MB): peak = 3016.746 ; gain = 39.043 ; free physical = 8706 ; free virtual = 30397

Phase 3.5 Fast Optimization
Phase 3.5 Fast Optimization | Checksum: 23135716b

Time (s): cpu = 00:01:18 ; elapsed = 00:00:21 . Memory (MB): peak = 3016.746 ; gain = 39.043 ; free physical = 8694 ; free virtual = 30385

Phase 3.6 Small Shape Detail Placement
Phase 3.6 Small Shape Detail Placement | Checksum: 21fc4459e

Time (s): cpu = 00:01:25 ; elapsed = 00:00:27 . Memory (MB): peak = 3016.746 ; gain = 39.043 ; free physical = 8693 ; free virtual = 30385

Phase 3.7 Re-assign LUT pins
Phase 3.7 Re-assign LUT pins | Checksum: 25472f6af

Time (s): cpu = 00:01:26 ; elapsed = 00:00:28 . Memory (MB): peak = 3016.746 ; gain = 39.043 ; free physical = 8690 ; free virtual = 30382

Phase 3.8 Pipeline Register Optimization
Phase 3.8 Pipeline Register Optimization | Checksum: 1b61f095f

Time (s): cpu = 00:01:26 ; elapsed = 00:00:28 . Memory (MB): peak = 3016.746 ; gain = 39.043 ; free physical = 8690 ; free virtual = 30382

Phase 3.9 Fast Optimization
Phase 3.9 Fast Optimization | Checksum: 21653aa49

Time (s): cpu = 00:01:40 ; elapsed = 00:00:30 . Memory (MB): peak = 3016.746 ; gain = 39.043 ; free physical = 8696 ; free virtual = 30387
Phase 3 Detail Placement | Checksum: 21653aa49

Time (s): cpu = 00:01:40 ; elapsed = 00:00:30 . Memory (MB): peak = 3016.746 ; gain = 39.043 ; free physical = 8696 ; free virtual = 30387

Phase 4 Post Placement Optimization and Clean-Up

Phase 4.1 Post Commit Optimization
INFO: [Timing 38-35] Done setting XDC timing constraints.

Phase 4.1.1 Post Placement Optimization
Post Placement Optimization Initialization | Checksum: 197798aff

Phase 4.1.1.1 BUFG Insertion

Starting Physical Synthesis Task

Phase 1 Physical Synthesis Initialization
INFO: [Physopt 32-721] Multithreading enabled for phys_opt_design using a maximum of 8 CPUs
INFO: [Physopt 32-619] Estimated Timing Summary | WNS=0.324 | TNS=0.000 |
Phase 1 Physical Synthesis Initialization | Checksum: c35b7228

Time (s): cpu = 00:00:00.93 ; elapsed = 00:00:00.19 . Memory (MB): peak = 3016.746 ; gain = 0.000 ; free physical = 8699 ; free virtual = 30391
INFO: [Place 46-33] Processed net top/teaching_board_top/target/bridgeV2/cpuV2_reset, BUFG insertion was skipped due to placement/routing conflicts.
INFO: [Place 46-56] BUFG insertion identified 1 candidate nets. Inserted BUFG: 0, Replicated BUFG Driver: 0, Skipped due to Placement/Routing Conflicts: 1, Skipped due to Timing Degradation: 0, Skipped due to netlist editing failed: 0.
Ending Physical Synthesis Task | Checksum: 182327149

Time (s): cpu = 00:00:01 ; elapsed = 00:00:00.43 . Memory (MB): peak = 3016.746 ; gain = 0.000 ; free physical = 8699 ; free virtual = 30391
Phase 4.1.1.1 BUFG Insertion | Checksum: 197798aff

Time (s): cpu = 00:01:52 ; elapsed = 00:00:33 . Memory (MB): peak = 3016.746 ; gain = 39.043 ; free physical = 8699 ; free virtual = 30391

Phase 4.1.1.2 Post Placement Timing Optimization
INFO: [Place 30-746] Post Placement Timing Summary WNS=0.633. For the most accurate timing information please run report_timing.
Phase 4.1.1.2 Post Placement Timing Optimization | Checksum: 206160bfc

Time (s): cpu = 00:01:52 ; elapsed = 00:00:33 . Memory (MB): peak = 3016.746 ; gain = 39.043 ; free physical = 8701 ; free virtual = 30393

Time (s): cpu = 00:01:52 ; elapsed = 00:00:33 . Memory (MB): peak = 3016.746 ; gain = 39.043 ; free physical = 8701 ; free virtual = 30393
Phase 4.1 Post Commit Optimization | Checksum: 206160bfc

Time (s): cpu = 00:01:53 ; elapsed = 00:00:33 . Memory (MB): peak = 3016.746 ; gain = 39.043 ; free physical = 8701 ; free virtual = 30393

Phase 4.2 Post Placement Cleanup
Phase 4.2 Post Placement Cleanup | Checksum: 206160bfc

Time (s): cpu = 00:01:53 ; elapsed = 00:00:33 . Memory (MB): peak = 3016.746 ; gain = 39.043 ; free physical = 8701 ; free virtual = 30393

Phase 4.3 Placer Reporting

Phase 4.3.1 Print Estimated Congestion
INFO: [Place 30-612] Post-Placement Estimated Congestion 
 ____________________________________________________
|           | Global Congestion | Short Congestion  |
| Direction | Region Size       | Region Size       |
|___________|___________________|___________________|
|      North|                1x1|                4x4|
|___________|___________________|___________________|
|      South|                1x1|                2x2|
|___________|___________________|___________________|
|       East|                1x1|                4x4|
|___________|___________________|___________________|
|       West|                1x1|                1x1|
|___________|___________________|___________________|

Phase 4.3.1 Print Estimated Congestion | Checksum: 206160bfc

Time (s): cpu = 00:01:53 ; elapsed = 00:00:33 . Memory (MB): peak = 3016.746 ; gain = 39.043 ; free physical = 8701 ; free virtual = 30393
Phase 4.3 Placer Reporting | Checksum: 206160bfc

Time (s): cpu = 00:01:53 ; elapsed = 00:00:33 . Memory (MB): peak = 3016.746 ; gain = 39.043 ; free physical = 8701 ; free virtual = 30393

Phase 4.4 Final Placement Cleanup
Netlist sorting complete. Time (s): cpu = 00:00:00 ; elapsed = 00:00:00.01 . Memory (MB): peak = 3016.746 ; gain = 0.000 ; free physical = 8701 ; free virtual = 30393

Time (s): cpu = 00:01:53 ; elapsed = 00:00:33 . Memory (MB): peak = 3016.746 ; gain = 39.043 ; free physical = 8701 ; free virtual = 30393
Phase 4 Post Placement Optimization and Clean-Up | Checksum: 29387f01a

Time (s): cpu = 00:01:53 ; elapsed = 00:00:34 . Memory (MB): peak = 3016.746 ; gain = 39.043 ; free physical = 8701 ; free virtual = 30393
Ending Placer Task | Checksum: 1bc7f5009

Time (s): cpu = 00:01:53 ; elapsed = 00:00:34 . Memory (MB): peak = 3016.746 ; gain = 39.043 ; free physical = 8701 ; free virtual = 30393
85 Infos, 0 Warnings, 0 Critical Warnings and 0 Errors encountered.
place_design completed successfully
place_design: Time (s): cpu = 00:01:57 ; elapsed = 00:00:35 . Memory (MB): peak = 3016.746 ; gain = 39.043 ; free physical = 8701 ; free virtual = 30393
INFO: [Vivado 12-24838] Running report commands "report_control_sets, report_io, report_utilization" in parallel.
Running report generation with 3 threads.
INFO: [Vivado 12-24828] Executing command : report_control_sets -verbose -file rocketchip_wrapper_control_sets_placed.rpt
report_control_sets: Time (s): cpu = 00:00:00.19 ; elapsed = 00:00:00.1 . Memory (MB): peak = 3016.746 ; gain = 0.000 ; free physical = 8701 ; free virtual = 30394
INFO: [Vivado 12-24828] Executing command : report_io -file rocketchip_wrapper_io_placed.rpt
report_io: Time (s): cpu = 00:00:00.27 ; elapsed = 00:00:00.16 . Memory (MB): peak = 3016.746 ; gain = 0.000 ; free physical = 8683 ; free virtual = 30375
INFO: [Vivado 12-24828] Executing command : report_utilization -file rocketchip_wrapper_utilization_placed.rpt -pb rocketchip_wrapper_utilization_placed.pb
INFO: [Timing 38-480] Writing timing data to binary archive.
Wrote PlaceDB: Time (s): cpu = 00:00:00 ; elapsed = 00:00:00 . Memory (MB): peak = 3016.746 ; gain = 0.000 ; free physical = 8676 ; free virtual = 30369
Wrote PulsedLatchDB: Time (s): cpu = 00:00:00 ; elapsed = 00:00:00 . Memory (MB): peak = 3016.746 ; gain = 0.000 ; free physical = 8676 ; free virtual = 30369
Writing XDEF routing.
Writing XDEF routing logical nets.
Write ShapeDB Complete: Time (s): cpu = 00:00:00.16 ; elapsed = 00:00:00.04 . Memory (MB): peak = 3016.746 ; gain = 0.000 ; free physical = 8676 ; free virtual = 30371
Writing XDEF routing special nets.
Wrote RouteStorage: Time (s): cpu = 00:00:00.17 ; elapsed = 00:00:00.04 . Memory (MB): peak = 3016.746 ; gain = 0.000 ; free physical = 8676 ; free virtual = 30371
Wrote PlaceStorage: Time (s): cpu = 00:00:02 ; elapsed = 00:00:00.63 . Memory (MB): peak = 3016.746 ; gain = 0.000 ; free physical = 8652 ; free virtual = 30366
Wrote Netlist Cache: Time (s): cpu = 00:00:00.03 ; elapsed = 00:00:00.02 . Memory (MB): peak = 3016.746 ; gain = 0.000 ; free physical = 8652 ; free virtual = 30368
Wrote Device Cache: Time (s): cpu = 00:00:00.02 ; elapsed = 00:00:00.01 . Memory (MB): peak = 3016.746 ; gain = 0.000 ; free physical = 8645 ; free virtual = 30361
Write Physdb Complete: Time (s): cpu = 00:00:02 ; elapsed = 00:00:00.7 . Memory (MB): peak = 3016.746 ; gain = 0.000 ; free physical = 8644 ; free virtual = 30361
INFO: [Common 17-1381] The checkpoint '/home/engineer/fpga/worktrees/ips-cache/experiments/IPS-campaign/build-cache/vivado-project/teaching_pynqz1.runs/impl_1/rocketchip_wrapper_placed.dcp' has been generated.
Command: phys_opt_design
Attempting to get a license for feature 'Implementation' and/or device 'xc7z020'
INFO: [Common 17-349] Got license for feature 'Implementation' and/or device 'xc7z020'

Starting Initial Update Timing Task

Time (s): cpu = 00:00:09 ; elapsed = 00:00:02 . Memory (MB): peak = 3016.746 ; gain = 0.000 ; free physical = 8664 ; free virtual = 30365
INFO: [Vivado_Tcl 4-2279] Estimated Timing Summary | WNS= 0.633 | TNS= 0.000 | 
INFO: [Vivado_Tcl 4-383] Design worst setup slack (WNS) is greater than or equal to 0.000 ns. All physical synthesis setup optimizations will be skipped.
INFO: [Vivado_Tcl 4-232] No setup violation found. The netlist was not modified.
INFO: [Common 17-83] Releasing license: Implementation
96 Infos, 0 Warnings, 0 Critical Warnings and 0 Errors encountered.
phys_opt_design completed successfully
INFO: [Timing 38-480] Writing timing data to binary archive.
Wrote PlaceDB: Time (s): cpu = 00:00:00 ; elapsed = 00:00:00 . Memory (MB): peak = 3016.746 ; gain = 0.000 ; free physical = 8664 ; free virtual = 30365
Wrote PulsedLatchDB: Time (s): cpu = 00:00:00 ; elapsed = 00:00:00 . Memory (MB): peak = 3016.746 ; gain = 0.000 ; free physical = 8664 ; free virtual = 30365
Writing XDEF routing.
Writing XDEF routing logical nets.
Write ShapeDB Complete: Time (s): cpu = 00:00:00.15 ; elapsed = 00:00:00.04 . Memory (MB): peak = 3016.746 ; gain = 0.000 ; free physical = 8662 ; free virtual = 30364
Writing XDEF routing special nets.
Wrote RouteStorage: Time (s): cpu = 00:00:00.17 ; elapsed = 00:00:00.04 . Memory (MB): peak = 3016.746 ; gain = 0.000 ; free physical = 8662 ; free virtual = 30364
Wrote PlaceStorage: Time (s): cpu = 00:00:02 ; elapsed = 00:00:00.62 . Memory (MB): peak = 3016.746 ; gain = 0.000 ; free physical = 8639 ; free virtual = 30360
Wrote Netlist Cache: Time (s): cpu = 00:00:00.04 ; elapsed = 00:00:00.02 . Memory (MB): peak = 3016.746 ; gain = 0.000 ; free physical = 8639 ; free virtual = 30362
Wrote Device Cache: Time (s): cpu = 00:00:00.01 ; elapsed = 00:00:00.01 . Memory (MB): peak = 3016.746 ; gain = 0.000 ; free physical = 8639 ; free virtual = 30364
Write Physdb Complete: Time (s): cpu = 00:00:02 ; elapsed = 00:00:00.7 . Memory (MB): peak = 3016.746 ; gain = 0.000 ; free physical = 8639 ; free virtual = 30364
INFO: [Common 17-1381] The checkpoint '/home/engineer/fpga/worktrees/ips-cache/experiments/IPS-campaign/build-cache/vivado-project/teaching_pynqz1.runs/impl_1/rocketchip_wrapper_physopt.dcp' has been generated.
Command: route_design
Attempting to get a license for feature 'Implementation' and/or device 'xc7z020'
INFO: [Common 17-349] Got license for feature 'Implementation' and/or device 'xc7z020'


Starting Routing Task
INFO: [Route 35-254] Multithreading enabled for route_design using a maximum of 8 CPUs

Phase 1 Build RT Design
Checksum: PlaceDB: e4ba3f80 ConstDB: 0 ShapeSum: c1cb9d99 RouteDB: 15f972f0
Post Restoration Checksum: NetGraph: 71099076 | NumContArr: 1f683a3c | Constraints: c2a8fa9d | Timing: c2a8fa9d
Phase 1 Build RT Design | Checksum: 215c3bfec

Time (s): cpu = 00:00:31 ; elapsed = 00:00:19 . Memory (MB): peak = 3016.746 ; gain = 0.000 ; free physical = 8635 ; free virtual = 30346

Phase 2 Router Initialization

Phase 2.1 Fix Topology Constraints
Phase 2.1 Fix Topology Constraints | Checksum: 215c3bfec

Time (s): cpu = 00:00:31 ; elapsed = 00:00:19 . Memory (MB): peak = 3016.746 ; gain = 0.000 ; free physical = 8635 ; free virtual = 30346

Phase 2.2 Pre Route Cleanup
Phase 2.2 Pre Route Cleanup | Checksum: 215c3bfec

Time (s): cpu = 00:00:31 ; elapsed = 00:00:19 . Memory (MB): peak = 3016.746 ; gain = 0.000 ; free physical = 8635 ; free virtual = 30346
 Number of Nodes with overlaps = 0

Phase 2.3 Update Timing
Phase 2.3 Update Timing | Checksum: 24c3b27dd

Time (s): cpu = 00:00:44 ; elapsed = 00:00:22 . Memory (MB): peak = 3016.746 ; gain = 0.000 ; free physical = 8626 ; free virtual = 30338
INFO: [Route 35-416] Intermediate Timing Summary | WNS=1.074  | TNS=0.000  | WHS=-0.205 | THS=-213.120|


Phase 2.4 Soft Constraint Pins - Fast Budgeting
Phase 2.4 Soft Constraint Pins - Fast Budgeting | Checksum: 278fb8dce

Time (s): cpu = 00:00:47 ; elapsed = 00:00:22 . Memory (MB): peak = 3016.746 ; gain = 0.000 ; free physical = 8617 ; free virtual = 30329

Router Utilization Summary
  Global Vertical Routing Utilization    = 0 %
  Global Horizontal Routing Utilization  = 0 %
  Routable Net Status*
  *Does not include unroutable nets such as driverless and loadless.
  Run report_route_status for detailed report.
  Number of Failed Nets               = 21149
    (Failed Nets is the sum of unrouted and partially routed nets)
  Number of Unrouted Nets             = 21148
  Number of Partially Routed Nets     = 1
  Number of Node Overlaps             = 0

Phase 2 Router Initialization | Checksum: 280f4b7f7

Time (s): cpu = 00:00:48 ; elapsed = 00:00:23 . Memory (MB): peak = 3016.746 ; gain = 0.000 ; free physical = 8618 ; free virtual = 30330

Phase 3 Global Routing
Phase 3 Global Routing | Checksum: 280f4b7f7

Time (s): cpu = 00:00:48 ; elapsed = 00:00:23 . Memory (MB): peak = 3016.746 ; gain = 0.000 ; free physical = 8618 ; free virtual = 30330

Phase 4 Initial Routing

Phase 4.1 Initial Net Routing Pass
Phase 4.1 Initial Net Routing Pass | Checksum: 1e94cb193

Time (s): cpu = 00:00:54 ; elapsed = 00:00:24 . Memory (MB): peak = 3016.746 ; gain = 0.000 ; free physical = 8618 ; free virtual = 30330
Phase 4 Initial Routing | Checksum: 1e94cb193

Time (s): cpu = 00:00:54 ; elapsed = 00:00:24 . Memory (MB): peak = 3016.746 ; gain = 0.000 ; free physical = 8618 ; free virtual = 30330

Phase 5 Rip-up And Reroute

Phase 5.1 Global Iteration 0
 Number of Nodes with overlaps = 3579
 Number of Nodes with overlaps = 326
 Number of Nodes with overlaps = 88
 Number of Nodes with overlaps = 27
 Number of Nodes with overlaps = 13
 Number of Nodes with overlaps = 6
 Number of Nodes with overlaps = 1
 Number of Nodes with overlaps = 0
INFO: [Route 35-416] Intermediate Timing Summary | WNS=0.399  | TNS=0.000  | WHS=N/A    | THS=N/A    |

Phase 5.1 Global Iteration 0 | Checksum: 1a66003e1

Time (s): cpu = 00:01:15 ; elapsed = 00:00:36 . Memory (MB): peak = 3016.746 ; gain = 0.000 ; free physical = 8618 ; free virtual = 30331

Phase 5.2 Global Iteration 1
 Number of Nodes with overlaps = 8
 Number of Nodes with overlaps = 1
 Number of Nodes with overlaps = 1
 Number of Nodes with overlaps = 0
INFO: [Route 35-416] Intermediate Timing Summary | WNS=0.399  | TNS=0.000  | WHS=N/A    | THS=N/A    |

Phase 5.2 Global Iteration 1 | Checksum: 1eb23b05d

Time (s): cpu = 00:01:16 ; elapsed = 00:00:36 . Memory (MB): peak = 3016.746 ; gain = 0.000 ; free physical = 8618 ; free virtual = 30330

Phase 5.3 Global Iteration 2
 Number of Nodes with overlaps = 8
 Number of Nodes with overlaps = 1
 Number of Nodes with overlaps = 0
INFO: [Route 35-416] Intermediate Timing Summary | WNS=0.399  | TNS=0.000  | WHS=N/A    | THS=N/A    |

Phase 5.3 Global Iteration 2 | Checksum: 1c8009ad6

Time (s): cpu = 00:01:18 ; elapsed = 00:00:37 . Memory (MB): peak = 3016.746 ; gain = 0.000 ; free physical = 8618 ; free virtual = 30330
Phase 5 Rip-up And Reroute | Checksum: 1c8009ad6

Time (s): cpu = 00:01:18 ; elapsed = 00:00:37 . Memory (MB): peak = 3016.746 ; gain = 0.000 ; free physical = 8618 ; free virtual = 30330

Phase 6 Delay and Skew Optimization

Phase 6.1 Delay CleanUp
Phase 6.1 Delay CleanUp | Checksum: 1c8009ad6

Time (s): cpu = 00:01:18 ; elapsed = 00:00:37 . Memory (MB): peak = 3016.746 ; gain = 0.000 ; free physical = 8618 ; free virtual = 30330

Phase 6.2 Clock Skew Optimization
Phase 6.2 Clock Skew Optimization | Checksum: 1c8009ad6

Time (s): cpu = 00:01:18 ; elapsed = 00:00:37 . Memory (MB): peak = 3016.746 ; gain = 0.000 ; free physical = 8618 ; free virtual = 30330
Phase 6 Delay and Skew Optimization | Checksum: 1c8009ad6

Time (s): cpu = 00:01:18 ; elapsed = 00:00:37 . Memory (MB): peak = 3016.746 ; gain = 0.000 ; free physical = 8618 ; free virtual = 30330

Phase 7 Post Hold Fix

Phase 7.1 Hold Fix Iter
INFO: [Route 35-416] Intermediate Timing Summary | WNS=0.412  | TNS=0.000  | WHS=0.033  | THS=0.000  |

Phase 7.1 Hold Fix Iter | Checksum: 2309dc396

Time (s): cpu = 00:01:20 ; elapsed = 00:00:37 . Memory (MB): peak = 3016.746 ; gain = 0.000 ; free physical = 8618 ; free virtual = 30330
Phase 7 Post Hold Fix | Checksum: 2309dc396

Time (s): cpu = 00:01:20 ; elapsed = 00:00:37 . Memory (MB): peak = 3016.746 ; gain = 0.000 ; free physical = 8618 ; free virtual = 30330

Phase 8 Route finalize

Router Utilization Summary
  Global Vertical Routing Utilization    = 5.52066 %
  Global Horizontal Routing Utilization  = 7.54099 %
  Routable Net Status*
  *Does not include unroutable nets such as driverless and loadless.
  Run report_route_status for detailed report.
  Number of Failed Nets               = 0
    (Failed Nets is the sum of unrouted and partially routed nets)
  Number of Unrouted Nets             = 0
  Number of Partially Routed Nets     = 0
  Number of Node Overlaps             = 0

Phase 8 Route finalize | Checksum: 2309dc396

Time (s): cpu = 00:01:20 ; elapsed = 00:00:37 . Memory (MB): peak = 3016.746 ; gain = 0.000 ; free physical = 8618 ; free virtual = 30330

Phase 9 Verifying routed nets

 Verification completed successfully
Phase 9 Verifying routed nets | Checksum: 2309dc396

Time (s): cpu = 00:01:20 ; elapsed = 00:00:37 . Memory (MB): peak = 3016.746 ; gain = 0.000 ; free physical = 8618 ; free virtual = 30330

Phase 10 Depositing Routes
Phase 10 Depositing Routes | Checksum: 264b51e6a

Time (s): cpu = 00:01:23 ; elapsed = 00:00:39 . Memory (MB): peak = 3016.746 ; gain = 0.000 ; free physical = 8618 ; free virtual = 30330

Phase 11 Post Process Routing
Phase 11 Post Process Routing | Checksum: 264b51e6a

Time (s): cpu = 00:01:23 ; elapsed = 00:00:39 . Memory (MB): peak = 3016.746 ; gain = 0.000 ; free physical = 8618 ; free virtual = 30330

Phase 12 Post Router Timing
INFO: [Route 35-57] Estimated Timing Summary | WNS=0.412  | TNS=0.000  | WHS=0.033  | THS=0.000  |

INFO: [Route 35-327] The final timing numbers are based on the router estimated timing analysis. For a complete and accurate timing signoff, please run report_timing_summary.
Phase 12 Post Router Timing | Checksum: 264b51e6a

Time (s): cpu = 00:01:23 ; elapsed = 00:00:39 . Memory (MB): peak = 3016.746 ; gain = 0.000 ; free physical = 8618 ; free virtual = 30330
Total Elapsed time in route_design: 39.21 secs

Phase 13 Post-Route Event Processing
Phase 13 Post-Route Event Processing | Checksum: 2b6e43fde

Time (s): cpu = 00:01:23 ; elapsed = 00:00:39 . Memory (MB): peak = 3016.746 ; gain = 0.000 ; free physical = 8618 ; free virtual = 30330
INFO: [Route 35-16] Router Completed Successfully
Ending Routing Task | Checksum: 2b6e43fde

Time (s): cpu = 00:01:23 ; elapsed = 00:00:39 . Memory (MB): peak = 3016.746 ; gain = 0.000 ; free physical = 8618 ; free virtual = 30330

Routing Is Done.
INFO: [Common 17-83] Releasing license: Implementation
109 Infos, 0 Warnings, 0 Critical Warnings and 0 Errors encountered.
route_design completed successfully
route_design: Time (s): cpu = 00:01:24 ; elapsed = 00:00:39 . Memory (MB): peak = 3016.746 ; gain = 0.000 ; free physical = 8618 ; free virtual = 30330
INFO: [Vivado 12-24828] Executing command : report_drc -file rocketchip_wrapper_drc_routed.rpt -pb rocketchip_wrapper_drc_routed.pb -rpx rocketchip_wrapper_drc_routed.rpx
Command: report_drc -file rocketchip_wrapper_drc_routed.rpt -pb rocketchip_wrapper_drc_routed.pb -rpx rocketchip_wrapper_drc_routed.rpx
INFO: [IP_Flow 19-1839] IP Catalog is up to date.
INFO: [DRC 23-27] Running DRC with 8 threads
INFO: [Vivado_Tcl 2-168] The results of DRC are in file /home/engineer/fpga/worktrees/ips-cache/experiments/IPS-campaign/build-cache/vivado-project/teaching_pynqz1.runs/impl_1/rocketchip_wrapper_drc_routed.rpt.
report_drc completed successfully
INFO: [Vivado 12-24828] Executing command : report_methodology -file rocketchip_wrapper_methodology_drc_routed.rpt -pb rocketchip_wrapper_methodology_drc_routed.pb -rpx rocketchip_wrapper_methodology_drc_routed.rpx
Command: report_methodology -file rocketchip_wrapper_methodology_drc_routed.rpt -pb rocketchip_wrapper_methodology_drc_routed.pb -rpx rocketchip_wrapper_methodology_drc_routed.rpx
INFO: [Timing 38-35] Done setting XDC timing constraints.
INFO: [DRC 23-133] Running Methodology with 8 threads
INFO: [Vivado_Tcl 2-1520] The results of Report Methodology are in file /home/engineer/fpga/worktrees/ips-cache/experiments/IPS-campaign/build-cache/vivado-project/teaching_pynqz1.runs/impl_1/rocketchip_wrapper_methodology_drc_routed.rpt.
report_methodology completed successfully
INFO: [Vivado 12-24828] Executing command : report_timing_summary -max_paths 10 -routable_nets -report_unconstrained -file rocketchip_wrapper_timing_summary_routed.rpt -pb rocketchip_wrapper_timing_summary_routed.pb -rpx rocketchip_wrapper_timing_summary_routed.rpx -warn_on_violation 
INFO: [Timing 38-35] Done setting XDC timing constraints.
INFO: [Timing 38-91] UpdateTimingParams: Speed grade: -1, Delay Type: min_max.
INFO: [Timing 38-191] Multithreading enabled for timing update using a maximum of 8 CPUs
INFO: [Vivado 12-24838] Running report commands "report_bus_skew, report_incremental_reuse, report_route_status" in parallel.
Running report generation with 3 threads.
INFO: [Vivado 12-24828] Executing command : report_incremental_reuse -file rocketchip_wrapper_incremental_reuse_routed.rpt
INFO: [Vivado_Tcl 4-1062] Incremental flow is disabled. No incremental reuse Info to report.
INFO: [Vivado 12-24828] Executing command : report_bus_skew -warn_on_violation -file rocketchip_wrapper_bus_skew_routed.rpt -pb rocketchip_wrapper_bus_skew_routed.pb -rpx rocketchip_wrapper_bus_skew_routed.rpx
INFO: [Timing 38-91] UpdateTimingParams: Speed grade: -1, Delay Type: min_max.
INFO: [Timing 38-191] Multithreading enabled for timing update using a maximum of 8 CPUs
INFO: [Vivado 12-24828] Executing command : report_route_status -file rocketchip_wrapper_route_status.rpt -pb rocketchip_wrapper_route_status.pb
INFO: [Vivado 12-24828] Executing command : report_power -file rocketchip_wrapper_power_routed.rpt -pb rocketchip_wrapper_power_summary_routed.pb -rpx rocketchip_wrapper_power_routed.rpx
Command: report_power -file rocketchip_wrapper_power_routed.rpt -pb rocketchip_wrapper_power_summary_routed.pb -rpx rocketchip_wrapper_power_routed.rpx
Running Vector-less Activity Propagation...

Finished Running Vector-less Activity Propagation
WARNING: [Power 33-332] Found switching activity that implies high-fanout reset nets being asserted for excessive periods of time which may result in inaccurate power analysis.
Resolution: To review and fix problems, please run Power Constraints Advisor in the GUI from Tools > Power Constraints Advisor or run report_power with the -advisory option to generate a text report.
129 Infos, 1 Warnings, 0 Critical Warnings and 0 Errors encountered.
report_power completed successfully
INFO: [Vivado 12-24828] Executing command : report_clock_utilization -file rocketchip_wrapper_clock_utilization_routed.rpt
generate_parallel_reports: Time (s): cpu = 00:00:44 ; elapsed = 00:00:12 . Memory (MB): peak = 3084.363 ; gain = 67.617 ; free physical = 8538 ; free virtual = 30261
INFO: [Timing 38-480] Writing timing data to binary archive.
Wrote PlaceDB: Time (s): cpu = 00:00:00 ; elapsed = 00:00:00 . Memory (MB): peak = 3084.363 ; gain = 0.000 ; free physical = 8538 ; free virtual = 30261
Wrote PulsedLatchDB: Time (s): cpu = 00:00:00 ; elapsed = 00:00:00 . Memory (MB): peak = 3084.363 ; gain = 0.000 ; free physical = 8538 ; free virtual = 30261
Writing XDEF routing.
Writing XDEF routing logical nets.
Write ShapeDB Complete: Time (s): cpu = 00:00:00.16 ; elapsed = 00:00:00.03 . Memory (MB): peak = 3084.363 ; gain = 0.000 ; free physical = 8538 ; free virtual = 30263
Writing XDEF routing special nets.
Wrote RouteStorage: Time (s): cpu = 00:00:01 ; elapsed = 00:00:00.27 . Memory (MB): peak = 3084.363 ; gain = 0.000 ; free physical = 8532 ; free virtual = 30266
Wrote PlaceStorage: Time (s): cpu = 00:00:02 ; elapsed = 00:00:00.63 . Memory (MB): peak = 3084.363 ; gain = 0.000 ; free physical = 8514 ; free virtual = 30263
Wrote Netlist Cache: Time (s): cpu = 00:00:00.01 ; elapsed = 00:00:00.02 . Memory (MB): peak = 3084.363 ; gain = 0.000 ; free physical = 8514 ; free virtual = 30265
Wrote Device Cache: Time (s): cpu = 00:00:00.01 ; elapsed = 00:00:00 . Memory (MB): peak = 3084.363 ; gain = 0.000 ; free physical = 8514 ; free virtual = 30266
Write Physdb Complete: Time (s): cpu = 00:00:03 ; elapsed = 00:00:00.93 . Memory (MB): peak = 3084.363 ; gain = 0.000 ; free physical = 8514 ; free virtual = 30266
INFO: [Common 17-1381] The checkpoint '/home/engineer/fpga/worktrees/ips-cache/experiments/IPS-campaign/build-cache/vivado-project/teaching_pynqz1.runs/impl_1/rocketchip_wrapper_routed.dcp' has been generated.
Command: write_bitstream -force rocketchip_wrapper.bit
Attempting to get a license for feature 'Implementation' and/or device 'xc7z020'
INFO: [Common 17-349] Got license for feature 'Implementation' and/or device 'xc7z020'
Running DRC as a precondition to command write_bitstream
INFO: [IP_Flow 19-1839] IP Catalog is up to date.
INFO: [DRC 23-27] Running DRC with 8 threads
INFO: [Vivado 12-3199] DRC finished with 0 Errors
INFO: [Vivado 12-3200] Please refer to the DRC report (report_drc) for more information.
Integrating Hard IP ELF/MEM with the PDI.
INFO: [Designutils 20-2272] Running write_bitstream with 8 threads.
Loading data files...
Loading site data...
Loading route data...
Processing options...
Creating bitmap...
Creating bitstream...
Writing bitstream ./rocketchip_wrapper.bit...
INFO: [Vivado 12-1842] Bitgen Completed Successfully.
INFO: [Common 17-83] Releasing license: Implementation
140 Infos, 1 Warnings, 0 Critical Warnings and 0 Errors encountered.
write_bitstream completed successfully
write_bitstream: Time (s): cpu = 00:00:34 ; elapsed = 00:00:29 . Memory (MB): peak = 3385.973 ; gain = 301.609 ; free physical = 8167 ; free virtual = 29904
INFO: [Common 17-206] Exiting Vivado at Fri Sep 25 01:46:38 2026...
[Fri Sep 25 01:46:39 2026] impl_1 finished
wait_on_runs: Time (s): cpu = 00:05:34 ; elapsed = 00:02:25 . Memory (MB): peak = 2908.660 ; gain = 0.000 ; free physical = 10329 ; free virtual = 32066
# set st [get_property STATUS [get_runs impl_1]]
# set pr [get_property PROGRESS [get_runs impl_1]]
# say "impl_1 STATUS='$st' PROGRESS=$pr"
@@@ impl_1 STATUS='write_bitstream Complete!' PROGRESS=100%
# if {$pr != "100%"} { say "IMPL_FAILED"; exit 5 }
# open_run impl_1
Netlist sorting complete. Time (s): cpu = 00:00:00.14 ; elapsed = 00:00:00.13 . Memory (MB): peak = 2908.660 ; gain = 0.000 ; free physical = 10336 ; free virtual = 32074
INFO: [Netlist 29-17] Analyzing 1192 Unisim elements for replacement
INFO: [Netlist 29-28] Unisim Transformation completed in 0 CPU seconds
INFO: [Project 1-479] Netlist was created with Vivado 2025.2.1
INFO: [Project 1-570] Preparing netlist for logic optimization
Read ShapeDB Complete: Time (s): cpu = 00:00:00.03 ; elapsed = 00:00:00.03 . Memory (MB): peak = 2908.660 ; gain = 0.000 ; free physical = 10248 ; free virtual = 31986
INFO: [Timing 38-478] Restoring timing data from binary archive.
INFO: [Timing 38-479] Binary timing data restore complete.
INFO: [Project 1-856] Restoring constraints from binary archive.
INFO: [Project 1-853] Binary constraint restore complete.
INFO: [Designutils 20-5722] Start Reading Physical Databases.
Reading placement.
Read Netlist Cache: Time (s): cpu = 00:00:00.02 ; elapsed = 00:00:00.02 . Memory (MB): peak = 2938.465 ; gain = 0.000 ; free physical = 10140 ; free virtual = 31877
Reading placer database...
Read Device Cache: Time (s): cpu = 00:00:00.01 ; elapsed = 00:00:00.01 . Memory (MB): peak = 2938.465 ; gain = 0.000 ; free physical = 10139 ; free virtual = 31876
Read PlaceDB: Time (s): cpu = 00:00:00 ; elapsed = 00:00:00 . Memory (MB): peak = 2938.465 ; gain = 0.000 ; free physical = 10139 ; free virtual = 31876
Read placeStorage: Time (s): cpu = 00:00:00.5 ; elapsed = 00:00:00.5 . Memory (MB): peak = 2945.465 ; gain = 7.000 ; free physical = 10132 ; free virtual = 31869
Read PulsedLatchDB: Time (s): cpu = 00:00:00 ; elapsed = 00:00:00 . Memory (MB): peak = 2945.465 ; gain = 0.000 ; free physical = 10132 ; free virtual = 31869
Reading routing.
Read RouteStorage: Time (s): cpu = 00:00:00.48 ; elapsed = 00:00:00.14 . Memory (MB): peak = 2958.465 ; gain = 13.000 ; free physical = 10110 ; free virtual = 31847
Read Physdb Files: Time (s): cpu = 00:00:01 ; elapsed = 00:00:00.69 . Memory (MB): peak = 2958.465 ; gain = 20.000 ; free physical = 10110 ; free virtual = 31847
Restored from archive | CPU: 1.040000 secs | Memory: 20.316650 MB |
Finished XDEF File Restore: Time (s): cpu = 00:00:01 ; elapsed = 00:00:00.69 . Memory (MB): peak = 2958.465 ; gain = 20.000 ; free physical = 10110 ; free virtual = 31847
Netlist sorting complete. Time (s): cpu = 00:00:00 ; elapsed = 00:00:00.01 . Memory (MB): peak = 2960.465 ; gain = 0.000 ; free physical = 10110 ; free virtual = 31848
INFO: [Project 1-111] Unisim Transformation Summary:
  A total of 262 instances were transformed.
  RAM16X1D => RAM32X1D (RAMD32(x2)): 15 instances
  RAM32M => RAM32M (RAMD32(x6), RAMS32(x2)): 182 instances
  RAM32X1D => RAM32X1D (RAMD32(x2)): 15 instances
  RAM64M => RAM64M (RAMD64E(x4)): 50 instances

# write_checkpoint -force $out/post_route.dcp
INFO: [Timing 38-480] Writing timing data to binary archive.
Wrote PlaceDB: Time (s): cpu = 00:00:00 ; elapsed = 00:00:00 . Memory (MB): peak = 2978.277 ; gain = 0.000 ; free physical = 10110 ; free virtual = 31847
Wrote PulsedLatchDB: Time (s): cpu = 00:00:00 ; elapsed = 00:00:00 . Memory (MB): peak = 2978.277 ; gain = 0.000 ; free physical = 10110 ; free virtual = 31847
Writing XDEF routing.
Writing XDEF routing logical nets.
Write ShapeDB Complete: Time (s): cpu = 00:00:00.15 ; elapsed = 00:00:00.03 . Memory (MB): peak = 3005.113 ; gain = 26.836 ; free physical = 10090 ; free virtual = 31830
Writing XDEF routing special nets.
Wrote RouteStorage: Time (s): cpu = 00:00:01 ; elapsed = 00:00:00.28 . Memory (MB): peak = 3012.754 ; gain = 34.477 ; free physical = 10051 ; free virtual = 31798
Wrote PlaceStorage: Time (s): cpu = 00:00:01 ; elapsed = 00:00:00.64 . Memory (MB): peak = 3012.754 ; gain = 0.000 ; free physical = 10032 ; free virtual = 31795
Wrote Netlist Cache: Time (s): cpu = 00:00:00.01 ; elapsed = 00:00:00.02 . Memory (MB): peak = 3012.754 ; gain = 0.000 ; free physical = 10032 ; free virtual = 31797
Wrote Device Cache: Time (s): cpu = 00:00:00.01 ; elapsed = 00:00:00.01 . Memory (MB): peak = 3012.754 ; gain = 0.000 ; free physical = 10032 ; free virtual = 31798
Write Physdb Complete: Time (s): cpu = 00:00:03 ; elapsed = 00:00:00.95 . Memory (MB): peak = 3012.754 ; gain = 34.477 ; free physical = 10032 ; free virtual = 31798
INFO: [Common 17-1381] The checkpoint '/home/engineer/fpga/worktrees/ips-cache/experiments/IPS-campaign/build-cache/reports/post_route.dcp' has been generated.
# report_timing_summary -max_paths 10 -file $out/post_route_timing_summary.rpt
INFO: [Timing 38-91] UpdateTimingParams: Speed grade: -1, Delay Type: min_max.
INFO: [Timing 38-191] Multithreading enabled for timing update using a maximum of 8 CPUs
# report_timing -max_paths 20 -sort_by group -file $out/post_route_timing_worst.rpt
INFO: [Timing 38-91] UpdateTimingParams: Speed grade: -1, Delay Type: max.
INFO: [Timing 38-191] Multithreading enabled for timing update using a maximum of 8 CPUs
INFO: [Timing 38-78] ReportTimingParams: -max_paths 20 -nworst 1 -delay_type max -sort_by group.
# report_utilization -file $out/post_route_utilization.rpt
# report_utilization -hierarchical -file $out/post_route_utilization_hier.rpt
# report_clocks -file $out/post_route_clocks.rpt
# report_clock_utilization -file $out/post_route_clock_utilization.rpt
# report_cdc -details -file $out/post_route_cdc.rpt
INFO: [Timing 38-91] UpdateTimingParams: Speed grade: -1, Delay Type: min_max.
INFO: [Timing 38-191] Multithreading enabled for timing update using a maximum of 8 CPUs
INFO: [Timing 38-314] The report_cdc command only analyzes and reports clock domain crossing paths where clocks have been defined on both source and destination sides. Ports with no input delay constraint are skipped. Please run check_timing to verify there are no missing clock definitions in your design, nor any unconstrained input port.
# report_clock_interaction -file $out/post_route_clock_interaction.rpt
INFO: [Timing 38-91] UpdateTimingParams: Speed grade: -1, Delay Type: max.
INFO: [Timing 38-191] Multithreading enabled for timing update using a maximum of 8 CPUs
WARNING: [Timing 38-164] This design has multiple clocks. Inter clock paths are considered valid unless explicitly excluded by timing constraints such as set_clock_groups or set_false_path.
# report_drc -file $out/post_route_drc.rpt
Command: report_drc -file /home/engineer/fpga/worktrees/ips-cache/experiments/IPS-campaign/build-cache/reports/post_route_drc.rpt
INFO: [IP_Flow 19-1839] IP Catalog is up to date.
INFO: [DRC 23-27] Running DRC with 8 threads
INFO: [Vivado_Tcl 2-168] The results of DRC are in file /home/engineer/fpga/worktrees/ips-cache/experiments/IPS-campaign/build-cache/reports/post_route_drc.rpt.
report_drc completed successfully
# report_methodology -file $out/post_route_methodology.rpt
Command: report_methodology -file /home/engineer/fpga/worktrees/ips-cache/experiments/IPS-campaign/build-cache/reports/post_route_methodology.rpt
INFO: [Timing 38-35] Done setting XDC timing constraints.
INFO: [DRC 23-133] Running Methodology with 8 threads
INFO: [Vivado_Tcl 2-1520] The results of Report Methodology are in file /home/engineer/fpga/worktrees/ips-cache/experiments/IPS-campaign/build-cache/reports/post_route_methodology.rpt.
report_methodology completed successfully
# report_route_status -file $out/post_route_status.rpt
# report_control_sets -verbose -file $out/post_route_control_sets.rpt
report_control_sets: Time (s): cpu = 00:00:00.04 ; elapsed = 00:00:00.12 . Memory (MB): peak = 3217.301 ; gain = 0.000 ; free physical = 9905 ; free virtual = 31653
# check_timing -file $out/post_route_check_timing.rpt
# set bit [glob -nocomplain [file dirname $xpr]/*.runs/impl_1/*.bit]
# say "bitstream: $bit"
@@@ bitstream: /home/engineer/fpga/worktrees/ips-cache/experiments/IPS-campaign/build-cache/vivado-project/teaching_pynqz1.runs/impl_1/rocketchip_wrapper.bit
# if {$bit eq ""} { say "NO_BITSTREAM"; exit 6 }
# file copy -force [lindex $bit 0] $out/[file tail [lindex $bit 0]]
# set wns [get_property STATS.WNS [get_runs impl_1]]
# set whs [get_property STATS.WHS [get_runs impl_1]]
# set tns [get_property STATS.TNS [get_runs impl_1]]
# set ths [get_property STATS.THS [get_runs impl_1]]
# say "impl_1 stats: WNS=$wns TNS=$tns WHS=$whs THS=$ths"
@@@ impl_1 stats: WNS=0.423910 TNS=0.000000 WHS=0.036071 THS=0.000000
# set f [open $out/run-status.txt w]
# puts $f "tool: [version -short]"
# puts $f "part: [get_property part [current_project]]"
# puts $f "synth_1 STATUS: [get_property STATUS [get_runs synth_1]]"
# puts $f "synth_1 PROGRESS: [get_property PROGRESS [get_runs synth_1]]"
# puts $f "impl_1 STATUS: [get_property STATUS [get_runs impl_1]]"
# puts $f "impl_1 PROGRESS: [get_property PROGRESS [get_runs impl_1]]"
# puts $f "WNS: $wns"
# puts $f "TNS: $tns"
# puts $f "WHS: $whs"
# puts $f "THS: $ths"
# puts $f "bitstream: $out/[file tail [lindex $bit 0]]"
# close $f
# say "BUILD_OK"
@@@ BUILD_OK
INFO: [Common 17-206] Exiting Vivado at Fri Sep 25 01:46:54 2026...
