Copyright 1986-2022 Xilinx, Inc. All Rights Reserved. Copyright 2022-2026 Advanced Micro Devices, Inc. All Rights Reserved.
--------------------------------------------------------------------------------------------------------------------------------------------------------------------------------------
| Tool Version : Vivado v.2025.2.1 (lin64) Build 6403652 Thu Mar 19 13:47:00 MDT 2026
| Date         : Thu Sep 24 23:52:45 2026
| Host         : ubuntu running 64-bit Ubuntu 24.04.2 LTS
| Command      : report_timing -max_paths 20 -sort_by group -file /home/engineer/fpga/worktrees/ips-cache/experiments/IPS-campaign/build-baseline/reports/post_route_timing_worst.rpt
| Design       : rocketchip_wrapper
| Device       : 7z020-clg400
| Speed File   : -1  PRODUCTION 1.12 2019-11-22
| Design State : Routed
--------------------------------------------------------------------------------------------------------------------------------------------------------------------------------------

Timing Report

Slack (MET) :             0.779ns  (required time - arrival time)
  Source:                 top/teaching_board_top/target/rd2serial/addr_reg[4]/C
                            (rising edge-triggered cell FDRE clocked by host_clk_i  {rise@0.000ns fall@12.500ns period=25.000ns})
  Destination:            top/teaching_board_top/target/backend/resvValid_reg/D
                            (rising edge-triggered cell FDRE clocked by host_clk_i  {rise@0.000ns fall@12.500ns period=25.000ns})
  Path Group:             host_clk_i
  Path Type:              Setup (Max at Slow Process Corner)
  Requirement:            25.000ns  (host_clk_i rise@25.000ns - host_clk_i rise@0.000ns)
  Data Path Delay:        24.034ns  (logic 11.018ns (45.842%)  route 13.016ns (54.158%))
  Logic Levels:           44  (CARRY4=28 LUT2=2 LUT3=2 LUT4=3 LUT5=3 LUT6=6)
  Clock Path Skew:        -0.136ns (DCD - SCD + CPR)
    Destination Clock Delay (DCD):    6.308ns = ( 31.308 - 25.000 ) 
    Source Clock Delay      (SCD):    6.860ns
    Clock Pessimism Removal (CPR):    0.416ns
  Clock Uncertainty:      0.082ns  ((TSJ^2 + DJ^2)^1/2) / 2 + PE
    Total System Jitter     (TSJ):    0.071ns
    Discrete Jitter          (DJ):    0.147ns
    Phase Error              (PE):    0.000ns

    Location             Delay type                Incr(ns)  Path(ns)    Netlist Resource(s)
  -------------------------------------------------------------------    -------------------
                         (clock host_clk_i rise edge)
                                                      0.000     0.000 r  
    H16                                               0.000     0.000 r  clk (IN)
                         net (fo=0)                   0.000     0.000    clk
    H16                  IBUF (Prop_ibuf_I_O)         1.451     1.451 r  ibufg_gclk/O
                         net (fo=1, routed)           1.285     2.736    gclk_i
    MMCME2_ADV_X1Y2      MMCME2_ADV (Prop_mmcme2_adv_CLKIN1_CLKOUT0)
                                                      0.088     2.824 r  MMCME2_BASE_inst/CLKOUT0
                         net (fo=1, routed)           2.206     5.030    host_clk_i
    BUFGCTRL_X0Y16       BUFG (Prop_bufg_I_O)         0.101     5.131 r  bufg_host_clk/O
                         net (fo=7403, routed)        1.729     6.860    top/teaching_board_top/target/rd2serial/host_clk
    SLICE_X57Y44         FDRE                                         r  top/teaching_board_top/target/rd2serial/addr_reg[4]/C
  -------------------------------------------------------------------    -------------------
    SLICE_X57Y44         FDRE (Prop_fdre_C_Q)         0.456     7.316 r  top/teaching_board_top/target/rd2serial/addr_reg[4]/Q
                         net (fo=5, routed)           0.619     7.935    top/teaching_board_top/target/rd2serial/addr_reg[31]_0[1]
    SLICE_X55Y44         CARRY4 (Prop_carry4_S[0]_CO[3])
                                                      0.656     8.591 r  top/teaching_board_top/target/rd2serial/addr_reg[7]_i_2/CO[3]
                         net (fo=1, routed)           0.000     8.591    top/teaching_board_top/target/rd2serial/addr_reg[7]_i_2_n_0
    SLICE_X55Y45         CARRY4 (Prop_carry4_CI_CO[3])
                                                      0.114     8.705 r  top/teaching_board_top/target/rd2serial/addr_reg[11]_i_2/CO[3]
                         net (fo=1, routed)           0.000     8.705    top/teaching_board_top/target/rd2serial/addr_reg[11]_i_2_n_0
    SLICE_X55Y46         CARRY4 (Prop_carry4_CI_CO[3])
                                                      0.114     8.819 r  top/teaching_board_top/target/rd2serial/addr_reg[15]_i_2/CO[3]
                         net (fo=1, routed)           0.000     8.819    top/teaching_board_top/target/rd2serial/addr_reg[15]_i_2_n_0
    SLICE_X55Y47         CARRY4 (Prop_carry4_CI_CO[3])
                                                      0.114     8.933 r  top/teaching_board_top/target/rd2serial/addr_reg[19]_i_2/CO[3]
                         net (fo=1, routed)           0.000     8.933    top/teaching_board_top/target/rd2serial/addr_reg[19]_i_2_n_0
    SLICE_X55Y48         CARRY4 (Prop_carry4_CI_CO[3])
                                                      0.114     9.047 r  top/teaching_board_top/target/rd2serial/addr_reg[23]_i_2/CO[3]
                         net (fo=1, routed)           0.000     9.047    top/teaching_board_top/target/rd2serial/addr_reg[23]_i_2_n_0
    SLICE_X55Y49         CARRY4 (Prop_carry4_CI_CO[3])
                                                      0.114     9.161 r  top/teaching_board_top/target/rd2serial/addr_reg[27]_i_2/CO[3]
                         net (fo=1, routed)           0.001     9.161    top/teaching_board_top/target/rd2serial/addr_reg[27]_i_2_n_0
    SLICE_X55Y50         CARRY4 (Prop_carry4_CI_O[1])
                                                      0.334     9.495 r  top/teaching_board_top/target/rd2serial/addr_reg[31]_i_6/O[1]
                         net (fo=3, routed)           0.556    10.051    top/teaching_board_top/target/rd2serial/_GEN_86[29]
    SLICE_X56Y50         CARRY4 (Prop_carry4_DI[1]_CO[3])
                                                      0.686    10.737 r  top/teaching_board_top/target/rd2serial/ram_mask_reg_0_1_0_5_i_101/CO[3]
                         net (fo=1, routed)           0.000    10.737    top/teaching_board_top/target/rd2serial/ram_mask_reg_0_1_0_5_i_101_n_0
    SLICE_X56Y51         CARRY4 (Prop_carry4_CI_CO[3])
                                                      0.114    10.851 r  top/teaching_board_top/target/rd2serial/ram_mask_reg_0_1_0_5_i_105/CO[3]
                         net (fo=1, routed)           0.000    10.851    top/teaching_board_top/target/rd2serial/ram_mask_reg_0_1_0_5_i_105_n_0
    SLICE_X56Y52         CARRY4 (Prop_carry4_CI_CO[3])
                                                      0.114    10.965 r  top/teaching_board_top/target/rd2serial/req_size_reg[1]_i_64/CO[3]
                         net (fo=1, routed)           0.000    10.965    top/teaching_board_top/target/rd2serial/req_size_reg[1]_i_64_n_0
    SLICE_X56Y53         CARRY4 (Prop_carry4_CI_CO[3])
                                                      0.114    11.079 r  top/teaching_board_top/target/rd2serial/req_size_reg[1]_i_60/CO[3]
                         net (fo=1, routed)           0.000    11.079    top/teaching_board_top/target/rd2serial/req_size_reg[1]_i_60_n_0
    SLICE_X56Y54         CARRY4 (Prop_carry4_CI_CO[3])
                                                      0.114    11.193 r  top/teaching_board_top/target/rd2serial/req_size_reg[1]_i_59/CO[3]
                         net (fo=1, routed)           0.000    11.193    top/teaching_board_top/target/rd2serial/req_size_reg[1]_i_59_n_0
    SLICE_X56Y55         CARRY4 (Prop_carry4_CI_CO[3])
                                                      0.114    11.307 r  top/teaching_board_top/target/rd2serial/req_size_reg[1]_i_37/CO[3]
                         net (fo=1, routed)           0.000    11.307    top/teaching_board_top/target/rd2serial/req_size_reg[1]_i_37_n_0
    SLICE_X56Y56         CARRY4 (Prop_carry4_CI_CO[3])
                                                      0.114    11.421 r  top/teaching_board_top/target/rd2serial/req_size_reg[1]_i_34/CO[3]
                         net (fo=1, routed)           0.000    11.421    top/teaching_board_top/target/rd2serial/req_size_reg[1]_i_34_n_0
    SLICE_X56Y57         CARRY4 (Prop_carry4_CI_O[1])
                                                      0.334    11.755 r  top/teaching_board_top/target/rd2serial/req_size_reg[1]_i_31/O[1]
                         net (fo=8, routed)           0.821    12.576    top/teaching_board_top/target/rd2serial/_GEN_87[57]
    SLICE_X57Y55         LUT4 (Prop_lut4_I1_O)        0.303    12.879 r  top/teaching_board_top/target/rd2serial/req_size[1]_i_87/O
                         net (fo=1, routed)           0.000    12.879    top/teaching_board_top/target/rd2serial/req_size[1]_i_87_n_0
    SLICE_X57Y55         CARRY4 (Prop_carry4_S[0]_CO[3])
                                                      0.532    13.411 r  top/teaching_board_top/target/rd2serial/req_size_reg[1]_i_45/CO[3]
                         net (fo=1, routed)           0.000    13.411    top/teaching_board_top/target/rd2serial/req_size_reg[1]_i_45_n_0
    SLICE_X57Y56         CARRY4 (Prop_carry4_CI_CO[0])
                                                      0.271    13.682 r  top/teaching_board_top/target/rd2serial/req_size_reg[1]_i_18/CO[0]
                         net (fo=163, routed)         0.885    14.568    top/teaching_board_top/target/rd2serial/_T_174
    SLICE_X58Y50         LUT3 (Prop_lut3_I1_O)        0.366    14.934 r  top/teaching_board_top/target/rd2serial/ram_mask_reg_0_1_0_5_i_211/O
                         net (fo=1, routed)           0.421    15.355    top/teaching_board_top/target/rd2serial/ram_mask_reg_0_1_0_5_i_211_n_0
    SLICE_X58Y52         LUT6 (Prop_lut6_I5_O)        0.331    15.686 f  top/teaching_board_top/target/rd2serial/ram_mask_reg_0_1_0_5_i_177/O
                         net (fo=2, routed)           0.664    16.349    top/teaching_board_top/target/rd2serial/ram_mask_reg_0_1_0_5_i_177_n_0
    SLICE_X58Y54         LUT3 (Prop_lut3_I2_O)        0.124    16.473 r  top/teaching_board_top/target/rd2serial/ram_mask_reg_0_1_0_5_i_148/O
                         net (fo=2, routed)           0.687    17.161    top/teaching_board_top/target/rd2serial/ram_mask_reg_0_1_0_5_i_148_n_0
    SLICE_X59Y58         LUT5 (Prop_lut5_I3_O)        0.124    17.285 r  top/teaching_board_top/target/rd2serial/ram_mask_reg_0_1_0_5_i_152/O
                         net (fo=2, routed)           0.633    17.918    top/teaching_board_top/target/rd2serial/ram_mask_reg_0_1_0_5_i_152_n_0
    SLICE_X59Y57         LUT6 (Prop_lut6_I1_O)        0.124    18.042 r  top/teaching_board_top/target/rd2serial/ram_mask_reg_0_1_0_5_i_78/O
                         net (fo=3, routed)           0.486    18.528    top/teaching_board_top/target/rd2serial/ram_mask_reg_0_1_0_5_i_78_n_0
    SLICE_X59Y56         LUT6 (Prop_lut6_I5_O)        0.124    18.652 r  top/teaching_board_top/target/rd2serial/ram_mask_reg_0_1_0_5_i_69/O
                         net (fo=6, routed)           0.769    19.421    top/teaching_board_top/target/rd2serial/ram_mask_reg_0_1_0_5_i_69_n_0
    SLICE_X58Y53         LUT5 (Prop_lut5_I3_O)        0.150    19.571 r  top/teaching_board_top/target/rd2serial/ram_mask_reg_0_1_0_5_i_50/O
                         net (fo=4, routed)           0.597    20.169    top/teaching_board_top/target/rd2serial/ram_mask_reg_0_1_0_5_i_50_n_0
    SLICE_X58Y49         LUT5 (Prop_lut5_I2_O)        0.341    20.510 r  top/teaching_board_top/target/rd2serial/ram_mask_reg_0_1_0_5_i_36/O
                         net (fo=1, routed)           0.622    21.132    top/teaching_board_top/target/rd2serial/ram_mask_reg_0_1_0_5_i_36_n_0
    SLICE_X54Y49         CARRY4 (Prop_carry4_DI[2]_CO[3])
                                                      0.611    21.743 r  top/teaching_board_top/target/rd2serial/ram_mask_reg_0_1_0_5_i_27/CO[3]
                         net (fo=1, routed)           0.001    21.744    top/teaching_board_top/target/rd2serial/ram_mask_reg_0_1_0_5_i_27_n_0
    SLICE_X54Y50         CARRY4 (Prop_carry4_CI_CO[2])
                                                      0.229    21.973 f  top/teaching_board_top/target/rd2serial/ram_mask_reg_0_1_0_5_i_26/CO[2]
                         net (fo=1, routed)           0.630    22.602    top/teaching_board_top/target/rd2serial/_T_317[6]
    SLICE_X53Y49         LUT4 (Prop_lut4_I3_O)        0.310    22.912 f  top/teaching_board_top/target/rd2serial/ram_mask_reg_0_1_0_5_i_28/O
                         net (fo=1, routed)           0.263    23.175    top/teaching_board_top/target/rd2serial/ram_mask_reg_0_1_0_5_i_28_n_0
    SLICE_X53Y49         LUT4 (Prop_lut4_I3_O)        0.124    23.299 f  top/teaching_board_top/target/rd2serial/ram_mask_reg_0_1_0_5_i_20/O
                         net (fo=8, routed)           0.760    24.059    top/teaching_board_top/target/rd2serial/ram_mask_reg_0_1_0_5_i_20_n_0
    SLICE_X45Y47         LUT2 (Prop_lut2_I1_O)        0.118    24.177 r  top/teaching_board_top/target/rd2serial/req_address[2]_i_3/O
                         net (fo=6, routed)           1.391    25.568    top/teaching_board_top/target/sbus/system_bus_xbar/req_address_reg[2]_0
    SLICE_X25Y31         LUT6 (Prop_lut6_I3_O)        0.326    25.894 r  top/teaching_board_top/target/sbus/system_bus_xbar/req_address[2]_i_1/O
                         net (fo=8, routed)           0.729    26.623    top/teaching_board_top/target/sbus/system_bus_xbar/sbus_auto_coupler_to_mbus_nodelay_out_a_bits_address[2]
    SLICE_X21Y30         CARRY4 (Prop_carry4_DI[2]_CO[3])
                                                      0.398    27.021 r  top/teaching_board_top/target/sbus/system_bus_xbar/resvValid_reg_i_134/CO[3]
                         net (fo=1, routed)           0.000    27.021    top/teaching_board_top/target/sbus/system_bus_xbar/resvValid_reg_i_134_n_0
    SLICE_X21Y31         CARRY4 (Prop_carry4_CI_CO[3])
                                                      0.114    27.135 r  top/teaching_board_top/target/sbus/system_bus_xbar/resvValid_reg_i_128/CO[3]
                         net (fo=1, routed)           0.000    27.135    top/teaching_board_top/target/sbus/system_bus_xbar/resvValid_reg_i_128_n_0
    SLICE_X21Y32         CARRY4 (Prop_carry4_CI_CO[3])
                                                      0.114    27.249 r  top/teaching_board_top/target/sbus/system_bus_xbar/resvValid_reg_i_113/CO[3]
                         net (fo=1, routed)           0.000    27.249    top/teaching_board_top/target/sbus/system_bus_xbar/resvValid_reg_i_113_n_0
    SLICE_X21Y33         CARRY4 (Prop_carry4_CI_O[1])
                                                      0.334    27.583 r  top/teaching_board_top/target/sbus/system_bus_xbar/resvValid_reg_i_97/O[1]
                         net (fo=1, routed)           0.748    28.332    top/teaching_board_top/target/backend/resvValid_reg_i_60_0[1]
    SLICE_X22Y40         LUT2 (Prop_lut2_I1_O)        0.303    28.635 r  top/teaching_board_top/target/backend/resvValid_i_80/O
                         net (fo=1, routed)           0.000    28.635    top/teaching_board_top/target/backend/resvValid_i_80_n_0
    SLICE_X22Y40         CARRY4 (Prop_carry4_S[0]_CO[3])
                                                      0.513    29.148 r  top/teaching_board_top/target/backend/resvValid_reg_i_60/CO[3]
                         net (fo=1, routed)           0.000    29.148    top/teaching_board_top/target/backend/resvValid_reg_i_60_n_0
    SLICE_X22Y41         CARRY4 (Prop_carry4_CI_CO[3])
                                                      0.117    29.265 r  top/teaching_board_top/target/backend/resvValid_reg_i_44/CO[3]
                         net (fo=1, routed)           0.000    29.265    top/teaching_board_top/target/backend/resvValid_reg_i_44_n_0
    SLICE_X22Y42         CARRY4 (Prop_carry4_CI_CO[3])
                                                      0.117    29.382 r  top/teaching_board_top/target/backend/resvValid_reg_i_32/CO[3]
                         net (fo=1, routed)           0.000    29.382    top/teaching_board_top/target/backend/resvValid_reg_i_32_n_0
    SLICE_X22Y43         CARRY4 (Prop_carry4_CI_CO[3])
                                                      0.117    29.499 r  top/teaching_board_top/target/backend/resvValid_reg_i_21/CO[3]
                         net (fo=1, routed)           0.000    29.499    top/teaching_board_top/target/backend/resvValid_reg_i_21_n_0
    SLICE_X22Y44         CARRY4 (Prop_carry4_CI_CO[2])
                                                      0.229    29.728 f  top/teaching_board_top/target/backend/resvValid_reg_i_15/CO[2]
                         net (fo=1, routed)           0.432    30.160    top/teaching_board_top/target/sbus/system_bus_xbar/CO[0]
    SLICE_X22Y45         LUT6 (Prop_lut6_I4_O)        0.310    30.470 r  top/teaching_board_top/target/sbus/system_bus_xbar/resvValid_i_6/O
                         net (fo=1, routed)           0.301    30.770    top/teaching_board_top/target/sbus_n_504
    SLICE_X21Y45         LUT6 (Prop_lut6_I4_O)        0.124    30.894 r  top/teaching_board_top/target/resvValid_i_1/O
                         net (fo=1, routed)           0.000    30.894    top/teaching_board_top/target/backend/resvValid_reg_1
    SLICE_X21Y45         FDRE                                         r  top/teaching_board_top/target/backend/resvValid_reg/D
  -------------------------------------------------------------------    -------------------

                         (clock host_clk_i rise edge)
                                                     25.000    25.000 r  
    H16                                               0.000    25.000 r  clk (IN)
                         net (fo=0)                   0.000    25.000    clk
    H16                  IBUF (Prop_ibuf_I_O)         1.380    26.380 r  ibufg_gclk/O
                         net (fo=1, routed)           1.162    27.542    gclk_i
    MMCME2_ADV_X1Y2      MMCME2_ADV (Prop_mmcme2_adv_CLKIN1_CLKOUT0)
                                                      0.083    27.625 r  MMCME2_BASE_inst/CLKOUT0
                         net (fo=1, routed)           2.012    29.637    host_clk_i
    BUFGCTRL_X0Y16       BUFG (Prop_bufg_I_O)         0.091    29.728 r  bufg_host_clk/O
                         net (fo=7403, routed)        1.579    31.308    top/teaching_board_top/target/backend/host_clk
    SLICE_X21Y45         FDRE                                         r  top/teaching_board_top/target/backend/resvValid_reg/C
                         clock pessimism              0.416    31.724    
                         clock uncertainty           -0.082    31.642    
    SLICE_X21Y45         FDRE (Setup_fdre_C_D)        0.031    31.673    top/teaching_board_top/target/backend/resvValid_reg
  -------------------------------------------------------------------
                         required time                         31.673    
                         arrival time                         -30.894    
  -------------------------------------------------------------------
                         slack                                  0.779    

Slack (MET) :             2.061ns  (required time - arrival time)
  Source:                 top/teaching_board_top/target/rd2serial/addr_reg[4]/C
                            (rising edge-triggered cell FDRE clocked by host_clk_i  {rise@0.000ns fall@12.500ns period=25.000ns})
  Destination:            top/teaching_board_top/target/bh/TLBroadcastTracker/o_data/ram_mask_reg_0_7_0_5/RAMA/I
                            (rising edge-triggered cell RAMD32 clocked by host_clk_i  {rise@0.000ns fall@12.500ns period=25.000ns})
  Path Group:             host_clk_i
  Path Type:              Setup (Max at Slow Process Corner)
  Requirement:            25.000ns  (host_clk_i rise@25.000ns - host_clk_i rise@0.000ns)
  Data Path Delay:        22.489ns  (logic 8.920ns (39.664%)  route 13.569ns (60.336%))
  Logic Levels:           36  (CARRY4=19 LUT2=1 LUT3=2 LUT4=5 LUT5=3 LUT6=6)
  Clock Path Skew:        -0.207ns (DCD - SCD + CPR)
    Destination Clock Delay (DCD):    6.250ns = ( 31.250 - 25.000 ) 
    Source Clock Delay      (SCD):    6.860ns
    Clock Pessimism Removal (CPR):    0.402ns
  Clock Uncertainty:      0.082ns  ((TSJ^2 + DJ^2)^1/2) / 2 + PE
    Total System Jitter     (TSJ):    0.071ns
    Discrete Jitter          (DJ):    0.147ns
    Phase Error              (PE):    0.000ns

    Location             Delay type                Incr(ns)  Path(ns)    Netlist Resource(s)
  -------------------------------------------------------------------    -------------------
                         (clock host_clk_i rise edge)
                                                      0.000     0.000 r  
    H16                                               0.000     0.000 r  clk (IN)
                         net (fo=0)                   0.000     0.000    clk
    H16                  IBUF (Prop_ibuf_I_O)         1.451     1.451 r  ibufg_gclk/O
                         net (fo=1, routed)           1.285     2.736    gclk_i
    MMCME2_ADV_X1Y2      MMCME2_ADV (Prop_mmcme2_adv_CLKIN1_CLKOUT0)
                                                      0.088     2.824 r  MMCME2_BASE_inst/CLKOUT0
                         net (fo=1, routed)           2.206     5.030    host_clk_i
    BUFGCTRL_X0Y16       BUFG (Prop_bufg_I_O)         0.101     5.131 r  bufg_host_clk/O
                         net (fo=7403, routed)        1.729     6.860    top/teaching_board_top/target/rd2serial/host_clk
    SLICE_X57Y44         FDRE                                         r  top/teaching_board_top/target/rd2serial/addr_reg[4]/C
  -------------------------------------------------------------------    -------------------
    SLICE_X57Y44         FDRE (Prop_fdre_C_Q)         0.456     7.316 r  top/teaching_board_top/target/rd2serial/addr_reg[4]/Q
                         net (fo=5, routed)           0.619     7.935    top/teaching_board_top/target/rd2serial/addr_reg[31]_0[1]
    SLICE_X55Y44         CARRY4 (Prop_carry4_S[0]_CO[3])
                                                      0.656     8.591 r  top/teaching_board_top/target/rd2serial/addr_reg[7]_i_2/CO[3]
                         net (fo=1, routed)           0.000     8.591    top/teaching_board_top/target/rd2serial/addr_reg[7]_i_2_n_0
    SLICE_X55Y45         CARRY4 (Prop_carry4_CI_CO[3])
                                                      0.114     8.705 r  top/teaching_board_top/target/rd2serial/addr_reg[11]_i_2/CO[3]
                         net (fo=1, routed)           0.000     8.705    top/teaching_board_top/target/rd2serial/addr_reg[11]_i_2_n_0
    SLICE_X55Y46         CARRY4 (Prop_carry4_CI_CO[3])
                                                      0.114     8.819 r  top/teaching_board_top/target/rd2serial/addr_reg[15]_i_2/CO[3]
                         net (fo=1, routed)           0.000     8.819    top/teaching_board_top/target/rd2serial/addr_reg[15]_i_2_n_0
    SLICE_X55Y47         CARRY4 (Prop_carry4_CI_CO[3])
                                                      0.114     8.933 r  top/teaching_board_top/target/rd2serial/addr_reg[19]_i_2/CO[3]
                         net (fo=1, routed)           0.000     8.933    top/teaching_board_top/target/rd2serial/addr_reg[19]_i_2_n_0
    SLICE_X55Y48         CARRY4 (Prop_carry4_CI_CO[3])
                                                      0.114     9.047 r  top/teaching_board_top/target/rd2serial/addr_reg[23]_i_2/CO[3]
                         net (fo=1, routed)           0.000     9.047    top/teaching_board_top/target/rd2serial/addr_reg[23]_i_2_n_0
    SLICE_X55Y49         CARRY4 (Prop_carry4_CI_CO[3])
                                                      0.114     9.161 r  top/teaching_board_top/target/rd2serial/addr_reg[27]_i_2/CO[3]
                         net (fo=1, routed)           0.001     9.161    top/teaching_board_top/target/rd2serial/addr_reg[27]_i_2_n_0
    SLICE_X55Y50         CARRY4 (Prop_carry4_CI_O[1])
                                                      0.334     9.495 r  top/teaching_board_top/target/rd2serial/addr_reg[31]_i_6/O[1]
                         net (fo=3, routed)           0.556    10.051    top/teaching_board_top/target/rd2serial/_GEN_86[29]
    SLICE_X56Y50         CARRY4 (Prop_carry4_DI[1]_CO[3])
                                                      0.686    10.737 r  top/teaching_board_top/target/rd2serial/ram_mask_reg_0_1_0_5_i_101/CO[3]
                         net (fo=1, routed)           0.000    10.737    top/teaching_board_top/target/rd2serial/ram_mask_reg_0_1_0_5_i_101_n_0
    SLICE_X56Y51         CARRY4 (Prop_carry4_CI_CO[3])
                                                      0.114    10.851 r  top/teaching_board_top/target/rd2serial/ram_mask_reg_0_1_0_5_i_105/CO[3]
                         net (fo=1, routed)           0.000    10.851    top/teaching_board_top/target/rd2serial/ram_mask_reg_0_1_0_5_i_105_n_0
    SLICE_X56Y52         CARRY4 (Prop_carry4_CI_CO[3])
                                                      0.114    10.965 r  top/teaching_board_top/target/rd2serial/req_size_reg[1]_i_64/CO[3]
                         net (fo=1, routed)           0.000    10.965    top/teaching_board_top/target/rd2serial/req_size_reg[1]_i_64_n_0
    SLICE_X56Y53         CARRY4 (Prop_carry4_CI_CO[3])
                                                      0.114    11.079 r  top/teaching_board_top/target/rd2serial/req_size_reg[1]_i_60/CO[3]
                         net (fo=1, routed)           0.000    11.079    top/teaching_board_top/target/rd2serial/req_size_reg[1]_i_60_n_0
    SLICE_X56Y54         CARRY4 (Prop_carry4_CI_CO[3])
                                                      0.114    11.193 r  top/teaching_board_top/target/rd2serial/req_size_reg[1]_i_59/CO[3]
                         net (fo=1, routed)           0.000    11.193    top/teaching_board_top/target/rd2serial/req_size_reg[1]_i_59_n_0
    SLICE_X56Y55         CARRY4 (Prop_carry4_CI_CO[3])
                                                      0.114    11.307 r  top/teaching_board_top/target/rd2serial/req_size_reg[1]_i_37/CO[3]
                         net (fo=1, routed)           0.000    11.307    top/teaching_board_top/target/rd2serial/req_size_reg[1]_i_37_n_0
    SLICE_X56Y56         CARRY4 (Prop_carry4_CI_CO[3])
                                                      0.114    11.421 r  top/teaching_board_top/target/rd2serial/req_size_reg[1]_i_34/CO[3]
                         net (fo=1, routed)           0.000    11.421    top/teaching_board_top/target/rd2serial/req_size_reg[1]_i_34_n_0
    SLICE_X56Y57         CARRY4 (Prop_carry4_CI_O[1])
                                                      0.334    11.755 r  top/teaching_board_top/target/rd2serial/req_size_reg[1]_i_31/O[1]
                         net (fo=8, routed)           0.821    12.576    top/teaching_board_top/target/rd2serial/_GEN_87[57]
    SLICE_X57Y55         LUT4 (Prop_lut4_I1_O)        0.303    12.879 r  top/teaching_board_top/target/rd2serial/req_size[1]_i_87/O
                         net (fo=1, routed)           0.000    12.879    top/teaching_board_top/target/rd2serial/req_size[1]_i_87_n_0
    SLICE_X57Y55         CARRY4 (Prop_carry4_S[0]_CO[3])
                                                      0.532    13.411 r  top/teaching_board_top/target/rd2serial/req_size_reg[1]_i_45/CO[3]
                         net (fo=1, routed)           0.000    13.411    top/teaching_board_top/target/rd2serial/req_size_reg[1]_i_45_n_0
    SLICE_X57Y56         CARRY4 (Prop_carry4_CI_CO[0])
                                                      0.271    13.682 r  top/teaching_board_top/target/rd2serial/req_size_reg[1]_i_18/CO[0]
                         net (fo=163, routed)         0.885    14.568    top/teaching_board_top/target/rd2serial/_T_174
    SLICE_X58Y50         LUT3 (Prop_lut3_I1_O)        0.366    14.934 r  top/teaching_board_top/target/rd2serial/ram_mask_reg_0_1_0_5_i_211/O
                         net (fo=1, routed)           0.421    15.355    top/teaching_board_top/target/rd2serial/ram_mask_reg_0_1_0_5_i_211_n_0
    SLICE_X58Y52         LUT6 (Prop_lut6_I5_O)        0.331    15.686 f  top/teaching_board_top/target/rd2serial/ram_mask_reg_0_1_0_5_i_177/O
                         net (fo=2, routed)           0.664    16.349    top/teaching_board_top/target/rd2serial/ram_mask_reg_0_1_0_5_i_177_n_0
    SLICE_X58Y54         LUT3 (Prop_lut3_I2_O)        0.124    16.473 r  top/teaching_board_top/target/rd2serial/ram_mask_reg_0_1_0_5_i_148/O
                         net (fo=2, routed)           0.687    17.161    top/teaching_board_top/target/rd2serial/ram_mask_reg_0_1_0_5_i_148_n_0
    SLICE_X59Y58         LUT5 (Prop_lut5_I3_O)        0.124    17.285 r  top/teaching_board_top/target/rd2serial/ram_mask_reg_0_1_0_5_i_152/O
                         net (fo=2, routed)           0.633    17.918    top/teaching_board_top/target/rd2serial/ram_mask_reg_0_1_0_5_i_152_n_0
    SLICE_X59Y57         LUT6 (Prop_lut6_I1_O)        0.124    18.042 r  top/teaching_board_top/target/rd2serial/ram_mask_reg_0_1_0_5_i_78/O
                         net (fo=3, routed)           0.486    18.528    top/teaching_board_top/target/rd2serial/ram_mask_reg_0_1_0_5_i_78_n_0
    SLICE_X59Y56         LUT6 (Prop_lut6_I5_O)        0.124    18.652 r  top/teaching_board_top/target/rd2serial/ram_mask_reg_0_1_0_5_i_69/O
                         net (fo=6, routed)           0.769    19.421    top/teaching_board_top/target/rd2serial/ram_mask_reg_0_1_0_5_i_69_n_0
    SLICE_X58Y53         LUT5 (Prop_lut5_I3_O)        0.150    19.571 r  top/teaching_board_top/target/rd2serial/ram_mask_reg_0_1_0_5_i_50/O
                         net (fo=4, routed)           0.597    20.169    top/teaching_board_top/target/rd2serial/ram_mask_reg_0_1_0_5_i_50_n_0
    SLICE_X58Y49         LUT5 (Prop_lut5_I2_O)        0.341    20.510 r  top/teaching_board_top/target/rd2serial/ram_mask_reg_0_1_0_5_i_36/O
                         net (fo=1, routed)           0.622    21.132    top/teaching_board_top/target/rd2serial/ram_mask_reg_0_1_0_5_i_36_n_0
    SLICE_X54Y49         CARRY4 (Prop_carry4_DI[2]_CO[3])
                                                      0.611    21.743 r  top/teaching_board_top/target/rd2serial/ram_mask_reg_0_1_0_5_i_27/CO[3]
                         net (fo=1, routed)           0.001    21.744    top/teaching_board_top/target/rd2serial/ram_mask_reg_0_1_0_5_i_27_n_0
    SLICE_X54Y50         CARRY4 (Prop_carry4_CI_CO[2])
                                                      0.229    21.973 r  top/teaching_board_top/target/rd2serial/ram_mask_reg_0_1_0_5_i_26/CO[2]
                         net (fo=1, routed)           0.630    22.602    top/teaching_board_top/target/rd2serial/_T_317[6]
    SLICE_X53Y49         LUT4 (Prop_lut4_I3_O)        0.310    22.912 r  top/teaching_board_top/target/rd2serial/ram_mask_reg_0_1_0_5_i_28/O
                         net (fo=1, routed)           0.263    23.175    top/teaching_board_top/target/rd2serial/ram_mask_reg_0_1_0_5_i_28_n_0
    SLICE_X53Y49         LUT4 (Prop_lut4_I3_O)        0.124    23.299 r  top/teaching_board_top/target/rd2serial/ram_mask_reg_0_1_0_5_i_20/O
                         net (fo=8, routed)           0.760    24.059    top/teaching_board_top/target/rd2serial/ram_mask_reg_0_1_0_5_i_20_n_0
    SLICE_X45Y47         LUT2 (Prop_lut2_I1_O)        0.118    24.177 f  top/teaching_board_top/target/rd2serial/req_address[2]_i_3/O
                         net (fo=6, routed)           0.654    24.830    top/teaching_board_top/target/rd2serial/addr_reg[2]_0
    SLICE_X44Y46         LUT4 (Prop_lut4_I2_O)        0.320    25.150 r  top/teaching_board_top/target/rd2serial/ram_mask_reg_0_1_0_5_i_29/O
                         net (fo=1, routed)           0.436    25.587    top/teaching_board_top/target/rd2serial/ram_mask_reg_0_1_0_5_i_29_n_0
    SLICE_X44Y46         LUT6 (Prop_lut6_I4_O)        0.326    25.913 r  top/teaching_board_top/target/rd2serial/ram_mask_reg_0_1_0_5_i_21/O
                         net (fo=2, routed)           0.429    26.342    top/teaching_board_top/target/rd2serial/ram_mask_reg_0_1_0_5_i_21_n_0
    SLICE_X44Y45         LUT6 (Prop_lut6_I0_O)        0.124    26.466 r  top/teaching_board_top/target/rd2serial/ram_mask_reg_0_1_0_5_i_10__0/O
                         net (fo=2, routed)           0.632    27.098    top/teaching_board_top/target/sbus/system_bus_xbar/rd2serial_auto_out_a_bits_mask[0]
    SLICE_X43Y39         LUT4 (Prop_lut4_I2_O)        0.124    27.222 r  top/teaching_board_top/target/sbus/system_bus_xbar/req_mask[0]_i_1/O
                         net (fo=2, routed)           0.930    28.152    top/teaching_board_top/target/backend/req_mask_reg[0]_0
    SLICE_X37Y53         LUT6 (Prop_lut6_I0_O)        0.124    28.276 r  top/teaching_board_top/target/backend/ram_mask_reg_0_7_0_5_i_2/O
                         net (fo=4, routed)           1.073    29.349    top/teaching_board_top/target/bh/TLBroadcastTracker/o_data/ram_mask_reg_0_7_0_5/DIA0
    SLICE_X26Y51         RAMD32                                       r  top/teaching_board_top/target/bh/TLBroadcastTracker/o_data/ram_mask_reg_0_7_0_5/RAMA/I
  -------------------------------------------------------------------    -------------------

                         (clock host_clk_i rise edge)
                                                     25.000    25.000 r  
    H16                                               0.000    25.000 r  clk (IN)
                         net (fo=0)                   0.000    25.000    clk
    H16                  IBUF (Prop_ibuf_I_O)         1.380    26.380 r  ibufg_gclk/O
                         net (fo=1, routed)           1.162    27.542    gclk_i
    MMCME2_ADV_X1Y2      MMCME2_ADV (Prop_mmcme2_adv_CLKIN1_CLKOUT0)
                                                      0.083    27.625 r  MMCME2_BASE_inst/CLKOUT0
                         net (fo=1, routed)           2.012    29.637    host_clk_i
    BUFGCTRL_X0Y16       BUFG (Prop_bufg_I_O)         0.091    29.728 r  bufg_host_clk/O
                         net (fo=7403, routed)        1.522    31.250    top/teaching_board_top/target/bh/TLBroadcastTracker/o_data/ram_mask_reg_0_7_0_5/WCLK
    SLICE_X26Y51         RAMD32                                       r  top/teaching_board_top/target/bh/TLBroadcastTracker/o_data/ram_mask_reg_0_7_0_5/RAMA/CLK
                         clock pessimism              0.402    31.652    
                         clock uncertainty           -0.082    31.571    
    SLICE_X26Y51         RAMD32 (Setup_ramd32_CLK_I)
                                                     -0.161    31.410    top/teaching_board_top/target/bh/TLBroadcastTracker/o_data/ram_mask_reg_0_7_0_5/RAMA
  -------------------------------------------------------------------
                         required time                         31.410    
                         arrival time                         -29.349    
  -------------------------------------------------------------------
                         slack                                  2.061    

Slack (MET) :             2.202ns  (required time - arrival time)
  Source:                 top/teaching_board_top/target/rd2serial/addr_reg[4]/C
                            (rising edge-triggered cell FDRE clocked by host_clk_i  {rise@0.000ns fall@12.500ns period=25.000ns})
  Destination:            top/teaching_board_top/target/bh/TLBroadcastTracker_1/o_data/ram_mask_reg_0_7_0_5/RAMA/I
                            (rising edge-triggered cell RAMD32 clocked by host_clk_i  {rise@0.000ns fall@12.500ns period=25.000ns})
  Path Group:             host_clk_i
  Path Type:              Setup (Max at Slow Process Corner)
  Requirement:            25.000ns  (host_clk_i rise@25.000ns - host_clk_i rise@0.000ns)
  Data Path Delay:        22.348ns  (logic 8.920ns (39.914%)  route 13.428ns (60.086%))
  Logic Levels:           36  (CARRY4=19 LUT2=1 LUT3=2 LUT4=5 LUT5=3 LUT6=6)
  Clock Path Skew:        -0.207ns (DCD - SCD + CPR)
    Destination Clock Delay (DCD):    6.250ns = ( 31.250 - 25.000 ) 
    Source Clock Delay      (SCD):    6.860ns
    Clock Pessimism Removal (CPR):    0.402ns
  Clock Uncertainty:      0.082ns  ((TSJ^2 + DJ^2)^1/2) / 2 + PE
    Total System Jitter     (TSJ):    0.071ns
    Discrete Jitter          (DJ):    0.147ns
    Phase Error              (PE):    0.000ns

    Location             Delay type                Incr(ns)  Path(ns)    Netlist Resource(s)
  -------------------------------------------------------------------    -------------------
                         (clock host_clk_i rise edge)
                                                      0.000     0.000 r  
    H16                                               0.000     0.000 r  clk (IN)
                         net (fo=0)                   0.000     0.000    clk
    H16                  IBUF (Prop_ibuf_I_O)         1.451     1.451 r  ibufg_gclk/O
                         net (fo=1, routed)           1.285     2.736    gclk_i
    MMCME2_ADV_X1Y2      MMCME2_ADV (Prop_mmcme2_adv_CLKIN1_CLKOUT0)
                                                      0.088     2.824 r  MMCME2_BASE_inst/CLKOUT0
                         net (fo=1, routed)           2.206     5.030    host_clk_i
    BUFGCTRL_X0Y16       BUFG (Prop_bufg_I_O)         0.101     5.131 r  bufg_host_clk/O
                         net (fo=7403, routed)        1.729     6.860    top/teaching_board_top/target/rd2serial/host_clk
    SLICE_X57Y44         FDRE                                         r  top/teaching_board_top/target/rd2serial/addr_reg[4]/C
  -------------------------------------------------------------------    -------------------
    SLICE_X57Y44         FDRE (Prop_fdre_C_Q)         0.456     7.316 r  top/teaching_board_top/target/rd2serial/addr_reg[4]/Q
                         net (fo=5, routed)           0.619     7.935    top/teaching_board_top/target/rd2serial/addr_reg[31]_0[1]
    SLICE_X55Y44         CARRY4 (Prop_carry4_S[0]_CO[3])
                                                      0.656     8.591 r  top/teaching_board_top/target/rd2serial/addr_reg[7]_i_2/CO[3]
                         net (fo=1, routed)           0.000     8.591    top/teaching_board_top/target/rd2serial/addr_reg[7]_i_2_n_0
    SLICE_X55Y45         CARRY4 (Prop_carry4_CI_CO[3])
                                                      0.114     8.705 r  top/teaching_board_top/target/rd2serial/addr_reg[11]_i_2/CO[3]
                         net (fo=1, routed)           0.000     8.705    top/teaching_board_top/target/rd2serial/addr_reg[11]_i_2_n_0
    SLICE_X55Y46         CARRY4 (Prop_carry4_CI_CO[3])
                                                      0.114     8.819 r  top/teaching_board_top/target/rd2serial/addr_reg[15]_i_2/CO[3]
                         net (fo=1, routed)           0.000     8.819    top/teaching_board_top/target/rd2serial/addr_reg[15]_i_2_n_0
    SLICE_X55Y47         CARRY4 (Prop_carry4_CI_CO[3])
                                                      0.114     8.933 r  top/teaching_board_top/target/rd2serial/addr_reg[19]_i_2/CO[3]
                         net (fo=1, routed)           0.000     8.933    top/teaching_board_top/target/rd2serial/addr_reg[19]_i_2_n_0
    SLICE_X55Y48         CARRY4 (Prop_carry4_CI_CO[3])
                                                      0.114     9.047 r  top/teaching_board_top/target/rd2serial/addr_reg[23]_i_2/CO[3]
                         net (fo=1, routed)           0.000     9.047    top/teaching_board_top/target/rd2serial/addr_reg[23]_i_2_n_0
    SLICE_X55Y49         CARRY4 (Prop_carry4_CI_CO[3])
                                                      0.114     9.161 r  top/teaching_board_top/target/rd2serial/addr_reg[27]_i_2/CO[3]
                         net (fo=1, routed)           0.001     9.161    top/teaching_board_top/target/rd2serial/addr_reg[27]_i_2_n_0
    SLICE_X55Y50         CARRY4 (Prop_carry4_CI_O[1])
                                                      0.334     9.495 r  top/teaching_board_top/target/rd2serial/addr_reg[31]_i_6/O[1]
                         net (fo=3, routed)           0.556    10.051    top/teaching_board_top/target/rd2serial/_GEN_86[29]
    SLICE_X56Y50         CARRY4 (Prop_carry4_DI[1]_CO[3])
                                                      0.686    10.737 r  top/teaching_board_top/target/rd2serial/ram_mask_reg_0_1_0_5_i_101/CO[3]
                         net (fo=1, routed)           0.000    10.737    top/teaching_board_top/target/rd2serial/ram_mask_reg_0_1_0_5_i_101_n_0
    SLICE_X56Y51         CARRY4 (Prop_carry4_CI_CO[3])
                                                      0.114    10.851 r  top/teaching_board_top/target/rd2serial/ram_mask_reg_0_1_0_5_i_105/CO[3]
                         net (fo=1, routed)           0.000    10.851    top/teaching_board_top/target/rd2serial/ram_mask_reg_0_1_0_5_i_105_n_0
    SLICE_X56Y52         CARRY4 (Prop_carry4_CI_CO[3])
                                                      0.114    10.965 r  top/teaching_board_top/target/rd2serial/req_size_reg[1]_i_64/CO[3]
                         net (fo=1, routed)           0.000    10.965    top/teaching_board_top/target/rd2serial/req_size_reg[1]_i_64_n_0
    SLICE_X56Y53         CARRY4 (Prop_carry4_CI_CO[3])
                                                      0.114    11.079 r  top/teaching_board_top/target/rd2serial/req_size_reg[1]_i_60/CO[3]
                         net (fo=1, routed)           0.000    11.079    top/teaching_board_top/target/rd2serial/req_size_reg[1]_i_60_n_0
    SLICE_X56Y54         CARRY4 (Prop_carry4_CI_CO[3])
                                                      0.114    11.193 r  top/teaching_board_top/target/rd2serial/req_size_reg[1]_i_59/CO[3]
                         net (fo=1, routed)           0.000    11.193    top/teaching_board_top/target/rd2serial/req_size_reg[1]_i_59_n_0
    SLICE_X56Y55         CARRY4 (Prop_carry4_CI_CO[3])
                                                      0.114    11.307 r  top/teaching_board_top/target/rd2serial/req_size_reg[1]_i_37/CO[3]
                         net (fo=1, routed)           0.000    11.307    top/teaching_board_top/target/rd2serial/req_size_reg[1]_i_37_n_0
    SLICE_X56Y56         CARRY4 (Prop_carry4_CI_CO[3])
                                                      0.114    11.421 r  top/teaching_board_top/target/rd2serial/req_size_reg[1]_i_34/CO[3]
                         net (fo=1, routed)           0.000    11.421    top/teaching_board_top/target/rd2serial/req_size_reg[1]_i_34_n_0
    SLICE_X56Y57         CARRY4 (Prop_carry4_CI_O[1])
                                                      0.334    11.755 r  top/teaching_board_top/target/rd2serial/req_size_reg[1]_i_31/O[1]
                         net (fo=8, routed)           0.821    12.576    top/teaching_board_top/target/rd2serial/_GEN_87[57]
    SLICE_X57Y55         LUT4 (Prop_lut4_I1_O)        0.303    12.879 r  top/teaching_board_top/target/rd2serial/req_size[1]_i_87/O
                         net (fo=1, routed)           0.000    12.879    top/teaching_board_top/target/rd2serial/req_size[1]_i_87_n_0
    SLICE_X57Y55         CARRY4 (Prop_carry4_S[0]_CO[3])
                                                      0.532    13.411 r  top/teaching_board_top/target/rd2serial/req_size_reg[1]_i_45/CO[3]
                         net (fo=1, routed)           0.000    13.411    top/teaching_board_top/target/rd2serial/req_size_reg[1]_i_45_n_0
    SLICE_X57Y56         CARRY4 (Prop_carry4_CI_CO[0])
                                                      0.271    13.682 r  top/teaching_board_top/target/rd2serial/req_size_reg[1]_i_18/CO[0]
                         net (fo=163, routed)         0.885    14.568    top/teaching_board_top/target/rd2serial/_T_174
    SLICE_X58Y50         LUT3 (Prop_lut3_I1_O)        0.366    14.934 r  top/teaching_board_top/target/rd2serial/ram_mask_reg_0_1_0_5_i_211/O
                         net (fo=1, routed)           0.421    15.355    top/teaching_board_top/target/rd2serial/ram_mask_reg_0_1_0_5_i_211_n_0
    SLICE_X58Y52         LUT6 (Prop_lut6_I5_O)        0.331    15.686 f  top/teaching_board_top/target/rd2serial/ram_mask_reg_0_1_0_5_i_177/O
                         net (fo=2, routed)           0.664    16.349    top/teaching_board_top/target/rd2serial/ram_mask_reg_0_1_0_5_i_177_n_0
    SLICE_X58Y54         LUT3 (Prop_lut3_I2_O)        0.124    16.473 r  top/teaching_board_top/target/rd2serial/ram_mask_reg_0_1_0_5_i_148/O
                         net (fo=2, routed)           0.687    17.161    top/teaching_board_top/target/rd2serial/ram_mask_reg_0_1_0_5_i_148_n_0
    SLICE_X59Y58         LUT5 (Prop_lut5_I3_O)        0.124    17.285 r  top/teaching_board_top/target/rd2serial/ram_mask_reg_0_1_0_5_i_152/O
                         net (fo=2, routed)           0.633    17.918    top/teaching_board_top/target/rd2serial/ram_mask_reg_0_1_0_5_i_152_n_0
    SLICE_X59Y57         LUT6 (Prop_lut6_I1_O)        0.124    18.042 r  top/teaching_board_top/target/rd2serial/ram_mask_reg_0_1_0_5_i_78/O
                         net (fo=3, routed)           0.486    18.528    top/teaching_board_top/target/rd2serial/ram_mask_reg_0_1_0_5_i_78_n_0
    SLICE_X59Y56         LUT6 (Prop_lut6_I5_O)        0.124    18.652 r  top/teaching_board_top/target/rd2serial/ram_mask_reg_0_1_0_5_i_69/O
                         net (fo=6, routed)           0.769    19.421    top/teaching_board_top/target/rd2serial/ram_mask_reg_0_1_0_5_i_69_n_0
    SLICE_X58Y53         LUT5 (Prop_lut5_I3_O)        0.150    19.571 r  top/teaching_board_top/target/rd2serial/ram_mask_reg_0_1_0_5_i_50/O
                         net (fo=4, routed)           0.597    20.169    top/teaching_board_top/target/rd2serial/ram_mask_reg_0_1_0_5_i_50_n_0
    SLICE_X58Y49         LUT5 (Prop_lut5_I2_O)        0.341    20.510 r  top/teaching_board_top/target/rd2serial/ram_mask_reg_0_1_0_5_i_36/O
                         net (fo=1, routed)           0.622    21.132    top/teaching_board_top/target/rd2serial/ram_mask_reg_0_1_0_5_i_36_n_0
    SLICE_X54Y49         CARRY4 (Prop_carry4_DI[2]_CO[3])
                                                      0.611    21.743 r  top/teaching_board_top/target/rd2serial/ram_mask_reg_0_1_0_5_i_27/CO[3]
                         net (fo=1, routed)           0.001    21.744    top/teaching_board_top/target/rd2serial/ram_mask_reg_0_1_0_5_i_27_n_0
    SLICE_X54Y50         CARRY4 (Prop_carry4_CI_CO[2])
                                                      0.229    21.973 r  top/teaching_board_top/target/rd2serial/ram_mask_reg_0_1_0_5_i_26/CO[2]
                         net (fo=1, routed)           0.630    22.602    top/teaching_board_top/target/rd2serial/_T_317[6]
    SLICE_X53Y49         LUT4 (Prop_lut4_I3_O)        0.310    22.912 r  top/teaching_board_top/target/rd2serial/ram_mask_reg_0_1_0_5_i_28/O
                         net (fo=1, routed)           0.263    23.175    top/teaching_board_top/target/rd2serial/ram_mask_reg_0_1_0_5_i_28_n_0
    SLICE_X53Y49         LUT4 (Prop_lut4_I3_O)        0.124    23.299 r  top/teaching_board_top/target/rd2serial/ram_mask_reg_0_1_0_5_i_20/O
                         net (fo=8, routed)           0.760    24.059    top/teaching_board_top/target/rd2serial/ram_mask_reg_0_1_0_5_i_20_n_0
    SLICE_X45Y47         LUT2 (Prop_lut2_I1_O)        0.118    24.177 f  top/teaching_board_top/target/rd2serial/req_address[2]_i_3/O
                         net (fo=6, routed)           0.654    24.830    top/teaching_board_top/target/rd2serial/addr_reg[2]_0
    SLICE_X44Y46         LUT4 (Prop_lut4_I2_O)        0.320    25.150 r  top/teaching_board_top/target/rd2serial/ram_mask_reg_0_1_0_5_i_29/O
                         net (fo=1, routed)           0.436    25.587    top/teaching_board_top/target/rd2serial/ram_mask_reg_0_1_0_5_i_29_n_0
    SLICE_X44Y46         LUT6 (Prop_lut6_I4_O)        0.326    25.913 r  top/teaching_board_top/target/rd2serial/ram_mask_reg_0_1_0_5_i_21/O
                         net (fo=2, routed)           0.429    26.342    top/teaching_board_top/target/rd2serial/ram_mask_reg_0_1_0_5_i_21_n_0
    SLICE_X44Y45         LUT6 (Prop_lut6_I0_O)        0.124    26.466 r  top/teaching_board_top/target/rd2serial/ram_mask_reg_0_1_0_5_i_10__0/O
                         net (fo=2, routed)           0.632    27.098    top/teaching_board_top/target/sbus/system_bus_xbar/rd2serial_auto_out_a_bits_mask[0]
    SLICE_X43Y39         LUT4 (Prop_lut4_I2_O)        0.124    27.222 r  top/teaching_board_top/target/sbus/system_bus_xbar/req_mask[0]_i_1/O
                         net (fo=2, routed)           0.930    28.152    top/teaching_board_top/target/backend/req_mask_reg[0]_0
    SLICE_X37Y53         LUT6 (Prop_lut6_I0_O)        0.124    28.276 r  top/teaching_board_top/target/backend/ram_mask_reg_0_7_0_5_i_2/O
                         net (fo=4, routed)           0.932    29.208    top/teaching_board_top/target/bh/TLBroadcastTracker_1/o_data/ram_mask_reg_0_7_0_5/DIA0
    SLICE_X26Y52         RAMD32                                       r  top/teaching_board_top/target/bh/TLBroadcastTracker_1/o_data/ram_mask_reg_0_7_0_5/RAMA/I
  -------------------------------------------------------------------    -------------------

                         (clock host_clk_i rise edge)
                                                     25.000    25.000 r  
    H16                                               0.000    25.000 r  clk (IN)
                         net (fo=0)                   0.000    25.000    clk
    H16                  IBUF (Prop_ibuf_I_O)         1.380    26.380 r  ibufg_gclk/O
                         net (fo=1, routed)           1.162    27.542    gclk_i
    MMCME2_ADV_X1Y2      MMCME2_ADV (Prop_mmcme2_adv_CLKIN1_CLKOUT0)
                                                      0.083    27.625 r  MMCME2_BASE_inst/CLKOUT0
                         net (fo=1, routed)           2.012    29.637    host_clk_i
    BUFGCTRL_X0Y16       BUFG (Prop_bufg_I_O)         0.091    29.728 r  bufg_host_clk/O
                         net (fo=7403, routed)        1.522    31.250    top/teaching_board_top/target/bh/TLBroadcastTracker_1/o_data/ram_mask_reg_0_7_0_5/WCLK
    SLICE_X26Y52         RAMD32                                       r  top/teaching_board_top/target/bh/TLBroadcastTracker_1/o_data/ram_mask_reg_0_7_0_5/RAMA/CLK
                         clock pessimism              0.402    31.652    
                         clock uncertainty           -0.082    31.571    
    SLICE_X26Y52         RAMD32 (Setup_ramd32_CLK_I)
                                                     -0.161    31.410    top/teaching_board_top/target/bh/TLBroadcastTracker_1/o_data/ram_mask_reg_0_7_0_5/RAMA
  -------------------------------------------------------------------
                         required time                         31.410    
                         arrival time                         -29.208    
  -------------------------------------------------------------------
                         slack                                  2.202    

Slack (MET) :             2.204ns  (required time - arrival time)
  Source:                 top/teaching_board_top/target/rd2serial/addr_reg[4]/C
                            (rising edge-triggered cell FDRE clocked by host_clk_i  {rise@0.000ns fall@12.500ns period=25.000ns})
  Destination:            top/teaching_board_top/target/bh/TLBroadcastTracker_2/o_data/ram_mask_reg_0_7_0_5/RAMA/I
                            (rising edge-triggered cell RAMD32 clocked by host_clk_i  {rise@0.000ns fall@12.500ns period=25.000ns})
  Path Group:             host_clk_i
  Path Type:              Setup (Max at Slow Process Corner)
  Requirement:            25.000ns  (host_clk_i rise@25.000ns - host_clk_i rise@0.000ns)
  Data Path Delay:        22.411ns  (logic 8.920ns (39.801%)  route 13.491ns (60.199%))
  Logic Levels:           36  (CARRY4=19 LUT2=1 LUT3=2 LUT4=5 LUT5=3 LUT6=6)
  Clock Path Skew:        -0.142ns (DCD - SCD + CPR)
    Destination Clock Delay (DCD):    6.302ns = ( 31.302 - 25.000 ) 
    Source Clock Delay      (SCD):    6.860ns
    Clock Pessimism Removal (CPR):    0.416ns
  Clock Uncertainty:      0.082ns  ((TSJ^2 + DJ^2)^1/2) / 2 + PE
    Total System Jitter     (TSJ):    0.071ns
    Discrete Jitter          (DJ):    0.147ns
    Phase Error              (PE):    0.000ns

    Location             Delay type                Incr(ns)  Path(ns)    Netlist Resource(s)
  -------------------------------------------------------------------    -------------------
                         (clock host_clk_i rise edge)
                                                      0.000     0.000 r  
    H16                                               0.000     0.000 r  clk (IN)
                         net (fo=0)                   0.000     0.000    clk
    H16                  IBUF (Prop_ibuf_I_O)         1.451     1.451 r  ibufg_gclk/O
                         net (fo=1, routed)           1.285     2.736    gclk_i
    MMCME2_ADV_X1Y2      MMCME2_ADV (Prop_mmcme2_adv_CLKIN1_CLKOUT0)
                                                      0.088     2.824 r  MMCME2_BASE_inst/CLKOUT0
                         net (fo=1, routed)           2.206     5.030    host_clk_i
    BUFGCTRL_X0Y16       BUFG (Prop_bufg_I_O)         0.101     5.131 r  bufg_host_clk/O
                         net (fo=7403, routed)        1.729     6.860    top/teaching_board_top/target/rd2serial/host_clk
    SLICE_X57Y44         FDRE                                         r  top/teaching_board_top/target/rd2serial/addr_reg[4]/C
  -------------------------------------------------------------------    -------------------
    SLICE_X57Y44         FDRE (Prop_fdre_C_Q)         0.456     7.316 r  top/teaching_board_top/target/rd2serial/addr_reg[4]/Q
                         net (fo=5, routed)           0.619     7.935    top/teaching_board_top/target/rd2serial/addr_reg[31]_0[1]
    SLICE_X55Y44         CARRY4 (Prop_carry4_S[0]_CO[3])
                                                      0.656     8.591 r  top/teaching_board_top/target/rd2serial/addr_reg[7]_i_2/CO[3]
                         net (fo=1, routed)           0.000     8.591    top/teaching_board_top/target/rd2serial/addr_reg[7]_i_2_n_0
    SLICE_X55Y45         CARRY4 (Prop_carry4_CI_CO[3])
                                                      0.114     8.705 r  top/teaching_board_top/target/rd2serial/addr_reg[11]_i_2/CO[3]
                         net (fo=1, routed)           0.000     8.705    top/teaching_board_top/target/rd2serial/addr_reg[11]_i_2_n_0
    SLICE_X55Y46         CARRY4 (Prop_carry4_CI_CO[3])
                                                      0.114     8.819 r  top/teaching_board_top/target/rd2serial/addr_reg[15]_i_2/CO[3]
                         net (fo=1, routed)           0.000     8.819    top/teaching_board_top/target/rd2serial/addr_reg[15]_i_2_n_0
    SLICE_X55Y47         CARRY4 (Prop_carry4_CI_CO[3])
                                                      0.114     8.933 r  top/teaching_board_top/target/rd2serial/addr_reg[19]_i_2/CO[3]
                         net (fo=1, routed)           0.000     8.933    top/teaching_board_top/target/rd2serial/addr_reg[19]_i_2_n_0
    SLICE_X55Y48         CARRY4 (Prop_carry4_CI_CO[3])
                                                      0.114     9.047 r  top/teaching_board_top/target/rd2serial/addr_reg[23]_i_2/CO[3]
                         net (fo=1, routed)           0.000     9.047    top/teaching_board_top/target/rd2serial/addr_reg[23]_i_2_n_0
    SLICE_X55Y49         CARRY4 (Prop_carry4_CI_CO[3])
                                                      0.114     9.161 r  top/teaching_board_top/target/rd2serial/addr_reg[27]_i_2/CO[3]
                         net (fo=1, routed)           0.001     9.161    top/teaching_board_top/target/rd2serial/addr_reg[27]_i_2_n_0
    SLICE_X55Y50         CARRY4 (Prop_carry4_CI_O[1])
                                                      0.334     9.495 r  top/teaching_board_top/target/rd2serial/addr_reg[31]_i_6/O[1]
                         net (fo=3, routed)           0.556    10.051    top/teaching_board_top/target/rd2serial/_GEN_86[29]
    SLICE_X56Y50         CARRY4 (Prop_carry4_DI[1]_CO[3])
                                                      0.686    10.737 r  top/teaching_board_top/target/rd2serial/ram_mask_reg_0_1_0_5_i_101/CO[3]
                         net (fo=1, routed)           0.000    10.737    top/teaching_board_top/target/rd2serial/ram_mask_reg_0_1_0_5_i_101_n_0
    SLICE_X56Y51         CARRY4 (Prop_carry4_CI_CO[3])
                                                      0.114    10.851 r  top/teaching_board_top/target/rd2serial/ram_mask_reg_0_1_0_5_i_105/CO[3]
                         net (fo=1, routed)           0.000    10.851    top/teaching_board_top/target/rd2serial/ram_mask_reg_0_1_0_5_i_105_n_0
    SLICE_X56Y52         CARRY4 (Prop_carry4_CI_CO[3])
                                                      0.114    10.965 r  top/teaching_board_top/target/rd2serial/req_size_reg[1]_i_64/CO[3]
                         net (fo=1, routed)           0.000    10.965    top/teaching_board_top/target/rd2serial/req_size_reg[1]_i_64_n_0
    SLICE_X56Y53         CARRY4 (Prop_carry4_CI_CO[3])
                                                      0.114    11.079 r  top/teaching_board_top/target/rd2serial/req_size_reg[1]_i_60/CO[3]
                         net (fo=1, routed)           0.000    11.079    top/teaching_board_top/target/rd2serial/req_size_reg[1]_i_60_n_0
    SLICE_X56Y54         CARRY4 (Prop_carry4_CI_CO[3])
                                                      0.114    11.193 r  top/teaching_board_top/target/rd2serial/req_size_reg[1]_i_59/CO[3]
                         net (fo=1, routed)           0.000    11.193    top/teaching_board_top/target/rd2serial/req_size_reg[1]_i_59_n_0
    SLICE_X56Y55         CARRY4 (Prop_carry4_CI_CO[3])
                                                      0.114    11.307 r  top/teaching_board_top/target/rd2serial/req_size_reg[1]_i_37/CO[3]
                         net (fo=1, routed)           0.000    11.307    top/teaching_board_top/target/rd2serial/req_size_reg[1]_i_37_n_0
    SLICE_X56Y56         CARRY4 (Prop_carry4_CI_CO[3])
                                                      0.114    11.421 r  top/teaching_board_top/target/rd2serial/req_size_reg[1]_i_34/CO[3]
                         net (fo=1, routed)           0.000    11.421    top/teaching_board_top/target/rd2serial/req_size_reg[1]_i_34_n_0
    SLICE_X56Y57         CARRY4 (Prop_carry4_CI_O[1])
                                                      0.334    11.755 r  top/teaching_board_top/target/rd2serial/req_size_reg[1]_i_31/O[1]
                         net (fo=8, routed)           0.821    12.576    top/teaching_board_top/target/rd2serial/_GEN_87[57]
    SLICE_X57Y55         LUT4 (Prop_lut4_I1_O)        0.303    12.879 r  top/teaching_board_top/target/rd2serial/req_size[1]_i_87/O
                         net (fo=1, routed)           0.000    12.879    top/teaching_board_top/target/rd2serial/req_size[1]_i_87_n_0
    SLICE_X57Y55         CARRY4 (Prop_carry4_S[0]_CO[3])
                                                      0.532    13.411 r  top/teaching_board_top/target/rd2serial/req_size_reg[1]_i_45/CO[3]
                         net (fo=1, routed)           0.000    13.411    top/teaching_board_top/target/rd2serial/req_size_reg[1]_i_45_n_0
    SLICE_X57Y56         CARRY4 (Prop_carry4_CI_CO[0])
                                                      0.271    13.682 r  top/teaching_board_top/target/rd2serial/req_size_reg[1]_i_18/CO[0]
                         net (fo=163, routed)         0.885    14.568    top/teaching_board_top/target/rd2serial/_T_174
    SLICE_X58Y50         LUT3 (Prop_lut3_I1_O)        0.366    14.934 r  top/teaching_board_top/target/rd2serial/ram_mask_reg_0_1_0_5_i_211/O
                         net (fo=1, routed)           0.421    15.355    top/teaching_board_top/target/rd2serial/ram_mask_reg_0_1_0_5_i_211_n_0
    SLICE_X58Y52         LUT6 (Prop_lut6_I5_O)        0.331    15.686 f  top/teaching_board_top/target/rd2serial/ram_mask_reg_0_1_0_5_i_177/O
                         net (fo=2, routed)           0.664    16.349    top/teaching_board_top/target/rd2serial/ram_mask_reg_0_1_0_5_i_177_n_0
    SLICE_X58Y54         LUT3 (Prop_lut3_I2_O)        0.124    16.473 r  top/teaching_board_top/target/rd2serial/ram_mask_reg_0_1_0_5_i_148/O
                         net (fo=2, routed)           0.687    17.161    top/teaching_board_top/target/rd2serial/ram_mask_reg_0_1_0_5_i_148_n_0
    SLICE_X59Y58         LUT5 (Prop_lut5_I3_O)        0.124    17.285 r  top/teaching_board_top/target/rd2serial/ram_mask_reg_0_1_0_5_i_152/O
                         net (fo=2, routed)           0.633    17.918    top/teaching_board_top/target/rd2serial/ram_mask_reg_0_1_0_5_i_152_n_0
    SLICE_X59Y57         LUT6 (Prop_lut6_I1_O)        0.124    18.042 r  top/teaching_board_top/target/rd2serial/ram_mask_reg_0_1_0_5_i_78/O
                         net (fo=3, routed)           0.486    18.528    top/teaching_board_top/target/rd2serial/ram_mask_reg_0_1_0_5_i_78_n_0
    SLICE_X59Y56         LUT6 (Prop_lut6_I5_O)        0.124    18.652 r  top/teaching_board_top/target/rd2serial/ram_mask_reg_0_1_0_5_i_69/O
                         net (fo=6, routed)           0.769    19.421    top/teaching_board_top/target/rd2serial/ram_mask_reg_0_1_0_5_i_69_n_0
    SLICE_X58Y53         LUT5 (Prop_lut5_I3_O)        0.150    19.571 r  top/teaching_board_top/target/rd2serial/ram_mask_reg_0_1_0_5_i_50/O
                         net (fo=4, routed)           0.597    20.169    top/teaching_board_top/target/rd2serial/ram_mask_reg_0_1_0_5_i_50_n_0
    SLICE_X58Y49         LUT5 (Prop_lut5_I2_O)        0.341    20.510 r  top/teaching_board_top/target/rd2serial/ram_mask_reg_0_1_0_5_i_36/O
                         net (fo=1, routed)           0.622    21.132    top/teaching_board_top/target/rd2serial/ram_mask_reg_0_1_0_5_i_36_n_0
    SLICE_X54Y49         CARRY4 (Prop_carry4_DI[2]_CO[3])
                                                      0.611    21.743 r  top/teaching_board_top/target/rd2serial/ram_mask_reg_0_1_0_5_i_27/CO[3]
                         net (fo=1, routed)           0.001    21.744    top/teaching_board_top/target/rd2serial/ram_mask_reg_0_1_0_5_i_27_n_0
    SLICE_X54Y50         CARRY4 (Prop_carry4_CI_CO[2])
                                                      0.229    21.973 r  top/teaching_board_top/target/rd2serial/ram_mask_reg_0_1_0_5_i_26/CO[2]
                         net (fo=1, routed)           0.630    22.602    top/teaching_board_top/target/rd2serial/_T_317[6]
    SLICE_X53Y49         LUT4 (Prop_lut4_I3_O)        0.310    22.912 r  top/teaching_board_top/target/rd2serial/ram_mask_reg_0_1_0_5_i_28/O
                         net (fo=1, routed)           0.263    23.175    top/teaching_board_top/target/rd2serial/ram_mask_reg_0_1_0_5_i_28_n_0
    SLICE_X53Y49         LUT4 (Prop_lut4_I3_O)        0.124    23.299 r  top/teaching_board_top/target/rd2serial/ram_mask_reg_0_1_0_5_i_20/O
                         net (fo=8, routed)           0.760    24.059    top/teaching_board_top/target/rd2serial/ram_mask_reg_0_1_0_5_i_20_n_0
    SLICE_X45Y47         LUT2 (Prop_lut2_I1_O)        0.118    24.177 f  top/teaching_board_top/target/rd2serial/req_address[2]_i_3/O
                         net (fo=6, routed)           0.654    24.830    top/teaching_board_top/target/rd2serial/addr_reg[2]_0
    SLICE_X44Y46         LUT4 (Prop_lut4_I2_O)        0.320    25.150 r  top/teaching_board_top/target/rd2serial/ram_mask_reg_0_1_0_5_i_29/O
                         net (fo=1, routed)           0.436    25.587    top/teaching_board_top/target/rd2serial/ram_mask_reg_0_1_0_5_i_29_n_0
    SLICE_X44Y46         LUT6 (Prop_lut6_I4_O)        0.326    25.913 r  top/teaching_board_top/target/rd2serial/ram_mask_reg_0_1_0_5_i_21/O
                         net (fo=2, routed)           0.429    26.342    top/teaching_board_top/target/rd2serial/ram_mask_reg_0_1_0_5_i_21_n_0
    SLICE_X44Y45         LUT6 (Prop_lut6_I0_O)        0.124    26.466 r  top/teaching_board_top/target/rd2serial/ram_mask_reg_0_1_0_5_i_10__0/O
                         net (fo=2, routed)           0.632    27.098    top/teaching_board_top/target/sbus/system_bus_xbar/rd2serial_auto_out_a_bits_mask[0]
    SLICE_X43Y39         LUT4 (Prop_lut4_I2_O)        0.124    27.222 r  top/teaching_board_top/target/sbus/system_bus_xbar/req_mask[0]_i_1/O
                         net (fo=2, routed)           0.930    28.152    top/teaching_board_top/target/backend/req_mask_reg[0]_0
    SLICE_X37Y53         LUT6 (Prop_lut6_I0_O)        0.124    28.276 r  top/teaching_board_top/target/backend/ram_mask_reg_0_7_0_5_i_2/O
                         net (fo=4, routed)           0.995    29.271    top/teaching_board_top/target/bh/TLBroadcastTracker_2/o_data/ram_mask_reg_0_7_0_5/DIA0
    SLICE_X26Y48         RAMD32                                       r  top/teaching_board_top/target/bh/TLBroadcastTracker_2/o_data/ram_mask_reg_0_7_0_5/RAMA/I
  -------------------------------------------------------------------    -------------------

                         (clock host_clk_i rise edge)
                                                     25.000    25.000 r  
    H16                                               0.000    25.000 r  clk (IN)
                         net (fo=0)                   0.000    25.000    clk
    H16                  IBUF (Prop_ibuf_I_O)         1.380    26.380 r  ibufg_gclk/O
                         net (fo=1, routed)           1.162    27.542    gclk_i
    MMCME2_ADV_X1Y2      MMCME2_ADV (Prop_mmcme2_adv_CLKIN1_CLKOUT0)
                                                      0.083    27.625 r  MMCME2_BASE_inst/CLKOUT0
                         net (fo=1, routed)           2.012    29.637    host_clk_i
    BUFGCTRL_X0Y16       BUFG (Prop_bufg_I_O)         0.091    29.728 r  bufg_host_clk/O
                         net (fo=7403, routed)        1.573    31.302    top/teaching_board_top/target/bh/TLBroadcastTracker_2/o_data/ram_mask_reg_0_7_0_5/WCLK
    SLICE_X26Y48         RAMD32                                       r  top/teaching_board_top/target/bh/TLBroadcastTracker_2/o_data/ram_mask_reg_0_7_0_5/RAMA/CLK
                         clock pessimism              0.416    31.718    
                         clock uncertainty           -0.082    31.636    
    SLICE_X26Y48         RAMD32 (Setup_ramd32_CLK_I)
                                                     -0.161    31.475    top/teaching_board_top/target/bh/TLBroadcastTracker_2/o_data/ram_mask_reg_0_7_0_5/RAMA
  -------------------------------------------------------------------
                         required time                         31.475    
                         arrival time                         -29.271    
  -------------------------------------------------------------------
                         slack                                  2.204    

Slack (MET) :             2.385ns  (required time - arrival time)
  Source:                 top/teaching_board_top/target/rd2serial/addr_reg[4]/C
                            (rising edge-triggered cell FDRE clocked by host_clk_i  {rise@0.000ns fall@12.500ns period=25.000ns})
  Destination:            top/teaching_board_top/target/bh/TLBroadcastTracker_3/o_data/ram_mask_reg_0_7_0_5/RAMA/I
                            (rising edge-triggered cell RAMD32 clocked by host_clk_i  {rise@0.000ns fall@12.500ns period=25.000ns})
  Path Group:             host_clk_i
  Path Type:              Setup (Max at Slow Process Corner)
  Requirement:            25.000ns  (host_clk_i rise@25.000ns - host_clk_i rise@0.000ns)
  Data Path Delay:        22.154ns  (logic 8.920ns (40.263%)  route 13.234ns (59.737%))
  Logic Levels:           36  (CARRY4=19 LUT2=1 LUT3=2 LUT4=5 LUT5=3 LUT6=6)
  Clock Path Skew:        -0.219ns (DCD - SCD + CPR)
    Destination Clock Delay (DCD):    6.225ns = ( 31.225 - 25.000 ) 
    Source Clock Delay      (SCD):    6.860ns
    Clock Pessimism Removal (CPR):    0.416ns
  Clock Uncertainty:      0.082ns  ((TSJ^2 + DJ^2)^1/2) / 2 + PE
    Total System Jitter     (TSJ):    0.071ns
    Discrete Jitter          (DJ):    0.147ns
    Phase Error              (PE):    0.000ns

    Location             Delay type                Incr(ns)  Path(ns)    Netlist Resource(s)
  -------------------------------------------------------------------    -------------------
                         (clock host_clk_i rise edge)
                                                      0.000     0.000 r  
    H16                                               0.000     0.000 r  clk (IN)
                         net (fo=0)                   0.000     0.000    clk
    H16                  IBUF (Prop_ibuf_I_O)         1.451     1.451 r  ibufg_gclk/O
                         net (fo=1, routed)           1.285     2.736    gclk_i
    MMCME2_ADV_X1Y2      MMCME2_ADV (Prop_mmcme2_adv_CLKIN1_CLKOUT0)
                                                      0.088     2.824 r  MMCME2_BASE_inst/CLKOUT0
                         net (fo=1, routed)           2.206     5.030    host_clk_i
    BUFGCTRL_X0Y16       BUFG (Prop_bufg_I_O)         0.101     5.131 r  bufg_host_clk/O
                         net (fo=7403, routed)        1.729     6.860    top/teaching_board_top/target/rd2serial/host_clk
    SLICE_X57Y44         FDRE                                         r  top/teaching_board_top/target/rd2serial/addr_reg[4]/C
  -------------------------------------------------------------------    -------------------
    SLICE_X57Y44         FDRE (Prop_fdre_C_Q)         0.456     7.316 r  top/teaching_board_top/target/rd2serial/addr_reg[4]/Q
                         net (fo=5, routed)           0.619     7.935    top/teaching_board_top/target/rd2serial/addr_reg[31]_0[1]
    SLICE_X55Y44         CARRY4 (Prop_carry4_S[0]_CO[3])
                                                      0.656     8.591 r  top/teaching_board_top/target/rd2serial/addr_reg[7]_i_2/CO[3]
                         net (fo=1, routed)           0.000     8.591    top/teaching_board_top/target/rd2serial/addr_reg[7]_i_2_n_0
    SLICE_X55Y45         CARRY4 (Prop_carry4_CI_CO[3])
                                                      0.114     8.705 r  top/teaching_board_top/target/rd2serial/addr_reg[11]_i_2/CO[3]
                         net (fo=1, routed)           0.000     8.705    top/teaching_board_top/target/rd2serial/addr_reg[11]_i_2_n_0
    SLICE_X55Y46         CARRY4 (Prop_carry4_CI_CO[3])
                                                      0.114     8.819 r  top/teaching_board_top/target/rd2serial/addr_reg[15]_i_2/CO[3]
                         net (fo=1, routed)           0.000     8.819    top/teaching_board_top/target/rd2serial/addr_reg[15]_i_2_n_0
    SLICE_X55Y47         CARRY4 (Prop_carry4_CI_CO[3])
                                                      0.114     8.933 r  top/teaching_board_top/target/rd2serial/addr_reg[19]_i_2/CO[3]
                         net (fo=1, routed)           0.000     8.933    top/teaching_board_top/target/rd2serial/addr_reg[19]_i_2_n_0
    SLICE_X55Y48         CARRY4 (Prop_carry4_CI_CO[3])
                                                      0.114     9.047 r  top/teaching_board_top/target/rd2serial/addr_reg[23]_i_2/CO[3]
                         net (fo=1, routed)           0.000     9.047    top/teaching_board_top/target/rd2serial/addr_reg[23]_i_2_n_0
    SLICE_X55Y49         CARRY4 (Prop_carry4_CI_CO[3])
                                                      0.114     9.161 r  top/teaching_board_top/target/rd2serial/addr_reg[27]_i_2/CO[3]
                         net (fo=1, routed)           0.001     9.161    top/teaching_board_top/target/rd2serial/addr_reg[27]_i_2_n_0
    SLICE_X55Y50         CARRY4 (Prop_carry4_CI_O[1])
                                                      0.334     9.495 r  top/teaching_board_top/target/rd2serial/addr_reg[31]_i_6/O[1]
                         net (fo=3, routed)           0.556    10.051    top/teaching_board_top/target/rd2serial/_GEN_86[29]
    SLICE_X56Y50         CARRY4 (Prop_carry4_DI[1]_CO[3])
                                                      0.686    10.737 r  top/teaching_board_top/target/rd2serial/ram_mask_reg_0_1_0_5_i_101/CO[3]
                         net (fo=1, routed)           0.000    10.737    top/teaching_board_top/target/rd2serial/ram_mask_reg_0_1_0_5_i_101_n_0
    SLICE_X56Y51         CARRY4 (Prop_carry4_CI_CO[3])
                                                      0.114    10.851 r  top/teaching_board_top/target/rd2serial/ram_mask_reg_0_1_0_5_i_105/CO[3]
                         net (fo=1, routed)           0.000    10.851    top/teaching_board_top/target/rd2serial/ram_mask_reg_0_1_0_5_i_105_n_0
    SLICE_X56Y52         CARRY4 (Prop_carry4_CI_CO[3])
                                                      0.114    10.965 r  top/teaching_board_top/target/rd2serial/req_size_reg[1]_i_64/CO[3]
                         net (fo=1, routed)           0.000    10.965    top/teaching_board_top/target/rd2serial/req_size_reg[1]_i_64_n_0
    SLICE_X56Y53         CARRY4 (Prop_carry4_CI_CO[3])
                                                      0.114    11.079 r  top/teaching_board_top/target/rd2serial/req_size_reg[1]_i_60/CO[3]
                         net (fo=1, routed)           0.000    11.079    top/teaching_board_top/target/rd2serial/req_size_reg[1]_i_60_n_0
    SLICE_X56Y54         CARRY4 (Prop_carry4_CI_CO[3])
                                                      0.114    11.193 r  top/teaching_board_top/target/rd2serial/req_size_reg[1]_i_59/CO[3]
                         net (fo=1, routed)           0.000    11.193    top/teaching_board_top/target/rd2serial/req_size_reg[1]_i_59_n_0
    SLICE_X56Y55         CARRY4 (Prop_carry4_CI_CO[3])
                                                      0.114    11.307 r  top/teaching_board_top/target/rd2serial/req_size_reg[1]_i_37/CO[3]
                         net (fo=1, routed)           0.000    11.307    top/teaching_board_top/target/rd2serial/req_size_reg[1]_i_37_n_0
    SLICE_X56Y56         CARRY4 (Prop_carry4_CI_CO[3])
                                                      0.114    11.421 r  top/teaching_board_top/target/rd2serial/req_size_reg[1]_i_34/CO[3]
                         net (fo=1, routed)           0.000    11.421    top/teaching_board_top/target/rd2serial/req_size_reg[1]_i_34_n_0
    SLICE_X56Y57         CARRY4 (Prop_carry4_CI_O[1])
                                                      0.334    11.755 r  top/teaching_board_top/target/rd2serial/req_size_reg[1]_i_31/O[1]
                         net (fo=8, routed)           0.821    12.576    top/teaching_board_top/target/rd2serial/_GEN_87[57]
    SLICE_X57Y55         LUT4 (Prop_lut4_I1_O)        0.303    12.879 r  top/teaching_board_top/target/rd2serial/req_size[1]_i_87/O
                         net (fo=1, routed)           0.000    12.879    top/teaching_board_top/target/rd2serial/req_size[1]_i_87_n_0
    SLICE_X57Y55         CARRY4 (Prop_carry4_S[0]_CO[3])
                                                      0.532    13.411 r  top/teaching_board_top/target/rd2serial/req_size_reg[1]_i_45/CO[3]
                         net (fo=1, routed)           0.000    13.411    top/teaching_board_top/target/rd2serial/req_size_reg[1]_i_45_n_0
    SLICE_X57Y56         CARRY4 (Prop_carry4_CI_CO[0])
                                                      0.271    13.682 r  top/teaching_board_top/target/rd2serial/req_size_reg[1]_i_18/CO[0]
                         net (fo=163, routed)         0.885    14.568    top/teaching_board_top/target/rd2serial/_T_174
    SLICE_X58Y50         LUT3 (Prop_lut3_I1_O)        0.366    14.934 r  top/teaching_board_top/target/rd2serial/ram_mask_reg_0_1_0_5_i_211/O
                         net (fo=1, routed)           0.421    15.355    top/teaching_board_top/target/rd2serial/ram_mask_reg_0_1_0_5_i_211_n_0
    SLICE_X58Y52         LUT6 (Prop_lut6_I5_O)        0.331    15.686 f  top/teaching_board_top/target/rd2serial/ram_mask_reg_0_1_0_5_i_177/O
                         net (fo=2, routed)           0.664    16.349    top/teaching_board_top/target/rd2serial/ram_mask_reg_0_1_0_5_i_177_n_0
    SLICE_X58Y54         LUT3 (Prop_lut3_I2_O)        0.124    16.473 r  top/teaching_board_top/target/rd2serial/ram_mask_reg_0_1_0_5_i_148/O
                         net (fo=2, routed)           0.687    17.161    top/teaching_board_top/target/rd2serial/ram_mask_reg_0_1_0_5_i_148_n_0
    SLICE_X59Y58         LUT5 (Prop_lut5_I3_O)        0.124    17.285 r  top/teaching_board_top/target/rd2serial/ram_mask_reg_0_1_0_5_i_152/O
                         net (fo=2, routed)           0.633    17.918    top/teaching_board_top/target/rd2serial/ram_mask_reg_0_1_0_5_i_152_n_0
    SLICE_X59Y57         LUT6 (Prop_lut6_I1_O)        0.124    18.042 r  top/teaching_board_top/target/rd2serial/ram_mask_reg_0_1_0_5_i_78/O
                         net (fo=3, routed)           0.486    18.528    top/teaching_board_top/target/rd2serial/ram_mask_reg_0_1_0_5_i_78_n_0
    SLICE_X59Y56         LUT6 (Prop_lut6_I5_O)        0.124    18.652 r  top/teaching_board_top/target/rd2serial/ram_mask_reg_0_1_0_5_i_69/O
                         net (fo=6, routed)           0.769    19.421    top/teaching_board_top/target/rd2serial/ram_mask_reg_0_1_0_5_i_69_n_0
    SLICE_X58Y53         LUT5 (Prop_lut5_I3_O)        0.150    19.571 r  top/teaching_board_top/target/rd2serial/ram_mask_reg_0_1_0_5_i_50/O
                         net (fo=4, routed)           0.597    20.169    top/teaching_board_top/target/rd2serial/ram_mask_reg_0_1_0_5_i_50_n_0
    SLICE_X58Y49         LUT5 (Prop_lut5_I2_O)        0.341    20.510 r  top/teaching_board_top/target/rd2serial/ram_mask_reg_0_1_0_5_i_36/O
                         net (fo=1, routed)           0.622    21.132    top/teaching_board_top/target/rd2serial/ram_mask_reg_0_1_0_5_i_36_n_0
    SLICE_X54Y49         CARRY4 (Prop_carry4_DI[2]_CO[3])
                                                      0.611    21.743 r  top/teaching_board_top/target/rd2serial/ram_mask_reg_0_1_0_5_i_27/CO[3]
                         net (fo=1, routed)           0.001    21.744    top/teaching_board_top/target/rd2serial/ram_mask_reg_0_1_0_5_i_27_n_0
    SLICE_X54Y50         CARRY4 (Prop_carry4_CI_CO[2])
                                                      0.229    21.973 r  top/teaching_board_top/target/rd2serial/ram_mask_reg_0_1_0_5_i_26/CO[2]
                         net (fo=1, routed)           0.630    22.602    top/teaching_board_top/target/rd2serial/_T_317[6]
    SLICE_X53Y49         LUT4 (Prop_lut4_I3_O)        0.310    22.912 r  top/teaching_board_top/target/rd2serial/ram_mask_reg_0_1_0_5_i_28/O
                         net (fo=1, routed)           0.263    23.175    top/teaching_board_top/target/rd2serial/ram_mask_reg_0_1_0_5_i_28_n_0
    SLICE_X53Y49         LUT4 (Prop_lut4_I3_O)        0.124    23.299 r  top/teaching_board_top/target/rd2serial/ram_mask_reg_0_1_0_5_i_20/O
                         net (fo=8, routed)           0.760    24.059    top/teaching_board_top/target/rd2serial/ram_mask_reg_0_1_0_5_i_20_n_0
    SLICE_X45Y47         LUT2 (Prop_lut2_I1_O)        0.118    24.177 f  top/teaching_board_top/target/rd2serial/req_address[2]_i_3/O
                         net (fo=6, routed)           0.654    24.830    top/teaching_board_top/target/rd2serial/addr_reg[2]_0
    SLICE_X44Y46         LUT4 (Prop_lut4_I2_O)        0.320    25.150 r  top/teaching_board_top/target/rd2serial/ram_mask_reg_0_1_0_5_i_29/O
                         net (fo=1, routed)           0.436    25.587    top/teaching_board_top/target/rd2serial/ram_mask_reg_0_1_0_5_i_29_n_0
    SLICE_X44Y46         LUT6 (Prop_lut6_I4_O)        0.326    25.913 r  top/teaching_board_top/target/rd2serial/ram_mask_reg_0_1_0_5_i_21/O
                         net (fo=2, routed)           0.429    26.342    top/teaching_board_top/target/rd2serial/ram_mask_reg_0_1_0_5_i_21_n_0
    SLICE_X44Y45         LUT6 (Prop_lut6_I0_O)        0.124    26.466 r  top/teaching_board_top/target/rd2serial/ram_mask_reg_0_1_0_5_i_10__0/O
                         net (fo=2, routed)           0.632    27.098    top/teaching_board_top/target/sbus/system_bus_xbar/rd2serial_auto_out_a_bits_mask[0]
    SLICE_X43Y39         LUT4 (Prop_lut4_I2_O)        0.124    27.222 r  top/teaching_board_top/target/sbus/system_bus_xbar/req_mask[0]_i_1/O
                         net (fo=2, routed)           0.930    28.152    top/teaching_board_top/target/backend/req_mask_reg[0]_0
    SLICE_X37Y53         LUT6 (Prop_lut6_I0_O)        0.124    28.276 r  top/teaching_board_top/target/backend/ram_mask_reg_0_7_0_5_i_2/O
                         net (fo=4, routed)           0.738    29.014    top/teaching_board_top/target/bh/TLBroadcastTracker_3/o_data/ram_mask_reg_0_7_0_5/DIA0
    SLICE_X32Y48         RAMD32                                       r  top/teaching_board_top/target/bh/TLBroadcastTracker_3/o_data/ram_mask_reg_0_7_0_5/RAMA/I
  -------------------------------------------------------------------    -------------------

                         (clock host_clk_i rise edge)
                                                     25.000    25.000 r  
    H16                                               0.000    25.000 r  clk (IN)
                         net (fo=0)                   0.000    25.000    clk
    H16                  IBUF (Prop_ibuf_I_O)         1.380    26.380 r  ibufg_gclk/O
                         net (fo=1, routed)           1.162    27.542    gclk_i
    MMCME2_ADV_X1Y2      MMCME2_ADV (Prop_mmcme2_adv_CLKIN1_CLKOUT0)
                                                      0.083    27.625 r  MMCME2_BASE_inst/CLKOUT0
                         net (fo=1, routed)           2.012    29.637    host_clk_i
    BUFGCTRL_X0Y16       BUFG (Prop_bufg_I_O)         0.091    29.728 r  bufg_host_clk/O
                         net (fo=7403, routed)        1.496    31.225    top/teaching_board_top/target/bh/TLBroadcastTracker_3/o_data/ram_mask_reg_0_7_0_5/WCLK
    SLICE_X32Y48         RAMD32                                       r  top/teaching_board_top/target/bh/TLBroadcastTracker_3/o_data/ram_mask_reg_0_7_0_5/RAMA/CLK
                         clock pessimism              0.416    31.641    
                         clock uncertainty           -0.082    31.559    
    SLICE_X32Y48         RAMD32 (Setup_ramd32_CLK_I)
                                                     -0.161    31.398    top/teaching_board_top/target/bh/TLBroadcastTracker_3/o_data/ram_mask_reg_0_7_0_5/RAMA
  -------------------------------------------------------------------
                         required time                         31.398    
                         arrival time                         -29.014    
  -------------------------------------------------------------------
                         slack                                  2.385    

Slack (MET) :             2.401ns  (required time - arrival time)
  Source:                 top/teaching_board_top/target/rd2serial/addr_reg[4]/C
                            (rising edge-triggered cell FDRE clocked by host_clk_i  {rise@0.000ns fall@12.500ns period=25.000ns})
  Destination:            top/teaching_board_top/target/bh/TLBroadcastTracker/o_data/ram_mask_reg_0_7_0_5/RAMC/I
                            (rising edge-triggered cell RAMD32 clocked by host_clk_i  {rise@0.000ns fall@12.500ns period=25.000ns})
  Path Group:             host_clk_i
  Path Type:              Setup (Max at Slow Process Corner)
  Requirement:            25.000ns  (host_clk_i rise@25.000ns - host_clk_i rise@0.000ns)
  Data Path Delay:        22.135ns  (logic 8.724ns (39.412%)  route 13.411ns (60.588%))
  Logic Levels:           36  (CARRY4=19 LUT2=1 LUT3=2 LUT4=5 LUT5=4 LUT6=5)
  Clock Path Skew:        -0.207ns (DCD - SCD + CPR)
    Destination Clock Delay (DCD):    6.250ns = ( 31.250 - 25.000 ) 
    Source Clock Delay      (SCD):    6.860ns
    Clock Pessimism Removal (CPR):    0.402ns
  Clock Uncertainty:      0.082ns  ((TSJ^2 + DJ^2)^1/2) / 2 + PE
    Total System Jitter     (TSJ):    0.071ns
    Discrete Jitter          (DJ):    0.147ns
    Phase Error              (PE):    0.000ns

    Location             Delay type                Incr(ns)  Path(ns)    Netlist Resource(s)
  -------------------------------------------------------------------    -------------------
                         (clock host_clk_i rise edge)
                                                      0.000     0.000 r  
    H16                                               0.000     0.000 r  clk (IN)
                         net (fo=0)                   0.000     0.000    clk
    H16                  IBUF (Prop_ibuf_I_O)         1.451     1.451 r  ibufg_gclk/O
                         net (fo=1, routed)           1.285     2.736    gclk_i
    MMCME2_ADV_X1Y2      MMCME2_ADV (Prop_mmcme2_adv_CLKIN1_CLKOUT0)
                                                      0.088     2.824 r  MMCME2_BASE_inst/CLKOUT0
                         net (fo=1, routed)           2.206     5.030    host_clk_i
    BUFGCTRL_X0Y16       BUFG (Prop_bufg_I_O)         0.101     5.131 r  bufg_host_clk/O
                         net (fo=7403, routed)        1.729     6.860    top/teaching_board_top/target/rd2serial/host_clk
    SLICE_X57Y44         FDRE                                         r  top/teaching_board_top/target/rd2serial/addr_reg[4]/C
  -------------------------------------------------------------------    -------------------
    SLICE_X57Y44         FDRE (Prop_fdre_C_Q)         0.456     7.316 r  top/teaching_board_top/target/rd2serial/addr_reg[4]/Q
                         net (fo=5, routed)           0.619     7.935    top/teaching_board_top/target/rd2serial/addr_reg[31]_0[1]
    SLICE_X55Y44         CARRY4 (Prop_carry4_S[0]_CO[3])
                                                      0.656     8.591 r  top/teaching_board_top/target/rd2serial/addr_reg[7]_i_2/CO[3]
                         net (fo=1, routed)           0.000     8.591    top/teaching_board_top/target/rd2serial/addr_reg[7]_i_2_n_0
    SLICE_X55Y45         CARRY4 (Prop_carry4_CI_CO[3])
                                                      0.114     8.705 r  top/teaching_board_top/target/rd2serial/addr_reg[11]_i_2/CO[3]
                         net (fo=1, routed)           0.000     8.705    top/teaching_board_top/target/rd2serial/addr_reg[11]_i_2_n_0
    SLICE_X55Y46         CARRY4 (Prop_carry4_CI_CO[3])
                                                      0.114     8.819 r  top/teaching_board_top/target/rd2serial/addr_reg[15]_i_2/CO[3]
                         net (fo=1, routed)           0.000     8.819    top/teaching_board_top/target/rd2serial/addr_reg[15]_i_2_n_0
    SLICE_X55Y47         CARRY4 (Prop_carry4_CI_CO[3])
                                                      0.114     8.933 r  top/teaching_board_top/target/rd2serial/addr_reg[19]_i_2/CO[3]
                         net (fo=1, routed)           0.000     8.933    top/teaching_board_top/target/rd2serial/addr_reg[19]_i_2_n_0
    SLICE_X55Y48         CARRY4 (Prop_carry4_CI_CO[3])
                                                      0.114     9.047 r  top/teaching_board_top/target/rd2serial/addr_reg[23]_i_2/CO[3]
                         net (fo=1, routed)           0.000     9.047    top/teaching_board_top/target/rd2serial/addr_reg[23]_i_2_n_0
    SLICE_X55Y49         CARRY4 (Prop_carry4_CI_CO[3])
                                                      0.114     9.161 r  top/teaching_board_top/target/rd2serial/addr_reg[27]_i_2/CO[3]
                         net (fo=1, routed)           0.001     9.161    top/teaching_board_top/target/rd2serial/addr_reg[27]_i_2_n_0
    SLICE_X55Y50         CARRY4 (Prop_carry4_CI_O[1])
                                                      0.334     9.495 r  top/teaching_board_top/target/rd2serial/addr_reg[31]_i_6/O[1]
                         net (fo=3, routed)           0.556    10.051    top/teaching_board_top/target/rd2serial/_GEN_86[29]
    SLICE_X56Y50         CARRY4 (Prop_carry4_DI[1]_CO[3])
                                                      0.686    10.737 r  top/teaching_board_top/target/rd2serial/ram_mask_reg_0_1_0_5_i_101/CO[3]
                         net (fo=1, routed)           0.000    10.737    top/teaching_board_top/target/rd2serial/ram_mask_reg_0_1_0_5_i_101_n_0
    SLICE_X56Y51         CARRY4 (Prop_carry4_CI_CO[3])
                                                      0.114    10.851 r  top/teaching_board_top/target/rd2serial/ram_mask_reg_0_1_0_5_i_105/CO[3]
                         net (fo=1, routed)           0.000    10.851    top/teaching_board_top/target/rd2serial/ram_mask_reg_0_1_0_5_i_105_n_0
    SLICE_X56Y52         CARRY4 (Prop_carry4_CI_CO[3])
                                                      0.114    10.965 r  top/teaching_board_top/target/rd2serial/req_size_reg[1]_i_64/CO[3]
                         net (fo=1, routed)           0.000    10.965    top/teaching_board_top/target/rd2serial/req_size_reg[1]_i_64_n_0
    SLICE_X56Y53         CARRY4 (Prop_carry4_CI_CO[3])
                                                      0.114    11.079 r  top/teaching_board_top/target/rd2serial/req_size_reg[1]_i_60/CO[3]
                         net (fo=1, routed)           0.000    11.079    top/teaching_board_top/target/rd2serial/req_size_reg[1]_i_60_n_0
    SLICE_X56Y54         CARRY4 (Prop_carry4_CI_CO[3])
                                                      0.114    11.193 r  top/teaching_board_top/target/rd2serial/req_size_reg[1]_i_59/CO[3]
                         net (fo=1, routed)           0.000    11.193    top/teaching_board_top/target/rd2serial/req_size_reg[1]_i_59_n_0
    SLICE_X56Y55         CARRY4 (Prop_carry4_CI_CO[3])
                                                      0.114    11.307 r  top/teaching_board_top/target/rd2serial/req_size_reg[1]_i_37/CO[3]
                         net (fo=1, routed)           0.000    11.307    top/teaching_board_top/target/rd2serial/req_size_reg[1]_i_37_n_0
    SLICE_X56Y56         CARRY4 (Prop_carry4_CI_CO[3])
                                                      0.114    11.421 r  top/teaching_board_top/target/rd2serial/req_size_reg[1]_i_34/CO[3]
                         net (fo=1, routed)           0.000    11.421    top/teaching_board_top/target/rd2serial/req_size_reg[1]_i_34_n_0
    SLICE_X56Y57         CARRY4 (Prop_carry4_CI_O[1])
                                                      0.334    11.755 r  top/teaching_board_top/target/rd2serial/req_size_reg[1]_i_31/O[1]
                         net (fo=8, routed)           0.821    12.576    top/teaching_board_top/target/rd2serial/_GEN_87[57]
    SLICE_X57Y55         LUT4 (Prop_lut4_I1_O)        0.303    12.879 r  top/teaching_board_top/target/rd2serial/req_size[1]_i_87/O
                         net (fo=1, routed)           0.000    12.879    top/teaching_board_top/target/rd2serial/req_size[1]_i_87_n_0
    SLICE_X57Y55         CARRY4 (Prop_carry4_S[0]_CO[3])
                                                      0.532    13.411 r  top/teaching_board_top/target/rd2serial/req_size_reg[1]_i_45/CO[3]
                         net (fo=1, routed)           0.000    13.411    top/teaching_board_top/target/rd2serial/req_size_reg[1]_i_45_n_0
    SLICE_X57Y56         CARRY4 (Prop_carry4_CI_CO[0])
                                                      0.271    13.682 r  top/teaching_board_top/target/rd2serial/req_size_reg[1]_i_18/CO[0]
                         net (fo=163, routed)         0.885    14.568    top/teaching_board_top/target/rd2serial/_T_174
    SLICE_X58Y50         LUT3 (Prop_lut3_I1_O)        0.366    14.934 r  top/teaching_board_top/target/rd2serial/ram_mask_reg_0_1_0_5_i_211/O
                         net (fo=1, routed)           0.421    15.355    top/teaching_board_top/target/rd2serial/ram_mask_reg_0_1_0_5_i_211_n_0
    SLICE_X58Y52         LUT6 (Prop_lut6_I5_O)        0.331    15.686 f  top/teaching_board_top/target/rd2serial/ram_mask_reg_0_1_0_5_i_177/O
                         net (fo=2, routed)           0.664    16.349    top/teaching_board_top/target/rd2serial/ram_mask_reg_0_1_0_5_i_177_n_0
    SLICE_X58Y54         LUT3 (Prop_lut3_I2_O)        0.124    16.473 r  top/teaching_board_top/target/rd2serial/ram_mask_reg_0_1_0_5_i_148/O
                         net (fo=2, routed)           0.687    17.161    top/teaching_board_top/target/rd2serial/ram_mask_reg_0_1_0_5_i_148_n_0
    SLICE_X59Y58         LUT5 (Prop_lut5_I3_O)        0.124    17.285 r  top/teaching_board_top/target/rd2serial/ram_mask_reg_0_1_0_5_i_152/O
                         net (fo=2, routed)           0.633    17.918    top/teaching_board_top/target/rd2serial/ram_mask_reg_0_1_0_5_i_152_n_0
    SLICE_X59Y57         LUT6 (Prop_lut6_I1_O)        0.124    18.042 r  top/teaching_board_top/target/rd2serial/ram_mask_reg_0_1_0_5_i_78/O
                         net (fo=3, routed)           0.486    18.528    top/teaching_board_top/target/rd2serial/ram_mask_reg_0_1_0_5_i_78_n_0
    SLICE_X59Y56         LUT6 (Prop_lut6_I5_O)        0.124    18.652 r  top/teaching_board_top/target/rd2serial/ram_mask_reg_0_1_0_5_i_69/O
                         net (fo=6, routed)           0.769    19.421    top/teaching_board_top/target/rd2serial/ram_mask_reg_0_1_0_5_i_69_n_0
    SLICE_X58Y53         LUT5 (Prop_lut5_I3_O)        0.150    19.571 r  top/teaching_board_top/target/rd2serial/ram_mask_reg_0_1_0_5_i_50/O
                         net (fo=4, routed)           0.597    20.169    top/teaching_board_top/target/rd2serial/ram_mask_reg_0_1_0_5_i_50_n_0
    SLICE_X58Y49         LUT5 (Prop_lut5_I2_O)        0.341    20.510 r  top/teaching_board_top/target/rd2serial/ram_mask_reg_0_1_0_5_i_36/O
                         net (fo=1, routed)           0.622    21.132    top/teaching_board_top/target/rd2serial/ram_mask_reg_0_1_0_5_i_36_n_0
    SLICE_X54Y49         CARRY4 (Prop_carry4_DI[2]_CO[3])
                                                      0.611    21.743 r  top/teaching_board_top/target/rd2serial/ram_mask_reg_0_1_0_5_i_27/CO[3]
                         net (fo=1, routed)           0.001    21.744    top/teaching_board_top/target/rd2serial/ram_mask_reg_0_1_0_5_i_27_n_0
    SLICE_X54Y50         CARRY4 (Prop_carry4_CI_CO[2])
                                                      0.229    21.973 f  top/teaching_board_top/target/rd2serial/ram_mask_reg_0_1_0_5_i_26/CO[2]
                         net (fo=1, routed)           0.630    22.602    top/teaching_board_top/target/rd2serial/_T_317[6]
    SLICE_X53Y49         LUT4 (Prop_lut4_I3_O)        0.310    22.912 f  top/teaching_board_top/target/rd2serial/ram_mask_reg_0_1_0_5_i_28/O
                         net (fo=1, routed)           0.263    23.175    top/teaching_board_top/target/rd2serial/ram_mask_reg_0_1_0_5_i_28_n_0
    SLICE_X53Y49         LUT4 (Prop_lut4_I3_O)        0.124    23.299 f  top/teaching_board_top/target/rd2serial/ram_mask_reg_0_1_0_5_i_20/O
                         net (fo=8, routed)           0.760    24.059    top/teaching_board_top/target/rd2serial/ram_mask_reg_0_1_0_5_i_20_n_0
    SLICE_X45Y47         LUT2 (Prop_lut2_I1_O)        0.118    24.177 r  top/teaching_board_top/target/rd2serial/req_address[2]_i_3/O
                         net (fo=6, routed)           0.654    24.830    top/teaching_board_top/target/rd2serial/addr_reg[2]_0
    SLICE_X44Y46         LUT5 (Prop_lut5_I1_O)        0.326    25.156 r  top/teaching_board_top/target/rd2serial/ram_mask_reg_0_1_0_5_i_25/O
                         net (fo=2, routed)           0.349    25.505    top/teaching_board_top/target/rd2serial/ram_mask_reg_0_1_0_5_i_25_n_0
    SLICE_X45Y46         LUT6 (Prop_lut6_I2_O)        0.124    25.629 r  top/teaching_board_top/target/rd2serial/ram_mask_reg_0_1_0_5_i_18/O
                         net (fo=2, routed)           0.807    26.436    top/teaching_board_top/target/sbus/system_bus_xbar/rd2serial_auto_out_a_bits_mask[4]
    SLICE_X42Y36         LUT4 (Prop_lut4_I2_O)        0.124    26.560 r  top/teaching_board_top/target/sbus/system_bus_xbar/req_mask[4]_i_1/O
                         net (fo=2, routed)           1.056    27.617    top/teaching_board_top/target/backend/req_mask_reg[4]_0
    SLICE_X36Y53         LUT6 (Prop_lut6_I5_O)        0.124    27.741 r  top/teaching_board_top/target/backend/ram_mask_reg_0_7_0_5_i_17/O
                         net (fo=1, routed)           0.171    27.912    top/teaching_board_top/target/backend/ram_mask_reg_0_7_0_5_i_17_n_0
    SLICE_X36Y53         LUT4 (Prop_lut4_I0_O)        0.124    28.036 r  top/teaching_board_top/target/backend/ram_mask_reg_0_7_0_5_i_6/O
                         net (fo=4, routed)           0.959    28.995    top/teaching_board_top/target/bh/TLBroadcastTracker/o_data/ram_mask_reg_0_7_0_5/DIC0
    SLICE_X26Y51         RAMD32                                       r  top/teaching_board_top/target/bh/TLBroadcastTracker/o_data/ram_mask_reg_0_7_0_5/RAMC/I
  -------------------------------------------------------------------    -------------------

                         (clock host_clk_i rise edge)
                                                     25.000    25.000 r  
    H16                                               0.000    25.000 r  clk (IN)
                         net (fo=0)                   0.000    25.000    clk
    H16                  IBUF (Prop_ibuf_I_O)         1.380    26.380 r  ibufg_gclk/O
                         net (fo=1, routed)           1.162    27.542    gclk_i
    MMCME2_ADV_X1Y2      MMCME2_ADV (Prop_mmcme2_adv_CLKIN1_CLKOUT0)
                                                      0.083    27.625 r  MMCME2_BASE_inst/CLKOUT0
                         net (fo=1, routed)           2.012    29.637    host_clk_i
    BUFGCTRL_X0Y16       BUFG (Prop_bufg_I_O)         0.091    29.728 r  bufg_host_clk/O
                         net (fo=7403, routed)        1.522    31.250    top/teaching_board_top/target/bh/TLBroadcastTracker/o_data/ram_mask_reg_0_7_0_5/WCLK
    SLICE_X26Y51         RAMD32                                       r  top/teaching_board_top/target/bh/TLBroadcastTracker/o_data/ram_mask_reg_0_7_0_5/RAMC/CLK
                         clock pessimism              0.402    31.652    
                         clock uncertainty           -0.082    31.571    
    SLICE_X26Y51         RAMD32 (Setup_ramd32_CLK_I)
                                                     -0.175    31.396    top/teaching_board_top/target/bh/TLBroadcastTracker/o_data/ram_mask_reg_0_7_0_5/RAMC
  -------------------------------------------------------------------
                         required time                         31.396    
                         arrival time                         -28.995    
  -------------------------------------------------------------------
                         slack                                  2.401    

Slack (MET) :             2.477ns  (required time - arrival time)
  Source:                 top/teaching_board_top/target/rd2serial/addr_reg[4]/C
                            (rising edge-triggered cell FDRE clocked by host_clk_i  {rise@0.000ns fall@12.500ns period=25.000ns})
  Destination:            top/teaching_board_top/target/bh/TLBroadcastTracker/o_data/ram_mask_reg_0_7_0_5/RAMA_D1/I
                            (rising edge-triggered cell RAMD32 clocked by host_clk_i  {rise@0.000ns fall@12.500ns period=25.000ns})
  Path Group:             host_clk_i
  Path Type:              Setup (Max at Slow Process Corner)
  Requirement:            25.000ns  (host_clk_i rise@25.000ns - host_clk_i rise@0.000ns)
  Data Path Delay:        21.976ns  (logic 8.920ns (40.589%)  route 13.056ns (59.410%))
  Logic Levels:           36  (CARRY4=19 LUT2=1 LUT3=2 LUT4=5 LUT5=3 LUT6=6)
  Clock Path Skew:        -0.207ns (DCD - SCD + CPR)
    Destination Clock Delay (DCD):    6.250ns = ( 31.250 - 25.000 ) 
    Source Clock Delay      (SCD):    6.860ns
    Clock Pessimism Removal (CPR):    0.402ns
  Clock Uncertainty:      0.082ns  ((TSJ^2 + DJ^2)^1/2) / 2 + PE
    Total System Jitter     (TSJ):    0.071ns
    Discrete Jitter          (DJ):    0.147ns
    Phase Error              (PE):    0.000ns

    Location             Delay type                Incr(ns)  Path(ns)    Netlist Resource(s)
  -------------------------------------------------------------------    -------------------
                         (clock host_clk_i rise edge)
                                                      0.000     0.000 r  
    H16                                               0.000     0.000 r  clk (IN)
                         net (fo=0)                   0.000     0.000    clk
    H16                  IBUF (Prop_ibuf_I_O)         1.451     1.451 r  ibufg_gclk/O
                         net (fo=1, routed)           1.285     2.736    gclk_i
    MMCME2_ADV_X1Y2      MMCME2_ADV (Prop_mmcme2_adv_CLKIN1_CLKOUT0)
                                                      0.088     2.824 r  MMCME2_BASE_inst/CLKOUT0
                         net (fo=1, routed)           2.206     5.030    host_clk_i
    BUFGCTRL_X0Y16       BUFG (Prop_bufg_I_O)         0.101     5.131 r  bufg_host_clk/O
                         net (fo=7403, routed)        1.729     6.860    top/teaching_board_top/target/rd2serial/host_clk
    SLICE_X57Y44         FDRE                                         r  top/teaching_board_top/target/rd2serial/addr_reg[4]/C
  -------------------------------------------------------------------    -------------------
    SLICE_X57Y44         FDRE (Prop_fdre_C_Q)         0.456     7.316 r  top/teaching_board_top/target/rd2serial/addr_reg[4]/Q
                         net (fo=5, routed)           0.619     7.935    top/teaching_board_top/target/rd2serial/addr_reg[31]_0[1]
    SLICE_X55Y44         CARRY4 (Prop_carry4_S[0]_CO[3])
                                                      0.656     8.591 r  top/teaching_board_top/target/rd2serial/addr_reg[7]_i_2/CO[3]
                         net (fo=1, routed)           0.000     8.591    top/teaching_board_top/target/rd2serial/addr_reg[7]_i_2_n_0
    SLICE_X55Y45         CARRY4 (Prop_carry4_CI_CO[3])
                                                      0.114     8.705 r  top/teaching_board_top/target/rd2serial/addr_reg[11]_i_2/CO[3]
                         net (fo=1, routed)           0.000     8.705    top/teaching_board_top/target/rd2serial/addr_reg[11]_i_2_n_0
    SLICE_X55Y46         CARRY4 (Prop_carry4_CI_CO[3])
                                                      0.114     8.819 r  top/teaching_board_top/target/rd2serial/addr_reg[15]_i_2/CO[3]
                         net (fo=1, routed)           0.000     8.819    top/teaching_board_top/target/rd2serial/addr_reg[15]_i_2_n_0
    SLICE_X55Y47         CARRY4 (Prop_carry4_CI_CO[3])
                                                      0.114     8.933 r  top/teaching_board_top/target/rd2serial/addr_reg[19]_i_2/CO[3]
                         net (fo=1, routed)           0.000     8.933    top/teaching_board_top/target/rd2serial/addr_reg[19]_i_2_n_0
    SLICE_X55Y48         CARRY4 (Prop_carry4_CI_CO[3])
                                                      0.114     9.047 r  top/teaching_board_top/target/rd2serial/addr_reg[23]_i_2/CO[3]
                         net (fo=1, routed)           0.000     9.047    top/teaching_board_top/target/rd2serial/addr_reg[23]_i_2_n_0
    SLICE_X55Y49         CARRY4 (Prop_carry4_CI_CO[3])
                                                      0.114     9.161 r  top/teaching_board_top/target/rd2serial/addr_reg[27]_i_2/CO[3]
                         net (fo=1, routed)           0.001     9.161    top/teaching_board_top/target/rd2serial/addr_reg[27]_i_2_n_0
    SLICE_X55Y50         CARRY4 (Prop_carry4_CI_O[1])
                                                      0.334     9.495 r  top/teaching_board_top/target/rd2serial/addr_reg[31]_i_6/O[1]
                         net (fo=3, routed)           0.556    10.051    top/teaching_board_top/target/rd2serial/_GEN_86[29]
    SLICE_X56Y50         CARRY4 (Prop_carry4_DI[1]_CO[3])
                                                      0.686    10.737 r  top/teaching_board_top/target/rd2serial/ram_mask_reg_0_1_0_5_i_101/CO[3]
                         net (fo=1, routed)           0.000    10.737    top/teaching_board_top/target/rd2serial/ram_mask_reg_0_1_0_5_i_101_n_0
    SLICE_X56Y51         CARRY4 (Prop_carry4_CI_CO[3])
                                                      0.114    10.851 r  top/teaching_board_top/target/rd2serial/ram_mask_reg_0_1_0_5_i_105/CO[3]
                         net (fo=1, routed)           0.000    10.851    top/teaching_board_top/target/rd2serial/ram_mask_reg_0_1_0_5_i_105_n_0
    SLICE_X56Y52         CARRY4 (Prop_carry4_CI_CO[3])
                                                      0.114    10.965 r  top/teaching_board_top/target/rd2serial/req_size_reg[1]_i_64/CO[3]
                         net (fo=1, routed)           0.000    10.965    top/teaching_board_top/target/rd2serial/req_size_reg[1]_i_64_n_0
    SLICE_X56Y53         CARRY4 (Prop_carry4_CI_CO[3])
                                                      0.114    11.079 r  top/teaching_board_top/target/rd2serial/req_size_reg[1]_i_60/CO[3]
                         net (fo=1, routed)           0.000    11.079    top/teaching_board_top/target/rd2serial/req_size_reg[1]_i_60_n_0
    SLICE_X56Y54         CARRY4 (Prop_carry4_CI_CO[3])
                                                      0.114    11.193 r  top/teaching_board_top/target/rd2serial/req_size_reg[1]_i_59/CO[3]
                         net (fo=1, routed)           0.000    11.193    top/teaching_board_top/target/rd2serial/req_size_reg[1]_i_59_n_0
    SLICE_X56Y55         CARRY4 (Prop_carry4_CI_CO[3])
                                                      0.114    11.307 r  top/teaching_board_top/target/rd2serial/req_size_reg[1]_i_37/CO[3]
                         net (fo=1, routed)           0.000    11.307    top/teaching_board_top/target/rd2serial/req_size_reg[1]_i_37_n_0
    SLICE_X56Y56         CARRY4 (Prop_carry4_CI_CO[3])
                                                      0.114    11.421 r  top/teaching_board_top/target/rd2serial/req_size_reg[1]_i_34/CO[3]
                         net (fo=1, routed)           0.000    11.421    top/teaching_board_top/target/rd2serial/req_size_reg[1]_i_34_n_0
    SLICE_X56Y57         CARRY4 (Prop_carry4_CI_O[1])
                                                      0.334    11.755 r  top/teaching_board_top/target/rd2serial/req_size_reg[1]_i_31/O[1]
                         net (fo=8, routed)           0.821    12.576    top/teaching_board_top/target/rd2serial/_GEN_87[57]
    SLICE_X57Y55         LUT4 (Prop_lut4_I1_O)        0.303    12.879 r  top/teaching_board_top/target/rd2serial/req_size[1]_i_87/O
                         net (fo=1, routed)           0.000    12.879    top/teaching_board_top/target/rd2serial/req_size[1]_i_87_n_0
    SLICE_X57Y55         CARRY4 (Prop_carry4_S[0]_CO[3])
                                                      0.532    13.411 r  top/teaching_board_top/target/rd2serial/req_size_reg[1]_i_45/CO[3]
                         net (fo=1, routed)           0.000    13.411    top/teaching_board_top/target/rd2serial/req_size_reg[1]_i_45_n_0
    SLICE_X57Y56         CARRY4 (Prop_carry4_CI_CO[0])
                                                      0.271    13.682 r  top/teaching_board_top/target/rd2serial/req_size_reg[1]_i_18/CO[0]
                         net (fo=163, routed)         0.885    14.568    top/teaching_board_top/target/rd2serial/_T_174
    SLICE_X58Y50         LUT3 (Prop_lut3_I1_O)        0.366    14.934 r  top/teaching_board_top/target/rd2serial/ram_mask_reg_0_1_0_5_i_211/O
                         net (fo=1, routed)           0.421    15.355    top/teaching_board_top/target/rd2serial/ram_mask_reg_0_1_0_5_i_211_n_0
    SLICE_X58Y52         LUT6 (Prop_lut6_I5_O)        0.331    15.686 f  top/teaching_board_top/target/rd2serial/ram_mask_reg_0_1_0_5_i_177/O
                         net (fo=2, routed)           0.664    16.349    top/teaching_board_top/target/rd2serial/ram_mask_reg_0_1_0_5_i_177_n_0
    SLICE_X58Y54         LUT3 (Prop_lut3_I2_O)        0.124    16.473 r  top/teaching_board_top/target/rd2serial/ram_mask_reg_0_1_0_5_i_148/O
                         net (fo=2, routed)           0.687    17.161    top/teaching_board_top/target/rd2serial/ram_mask_reg_0_1_0_5_i_148_n_0
    SLICE_X59Y58         LUT5 (Prop_lut5_I3_O)        0.124    17.285 r  top/teaching_board_top/target/rd2serial/ram_mask_reg_0_1_0_5_i_152/O
                         net (fo=2, routed)           0.633    17.918    top/teaching_board_top/target/rd2serial/ram_mask_reg_0_1_0_5_i_152_n_0
    SLICE_X59Y57         LUT6 (Prop_lut6_I1_O)        0.124    18.042 r  top/teaching_board_top/target/rd2serial/ram_mask_reg_0_1_0_5_i_78/O
                         net (fo=3, routed)           0.486    18.528    top/teaching_board_top/target/rd2serial/ram_mask_reg_0_1_0_5_i_78_n_0
    SLICE_X59Y56         LUT6 (Prop_lut6_I5_O)        0.124    18.652 r  top/teaching_board_top/target/rd2serial/ram_mask_reg_0_1_0_5_i_69/O
                         net (fo=6, routed)           0.769    19.421    top/teaching_board_top/target/rd2serial/ram_mask_reg_0_1_0_5_i_69_n_0
    SLICE_X58Y53         LUT5 (Prop_lut5_I3_O)        0.150    19.571 r  top/teaching_board_top/target/rd2serial/ram_mask_reg_0_1_0_5_i_50/O
                         net (fo=4, routed)           0.597    20.169    top/teaching_board_top/target/rd2serial/ram_mask_reg_0_1_0_5_i_50_n_0
    SLICE_X58Y49         LUT5 (Prop_lut5_I2_O)        0.341    20.510 r  top/teaching_board_top/target/rd2serial/ram_mask_reg_0_1_0_5_i_36/O
                         net (fo=1, routed)           0.622    21.132    top/teaching_board_top/target/rd2serial/ram_mask_reg_0_1_0_5_i_36_n_0
    SLICE_X54Y49         CARRY4 (Prop_carry4_DI[2]_CO[3])
                                                      0.611    21.743 r  top/teaching_board_top/target/rd2serial/ram_mask_reg_0_1_0_5_i_27/CO[3]
                         net (fo=1, routed)           0.001    21.744    top/teaching_board_top/target/rd2serial/ram_mask_reg_0_1_0_5_i_27_n_0
    SLICE_X54Y50         CARRY4 (Prop_carry4_CI_CO[2])
                                                      0.229    21.973 r  top/teaching_board_top/target/rd2serial/ram_mask_reg_0_1_0_5_i_26/CO[2]
                         net (fo=1, routed)           0.630    22.602    top/teaching_board_top/target/rd2serial/_T_317[6]
    SLICE_X53Y49         LUT4 (Prop_lut4_I3_O)        0.310    22.912 r  top/teaching_board_top/target/rd2serial/ram_mask_reg_0_1_0_5_i_28/O
                         net (fo=1, routed)           0.263    23.175    top/teaching_board_top/target/rd2serial/ram_mask_reg_0_1_0_5_i_28_n_0
    SLICE_X53Y49         LUT4 (Prop_lut4_I3_O)        0.124    23.299 r  top/teaching_board_top/target/rd2serial/ram_mask_reg_0_1_0_5_i_20/O
                         net (fo=8, routed)           0.760    24.059    top/teaching_board_top/target/rd2serial/ram_mask_reg_0_1_0_5_i_20_n_0
    SLICE_X45Y47         LUT2 (Prop_lut2_I1_O)        0.118    24.177 f  top/teaching_board_top/target/rd2serial/req_address[2]_i_3/O
                         net (fo=6, routed)           0.654    24.830    top/teaching_board_top/target/rd2serial/addr_reg[2]_0
    SLICE_X44Y46         LUT4 (Prop_lut4_I2_O)        0.320    25.150 r  top/teaching_board_top/target/rd2serial/ram_mask_reg_0_1_0_5_i_29/O
                         net (fo=1, routed)           0.436    25.587    top/teaching_board_top/target/rd2serial/ram_mask_reg_0_1_0_5_i_29_n_0
    SLICE_X44Y46         LUT6 (Prop_lut6_I4_O)        0.326    25.913 r  top/teaching_board_top/target/rd2serial/ram_mask_reg_0_1_0_5_i_21/O
                         net (fo=2, routed)           0.454    26.367    top/teaching_board_top/target/rd2serial/ram_mask_reg_0_1_0_5_i_21_n_0
    SLICE_X44Y45         LUT6 (Prop_lut6_I5_O)        0.124    26.491 r  top/teaching_board_top/target/rd2serial/ram_mask_reg_0_1_0_5_i_8__0/O
                         net (fo=2, routed)           0.454    26.945    top/teaching_board_top/target/sbus/system_bus_xbar/rd2serial_auto_out_a_bits_mask[1]
    SLICE_X41Y44         LUT4 (Prop_lut4_I2_O)        0.124    27.069 r  top/teaching_board_top/target/sbus/system_bus_xbar/req_mask[1]_i_1/O
                         net (fo=2, routed)           0.710    27.779    top/teaching_board_top/target/backend/req_mask_reg[1]_0
    SLICE_X37Y53         LUT6 (Prop_lut6_I0_O)        0.124    27.903 r  top/teaching_board_top/target/backend/ram_mask_reg_0_7_0_5_i_1/O
                         net (fo=4, routed)           0.933    28.836    top/teaching_board_top/target/bh/TLBroadcastTracker/o_data/ram_mask_reg_0_7_0_5/DIA1
    SLICE_X26Y51         RAMD32                                       r  top/teaching_board_top/target/bh/TLBroadcastTracker/o_data/ram_mask_reg_0_7_0_5/RAMA_D1/I
  -------------------------------------------------------------------    -------------------

                         (clock host_clk_i rise edge)
                                                     25.000    25.000 r  
    H16                                               0.000    25.000 r  clk (IN)
                         net (fo=0)                   0.000    25.000    clk
    H16                  IBUF (Prop_ibuf_I_O)         1.380    26.380 r  ibufg_gclk/O
                         net (fo=1, routed)           1.162    27.542    gclk_i
    MMCME2_ADV_X1Y2      MMCME2_ADV (Prop_mmcme2_adv_CLKIN1_CLKOUT0)
                                                      0.083    27.625 r  MMCME2_BASE_inst/CLKOUT0
                         net (fo=1, routed)           2.012    29.637    host_clk_i
    BUFGCTRL_X0Y16       BUFG (Prop_bufg_I_O)         0.091    29.728 r  bufg_host_clk/O
                         net (fo=7403, routed)        1.522    31.250    top/teaching_board_top/target/bh/TLBroadcastTracker/o_data/ram_mask_reg_0_7_0_5/WCLK
    SLICE_X26Y51         RAMD32                                       r  top/teaching_board_top/target/bh/TLBroadcastTracker/o_data/ram_mask_reg_0_7_0_5/RAMA_D1/CLK
                         clock pessimism              0.402    31.652    
                         clock uncertainty           -0.082    31.571    
    SLICE_X26Y51         RAMD32 (Setup_ramd32_CLK_I)
                                                     -0.258    31.313    top/teaching_board_top/target/bh/TLBroadcastTracker/o_data/ram_mask_reg_0_7_0_5/RAMA_D1
  -------------------------------------------------------------------
                         required time                         31.313    
                         arrival time                         -28.836    
  -------------------------------------------------------------------
                         slack                                  2.477    

Slack (MET) :             2.541ns  (required time - arrival time)
  Source:                 top/teaching_board_top/target/rd2serial/addr_reg[4]/C
                            (rising edge-triggered cell FDRE clocked by host_clk_i  {rise@0.000ns fall@12.500ns period=25.000ns})
  Destination:            top/teaching_board_top/target/bh/TLBroadcastTracker_1/o_data/ram_mask_reg_0_7_0_5/RAMC/I
                            (rising edge-triggered cell RAMD32 clocked by host_clk_i  {rise@0.000ns fall@12.500ns period=25.000ns})
  Path Group:             host_clk_i
  Path Type:              Setup (Max at Slow Process Corner)
  Requirement:            25.000ns  (host_clk_i rise@25.000ns - host_clk_i rise@0.000ns)
  Data Path Delay:        21.995ns  (logic 8.724ns (39.663%)  route 13.271ns (60.337%))
  Logic Levels:           36  (CARRY4=19 LUT2=1 LUT3=2 LUT4=5 LUT5=4 LUT6=5)
  Clock Path Skew:        -0.207ns (DCD - SCD + CPR)
    Destination Clock Delay (DCD):    6.250ns = ( 31.250 - 25.000 ) 
    Source Clock Delay      (SCD):    6.860ns
    Clock Pessimism Removal (CPR):    0.402ns
  Clock Uncertainty:      0.082ns  ((TSJ^2 + DJ^2)^1/2) / 2 + PE
    Total System Jitter     (TSJ):    0.071ns
    Discrete Jitter          (DJ):    0.147ns
    Phase Error              (PE):    0.000ns

    Location             Delay type                Incr(ns)  Path(ns)    Netlist Resource(s)
  -------------------------------------------------------------------    -------------------
                         (clock host_clk_i rise edge)
                                                      0.000     0.000 r  
    H16                                               0.000     0.000 r  clk (IN)
                         net (fo=0)                   0.000     0.000    clk
    H16                  IBUF (Prop_ibuf_I_O)         1.451     1.451 r  ibufg_gclk/O
                         net (fo=1, routed)           1.285     2.736    gclk_i
    MMCME2_ADV_X1Y2      MMCME2_ADV (Prop_mmcme2_adv_CLKIN1_CLKOUT0)
                                                      0.088     2.824 r  MMCME2_BASE_inst/CLKOUT0
                         net (fo=1, routed)           2.206     5.030    host_clk_i
    BUFGCTRL_X0Y16       BUFG (Prop_bufg_I_O)         0.101     5.131 r  bufg_host_clk/O
                         net (fo=7403, routed)        1.729     6.860    top/teaching_board_top/target/rd2serial/host_clk
    SLICE_X57Y44         FDRE                                         r  top/teaching_board_top/target/rd2serial/addr_reg[4]/C
  -------------------------------------------------------------------    -------------------
    SLICE_X57Y44         FDRE (Prop_fdre_C_Q)         0.456     7.316 r  top/teaching_board_top/target/rd2serial/addr_reg[4]/Q
                         net (fo=5, routed)           0.619     7.935    top/teaching_board_top/target/rd2serial/addr_reg[31]_0[1]
    SLICE_X55Y44         CARRY4 (Prop_carry4_S[0]_CO[3])
                                                      0.656     8.591 r  top/teaching_board_top/target/rd2serial/addr_reg[7]_i_2/CO[3]
                         net (fo=1, routed)           0.000     8.591    top/teaching_board_top/target/rd2serial/addr_reg[7]_i_2_n_0
    SLICE_X55Y45         CARRY4 (Prop_carry4_CI_CO[3])
                                                      0.114     8.705 r  top/teaching_board_top/target/rd2serial/addr_reg[11]_i_2/CO[3]
                         net (fo=1, routed)           0.000     8.705    top/teaching_board_top/target/rd2serial/addr_reg[11]_i_2_n_0
    SLICE_X55Y46         CARRY4 (Prop_carry4_CI_CO[3])
                                                      0.114     8.819 r  top/teaching_board_top/target/rd2serial/addr_reg[15]_i_2/CO[3]
                         net (fo=1, routed)           0.000     8.819    top/teaching_board_top/target/rd2serial/addr_reg[15]_i_2_n_0
    SLICE_X55Y47         CARRY4 (Prop_carry4_CI_CO[3])
                                                      0.114     8.933 r  top/teaching_board_top/target/rd2serial/addr_reg[19]_i_2/CO[3]
                         net (fo=1, routed)           0.000     8.933    top/teaching_board_top/target/rd2serial/addr_reg[19]_i_2_n_0
    SLICE_X55Y48         CARRY4 (Prop_carry4_CI_CO[3])
                                                      0.114     9.047 r  top/teaching_board_top/target/rd2serial/addr_reg[23]_i_2/CO[3]
                         net (fo=1, routed)           0.000     9.047    top/teaching_board_top/target/rd2serial/addr_reg[23]_i_2_n_0
    SLICE_X55Y49         CARRY4 (Prop_carry4_CI_CO[3])
                                                      0.114     9.161 r  top/teaching_board_top/target/rd2serial/addr_reg[27]_i_2/CO[3]
                         net (fo=1, routed)           0.001     9.161    top/teaching_board_top/target/rd2serial/addr_reg[27]_i_2_n_0
    SLICE_X55Y50         CARRY4 (Prop_carry4_CI_O[1])
                                                      0.334     9.495 r  top/teaching_board_top/target/rd2serial/addr_reg[31]_i_6/O[1]
                         net (fo=3, routed)           0.556    10.051    top/teaching_board_top/target/rd2serial/_GEN_86[29]
    SLICE_X56Y50         CARRY4 (Prop_carry4_DI[1]_CO[3])
                                                      0.686    10.737 r  top/teaching_board_top/target/rd2serial/ram_mask_reg_0_1_0_5_i_101/CO[3]
                         net (fo=1, routed)           0.000    10.737    top/teaching_board_top/target/rd2serial/ram_mask_reg_0_1_0_5_i_101_n_0
    SLICE_X56Y51         CARRY4 (Prop_carry4_CI_CO[3])
                                                      0.114    10.851 r  top/teaching_board_top/target/rd2serial/ram_mask_reg_0_1_0_5_i_105/CO[3]
                         net (fo=1, routed)           0.000    10.851    top/teaching_board_top/target/rd2serial/ram_mask_reg_0_1_0_5_i_105_n_0
    SLICE_X56Y52         CARRY4 (Prop_carry4_CI_CO[3])
                                                      0.114    10.965 r  top/teaching_board_top/target/rd2serial/req_size_reg[1]_i_64/CO[3]
                         net (fo=1, routed)           0.000    10.965    top/teaching_board_top/target/rd2serial/req_size_reg[1]_i_64_n_0
    SLICE_X56Y53         CARRY4 (Prop_carry4_CI_CO[3])
                                                      0.114    11.079 r  top/teaching_board_top/target/rd2serial/req_size_reg[1]_i_60/CO[3]
                         net (fo=1, routed)           0.000    11.079    top/teaching_board_top/target/rd2serial/req_size_reg[1]_i_60_n_0
    SLICE_X56Y54         CARRY4 (Prop_carry4_CI_CO[3])
                                                      0.114    11.193 r  top/teaching_board_top/target/rd2serial/req_size_reg[1]_i_59/CO[3]
                         net (fo=1, routed)           0.000    11.193    top/teaching_board_top/target/rd2serial/req_size_reg[1]_i_59_n_0
    SLICE_X56Y55         CARRY4 (Prop_carry4_CI_CO[3])
                                                      0.114    11.307 r  top/teaching_board_top/target/rd2serial/req_size_reg[1]_i_37/CO[3]
                         net (fo=1, routed)           0.000    11.307    top/teaching_board_top/target/rd2serial/req_size_reg[1]_i_37_n_0
    SLICE_X56Y56         CARRY4 (Prop_carry4_CI_CO[3])
                                                      0.114    11.421 r  top/teaching_board_top/target/rd2serial/req_size_reg[1]_i_34/CO[3]
                         net (fo=1, routed)           0.000    11.421    top/teaching_board_top/target/rd2serial/req_size_reg[1]_i_34_n_0
    SLICE_X56Y57         CARRY4 (Prop_carry4_CI_O[1])
                                                      0.334    11.755 r  top/teaching_board_top/target/rd2serial/req_size_reg[1]_i_31/O[1]
                         net (fo=8, routed)           0.821    12.576    top/teaching_board_top/target/rd2serial/_GEN_87[57]
    SLICE_X57Y55         LUT4 (Prop_lut4_I1_O)        0.303    12.879 r  top/teaching_board_top/target/rd2serial/req_size[1]_i_87/O
                         net (fo=1, routed)           0.000    12.879    top/teaching_board_top/target/rd2serial/req_size[1]_i_87_n_0
    SLICE_X57Y55         CARRY4 (Prop_carry4_S[0]_CO[3])
                                                      0.532    13.411 r  top/teaching_board_top/target/rd2serial/req_size_reg[1]_i_45/CO[3]
                         net (fo=1, routed)           0.000    13.411    top/teaching_board_top/target/rd2serial/req_size_reg[1]_i_45_n_0
    SLICE_X57Y56         CARRY4 (Prop_carry4_CI_CO[0])
                                                      0.271    13.682 r  top/teaching_board_top/target/rd2serial/req_size_reg[1]_i_18/CO[0]
                         net (fo=163, routed)         0.885    14.568    top/teaching_board_top/target/rd2serial/_T_174
    SLICE_X58Y50         LUT3 (Prop_lut3_I1_O)        0.366    14.934 r  top/teaching_board_top/target/rd2serial/ram_mask_reg_0_1_0_5_i_211/O
                         net (fo=1, routed)           0.421    15.355    top/teaching_board_top/target/rd2serial/ram_mask_reg_0_1_0_5_i_211_n_0
    SLICE_X58Y52         LUT6 (Prop_lut6_I5_O)        0.331    15.686 f  top/teaching_board_top/target/rd2serial/ram_mask_reg_0_1_0_5_i_177/O
                         net (fo=2, routed)           0.664    16.349    top/teaching_board_top/target/rd2serial/ram_mask_reg_0_1_0_5_i_177_n_0
    SLICE_X58Y54         LUT3 (Prop_lut3_I2_O)        0.124    16.473 r  top/teaching_board_top/target/rd2serial/ram_mask_reg_0_1_0_5_i_148/O
                         net (fo=2, routed)           0.687    17.161    top/teaching_board_top/target/rd2serial/ram_mask_reg_0_1_0_5_i_148_n_0
    SLICE_X59Y58         LUT5 (Prop_lut5_I3_O)        0.124    17.285 r  top/teaching_board_top/target/rd2serial/ram_mask_reg_0_1_0_5_i_152/O
                         net (fo=2, routed)           0.633    17.918    top/teaching_board_top/target/rd2serial/ram_mask_reg_0_1_0_5_i_152_n_0
    SLICE_X59Y57         LUT6 (Prop_lut6_I1_O)        0.124    18.042 r  top/teaching_board_top/target/rd2serial/ram_mask_reg_0_1_0_5_i_78/O
                         net (fo=3, routed)           0.486    18.528    top/teaching_board_top/target/rd2serial/ram_mask_reg_0_1_0_5_i_78_n_0
    SLICE_X59Y56         LUT6 (Prop_lut6_I5_O)        0.124    18.652 r  top/teaching_board_top/target/rd2serial/ram_mask_reg_0_1_0_5_i_69/O
                         net (fo=6, routed)           0.769    19.421    top/teaching_board_top/target/rd2serial/ram_mask_reg_0_1_0_5_i_69_n_0
    SLICE_X58Y53         LUT5 (Prop_lut5_I3_O)        0.150    19.571 r  top/teaching_board_top/target/rd2serial/ram_mask_reg_0_1_0_5_i_50/O
                         net (fo=4, routed)           0.597    20.169    top/teaching_board_top/target/rd2serial/ram_mask_reg_0_1_0_5_i_50_n_0
    SLICE_X58Y49         LUT5 (Prop_lut5_I2_O)        0.341    20.510 r  top/teaching_board_top/target/rd2serial/ram_mask_reg_0_1_0_5_i_36/O
                         net (fo=1, routed)           0.622    21.132    top/teaching_board_top/target/rd2serial/ram_mask_reg_0_1_0_5_i_36_n_0
    SLICE_X54Y49         CARRY4 (Prop_carry4_DI[2]_CO[3])
                                                      0.611    21.743 r  top/teaching_board_top/target/rd2serial/ram_mask_reg_0_1_0_5_i_27/CO[3]
                         net (fo=1, routed)           0.001    21.744    top/teaching_board_top/target/rd2serial/ram_mask_reg_0_1_0_5_i_27_n_0
    SLICE_X54Y50         CARRY4 (Prop_carry4_CI_CO[2])
                                                      0.229    21.973 f  top/teaching_board_top/target/rd2serial/ram_mask_reg_0_1_0_5_i_26/CO[2]
                         net (fo=1, routed)           0.630    22.602    top/teaching_board_top/target/rd2serial/_T_317[6]
    SLICE_X53Y49         LUT4 (Prop_lut4_I3_O)        0.310    22.912 f  top/teaching_board_top/target/rd2serial/ram_mask_reg_0_1_0_5_i_28/O
                         net (fo=1, routed)           0.263    23.175    top/teaching_board_top/target/rd2serial/ram_mask_reg_0_1_0_5_i_28_n_0
    SLICE_X53Y49         LUT4 (Prop_lut4_I3_O)        0.124    23.299 f  top/teaching_board_top/target/rd2serial/ram_mask_reg_0_1_0_5_i_20/O
                         net (fo=8, routed)           0.760    24.059    top/teaching_board_top/target/rd2serial/ram_mask_reg_0_1_0_5_i_20_n_0
    SLICE_X45Y47         LUT2 (Prop_lut2_I1_O)        0.118    24.177 r  top/teaching_board_top/target/rd2serial/req_address[2]_i_3/O
                         net (fo=6, routed)           0.654    24.830    top/teaching_board_top/target/rd2serial/addr_reg[2]_0
    SLICE_X44Y46         LUT5 (Prop_lut5_I1_O)        0.326    25.156 r  top/teaching_board_top/target/rd2serial/ram_mask_reg_0_1_0_5_i_25/O
                         net (fo=2, routed)           0.349    25.505    top/teaching_board_top/target/rd2serial/ram_mask_reg_0_1_0_5_i_25_n_0
    SLICE_X45Y46         LUT6 (Prop_lut6_I2_O)        0.124    25.629 r  top/teaching_board_top/target/rd2serial/ram_mask_reg_0_1_0_5_i_18/O
                         net (fo=2, routed)           0.807    26.436    top/teaching_board_top/target/sbus/system_bus_xbar/rd2serial_auto_out_a_bits_mask[4]
    SLICE_X42Y36         LUT4 (Prop_lut4_I2_O)        0.124    26.560 r  top/teaching_board_top/target/sbus/system_bus_xbar/req_mask[4]_i_1/O
                         net (fo=2, routed)           1.056    27.617    top/teaching_board_top/target/backend/req_mask_reg[4]_0
    SLICE_X36Y53         LUT6 (Prop_lut6_I5_O)        0.124    27.741 r  top/teaching_board_top/target/backend/ram_mask_reg_0_7_0_5_i_17/O
                         net (fo=1, routed)           0.171    27.912    top/teaching_board_top/target/backend/ram_mask_reg_0_7_0_5_i_17_n_0
    SLICE_X36Y53         LUT4 (Prop_lut4_I0_O)        0.124    28.036 r  top/teaching_board_top/target/backend/ram_mask_reg_0_7_0_5_i_6/O
                         net (fo=4, routed)           0.819    28.855    top/teaching_board_top/target/bh/TLBroadcastTracker_1/o_data/ram_mask_reg_0_7_0_5/DIC0
    SLICE_X26Y52         RAMD32                                       r  top/teaching_board_top/target/bh/TLBroadcastTracker_1/o_data/ram_mask_reg_0_7_0_5/RAMC/I
  -------------------------------------------------------------------    -------------------

                         (clock host_clk_i rise edge)
                                                     25.000    25.000 r  
    H16                                               0.000    25.000 r  clk (IN)
                         net (fo=0)                   0.000    25.000    clk
    H16                  IBUF (Prop_ibuf_I_O)         1.380    26.380 r  ibufg_gclk/O
                         net (fo=1, routed)           1.162    27.542    gclk_i
    MMCME2_ADV_X1Y2      MMCME2_ADV (Prop_mmcme2_adv_CLKIN1_CLKOUT0)
                                                      0.083    27.625 r  MMCME2_BASE_inst/CLKOUT0
                         net (fo=1, routed)           2.012    29.637    host_clk_i
    BUFGCTRL_X0Y16       BUFG (Prop_bufg_I_O)         0.091    29.728 r  bufg_host_clk/O
                         net (fo=7403, routed)        1.522    31.250    top/teaching_board_top/target/bh/TLBroadcastTracker_1/o_data/ram_mask_reg_0_7_0_5/WCLK
    SLICE_X26Y52         RAMD32                                       r  top/teaching_board_top/target/bh/TLBroadcastTracker_1/o_data/ram_mask_reg_0_7_0_5/RAMC/CLK
                         clock pessimism              0.402    31.652    
                         clock uncertainty           -0.082    31.571    
    SLICE_X26Y52         RAMD32 (Setup_ramd32_CLK_I)
                                                     -0.175    31.396    top/teaching_board_top/target/bh/TLBroadcastTracker_1/o_data/ram_mask_reg_0_7_0_5/RAMC
  -------------------------------------------------------------------
                         required time                         31.396    
                         arrival time                         -28.855    
  -------------------------------------------------------------------
                         slack                                  2.541    

Slack (MET) :             2.557ns  (required time - arrival time)
  Source:                 top/teaching_board_top/target/rd2serial/addr_reg[4]/C
                            (rising edge-triggered cell FDRE clocked by host_clk_i  {rise@0.000ns fall@12.500ns period=25.000ns})
  Destination:            top/teaching_board_top/target/bh/TLBroadcastTracker_2/o_data/ram_mask_reg_0_7_0_5/RAMC/I
                            (rising edge-triggered cell RAMD32 clocked by host_clk_i  {rise@0.000ns fall@12.500ns period=25.000ns})
  Path Group:             host_clk_i
  Path Type:              Setup (Max at Slow Process Corner)
  Requirement:            25.000ns  (host_clk_i rise@25.000ns - host_clk_i rise@0.000ns)
  Data Path Delay:        22.044ns  (logic 8.724ns (39.575%)  route 13.320ns (60.425%))
  Logic Levels:           36  (CARRY4=19 LUT2=1 LUT3=2 LUT4=5 LUT5=4 LUT6=5)
  Clock Path Skew:        -0.142ns (DCD - SCD + CPR)
    Destination Clock Delay (DCD):    6.302ns = ( 31.302 - 25.000 ) 
    Source Clock Delay      (SCD):    6.860ns
    Clock Pessimism Removal (CPR):    0.416ns
  Clock Uncertainty:      0.082ns  ((TSJ^2 + DJ^2)^1/2) / 2 + PE
    Total System Jitter     (TSJ):    0.071ns
    Discrete Jitter          (DJ):    0.147ns
    Phase Error              (PE):    0.000ns

    Location             Delay type                Incr(ns)  Path(ns)    Netlist Resource(s)
  -------------------------------------------------------------------    -------------------
                         (clock host_clk_i rise edge)
                                                      0.000     0.000 r  
    H16                                               0.000     0.000 r  clk (IN)
                         net (fo=0)                   0.000     0.000    clk
    H16                  IBUF (Prop_ibuf_I_O)         1.451     1.451 r  ibufg_gclk/O
                         net (fo=1, routed)           1.285     2.736    gclk_i
    MMCME2_ADV_X1Y2      MMCME2_ADV (Prop_mmcme2_adv_CLKIN1_CLKOUT0)
                                                      0.088     2.824 r  MMCME2_BASE_inst/CLKOUT0
                         net (fo=1, routed)           2.206     5.030    host_clk_i
    BUFGCTRL_X0Y16       BUFG (Prop_bufg_I_O)         0.101     5.131 r  bufg_host_clk/O
                         net (fo=7403, routed)        1.729     6.860    top/teaching_board_top/target/rd2serial/host_clk
    SLICE_X57Y44         FDRE                                         r  top/teaching_board_top/target/rd2serial/addr_reg[4]/C
  -------------------------------------------------------------------    -------------------
    SLICE_X57Y44         FDRE (Prop_fdre_C_Q)         0.456     7.316 r  top/teaching_board_top/target/rd2serial/addr_reg[4]/Q
                         net (fo=5, routed)           0.619     7.935    top/teaching_board_top/target/rd2serial/addr_reg[31]_0[1]
    SLICE_X55Y44         CARRY4 (Prop_carry4_S[0]_CO[3])
                                                      0.656     8.591 r  top/teaching_board_top/target/rd2serial/addr_reg[7]_i_2/CO[3]
                         net (fo=1, routed)           0.000     8.591    top/teaching_board_top/target/rd2serial/addr_reg[7]_i_2_n_0
    SLICE_X55Y45         CARRY4 (Prop_carry4_CI_CO[3])
                                                      0.114     8.705 r  top/teaching_board_top/target/rd2serial/addr_reg[11]_i_2/CO[3]
                         net (fo=1, routed)           0.000     8.705    top/teaching_board_top/target/rd2serial/addr_reg[11]_i_2_n_0
    SLICE_X55Y46         CARRY4 (Prop_carry4_CI_CO[3])
                                                      0.114     8.819 r  top/teaching_board_top/target/rd2serial/addr_reg[15]_i_2/CO[3]
                         net (fo=1, routed)           0.000     8.819    top/teaching_board_top/target/rd2serial/addr_reg[15]_i_2_n_0
    SLICE_X55Y47         CARRY4 (Prop_carry4_CI_CO[3])
                                                      0.114     8.933 r  top/teaching_board_top/target/rd2serial/addr_reg[19]_i_2/CO[3]
                         net (fo=1, routed)           0.000     8.933    top/teaching_board_top/target/rd2serial/addr_reg[19]_i_2_n_0
    SLICE_X55Y48         CARRY4 (Prop_carry4_CI_CO[3])
                                                      0.114     9.047 r  top/teaching_board_top/target/rd2serial/addr_reg[23]_i_2/CO[3]
                         net (fo=1, routed)           0.000     9.047    top/teaching_board_top/target/rd2serial/addr_reg[23]_i_2_n_0
    SLICE_X55Y49         CARRY4 (Prop_carry4_CI_CO[3])
                                                      0.114     9.161 r  top/teaching_board_top/target/rd2serial/addr_reg[27]_i_2/CO[3]
                         net (fo=1, routed)           0.001     9.161    top/teaching_board_top/target/rd2serial/addr_reg[27]_i_2_n_0
    SLICE_X55Y50         CARRY4 (Prop_carry4_CI_O[1])
                                                      0.334     9.495 r  top/teaching_board_top/target/rd2serial/addr_reg[31]_i_6/O[1]
                         net (fo=3, routed)           0.556    10.051    top/teaching_board_top/target/rd2serial/_GEN_86[29]
    SLICE_X56Y50         CARRY4 (Prop_carry4_DI[1]_CO[3])
                                                      0.686    10.737 r  top/teaching_board_top/target/rd2serial/ram_mask_reg_0_1_0_5_i_101/CO[3]
                         net (fo=1, routed)           0.000    10.737    top/teaching_board_top/target/rd2serial/ram_mask_reg_0_1_0_5_i_101_n_0
    SLICE_X56Y51         CARRY4 (Prop_carry4_CI_CO[3])
                                                      0.114    10.851 r  top/teaching_board_top/target/rd2serial/ram_mask_reg_0_1_0_5_i_105/CO[3]
                         net (fo=1, routed)           0.000    10.851    top/teaching_board_top/target/rd2serial/ram_mask_reg_0_1_0_5_i_105_n_0
    SLICE_X56Y52         CARRY4 (Prop_carry4_CI_CO[3])
                                                      0.114    10.965 r  top/teaching_board_top/target/rd2serial/req_size_reg[1]_i_64/CO[3]
                         net (fo=1, routed)           0.000    10.965    top/teaching_board_top/target/rd2serial/req_size_reg[1]_i_64_n_0
    SLICE_X56Y53         CARRY4 (Prop_carry4_CI_CO[3])
                                                      0.114    11.079 r  top/teaching_board_top/target/rd2serial/req_size_reg[1]_i_60/CO[3]
                         net (fo=1, routed)           0.000    11.079    top/teaching_board_top/target/rd2serial/req_size_reg[1]_i_60_n_0
    SLICE_X56Y54         CARRY4 (Prop_carry4_CI_CO[3])
                                                      0.114    11.193 r  top/teaching_board_top/target/rd2serial/req_size_reg[1]_i_59/CO[3]
                         net (fo=1, routed)           0.000    11.193    top/teaching_board_top/target/rd2serial/req_size_reg[1]_i_59_n_0
    SLICE_X56Y55         CARRY4 (Prop_carry4_CI_CO[3])
                                                      0.114    11.307 r  top/teaching_board_top/target/rd2serial/req_size_reg[1]_i_37/CO[3]
                         net (fo=1, routed)           0.000    11.307    top/teaching_board_top/target/rd2serial/req_size_reg[1]_i_37_n_0
    SLICE_X56Y56         CARRY4 (Prop_carry4_CI_CO[3])
                                                      0.114    11.421 r  top/teaching_board_top/target/rd2serial/req_size_reg[1]_i_34/CO[3]
                         net (fo=1, routed)           0.000    11.421    top/teaching_board_top/target/rd2serial/req_size_reg[1]_i_34_n_0
    SLICE_X56Y57         CARRY4 (Prop_carry4_CI_O[1])
                                                      0.334    11.755 r  top/teaching_board_top/target/rd2serial/req_size_reg[1]_i_31/O[1]
                         net (fo=8, routed)           0.821    12.576    top/teaching_board_top/target/rd2serial/_GEN_87[57]
    SLICE_X57Y55         LUT4 (Prop_lut4_I1_O)        0.303    12.879 r  top/teaching_board_top/target/rd2serial/req_size[1]_i_87/O
                         net (fo=1, routed)           0.000    12.879    top/teaching_board_top/target/rd2serial/req_size[1]_i_87_n_0
    SLICE_X57Y55         CARRY4 (Prop_carry4_S[0]_CO[3])
                                                      0.532    13.411 r  top/teaching_board_top/target/rd2serial/req_size_reg[1]_i_45/CO[3]
                         net (fo=1, routed)           0.000    13.411    top/teaching_board_top/target/rd2serial/req_size_reg[1]_i_45_n_0
    SLICE_X57Y56         CARRY4 (Prop_carry4_CI_CO[0])
                                                      0.271    13.682 r  top/teaching_board_top/target/rd2serial/req_size_reg[1]_i_18/CO[0]
                         net (fo=163, routed)         0.885    14.568    top/teaching_board_top/target/rd2serial/_T_174
    SLICE_X58Y50         LUT3 (Prop_lut3_I1_O)        0.366    14.934 r  top/teaching_board_top/target/rd2serial/ram_mask_reg_0_1_0_5_i_211/O
                         net (fo=1, routed)           0.421    15.355    top/teaching_board_top/target/rd2serial/ram_mask_reg_0_1_0_5_i_211_n_0
    SLICE_X58Y52         LUT6 (Prop_lut6_I5_O)        0.331    15.686 f  top/teaching_board_top/target/rd2serial/ram_mask_reg_0_1_0_5_i_177/O
                         net (fo=2, routed)           0.664    16.349    top/teaching_board_top/target/rd2serial/ram_mask_reg_0_1_0_5_i_177_n_0
    SLICE_X58Y54         LUT3 (Prop_lut3_I2_O)        0.124    16.473 r  top/teaching_board_top/target/rd2serial/ram_mask_reg_0_1_0_5_i_148/O
                         net (fo=2, routed)           0.687    17.161    top/teaching_board_top/target/rd2serial/ram_mask_reg_0_1_0_5_i_148_n_0
    SLICE_X59Y58         LUT5 (Prop_lut5_I3_O)        0.124    17.285 r  top/teaching_board_top/target/rd2serial/ram_mask_reg_0_1_0_5_i_152/O
                         net (fo=2, routed)           0.633    17.918    top/teaching_board_top/target/rd2serial/ram_mask_reg_0_1_0_5_i_152_n_0
    SLICE_X59Y57         LUT6 (Prop_lut6_I1_O)        0.124    18.042 r  top/teaching_board_top/target/rd2serial/ram_mask_reg_0_1_0_5_i_78/O
                         net (fo=3, routed)           0.486    18.528    top/teaching_board_top/target/rd2serial/ram_mask_reg_0_1_0_5_i_78_n_0
    SLICE_X59Y56         LUT6 (Prop_lut6_I5_O)        0.124    18.652 r  top/teaching_board_top/target/rd2serial/ram_mask_reg_0_1_0_5_i_69/O
                         net (fo=6, routed)           0.769    19.421    top/teaching_board_top/target/rd2serial/ram_mask_reg_0_1_0_5_i_69_n_0
    SLICE_X58Y53         LUT5 (Prop_lut5_I3_O)        0.150    19.571 r  top/teaching_board_top/target/rd2serial/ram_mask_reg_0_1_0_5_i_50/O
                         net (fo=4, routed)           0.597    20.169    top/teaching_board_top/target/rd2serial/ram_mask_reg_0_1_0_5_i_50_n_0
    SLICE_X58Y49         LUT5 (Prop_lut5_I2_O)        0.341    20.510 r  top/teaching_board_top/target/rd2serial/ram_mask_reg_0_1_0_5_i_36/O
                         net (fo=1, routed)           0.622    21.132    top/teaching_board_top/target/rd2serial/ram_mask_reg_0_1_0_5_i_36_n_0
    SLICE_X54Y49         CARRY4 (Prop_carry4_DI[2]_CO[3])
                                                      0.611    21.743 r  top/teaching_board_top/target/rd2serial/ram_mask_reg_0_1_0_5_i_27/CO[3]
                         net (fo=1, routed)           0.001    21.744    top/teaching_board_top/target/rd2serial/ram_mask_reg_0_1_0_5_i_27_n_0
    SLICE_X54Y50         CARRY4 (Prop_carry4_CI_CO[2])
                                                      0.229    21.973 f  top/teaching_board_top/target/rd2serial/ram_mask_reg_0_1_0_5_i_26/CO[2]
                         net (fo=1, routed)           0.630    22.602    top/teaching_board_top/target/rd2serial/_T_317[6]
    SLICE_X53Y49         LUT4 (Prop_lut4_I3_O)        0.310    22.912 f  top/teaching_board_top/target/rd2serial/ram_mask_reg_0_1_0_5_i_28/O
                         net (fo=1, routed)           0.263    23.175    top/teaching_board_top/target/rd2serial/ram_mask_reg_0_1_0_5_i_28_n_0
    SLICE_X53Y49         LUT4 (Prop_lut4_I3_O)        0.124    23.299 f  top/teaching_board_top/target/rd2serial/ram_mask_reg_0_1_0_5_i_20/O
                         net (fo=8, routed)           0.760    24.059    top/teaching_board_top/target/rd2serial/ram_mask_reg_0_1_0_5_i_20_n_0
    SLICE_X45Y47         LUT2 (Prop_lut2_I1_O)        0.118    24.177 r  top/teaching_board_top/target/rd2serial/req_address[2]_i_3/O
                         net (fo=6, routed)           0.654    24.830    top/teaching_board_top/target/rd2serial/addr_reg[2]_0
    SLICE_X44Y46         LUT5 (Prop_lut5_I1_O)        0.326    25.156 r  top/teaching_board_top/target/rd2serial/ram_mask_reg_0_1_0_5_i_25/O
                         net (fo=2, routed)           0.349    25.505    top/teaching_board_top/target/rd2serial/ram_mask_reg_0_1_0_5_i_25_n_0
    SLICE_X45Y46         LUT6 (Prop_lut6_I2_O)        0.124    25.629 r  top/teaching_board_top/target/rd2serial/ram_mask_reg_0_1_0_5_i_18/O
                         net (fo=2, routed)           0.807    26.436    top/teaching_board_top/target/sbus/system_bus_xbar/rd2serial_auto_out_a_bits_mask[4]
    SLICE_X42Y36         LUT4 (Prop_lut4_I2_O)        0.124    26.560 r  top/teaching_board_top/target/sbus/system_bus_xbar/req_mask[4]_i_1/O
                         net (fo=2, routed)           1.056    27.617    top/teaching_board_top/target/backend/req_mask_reg[4]_0
    SLICE_X36Y53         LUT6 (Prop_lut6_I5_O)        0.124    27.741 r  top/teaching_board_top/target/backend/ram_mask_reg_0_7_0_5_i_17/O
                         net (fo=1, routed)           0.171    27.912    top/teaching_board_top/target/backend/ram_mask_reg_0_7_0_5_i_17_n_0
    SLICE_X36Y53         LUT4 (Prop_lut4_I0_O)        0.124    28.036 r  top/teaching_board_top/target/backend/ram_mask_reg_0_7_0_5_i_6/O
                         net (fo=4, routed)           0.868    28.904    top/teaching_board_top/target/bh/TLBroadcastTracker_2/o_data/ram_mask_reg_0_7_0_5/DIC0
    SLICE_X26Y48         RAMD32                                       r  top/teaching_board_top/target/bh/TLBroadcastTracker_2/o_data/ram_mask_reg_0_7_0_5/RAMC/I
  -------------------------------------------------------------------    -------------------

                         (clock host_clk_i rise edge)
                                                     25.000    25.000 r  
    H16                                               0.000    25.000 r  clk (IN)
                         net (fo=0)                   0.000    25.000    clk
    H16                  IBUF (Prop_ibuf_I_O)         1.380    26.380 r  ibufg_gclk/O
                         net (fo=1, routed)           1.162    27.542    gclk_i
    MMCME2_ADV_X1Y2      MMCME2_ADV (Prop_mmcme2_adv_CLKIN1_CLKOUT0)
                                                      0.083    27.625 r  MMCME2_BASE_inst/CLKOUT0
                         net (fo=1, routed)           2.012    29.637    host_clk_i
    BUFGCTRL_X0Y16       BUFG (Prop_bufg_I_O)         0.091    29.728 r  bufg_host_clk/O
                         net (fo=7403, routed)        1.573    31.302    top/teaching_board_top/target/bh/TLBroadcastTracker_2/o_data/ram_mask_reg_0_7_0_5/WCLK
    SLICE_X26Y48         RAMD32                                       r  top/teaching_board_top/target/bh/TLBroadcastTracker_2/o_data/ram_mask_reg_0_7_0_5/RAMC/CLK
                         clock pessimism              0.416    31.718    
                         clock uncertainty           -0.082    31.636    
    SLICE_X26Y48         RAMD32 (Setup_ramd32_CLK_I)
                                                     -0.175    31.461    top/teaching_board_top/target/bh/TLBroadcastTracker_2/o_data/ram_mask_reg_0_7_0_5/RAMC
  -------------------------------------------------------------------
                         required time                         31.461    
                         arrival time                         -28.904    
  -------------------------------------------------------------------
                         slack                                  2.557    

Slack (MET) :             2.592ns  (required time - arrival time)
  Source:                 top/teaching_board_top/target/rd2serial/addr_reg[4]/C
                            (rising edge-triggered cell FDRE clocked by host_clk_i  {rise@0.000ns fall@12.500ns period=25.000ns})
  Destination:            top/teaching_board_top/target/bh/TLBroadcastTracker_1/o_data/ram_mask_reg_0_7_0_5/RAMA_D1/I
                            (rising edge-triggered cell RAMD32 clocked by host_clk_i  {rise@0.000ns fall@12.500ns period=25.000ns})
  Path Group:             host_clk_i
  Path Type:              Setup (Max at Slow Process Corner)
  Requirement:            25.000ns  (host_clk_i rise@25.000ns - host_clk_i rise@0.000ns)
  Data Path Delay:        21.861ns  (logic 8.920ns (40.802%)  route 12.941ns (59.198%))
  Logic Levels:           36  (CARRY4=19 LUT2=1 LUT3=2 LUT4=5 LUT5=3 LUT6=6)
  Clock Path Skew:        -0.207ns (DCD - SCD + CPR)
    Destination Clock Delay (DCD):    6.250ns = ( 31.250 - 25.000 ) 
    Source Clock Delay      (SCD):    6.860ns
    Clock Pessimism Removal (CPR):    0.402ns
  Clock Uncertainty:      0.082ns  ((TSJ^2 + DJ^2)^1/2) / 2 + PE
    Total System Jitter     (TSJ):    0.071ns
    Discrete Jitter          (DJ):    0.147ns
    Phase Error              (PE):    0.000ns

    Location             Delay type                Incr(ns)  Path(ns)    Netlist Resource(s)
  -------------------------------------------------------------------    -------------------
                         (clock host_clk_i rise edge)
                                                      0.000     0.000 r  
    H16                                               0.000     0.000 r  clk (IN)
                         net (fo=0)                   0.000     0.000    clk
    H16                  IBUF (Prop_ibuf_I_O)         1.451     1.451 r  ibufg_gclk/O
                         net (fo=1, routed)           1.285     2.736    gclk_i
    MMCME2_ADV_X1Y2      MMCME2_ADV (Prop_mmcme2_adv_CLKIN1_CLKOUT0)
                                                      0.088     2.824 r  MMCME2_BASE_inst/CLKOUT0
                         net (fo=1, routed)           2.206     5.030    host_clk_i
    BUFGCTRL_X0Y16       BUFG (Prop_bufg_I_O)         0.101     5.131 r  bufg_host_clk/O
                         net (fo=7403, routed)        1.729     6.860    top/teaching_board_top/target/rd2serial/host_clk
    SLICE_X57Y44         FDRE                                         r  top/teaching_board_top/target/rd2serial/addr_reg[4]/C
  -------------------------------------------------------------------    -------------------
    SLICE_X57Y44         FDRE (Prop_fdre_C_Q)         0.456     7.316 r  top/teaching_board_top/target/rd2serial/addr_reg[4]/Q
                         net (fo=5, routed)           0.619     7.935    top/teaching_board_top/target/rd2serial/addr_reg[31]_0[1]
    SLICE_X55Y44         CARRY4 (Prop_carry4_S[0]_CO[3])
                                                      0.656     8.591 r  top/teaching_board_top/target/rd2serial/addr_reg[7]_i_2/CO[3]
                         net (fo=1, routed)           0.000     8.591    top/teaching_board_top/target/rd2serial/addr_reg[7]_i_2_n_0
    SLICE_X55Y45         CARRY4 (Prop_carry4_CI_CO[3])
                                                      0.114     8.705 r  top/teaching_board_top/target/rd2serial/addr_reg[11]_i_2/CO[3]
                         net (fo=1, routed)           0.000     8.705    top/teaching_board_top/target/rd2serial/addr_reg[11]_i_2_n_0
    SLICE_X55Y46         CARRY4 (Prop_carry4_CI_CO[3])
                                                      0.114     8.819 r  top/teaching_board_top/target/rd2serial/addr_reg[15]_i_2/CO[3]
                         net (fo=1, routed)           0.000     8.819    top/teaching_board_top/target/rd2serial/addr_reg[15]_i_2_n_0
    SLICE_X55Y47         CARRY4 (Prop_carry4_CI_CO[3])
                                                      0.114     8.933 r  top/teaching_board_top/target/rd2serial/addr_reg[19]_i_2/CO[3]
                         net (fo=1, routed)           0.000     8.933    top/teaching_board_top/target/rd2serial/addr_reg[19]_i_2_n_0
    SLICE_X55Y48         CARRY4 (Prop_carry4_CI_CO[3])
                                                      0.114     9.047 r  top/teaching_board_top/target/rd2serial/addr_reg[23]_i_2/CO[3]
                         net (fo=1, routed)           0.000     9.047    top/teaching_board_top/target/rd2serial/addr_reg[23]_i_2_n_0
    SLICE_X55Y49         CARRY4 (Prop_carry4_CI_CO[3])
                                                      0.114     9.161 r  top/teaching_board_top/target/rd2serial/addr_reg[27]_i_2/CO[3]
                         net (fo=1, routed)           0.001     9.161    top/teaching_board_top/target/rd2serial/addr_reg[27]_i_2_n_0
    SLICE_X55Y50         CARRY4 (Prop_carry4_CI_O[1])
                                                      0.334     9.495 r  top/teaching_board_top/target/rd2serial/addr_reg[31]_i_6/O[1]
                         net (fo=3, routed)           0.556    10.051    top/teaching_board_top/target/rd2serial/_GEN_86[29]
    SLICE_X56Y50         CARRY4 (Prop_carry4_DI[1]_CO[3])
                                                      0.686    10.737 r  top/teaching_board_top/target/rd2serial/ram_mask_reg_0_1_0_5_i_101/CO[3]
                         net (fo=1, routed)           0.000    10.737    top/teaching_board_top/target/rd2serial/ram_mask_reg_0_1_0_5_i_101_n_0
    SLICE_X56Y51         CARRY4 (Prop_carry4_CI_CO[3])
                                                      0.114    10.851 r  top/teaching_board_top/target/rd2serial/ram_mask_reg_0_1_0_5_i_105/CO[3]
                         net (fo=1, routed)           0.000    10.851    top/teaching_board_top/target/rd2serial/ram_mask_reg_0_1_0_5_i_105_n_0
    SLICE_X56Y52         CARRY4 (Prop_carry4_CI_CO[3])
                                                      0.114    10.965 r  top/teaching_board_top/target/rd2serial/req_size_reg[1]_i_64/CO[3]
                         net (fo=1, routed)           0.000    10.965    top/teaching_board_top/target/rd2serial/req_size_reg[1]_i_64_n_0
    SLICE_X56Y53         CARRY4 (Prop_carry4_CI_CO[3])
                                                      0.114    11.079 r  top/teaching_board_top/target/rd2serial/req_size_reg[1]_i_60/CO[3]
                         net (fo=1, routed)           0.000    11.079    top/teaching_board_top/target/rd2serial/req_size_reg[1]_i_60_n_0
    SLICE_X56Y54         CARRY4 (Prop_carry4_CI_CO[3])
                                                      0.114    11.193 r  top/teaching_board_top/target/rd2serial/req_size_reg[1]_i_59/CO[3]
                         net (fo=1, routed)           0.000    11.193    top/teaching_board_top/target/rd2serial/req_size_reg[1]_i_59_n_0
    SLICE_X56Y55         CARRY4 (Prop_carry4_CI_CO[3])
                                                      0.114    11.307 r  top/teaching_board_top/target/rd2serial/req_size_reg[1]_i_37/CO[3]
                         net (fo=1, routed)           0.000    11.307    top/teaching_board_top/target/rd2serial/req_size_reg[1]_i_37_n_0
    SLICE_X56Y56         CARRY4 (Prop_carry4_CI_CO[3])
                                                      0.114    11.421 r  top/teaching_board_top/target/rd2serial/req_size_reg[1]_i_34/CO[3]
                         net (fo=1, routed)           0.000    11.421    top/teaching_board_top/target/rd2serial/req_size_reg[1]_i_34_n_0
    SLICE_X56Y57         CARRY4 (Prop_carry4_CI_O[1])
                                                      0.334    11.755 r  top/teaching_board_top/target/rd2serial/req_size_reg[1]_i_31/O[1]
                         net (fo=8, routed)           0.821    12.576    top/teaching_board_top/target/rd2serial/_GEN_87[57]
    SLICE_X57Y55         LUT4 (Prop_lut4_I1_O)        0.303    12.879 r  top/teaching_board_top/target/rd2serial/req_size[1]_i_87/O
                         net (fo=1, routed)           0.000    12.879    top/teaching_board_top/target/rd2serial/req_size[1]_i_87_n_0
    SLICE_X57Y55         CARRY4 (Prop_carry4_S[0]_CO[3])
                                                      0.532    13.411 r  top/teaching_board_top/target/rd2serial/req_size_reg[1]_i_45/CO[3]
                         net (fo=1, routed)           0.000    13.411    top/teaching_board_top/target/rd2serial/req_size_reg[1]_i_45_n_0
    SLICE_X57Y56         CARRY4 (Prop_carry4_CI_CO[0])
                                                      0.271    13.682 r  top/teaching_board_top/target/rd2serial/req_size_reg[1]_i_18/CO[0]
                         net (fo=163, routed)         0.885    14.568    top/teaching_board_top/target/rd2serial/_T_174
    SLICE_X58Y50         LUT3 (Prop_lut3_I1_O)        0.366    14.934 r  top/teaching_board_top/target/rd2serial/ram_mask_reg_0_1_0_5_i_211/O
                         net (fo=1, routed)           0.421    15.355    top/teaching_board_top/target/rd2serial/ram_mask_reg_0_1_0_5_i_211_n_0
    SLICE_X58Y52         LUT6 (Prop_lut6_I5_O)        0.331    15.686 f  top/teaching_board_top/target/rd2serial/ram_mask_reg_0_1_0_5_i_177/O
                         net (fo=2, routed)           0.664    16.349    top/teaching_board_top/target/rd2serial/ram_mask_reg_0_1_0_5_i_177_n_0
    SLICE_X58Y54         LUT3 (Prop_lut3_I2_O)        0.124    16.473 r  top/teaching_board_top/target/rd2serial/ram_mask_reg_0_1_0_5_i_148/O
                         net (fo=2, routed)           0.687    17.161    top/teaching_board_top/target/rd2serial/ram_mask_reg_0_1_0_5_i_148_n_0
    SLICE_X59Y58         LUT5 (Prop_lut5_I3_O)        0.124    17.285 r  top/teaching_board_top/target/rd2serial/ram_mask_reg_0_1_0_5_i_152/O
                         net (fo=2, routed)           0.633    17.918    top/teaching_board_top/target/rd2serial/ram_mask_reg_0_1_0_5_i_152_n_0
    SLICE_X59Y57         LUT6 (Prop_lut6_I1_O)        0.124    18.042 r  top/teaching_board_top/target/rd2serial/ram_mask_reg_0_1_0_5_i_78/O
                         net (fo=3, routed)           0.486    18.528    top/teaching_board_top/target/rd2serial/ram_mask_reg_0_1_0_5_i_78_n_0
    SLICE_X59Y56         LUT6 (Prop_lut6_I5_O)        0.124    18.652 r  top/teaching_board_top/target/rd2serial/ram_mask_reg_0_1_0_5_i_69/O
                         net (fo=6, routed)           0.769    19.421    top/teaching_board_top/target/rd2serial/ram_mask_reg_0_1_0_5_i_69_n_0
    SLICE_X58Y53         LUT5 (Prop_lut5_I3_O)        0.150    19.571 r  top/teaching_board_top/target/rd2serial/ram_mask_reg_0_1_0_5_i_50/O
                         net (fo=4, routed)           0.597    20.169    top/teaching_board_top/target/rd2serial/ram_mask_reg_0_1_0_5_i_50_n_0
    SLICE_X58Y49         LUT5 (Prop_lut5_I2_O)        0.341    20.510 r  top/teaching_board_top/target/rd2serial/ram_mask_reg_0_1_0_5_i_36/O
                         net (fo=1, routed)           0.622    21.132    top/teaching_board_top/target/rd2serial/ram_mask_reg_0_1_0_5_i_36_n_0
    SLICE_X54Y49         CARRY4 (Prop_carry4_DI[2]_CO[3])
                                                      0.611    21.743 r  top/teaching_board_top/target/rd2serial/ram_mask_reg_0_1_0_5_i_27/CO[3]
                         net (fo=1, routed)           0.001    21.744    top/teaching_board_top/target/rd2serial/ram_mask_reg_0_1_0_5_i_27_n_0
    SLICE_X54Y50         CARRY4 (Prop_carry4_CI_CO[2])
                                                      0.229    21.973 r  top/teaching_board_top/target/rd2serial/ram_mask_reg_0_1_0_5_i_26/CO[2]
                         net (fo=1, routed)           0.630    22.602    top/teaching_board_top/target/rd2serial/_T_317[6]
    SLICE_X53Y49         LUT4 (Prop_lut4_I3_O)        0.310    22.912 r  top/teaching_board_top/target/rd2serial/ram_mask_reg_0_1_0_5_i_28/O
                         net (fo=1, routed)           0.263    23.175    top/teaching_board_top/target/rd2serial/ram_mask_reg_0_1_0_5_i_28_n_0
    SLICE_X53Y49         LUT4 (Prop_lut4_I3_O)        0.124    23.299 r  top/teaching_board_top/target/rd2serial/ram_mask_reg_0_1_0_5_i_20/O
                         net (fo=8, routed)           0.760    24.059    top/teaching_board_top/target/rd2serial/ram_mask_reg_0_1_0_5_i_20_n_0
    SLICE_X45Y47         LUT2 (Prop_lut2_I1_O)        0.118    24.177 f  top/teaching_board_top/target/rd2serial/req_address[2]_i_3/O
                         net (fo=6, routed)           0.654    24.830    top/teaching_board_top/target/rd2serial/addr_reg[2]_0
    SLICE_X44Y46         LUT4 (Prop_lut4_I2_O)        0.320    25.150 r  top/teaching_board_top/target/rd2serial/ram_mask_reg_0_1_0_5_i_29/O
                         net (fo=1, routed)           0.436    25.587    top/teaching_board_top/target/rd2serial/ram_mask_reg_0_1_0_5_i_29_n_0
    SLICE_X44Y46         LUT6 (Prop_lut6_I4_O)        0.326    25.913 r  top/teaching_board_top/target/rd2serial/ram_mask_reg_0_1_0_5_i_21/O
                         net (fo=2, routed)           0.454    26.367    top/teaching_board_top/target/rd2serial/ram_mask_reg_0_1_0_5_i_21_n_0
    SLICE_X44Y45         LUT6 (Prop_lut6_I5_O)        0.124    26.491 r  top/teaching_board_top/target/rd2serial/ram_mask_reg_0_1_0_5_i_8__0/O
                         net (fo=2, routed)           0.454    26.945    top/teaching_board_top/target/sbus/system_bus_xbar/rd2serial_auto_out_a_bits_mask[1]
    SLICE_X41Y44         LUT4 (Prop_lut4_I2_O)        0.124    27.069 r  top/teaching_board_top/target/sbus/system_bus_xbar/req_mask[1]_i_1/O
                         net (fo=2, routed)           0.710    27.779    top/teaching_board_top/target/backend/req_mask_reg[1]_0
    SLICE_X37Y53         LUT6 (Prop_lut6_I0_O)        0.124    27.903 r  top/teaching_board_top/target/backend/ram_mask_reg_0_7_0_5_i_1/O
                         net (fo=4, routed)           0.818    28.721    top/teaching_board_top/target/bh/TLBroadcastTracker_1/o_data/ram_mask_reg_0_7_0_5/DIA1
    SLICE_X26Y52         RAMD32                                       r  top/teaching_board_top/target/bh/TLBroadcastTracker_1/o_data/ram_mask_reg_0_7_0_5/RAMA_D1/I
  -------------------------------------------------------------------    -------------------

                         (clock host_clk_i rise edge)
                                                     25.000    25.000 r  
    H16                                               0.000    25.000 r  clk (IN)
                         net (fo=0)                   0.000    25.000    clk
    H16                  IBUF (Prop_ibuf_I_O)         1.380    26.380 r  ibufg_gclk/O
                         net (fo=1, routed)           1.162    27.542    gclk_i
    MMCME2_ADV_X1Y2      MMCME2_ADV (Prop_mmcme2_adv_CLKIN1_CLKOUT0)
                                                      0.083    27.625 r  MMCME2_BASE_inst/CLKOUT0
                         net (fo=1, routed)           2.012    29.637    host_clk_i
    BUFGCTRL_X0Y16       BUFG (Prop_bufg_I_O)         0.091    29.728 r  bufg_host_clk/O
                         net (fo=7403, routed)        1.522    31.250    top/teaching_board_top/target/bh/TLBroadcastTracker_1/o_data/ram_mask_reg_0_7_0_5/WCLK
    SLICE_X26Y52         RAMD32                                       r  top/teaching_board_top/target/bh/TLBroadcastTracker_1/o_data/ram_mask_reg_0_7_0_5/RAMA_D1/CLK
                         clock pessimism              0.402    31.652    
                         clock uncertainty           -0.082    31.571    
    SLICE_X26Y52         RAMD32 (Setup_ramd32_CLK_I)
                                                     -0.258    31.313    top/teaching_board_top/target/bh/TLBroadcastTracker_1/o_data/ram_mask_reg_0_7_0_5/RAMA_D1
  -------------------------------------------------------------------
                         required time                         31.313    
                         arrival time                         -28.721    
  -------------------------------------------------------------------
                         slack                                  2.592    

Slack (MET) :             2.595ns  (required time - arrival time)
  Source:                 top/teaching_board_top/target/rd2serial/addr_reg[4]/C
                            (rising edge-triggered cell FDRE clocked by host_clk_i  {rise@0.000ns fall@12.500ns period=25.000ns})
  Destination:            top/teaching_board_top/target/bh/TLBroadcastTracker_2/o_data/ram_mask_reg_0_7_0_5/RAMA_D1/I
                            (rising edge-triggered cell RAMD32 clocked by host_clk_i  {rise@0.000ns fall@12.500ns period=25.000ns})
  Path Group:             host_clk_i
  Path Type:              Setup (Max at Slow Process Corner)
  Requirement:            25.000ns  (host_clk_i rise@25.000ns - host_clk_i rise@0.000ns)
  Data Path Delay:        21.924ns  (logic 8.920ns (40.687%)  route 13.004ns (59.313%))
  Logic Levels:           36  (CARRY4=19 LUT2=1 LUT3=2 LUT4=5 LUT5=3 LUT6=6)
  Clock Path Skew:        -0.142ns (DCD - SCD + CPR)
    Destination Clock Delay (DCD):    6.302ns = ( 31.302 - 25.000 ) 
    Source Clock Delay      (SCD):    6.860ns
    Clock Pessimism Removal (CPR):    0.416ns
  Clock Uncertainty:      0.082ns  ((TSJ^2 + DJ^2)^1/2) / 2 + PE
    Total System Jitter     (TSJ):    0.071ns
    Discrete Jitter          (DJ):    0.147ns
    Phase Error              (PE):    0.000ns

    Location             Delay type                Incr(ns)  Path(ns)    Netlist Resource(s)
  -------------------------------------------------------------------    -------------------
                         (clock host_clk_i rise edge)
                                                      0.000     0.000 r  
    H16                                               0.000     0.000 r  clk (IN)
                         net (fo=0)                   0.000     0.000    clk
    H16                  IBUF (Prop_ibuf_I_O)         1.451     1.451 r  ibufg_gclk/O
                         net (fo=1, routed)           1.285     2.736    gclk_i
    MMCME2_ADV_X1Y2      MMCME2_ADV (Prop_mmcme2_adv_CLKIN1_CLKOUT0)
                                                      0.088     2.824 r  MMCME2_BASE_inst/CLKOUT0
                         net (fo=1, routed)           2.206     5.030    host_clk_i
    BUFGCTRL_X0Y16       BUFG (Prop_bufg_I_O)         0.101     5.131 r  bufg_host_clk/O
                         net (fo=7403, routed)        1.729     6.860    top/teaching_board_top/target/rd2serial/host_clk
    SLICE_X57Y44         FDRE                                         r  top/teaching_board_top/target/rd2serial/addr_reg[4]/C
  -------------------------------------------------------------------    -------------------
    SLICE_X57Y44         FDRE (Prop_fdre_C_Q)         0.456     7.316 r  top/teaching_board_top/target/rd2serial/addr_reg[4]/Q
                         net (fo=5, routed)           0.619     7.935    top/teaching_board_top/target/rd2serial/addr_reg[31]_0[1]
    SLICE_X55Y44         CARRY4 (Prop_carry4_S[0]_CO[3])
                                                      0.656     8.591 r  top/teaching_board_top/target/rd2serial/addr_reg[7]_i_2/CO[3]
                         net (fo=1, routed)           0.000     8.591    top/teaching_board_top/target/rd2serial/addr_reg[7]_i_2_n_0
    SLICE_X55Y45         CARRY4 (Prop_carry4_CI_CO[3])
                                                      0.114     8.705 r  top/teaching_board_top/target/rd2serial/addr_reg[11]_i_2/CO[3]
                         net (fo=1, routed)           0.000     8.705    top/teaching_board_top/target/rd2serial/addr_reg[11]_i_2_n_0
    SLICE_X55Y46         CARRY4 (Prop_carry4_CI_CO[3])
                                                      0.114     8.819 r  top/teaching_board_top/target/rd2serial/addr_reg[15]_i_2/CO[3]
                         net (fo=1, routed)           0.000     8.819    top/teaching_board_top/target/rd2serial/addr_reg[15]_i_2_n_0
    SLICE_X55Y47         CARRY4 (Prop_carry4_CI_CO[3])
                                                      0.114     8.933 r  top/teaching_board_top/target/rd2serial/addr_reg[19]_i_2/CO[3]
                         net (fo=1, routed)           0.000     8.933    top/teaching_board_top/target/rd2serial/addr_reg[19]_i_2_n_0
    SLICE_X55Y48         CARRY4 (Prop_carry4_CI_CO[3])
                                                      0.114     9.047 r  top/teaching_board_top/target/rd2serial/addr_reg[23]_i_2/CO[3]
                         net (fo=1, routed)           0.000     9.047    top/teaching_board_top/target/rd2serial/addr_reg[23]_i_2_n_0
    SLICE_X55Y49         CARRY4 (Prop_carry4_CI_CO[3])
                                                      0.114     9.161 r  top/teaching_board_top/target/rd2serial/addr_reg[27]_i_2/CO[3]
                         net (fo=1, routed)           0.001     9.161    top/teaching_board_top/target/rd2serial/addr_reg[27]_i_2_n_0
    SLICE_X55Y50         CARRY4 (Prop_carry4_CI_O[1])
                                                      0.334     9.495 r  top/teaching_board_top/target/rd2serial/addr_reg[31]_i_6/O[1]
                         net (fo=3, routed)           0.556    10.051    top/teaching_board_top/target/rd2serial/_GEN_86[29]
    SLICE_X56Y50         CARRY4 (Prop_carry4_DI[1]_CO[3])
                                                      0.686    10.737 r  top/teaching_board_top/target/rd2serial/ram_mask_reg_0_1_0_5_i_101/CO[3]
                         net (fo=1, routed)           0.000    10.737    top/teaching_board_top/target/rd2serial/ram_mask_reg_0_1_0_5_i_101_n_0
    SLICE_X56Y51         CARRY4 (Prop_carry4_CI_CO[3])
                                                      0.114    10.851 r  top/teaching_board_top/target/rd2serial/ram_mask_reg_0_1_0_5_i_105/CO[3]
                         net (fo=1, routed)           0.000    10.851    top/teaching_board_top/target/rd2serial/ram_mask_reg_0_1_0_5_i_105_n_0
    SLICE_X56Y52         CARRY4 (Prop_carry4_CI_CO[3])
                                                      0.114    10.965 r  top/teaching_board_top/target/rd2serial/req_size_reg[1]_i_64/CO[3]
                         net (fo=1, routed)           0.000    10.965    top/teaching_board_top/target/rd2serial/req_size_reg[1]_i_64_n_0
    SLICE_X56Y53         CARRY4 (Prop_carry4_CI_CO[3])
                                                      0.114    11.079 r  top/teaching_board_top/target/rd2serial/req_size_reg[1]_i_60/CO[3]
                         net (fo=1, routed)           0.000    11.079    top/teaching_board_top/target/rd2serial/req_size_reg[1]_i_60_n_0
    SLICE_X56Y54         CARRY4 (Prop_carry4_CI_CO[3])
                                                      0.114    11.193 r  top/teaching_board_top/target/rd2serial/req_size_reg[1]_i_59/CO[3]
                         net (fo=1, routed)           0.000    11.193    top/teaching_board_top/target/rd2serial/req_size_reg[1]_i_59_n_0
    SLICE_X56Y55         CARRY4 (Prop_carry4_CI_CO[3])
                                                      0.114    11.307 r  top/teaching_board_top/target/rd2serial/req_size_reg[1]_i_37/CO[3]
                         net (fo=1, routed)           0.000    11.307    top/teaching_board_top/target/rd2serial/req_size_reg[1]_i_37_n_0
    SLICE_X56Y56         CARRY4 (Prop_carry4_CI_CO[3])
                                                      0.114    11.421 r  top/teaching_board_top/target/rd2serial/req_size_reg[1]_i_34/CO[3]
                         net (fo=1, routed)           0.000    11.421    top/teaching_board_top/target/rd2serial/req_size_reg[1]_i_34_n_0
    SLICE_X56Y57         CARRY4 (Prop_carry4_CI_O[1])
                                                      0.334    11.755 r  top/teaching_board_top/target/rd2serial/req_size_reg[1]_i_31/O[1]
                         net (fo=8, routed)           0.821    12.576    top/teaching_board_top/target/rd2serial/_GEN_87[57]
    SLICE_X57Y55         LUT4 (Prop_lut4_I1_O)        0.303    12.879 r  top/teaching_board_top/target/rd2serial/req_size[1]_i_87/O
                         net (fo=1, routed)           0.000    12.879    top/teaching_board_top/target/rd2serial/req_size[1]_i_87_n_0
    SLICE_X57Y55         CARRY4 (Prop_carry4_S[0]_CO[3])
                                                      0.532    13.411 r  top/teaching_board_top/target/rd2serial/req_size_reg[1]_i_45/CO[3]
                         net (fo=1, routed)           0.000    13.411    top/teaching_board_top/target/rd2serial/req_size_reg[1]_i_45_n_0
    SLICE_X57Y56         CARRY4 (Prop_carry4_CI_CO[0])
                                                      0.271    13.682 r  top/teaching_board_top/target/rd2serial/req_size_reg[1]_i_18/CO[0]
                         net (fo=163, routed)         0.885    14.568    top/teaching_board_top/target/rd2serial/_T_174
    SLICE_X58Y50         LUT3 (Prop_lut3_I1_O)        0.366    14.934 r  top/teaching_board_top/target/rd2serial/ram_mask_reg_0_1_0_5_i_211/O
                         net (fo=1, routed)           0.421    15.355    top/teaching_board_top/target/rd2serial/ram_mask_reg_0_1_0_5_i_211_n_0
    SLICE_X58Y52         LUT6 (Prop_lut6_I5_O)        0.331    15.686 f  top/teaching_board_top/target/rd2serial/ram_mask_reg_0_1_0_5_i_177/O
                         net (fo=2, routed)           0.664    16.349    top/teaching_board_top/target/rd2serial/ram_mask_reg_0_1_0_5_i_177_n_0
    SLICE_X58Y54         LUT3 (Prop_lut3_I2_O)        0.124    16.473 r  top/teaching_board_top/target/rd2serial/ram_mask_reg_0_1_0_5_i_148/O
                         net (fo=2, routed)           0.687    17.161    top/teaching_board_top/target/rd2serial/ram_mask_reg_0_1_0_5_i_148_n_0
    SLICE_X59Y58         LUT5 (Prop_lut5_I3_O)        0.124    17.285 r  top/teaching_board_top/target/rd2serial/ram_mask_reg_0_1_0_5_i_152/O
                         net (fo=2, routed)           0.633    17.918    top/teaching_board_top/target/rd2serial/ram_mask_reg_0_1_0_5_i_152_n_0
    SLICE_X59Y57         LUT6 (Prop_lut6_I1_O)        0.124    18.042 r  top/teaching_board_top/target/rd2serial/ram_mask_reg_0_1_0_5_i_78/O
                         net (fo=3, routed)           0.486    18.528    top/teaching_board_top/target/rd2serial/ram_mask_reg_0_1_0_5_i_78_n_0
    SLICE_X59Y56         LUT6 (Prop_lut6_I5_O)        0.124    18.652 r  top/teaching_board_top/target/rd2serial/ram_mask_reg_0_1_0_5_i_69/O
                         net (fo=6, routed)           0.769    19.421    top/teaching_board_top/target/rd2serial/ram_mask_reg_0_1_0_5_i_69_n_0
    SLICE_X58Y53         LUT5 (Prop_lut5_I3_O)        0.150    19.571 r  top/teaching_board_top/target/rd2serial/ram_mask_reg_0_1_0_5_i_50/O
                         net (fo=4, routed)           0.597    20.169    top/teaching_board_top/target/rd2serial/ram_mask_reg_0_1_0_5_i_50_n_0
    SLICE_X58Y49         LUT5 (Prop_lut5_I2_O)        0.341    20.510 r  top/teaching_board_top/target/rd2serial/ram_mask_reg_0_1_0_5_i_36/O
                         net (fo=1, routed)           0.622    21.132    top/teaching_board_top/target/rd2serial/ram_mask_reg_0_1_0_5_i_36_n_0
    SLICE_X54Y49         CARRY4 (Prop_carry4_DI[2]_CO[3])
                                                      0.611    21.743 r  top/teaching_board_top/target/rd2serial/ram_mask_reg_0_1_0_5_i_27/CO[3]
                         net (fo=1, routed)           0.001    21.744    top/teaching_board_top/target/rd2serial/ram_mask_reg_0_1_0_5_i_27_n_0
    SLICE_X54Y50         CARRY4 (Prop_carry4_CI_CO[2])
                                                      0.229    21.973 r  top/teaching_board_top/target/rd2serial/ram_mask_reg_0_1_0_5_i_26/CO[2]
                         net (fo=1, routed)           0.630    22.602    top/teaching_board_top/target/rd2serial/_T_317[6]
    SLICE_X53Y49         LUT4 (Prop_lut4_I3_O)        0.310    22.912 r  top/teaching_board_top/target/rd2serial/ram_mask_reg_0_1_0_5_i_28/O
                         net (fo=1, routed)           0.263    23.175    top/teaching_board_top/target/rd2serial/ram_mask_reg_0_1_0_5_i_28_n_0
    SLICE_X53Y49         LUT4 (Prop_lut4_I3_O)        0.124    23.299 r  top/teaching_board_top/target/rd2serial/ram_mask_reg_0_1_0_5_i_20/O
                         net (fo=8, routed)           0.760    24.059    top/teaching_board_top/target/rd2serial/ram_mask_reg_0_1_0_5_i_20_n_0
    SLICE_X45Y47         LUT2 (Prop_lut2_I1_O)        0.118    24.177 f  top/teaching_board_top/target/rd2serial/req_address[2]_i_3/O
                         net (fo=6, routed)           0.654    24.830    top/teaching_board_top/target/rd2serial/addr_reg[2]_0
    SLICE_X44Y46         LUT4 (Prop_lut4_I2_O)        0.320    25.150 r  top/teaching_board_top/target/rd2serial/ram_mask_reg_0_1_0_5_i_29/O
                         net (fo=1, routed)           0.436    25.587    top/teaching_board_top/target/rd2serial/ram_mask_reg_0_1_0_5_i_29_n_0
    SLICE_X44Y46         LUT6 (Prop_lut6_I4_O)        0.326    25.913 r  top/teaching_board_top/target/rd2serial/ram_mask_reg_0_1_0_5_i_21/O
                         net (fo=2, routed)           0.454    26.367    top/teaching_board_top/target/rd2serial/ram_mask_reg_0_1_0_5_i_21_n_0
    SLICE_X44Y45         LUT6 (Prop_lut6_I5_O)        0.124    26.491 r  top/teaching_board_top/target/rd2serial/ram_mask_reg_0_1_0_5_i_8__0/O
                         net (fo=2, routed)           0.454    26.945    top/teaching_board_top/target/sbus/system_bus_xbar/rd2serial_auto_out_a_bits_mask[1]
    SLICE_X41Y44         LUT4 (Prop_lut4_I2_O)        0.124    27.069 r  top/teaching_board_top/target/sbus/system_bus_xbar/req_mask[1]_i_1/O
                         net (fo=2, routed)           0.710    27.779    top/teaching_board_top/target/backend/req_mask_reg[1]_0
    SLICE_X37Y53         LUT6 (Prop_lut6_I0_O)        0.124    27.903 r  top/teaching_board_top/target/backend/ram_mask_reg_0_7_0_5_i_1/O
                         net (fo=4, routed)           0.880    28.783    top/teaching_board_top/target/bh/TLBroadcastTracker_2/o_data/ram_mask_reg_0_7_0_5/DIA1
    SLICE_X26Y48         RAMD32                                       r  top/teaching_board_top/target/bh/TLBroadcastTracker_2/o_data/ram_mask_reg_0_7_0_5/RAMA_D1/I
  -------------------------------------------------------------------    -------------------

                         (clock host_clk_i rise edge)
                                                     25.000    25.000 r  
    H16                                               0.000    25.000 r  clk (IN)
                         net (fo=0)                   0.000    25.000    clk
    H16                  IBUF (Prop_ibuf_I_O)         1.380    26.380 r  ibufg_gclk/O
                         net (fo=1, routed)           1.162    27.542    gclk_i
    MMCME2_ADV_X1Y2      MMCME2_ADV (Prop_mmcme2_adv_CLKIN1_CLKOUT0)
                                                      0.083    27.625 r  MMCME2_BASE_inst/CLKOUT0
                         net (fo=1, routed)           2.012    29.637    host_clk_i
    BUFGCTRL_X0Y16       BUFG (Prop_bufg_I_O)         0.091    29.728 r  bufg_host_clk/O
                         net (fo=7403, routed)        1.573    31.302    top/teaching_board_top/target/bh/TLBroadcastTracker_2/o_data/ram_mask_reg_0_7_0_5/WCLK
    SLICE_X26Y48         RAMD32                                       r  top/teaching_board_top/target/bh/TLBroadcastTracker_2/o_data/ram_mask_reg_0_7_0_5/RAMA_D1/CLK
                         clock pessimism              0.416    31.718    
                         clock uncertainty           -0.082    31.636    
    SLICE_X26Y48         RAMD32 (Setup_ramd32_CLK_I)
                                                     -0.258    31.378    top/teaching_board_top/target/bh/TLBroadcastTracker_2/o_data/ram_mask_reg_0_7_0_5/RAMA_D1
  -------------------------------------------------------------------
                         required time                         31.378    
                         arrival time                         -28.783    
  -------------------------------------------------------------------
                         slack                                  2.595    

Slack (MET) :             2.633ns  (required time - arrival time)
  Source:                 top/teaching_board_top/target/rd2serial/addr_reg[4]/C
                            (rising edge-triggered cell FDRE clocked by host_clk_i  {rise@0.000ns fall@12.500ns period=25.000ns})
  Destination:            top/teaching_board_top/target/bh/TLBroadcastTracker_3/o_data/ram_mask_reg_0_7_0_5/RAMC/I
                            (rising edge-triggered cell RAMD32 clocked by host_clk_i  {rise@0.000ns fall@12.500ns period=25.000ns})
  Path Group:             host_clk_i
  Path Type:              Setup (Max at Slow Process Corner)
  Requirement:            25.000ns  (host_clk_i rise@25.000ns - host_clk_i rise@0.000ns)
  Data Path Delay:        21.892ns  (logic 8.724ns (39.851%)  route 13.168ns (60.149%))
  Logic Levels:           36  (CARRY4=19 LUT2=1 LUT3=2 LUT4=5 LUT5=4 LUT6=5)
  Clock Path Skew:        -0.219ns (DCD - SCD + CPR)
    Destination Clock Delay (DCD):    6.225ns = ( 31.225 - 25.000 ) 
    Source Clock Delay      (SCD):    6.860ns
    Clock Pessimism Removal (CPR):    0.416ns
  Clock Uncertainty:      0.082ns  ((TSJ^2 + DJ^2)^1/2) / 2 + PE
    Total System Jitter     (TSJ):    0.071ns
    Discrete Jitter          (DJ):    0.147ns
    Phase Error              (PE):    0.000ns

    Location             Delay type                Incr(ns)  Path(ns)    Netlist Resource(s)
  -------------------------------------------------------------------    -------------------
                         (clock host_clk_i rise edge)
                                                      0.000     0.000 r  
    H16                                               0.000     0.000 r  clk (IN)
                         net (fo=0)                   0.000     0.000    clk
    H16                  IBUF (Prop_ibuf_I_O)         1.451     1.451 r  ibufg_gclk/O
                         net (fo=1, routed)           1.285     2.736    gclk_i
    MMCME2_ADV_X1Y2      MMCME2_ADV (Prop_mmcme2_adv_CLKIN1_CLKOUT0)
                                                      0.088     2.824 r  MMCME2_BASE_inst/CLKOUT0
                         net (fo=1, routed)           2.206     5.030    host_clk_i
    BUFGCTRL_X0Y16       BUFG (Prop_bufg_I_O)         0.101     5.131 r  bufg_host_clk/O
                         net (fo=7403, routed)        1.729     6.860    top/teaching_board_top/target/rd2serial/host_clk
    SLICE_X57Y44         FDRE                                         r  top/teaching_board_top/target/rd2serial/addr_reg[4]/C
  -------------------------------------------------------------------    -------------------
    SLICE_X57Y44         FDRE (Prop_fdre_C_Q)         0.456     7.316 r  top/teaching_board_top/target/rd2serial/addr_reg[4]/Q
                         net (fo=5, routed)           0.619     7.935    top/teaching_board_top/target/rd2serial/addr_reg[31]_0[1]
    SLICE_X55Y44         CARRY4 (Prop_carry4_S[0]_CO[3])
                                                      0.656     8.591 r  top/teaching_board_top/target/rd2serial/addr_reg[7]_i_2/CO[3]
                         net (fo=1, routed)           0.000     8.591    top/teaching_board_top/target/rd2serial/addr_reg[7]_i_2_n_0
    SLICE_X55Y45         CARRY4 (Prop_carry4_CI_CO[3])
                                                      0.114     8.705 r  top/teaching_board_top/target/rd2serial/addr_reg[11]_i_2/CO[3]
                         net (fo=1, routed)           0.000     8.705    top/teaching_board_top/target/rd2serial/addr_reg[11]_i_2_n_0
    SLICE_X55Y46         CARRY4 (Prop_carry4_CI_CO[3])
                                                      0.114     8.819 r  top/teaching_board_top/target/rd2serial/addr_reg[15]_i_2/CO[3]
                         net (fo=1, routed)           0.000     8.819    top/teaching_board_top/target/rd2serial/addr_reg[15]_i_2_n_0
    SLICE_X55Y47         CARRY4 (Prop_carry4_CI_CO[3])
                                                      0.114     8.933 r  top/teaching_board_top/target/rd2serial/addr_reg[19]_i_2/CO[3]
                         net (fo=1, routed)           0.000     8.933    top/teaching_board_top/target/rd2serial/addr_reg[19]_i_2_n_0
    SLICE_X55Y48         CARRY4 (Prop_carry4_CI_CO[3])
                                                      0.114     9.047 r  top/teaching_board_top/target/rd2serial/addr_reg[23]_i_2/CO[3]
                         net (fo=1, routed)           0.000     9.047    top/teaching_board_top/target/rd2serial/addr_reg[23]_i_2_n_0
    SLICE_X55Y49         CARRY4 (Prop_carry4_CI_CO[3])
                                                      0.114     9.161 r  top/teaching_board_top/target/rd2serial/addr_reg[27]_i_2/CO[3]
                         net (fo=1, routed)           0.001     9.161    top/teaching_board_top/target/rd2serial/addr_reg[27]_i_2_n_0
    SLICE_X55Y50         CARRY4 (Prop_carry4_CI_O[1])
                                                      0.334     9.495 r  top/teaching_board_top/target/rd2serial/addr_reg[31]_i_6/O[1]
                         net (fo=3, routed)           0.556    10.051    top/teaching_board_top/target/rd2serial/_GEN_86[29]
    SLICE_X56Y50         CARRY4 (Prop_carry4_DI[1]_CO[3])
                                                      0.686    10.737 r  top/teaching_board_top/target/rd2serial/ram_mask_reg_0_1_0_5_i_101/CO[3]
                         net (fo=1, routed)           0.000    10.737    top/teaching_board_top/target/rd2serial/ram_mask_reg_0_1_0_5_i_101_n_0
    SLICE_X56Y51         CARRY4 (Prop_carry4_CI_CO[3])
                                                      0.114    10.851 r  top/teaching_board_top/target/rd2serial/ram_mask_reg_0_1_0_5_i_105/CO[3]
                         net (fo=1, routed)           0.000    10.851    top/teaching_board_top/target/rd2serial/ram_mask_reg_0_1_0_5_i_105_n_0
    SLICE_X56Y52         CARRY4 (Prop_carry4_CI_CO[3])
                                                      0.114    10.965 r  top/teaching_board_top/target/rd2serial/req_size_reg[1]_i_64/CO[3]
                         net (fo=1, routed)           0.000    10.965    top/teaching_board_top/target/rd2serial/req_size_reg[1]_i_64_n_0
    SLICE_X56Y53         CARRY4 (Prop_carry4_CI_CO[3])
                                                      0.114    11.079 r  top/teaching_board_top/target/rd2serial/req_size_reg[1]_i_60/CO[3]
                         net (fo=1, routed)           0.000    11.079    top/teaching_board_top/target/rd2serial/req_size_reg[1]_i_60_n_0
    SLICE_X56Y54         CARRY4 (Prop_carry4_CI_CO[3])
                                                      0.114    11.193 r  top/teaching_board_top/target/rd2serial/req_size_reg[1]_i_59/CO[3]
                         net (fo=1, routed)           0.000    11.193    top/teaching_board_top/target/rd2serial/req_size_reg[1]_i_59_n_0
    SLICE_X56Y55         CARRY4 (Prop_carry4_CI_CO[3])
                                                      0.114    11.307 r  top/teaching_board_top/target/rd2serial/req_size_reg[1]_i_37/CO[3]
                         net (fo=1, routed)           0.000    11.307    top/teaching_board_top/target/rd2serial/req_size_reg[1]_i_37_n_0
    SLICE_X56Y56         CARRY4 (Prop_carry4_CI_CO[3])
                                                      0.114    11.421 r  top/teaching_board_top/target/rd2serial/req_size_reg[1]_i_34/CO[3]
                         net (fo=1, routed)           0.000    11.421    top/teaching_board_top/target/rd2serial/req_size_reg[1]_i_34_n_0
    SLICE_X56Y57         CARRY4 (Prop_carry4_CI_O[1])
                                                      0.334    11.755 r  top/teaching_board_top/target/rd2serial/req_size_reg[1]_i_31/O[1]
                         net (fo=8, routed)           0.821    12.576    top/teaching_board_top/target/rd2serial/_GEN_87[57]
    SLICE_X57Y55         LUT4 (Prop_lut4_I1_O)        0.303    12.879 r  top/teaching_board_top/target/rd2serial/req_size[1]_i_87/O
                         net (fo=1, routed)           0.000    12.879    top/teaching_board_top/target/rd2serial/req_size[1]_i_87_n_0
    SLICE_X57Y55         CARRY4 (Prop_carry4_S[0]_CO[3])
                                                      0.532    13.411 r  top/teaching_board_top/target/rd2serial/req_size_reg[1]_i_45/CO[3]
                         net (fo=1, routed)           0.000    13.411    top/teaching_board_top/target/rd2serial/req_size_reg[1]_i_45_n_0
    SLICE_X57Y56         CARRY4 (Prop_carry4_CI_CO[0])
                                                      0.271    13.682 r  top/teaching_board_top/target/rd2serial/req_size_reg[1]_i_18/CO[0]
                         net (fo=163, routed)         0.885    14.568    top/teaching_board_top/target/rd2serial/_T_174
    SLICE_X58Y50         LUT3 (Prop_lut3_I1_O)        0.366    14.934 r  top/teaching_board_top/target/rd2serial/ram_mask_reg_0_1_0_5_i_211/O
                         net (fo=1, routed)           0.421    15.355    top/teaching_board_top/target/rd2serial/ram_mask_reg_0_1_0_5_i_211_n_0
    SLICE_X58Y52         LUT6 (Prop_lut6_I5_O)        0.331    15.686 f  top/teaching_board_top/target/rd2serial/ram_mask_reg_0_1_0_5_i_177/O
                         net (fo=2, routed)           0.664    16.349    top/teaching_board_top/target/rd2serial/ram_mask_reg_0_1_0_5_i_177_n_0
    SLICE_X58Y54         LUT3 (Prop_lut3_I2_O)        0.124    16.473 r  top/teaching_board_top/target/rd2serial/ram_mask_reg_0_1_0_5_i_148/O
                         net (fo=2, routed)           0.687    17.161    top/teaching_board_top/target/rd2serial/ram_mask_reg_0_1_0_5_i_148_n_0
    SLICE_X59Y58         LUT5 (Prop_lut5_I3_O)        0.124    17.285 r  top/teaching_board_top/target/rd2serial/ram_mask_reg_0_1_0_5_i_152/O
                         net (fo=2, routed)           0.633    17.918    top/teaching_board_top/target/rd2serial/ram_mask_reg_0_1_0_5_i_152_n_0
    SLICE_X59Y57         LUT6 (Prop_lut6_I1_O)        0.124    18.042 r  top/teaching_board_top/target/rd2serial/ram_mask_reg_0_1_0_5_i_78/O
                         net (fo=3, routed)           0.486    18.528    top/teaching_board_top/target/rd2serial/ram_mask_reg_0_1_0_5_i_78_n_0
    SLICE_X59Y56         LUT6 (Prop_lut6_I5_O)        0.124    18.652 r  top/teaching_board_top/target/rd2serial/ram_mask_reg_0_1_0_5_i_69/O
                         net (fo=6, routed)           0.769    19.421    top/teaching_board_top/target/rd2serial/ram_mask_reg_0_1_0_5_i_69_n_0
    SLICE_X58Y53         LUT5 (Prop_lut5_I3_O)        0.150    19.571 r  top/teaching_board_top/target/rd2serial/ram_mask_reg_0_1_0_5_i_50/O
                         net (fo=4, routed)           0.597    20.169    top/teaching_board_top/target/rd2serial/ram_mask_reg_0_1_0_5_i_50_n_0
    SLICE_X58Y49         LUT5 (Prop_lut5_I2_O)        0.341    20.510 r  top/teaching_board_top/target/rd2serial/ram_mask_reg_0_1_0_5_i_36/O
                         net (fo=1, routed)           0.622    21.132    top/teaching_board_top/target/rd2serial/ram_mask_reg_0_1_0_5_i_36_n_0
    SLICE_X54Y49         CARRY4 (Prop_carry4_DI[2]_CO[3])
                                                      0.611    21.743 r  top/teaching_board_top/target/rd2serial/ram_mask_reg_0_1_0_5_i_27/CO[3]
                         net (fo=1, routed)           0.001    21.744    top/teaching_board_top/target/rd2serial/ram_mask_reg_0_1_0_5_i_27_n_0
    SLICE_X54Y50         CARRY4 (Prop_carry4_CI_CO[2])
                                                      0.229    21.973 f  top/teaching_board_top/target/rd2serial/ram_mask_reg_0_1_0_5_i_26/CO[2]
                         net (fo=1, routed)           0.630    22.602    top/teaching_board_top/target/rd2serial/_T_317[6]
    SLICE_X53Y49         LUT4 (Prop_lut4_I3_O)        0.310    22.912 f  top/teaching_board_top/target/rd2serial/ram_mask_reg_0_1_0_5_i_28/O
                         net (fo=1, routed)           0.263    23.175    top/teaching_board_top/target/rd2serial/ram_mask_reg_0_1_0_5_i_28_n_0
    SLICE_X53Y49         LUT4 (Prop_lut4_I3_O)        0.124    23.299 f  top/teaching_board_top/target/rd2serial/ram_mask_reg_0_1_0_5_i_20/O
                         net (fo=8, routed)           0.760    24.059    top/teaching_board_top/target/rd2serial/ram_mask_reg_0_1_0_5_i_20_n_0
    SLICE_X45Y47         LUT2 (Prop_lut2_I1_O)        0.118    24.177 r  top/teaching_board_top/target/rd2serial/req_address[2]_i_3/O
                         net (fo=6, routed)           0.654    24.830    top/teaching_board_top/target/rd2serial/addr_reg[2]_0
    SLICE_X44Y46         LUT5 (Prop_lut5_I1_O)        0.326    25.156 r  top/teaching_board_top/target/rd2serial/ram_mask_reg_0_1_0_5_i_25/O
                         net (fo=2, routed)           0.349    25.505    top/teaching_board_top/target/rd2serial/ram_mask_reg_0_1_0_5_i_25_n_0
    SLICE_X45Y46         LUT6 (Prop_lut6_I2_O)        0.124    25.629 r  top/teaching_board_top/target/rd2serial/ram_mask_reg_0_1_0_5_i_18/O
                         net (fo=2, routed)           0.807    26.436    top/teaching_board_top/target/sbus/system_bus_xbar/rd2serial_auto_out_a_bits_mask[4]
    SLICE_X42Y36         LUT4 (Prop_lut4_I2_O)        0.124    26.560 r  top/teaching_board_top/target/sbus/system_bus_xbar/req_mask[4]_i_1/O
                         net (fo=2, routed)           1.056    27.617    top/teaching_board_top/target/backend/req_mask_reg[4]_0
    SLICE_X36Y53         LUT6 (Prop_lut6_I5_O)        0.124    27.741 r  top/teaching_board_top/target/backend/ram_mask_reg_0_7_0_5_i_17/O
                         net (fo=1, routed)           0.171    27.912    top/teaching_board_top/target/backend/ram_mask_reg_0_7_0_5_i_17_n_0
    SLICE_X36Y53         LUT4 (Prop_lut4_I0_O)        0.124    28.036 r  top/teaching_board_top/target/backend/ram_mask_reg_0_7_0_5_i_6/O
                         net (fo=4, routed)           0.716    28.751    top/teaching_board_top/target/bh/TLBroadcastTracker_3/o_data/ram_mask_reg_0_7_0_5/DIC0
    SLICE_X32Y48         RAMD32                                       r  top/teaching_board_top/target/bh/TLBroadcastTracker_3/o_data/ram_mask_reg_0_7_0_5/RAMC/I
  -------------------------------------------------------------------    -------------------

                         (clock host_clk_i rise edge)
                                                     25.000    25.000 r  
    H16                                               0.000    25.000 r  clk (IN)
                         net (fo=0)                   0.000    25.000    clk
    H16                  IBUF (Prop_ibuf_I_O)         1.380    26.380 r  ibufg_gclk/O
                         net (fo=1, routed)           1.162    27.542    gclk_i
    MMCME2_ADV_X1Y2      MMCME2_ADV (Prop_mmcme2_adv_CLKIN1_CLKOUT0)
                                                      0.083    27.625 r  MMCME2_BASE_inst/CLKOUT0
                         net (fo=1, routed)           2.012    29.637    host_clk_i
    BUFGCTRL_X0Y16       BUFG (Prop_bufg_I_O)         0.091    29.728 r  bufg_host_clk/O
                         net (fo=7403, routed)        1.496    31.225    top/teaching_board_top/target/bh/TLBroadcastTracker_3/o_data/ram_mask_reg_0_7_0_5/WCLK
    SLICE_X32Y48         RAMD32                                       r  top/teaching_board_top/target/bh/TLBroadcastTracker_3/o_data/ram_mask_reg_0_7_0_5/RAMC/CLK
                         clock pessimism              0.416    31.641    
                         clock uncertainty           -0.082    31.559    
    SLICE_X32Y48         RAMD32 (Setup_ramd32_CLK_I)
                                                     -0.175    31.384    top/teaching_board_top/target/bh/TLBroadcastTracker_3/o_data/ram_mask_reg_0_7_0_5/RAMC
  -------------------------------------------------------------------
                         required time                         31.384    
                         arrival time                         -28.751    
  -------------------------------------------------------------------
                         slack                                  2.633    

Slack (MET) :             2.679ns  (required time - arrival time)
  Source:                 top/teaching_board_top/target/rd2serial/addr_reg[4]/C
                            (rising edge-triggered cell FDRE clocked by host_clk_i  {rise@0.000ns fall@12.500ns period=25.000ns})
  Destination:            top/teaching_board_top/target/bh/TLBroadcastTracker_3/o_data/ram_mask_reg_0_7_0_5/RAMA_D1/I
                            (rising edge-triggered cell RAMD32 clocked by host_clk_i  {rise@0.000ns fall@12.500ns period=25.000ns})
  Path Group:             host_clk_i
  Path Type:              Setup (Max at Slow Process Corner)
  Requirement:            25.000ns  (host_clk_i rise@25.000ns - host_clk_i rise@0.000ns)
  Data Path Delay:        21.763ns  (logic 8.920ns (40.987%)  route 12.843ns (59.013%))
  Logic Levels:           36  (CARRY4=19 LUT2=1 LUT3=2 LUT4=5 LUT5=3 LUT6=6)
  Clock Path Skew:        -0.219ns (DCD - SCD + CPR)
    Destination Clock Delay (DCD):    6.225ns = ( 31.225 - 25.000 ) 
    Source Clock Delay      (SCD):    6.860ns
    Clock Pessimism Removal (CPR):    0.416ns
  Clock Uncertainty:      0.082ns  ((TSJ^2 + DJ^2)^1/2) / 2 + PE
    Total System Jitter     (TSJ):    0.071ns
    Discrete Jitter          (DJ):    0.147ns
    Phase Error              (PE):    0.000ns

    Location             Delay type                Incr(ns)  Path(ns)    Netlist Resource(s)
  -------------------------------------------------------------------    -------------------
                         (clock host_clk_i rise edge)
                                                      0.000     0.000 r  
    H16                                               0.000     0.000 r  clk (IN)
                         net (fo=0)                   0.000     0.000    clk
    H16                  IBUF (Prop_ibuf_I_O)         1.451     1.451 r  ibufg_gclk/O
                         net (fo=1, routed)           1.285     2.736    gclk_i
    MMCME2_ADV_X1Y2      MMCME2_ADV (Prop_mmcme2_adv_CLKIN1_CLKOUT0)
                                                      0.088     2.824 r  MMCME2_BASE_inst/CLKOUT0
                         net (fo=1, routed)           2.206     5.030    host_clk_i
    BUFGCTRL_X0Y16       BUFG (Prop_bufg_I_O)         0.101     5.131 r  bufg_host_clk/O
                         net (fo=7403, routed)        1.729     6.860    top/teaching_board_top/target/rd2serial/host_clk
    SLICE_X57Y44         FDRE                                         r  top/teaching_board_top/target/rd2serial/addr_reg[4]/C
  -------------------------------------------------------------------    -------------------
    SLICE_X57Y44         FDRE (Prop_fdre_C_Q)         0.456     7.316 r  top/teaching_board_top/target/rd2serial/addr_reg[4]/Q
                         net (fo=5, routed)           0.619     7.935    top/teaching_board_top/target/rd2serial/addr_reg[31]_0[1]
    SLICE_X55Y44         CARRY4 (Prop_carry4_S[0]_CO[3])
                                                      0.656     8.591 r  top/teaching_board_top/target/rd2serial/addr_reg[7]_i_2/CO[3]
                         net (fo=1, routed)           0.000     8.591    top/teaching_board_top/target/rd2serial/addr_reg[7]_i_2_n_0
    SLICE_X55Y45         CARRY4 (Prop_carry4_CI_CO[3])
                                                      0.114     8.705 r  top/teaching_board_top/target/rd2serial/addr_reg[11]_i_2/CO[3]
                         net (fo=1, routed)           0.000     8.705    top/teaching_board_top/target/rd2serial/addr_reg[11]_i_2_n_0
    SLICE_X55Y46         CARRY4 (Prop_carry4_CI_CO[3])
                                                      0.114     8.819 r  top/teaching_board_top/target/rd2serial/addr_reg[15]_i_2/CO[3]
                         net (fo=1, routed)           0.000     8.819    top/teaching_board_top/target/rd2serial/addr_reg[15]_i_2_n_0
    SLICE_X55Y47         CARRY4 (Prop_carry4_CI_CO[3])
                                                      0.114     8.933 r  top/teaching_board_top/target/rd2serial/addr_reg[19]_i_2/CO[3]
                         net (fo=1, routed)           0.000     8.933    top/teaching_board_top/target/rd2serial/addr_reg[19]_i_2_n_0
    SLICE_X55Y48         CARRY4 (Prop_carry4_CI_CO[3])
                                                      0.114     9.047 r  top/teaching_board_top/target/rd2serial/addr_reg[23]_i_2/CO[3]
                         net (fo=1, routed)           0.000     9.047    top/teaching_board_top/target/rd2serial/addr_reg[23]_i_2_n_0
    SLICE_X55Y49         CARRY4 (Prop_carry4_CI_CO[3])
                                                      0.114     9.161 r  top/teaching_board_top/target/rd2serial/addr_reg[27]_i_2/CO[3]
                         net (fo=1, routed)           0.001     9.161    top/teaching_board_top/target/rd2serial/addr_reg[27]_i_2_n_0
    SLICE_X55Y50         CARRY4 (Prop_carry4_CI_O[1])
                                                      0.334     9.495 r  top/teaching_board_top/target/rd2serial/addr_reg[31]_i_6/O[1]
                         net (fo=3, routed)           0.556    10.051    top/teaching_board_top/target/rd2serial/_GEN_86[29]
    SLICE_X56Y50         CARRY4 (Prop_carry4_DI[1]_CO[3])
                                                      0.686    10.737 r  top/teaching_board_top/target/rd2serial/ram_mask_reg_0_1_0_5_i_101/CO[3]
                         net (fo=1, routed)           0.000    10.737    top/teaching_board_top/target/rd2serial/ram_mask_reg_0_1_0_5_i_101_n_0
    SLICE_X56Y51         CARRY4 (Prop_carry4_CI_CO[3])
                                                      0.114    10.851 r  top/teaching_board_top/target/rd2serial/ram_mask_reg_0_1_0_5_i_105/CO[3]
                         net (fo=1, routed)           0.000    10.851    top/teaching_board_top/target/rd2serial/ram_mask_reg_0_1_0_5_i_105_n_0
    SLICE_X56Y52         CARRY4 (Prop_carry4_CI_CO[3])
                                                      0.114    10.965 r  top/teaching_board_top/target/rd2serial/req_size_reg[1]_i_64/CO[3]
                         net (fo=1, routed)           0.000    10.965    top/teaching_board_top/target/rd2serial/req_size_reg[1]_i_64_n_0
    SLICE_X56Y53         CARRY4 (Prop_carry4_CI_CO[3])
                                                      0.114    11.079 r  top/teaching_board_top/target/rd2serial/req_size_reg[1]_i_60/CO[3]
                         net (fo=1, routed)           0.000    11.079    top/teaching_board_top/target/rd2serial/req_size_reg[1]_i_60_n_0
    SLICE_X56Y54         CARRY4 (Prop_carry4_CI_CO[3])
                                                      0.114    11.193 r  top/teaching_board_top/target/rd2serial/req_size_reg[1]_i_59/CO[3]
                         net (fo=1, routed)           0.000    11.193    top/teaching_board_top/target/rd2serial/req_size_reg[1]_i_59_n_0
    SLICE_X56Y55         CARRY4 (Prop_carry4_CI_CO[3])
                                                      0.114    11.307 r  top/teaching_board_top/target/rd2serial/req_size_reg[1]_i_37/CO[3]
                         net (fo=1, routed)           0.000    11.307    top/teaching_board_top/target/rd2serial/req_size_reg[1]_i_37_n_0
    SLICE_X56Y56         CARRY4 (Prop_carry4_CI_CO[3])
                                                      0.114    11.421 r  top/teaching_board_top/target/rd2serial/req_size_reg[1]_i_34/CO[3]
                         net (fo=1, routed)           0.000    11.421    top/teaching_board_top/target/rd2serial/req_size_reg[1]_i_34_n_0
    SLICE_X56Y57         CARRY4 (Prop_carry4_CI_O[1])
                                                      0.334    11.755 r  top/teaching_board_top/target/rd2serial/req_size_reg[1]_i_31/O[1]
                         net (fo=8, routed)           0.821    12.576    top/teaching_board_top/target/rd2serial/_GEN_87[57]
    SLICE_X57Y55         LUT4 (Prop_lut4_I1_O)        0.303    12.879 r  top/teaching_board_top/target/rd2serial/req_size[1]_i_87/O
                         net (fo=1, routed)           0.000    12.879    top/teaching_board_top/target/rd2serial/req_size[1]_i_87_n_0
    SLICE_X57Y55         CARRY4 (Prop_carry4_S[0]_CO[3])
                                                      0.532    13.411 r  top/teaching_board_top/target/rd2serial/req_size_reg[1]_i_45/CO[3]
                         net (fo=1, routed)           0.000    13.411    top/teaching_board_top/target/rd2serial/req_size_reg[1]_i_45_n_0
    SLICE_X57Y56         CARRY4 (Prop_carry4_CI_CO[0])
                                                      0.271    13.682 r  top/teaching_board_top/target/rd2serial/req_size_reg[1]_i_18/CO[0]
                         net (fo=163, routed)         0.885    14.568    top/teaching_board_top/target/rd2serial/_T_174
    SLICE_X58Y50         LUT3 (Prop_lut3_I1_O)        0.366    14.934 r  top/teaching_board_top/target/rd2serial/ram_mask_reg_0_1_0_5_i_211/O
                         net (fo=1, routed)           0.421    15.355    top/teaching_board_top/target/rd2serial/ram_mask_reg_0_1_0_5_i_211_n_0
    SLICE_X58Y52         LUT6 (Prop_lut6_I5_O)        0.331    15.686 f  top/teaching_board_top/target/rd2serial/ram_mask_reg_0_1_0_5_i_177/O
                         net (fo=2, routed)           0.664    16.349    top/teaching_board_top/target/rd2serial/ram_mask_reg_0_1_0_5_i_177_n_0
    SLICE_X58Y54         LUT3 (Prop_lut3_I2_O)        0.124    16.473 r  top/teaching_board_top/target/rd2serial/ram_mask_reg_0_1_0_5_i_148/O
                         net (fo=2, routed)           0.687    17.161    top/teaching_board_top/target/rd2serial/ram_mask_reg_0_1_0_5_i_148_n_0
    SLICE_X59Y58         LUT5 (Prop_lut5_I3_O)        0.124    17.285 r  top/teaching_board_top/target/rd2serial/ram_mask_reg_0_1_0_5_i_152/O
                         net (fo=2, routed)           0.633    17.918    top/teaching_board_top/target/rd2serial/ram_mask_reg_0_1_0_5_i_152_n_0
    SLICE_X59Y57         LUT6 (Prop_lut6_I1_O)        0.124    18.042 r  top/teaching_board_top/target/rd2serial/ram_mask_reg_0_1_0_5_i_78/O
                         net (fo=3, routed)           0.486    18.528    top/teaching_board_top/target/rd2serial/ram_mask_reg_0_1_0_5_i_78_n_0
    SLICE_X59Y56         LUT6 (Prop_lut6_I5_O)        0.124    18.652 r  top/teaching_board_top/target/rd2serial/ram_mask_reg_0_1_0_5_i_69/O
                         net (fo=6, routed)           0.769    19.421    top/teaching_board_top/target/rd2serial/ram_mask_reg_0_1_0_5_i_69_n_0
    SLICE_X58Y53         LUT5 (Prop_lut5_I3_O)        0.150    19.571 r  top/teaching_board_top/target/rd2serial/ram_mask_reg_0_1_0_5_i_50/O
                         net (fo=4, routed)           0.597    20.169    top/teaching_board_top/target/rd2serial/ram_mask_reg_0_1_0_5_i_50_n_0
    SLICE_X58Y49         LUT5 (Prop_lut5_I2_O)        0.341    20.510 r  top/teaching_board_top/target/rd2serial/ram_mask_reg_0_1_0_5_i_36/O
                         net (fo=1, routed)           0.622    21.132    top/teaching_board_top/target/rd2serial/ram_mask_reg_0_1_0_5_i_36_n_0
    SLICE_X54Y49         CARRY4 (Prop_carry4_DI[2]_CO[3])
                                                      0.611    21.743 r  top/teaching_board_top/target/rd2serial/ram_mask_reg_0_1_0_5_i_27/CO[3]
                         net (fo=1, routed)           0.001    21.744    top/teaching_board_top/target/rd2serial/ram_mask_reg_0_1_0_5_i_27_n_0
    SLICE_X54Y50         CARRY4 (Prop_carry4_CI_CO[2])
                                                      0.229    21.973 r  top/teaching_board_top/target/rd2serial/ram_mask_reg_0_1_0_5_i_26/CO[2]
                         net (fo=1, routed)           0.630    22.602    top/teaching_board_top/target/rd2serial/_T_317[6]
    SLICE_X53Y49         LUT4 (Prop_lut4_I3_O)        0.310    22.912 r  top/teaching_board_top/target/rd2serial/ram_mask_reg_0_1_0_5_i_28/O
                         net (fo=1, routed)           0.263    23.175    top/teaching_board_top/target/rd2serial/ram_mask_reg_0_1_0_5_i_28_n_0
    SLICE_X53Y49         LUT4 (Prop_lut4_I3_O)        0.124    23.299 r  top/teaching_board_top/target/rd2serial/ram_mask_reg_0_1_0_5_i_20/O
                         net (fo=8, routed)           0.760    24.059    top/teaching_board_top/target/rd2serial/ram_mask_reg_0_1_0_5_i_20_n_0
    SLICE_X45Y47         LUT2 (Prop_lut2_I1_O)        0.118    24.177 f  top/teaching_board_top/target/rd2serial/req_address[2]_i_3/O
                         net (fo=6, routed)           0.654    24.830    top/teaching_board_top/target/rd2serial/addr_reg[2]_0
    SLICE_X44Y46         LUT4 (Prop_lut4_I2_O)        0.320    25.150 r  top/teaching_board_top/target/rd2serial/ram_mask_reg_0_1_0_5_i_29/O
                         net (fo=1, routed)           0.436    25.587    top/teaching_board_top/target/rd2serial/ram_mask_reg_0_1_0_5_i_29_n_0
    SLICE_X44Y46         LUT6 (Prop_lut6_I4_O)        0.326    25.913 r  top/teaching_board_top/target/rd2serial/ram_mask_reg_0_1_0_5_i_21/O
                         net (fo=2, routed)           0.454    26.367    top/teaching_board_top/target/rd2serial/ram_mask_reg_0_1_0_5_i_21_n_0
    SLICE_X44Y45         LUT6 (Prop_lut6_I5_O)        0.124    26.491 r  top/teaching_board_top/target/rd2serial/ram_mask_reg_0_1_0_5_i_8__0/O
                         net (fo=2, routed)           0.454    26.945    top/teaching_board_top/target/sbus/system_bus_xbar/rd2serial_auto_out_a_bits_mask[1]
    SLICE_X41Y44         LUT4 (Prop_lut4_I2_O)        0.124    27.069 r  top/teaching_board_top/target/sbus/system_bus_xbar/req_mask[1]_i_1/O
                         net (fo=2, routed)           0.710    27.779    top/teaching_board_top/target/backend/req_mask_reg[1]_0
    SLICE_X37Y53         LUT6 (Prop_lut6_I0_O)        0.124    27.903 r  top/teaching_board_top/target/backend/ram_mask_reg_0_7_0_5_i_1/O
                         net (fo=4, routed)           0.720    28.623    top/teaching_board_top/target/bh/TLBroadcastTracker_3/o_data/ram_mask_reg_0_7_0_5/DIA1
    SLICE_X32Y48         RAMD32                                       r  top/teaching_board_top/target/bh/TLBroadcastTracker_3/o_data/ram_mask_reg_0_7_0_5/RAMA_D1/I
  -------------------------------------------------------------------    -------------------

                         (clock host_clk_i rise edge)
                                                     25.000    25.000 r  
    H16                                               0.000    25.000 r  clk (IN)
                         net (fo=0)                   0.000    25.000    clk
    H16                  IBUF (Prop_ibuf_I_O)         1.380    26.380 r  ibufg_gclk/O
                         net (fo=1, routed)           1.162    27.542    gclk_i
    MMCME2_ADV_X1Y2      MMCME2_ADV (Prop_mmcme2_adv_CLKIN1_CLKOUT0)
                                                      0.083    27.625 r  MMCME2_BASE_inst/CLKOUT0
                         net (fo=1, routed)           2.012    29.637    host_clk_i
    BUFGCTRL_X0Y16       BUFG (Prop_bufg_I_O)         0.091    29.728 r  bufg_host_clk/O
                         net (fo=7403, routed)        1.496    31.225    top/teaching_board_top/target/bh/TLBroadcastTracker_3/o_data/ram_mask_reg_0_7_0_5/WCLK
    SLICE_X32Y48         RAMD32                                       r  top/teaching_board_top/target/bh/TLBroadcastTracker_3/o_data/ram_mask_reg_0_7_0_5/RAMA_D1/CLK
                         clock pessimism              0.416    31.641    
                         clock uncertainty           -0.082    31.559    
    SLICE_X32Y48         RAMD32 (Setup_ramd32_CLK_I)
                                                     -0.258    31.301    top/teaching_board_top/target/bh/TLBroadcastTracker_3/o_data/ram_mask_reg_0_7_0_5/RAMA_D1
  -------------------------------------------------------------------
                         required time                         31.301    
                         arrival time                         -28.623    
  -------------------------------------------------------------------
                         slack                                  2.679    

Slack (MET) :             2.991ns  (required time - arrival time)
  Source:                 top/teaching_board_top/target/rd2serial/addr_reg[4]/C
                            (rising edge-triggered cell FDRE clocked by host_clk_i  {rise@0.000ns fall@12.500ns period=25.000ns})
  Destination:            top/teaching_board_top/target/bh/TLBroadcastTracker_1/o_data/ram_mask_reg_0_7_0_5/RAMB_D1/I
                            (rising edge-triggered cell RAMD32 clocked by host_clk_i  {rise@0.000ns fall@12.500ns period=25.000ns})
  Path Group:             host_clk_i
  Path Type:              Setup (Max at Slow Process Corner)
  Requirement:            25.000ns  (host_clk_i rise@25.000ns - host_clk_i rise@0.000ns)
  Data Path Delay:        21.492ns  (logic 8.404ns (39.104%)  route 13.088ns (60.896%))
  Logic Levels:           35  (CARRY4=19 LUT2=1 LUT3=2 LUT4=5 LUT5=3 LUT6=5)
  Clock Path Skew:        -0.207ns (DCD - SCD + CPR)
    Destination Clock Delay (DCD):    6.250ns = ( 31.250 - 25.000 ) 
    Source Clock Delay      (SCD):    6.860ns
    Clock Pessimism Removal (CPR):    0.402ns
  Clock Uncertainty:      0.082ns  ((TSJ^2 + DJ^2)^1/2) / 2 + PE
    Total System Jitter     (TSJ):    0.071ns
    Discrete Jitter          (DJ):    0.147ns
    Phase Error              (PE):    0.000ns

    Location             Delay type                Incr(ns)  Path(ns)    Netlist Resource(s)
  -------------------------------------------------------------------    -------------------
                         (clock host_clk_i rise edge)
                                                      0.000     0.000 r  
    H16                                               0.000     0.000 r  clk (IN)
                         net (fo=0)                   0.000     0.000    clk
    H16                  IBUF (Prop_ibuf_I_O)         1.451     1.451 r  ibufg_gclk/O
                         net (fo=1, routed)           1.285     2.736    gclk_i
    MMCME2_ADV_X1Y2      MMCME2_ADV (Prop_mmcme2_adv_CLKIN1_CLKOUT0)
                                                      0.088     2.824 r  MMCME2_BASE_inst/CLKOUT0
                         net (fo=1, routed)           2.206     5.030    host_clk_i
    BUFGCTRL_X0Y16       BUFG (Prop_bufg_I_O)         0.101     5.131 r  bufg_host_clk/O
                         net (fo=7403, routed)        1.729     6.860    top/teaching_board_top/target/rd2serial/host_clk
    SLICE_X57Y44         FDRE                                         r  top/teaching_board_top/target/rd2serial/addr_reg[4]/C
  -------------------------------------------------------------------    -------------------
    SLICE_X57Y44         FDRE (Prop_fdre_C_Q)         0.456     7.316 r  top/teaching_board_top/target/rd2serial/addr_reg[4]/Q
                         net (fo=5, routed)           0.619     7.935    top/teaching_board_top/target/rd2serial/addr_reg[31]_0[1]
    SLICE_X55Y44         CARRY4 (Prop_carry4_S[0]_CO[3])
                                                      0.656     8.591 r  top/teaching_board_top/target/rd2serial/addr_reg[7]_i_2/CO[3]
                         net (fo=1, routed)           0.000     8.591    top/teaching_board_top/target/rd2serial/addr_reg[7]_i_2_n_0
    SLICE_X55Y45         CARRY4 (Prop_carry4_CI_CO[3])
                                                      0.114     8.705 r  top/teaching_board_top/target/rd2serial/addr_reg[11]_i_2/CO[3]
                         net (fo=1, routed)           0.000     8.705    top/teaching_board_top/target/rd2serial/addr_reg[11]_i_2_n_0
    SLICE_X55Y46         CARRY4 (Prop_carry4_CI_CO[3])
                                                      0.114     8.819 r  top/teaching_board_top/target/rd2serial/addr_reg[15]_i_2/CO[3]
                         net (fo=1, routed)           0.000     8.819    top/teaching_board_top/target/rd2serial/addr_reg[15]_i_2_n_0
    SLICE_X55Y47         CARRY4 (Prop_carry4_CI_CO[3])
                                                      0.114     8.933 r  top/teaching_board_top/target/rd2serial/addr_reg[19]_i_2/CO[3]
                         net (fo=1, routed)           0.000     8.933    top/teaching_board_top/target/rd2serial/addr_reg[19]_i_2_n_0
    SLICE_X55Y48         CARRY4 (Prop_carry4_CI_CO[3])
                                                      0.114     9.047 r  top/teaching_board_top/target/rd2serial/addr_reg[23]_i_2/CO[3]
                         net (fo=1, routed)           0.000     9.047    top/teaching_board_top/target/rd2serial/addr_reg[23]_i_2_n_0
    SLICE_X55Y49         CARRY4 (Prop_carry4_CI_CO[3])
                                                      0.114     9.161 r  top/teaching_board_top/target/rd2serial/addr_reg[27]_i_2/CO[3]
                         net (fo=1, routed)           0.001     9.161    top/teaching_board_top/target/rd2serial/addr_reg[27]_i_2_n_0
    SLICE_X55Y50         CARRY4 (Prop_carry4_CI_O[1])
                                                      0.334     9.495 r  top/teaching_board_top/target/rd2serial/addr_reg[31]_i_6/O[1]
                         net (fo=3, routed)           0.556    10.051    top/teaching_board_top/target/rd2serial/_GEN_86[29]
    SLICE_X56Y50         CARRY4 (Prop_carry4_DI[1]_CO[3])
                                                      0.686    10.737 r  top/teaching_board_top/target/rd2serial/ram_mask_reg_0_1_0_5_i_101/CO[3]
                         net (fo=1, routed)           0.000    10.737    top/teaching_board_top/target/rd2serial/ram_mask_reg_0_1_0_5_i_101_n_0
    SLICE_X56Y51         CARRY4 (Prop_carry4_CI_CO[3])
                                                      0.114    10.851 r  top/teaching_board_top/target/rd2serial/ram_mask_reg_0_1_0_5_i_105/CO[3]
                         net (fo=1, routed)           0.000    10.851    top/teaching_board_top/target/rd2serial/ram_mask_reg_0_1_0_5_i_105_n_0
    SLICE_X56Y52         CARRY4 (Prop_carry4_CI_CO[3])
                                                      0.114    10.965 r  top/teaching_board_top/target/rd2serial/req_size_reg[1]_i_64/CO[3]
                         net (fo=1, routed)           0.000    10.965    top/teaching_board_top/target/rd2serial/req_size_reg[1]_i_64_n_0
    SLICE_X56Y53         CARRY4 (Prop_carry4_CI_CO[3])
                                                      0.114    11.079 r  top/teaching_board_top/target/rd2serial/req_size_reg[1]_i_60/CO[3]
                         net (fo=1, routed)           0.000    11.079    top/teaching_board_top/target/rd2serial/req_size_reg[1]_i_60_n_0
    SLICE_X56Y54         CARRY4 (Prop_carry4_CI_CO[3])
                                                      0.114    11.193 r  top/teaching_board_top/target/rd2serial/req_size_reg[1]_i_59/CO[3]
                         net (fo=1, routed)           0.000    11.193    top/teaching_board_top/target/rd2serial/req_size_reg[1]_i_59_n_0
    SLICE_X56Y55         CARRY4 (Prop_carry4_CI_CO[3])
                                                      0.114    11.307 r  top/teaching_board_top/target/rd2serial/req_size_reg[1]_i_37/CO[3]
                         net (fo=1, routed)           0.000    11.307    top/teaching_board_top/target/rd2serial/req_size_reg[1]_i_37_n_0
    SLICE_X56Y56         CARRY4 (Prop_carry4_CI_CO[3])
                                                      0.114    11.421 r  top/teaching_board_top/target/rd2serial/req_size_reg[1]_i_34/CO[3]
                         net (fo=1, routed)           0.000    11.421    top/teaching_board_top/target/rd2serial/req_size_reg[1]_i_34_n_0
    SLICE_X56Y57         CARRY4 (Prop_carry4_CI_O[1])
                                                      0.334    11.755 r  top/teaching_board_top/target/rd2serial/req_size_reg[1]_i_31/O[1]
                         net (fo=8, routed)           0.821    12.576    top/teaching_board_top/target/rd2serial/_GEN_87[57]
    SLICE_X57Y55         LUT4 (Prop_lut4_I1_O)        0.303    12.879 r  top/teaching_board_top/target/rd2serial/req_size[1]_i_87/O
                         net (fo=1, routed)           0.000    12.879    top/teaching_board_top/target/rd2serial/req_size[1]_i_87_n_0
    SLICE_X57Y55         CARRY4 (Prop_carry4_S[0]_CO[3])
                                                      0.532    13.411 r  top/teaching_board_top/target/rd2serial/req_size_reg[1]_i_45/CO[3]
                         net (fo=1, routed)           0.000    13.411    top/teaching_board_top/target/rd2serial/req_size_reg[1]_i_45_n_0
    SLICE_X57Y56         CARRY4 (Prop_carry4_CI_CO[0])
                                                      0.271    13.682 r  top/teaching_board_top/target/rd2serial/req_size_reg[1]_i_18/CO[0]
                         net (fo=163, routed)         0.885    14.568    top/teaching_board_top/target/rd2serial/_T_174
    SLICE_X58Y50         LUT3 (Prop_lut3_I1_O)        0.366    14.934 r  top/teaching_board_top/target/rd2serial/ram_mask_reg_0_1_0_5_i_211/O
                         net (fo=1, routed)           0.421    15.355    top/teaching_board_top/target/rd2serial/ram_mask_reg_0_1_0_5_i_211_n_0
    SLICE_X58Y52         LUT6 (Prop_lut6_I5_O)        0.331    15.686 f  top/teaching_board_top/target/rd2serial/ram_mask_reg_0_1_0_5_i_177/O
                         net (fo=2, routed)           0.664    16.349    top/teaching_board_top/target/rd2serial/ram_mask_reg_0_1_0_5_i_177_n_0
    SLICE_X58Y54         LUT3 (Prop_lut3_I2_O)        0.124    16.473 r  top/teaching_board_top/target/rd2serial/ram_mask_reg_0_1_0_5_i_148/O
                         net (fo=2, routed)           0.687    17.161    top/teaching_board_top/target/rd2serial/ram_mask_reg_0_1_0_5_i_148_n_0
    SLICE_X59Y58         LUT5 (Prop_lut5_I3_O)        0.124    17.285 r  top/teaching_board_top/target/rd2serial/ram_mask_reg_0_1_0_5_i_152/O
                         net (fo=2, routed)           0.633    17.918    top/teaching_board_top/target/rd2serial/ram_mask_reg_0_1_0_5_i_152_n_0
    SLICE_X59Y57         LUT6 (Prop_lut6_I1_O)        0.124    18.042 r  top/teaching_board_top/target/rd2serial/ram_mask_reg_0_1_0_5_i_78/O
                         net (fo=3, routed)           0.486    18.528    top/teaching_board_top/target/rd2serial/ram_mask_reg_0_1_0_5_i_78_n_0
    SLICE_X59Y56         LUT6 (Prop_lut6_I5_O)        0.124    18.652 r  top/teaching_board_top/target/rd2serial/ram_mask_reg_0_1_0_5_i_69/O
                         net (fo=6, routed)           0.769    19.421    top/teaching_board_top/target/rd2serial/ram_mask_reg_0_1_0_5_i_69_n_0
    SLICE_X58Y53         LUT5 (Prop_lut5_I3_O)        0.150    19.571 r  top/teaching_board_top/target/rd2serial/ram_mask_reg_0_1_0_5_i_50/O
                         net (fo=4, routed)           0.597    20.169    top/teaching_board_top/target/rd2serial/ram_mask_reg_0_1_0_5_i_50_n_0
    SLICE_X58Y49         LUT5 (Prop_lut5_I2_O)        0.341    20.510 r  top/teaching_board_top/target/rd2serial/ram_mask_reg_0_1_0_5_i_36/O
                         net (fo=1, routed)           0.622    21.132    top/teaching_board_top/target/rd2serial/ram_mask_reg_0_1_0_5_i_36_n_0
    SLICE_X54Y49         CARRY4 (Prop_carry4_DI[2]_CO[3])
                                                      0.611    21.743 r  top/teaching_board_top/target/rd2serial/ram_mask_reg_0_1_0_5_i_27/CO[3]
                         net (fo=1, routed)           0.001    21.744    top/teaching_board_top/target/rd2serial/ram_mask_reg_0_1_0_5_i_27_n_0
    SLICE_X54Y50         CARRY4 (Prop_carry4_CI_CO[2])
                                                      0.229    21.973 f  top/teaching_board_top/target/rd2serial/ram_mask_reg_0_1_0_5_i_26/CO[2]
                         net (fo=1, routed)           0.630    22.602    top/teaching_board_top/target/rd2serial/_T_317[6]
    SLICE_X53Y49         LUT4 (Prop_lut4_I3_O)        0.310    22.912 f  top/teaching_board_top/target/rd2serial/ram_mask_reg_0_1_0_5_i_28/O
                         net (fo=1, routed)           0.263    23.175    top/teaching_board_top/target/rd2serial/ram_mask_reg_0_1_0_5_i_28_n_0
    SLICE_X53Y49         LUT4 (Prop_lut4_I3_O)        0.124    23.299 f  top/teaching_board_top/target/rd2serial/ram_mask_reg_0_1_0_5_i_20/O
                         net (fo=8, routed)           0.392    23.691    top/teaching_board_top/target/rd2serial/ram_mask_reg_0_1_0_5_i_20_n_0
    SLICE_X52Y49         LUT2 (Prop_lut2_I1_O)        0.124    23.815 r  top/teaching_board_top/target/rd2serial/req_address[1]_i_3/O
                         net (fo=6, routed)           0.858    24.672    top/teaching_board_top/target/rd2serial/addr_reg[1]_0
    SLICE_X44Y46         LUT6 (Prop_lut6_I4_O)        0.124    24.796 r  top/teaching_board_top/target/rd2serial/ram_mask_reg_0_1_0_5_i_12__0/O
                         net (fo=2, routed)           0.708    25.504    top/teaching_board_top/target/sbus/system_bus_xbar/rd2serial_auto_out_a_bits_mask[3]
    SLICE_X41Y37         LUT4 (Prop_lut4_I2_O)        0.124    25.628 r  top/teaching_board_top/target/sbus/system_bus_xbar/req_mask[3]_i_1/O
                         net (fo=2, routed)           1.020    26.648    top/teaching_board_top/target/backend/req_mask_reg[3]_0
    SLICE_X37Y54         LUT6 (Prop_lut6_I5_O)        0.124    26.772 r  top/teaching_board_top/target/backend/ram_mask_reg_0_7_0_5_i_12/O
                         net (fo=1, routed)           0.518    27.290    top/teaching_board_top/target/backend/ram_mask_reg_0_7_0_5_i_12_n_0
    SLICE_X36Y54         LUT4 (Prop_lut4_I0_O)        0.124    27.414 r  top/teaching_board_top/target/backend/ram_mask_reg_0_7_0_5_i_3/O
                         net (fo=4, routed)           0.937    28.351    top/teaching_board_top/target/bh/TLBroadcastTracker_1/o_data/ram_mask_reg_0_7_0_5/DIB1
    SLICE_X26Y52         RAMD32                                       r  top/teaching_board_top/target/bh/TLBroadcastTracker_1/o_data/ram_mask_reg_0_7_0_5/RAMB_D1/I
  -------------------------------------------------------------------    -------------------

                         (clock host_clk_i rise edge)
                                                     25.000    25.000 r  
    H16                                               0.000    25.000 r  clk (IN)
                         net (fo=0)                   0.000    25.000    clk
    H16                  IBUF (Prop_ibuf_I_O)         1.380    26.380 r  ibufg_gclk/O
                         net (fo=1, routed)           1.162    27.542    gclk_i
    MMCME2_ADV_X1Y2      MMCME2_ADV (Prop_mmcme2_adv_CLKIN1_CLKOUT0)
                                                      0.083    27.625 r  MMCME2_BASE_inst/CLKOUT0
                         net (fo=1, routed)           2.012    29.637    host_clk_i
    BUFGCTRL_X0Y16       BUFG (Prop_bufg_I_O)         0.091    29.728 r  bufg_host_clk/O
                         net (fo=7403, routed)        1.522    31.250    top/teaching_board_top/target/bh/TLBroadcastTracker_1/o_data/ram_mask_reg_0_7_0_5/WCLK
    SLICE_X26Y52         RAMD32                                       r  top/teaching_board_top/target/bh/TLBroadcastTracker_1/o_data/ram_mask_reg_0_7_0_5/RAMB_D1/CLK
                         clock pessimism              0.402    31.652    
                         clock uncertainty           -0.082    31.571    
    SLICE_X26Y52         RAMD32 (Setup_ramd32_CLK_I)
                                                     -0.228    31.343    top/teaching_board_top/target/bh/TLBroadcastTracker_1/o_data/ram_mask_reg_0_7_0_5/RAMB_D1
  -------------------------------------------------------------------
                         required time                         31.343    
                         arrival time                         -28.351    
  -------------------------------------------------------------------
                         slack                                  2.991    

Slack (MET) :             3.018ns  (required time - arrival time)
  Source:                 top/teaching_board_top/target/rd2serial/addr_reg[4]/C
                            (rising edge-triggered cell FDRE clocked by host_clk_i  {rise@0.000ns fall@12.500ns period=25.000ns})
  Destination:            top/teaching_board_top/target/bh/TLBroadcastTracker_2/o_data/ram_mask_reg_0_7_0_5/RAMB_D1/I
                            (rising edge-triggered cell RAMD32 clocked by host_clk_i  {rise@0.000ns fall@12.500ns period=25.000ns})
  Path Group:             host_clk_i
  Path Type:              Setup (Max at Slow Process Corner)
  Requirement:            25.000ns  (host_clk_i rise@25.000ns - host_clk_i rise@0.000ns)
  Data Path Delay:        21.531ns  (logic 8.404ns (39.032%)  route 13.127ns (60.968%))
  Logic Levels:           35  (CARRY4=19 LUT2=1 LUT3=2 LUT4=5 LUT5=3 LUT6=5)
  Clock Path Skew:        -0.142ns (DCD - SCD + CPR)
    Destination Clock Delay (DCD):    6.302ns = ( 31.302 - 25.000 ) 
    Source Clock Delay      (SCD):    6.860ns
    Clock Pessimism Removal (CPR):    0.416ns
  Clock Uncertainty:      0.082ns  ((TSJ^2 + DJ^2)^1/2) / 2 + PE
    Total System Jitter     (TSJ):    0.071ns
    Discrete Jitter          (DJ):    0.147ns
    Phase Error              (PE):    0.000ns

    Location             Delay type                Incr(ns)  Path(ns)    Netlist Resource(s)
  -------------------------------------------------------------------    -------------------
                         (clock host_clk_i rise edge)
                                                      0.000     0.000 r  
    H16                                               0.000     0.000 r  clk (IN)
                         net (fo=0)                   0.000     0.000    clk
    H16                  IBUF (Prop_ibuf_I_O)         1.451     1.451 r  ibufg_gclk/O
                         net (fo=1, routed)           1.285     2.736    gclk_i
    MMCME2_ADV_X1Y2      MMCME2_ADV (Prop_mmcme2_adv_CLKIN1_CLKOUT0)
                                                      0.088     2.824 r  MMCME2_BASE_inst/CLKOUT0
                         net (fo=1, routed)           2.206     5.030    host_clk_i
    BUFGCTRL_X0Y16       BUFG (Prop_bufg_I_O)         0.101     5.131 r  bufg_host_clk/O
                         net (fo=7403, routed)        1.729     6.860    top/teaching_board_top/target/rd2serial/host_clk
    SLICE_X57Y44         FDRE                                         r  top/teaching_board_top/target/rd2serial/addr_reg[4]/C
  -------------------------------------------------------------------    -------------------
    SLICE_X57Y44         FDRE (Prop_fdre_C_Q)         0.456     7.316 r  top/teaching_board_top/target/rd2serial/addr_reg[4]/Q
                         net (fo=5, routed)           0.619     7.935    top/teaching_board_top/target/rd2serial/addr_reg[31]_0[1]
    SLICE_X55Y44         CARRY4 (Prop_carry4_S[0]_CO[3])
                                                      0.656     8.591 r  top/teaching_board_top/target/rd2serial/addr_reg[7]_i_2/CO[3]
                         net (fo=1, routed)           0.000     8.591    top/teaching_board_top/target/rd2serial/addr_reg[7]_i_2_n_0
    SLICE_X55Y45         CARRY4 (Prop_carry4_CI_CO[3])
                                                      0.114     8.705 r  top/teaching_board_top/target/rd2serial/addr_reg[11]_i_2/CO[3]
                         net (fo=1, routed)           0.000     8.705    top/teaching_board_top/target/rd2serial/addr_reg[11]_i_2_n_0
    SLICE_X55Y46         CARRY4 (Prop_carry4_CI_CO[3])
                                                      0.114     8.819 r  top/teaching_board_top/target/rd2serial/addr_reg[15]_i_2/CO[3]
                         net (fo=1, routed)           0.000     8.819    top/teaching_board_top/target/rd2serial/addr_reg[15]_i_2_n_0
    SLICE_X55Y47         CARRY4 (Prop_carry4_CI_CO[3])
                                                      0.114     8.933 r  top/teaching_board_top/target/rd2serial/addr_reg[19]_i_2/CO[3]
                         net (fo=1, routed)           0.000     8.933    top/teaching_board_top/target/rd2serial/addr_reg[19]_i_2_n_0
    SLICE_X55Y48         CARRY4 (Prop_carry4_CI_CO[3])
                                                      0.114     9.047 r  top/teaching_board_top/target/rd2serial/addr_reg[23]_i_2/CO[3]
                         net (fo=1, routed)           0.000     9.047    top/teaching_board_top/target/rd2serial/addr_reg[23]_i_2_n_0
    SLICE_X55Y49         CARRY4 (Prop_carry4_CI_CO[3])
                                                      0.114     9.161 r  top/teaching_board_top/target/rd2serial/addr_reg[27]_i_2/CO[3]
                         net (fo=1, routed)           0.001     9.161    top/teaching_board_top/target/rd2serial/addr_reg[27]_i_2_n_0
    SLICE_X55Y50         CARRY4 (Prop_carry4_CI_O[1])
                                                      0.334     9.495 r  top/teaching_board_top/target/rd2serial/addr_reg[31]_i_6/O[1]
                         net (fo=3, routed)           0.556    10.051    top/teaching_board_top/target/rd2serial/_GEN_86[29]
    SLICE_X56Y50         CARRY4 (Prop_carry4_DI[1]_CO[3])
                                                      0.686    10.737 r  top/teaching_board_top/target/rd2serial/ram_mask_reg_0_1_0_5_i_101/CO[3]
                         net (fo=1, routed)           0.000    10.737    top/teaching_board_top/target/rd2serial/ram_mask_reg_0_1_0_5_i_101_n_0
    SLICE_X56Y51         CARRY4 (Prop_carry4_CI_CO[3])
                                                      0.114    10.851 r  top/teaching_board_top/target/rd2serial/ram_mask_reg_0_1_0_5_i_105/CO[3]
                         net (fo=1, routed)           0.000    10.851    top/teaching_board_top/target/rd2serial/ram_mask_reg_0_1_0_5_i_105_n_0
    SLICE_X56Y52         CARRY4 (Prop_carry4_CI_CO[3])
                                                      0.114    10.965 r  top/teaching_board_top/target/rd2serial/req_size_reg[1]_i_64/CO[3]
                         net (fo=1, routed)           0.000    10.965    top/teaching_board_top/target/rd2serial/req_size_reg[1]_i_64_n_0
    SLICE_X56Y53         CARRY4 (Prop_carry4_CI_CO[3])
                                                      0.114    11.079 r  top/teaching_board_top/target/rd2serial/req_size_reg[1]_i_60/CO[3]
                         net (fo=1, routed)           0.000    11.079    top/teaching_board_top/target/rd2serial/req_size_reg[1]_i_60_n_0
    SLICE_X56Y54         CARRY4 (Prop_carry4_CI_CO[3])
                                                      0.114    11.193 r  top/teaching_board_top/target/rd2serial/req_size_reg[1]_i_59/CO[3]
                         net (fo=1, routed)           0.000    11.193    top/teaching_board_top/target/rd2serial/req_size_reg[1]_i_59_n_0
    SLICE_X56Y55         CARRY4 (Prop_carry4_CI_CO[3])
                                                      0.114    11.307 r  top/teaching_board_top/target/rd2serial/req_size_reg[1]_i_37/CO[3]
                         net (fo=1, routed)           0.000    11.307    top/teaching_board_top/target/rd2serial/req_size_reg[1]_i_37_n_0
    SLICE_X56Y56         CARRY4 (Prop_carry4_CI_CO[3])
                                                      0.114    11.421 r  top/teaching_board_top/target/rd2serial/req_size_reg[1]_i_34/CO[3]
                         net (fo=1, routed)           0.000    11.421    top/teaching_board_top/target/rd2serial/req_size_reg[1]_i_34_n_0
    SLICE_X56Y57         CARRY4 (Prop_carry4_CI_O[1])
                                                      0.334    11.755 r  top/teaching_board_top/target/rd2serial/req_size_reg[1]_i_31/O[1]
                         net (fo=8, routed)           0.821    12.576    top/teaching_board_top/target/rd2serial/_GEN_87[57]
    SLICE_X57Y55         LUT4 (Prop_lut4_I1_O)        0.303    12.879 r  top/teaching_board_top/target/rd2serial/req_size[1]_i_87/O
                         net (fo=1, routed)           0.000    12.879    top/teaching_board_top/target/rd2serial/req_size[1]_i_87_n_0
    SLICE_X57Y55         CARRY4 (Prop_carry4_S[0]_CO[3])
                                                      0.532    13.411 r  top/teaching_board_top/target/rd2serial/req_size_reg[1]_i_45/CO[3]
                         net (fo=1, routed)           0.000    13.411    top/teaching_board_top/target/rd2serial/req_size_reg[1]_i_45_n_0
    SLICE_X57Y56         CARRY4 (Prop_carry4_CI_CO[0])
                                                      0.271    13.682 r  top/teaching_board_top/target/rd2serial/req_size_reg[1]_i_18/CO[0]
                         net (fo=163, routed)         0.885    14.568    top/teaching_board_top/target/rd2serial/_T_174
    SLICE_X58Y50         LUT3 (Prop_lut3_I1_O)        0.366    14.934 r  top/teaching_board_top/target/rd2serial/ram_mask_reg_0_1_0_5_i_211/O
                         net (fo=1, routed)           0.421    15.355    top/teaching_board_top/target/rd2serial/ram_mask_reg_0_1_0_5_i_211_n_0
    SLICE_X58Y52         LUT6 (Prop_lut6_I5_O)        0.331    15.686 f  top/teaching_board_top/target/rd2serial/ram_mask_reg_0_1_0_5_i_177/O
                         net (fo=2, routed)           0.664    16.349    top/teaching_board_top/target/rd2serial/ram_mask_reg_0_1_0_5_i_177_n_0
    SLICE_X58Y54         LUT3 (Prop_lut3_I2_O)        0.124    16.473 r  top/teaching_board_top/target/rd2serial/ram_mask_reg_0_1_0_5_i_148/O
                         net (fo=2, routed)           0.687    17.161    top/teaching_board_top/target/rd2serial/ram_mask_reg_0_1_0_5_i_148_n_0
    SLICE_X59Y58         LUT5 (Prop_lut5_I3_O)        0.124    17.285 r  top/teaching_board_top/target/rd2serial/ram_mask_reg_0_1_0_5_i_152/O
                         net (fo=2, routed)           0.633    17.918    top/teaching_board_top/target/rd2serial/ram_mask_reg_0_1_0_5_i_152_n_0
    SLICE_X59Y57         LUT6 (Prop_lut6_I1_O)        0.124    18.042 r  top/teaching_board_top/target/rd2serial/ram_mask_reg_0_1_0_5_i_78/O
                         net (fo=3, routed)           0.486    18.528    top/teaching_board_top/target/rd2serial/ram_mask_reg_0_1_0_5_i_78_n_0
    SLICE_X59Y56         LUT6 (Prop_lut6_I5_O)        0.124    18.652 r  top/teaching_board_top/target/rd2serial/ram_mask_reg_0_1_0_5_i_69/O
                         net (fo=6, routed)           0.769    19.421    top/teaching_board_top/target/rd2serial/ram_mask_reg_0_1_0_5_i_69_n_0
    SLICE_X58Y53         LUT5 (Prop_lut5_I3_O)        0.150    19.571 r  top/teaching_board_top/target/rd2serial/ram_mask_reg_0_1_0_5_i_50/O
                         net (fo=4, routed)           0.597    20.169    top/teaching_board_top/target/rd2serial/ram_mask_reg_0_1_0_5_i_50_n_0
    SLICE_X58Y49         LUT5 (Prop_lut5_I2_O)        0.341    20.510 r  top/teaching_board_top/target/rd2serial/ram_mask_reg_0_1_0_5_i_36/O
                         net (fo=1, routed)           0.622    21.132    top/teaching_board_top/target/rd2serial/ram_mask_reg_0_1_0_5_i_36_n_0
    SLICE_X54Y49         CARRY4 (Prop_carry4_DI[2]_CO[3])
                                                      0.611    21.743 r  top/teaching_board_top/target/rd2serial/ram_mask_reg_0_1_0_5_i_27/CO[3]
                         net (fo=1, routed)           0.001    21.744    top/teaching_board_top/target/rd2serial/ram_mask_reg_0_1_0_5_i_27_n_0
    SLICE_X54Y50         CARRY4 (Prop_carry4_CI_CO[2])
                                                      0.229    21.973 f  top/teaching_board_top/target/rd2serial/ram_mask_reg_0_1_0_5_i_26/CO[2]
                         net (fo=1, routed)           0.630    22.602    top/teaching_board_top/target/rd2serial/_T_317[6]
    SLICE_X53Y49         LUT4 (Prop_lut4_I3_O)        0.310    22.912 f  top/teaching_board_top/target/rd2serial/ram_mask_reg_0_1_0_5_i_28/O
                         net (fo=1, routed)           0.263    23.175    top/teaching_board_top/target/rd2serial/ram_mask_reg_0_1_0_5_i_28_n_0
    SLICE_X53Y49         LUT4 (Prop_lut4_I3_O)        0.124    23.299 f  top/teaching_board_top/target/rd2serial/ram_mask_reg_0_1_0_5_i_20/O
                         net (fo=8, routed)           0.392    23.691    top/teaching_board_top/target/rd2serial/ram_mask_reg_0_1_0_5_i_20_n_0
    SLICE_X52Y49         LUT2 (Prop_lut2_I1_O)        0.124    23.815 r  top/teaching_board_top/target/rd2serial/req_address[1]_i_3/O
                         net (fo=6, routed)           0.858    24.672    top/teaching_board_top/target/rd2serial/addr_reg[1]_0
    SLICE_X44Y46         LUT6 (Prop_lut6_I4_O)        0.124    24.796 r  top/teaching_board_top/target/rd2serial/ram_mask_reg_0_1_0_5_i_12__0/O
                         net (fo=2, routed)           0.708    25.504    top/teaching_board_top/target/sbus/system_bus_xbar/rd2serial_auto_out_a_bits_mask[3]
    SLICE_X41Y37         LUT4 (Prop_lut4_I2_O)        0.124    25.628 r  top/teaching_board_top/target/sbus/system_bus_xbar/req_mask[3]_i_1/O
                         net (fo=2, routed)           1.020    26.648    top/teaching_board_top/target/backend/req_mask_reg[3]_0
    SLICE_X37Y54         LUT6 (Prop_lut6_I5_O)        0.124    26.772 r  top/teaching_board_top/target/backend/ram_mask_reg_0_7_0_5_i_12/O
                         net (fo=1, routed)           0.518    27.290    top/teaching_board_top/target/backend/ram_mask_reg_0_7_0_5_i_12_n_0
    SLICE_X36Y54         LUT4 (Prop_lut4_I0_O)        0.124    27.414 r  top/teaching_board_top/target/backend/ram_mask_reg_0_7_0_5_i_3/O
                         net (fo=4, routed)           0.977    28.390    top/teaching_board_top/target/bh/TLBroadcastTracker_2/o_data/ram_mask_reg_0_7_0_5/DIB1
    SLICE_X26Y48         RAMD32                                       r  top/teaching_board_top/target/bh/TLBroadcastTracker_2/o_data/ram_mask_reg_0_7_0_5/RAMB_D1/I
  -------------------------------------------------------------------    -------------------

                         (clock host_clk_i rise edge)
                                                     25.000    25.000 r  
    H16                                               0.000    25.000 r  clk (IN)
                         net (fo=0)                   0.000    25.000    clk
    H16                  IBUF (Prop_ibuf_I_O)         1.380    26.380 r  ibufg_gclk/O
                         net (fo=1, routed)           1.162    27.542    gclk_i
    MMCME2_ADV_X1Y2      MMCME2_ADV (Prop_mmcme2_adv_CLKIN1_CLKOUT0)
                                                      0.083    27.625 r  MMCME2_BASE_inst/CLKOUT0
                         net (fo=1, routed)           2.012    29.637    host_clk_i
    BUFGCTRL_X0Y16       BUFG (Prop_bufg_I_O)         0.091    29.728 r  bufg_host_clk/O
                         net (fo=7403, routed)        1.573    31.302    top/teaching_board_top/target/bh/TLBroadcastTracker_2/o_data/ram_mask_reg_0_7_0_5/WCLK
    SLICE_X26Y48         RAMD32                                       r  top/teaching_board_top/target/bh/TLBroadcastTracker_2/o_data/ram_mask_reg_0_7_0_5/RAMB_D1/CLK
                         clock pessimism              0.416    31.718    
                         clock uncertainty           -0.082    31.636    
    SLICE_X26Y48         RAMD32 (Setup_ramd32_CLK_I)
                                                     -0.228    31.408    top/teaching_board_top/target/bh/TLBroadcastTracker_2/o_data/ram_mask_reg_0_7_0_5/RAMB_D1
  -------------------------------------------------------------------
                         required time                         31.408    
                         arrival time                         -28.390    
  -------------------------------------------------------------------
                         slack                                  3.018    

Slack (MET) :             3.041ns  (required time - arrival time)
  Source:                 top/teaching_board_top/target/rd2serial/addr_reg[4]/C
                            (rising edge-triggered cell FDRE clocked by host_clk_i  {rise@0.000ns fall@12.500ns period=25.000ns})
  Destination:            top/teaching_board_top/target/bh/TLBroadcastTracker/o_data/ram_mask_reg_0_7_0_5/RAMC_D1/I
                            (rising edge-triggered cell RAMD32 clocked by host_clk_i  {rise@0.000ns fall@12.500ns period=25.000ns})
  Path Group:             host_clk_i
  Path Type:              Setup (Max at Slow Process Corner)
  Requirement:            25.000ns  (host_clk_i rise@25.000ns - host_clk_i rise@0.000ns)
  Data Path Delay:        21.421ns  (logic 8.724ns (40.726%)  route 12.697ns (59.274%))
  Logic Levels:           36  (CARRY4=19 LUT2=1 LUT3=2 LUT4=5 LUT5=4 LUT6=5)
  Clock Path Skew:        -0.207ns (DCD - SCD + CPR)
    Destination Clock Delay (DCD):    6.250ns = ( 31.250 - 25.000 ) 
    Source Clock Delay      (SCD):    6.860ns
    Clock Pessimism Removal (CPR):    0.402ns
  Clock Uncertainty:      0.082ns  ((TSJ^2 + DJ^2)^1/2) / 2 + PE
    Total System Jitter     (TSJ):    0.071ns
    Discrete Jitter          (DJ):    0.147ns
    Phase Error              (PE):    0.000ns

    Location             Delay type                Incr(ns)  Path(ns)    Netlist Resource(s)
  -------------------------------------------------------------------    -------------------
                         (clock host_clk_i rise edge)
                                                      0.000     0.000 r  
    H16                                               0.000     0.000 r  clk (IN)
                         net (fo=0)                   0.000     0.000    clk
    H16                  IBUF (Prop_ibuf_I_O)         1.451     1.451 r  ibufg_gclk/O
                         net (fo=1, routed)           1.285     2.736    gclk_i
    MMCME2_ADV_X1Y2      MMCME2_ADV (Prop_mmcme2_adv_CLKIN1_CLKOUT0)
                                                      0.088     2.824 r  MMCME2_BASE_inst/CLKOUT0
                         net (fo=1, routed)           2.206     5.030    host_clk_i
    BUFGCTRL_X0Y16       BUFG (Prop_bufg_I_O)         0.101     5.131 r  bufg_host_clk/O
                         net (fo=7403, routed)        1.729     6.860    top/teaching_board_top/target/rd2serial/host_clk
    SLICE_X57Y44         FDRE                                         r  top/teaching_board_top/target/rd2serial/addr_reg[4]/C
  -------------------------------------------------------------------    -------------------
    SLICE_X57Y44         FDRE (Prop_fdre_C_Q)         0.456     7.316 r  top/teaching_board_top/target/rd2serial/addr_reg[4]/Q
                         net (fo=5, routed)           0.619     7.935    top/teaching_board_top/target/rd2serial/addr_reg[31]_0[1]
    SLICE_X55Y44         CARRY4 (Prop_carry4_S[0]_CO[3])
                                                      0.656     8.591 r  top/teaching_board_top/target/rd2serial/addr_reg[7]_i_2/CO[3]
                         net (fo=1, routed)           0.000     8.591    top/teaching_board_top/target/rd2serial/addr_reg[7]_i_2_n_0
    SLICE_X55Y45         CARRY4 (Prop_carry4_CI_CO[3])
                                                      0.114     8.705 r  top/teaching_board_top/target/rd2serial/addr_reg[11]_i_2/CO[3]
                         net (fo=1, routed)           0.000     8.705    top/teaching_board_top/target/rd2serial/addr_reg[11]_i_2_n_0
    SLICE_X55Y46         CARRY4 (Prop_carry4_CI_CO[3])
                                                      0.114     8.819 r  top/teaching_board_top/target/rd2serial/addr_reg[15]_i_2/CO[3]
                         net (fo=1, routed)           0.000     8.819    top/teaching_board_top/target/rd2serial/addr_reg[15]_i_2_n_0
    SLICE_X55Y47         CARRY4 (Prop_carry4_CI_CO[3])
                                                      0.114     8.933 r  top/teaching_board_top/target/rd2serial/addr_reg[19]_i_2/CO[3]
                         net (fo=1, routed)           0.000     8.933    top/teaching_board_top/target/rd2serial/addr_reg[19]_i_2_n_0
    SLICE_X55Y48         CARRY4 (Prop_carry4_CI_CO[3])
                                                      0.114     9.047 r  top/teaching_board_top/target/rd2serial/addr_reg[23]_i_2/CO[3]
                         net (fo=1, routed)           0.000     9.047    top/teaching_board_top/target/rd2serial/addr_reg[23]_i_2_n_0
    SLICE_X55Y49         CARRY4 (Prop_carry4_CI_CO[3])
                                                      0.114     9.161 r  top/teaching_board_top/target/rd2serial/addr_reg[27]_i_2/CO[3]
                         net (fo=1, routed)           0.001     9.161    top/teaching_board_top/target/rd2serial/addr_reg[27]_i_2_n_0
    SLICE_X55Y50         CARRY4 (Prop_carry4_CI_O[1])
                                                      0.334     9.495 r  top/teaching_board_top/target/rd2serial/addr_reg[31]_i_6/O[1]
                         net (fo=3, routed)           0.556    10.051    top/teaching_board_top/target/rd2serial/_GEN_86[29]
    SLICE_X56Y50         CARRY4 (Prop_carry4_DI[1]_CO[3])
                                                      0.686    10.737 r  top/teaching_board_top/target/rd2serial/ram_mask_reg_0_1_0_5_i_101/CO[3]
                         net (fo=1, routed)           0.000    10.737    top/teaching_board_top/target/rd2serial/ram_mask_reg_0_1_0_5_i_101_n_0
    SLICE_X56Y51         CARRY4 (Prop_carry4_CI_CO[3])
                                                      0.114    10.851 r  top/teaching_board_top/target/rd2serial/ram_mask_reg_0_1_0_5_i_105/CO[3]
                         net (fo=1, routed)           0.000    10.851    top/teaching_board_top/target/rd2serial/ram_mask_reg_0_1_0_5_i_105_n_0
    SLICE_X56Y52         CARRY4 (Prop_carry4_CI_CO[3])
                                                      0.114    10.965 r  top/teaching_board_top/target/rd2serial/req_size_reg[1]_i_64/CO[3]
                         net (fo=1, routed)           0.000    10.965    top/teaching_board_top/target/rd2serial/req_size_reg[1]_i_64_n_0
    SLICE_X56Y53         CARRY4 (Prop_carry4_CI_CO[3])
                                                      0.114    11.079 r  top/teaching_board_top/target/rd2serial/req_size_reg[1]_i_60/CO[3]
                         net (fo=1, routed)           0.000    11.079    top/teaching_board_top/target/rd2serial/req_size_reg[1]_i_60_n_0
    SLICE_X56Y54         CARRY4 (Prop_carry4_CI_CO[3])
                                                      0.114    11.193 r  top/teaching_board_top/target/rd2serial/req_size_reg[1]_i_59/CO[3]
                         net (fo=1, routed)           0.000    11.193    top/teaching_board_top/target/rd2serial/req_size_reg[1]_i_59_n_0
    SLICE_X56Y55         CARRY4 (Prop_carry4_CI_CO[3])
                                                      0.114    11.307 r  top/teaching_board_top/target/rd2serial/req_size_reg[1]_i_37/CO[3]
                         net (fo=1, routed)           0.000    11.307    top/teaching_board_top/target/rd2serial/req_size_reg[1]_i_37_n_0
    SLICE_X56Y56         CARRY4 (Prop_carry4_CI_CO[3])
                                                      0.114    11.421 r  top/teaching_board_top/target/rd2serial/req_size_reg[1]_i_34/CO[3]
                         net (fo=1, routed)           0.000    11.421    top/teaching_board_top/target/rd2serial/req_size_reg[1]_i_34_n_0
    SLICE_X56Y57         CARRY4 (Prop_carry4_CI_O[1])
                                                      0.334    11.755 r  top/teaching_board_top/target/rd2serial/req_size_reg[1]_i_31/O[1]
                         net (fo=8, routed)           0.821    12.576    top/teaching_board_top/target/rd2serial/_GEN_87[57]
    SLICE_X57Y55         LUT4 (Prop_lut4_I1_O)        0.303    12.879 r  top/teaching_board_top/target/rd2serial/req_size[1]_i_87/O
                         net (fo=1, routed)           0.000    12.879    top/teaching_board_top/target/rd2serial/req_size[1]_i_87_n_0
    SLICE_X57Y55         CARRY4 (Prop_carry4_S[0]_CO[3])
                                                      0.532    13.411 r  top/teaching_board_top/target/rd2serial/req_size_reg[1]_i_45/CO[3]
                         net (fo=1, routed)           0.000    13.411    top/teaching_board_top/target/rd2serial/req_size_reg[1]_i_45_n_0
    SLICE_X57Y56         CARRY4 (Prop_carry4_CI_CO[0])
                                                      0.271    13.682 r  top/teaching_board_top/target/rd2serial/req_size_reg[1]_i_18/CO[0]
                         net (fo=163, routed)         0.885    14.568    top/teaching_board_top/target/rd2serial/_T_174
    SLICE_X58Y50         LUT3 (Prop_lut3_I1_O)        0.366    14.934 r  top/teaching_board_top/target/rd2serial/ram_mask_reg_0_1_0_5_i_211/O
                         net (fo=1, routed)           0.421    15.355    top/teaching_board_top/target/rd2serial/ram_mask_reg_0_1_0_5_i_211_n_0
    SLICE_X58Y52         LUT6 (Prop_lut6_I5_O)        0.331    15.686 f  top/teaching_board_top/target/rd2serial/ram_mask_reg_0_1_0_5_i_177/O
                         net (fo=2, routed)           0.664    16.349    top/teaching_board_top/target/rd2serial/ram_mask_reg_0_1_0_5_i_177_n_0
    SLICE_X58Y54         LUT3 (Prop_lut3_I2_O)        0.124    16.473 r  top/teaching_board_top/target/rd2serial/ram_mask_reg_0_1_0_5_i_148/O
                         net (fo=2, routed)           0.687    17.161    top/teaching_board_top/target/rd2serial/ram_mask_reg_0_1_0_5_i_148_n_0
    SLICE_X59Y58         LUT5 (Prop_lut5_I3_O)        0.124    17.285 r  top/teaching_board_top/target/rd2serial/ram_mask_reg_0_1_0_5_i_152/O
                         net (fo=2, routed)           0.633    17.918    top/teaching_board_top/target/rd2serial/ram_mask_reg_0_1_0_5_i_152_n_0
    SLICE_X59Y57         LUT6 (Prop_lut6_I1_O)        0.124    18.042 r  top/teaching_board_top/target/rd2serial/ram_mask_reg_0_1_0_5_i_78/O
                         net (fo=3, routed)           0.486    18.528    top/teaching_board_top/target/rd2serial/ram_mask_reg_0_1_0_5_i_78_n_0
    SLICE_X59Y56         LUT6 (Prop_lut6_I5_O)        0.124    18.652 r  top/teaching_board_top/target/rd2serial/ram_mask_reg_0_1_0_5_i_69/O
                         net (fo=6, routed)           0.769    19.421    top/teaching_board_top/target/rd2serial/ram_mask_reg_0_1_0_5_i_69_n_0
    SLICE_X58Y53         LUT5 (Prop_lut5_I3_O)        0.150    19.571 r  top/teaching_board_top/target/rd2serial/ram_mask_reg_0_1_0_5_i_50/O
                         net (fo=4, routed)           0.597    20.169    top/teaching_board_top/target/rd2serial/ram_mask_reg_0_1_0_5_i_50_n_0
    SLICE_X58Y49         LUT5 (Prop_lut5_I2_O)        0.341    20.510 r  top/teaching_board_top/target/rd2serial/ram_mask_reg_0_1_0_5_i_36/O
                         net (fo=1, routed)           0.622    21.132    top/teaching_board_top/target/rd2serial/ram_mask_reg_0_1_0_5_i_36_n_0
    SLICE_X54Y49         CARRY4 (Prop_carry4_DI[2]_CO[3])
                                                      0.611    21.743 r  top/teaching_board_top/target/rd2serial/ram_mask_reg_0_1_0_5_i_27/CO[3]
                         net (fo=1, routed)           0.001    21.744    top/teaching_board_top/target/rd2serial/ram_mask_reg_0_1_0_5_i_27_n_0
    SLICE_X54Y50         CARRY4 (Prop_carry4_CI_CO[2])
                                                      0.229    21.973 f  top/teaching_board_top/target/rd2serial/ram_mask_reg_0_1_0_5_i_26/CO[2]
                         net (fo=1, routed)           0.630    22.602    top/teaching_board_top/target/rd2serial/_T_317[6]
    SLICE_X53Y49         LUT4 (Prop_lut4_I3_O)        0.310    22.912 f  top/teaching_board_top/target/rd2serial/ram_mask_reg_0_1_0_5_i_28/O
                         net (fo=1, routed)           0.263    23.175    top/teaching_board_top/target/rd2serial/ram_mask_reg_0_1_0_5_i_28_n_0
    SLICE_X53Y49         LUT4 (Prop_lut4_I3_O)        0.124    23.299 f  top/teaching_board_top/target/rd2serial/ram_mask_reg_0_1_0_5_i_20/O
                         net (fo=8, routed)           0.760    24.059    top/teaching_board_top/target/rd2serial/ram_mask_reg_0_1_0_5_i_20_n_0
    SLICE_X45Y47         LUT2 (Prop_lut2_I1_O)        0.118    24.177 r  top/teaching_board_top/target/rd2serial/req_address[2]_i_3/O
                         net (fo=6, routed)           0.654    24.830    top/teaching_board_top/target/rd2serial/addr_reg[2]_0
    SLICE_X44Y46         LUT5 (Prop_lut5_I1_O)        0.326    25.156 r  top/teaching_board_top/target/rd2serial/ram_mask_reg_0_1_0_5_i_25/O
                         net (fo=2, routed)           0.301    25.458    top/teaching_board_top/target/rd2serial/ram_mask_reg_0_1_0_5_i_25_n_0
    SLICE_X45Y46         LUT6 (Prop_lut6_I2_O)        0.124    25.582 r  top/teaching_board_top/target/rd2serial/ram_mask_reg_0_1_0_5_i_16/O
                         net (fo=2, routed)           0.558    26.140    top/teaching_board_top/target/sbus/system_bus_xbar/rd2serial_auto_out_a_bits_mask[5]
    SLICE_X41Y46         LUT4 (Prop_lut4_I2_O)        0.124    26.264 r  top/teaching_board_top/target/sbus/system_bus_xbar/req_mask[5]_i_1/O
                         net (fo=2, routed)           0.696    26.960    top/teaching_board_top/target/backend/req_mask_reg[5]_0
    SLICE_X35Y54         LUT6 (Prop_lut6_I5_O)        0.124    27.084 r  top/teaching_board_top/target/backend/ram_mask_reg_0_7_0_5_i_15/O
                         net (fo=1, routed)           0.298    27.382    top/teaching_board_top/target/backend/ram_mask_reg_0_7_0_5_i_15_n_0
    SLICE_X33Y54         LUT4 (Prop_lut4_I0_O)        0.124    27.506 r  top/teaching_board_top/target/backend/ram_mask_reg_0_7_0_5_i_5/O
                         net (fo=4, routed)           0.775    28.281    top/teaching_board_top/target/bh/TLBroadcastTracker/o_data/ram_mask_reg_0_7_0_5/DIC1
    SLICE_X26Y51         RAMD32                                       r  top/teaching_board_top/target/bh/TLBroadcastTracker/o_data/ram_mask_reg_0_7_0_5/RAMC_D1/I
  -------------------------------------------------------------------    -------------------

                         (clock host_clk_i rise edge)
                                                     25.000    25.000 r  
    H16                                               0.000    25.000 r  clk (IN)
                         net (fo=0)                   0.000    25.000    clk
    H16                  IBUF (Prop_ibuf_I_O)         1.380    26.380 r  ibufg_gclk/O
                         net (fo=1, routed)           1.162    27.542    gclk_i
    MMCME2_ADV_X1Y2      MMCME2_ADV (Prop_mmcme2_adv_CLKIN1_CLKOUT0)
                                                      0.083    27.625 r  MMCME2_BASE_inst/CLKOUT0
                         net (fo=1, routed)           2.012    29.637    host_clk_i
    BUFGCTRL_X0Y16       BUFG (Prop_bufg_I_O)         0.091    29.728 r  bufg_host_clk/O
                         net (fo=7403, routed)        1.522    31.250    top/teaching_board_top/target/bh/TLBroadcastTracker/o_data/ram_mask_reg_0_7_0_5/WCLK
    SLICE_X26Y51         RAMD32                                       r  top/teaching_board_top/target/bh/TLBroadcastTracker/o_data/ram_mask_reg_0_7_0_5/RAMC_D1/CLK
                         clock pessimism              0.402    31.652    
                         clock uncertainty           -0.082    31.571    
    SLICE_X26Y51         RAMD32 (Setup_ramd32_CLK_I)
                                                     -0.249    31.322    top/teaching_board_top/target/bh/TLBroadcastTracker/o_data/ram_mask_reg_0_7_0_5/RAMC_D1
  -------------------------------------------------------------------
                         required time                         31.322    
                         arrival time                         -28.281    
  -------------------------------------------------------------------
                         slack                                  3.041    

Slack (MET) :             3.041ns  (required time - arrival time)
  Source:                 top/teaching_board_top/target/rd2serial/addr_reg[4]/C
                            (rising edge-triggered cell FDRE clocked by host_clk_i  {rise@0.000ns fall@12.500ns period=25.000ns})
  Destination:            top/teaching_board_top/target/bh/TLBroadcastTracker_1/o_data/ram_mask_reg_0_7_0_5/RAMC_D1/I
                            (rising edge-triggered cell RAMD32 clocked by host_clk_i  {rise@0.000ns fall@12.500ns period=25.000ns})
  Path Group:             host_clk_i
  Path Type:              Setup (Max at Slow Process Corner)
  Requirement:            25.000ns  (host_clk_i rise@25.000ns - host_clk_i rise@0.000ns)
  Data Path Delay:        21.421ns  (logic 8.724ns (40.726%)  route 12.697ns (59.274%))
  Logic Levels:           36  (CARRY4=19 LUT2=1 LUT3=2 LUT4=5 LUT5=4 LUT6=5)
  Clock Path Skew:        -0.207ns (DCD - SCD + CPR)
    Destination Clock Delay (DCD):    6.250ns = ( 31.250 - 25.000 ) 
    Source Clock Delay      (SCD):    6.860ns
    Clock Pessimism Removal (CPR):    0.402ns
  Clock Uncertainty:      0.082ns  ((TSJ^2 + DJ^2)^1/2) / 2 + PE
    Total System Jitter     (TSJ):    0.071ns
    Discrete Jitter          (DJ):    0.147ns
    Phase Error              (PE):    0.000ns

    Location             Delay type                Incr(ns)  Path(ns)    Netlist Resource(s)
  -------------------------------------------------------------------    -------------------
                         (clock host_clk_i rise edge)
                                                      0.000     0.000 r  
    H16                                               0.000     0.000 r  clk (IN)
                         net (fo=0)                   0.000     0.000    clk
    H16                  IBUF (Prop_ibuf_I_O)         1.451     1.451 r  ibufg_gclk/O
                         net (fo=1, routed)           1.285     2.736    gclk_i
    MMCME2_ADV_X1Y2      MMCME2_ADV (Prop_mmcme2_adv_CLKIN1_CLKOUT0)
                                                      0.088     2.824 r  MMCME2_BASE_inst/CLKOUT0
                         net (fo=1, routed)           2.206     5.030    host_clk_i
    BUFGCTRL_X0Y16       BUFG (Prop_bufg_I_O)         0.101     5.131 r  bufg_host_clk/O
                         net (fo=7403, routed)        1.729     6.860    top/teaching_board_top/target/rd2serial/host_clk
    SLICE_X57Y44         FDRE                                         r  top/teaching_board_top/target/rd2serial/addr_reg[4]/C
  -------------------------------------------------------------------    -------------------
    SLICE_X57Y44         FDRE (Prop_fdre_C_Q)         0.456     7.316 r  top/teaching_board_top/target/rd2serial/addr_reg[4]/Q
                         net (fo=5, routed)           0.619     7.935    top/teaching_board_top/target/rd2serial/addr_reg[31]_0[1]
    SLICE_X55Y44         CARRY4 (Prop_carry4_S[0]_CO[3])
                                                      0.656     8.591 r  top/teaching_board_top/target/rd2serial/addr_reg[7]_i_2/CO[3]
                         net (fo=1, routed)           0.000     8.591    top/teaching_board_top/target/rd2serial/addr_reg[7]_i_2_n_0
    SLICE_X55Y45         CARRY4 (Prop_carry4_CI_CO[3])
                                                      0.114     8.705 r  top/teaching_board_top/target/rd2serial/addr_reg[11]_i_2/CO[3]
                         net (fo=1, routed)           0.000     8.705    top/teaching_board_top/target/rd2serial/addr_reg[11]_i_2_n_0
    SLICE_X55Y46         CARRY4 (Prop_carry4_CI_CO[3])
                                                      0.114     8.819 r  top/teaching_board_top/target/rd2serial/addr_reg[15]_i_2/CO[3]
                         net (fo=1, routed)           0.000     8.819    top/teaching_board_top/target/rd2serial/addr_reg[15]_i_2_n_0
    SLICE_X55Y47         CARRY4 (Prop_carry4_CI_CO[3])
                                                      0.114     8.933 r  top/teaching_board_top/target/rd2serial/addr_reg[19]_i_2/CO[3]
                         net (fo=1, routed)           0.000     8.933    top/teaching_board_top/target/rd2serial/addr_reg[19]_i_2_n_0
    SLICE_X55Y48         CARRY4 (Prop_carry4_CI_CO[3])
                                                      0.114     9.047 r  top/teaching_board_top/target/rd2serial/addr_reg[23]_i_2/CO[3]
                         net (fo=1, routed)           0.000     9.047    top/teaching_board_top/target/rd2serial/addr_reg[23]_i_2_n_0
    SLICE_X55Y49         CARRY4 (Prop_carry4_CI_CO[3])
                                                      0.114     9.161 r  top/teaching_board_top/target/rd2serial/addr_reg[27]_i_2/CO[3]
                         net (fo=1, routed)           0.001     9.161    top/teaching_board_top/target/rd2serial/addr_reg[27]_i_2_n_0
    SLICE_X55Y50         CARRY4 (Prop_carry4_CI_O[1])
                                                      0.334     9.495 r  top/teaching_board_top/target/rd2serial/addr_reg[31]_i_6/O[1]
                         net (fo=3, routed)           0.556    10.051    top/teaching_board_top/target/rd2serial/_GEN_86[29]
    SLICE_X56Y50         CARRY4 (Prop_carry4_DI[1]_CO[3])
                                                      0.686    10.737 r  top/teaching_board_top/target/rd2serial/ram_mask_reg_0_1_0_5_i_101/CO[3]
                         net (fo=1, routed)           0.000    10.737    top/teaching_board_top/target/rd2serial/ram_mask_reg_0_1_0_5_i_101_n_0
    SLICE_X56Y51         CARRY4 (Prop_carry4_CI_CO[3])
                                                      0.114    10.851 r  top/teaching_board_top/target/rd2serial/ram_mask_reg_0_1_0_5_i_105/CO[3]
                         net (fo=1, routed)           0.000    10.851    top/teaching_board_top/target/rd2serial/ram_mask_reg_0_1_0_5_i_105_n_0
    SLICE_X56Y52         CARRY4 (Prop_carry4_CI_CO[3])
                                                      0.114    10.965 r  top/teaching_board_top/target/rd2serial/req_size_reg[1]_i_64/CO[3]
                         net (fo=1, routed)           0.000    10.965    top/teaching_board_top/target/rd2serial/req_size_reg[1]_i_64_n_0
    SLICE_X56Y53         CARRY4 (Prop_carry4_CI_CO[3])
                                                      0.114    11.079 r  top/teaching_board_top/target/rd2serial/req_size_reg[1]_i_60/CO[3]
                         net (fo=1, routed)           0.000    11.079    top/teaching_board_top/target/rd2serial/req_size_reg[1]_i_60_n_0
    SLICE_X56Y54         CARRY4 (Prop_carry4_CI_CO[3])
                                                      0.114    11.193 r  top/teaching_board_top/target/rd2serial/req_size_reg[1]_i_59/CO[3]
                         net (fo=1, routed)           0.000    11.193    top/teaching_board_top/target/rd2serial/req_size_reg[1]_i_59_n_0
    SLICE_X56Y55         CARRY4 (Prop_carry4_CI_CO[3])
                                                      0.114    11.307 r  top/teaching_board_top/target/rd2serial/req_size_reg[1]_i_37/CO[3]
                         net (fo=1, routed)           0.000    11.307    top/teaching_board_top/target/rd2serial/req_size_reg[1]_i_37_n_0
    SLICE_X56Y56         CARRY4 (Prop_carry4_CI_CO[3])
                                                      0.114    11.421 r  top/teaching_board_top/target/rd2serial/req_size_reg[1]_i_34/CO[3]
                         net (fo=1, routed)           0.000    11.421    top/teaching_board_top/target/rd2serial/req_size_reg[1]_i_34_n_0
    SLICE_X56Y57         CARRY4 (Prop_carry4_CI_O[1])
                                                      0.334    11.755 r  top/teaching_board_top/target/rd2serial/req_size_reg[1]_i_31/O[1]
                         net (fo=8, routed)           0.821    12.576    top/teaching_board_top/target/rd2serial/_GEN_87[57]
    SLICE_X57Y55         LUT4 (Prop_lut4_I1_O)        0.303    12.879 r  top/teaching_board_top/target/rd2serial/req_size[1]_i_87/O
                         net (fo=1, routed)           0.000    12.879    top/teaching_board_top/target/rd2serial/req_size[1]_i_87_n_0
    SLICE_X57Y55         CARRY4 (Prop_carry4_S[0]_CO[3])
                                                      0.532    13.411 r  top/teaching_board_top/target/rd2serial/req_size_reg[1]_i_45/CO[3]
                         net (fo=1, routed)           0.000    13.411    top/teaching_board_top/target/rd2serial/req_size_reg[1]_i_45_n_0
    SLICE_X57Y56         CARRY4 (Prop_carry4_CI_CO[0])
                                                      0.271    13.682 r  top/teaching_board_top/target/rd2serial/req_size_reg[1]_i_18/CO[0]
                         net (fo=163, routed)         0.885    14.568    top/teaching_board_top/target/rd2serial/_T_174
    SLICE_X58Y50         LUT3 (Prop_lut3_I1_O)        0.366    14.934 r  top/teaching_board_top/target/rd2serial/ram_mask_reg_0_1_0_5_i_211/O
                         net (fo=1, routed)           0.421    15.355    top/teaching_board_top/target/rd2serial/ram_mask_reg_0_1_0_5_i_211_n_0
    SLICE_X58Y52         LUT6 (Prop_lut6_I5_O)        0.331    15.686 f  top/teaching_board_top/target/rd2serial/ram_mask_reg_0_1_0_5_i_177/O
                         net (fo=2, routed)           0.664    16.349    top/teaching_board_top/target/rd2serial/ram_mask_reg_0_1_0_5_i_177_n_0
    SLICE_X58Y54         LUT3 (Prop_lut3_I2_O)        0.124    16.473 r  top/teaching_board_top/target/rd2serial/ram_mask_reg_0_1_0_5_i_148/O
                         net (fo=2, routed)           0.687    17.161    top/teaching_board_top/target/rd2serial/ram_mask_reg_0_1_0_5_i_148_n_0
    SLICE_X59Y58         LUT5 (Prop_lut5_I3_O)        0.124    17.285 r  top/teaching_board_top/target/rd2serial/ram_mask_reg_0_1_0_5_i_152/O
                         net (fo=2, routed)           0.633    17.918    top/teaching_board_top/target/rd2serial/ram_mask_reg_0_1_0_5_i_152_n_0
    SLICE_X59Y57         LUT6 (Prop_lut6_I1_O)        0.124    18.042 r  top/teaching_board_top/target/rd2serial/ram_mask_reg_0_1_0_5_i_78/O
                         net (fo=3, routed)           0.486    18.528    top/teaching_board_top/target/rd2serial/ram_mask_reg_0_1_0_5_i_78_n_0
    SLICE_X59Y56         LUT6 (Prop_lut6_I5_O)        0.124    18.652 r  top/teaching_board_top/target/rd2serial/ram_mask_reg_0_1_0_5_i_69/O
                         net (fo=6, routed)           0.769    19.421    top/teaching_board_top/target/rd2serial/ram_mask_reg_0_1_0_5_i_69_n_0
    SLICE_X58Y53         LUT5 (Prop_lut5_I3_O)        0.150    19.571 r  top/teaching_board_top/target/rd2serial/ram_mask_reg_0_1_0_5_i_50/O
                         net (fo=4, routed)           0.597    20.169    top/teaching_board_top/target/rd2serial/ram_mask_reg_0_1_0_5_i_50_n_0
    SLICE_X58Y49         LUT5 (Prop_lut5_I2_O)        0.341    20.510 r  top/teaching_board_top/target/rd2serial/ram_mask_reg_0_1_0_5_i_36/O
                         net (fo=1, routed)           0.622    21.132    top/teaching_board_top/target/rd2serial/ram_mask_reg_0_1_0_5_i_36_n_0
    SLICE_X54Y49         CARRY4 (Prop_carry4_DI[2]_CO[3])
                                                      0.611    21.743 r  top/teaching_board_top/target/rd2serial/ram_mask_reg_0_1_0_5_i_27/CO[3]
                         net (fo=1, routed)           0.001    21.744    top/teaching_board_top/target/rd2serial/ram_mask_reg_0_1_0_5_i_27_n_0
    SLICE_X54Y50         CARRY4 (Prop_carry4_CI_CO[2])
                                                      0.229    21.973 f  top/teaching_board_top/target/rd2serial/ram_mask_reg_0_1_0_5_i_26/CO[2]
                         net (fo=1, routed)           0.630    22.602    top/teaching_board_top/target/rd2serial/_T_317[6]
    SLICE_X53Y49         LUT4 (Prop_lut4_I3_O)        0.310    22.912 f  top/teaching_board_top/target/rd2serial/ram_mask_reg_0_1_0_5_i_28/O
                         net (fo=1, routed)           0.263    23.175    top/teaching_board_top/target/rd2serial/ram_mask_reg_0_1_0_5_i_28_n_0
    SLICE_X53Y49         LUT4 (Prop_lut4_I3_O)        0.124    23.299 f  top/teaching_board_top/target/rd2serial/ram_mask_reg_0_1_0_5_i_20/O
                         net (fo=8, routed)           0.760    24.059    top/teaching_board_top/target/rd2serial/ram_mask_reg_0_1_0_5_i_20_n_0
    SLICE_X45Y47         LUT2 (Prop_lut2_I1_O)        0.118    24.177 r  top/teaching_board_top/target/rd2serial/req_address[2]_i_3/O
                         net (fo=6, routed)           0.654    24.830    top/teaching_board_top/target/rd2serial/addr_reg[2]_0
    SLICE_X44Y46         LUT5 (Prop_lut5_I1_O)        0.326    25.156 r  top/teaching_board_top/target/rd2serial/ram_mask_reg_0_1_0_5_i_25/O
                         net (fo=2, routed)           0.301    25.458    top/teaching_board_top/target/rd2serial/ram_mask_reg_0_1_0_5_i_25_n_0
    SLICE_X45Y46         LUT6 (Prop_lut6_I2_O)        0.124    25.582 r  top/teaching_board_top/target/rd2serial/ram_mask_reg_0_1_0_5_i_16/O
                         net (fo=2, routed)           0.558    26.140    top/teaching_board_top/target/sbus/system_bus_xbar/rd2serial_auto_out_a_bits_mask[5]
    SLICE_X41Y46         LUT4 (Prop_lut4_I2_O)        0.124    26.264 r  top/teaching_board_top/target/sbus/system_bus_xbar/req_mask[5]_i_1/O
                         net (fo=2, routed)           0.696    26.960    top/teaching_board_top/target/backend/req_mask_reg[5]_0
    SLICE_X35Y54         LUT6 (Prop_lut6_I5_O)        0.124    27.084 r  top/teaching_board_top/target/backend/ram_mask_reg_0_7_0_5_i_15/O
                         net (fo=1, routed)           0.298    27.382    top/teaching_board_top/target/backend/ram_mask_reg_0_7_0_5_i_15_n_0
    SLICE_X33Y54         LUT4 (Prop_lut4_I0_O)        0.124    27.506 r  top/teaching_board_top/target/backend/ram_mask_reg_0_7_0_5_i_5/O
                         net (fo=4, routed)           0.775    28.281    top/teaching_board_top/target/bh/TLBroadcastTracker_1/o_data/ram_mask_reg_0_7_0_5/DIC1
    SLICE_X26Y52         RAMD32                                       r  top/teaching_board_top/target/bh/TLBroadcastTracker_1/o_data/ram_mask_reg_0_7_0_5/RAMC_D1/I
  -------------------------------------------------------------------    -------------------

                         (clock host_clk_i rise edge)
                                                     25.000    25.000 r  
    H16                                               0.000    25.000 r  clk (IN)
                         net (fo=0)                   0.000    25.000    clk
    H16                  IBUF (Prop_ibuf_I_O)         1.380    26.380 r  ibufg_gclk/O
                         net (fo=1, routed)           1.162    27.542    gclk_i
    MMCME2_ADV_X1Y2      MMCME2_ADV (Prop_mmcme2_adv_CLKIN1_CLKOUT0)
                                                      0.083    27.625 r  MMCME2_BASE_inst/CLKOUT0
                         net (fo=1, routed)           2.012    29.637    host_clk_i
    BUFGCTRL_X0Y16       BUFG (Prop_bufg_I_O)         0.091    29.728 r  bufg_host_clk/O
                         net (fo=7403, routed)        1.522    31.250    top/teaching_board_top/target/bh/TLBroadcastTracker_1/o_data/ram_mask_reg_0_7_0_5/WCLK
    SLICE_X26Y52         RAMD32                                       r  top/teaching_board_top/target/bh/TLBroadcastTracker_1/o_data/ram_mask_reg_0_7_0_5/RAMC_D1/CLK
                         clock pessimism              0.402    31.652    
                         clock uncertainty           -0.082    31.571    
    SLICE_X26Y52         RAMD32 (Setup_ramd32_CLK_I)
                                                     -0.249    31.322    top/teaching_board_top/target/bh/TLBroadcastTracker_1/o_data/ram_mask_reg_0_7_0_5/RAMC_D1
  -------------------------------------------------------------------
                         required time                         31.322    
                         arrival time                         -28.281    
  -------------------------------------------------------------------
                         slack                                  3.041    

Slack (MET) :             3.043ns  (required time - arrival time)
  Source:                 top/teaching_board_top/target/rd2serial/addr_reg[4]/C
                            (rising edge-triggered cell FDRE clocked by host_clk_i  {rise@0.000ns fall@12.500ns period=25.000ns})
  Destination:            top/teaching_board_top/target/bh/TLBroadcastTracker_2/address_reg[2]/D
                            (rising edge-triggered cell FDRE clocked by host_clk_i  {rise@0.000ns fall@12.500ns period=25.000ns})
  Path Group:             host_clk_i
  Path Type:              Setup (Max at Slow Process Corner)
  Requirement:            25.000ns  (host_clk_i rise@25.000ns - host_clk_i rise@0.000ns)
  Data Path Delay:        21.544ns  (logic 8.352ns (38.766%)  route 13.192ns (61.234%))
  Logic Levels:           33  (CARRY4=19 LUT2=1 LUT3=3 LUT4=3 LUT5=3 LUT6=4)
  Clock Path Skew:        -0.250ns (DCD - SCD + CPR)
    Destination Clock Delay (DCD):    6.207ns = ( 31.207 - 25.000 ) 
    Source Clock Delay      (SCD):    6.860ns
    Clock Pessimism Removal (CPR):    0.402ns
  Clock Uncertainty:      0.082ns  ((TSJ^2 + DJ^2)^1/2) / 2 + PE
    Total System Jitter     (TSJ):    0.071ns
    Discrete Jitter          (DJ):    0.147ns
    Phase Error              (PE):    0.000ns

    Location             Delay type                Incr(ns)  Path(ns)    Netlist Resource(s)
  -------------------------------------------------------------------    -------------------
                         (clock host_clk_i rise edge)
                                                      0.000     0.000 r  
    H16                                               0.000     0.000 r  clk (IN)
                         net (fo=0)                   0.000     0.000    clk
    H16                  IBUF (Prop_ibuf_I_O)         1.451     1.451 r  ibufg_gclk/O
                         net (fo=1, routed)           1.285     2.736    gclk_i
    MMCME2_ADV_X1Y2      MMCME2_ADV (Prop_mmcme2_adv_CLKIN1_CLKOUT0)
                                                      0.088     2.824 r  MMCME2_BASE_inst/CLKOUT0
                         net (fo=1, routed)           2.206     5.030    host_clk_i
    BUFGCTRL_X0Y16       BUFG (Prop_bufg_I_O)         0.101     5.131 r  bufg_host_clk/O
                         net (fo=7403, routed)        1.729     6.860    top/teaching_board_top/target/rd2serial/host_clk
    SLICE_X57Y44         FDRE                                         r  top/teaching_board_top/target/rd2serial/addr_reg[4]/C
  -------------------------------------------------------------------    -------------------
    SLICE_X57Y44         FDRE (Prop_fdre_C_Q)         0.456     7.316 r  top/teaching_board_top/target/rd2serial/addr_reg[4]/Q
                         net (fo=5, routed)           0.619     7.935    top/teaching_board_top/target/rd2serial/addr_reg[31]_0[1]
    SLICE_X55Y44         CARRY4 (Prop_carry4_S[0]_CO[3])
                                                      0.656     8.591 r  top/teaching_board_top/target/rd2serial/addr_reg[7]_i_2/CO[3]
                         net (fo=1, routed)           0.000     8.591    top/teaching_board_top/target/rd2serial/addr_reg[7]_i_2_n_0
    SLICE_X55Y45         CARRY4 (Prop_carry4_CI_CO[3])
                                                      0.114     8.705 r  top/teaching_board_top/target/rd2serial/addr_reg[11]_i_2/CO[3]
                         net (fo=1, routed)           0.000     8.705    top/teaching_board_top/target/rd2serial/addr_reg[11]_i_2_n_0
    SLICE_X55Y46         CARRY4 (Prop_carry4_CI_CO[3])
                                                      0.114     8.819 r  top/teaching_board_top/target/rd2serial/addr_reg[15]_i_2/CO[3]
                         net (fo=1, routed)           0.000     8.819    top/teaching_board_top/target/rd2serial/addr_reg[15]_i_2_n_0
    SLICE_X55Y47         CARRY4 (Prop_carry4_CI_CO[3])
                                                      0.114     8.933 r  top/teaching_board_top/target/rd2serial/addr_reg[19]_i_2/CO[3]
                         net (fo=1, routed)           0.000     8.933    top/teaching_board_top/target/rd2serial/addr_reg[19]_i_2_n_0
    SLICE_X55Y48         CARRY4 (Prop_carry4_CI_CO[3])
                                                      0.114     9.047 r  top/teaching_board_top/target/rd2serial/addr_reg[23]_i_2/CO[3]
                         net (fo=1, routed)           0.000     9.047    top/teaching_board_top/target/rd2serial/addr_reg[23]_i_2_n_0
    SLICE_X55Y49         CARRY4 (Prop_carry4_CI_CO[3])
                                                      0.114     9.161 r  top/teaching_board_top/target/rd2serial/addr_reg[27]_i_2/CO[3]
                         net (fo=1, routed)           0.001     9.161    top/teaching_board_top/target/rd2serial/addr_reg[27]_i_2_n_0
    SLICE_X55Y50         CARRY4 (Prop_carry4_CI_O[1])
                                                      0.334     9.495 r  top/teaching_board_top/target/rd2serial/addr_reg[31]_i_6/O[1]
                         net (fo=3, routed)           0.556    10.051    top/teaching_board_top/target/rd2serial/_GEN_86[29]
    SLICE_X56Y50         CARRY4 (Prop_carry4_DI[1]_CO[3])
                                                      0.686    10.737 r  top/teaching_board_top/target/rd2serial/ram_mask_reg_0_1_0_5_i_101/CO[3]
                         net (fo=1, routed)           0.000    10.737    top/teaching_board_top/target/rd2serial/ram_mask_reg_0_1_0_5_i_101_n_0
    SLICE_X56Y51         CARRY4 (Prop_carry4_CI_CO[3])
                                                      0.114    10.851 r  top/teaching_board_top/target/rd2serial/ram_mask_reg_0_1_0_5_i_105/CO[3]
                         net (fo=1, routed)           0.000    10.851    top/teaching_board_top/target/rd2serial/ram_mask_reg_0_1_0_5_i_105_n_0
    SLICE_X56Y52         CARRY4 (Prop_carry4_CI_CO[3])
                                                      0.114    10.965 r  top/teaching_board_top/target/rd2serial/req_size_reg[1]_i_64/CO[3]
                         net (fo=1, routed)           0.000    10.965    top/teaching_board_top/target/rd2serial/req_size_reg[1]_i_64_n_0
    SLICE_X56Y53         CARRY4 (Prop_carry4_CI_CO[3])
                                                      0.114    11.079 r  top/teaching_board_top/target/rd2serial/req_size_reg[1]_i_60/CO[3]
                         net (fo=1, routed)           0.000    11.079    top/teaching_board_top/target/rd2serial/req_size_reg[1]_i_60_n_0
    SLICE_X56Y54         CARRY4 (Prop_carry4_CI_CO[3])
                                                      0.114    11.193 r  top/teaching_board_top/target/rd2serial/req_size_reg[1]_i_59/CO[3]
                         net (fo=1, routed)           0.000    11.193    top/teaching_board_top/target/rd2serial/req_size_reg[1]_i_59_n_0
    SLICE_X56Y55         CARRY4 (Prop_carry4_CI_CO[3])
                                                      0.114    11.307 r  top/teaching_board_top/target/rd2serial/req_size_reg[1]_i_37/CO[3]
                         net (fo=1, routed)           0.000    11.307    top/teaching_board_top/target/rd2serial/req_size_reg[1]_i_37_n_0
    SLICE_X56Y56         CARRY4 (Prop_carry4_CI_CO[3])
                                                      0.114    11.421 r  top/teaching_board_top/target/rd2serial/req_size_reg[1]_i_34/CO[3]
                         net (fo=1, routed)           0.000    11.421    top/teaching_board_top/target/rd2serial/req_size_reg[1]_i_34_n_0
    SLICE_X56Y57         CARRY4 (Prop_carry4_CI_O[1])
                                                      0.334    11.755 r  top/teaching_board_top/target/rd2serial/req_size_reg[1]_i_31/O[1]
                         net (fo=8, routed)           0.821    12.576    top/teaching_board_top/target/rd2serial/_GEN_87[57]
    SLICE_X57Y55         LUT4 (Prop_lut4_I1_O)        0.303    12.879 r  top/teaching_board_top/target/rd2serial/req_size[1]_i_87/O
                         net (fo=1, routed)           0.000    12.879    top/teaching_board_top/target/rd2serial/req_size[1]_i_87_n_0
    SLICE_X57Y55         CARRY4 (Prop_carry4_S[0]_CO[3])
                                                      0.532    13.411 r  top/teaching_board_top/target/rd2serial/req_size_reg[1]_i_45/CO[3]
                         net (fo=1, routed)           0.000    13.411    top/teaching_board_top/target/rd2serial/req_size_reg[1]_i_45_n_0
    SLICE_X57Y56         CARRY4 (Prop_carry4_CI_CO[0])
                                                      0.271    13.682 r  top/teaching_board_top/target/rd2serial/req_size_reg[1]_i_18/CO[0]
                         net (fo=163, routed)         0.885    14.568    top/teaching_board_top/target/rd2serial/_T_174
    SLICE_X58Y50         LUT3 (Prop_lut3_I1_O)        0.366    14.934 r  top/teaching_board_top/target/rd2serial/ram_mask_reg_0_1_0_5_i_211/O
                         net (fo=1, routed)           0.421    15.355    top/teaching_board_top/target/rd2serial/ram_mask_reg_0_1_0_5_i_211_n_0
    SLICE_X58Y52         LUT6 (Prop_lut6_I5_O)        0.331    15.686 f  top/teaching_board_top/target/rd2serial/ram_mask_reg_0_1_0_5_i_177/O
                         net (fo=2, routed)           0.664    16.349    top/teaching_board_top/target/rd2serial/ram_mask_reg_0_1_0_5_i_177_n_0
    SLICE_X58Y54         LUT3 (Prop_lut3_I2_O)        0.124    16.473 r  top/teaching_board_top/target/rd2serial/ram_mask_reg_0_1_0_5_i_148/O
                         net (fo=2, routed)           0.687    17.161    top/teaching_board_top/target/rd2serial/ram_mask_reg_0_1_0_5_i_148_n_0
    SLICE_X59Y58         LUT5 (Prop_lut5_I3_O)        0.124    17.285 r  top/teaching_board_top/target/rd2serial/ram_mask_reg_0_1_0_5_i_152/O
                         net (fo=2, routed)           0.633    17.918    top/teaching_board_top/target/rd2serial/ram_mask_reg_0_1_0_5_i_152_n_0
    SLICE_X59Y57         LUT6 (Prop_lut6_I1_O)        0.124    18.042 r  top/teaching_board_top/target/rd2serial/ram_mask_reg_0_1_0_5_i_78/O
                         net (fo=3, routed)           0.486    18.528    top/teaching_board_top/target/rd2serial/ram_mask_reg_0_1_0_5_i_78_n_0
    SLICE_X59Y56         LUT6 (Prop_lut6_I5_O)        0.124    18.652 r  top/teaching_board_top/target/rd2serial/ram_mask_reg_0_1_0_5_i_69/O
                         net (fo=6, routed)           0.769    19.421    top/teaching_board_top/target/rd2serial/ram_mask_reg_0_1_0_5_i_69_n_0
    SLICE_X58Y53         LUT5 (Prop_lut5_I3_O)        0.150    19.571 r  top/teaching_board_top/target/rd2serial/ram_mask_reg_0_1_0_5_i_50/O
                         net (fo=4, routed)           0.597    20.169    top/teaching_board_top/target/rd2serial/ram_mask_reg_0_1_0_5_i_50_n_0
    SLICE_X58Y49         LUT5 (Prop_lut5_I2_O)        0.341    20.510 r  top/teaching_board_top/target/rd2serial/ram_mask_reg_0_1_0_5_i_36/O
                         net (fo=1, routed)           0.622    21.132    top/teaching_board_top/target/rd2serial/ram_mask_reg_0_1_0_5_i_36_n_0
    SLICE_X54Y49         CARRY4 (Prop_carry4_DI[2]_CO[3])
                                                      0.611    21.743 r  top/teaching_board_top/target/rd2serial/ram_mask_reg_0_1_0_5_i_27/CO[3]
                         net (fo=1, routed)           0.001    21.744    top/teaching_board_top/target/rd2serial/ram_mask_reg_0_1_0_5_i_27_n_0
    SLICE_X54Y50         CARRY4 (Prop_carry4_CI_CO[2])
                                                      0.229    21.973 f  top/teaching_board_top/target/rd2serial/ram_mask_reg_0_1_0_5_i_26/CO[2]
                         net (fo=1, routed)           0.630    22.602    top/teaching_board_top/target/rd2serial/_T_317[6]
    SLICE_X53Y49         LUT4 (Prop_lut4_I3_O)        0.310    22.912 f  top/teaching_board_top/target/rd2serial/ram_mask_reg_0_1_0_5_i_28/O
                         net (fo=1, routed)           0.263    23.175    top/teaching_board_top/target/rd2serial/ram_mask_reg_0_1_0_5_i_28_n_0
    SLICE_X53Y49         LUT4 (Prop_lut4_I3_O)        0.124    23.299 f  top/teaching_board_top/target/rd2serial/ram_mask_reg_0_1_0_5_i_20/O
                         net (fo=8, routed)           0.760    24.059    top/teaching_board_top/target/rd2serial/ram_mask_reg_0_1_0_5_i_20_n_0
    SLICE_X45Y47         LUT2 (Prop_lut2_I1_O)        0.118    24.177 r  top/teaching_board_top/target/rd2serial/req_address[2]_i_3/O
                         net (fo=6, routed)           1.391    25.568    top/teaching_board_top/target/sbus/system_bus_xbar/req_address_reg[2]_0
    SLICE_X25Y31         LUT6 (Prop_lut6_I3_O)        0.326    25.894 r  top/teaching_board_top/target/sbus/system_bus_xbar/req_address[2]_i_1/O
                         net (fo=8, routed)           1.583    27.477    top/teaching_board_top/target/backend/sbus_auto_coupler_to_mbus_nodelay_out_a_bits_address[2]
    SLICE_X36Y55         LUT3 (Prop_lut3_I2_O)        0.124    27.601 r  top/teaching_board_top/target/backend/address[2]_i_1/O
                         net (fo=4, routed)           0.803    28.404    top/teaching_board_top/target/bh/TLBroadcastTracker_2/backend_auto_out_a_bits_address[2]
    SLICE_X35Y58         FDRE                                         r  top/teaching_board_top/target/bh/TLBroadcastTracker_2/address_reg[2]/D
  -------------------------------------------------------------------    -------------------

                         (clock host_clk_i rise edge)
                                                     25.000    25.000 r  
    H16                                               0.000    25.000 r  clk (IN)
                         net (fo=0)                   0.000    25.000    clk
    H16                  IBUF (Prop_ibuf_I_O)         1.380    26.380 r  ibufg_gclk/O
                         net (fo=1, routed)           1.162    27.542    gclk_i
    MMCME2_ADV_X1Y2      MMCME2_ADV (Prop_mmcme2_adv_CLKIN1_CLKOUT0)
                                                      0.083    27.625 r  MMCME2_BASE_inst/CLKOUT0
                         net (fo=1, routed)           2.012    29.637    host_clk_i
    BUFGCTRL_X0Y16       BUFG (Prop_bufg_I_O)         0.091    29.728 r  bufg_host_clk/O
                         net (fo=7403, routed)        1.479    31.207    top/teaching_board_top/target/bh/TLBroadcastTracker_2/host_clk
    SLICE_X35Y58         FDRE                                         r  top/teaching_board_top/target/bh/TLBroadcastTracker_2/address_reg[2]/C
                         clock pessimism              0.402    31.609    
                         clock uncertainty           -0.082    31.528    
    SLICE_X35Y58         FDRE (Setup_fdre_C_D)       -0.081    31.447    top/teaching_board_top/target/bh/TLBroadcastTracker_2/address_reg[2]
  -------------------------------------------------------------------
                         required time                         31.447    
                         arrival time                         -28.404    
  -------------------------------------------------------------------
                         slack                                  3.043    

Slack (MET) :             3.045ns  (required time - arrival time)
  Source:                 top/teaching_board_top/target/rd2serial/addr_reg[4]/C
                            (rising edge-triggered cell FDRE clocked by host_clk_i  {rise@0.000ns fall@12.500ns period=25.000ns})
  Destination:            top/teaching_board_top/target/bh/TLBroadcastTracker/o_data/ram_mask_reg_0_7_0_5/RAMB/I
                            (rising edge-triggered cell RAMD32 clocked by host_clk_i  {rise@0.000ns fall@12.500ns period=25.000ns})
  Path Group:             host_clk_i
  Path Type:              Setup (Max at Slow Process Corner)
  Requirement:            25.000ns  (host_clk_i rise@25.000ns - host_clk_i rise@0.000ns)
  Data Path Delay:        21.481ns  (logic 8.404ns (39.124%)  route 13.077ns (60.876%))
  Logic Levels:           35  (CARRY4=19 LUT2=1 LUT3=2 LUT4=5 LUT5=3 LUT6=5)
  Clock Path Skew:        -0.207ns (DCD - SCD + CPR)
    Destination Clock Delay (DCD):    6.250ns = ( 31.250 - 25.000 ) 
    Source Clock Delay      (SCD):    6.860ns
    Clock Pessimism Removal (CPR):    0.402ns
  Clock Uncertainty:      0.082ns  ((TSJ^2 + DJ^2)^1/2) / 2 + PE
    Total System Jitter     (TSJ):    0.071ns
    Discrete Jitter          (DJ):    0.147ns
    Phase Error              (PE):    0.000ns

    Location             Delay type                Incr(ns)  Path(ns)    Netlist Resource(s)
  -------------------------------------------------------------------    -------------------
                         (clock host_clk_i rise edge)
                                                      0.000     0.000 r  
    H16                                               0.000     0.000 r  clk (IN)
                         net (fo=0)                   0.000     0.000    clk
    H16                  IBUF (Prop_ibuf_I_O)         1.451     1.451 r  ibufg_gclk/O
                         net (fo=1, routed)           1.285     2.736    gclk_i
    MMCME2_ADV_X1Y2      MMCME2_ADV (Prop_mmcme2_adv_CLKIN1_CLKOUT0)
                                                      0.088     2.824 r  MMCME2_BASE_inst/CLKOUT0
                         net (fo=1, routed)           2.206     5.030    host_clk_i
    BUFGCTRL_X0Y16       BUFG (Prop_bufg_I_O)         0.101     5.131 r  bufg_host_clk/O
                         net (fo=7403, routed)        1.729     6.860    top/teaching_board_top/target/rd2serial/host_clk
    SLICE_X57Y44         FDRE                                         r  top/teaching_board_top/target/rd2serial/addr_reg[4]/C
  -------------------------------------------------------------------    -------------------
    SLICE_X57Y44         FDRE (Prop_fdre_C_Q)         0.456     7.316 r  top/teaching_board_top/target/rd2serial/addr_reg[4]/Q
                         net (fo=5, routed)           0.619     7.935    top/teaching_board_top/target/rd2serial/addr_reg[31]_0[1]
    SLICE_X55Y44         CARRY4 (Prop_carry4_S[0]_CO[3])
                                                      0.656     8.591 r  top/teaching_board_top/target/rd2serial/addr_reg[7]_i_2/CO[3]
                         net (fo=1, routed)           0.000     8.591    top/teaching_board_top/target/rd2serial/addr_reg[7]_i_2_n_0
    SLICE_X55Y45         CARRY4 (Prop_carry4_CI_CO[3])
                                                      0.114     8.705 r  top/teaching_board_top/target/rd2serial/addr_reg[11]_i_2/CO[3]
                         net (fo=1, routed)           0.000     8.705    top/teaching_board_top/target/rd2serial/addr_reg[11]_i_2_n_0
    SLICE_X55Y46         CARRY4 (Prop_carry4_CI_CO[3])
                                                      0.114     8.819 r  top/teaching_board_top/target/rd2serial/addr_reg[15]_i_2/CO[3]
                         net (fo=1, routed)           0.000     8.819    top/teaching_board_top/target/rd2serial/addr_reg[15]_i_2_n_0
    SLICE_X55Y47         CARRY4 (Prop_carry4_CI_CO[3])
                                                      0.114     8.933 r  top/teaching_board_top/target/rd2serial/addr_reg[19]_i_2/CO[3]
                         net (fo=1, routed)           0.000     8.933    top/teaching_board_top/target/rd2serial/addr_reg[19]_i_2_n_0
    SLICE_X55Y48         CARRY4 (Prop_carry4_CI_CO[3])
                                                      0.114     9.047 r  top/teaching_board_top/target/rd2serial/addr_reg[23]_i_2/CO[3]
                         net (fo=1, routed)           0.000     9.047    top/teaching_board_top/target/rd2serial/addr_reg[23]_i_2_n_0
    SLICE_X55Y49         CARRY4 (Prop_carry4_CI_CO[3])
                                                      0.114     9.161 r  top/teaching_board_top/target/rd2serial/addr_reg[27]_i_2/CO[3]
                         net (fo=1, routed)           0.001     9.161    top/teaching_board_top/target/rd2serial/addr_reg[27]_i_2_n_0
    SLICE_X55Y50         CARRY4 (Prop_carry4_CI_O[1])
                                                      0.334     9.495 r  top/teaching_board_top/target/rd2serial/addr_reg[31]_i_6/O[1]
                         net (fo=3, routed)           0.556    10.051    top/teaching_board_top/target/rd2serial/_GEN_86[29]
    SLICE_X56Y50         CARRY4 (Prop_carry4_DI[1]_CO[3])
                                                      0.686    10.737 r  top/teaching_board_top/target/rd2serial/ram_mask_reg_0_1_0_5_i_101/CO[3]
                         net (fo=1, routed)           0.000    10.737    top/teaching_board_top/target/rd2serial/ram_mask_reg_0_1_0_5_i_101_n_0
    SLICE_X56Y51         CARRY4 (Prop_carry4_CI_CO[3])
                                                      0.114    10.851 r  top/teaching_board_top/target/rd2serial/ram_mask_reg_0_1_0_5_i_105/CO[3]
                         net (fo=1, routed)           0.000    10.851    top/teaching_board_top/target/rd2serial/ram_mask_reg_0_1_0_5_i_105_n_0
    SLICE_X56Y52         CARRY4 (Prop_carry4_CI_CO[3])
                                                      0.114    10.965 r  top/teaching_board_top/target/rd2serial/req_size_reg[1]_i_64/CO[3]
                         net (fo=1, routed)           0.000    10.965    top/teaching_board_top/target/rd2serial/req_size_reg[1]_i_64_n_0
    SLICE_X56Y53         CARRY4 (Prop_carry4_CI_CO[3])
                                                      0.114    11.079 r  top/teaching_board_top/target/rd2serial/req_size_reg[1]_i_60/CO[3]
                         net (fo=1, routed)           0.000    11.079    top/teaching_board_top/target/rd2serial/req_size_reg[1]_i_60_n_0
    SLICE_X56Y54         CARRY4 (Prop_carry4_CI_CO[3])
                                                      0.114    11.193 r  top/teaching_board_top/target/rd2serial/req_size_reg[1]_i_59/CO[3]
                         net (fo=1, routed)           0.000    11.193    top/teaching_board_top/target/rd2serial/req_size_reg[1]_i_59_n_0
    SLICE_X56Y55         CARRY4 (Prop_carry4_CI_CO[3])
                                                      0.114    11.307 r  top/teaching_board_top/target/rd2serial/req_size_reg[1]_i_37/CO[3]
                         net (fo=1, routed)           0.000    11.307    top/teaching_board_top/target/rd2serial/req_size_reg[1]_i_37_n_0
    SLICE_X56Y56         CARRY4 (Prop_carry4_CI_CO[3])
                                                      0.114    11.421 r  top/teaching_board_top/target/rd2serial/req_size_reg[1]_i_34/CO[3]
                         net (fo=1, routed)           0.000    11.421    top/teaching_board_top/target/rd2serial/req_size_reg[1]_i_34_n_0
    SLICE_X56Y57         CARRY4 (Prop_carry4_CI_O[1])
                                                      0.334    11.755 r  top/teaching_board_top/target/rd2serial/req_size_reg[1]_i_31/O[1]
                         net (fo=8, routed)           0.821    12.576    top/teaching_board_top/target/rd2serial/_GEN_87[57]
    SLICE_X57Y55         LUT4 (Prop_lut4_I1_O)        0.303    12.879 r  top/teaching_board_top/target/rd2serial/req_size[1]_i_87/O
                         net (fo=1, routed)           0.000    12.879    top/teaching_board_top/target/rd2serial/req_size[1]_i_87_n_0
    SLICE_X57Y55         CARRY4 (Prop_carry4_S[0]_CO[3])
                                                      0.532    13.411 r  top/teaching_board_top/target/rd2serial/req_size_reg[1]_i_45/CO[3]
                         net (fo=1, routed)           0.000    13.411    top/teaching_board_top/target/rd2serial/req_size_reg[1]_i_45_n_0
    SLICE_X57Y56         CARRY4 (Prop_carry4_CI_CO[0])
                                                      0.271    13.682 r  top/teaching_board_top/target/rd2serial/req_size_reg[1]_i_18/CO[0]
                         net (fo=163, routed)         0.885    14.568    top/teaching_board_top/target/rd2serial/_T_174
    SLICE_X58Y50         LUT3 (Prop_lut3_I1_O)        0.366    14.934 r  top/teaching_board_top/target/rd2serial/ram_mask_reg_0_1_0_5_i_211/O
                         net (fo=1, routed)           0.421    15.355    top/teaching_board_top/target/rd2serial/ram_mask_reg_0_1_0_5_i_211_n_0
    SLICE_X58Y52         LUT6 (Prop_lut6_I5_O)        0.331    15.686 f  top/teaching_board_top/target/rd2serial/ram_mask_reg_0_1_0_5_i_177/O
                         net (fo=2, routed)           0.664    16.349    top/teaching_board_top/target/rd2serial/ram_mask_reg_0_1_0_5_i_177_n_0
    SLICE_X58Y54         LUT3 (Prop_lut3_I2_O)        0.124    16.473 r  top/teaching_board_top/target/rd2serial/ram_mask_reg_0_1_0_5_i_148/O
                         net (fo=2, routed)           0.687    17.161    top/teaching_board_top/target/rd2serial/ram_mask_reg_0_1_0_5_i_148_n_0
    SLICE_X59Y58         LUT5 (Prop_lut5_I3_O)        0.124    17.285 r  top/teaching_board_top/target/rd2serial/ram_mask_reg_0_1_0_5_i_152/O
                         net (fo=2, routed)           0.633    17.918    top/teaching_board_top/target/rd2serial/ram_mask_reg_0_1_0_5_i_152_n_0
    SLICE_X59Y57         LUT6 (Prop_lut6_I1_O)        0.124    18.042 r  top/teaching_board_top/target/rd2serial/ram_mask_reg_0_1_0_5_i_78/O
                         net (fo=3, routed)           0.486    18.528    top/teaching_board_top/target/rd2serial/ram_mask_reg_0_1_0_5_i_78_n_0
    SLICE_X59Y56         LUT6 (Prop_lut6_I5_O)        0.124    18.652 r  top/teaching_board_top/target/rd2serial/ram_mask_reg_0_1_0_5_i_69/O
                         net (fo=6, routed)           0.769    19.421    top/teaching_board_top/target/rd2serial/ram_mask_reg_0_1_0_5_i_69_n_0
    SLICE_X58Y53         LUT5 (Prop_lut5_I3_O)        0.150    19.571 r  top/teaching_board_top/target/rd2serial/ram_mask_reg_0_1_0_5_i_50/O
                         net (fo=4, routed)           0.597    20.169    top/teaching_board_top/target/rd2serial/ram_mask_reg_0_1_0_5_i_50_n_0
    SLICE_X58Y49         LUT5 (Prop_lut5_I2_O)        0.341    20.510 r  top/teaching_board_top/target/rd2serial/ram_mask_reg_0_1_0_5_i_36/O
                         net (fo=1, routed)           0.622    21.132    top/teaching_board_top/target/rd2serial/ram_mask_reg_0_1_0_5_i_36_n_0
    SLICE_X54Y49         CARRY4 (Prop_carry4_DI[2]_CO[3])
                                                      0.611    21.743 r  top/teaching_board_top/target/rd2serial/ram_mask_reg_0_1_0_5_i_27/CO[3]
                         net (fo=1, routed)           0.001    21.744    top/teaching_board_top/target/rd2serial/ram_mask_reg_0_1_0_5_i_27_n_0
    SLICE_X54Y50         CARRY4 (Prop_carry4_CI_CO[2])
                                                      0.229    21.973 f  top/teaching_board_top/target/rd2serial/ram_mask_reg_0_1_0_5_i_26/CO[2]
                         net (fo=1, routed)           0.630    22.602    top/teaching_board_top/target/rd2serial/_T_317[6]
    SLICE_X53Y49         LUT4 (Prop_lut4_I3_O)        0.310    22.912 f  top/teaching_board_top/target/rd2serial/ram_mask_reg_0_1_0_5_i_28/O
                         net (fo=1, routed)           0.263    23.175    top/teaching_board_top/target/rd2serial/ram_mask_reg_0_1_0_5_i_28_n_0
    SLICE_X53Y49         LUT4 (Prop_lut4_I3_O)        0.124    23.299 f  top/teaching_board_top/target/rd2serial/ram_mask_reg_0_1_0_5_i_20/O
                         net (fo=8, routed)           0.392    23.691    top/teaching_board_top/target/rd2serial/ram_mask_reg_0_1_0_5_i_20_n_0
    SLICE_X52Y49         LUT2 (Prop_lut2_I1_O)        0.124    23.815 r  top/teaching_board_top/target/rd2serial/req_address[1]_i_3/O
                         net (fo=6, routed)           0.836    24.651    top/teaching_board_top/target/rd2serial/addr_reg[1]_0
    SLICE_X44Y46         LUT6 (Prop_lut6_I4_O)        0.124    24.775 r  top/teaching_board_top/target/rd2serial/ram_mask_reg_0_1_0_5_i_14/O
                         net (fo=2, routed)           0.665    25.439    top/teaching_board_top/target/sbus/system_bus_xbar/rd2serial_auto_out_a_bits_mask[2]
    SLICE_X43Y38         LUT4 (Prop_lut4_I2_O)        0.124    25.563 r  top/teaching_board_top/target/sbus/system_bus_xbar/req_mask[2]_i_1/O
                         net (fo=2, routed)           1.045    26.608    top/teaching_board_top/target/backend/req_mask_reg[2]_0
    SLICE_X38Y54         LUT6 (Prop_lut6_I5_O)        0.124    26.732 r  top/teaching_board_top/target/backend/ram_mask_reg_0_7_0_5_i_14/O
                         net (fo=1, routed)           0.296    27.029    top/teaching_board_top/target/backend/ram_mask_reg_0_7_0_5_i_14_n_0
    SLICE_X37Y53         LUT4 (Prop_lut4_I0_O)        0.124    27.153 r  top/teaching_board_top/target/backend/ram_mask_reg_0_7_0_5_i_4/O
                         net (fo=4, routed)           1.188    28.340    top/teaching_board_top/target/bh/TLBroadcastTracker/o_data/ram_mask_reg_0_7_0_5/DIB0
    SLICE_X26Y51         RAMD32                                       r  top/teaching_board_top/target/bh/TLBroadcastTracker/o_data/ram_mask_reg_0_7_0_5/RAMB/I
  -------------------------------------------------------------------    -------------------

                         (clock host_clk_i rise edge)
                                                     25.000    25.000 r  
    H16                                               0.000    25.000 r  clk (IN)
                         net (fo=0)                   0.000    25.000    clk
    H16                  IBUF (Prop_ibuf_I_O)         1.380    26.380 r  ibufg_gclk/O
                         net (fo=1, routed)           1.162    27.542    gclk_i
    MMCME2_ADV_X1Y2      MMCME2_ADV (Prop_mmcme2_adv_CLKIN1_CLKOUT0)
                                                      0.083    27.625 r  MMCME2_BASE_inst/CLKOUT0
                         net (fo=1, routed)           2.012    29.637    host_clk_i
    BUFGCTRL_X0Y16       BUFG (Prop_bufg_I_O)         0.091    29.728 r  bufg_host_clk/O
                         net (fo=7403, routed)        1.522    31.250    top/teaching_board_top/target/bh/TLBroadcastTracker/o_data/ram_mask_reg_0_7_0_5/WCLK
    SLICE_X26Y51         RAMD32                                       r  top/teaching_board_top/target/bh/TLBroadcastTracker/o_data/ram_mask_reg_0_7_0_5/RAMB/CLK
                         clock pessimism              0.402    31.652    
                         clock uncertainty           -0.082    31.571    
    SLICE_X26Y51         RAMD32 (Setup_ramd32_CLK_I)
                                                     -0.185    31.386    top/teaching_board_top/target/bh/TLBroadcastTracker/o_data/ram_mask_reg_0_7_0_5/RAMB
  -------------------------------------------------------------------
                         required time                         31.386    
                         arrival time                         -28.340    
  -------------------------------------------------------------------
                         slack                                  3.045    

Slack (MET) :             3.064ns  (required time - arrival time)
  Source:                 top/teaching_board_top/target/rd2serial/addr_reg[4]/C
                            (rising edge-triggered cell FDRE clocked by host_clk_i  {rise@0.000ns fall@12.500ns period=25.000ns})
  Destination:            top/teaching_board_top/target/bh/TLBroadcastTracker/o_data/ram_mask_reg_0_7_0_5/RAMB_D1/I
                            (rising edge-triggered cell RAMD32 clocked by host_clk_i  {rise@0.000ns fall@12.500ns period=25.000ns})
  Path Group:             host_clk_i
  Path Type:              Setup (Max at Slow Process Corner)
  Requirement:            25.000ns  (host_clk_i rise@25.000ns - host_clk_i rise@0.000ns)
  Data Path Delay:        21.419ns  (logic 8.404ns (39.237%)  route 13.015ns (60.763%))
  Logic Levels:           35  (CARRY4=19 LUT2=1 LUT3=2 LUT4=5 LUT5=3 LUT6=5)
  Clock Path Skew:        -0.207ns (DCD - SCD + CPR)
    Destination Clock Delay (DCD):    6.250ns = ( 31.250 - 25.000 ) 
    Source Clock Delay      (SCD):    6.860ns
    Clock Pessimism Removal (CPR):    0.402ns
  Clock Uncertainty:      0.082ns  ((TSJ^2 + DJ^2)^1/2) / 2 + PE
    Total System Jitter     (TSJ):    0.071ns
    Discrete Jitter          (DJ):    0.147ns
    Phase Error              (PE):    0.000ns

    Location             Delay type                Incr(ns)  Path(ns)    Netlist Resource(s)
  -------------------------------------------------------------------    -------------------
                         (clock host_clk_i rise edge)
                                                      0.000     0.000 r  
    H16                                               0.000     0.000 r  clk (IN)
                         net (fo=0)                   0.000     0.000    clk
    H16                  IBUF (Prop_ibuf_I_O)         1.451     1.451 r  ibufg_gclk/O
                         net (fo=1, routed)           1.285     2.736    gclk_i
    MMCME2_ADV_X1Y2      MMCME2_ADV (Prop_mmcme2_adv_CLKIN1_CLKOUT0)
                                                      0.088     2.824 r  MMCME2_BASE_inst/CLKOUT0
                         net (fo=1, routed)           2.206     5.030    host_clk_i
    BUFGCTRL_X0Y16       BUFG (Prop_bufg_I_O)         0.101     5.131 r  bufg_host_clk/O
                         net (fo=7403, routed)        1.729     6.860    top/teaching_board_top/target/rd2serial/host_clk
    SLICE_X57Y44         FDRE                                         r  top/teaching_board_top/target/rd2serial/addr_reg[4]/C
  -------------------------------------------------------------------    -------------------
    SLICE_X57Y44         FDRE (Prop_fdre_C_Q)         0.456     7.316 r  top/teaching_board_top/target/rd2serial/addr_reg[4]/Q
                         net (fo=5, routed)           0.619     7.935    top/teaching_board_top/target/rd2serial/addr_reg[31]_0[1]
    SLICE_X55Y44         CARRY4 (Prop_carry4_S[0]_CO[3])
                                                      0.656     8.591 r  top/teaching_board_top/target/rd2serial/addr_reg[7]_i_2/CO[3]
                         net (fo=1, routed)           0.000     8.591    top/teaching_board_top/target/rd2serial/addr_reg[7]_i_2_n_0
    SLICE_X55Y45         CARRY4 (Prop_carry4_CI_CO[3])
                                                      0.114     8.705 r  top/teaching_board_top/target/rd2serial/addr_reg[11]_i_2/CO[3]
                         net (fo=1, routed)           0.000     8.705    top/teaching_board_top/target/rd2serial/addr_reg[11]_i_2_n_0
    SLICE_X55Y46         CARRY4 (Prop_carry4_CI_CO[3])
                                                      0.114     8.819 r  top/teaching_board_top/target/rd2serial/addr_reg[15]_i_2/CO[3]
                         net (fo=1, routed)           0.000     8.819    top/teaching_board_top/target/rd2serial/addr_reg[15]_i_2_n_0
    SLICE_X55Y47         CARRY4 (Prop_carry4_CI_CO[3])
                                                      0.114     8.933 r  top/teaching_board_top/target/rd2serial/addr_reg[19]_i_2/CO[3]
                         net (fo=1, routed)           0.000     8.933    top/teaching_board_top/target/rd2serial/addr_reg[19]_i_2_n_0
    SLICE_X55Y48         CARRY4 (Prop_carry4_CI_CO[3])
                                                      0.114     9.047 r  top/teaching_board_top/target/rd2serial/addr_reg[23]_i_2/CO[3]
                         net (fo=1, routed)           0.000     9.047    top/teaching_board_top/target/rd2serial/addr_reg[23]_i_2_n_0
    SLICE_X55Y49         CARRY4 (Prop_carry4_CI_CO[3])
                                                      0.114     9.161 r  top/teaching_board_top/target/rd2serial/addr_reg[27]_i_2/CO[3]
                         net (fo=1, routed)           0.001     9.161    top/teaching_board_top/target/rd2serial/addr_reg[27]_i_2_n_0
    SLICE_X55Y50         CARRY4 (Prop_carry4_CI_O[1])
                                                      0.334     9.495 r  top/teaching_board_top/target/rd2serial/addr_reg[31]_i_6/O[1]
                         net (fo=3, routed)           0.556    10.051    top/teaching_board_top/target/rd2serial/_GEN_86[29]
    SLICE_X56Y50         CARRY4 (Prop_carry4_DI[1]_CO[3])
                                                      0.686    10.737 r  top/teaching_board_top/target/rd2serial/ram_mask_reg_0_1_0_5_i_101/CO[3]
                         net (fo=1, routed)           0.000    10.737    top/teaching_board_top/target/rd2serial/ram_mask_reg_0_1_0_5_i_101_n_0
    SLICE_X56Y51         CARRY4 (Prop_carry4_CI_CO[3])
                                                      0.114    10.851 r  top/teaching_board_top/target/rd2serial/ram_mask_reg_0_1_0_5_i_105/CO[3]
                         net (fo=1, routed)           0.000    10.851    top/teaching_board_top/target/rd2serial/ram_mask_reg_0_1_0_5_i_105_n_0
    SLICE_X56Y52         CARRY4 (Prop_carry4_CI_CO[3])
                                                      0.114    10.965 r  top/teaching_board_top/target/rd2serial/req_size_reg[1]_i_64/CO[3]
                         net (fo=1, routed)           0.000    10.965    top/teaching_board_top/target/rd2serial/req_size_reg[1]_i_64_n_0
    SLICE_X56Y53         CARRY4 (Prop_carry4_CI_CO[3])
                                                      0.114    11.079 r  top/teaching_board_top/target/rd2serial/req_size_reg[1]_i_60/CO[3]
                         net (fo=1, routed)           0.000    11.079    top/teaching_board_top/target/rd2serial/req_size_reg[1]_i_60_n_0
    SLICE_X56Y54         CARRY4 (Prop_carry4_CI_CO[3])
                                                      0.114    11.193 r  top/teaching_board_top/target/rd2serial/req_size_reg[1]_i_59/CO[3]
                         net (fo=1, routed)           0.000    11.193    top/teaching_board_top/target/rd2serial/req_size_reg[1]_i_59_n_0
    SLICE_X56Y55         CARRY4 (Prop_carry4_CI_CO[3])
                                                      0.114    11.307 r  top/teaching_board_top/target/rd2serial/req_size_reg[1]_i_37/CO[3]
                         net (fo=1, routed)           0.000    11.307    top/teaching_board_top/target/rd2serial/req_size_reg[1]_i_37_n_0
    SLICE_X56Y56         CARRY4 (Prop_carry4_CI_CO[3])
                                                      0.114    11.421 r  top/teaching_board_top/target/rd2serial/req_size_reg[1]_i_34/CO[3]
                         net (fo=1, routed)           0.000    11.421    top/teaching_board_top/target/rd2serial/req_size_reg[1]_i_34_n_0
    SLICE_X56Y57         CARRY4 (Prop_carry4_CI_O[1])
                                                      0.334    11.755 r  top/teaching_board_top/target/rd2serial/req_size_reg[1]_i_31/O[1]
                         net (fo=8, routed)           0.821    12.576    top/teaching_board_top/target/rd2serial/_GEN_87[57]
    SLICE_X57Y55         LUT4 (Prop_lut4_I1_O)        0.303    12.879 r  top/teaching_board_top/target/rd2serial/req_size[1]_i_87/O
                         net (fo=1, routed)           0.000    12.879    top/teaching_board_top/target/rd2serial/req_size[1]_i_87_n_0
    SLICE_X57Y55         CARRY4 (Prop_carry4_S[0]_CO[3])
                                                      0.532    13.411 r  top/teaching_board_top/target/rd2serial/req_size_reg[1]_i_45/CO[3]
                         net (fo=1, routed)           0.000    13.411    top/teaching_board_top/target/rd2serial/req_size_reg[1]_i_45_n_0
    SLICE_X57Y56         CARRY4 (Prop_carry4_CI_CO[0])
                                                      0.271    13.682 r  top/teaching_board_top/target/rd2serial/req_size_reg[1]_i_18/CO[0]
                         net (fo=163, routed)         0.885    14.568    top/teaching_board_top/target/rd2serial/_T_174
    SLICE_X58Y50         LUT3 (Prop_lut3_I1_O)        0.366    14.934 r  top/teaching_board_top/target/rd2serial/ram_mask_reg_0_1_0_5_i_211/O
                         net (fo=1, routed)           0.421    15.355    top/teaching_board_top/target/rd2serial/ram_mask_reg_0_1_0_5_i_211_n_0
    SLICE_X58Y52         LUT6 (Prop_lut6_I5_O)        0.331    15.686 f  top/teaching_board_top/target/rd2serial/ram_mask_reg_0_1_0_5_i_177/O
                         net (fo=2, routed)           0.664    16.349    top/teaching_board_top/target/rd2serial/ram_mask_reg_0_1_0_5_i_177_n_0
    SLICE_X58Y54         LUT3 (Prop_lut3_I2_O)        0.124    16.473 r  top/teaching_board_top/target/rd2serial/ram_mask_reg_0_1_0_5_i_148/O
                         net (fo=2, routed)           0.687    17.161    top/teaching_board_top/target/rd2serial/ram_mask_reg_0_1_0_5_i_148_n_0
    SLICE_X59Y58         LUT5 (Prop_lut5_I3_O)        0.124    17.285 r  top/teaching_board_top/target/rd2serial/ram_mask_reg_0_1_0_5_i_152/O
                         net (fo=2, routed)           0.633    17.918    top/teaching_board_top/target/rd2serial/ram_mask_reg_0_1_0_5_i_152_n_0
    SLICE_X59Y57         LUT6 (Prop_lut6_I1_O)        0.124    18.042 r  top/teaching_board_top/target/rd2serial/ram_mask_reg_0_1_0_5_i_78/O
                         net (fo=3, routed)           0.486    18.528    top/teaching_board_top/target/rd2serial/ram_mask_reg_0_1_0_5_i_78_n_0
    SLICE_X59Y56         LUT6 (Prop_lut6_I5_O)        0.124    18.652 r  top/teaching_board_top/target/rd2serial/ram_mask_reg_0_1_0_5_i_69/O
                         net (fo=6, routed)           0.769    19.421    top/teaching_board_top/target/rd2serial/ram_mask_reg_0_1_0_5_i_69_n_0
    SLICE_X58Y53         LUT5 (Prop_lut5_I3_O)        0.150    19.571 r  top/teaching_board_top/target/rd2serial/ram_mask_reg_0_1_0_5_i_50/O
                         net (fo=4, routed)           0.597    20.169    top/teaching_board_top/target/rd2serial/ram_mask_reg_0_1_0_5_i_50_n_0
    SLICE_X58Y49         LUT5 (Prop_lut5_I2_O)        0.341    20.510 r  top/teaching_board_top/target/rd2serial/ram_mask_reg_0_1_0_5_i_36/O
                         net (fo=1, routed)           0.622    21.132    top/teaching_board_top/target/rd2serial/ram_mask_reg_0_1_0_5_i_36_n_0
    SLICE_X54Y49         CARRY4 (Prop_carry4_DI[2]_CO[3])
                                                      0.611    21.743 r  top/teaching_board_top/target/rd2serial/ram_mask_reg_0_1_0_5_i_27/CO[3]
                         net (fo=1, routed)           0.001    21.744    top/teaching_board_top/target/rd2serial/ram_mask_reg_0_1_0_5_i_27_n_0
    SLICE_X54Y50         CARRY4 (Prop_carry4_CI_CO[2])
                                                      0.229    21.973 f  top/teaching_board_top/target/rd2serial/ram_mask_reg_0_1_0_5_i_26/CO[2]
                         net (fo=1, routed)           0.630    22.602    top/teaching_board_top/target/rd2serial/_T_317[6]
    SLICE_X53Y49         LUT4 (Prop_lut4_I3_O)        0.310    22.912 f  top/teaching_board_top/target/rd2serial/ram_mask_reg_0_1_0_5_i_28/O
                         net (fo=1, routed)           0.263    23.175    top/teaching_board_top/target/rd2serial/ram_mask_reg_0_1_0_5_i_28_n_0
    SLICE_X53Y49         LUT4 (Prop_lut4_I3_O)        0.124    23.299 f  top/teaching_board_top/target/rd2serial/ram_mask_reg_0_1_0_5_i_20/O
                         net (fo=8, routed)           0.392    23.691    top/teaching_board_top/target/rd2serial/ram_mask_reg_0_1_0_5_i_20_n_0
    SLICE_X52Y49         LUT2 (Prop_lut2_I1_O)        0.124    23.815 r  top/teaching_board_top/target/rd2serial/req_address[1]_i_3/O
                         net (fo=6, routed)           0.858    24.672    top/teaching_board_top/target/rd2serial/addr_reg[1]_0
    SLICE_X44Y46         LUT6 (Prop_lut6_I4_O)        0.124    24.796 r  top/teaching_board_top/target/rd2serial/ram_mask_reg_0_1_0_5_i_12__0/O
                         net (fo=2, routed)           0.708    25.504    top/teaching_board_top/target/sbus/system_bus_xbar/rd2serial_auto_out_a_bits_mask[3]
    SLICE_X41Y37         LUT4 (Prop_lut4_I2_O)        0.124    25.628 r  top/teaching_board_top/target/sbus/system_bus_xbar/req_mask[3]_i_1/O
                         net (fo=2, routed)           1.020    26.648    top/teaching_board_top/target/backend/req_mask_reg[3]_0
    SLICE_X37Y54         LUT6 (Prop_lut6_I5_O)        0.124    26.772 r  top/teaching_board_top/target/backend/ram_mask_reg_0_7_0_5_i_12/O
                         net (fo=1, routed)           0.518    27.290    top/teaching_board_top/target/backend/ram_mask_reg_0_7_0_5_i_12_n_0
    SLICE_X36Y54         LUT4 (Prop_lut4_I0_O)        0.124    27.414 r  top/teaching_board_top/target/backend/ram_mask_reg_0_7_0_5_i_3/O
                         net (fo=4, routed)           0.864    28.278    top/teaching_board_top/target/bh/TLBroadcastTracker/o_data/ram_mask_reg_0_7_0_5/DIB1
    SLICE_X26Y51         RAMD32                                       r  top/teaching_board_top/target/bh/TLBroadcastTracker/o_data/ram_mask_reg_0_7_0_5/RAMB_D1/I
  -------------------------------------------------------------------    -------------------

                         (clock host_clk_i rise edge)
                                                     25.000    25.000 r  
    H16                                               0.000    25.000 r  clk (IN)
                         net (fo=0)                   0.000    25.000    clk
    H16                  IBUF (Prop_ibuf_I_O)         1.380    26.380 r  ibufg_gclk/O
                         net (fo=1, routed)           1.162    27.542    gclk_i
    MMCME2_ADV_X1Y2      MMCME2_ADV (Prop_mmcme2_adv_CLKIN1_CLKOUT0)
                                                      0.083    27.625 r  MMCME2_BASE_inst/CLKOUT0
                         net (fo=1, routed)           2.012    29.637    host_clk_i
    BUFGCTRL_X0Y16       BUFG (Prop_bufg_I_O)         0.091    29.728 r  bufg_host_clk/O
                         net (fo=7403, routed)        1.522    31.250    top/teaching_board_top/target/bh/TLBroadcastTracker/o_data/ram_mask_reg_0_7_0_5/WCLK
    SLICE_X26Y51         RAMD32                                       r  top/teaching_board_top/target/bh/TLBroadcastTracker/o_data/ram_mask_reg_0_7_0_5/RAMB_D1/CLK
                         clock pessimism              0.402    31.652    
                         clock uncertainty           -0.082    31.571    
    SLICE_X26Y51         RAMD32 (Setup_ramd32_CLK_I)
                                                     -0.228    31.343    top/teaching_board_top/target/bh/TLBroadcastTracker/o_data/ram_mask_reg_0_7_0_5/RAMB_D1
  -------------------------------------------------------------------
                         required time                         31.343    
                         arrival time                         -28.278    
  -------------------------------------------------------------------
                         slack                                  3.064    

Slack (MET) :             21.463ns  (required time - arrival time)
  Source:                 rocketchip_wrapper/system/system_axi_interconnect_1_0/s00_couplers_imp_8CNLH6/system_axi_interconnect_1_imp_auto_pc_0/system_axi_interconnect_1_imp_auto_pc_0_axi_protocol_converter_v2_1_37_axi_protocol_converter/system_axi_interconnect_1_imp_auto_pc_0_axi_protocol_converter_v2_1_37_axi3_conv/system_axi_interconnect_1_imp_auto_pc_0_axi_protocol_converter_v2_1_37_a_axi3_conv__parameterized0/system_axi_interconnect_1_imp_auto_pc_0_axi_data_fifo_v2_1_36_axic_fifo__parameterized1/system_axi_interconnect_1_imp_auto_pc_0_axi_data_fifo_v2_1_36_fifo_gen__parameterized1/<hidden>/<hidden>/<hidden>/<hidden>/<hidden>/<hidden>
                            (rising edge-triggered cell FDPE clocked by host_clk_i  {rise@0.000ns fall@12.500ns period=25.000ns})
  Destination:            rocketchip_wrapper/system/system_axi_interconnect_1_0/s00_couplers_imp_8CNLH6/system_axi_interconnect_1_imp_auto_pc_0/system_axi_interconnect_1_imp_auto_pc_0_axi_protocol_converter_v2_1_37_axi_protocol_converter/system_axi_interconnect_1_imp_auto_pc_0_axi_protocol_converter_v2_1_37_axi3_conv/system_axi_interconnect_1_imp_auto_pc_0_axi_protocol_converter_v2_1_37_a_axi3_conv__parameterized0/system_axi_interconnect_1_imp_auto_pc_0_axi_data_fifo_v2_1_36_axic_fifo__parameterized1/system_axi_interconnect_1_imp_auto_pc_0_axi_data_fifo_v2_1_36_fifo_gen__parameterized1/<hidden>/<hidden>/<hidden>/<hidden>/<hidden>/<hidden>
                            (recovery check against rising-edge clock host_clk_i  {rise@0.000ns fall@12.500ns period=25.000ns})
  Path Group:             **async_default**
  Path Type:              Recovery (Max at Slow Process Corner)
  Requirement:            25.000ns  (host_clk_i rise@25.000ns - host_clk_i rise@0.000ns)
  Data Path Delay:        3.041ns  (logic 0.718ns (23.614%)  route 2.323ns (76.386%))
  Logic Levels:           1  (LUT3=1)
  Clock Path Skew:        -0.010ns (DCD - SCD + CPR)
    Destination Clock Delay (DCD):    6.236ns = ( 31.236 - 25.000 ) 
    Source Clock Delay      (SCD):    6.763ns
    Clock Pessimism Removal (CPR):    0.516ns
  Clock Uncertainty:      0.082ns  ((TSJ^2 + DJ^2)^1/2) / 2 + PE
    Total System Jitter     (TSJ):    0.071ns
    Discrete Jitter          (DJ):    0.147ns
    Phase Error              (PE):    0.000ns

    Location             Delay type                Incr(ns)  Path(ns)    Netlist Resource(s)
  -------------------------------------------------------------------    -------------------
                         (clock host_clk_i rise edge)
                                                      0.000     0.000 r  
    H16                                               0.000     0.000 r  clk (IN)
                         net (fo=0)                   0.000     0.000    clk
    H16                  IBUF (Prop_ibuf_I_O)         1.451     1.451 r  ibufg_gclk/O
                         net (fo=1, routed)           1.285     2.736    gclk_i
    MMCME2_ADV_X1Y2      MMCME2_ADV (Prop_mmcme2_adv_CLKIN1_CLKOUT0)
                                                      0.088     2.824 r  MMCME2_BASE_inst/CLKOUT0
                         net (fo=1, routed)           2.206     5.030    host_clk_i
    BUFGCTRL_X0Y16       BUFG (Prop_bufg_I_O)         0.101     5.131 r  bufg_host_clk/O
                         net (fo=7403, routed)        1.632     6.763    rocketchip_wrapper/system/system_axi_interconnect_1_0/s00_couplers_imp_8CNLH6/system_axi_interconnect_1_imp_auto_pc_0/system_axi_interconnect_1_imp_auto_pc_0_axi_protocol_converter_v2_1_37_axi_protocol_converter/system_axi_interconnect_1_imp_auto_pc_0_axi_protocol_converter_v2_1_37_axi3_conv/system_axi_interconnect_1_imp_auto_pc_0_axi_protocol_converter_v2_1_37_a_axi3_conv__parameterized0/system_axi_interconnect_1_imp_auto_pc_0_axi_data_fifo_v2_1_36_axic_fifo__parameterized1/system_axi_interconnect_1_imp_auto_pc_0_axi_data_fifo_v2_1_36_fifo_gen__parameterized1/<hidden>/<hidden>/<hidden>/<hidden>/<hidden>/<hidden>
    SLICE_X33Y74         FDPE                                         r  rocketchip_wrapper/system/system_axi_interconnect_1_0/s00_couplers_imp_8CNLH6/system_axi_interconnect_1_imp_auto_pc_0/system_axi_interconnect_1_imp_auto_pc_0_axi_protocol_converter_v2_1_37_axi_protocol_converter/system_axi_interconnect_1_imp_auto_pc_0_axi_protocol_converter_v2_1_37_axi3_conv/system_axi_interconnect_1_imp_auto_pc_0_axi_protocol_converter_v2_1_37_a_axi3_conv__parameterized0/system_axi_interconnect_1_imp_auto_pc_0_axi_data_fifo_v2_1_36_axic_fifo__parameterized1/system_axi_interconnect_1_imp_auto_pc_0_axi_data_fifo_v2_1_36_fifo_gen__parameterized1/<hidden>/<hidden>/<hidden>/<hidden>/<hidden>/<hidden>
  -------------------------------------------------------------------    -------------------
    SLICE_X33Y74         FDPE (Prop_fdpe_C_Q)         0.419     7.182 f  rocketchip_wrapper/system/system_axi_interconnect_1_0/s00_couplers_imp_8CNLH6/system_axi_interconnect_1_imp_auto_pc_0/system_axi_interconnect_1_imp_auto_pc_0_axi_protocol_converter_v2_1_37_axi_protocol_converter/system_axi_interconnect_1_imp_auto_pc_0_axi_protocol_converter_v2_1_37_axi3_conv/system_axi_interconnect_1_imp_auto_pc_0_axi_protocol_converter_v2_1_37_a_axi3_conv__parameterized0/system_axi_interconnect_1_imp_auto_pc_0_axi_data_fifo_v2_1_36_axic_fifo__parameterized1/system_axi_interconnect_1_imp_auto_pc_0_axi_data_fifo_v2_1_36_fifo_gen__parameterized1/<hidden>/<hidden>/<hidden>/<hidden>/<hidden>/<hidden>
                         net (fo=2, routed)           0.931     8.112    rocketchip_wrapper/system/system_axi_interconnect_1_0/s00_couplers_imp_8CNLH6/system_axi_interconnect_1_imp_auto_pc_0/system_axi_interconnect_1_imp_auto_pc_0_axi_protocol_converter_v2_1_37_axi_protocol_converter/system_axi_interconnect_1_imp_auto_pc_0_axi_protocol_converter_v2_1_37_axi3_conv/system_axi_interconnect_1_imp_auto_pc_0_axi_protocol_converter_v2_1_37_a_axi3_conv__parameterized0/system_axi_interconnect_1_imp_auto_pc_0_axi_data_fifo_v2_1_36_axic_fifo__parameterized1/system_axi_interconnect_1_imp_auto_pc_0_axi_data_fifo_v2_1_36_fifo_gen__parameterized1/<hidden>/<hidden>/<hidden>/<hidden>/<hidden>
    SLICE_X32Y74         LUT3 (Prop_lut3_I2_O)        0.299     8.411 f  rocketchip_wrapper/system/system_axi_interconnect_1_0/s00_couplers_imp_8CNLH6/system_axi_interconnect_1_imp_auto_pc_0/system_axi_interconnect_1_imp_auto_pc_0_axi_protocol_converter_v2_1_37_axi_protocol_converter/system_axi_interconnect_1_imp_auto_pc_0_axi_protocol_converter_v2_1_37_axi3_conv/system_axi_interconnect_1_imp_auto_pc_0_axi_protocol_converter_v2_1_37_a_axi3_conv__parameterized0/system_axi_interconnect_1_imp_auto_pc_0_axi_data_fifo_v2_1_36_axic_fifo__parameterized1/system_axi_interconnect_1_imp_auto_pc_0_axi_data_fifo_v2_1_36_fifo_gen__parameterized1/<hidden>/<hidden>/<hidden>/<hidden>/<hidden>
                         net (fo=33, routed)          1.392     9.803    rocketchip_wrapper/system/system_axi_interconnect_1_0/s00_couplers_imp_8CNLH6/system_axi_interconnect_1_imp_auto_pc_0/system_axi_interconnect_1_imp_auto_pc_0_axi_protocol_converter_v2_1_37_axi_protocol_converter/system_axi_interconnect_1_imp_auto_pc_0_axi_protocol_converter_v2_1_37_axi3_conv/system_axi_interconnect_1_imp_auto_pc_0_axi_protocol_converter_v2_1_37_a_axi3_conv__parameterized0/system_axi_interconnect_1_imp_auto_pc_0_axi_data_fifo_v2_1_36_axic_fifo__parameterized1/system_axi_interconnect_1_imp_auto_pc_0_axi_data_fifo_v2_1_36_fifo_gen__parameterized1/<hidden>/<hidden>/<hidden>/<hidden>/<hidden>/<hidden>
    SLICE_X28Y74         FDCE                                         f  rocketchip_wrapper/system/system_axi_interconnect_1_0/s00_couplers_imp_8CNLH6/system_axi_interconnect_1_imp_auto_pc_0/system_axi_interconnect_1_imp_auto_pc_0_axi_protocol_converter_v2_1_37_axi_protocol_converter/system_axi_interconnect_1_imp_auto_pc_0_axi_protocol_converter_v2_1_37_axi3_conv/system_axi_interconnect_1_imp_auto_pc_0_axi_protocol_converter_v2_1_37_a_axi3_conv__parameterized0/system_axi_interconnect_1_imp_auto_pc_0_axi_data_fifo_v2_1_36_axic_fifo__parameterized1/system_axi_interconnect_1_imp_auto_pc_0_axi_data_fifo_v2_1_36_fifo_gen__parameterized1/<hidden>/<hidden>/<hidden>/<hidden>/<hidden>/<hidden>
  -------------------------------------------------------------------    -------------------

                         (clock host_clk_i rise edge)
                                                     25.000    25.000 r  
    H16                                               0.000    25.000 r  clk (IN)
                         net (fo=0)                   0.000    25.000    clk
    H16                  IBUF (Prop_ibuf_I_O)         1.380    26.380 r  ibufg_gclk/O
                         net (fo=1, routed)           1.162    27.542    gclk_i
    MMCME2_ADV_X1Y2      MMCME2_ADV (Prop_mmcme2_adv_CLKIN1_CLKOUT0)
                                                      0.083    27.625 r  MMCME2_BASE_inst/CLKOUT0
                         net (fo=1, routed)           2.012    29.637    host_clk_i
    BUFGCTRL_X0Y16       BUFG (Prop_bufg_I_O)         0.091    29.728 r  bufg_host_clk/O
                         net (fo=7403, routed)        1.508    31.236    rocketchip_wrapper/system/system_axi_interconnect_1_0/s00_couplers_imp_8CNLH6/system_axi_interconnect_1_imp_auto_pc_0/system_axi_interconnect_1_imp_auto_pc_0_axi_protocol_converter_v2_1_37_axi_protocol_converter/system_axi_interconnect_1_imp_auto_pc_0_axi_protocol_converter_v2_1_37_axi3_conv/system_axi_interconnect_1_imp_auto_pc_0_axi_protocol_converter_v2_1_37_a_axi3_conv__parameterized0/system_axi_interconnect_1_imp_auto_pc_0_axi_data_fifo_v2_1_36_axic_fifo__parameterized1/system_axi_interconnect_1_imp_auto_pc_0_axi_data_fifo_v2_1_36_fifo_gen__parameterized1/<hidden>/<hidden>/<hidden>/<hidden>/<hidden>/<hidden>
    SLICE_X28Y74         FDCE                                         r  rocketchip_wrapper/system/system_axi_interconnect_1_0/s00_couplers_imp_8CNLH6/system_axi_interconnect_1_imp_auto_pc_0/system_axi_interconnect_1_imp_auto_pc_0_axi_protocol_converter_v2_1_37_axi_protocol_converter/system_axi_interconnect_1_imp_auto_pc_0_axi_protocol_converter_v2_1_37_axi3_conv/system_axi_interconnect_1_imp_auto_pc_0_axi_protocol_converter_v2_1_37_a_axi3_conv__parameterized0/system_axi_interconnect_1_imp_auto_pc_0_axi_data_fifo_v2_1_36_axic_fifo__parameterized1/system_axi_interconnect_1_imp_auto_pc_0_axi_data_fifo_v2_1_36_fifo_gen__parameterized1/<hidden>/<hidden>/<hidden>/<hidden>/<hidden>/<hidden>
                         clock pessimism              0.516    31.753    
                         clock uncertainty           -0.082    31.671    
    SLICE_X28Y74         FDCE (Recov_fdce_C_CLR)     -0.405    31.266    rocketchip_wrapper/system/system_axi_interconnect_1_0/s00_couplers_imp_8CNLH6/system_axi_interconnect_1_imp_auto_pc_0/system_axi_interconnect_1_imp_auto_pc_0_axi_protocol_converter_v2_1_37_axi_protocol_converter/system_axi_interconnect_1_imp_auto_pc_0_axi_protocol_converter_v2_1_37_axi3_conv/system_axi_interconnect_1_imp_auto_pc_0_axi_protocol_converter_v2_1_37_a_axi3_conv__parameterized0/system_axi_interconnect_1_imp_auto_pc_0_axi_data_fifo_v2_1_36_axic_fifo__parameterized1/system_axi_interconnect_1_imp_auto_pc_0_axi_data_fifo_v2_1_36_fifo_gen__parameterized1/<hidden>/<hidden>/<hidden>/<hidden>/<hidden>/<hidden>
  -------------------------------------------------------------------
                         required time                         31.266    
                         arrival time                          -9.803    
  -------------------------------------------------------------------
                         slack                                 21.463    

Slack (MET) :             21.463ns  (required time - arrival time)
  Source:                 rocketchip_wrapper/system/system_axi_interconnect_1_0/s00_couplers_imp_8CNLH6/system_axi_interconnect_1_imp_auto_pc_0/system_axi_interconnect_1_imp_auto_pc_0_axi_protocol_converter_v2_1_37_axi_protocol_converter/system_axi_interconnect_1_imp_auto_pc_0_axi_protocol_converter_v2_1_37_axi3_conv/system_axi_interconnect_1_imp_auto_pc_0_axi_protocol_converter_v2_1_37_a_axi3_conv__parameterized0/system_axi_interconnect_1_imp_auto_pc_0_axi_data_fifo_v2_1_36_axic_fifo__parameterized1/system_axi_interconnect_1_imp_auto_pc_0_axi_data_fifo_v2_1_36_fifo_gen__parameterized1/<hidden>/<hidden>/<hidden>/<hidden>/<hidden>/<hidden>
                            (rising edge-triggered cell FDPE clocked by host_clk_i  {rise@0.000ns fall@12.500ns period=25.000ns})
  Destination:            rocketchip_wrapper/system/system_axi_interconnect_1_0/s00_couplers_imp_8CNLH6/system_axi_interconnect_1_imp_auto_pc_0/system_axi_interconnect_1_imp_auto_pc_0_axi_protocol_converter_v2_1_37_axi_protocol_converter/system_axi_interconnect_1_imp_auto_pc_0_axi_protocol_converter_v2_1_37_axi3_conv/system_axi_interconnect_1_imp_auto_pc_0_axi_protocol_converter_v2_1_37_a_axi3_conv__parameterized0/system_axi_interconnect_1_imp_auto_pc_0_axi_data_fifo_v2_1_36_axic_fifo__parameterized1/system_axi_interconnect_1_imp_auto_pc_0_axi_data_fifo_v2_1_36_fifo_gen__parameterized1/<hidden>/<hidden>/<hidden>/<hidden>/<hidden>/<hidden>
                            (recovery check against rising-edge clock host_clk_i  {rise@0.000ns fall@12.500ns period=25.000ns})
  Path Group:             **async_default**
  Path Type:              Recovery (Max at Slow Process Corner)
  Requirement:            25.000ns  (host_clk_i rise@25.000ns - host_clk_i rise@0.000ns)
  Data Path Delay:        3.041ns  (logic 0.718ns (23.614%)  route 2.323ns (76.386%))
  Logic Levels:           1  (LUT3=1)
  Clock Path Skew:        -0.010ns (DCD - SCD + CPR)
    Destination Clock Delay (DCD):    6.236ns = ( 31.236 - 25.000 ) 
    Source Clock Delay      (SCD):    6.763ns
    Clock Pessimism Removal (CPR):    0.516ns
  Clock Uncertainty:      0.082ns  ((TSJ^2 + DJ^2)^1/2) / 2 + PE
    Total System Jitter     (TSJ):    0.071ns
    Discrete Jitter          (DJ):    0.147ns
    Phase Error              (PE):    0.000ns

    Location             Delay type                Incr(ns)  Path(ns)    Netlist Resource(s)
  -------------------------------------------------------------------    -------------------
                         (clock host_clk_i rise edge)
                                                      0.000     0.000 r  
    H16                                               0.000     0.000 r  clk (IN)
                         net (fo=0)                   0.000     0.000    clk
    H16                  IBUF (Prop_ibuf_I_O)         1.451     1.451 r  ibufg_gclk/O
                         net (fo=1, routed)           1.285     2.736    gclk_i
    MMCME2_ADV_X1Y2      MMCME2_ADV (Prop_mmcme2_adv_CLKIN1_CLKOUT0)
                                                      0.088     2.824 r  MMCME2_BASE_inst/CLKOUT0
                         net (fo=1, routed)           2.206     5.030    host_clk_i
    BUFGCTRL_X0Y16       BUFG (Prop_bufg_I_O)         0.101     5.131 r  bufg_host_clk/O
                         net (fo=7403, routed)        1.632     6.763    rocketchip_wrapper/system/system_axi_interconnect_1_0/s00_couplers_imp_8CNLH6/system_axi_interconnect_1_imp_auto_pc_0/system_axi_interconnect_1_imp_auto_pc_0_axi_protocol_converter_v2_1_37_axi_protocol_converter/system_axi_interconnect_1_imp_auto_pc_0_axi_protocol_converter_v2_1_37_axi3_conv/system_axi_interconnect_1_imp_auto_pc_0_axi_protocol_converter_v2_1_37_a_axi3_conv__parameterized0/system_axi_interconnect_1_imp_auto_pc_0_axi_data_fifo_v2_1_36_axic_fifo__parameterized1/system_axi_interconnect_1_imp_auto_pc_0_axi_data_fifo_v2_1_36_fifo_gen__parameterized1/<hidden>/<hidden>/<hidden>/<hidden>/<hidden>/<hidden>
    SLICE_X33Y74         FDPE                                         r  rocketchip_wrapper/system/system_axi_interconnect_1_0/s00_couplers_imp_8CNLH6/system_axi_interconnect_1_imp_auto_pc_0/system_axi_interconnect_1_imp_auto_pc_0_axi_protocol_converter_v2_1_37_axi_protocol_converter/system_axi_interconnect_1_imp_auto_pc_0_axi_protocol_converter_v2_1_37_axi3_conv/system_axi_interconnect_1_imp_auto_pc_0_axi_protocol_converter_v2_1_37_a_axi3_conv__parameterized0/system_axi_interconnect_1_imp_auto_pc_0_axi_data_fifo_v2_1_36_axic_fifo__parameterized1/system_axi_interconnect_1_imp_auto_pc_0_axi_data_fifo_v2_1_36_fifo_gen__parameterized1/<hidden>/<hidden>/<hidden>/<hidden>/<hidden>/<hidden>
  -------------------------------------------------------------------    -------------------
    SLICE_X33Y74         FDPE (Prop_fdpe_C_Q)         0.419     7.182 f  rocketchip_wrapper/system/system_axi_interconnect_1_0/s00_couplers_imp_8CNLH6/system_axi_interconnect_1_imp_auto_pc_0/system_axi_interconnect_1_imp_auto_pc_0_axi_protocol_converter_v2_1_37_axi_protocol_converter/system_axi_interconnect_1_imp_auto_pc_0_axi_protocol_converter_v2_1_37_axi3_conv/system_axi_interconnect_1_imp_auto_pc_0_axi_protocol_converter_v2_1_37_a_axi3_conv__parameterized0/system_axi_interconnect_1_imp_auto_pc_0_axi_data_fifo_v2_1_36_axic_fifo__parameterized1/system_axi_interconnect_1_imp_auto_pc_0_axi_data_fifo_v2_1_36_fifo_gen__parameterized1/<hidden>/<hidden>/<hidden>/<hidden>/<hidden>/<hidden>
                         net (fo=2, routed)           0.931     8.112    rocketchip_wrapper/system/system_axi_interconnect_1_0/s00_couplers_imp_8CNLH6/system_axi_interconnect_1_imp_auto_pc_0/system_axi_interconnect_1_imp_auto_pc_0_axi_protocol_converter_v2_1_37_axi_protocol_converter/system_axi_interconnect_1_imp_auto_pc_0_axi_protocol_converter_v2_1_37_axi3_conv/system_axi_interconnect_1_imp_auto_pc_0_axi_protocol_converter_v2_1_37_a_axi3_conv__parameterized0/system_axi_interconnect_1_imp_auto_pc_0_axi_data_fifo_v2_1_36_axic_fifo__parameterized1/system_axi_interconnect_1_imp_auto_pc_0_axi_data_fifo_v2_1_36_fifo_gen__parameterized1/<hidden>/<hidden>/<hidden>/<hidden>/<hidden>
    SLICE_X32Y74         LUT3 (Prop_lut3_I2_O)        0.299     8.411 f  rocketchip_wrapper/system/system_axi_interconnect_1_0/s00_couplers_imp_8CNLH6/system_axi_interconnect_1_imp_auto_pc_0/system_axi_interconnect_1_imp_auto_pc_0_axi_protocol_converter_v2_1_37_axi_protocol_converter/system_axi_interconnect_1_imp_auto_pc_0_axi_protocol_converter_v2_1_37_axi3_conv/system_axi_interconnect_1_imp_auto_pc_0_axi_protocol_converter_v2_1_37_a_axi3_conv__parameterized0/system_axi_interconnect_1_imp_auto_pc_0_axi_data_fifo_v2_1_36_axic_fifo__parameterized1/system_axi_interconnect_1_imp_auto_pc_0_axi_data_fifo_v2_1_36_fifo_gen__parameterized1/<hidden>/<hidden>/<hidden>/<hidden>/<hidden>
                         net (fo=33, routed)          1.392     9.803    rocketchip_wrapper/system/system_axi_interconnect_1_0/s00_couplers_imp_8CNLH6/system_axi_interconnect_1_imp_auto_pc_0/system_axi_interconnect_1_imp_auto_pc_0_axi_protocol_converter_v2_1_37_axi_protocol_converter/system_axi_interconnect_1_imp_auto_pc_0_axi_protocol_converter_v2_1_37_axi3_conv/system_axi_interconnect_1_imp_auto_pc_0_axi_protocol_converter_v2_1_37_a_axi3_conv__parameterized0/system_axi_interconnect_1_imp_auto_pc_0_axi_data_fifo_v2_1_36_axic_fifo__parameterized1/system_axi_interconnect_1_imp_auto_pc_0_axi_data_fifo_v2_1_36_fifo_gen__parameterized1/<hidden>/<hidden>/<hidden>/<hidden>/<hidden>/<hidden>
    SLICE_X28Y74         FDCE                                         f  rocketchip_wrapper/system/system_axi_interconnect_1_0/s00_couplers_imp_8CNLH6/system_axi_interconnect_1_imp_auto_pc_0/system_axi_interconnect_1_imp_auto_pc_0_axi_protocol_converter_v2_1_37_axi_protocol_converter/system_axi_interconnect_1_imp_auto_pc_0_axi_protocol_converter_v2_1_37_axi3_conv/system_axi_interconnect_1_imp_auto_pc_0_axi_protocol_converter_v2_1_37_a_axi3_conv__parameterized0/system_axi_interconnect_1_imp_auto_pc_0_axi_data_fifo_v2_1_36_axic_fifo__parameterized1/system_axi_interconnect_1_imp_auto_pc_0_axi_data_fifo_v2_1_36_fifo_gen__parameterized1/<hidden>/<hidden>/<hidden>/<hidden>/<hidden>/<hidden>
  -------------------------------------------------------------------    -------------------

                         (clock host_clk_i rise edge)
                                                     25.000    25.000 r  
    H16                                               0.000    25.000 r  clk (IN)
                         net (fo=0)                   0.000    25.000    clk
    H16                  IBUF (Prop_ibuf_I_O)         1.380    26.380 r  ibufg_gclk/O
                         net (fo=1, routed)           1.162    27.542    gclk_i
    MMCME2_ADV_X1Y2      MMCME2_ADV (Prop_mmcme2_adv_CLKIN1_CLKOUT0)
                                                      0.083    27.625 r  MMCME2_BASE_inst/CLKOUT0
                         net (fo=1, routed)           2.012    29.637    host_clk_i
    BUFGCTRL_X0Y16       BUFG (Prop_bufg_I_O)         0.091    29.728 r  bufg_host_clk/O
                         net (fo=7403, routed)        1.508    31.236    rocketchip_wrapper/system/system_axi_interconnect_1_0/s00_couplers_imp_8CNLH6/system_axi_interconnect_1_imp_auto_pc_0/system_axi_interconnect_1_imp_auto_pc_0_axi_protocol_converter_v2_1_37_axi_protocol_converter/system_axi_interconnect_1_imp_auto_pc_0_axi_protocol_converter_v2_1_37_axi3_conv/system_axi_interconnect_1_imp_auto_pc_0_axi_protocol_converter_v2_1_37_a_axi3_conv__parameterized0/system_axi_interconnect_1_imp_auto_pc_0_axi_data_fifo_v2_1_36_axic_fifo__parameterized1/system_axi_interconnect_1_imp_auto_pc_0_axi_data_fifo_v2_1_36_fifo_gen__parameterized1/<hidden>/<hidden>/<hidden>/<hidden>/<hidden>/<hidden>
    SLICE_X28Y74         FDCE                                         r  rocketchip_wrapper/system/system_axi_interconnect_1_0/s00_couplers_imp_8CNLH6/system_axi_interconnect_1_imp_auto_pc_0/system_axi_interconnect_1_imp_auto_pc_0_axi_protocol_converter_v2_1_37_axi_protocol_converter/system_axi_interconnect_1_imp_auto_pc_0_axi_protocol_converter_v2_1_37_axi3_conv/system_axi_interconnect_1_imp_auto_pc_0_axi_protocol_converter_v2_1_37_a_axi3_conv__parameterized0/system_axi_interconnect_1_imp_auto_pc_0_axi_data_fifo_v2_1_36_axic_fifo__parameterized1/system_axi_interconnect_1_imp_auto_pc_0_axi_data_fifo_v2_1_36_fifo_gen__parameterized1/<hidden>/<hidden>/<hidden>/<hidden>/<hidden>/<hidden>
                         clock pessimism              0.516    31.753    
                         clock uncertainty           -0.082    31.671    
    SLICE_X28Y74         FDCE (Recov_fdce_C_CLR)     -0.405    31.266    rocketchip_wrapper/system/system_axi_interconnect_1_0/s00_couplers_imp_8CNLH6/system_axi_interconnect_1_imp_auto_pc_0/system_axi_interconnect_1_imp_auto_pc_0_axi_protocol_converter_v2_1_37_axi_protocol_converter/system_axi_interconnect_1_imp_auto_pc_0_axi_protocol_converter_v2_1_37_axi3_conv/system_axi_interconnect_1_imp_auto_pc_0_axi_protocol_converter_v2_1_37_a_axi3_conv__parameterized0/system_axi_interconnect_1_imp_auto_pc_0_axi_data_fifo_v2_1_36_axic_fifo__parameterized1/system_axi_interconnect_1_imp_auto_pc_0_axi_data_fifo_v2_1_36_fifo_gen__parameterized1/<hidden>/<hidden>/<hidden>/<hidden>/<hidden>/<hidden>
  -------------------------------------------------------------------
                         required time                         31.266    
                         arrival time                          -9.803    
  -------------------------------------------------------------------
                         slack                                 21.463    

Slack (MET) :             21.467ns  (required time - arrival time)
  Source:                 rocketchip_wrapper/system/system_axi_interconnect_1_0/s00_couplers_imp_8CNLH6/system_axi_interconnect_1_imp_auto_pc_0/system_axi_interconnect_1_imp_auto_pc_0_axi_protocol_converter_v2_1_37_axi_protocol_converter/system_axi_interconnect_1_imp_auto_pc_0_axi_protocol_converter_v2_1_37_axi3_conv/system_axi_interconnect_1_imp_auto_pc_0_axi_protocol_converter_v2_1_37_a_axi3_conv__parameterized0/system_axi_interconnect_1_imp_auto_pc_0_axi_data_fifo_v2_1_36_axic_fifo__parameterized1/system_axi_interconnect_1_imp_auto_pc_0_axi_data_fifo_v2_1_36_fifo_gen__parameterized1/<hidden>/<hidden>/<hidden>/<hidden>/<hidden>/<hidden>
                            (rising edge-triggered cell FDPE clocked by host_clk_i  {rise@0.000ns fall@12.500ns period=25.000ns})
  Destination:            rocketchip_wrapper/system/system_axi_interconnect_1_0/s00_couplers_imp_8CNLH6/system_axi_interconnect_1_imp_auto_pc_0/system_axi_interconnect_1_imp_auto_pc_0_axi_protocol_converter_v2_1_37_axi_protocol_converter/system_axi_interconnect_1_imp_auto_pc_0_axi_protocol_converter_v2_1_37_axi3_conv/system_axi_interconnect_1_imp_auto_pc_0_axi_protocol_converter_v2_1_37_a_axi3_conv__parameterized0/system_axi_interconnect_1_imp_auto_pc_0_axi_data_fifo_v2_1_36_axic_fifo__parameterized1/system_axi_interconnect_1_imp_auto_pc_0_axi_data_fifo_v2_1_36_fifo_gen__parameterized1/<hidden>/<hidden>/<hidden>/<hidden>/<hidden>/<hidden>
                            (recovery check against rising-edge clock host_clk_i  {rise@0.000ns fall@12.500ns period=25.000ns})
  Path Group:             **async_default**
  Path Type:              Recovery (Max at Slow Process Corner)
  Requirement:            25.000ns  (host_clk_i rise@25.000ns - host_clk_i rise@0.000ns)
  Data Path Delay:        3.036ns  (logic 0.718ns (23.648%)  route 2.318ns (76.352%))
  Logic Levels:           1  (LUT3=1)
  Clock Path Skew:        -0.010ns (DCD - SCD + CPR)
    Destination Clock Delay (DCD):    6.236ns = ( 31.236 - 25.000 ) 
    Source Clock Delay      (SCD):    6.763ns
    Clock Pessimism Removal (CPR):    0.516ns
  Clock Uncertainty:      0.082ns  ((TSJ^2 + DJ^2)^1/2) / 2 + PE
    Total System Jitter     (TSJ):    0.071ns
    Discrete Jitter          (DJ):    0.147ns
    Phase Error              (PE):    0.000ns

    Location             Delay type                Incr(ns)  Path(ns)    Netlist Resource(s)
  -------------------------------------------------------------------    -------------------
                         (clock host_clk_i rise edge)
                                                      0.000     0.000 r  
    H16                                               0.000     0.000 r  clk (IN)
                         net (fo=0)                   0.000     0.000    clk
    H16                  IBUF (Prop_ibuf_I_O)         1.451     1.451 r  ibufg_gclk/O
                         net (fo=1, routed)           1.285     2.736    gclk_i
    MMCME2_ADV_X1Y2      MMCME2_ADV (Prop_mmcme2_adv_CLKIN1_CLKOUT0)
                                                      0.088     2.824 r  MMCME2_BASE_inst/CLKOUT0
                         net (fo=1, routed)           2.206     5.030    host_clk_i
    BUFGCTRL_X0Y16       BUFG (Prop_bufg_I_O)         0.101     5.131 r  bufg_host_clk/O
                         net (fo=7403, routed)        1.632     6.763    rocketchip_wrapper/system/system_axi_interconnect_1_0/s00_couplers_imp_8CNLH6/system_axi_interconnect_1_imp_auto_pc_0/system_axi_interconnect_1_imp_auto_pc_0_axi_protocol_converter_v2_1_37_axi_protocol_converter/system_axi_interconnect_1_imp_auto_pc_0_axi_protocol_converter_v2_1_37_axi3_conv/system_axi_interconnect_1_imp_auto_pc_0_axi_protocol_converter_v2_1_37_a_axi3_conv__parameterized0/system_axi_interconnect_1_imp_auto_pc_0_axi_data_fifo_v2_1_36_axic_fifo__parameterized1/system_axi_interconnect_1_imp_auto_pc_0_axi_data_fifo_v2_1_36_fifo_gen__parameterized1/<hidden>/<hidden>/<hidden>/<hidden>/<hidden>/<hidden>
    SLICE_X33Y74         FDPE                                         r  rocketchip_wrapper/system/system_axi_interconnect_1_0/s00_couplers_imp_8CNLH6/system_axi_interconnect_1_imp_auto_pc_0/system_axi_interconnect_1_imp_auto_pc_0_axi_protocol_converter_v2_1_37_axi_protocol_converter/system_axi_interconnect_1_imp_auto_pc_0_axi_protocol_converter_v2_1_37_axi3_conv/system_axi_interconnect_1_imp_auto_pc_0_axi_protocol_converter_v2_1_37_a_axi3_conv__parameterized0/system_axi_interconnect_1_imp_auto_pc_0_axi_data_fifo_v2_1_36_axic_fifo__parameterized1/system_axi_interconnect_1_imp_auto_pc_0_axi_data_fifo_v2_1_36_fifo_gen__parameterized1/<hidden>/<hidden>/<hidden>/<hidden>/<hidden>/<hidden>
  -------------------------------------------------------------------    -------------------
    SLICE_X33Y74         FDPE (Prop_fdpe_C_Q)         0.419     7.182 f  rocketchip_wrapper/system/system_axi_interconnect_1_0/s00_couplers_imp_8CNLH6/system_axi_interconnect_1_imp_auto_pc_0/system_axi_interconnect_1_imp_auto_pc_0_axi_protocol_converter_v2_1_37_axi_protocol_converter/system_axi_interconnect_1_imp_auto_pc_0_axi_protocol_converter_v2_1_37_axi3_conv/system_axi_interconnect_1_imp_auto_pc_0_axi_protocol_converter_v2_1_37_a_axi3_conv__parameterized0/system_axi_interconnect_1_imp_auto_pc_0_axi_data_fifo_v2_1_36_axic_fifo__parameterized1/system_axi_interconnect_1_imp_auto_pc_0_axi_data_fifo_v2_1_36_fifo_gen__parameterized1/<hidden>/<hidden>/<hidden>/<hidden>/<hidden>/<hidden>
                         net (fo=2, routed)           0.931     8.112    rocketchip_wrapper/system/system_axi_interconnect_1_0/s00_couplers_imp_8CNLH6/system_axi_interconnect_1_imp_auto_pc_0/system_axi_interconnect_1_imp_auto_pc_0_axi_protocol_converter_v2_1_37_axi_protocol_converter/system_axi_interconnect_1_imp_auto_pc_0_axi_protocol_converter_v2_1_37_axi3_conv/system_axi_interconnect_1_imp_auto_pc_0_axi_protocol_converter_v2_1_37_a_axi3_conv__parameterized0/system_axi_interconnect_1_imp_auto_pc_0_axi_data_fifo_v2_1_36_axic_fifo__parameterized1/system_axi_interconnect_1_imp_auto_pc_0_axi_data_fifo_v2_1_36_fifo_gen__parameterized1/<hidden>/<hidden>/<hidden>/<hidden>/<hidden>
    SLICE_X32Y74         LUT3 (Prop_lut3_I2_O)        0.299     8.411 f  rocketchip_wrapper/system/system_axi_interconnect_1_0/s00_couplers_imp_8CNLH6/system_axi_interconnect_1_imp_auto_pc_0/system_axi_interconnect_1_imp_auto_pc_0_axi_protocol_converter_v2_1_37_axi_protocol_converter/system_axi_interconnect_1_imp_auto_pc_0_axi_protocol_converter_v2_1_37_axi3_conv/system_axi_interconnect_1_imp_auto_pc_0_axi_protocol_converter_v2_1_37_a_axi3_conv__parameterized0/system_axi_interconnect_1_imp_auto_pc_0_axi_data_fifo_v2_1_36_axic_fifo__parameterized1/system_axi_interconnect_1_imp_auto_pc_0_axi_data_fifo_v2_1_36_fifo_gen__parameterized1/<hidden>/<hidden>/<hidden>/<hidden>/<hidden>
                         net (fo=33, routed)          1.387     9.799    rocketchip_wrapper/system/system_axi_interconnect_1_0/s00_couplers_imp_8CNLH6/system_axi_interconnect_1_imp_auto_pc_0/system_axi_interconnect_1_imp_auto_pc_0_axi_protocol_converter_v2_1_37_axi_protocol_converter/system_axi_interconnect_1_imp_auto_pc_0_axi_protocol_converter_v2_1_37_axi3_conv/system_axi_interconnect_1_imp_auto_pc_0_axi_protocol_converter_v2_1_37_a_axi3_conv__parameterized0/system_axi_interconnect_1_imp_auto_pc_0_axi_data_fifo_v2_1_36_axic_fifo__parameterized1/system_axi_interconnect_1_imp_auto_pc_0_axi_data_fifo_v2_1_36_fifo_gen__parameterized1/<hidden>/<hidden>/<hidden>/<hidden>/<hidden>/<hidden>
    SLICE_X29Y74         FDCE                                         f  rocketchip_wrapper/system/system_axi_interconnect_1_0/s00_couplers_imp_8CNLH6/system_axi_interconnect_1_imp_auto_pc_0/system_axi_interconnect_1_imp_auto_pc_0_axi_protocol_converter_v2_1_37_axi_protocol_converter/system_axi_interconnect_1_imp_auto_pc_0_axi_protocol_converter_v2_1_37_axi3_conv/system_axi_interconnect_1_imp_auto_pc_0_axi_protocol_converter_v2_1_37_a_axi3_conv__parameterized0/system_axi_interconnect_1_imp_auto_pc_0_axi_data_fifo_v2_1_36_axic_fifo__parameterized1/system_axi_interconnect_1_imp_auto_pc_0_axi_data_fifo_v2_1_36_fifo_gen__parameterized1/<hidden>/<hidden>/<hidden>/<hidden>/<hidden>/<hidden>
  -------------------------------------------------------------------    -------------------

                         (clock host_clk_i rise edge)
                                                     25.000    25.000 r  
    H16                                               0.000    25.000 r  clk (IN)
                         net (fo=0)                   0.000    25.000    clk
    H16                  IBUF (Prop_ibuf_I_O)         1.380    26.380 r  ibufg_gclk/O
                         net (fo=1, routed)           1.162    27.542    gclk_i
    MMCME2_ADV_X1Y2      MMCME2_ADV (Prop_mmcme2_adv_CLKIN1_CLKOUT0)
                                                      0.083    27.625 r  MMCME2_BASE_inst/CLKOUT0
                         net (fo=1, routed)           2.012    29.637    host_clk_i
    BUFGCTRL_X0Y16       BUFG (Prop_bufg_I_O)         0.091    29.728 r  bufg_host_clk/O
                         net (fo=7403, routed)        1.508    31.236    rocketchip_wrapper/system/system_axi_interconnect_1_0/s00_couplers_imp_8CNLH6/system_axi_interconnect_1_imp_auto_pc_0/system_axi_interconnect_1_imp_auto_pc_0_axi_protocol_converter_v2_1_37_axi_protocol_converter/system_axi_interconnect_1_imp_auto_pc_0_axi_protocol_converter_v2_1_37_axi3_conv/system_axi_interconnect_1_imp_auto_pc_0_axi_protocol_converter_v2_1_37_a_axi3_conv__parameterized0/system_axi_interconnect_1_imp_auto_pc_0_axi_data_fifo_v2_1_36_axic_fifo__parameterized1/system_axi_interconnect_1_imp_auto_pc_0_axi_data_fifo_v2_1_36_fifo_gen__parameterized1/<hidden>/<hidden>/<hidden>/<hidden>/<hidden>/<hidden>
    SLICE_X29Y74         FDCE                                         r  rocketchip_wrapper/system/system_axi_interconnect_1_0/s00_couplers_imp_8CNLH6/system_axi_interconnect_1_imp_auto_pc_0/system_axi_interconnect_1_imp_auto_pc_0_axi_protocol_converter_v2_1_37_axi_protocol_converter/system_axi_interconnect_1_imp_auto_pc_0_axi_protocol_converter_v2_1_37_axi3_conv/system_axi_interconnect_1_imp_auto_pc_0_axi_protocol_converter_v2_1_37_a_axi3_conv__parameterized0/system_axi_interconnect_1_imp_auto_pc_0_axi_data_fifo_v2_1_36_axic_fifo__parameterized1/system_axi_interconnect_1_imp_auto_pc_0_axi_data_fifo_v2_1_36_fifo_gen__parameterized1/<hidden>/<hidden>/<hidden>/<hidden>/<hidden>/<hidden>
                         clock pessimism              0.516    31.753    
                         clock uncertainty           -0.082    31.671    
    SLICE_X29Y74         FDCE (Recov_fdce_C_CLR)     -0.405    31.266    rocketchip_wrapper/system/system_axi_interconnect_1_0/s00_couplers_imp_8CNLH6/system_axi_interconnect_1_imp_auto_pc_0/system_axi_interconnect_1_imp_auto_pc_0_axi_protocol_converter_v2_1_37_axi_protocol_converter/system_axi_interconnect_1_imp_auto_pc_0_axi_protocol_converter_v2_1_37_axi3_conv/system_axi_interconnect_1_imp_auto_pc_0_axi_protocol_converter_v2_1_37_a_axi3_conv__parameterized0/system_axi_interconnect_1_imp_auto_pc_0_axi_data_fifo_v2_1_36_axic_fifo__parameterized1/system_axi_interconnect_1_imp_auto_pc_0_axi_data_fifo_v2_1_36_fifo_gen__parameterized1/<hidden>/<hidden>/<hidden>/<hidden>/<hidden>/<hidden>
  -------------------------------------------------------------------
                         required time                         31.266    
                         arrival time                          -9.799    
  -------------------------------------------------------------------
                         slack                                 21.467    

Slack (MET) :             21.467ns  (required time - arrival time)
  Source:                 rocketchip_wrapper/system/system_axi_interconnect_1_0/s00_couplers_imp_8CNLH6/system_axi_interconnect_1_imp_auto_pc_0/system_axi_interconnect_1_imp_auto_pc_0_axi_protocol_converter_v2_1_37_axi_protocol_converter/system_axi_interconnect_1_imp_auto_pc_0_axi_protocol_converter_v2_1_37_axi3_conv/system_axi_interconnect_1_imp_auto_pc_0_axi_protocol_converter_v2_1_37_a_axi3_conv__parameterized0/system_axi_interconnect_1_imp_auto_pc_0_axi_data_fifo_v2_1_36_axic_fifo__parameterized1/system_axi_interconnect_1_imp_auto_pc_0_axi_data_fifo_v2_1_36_fifo_gen__parameterized1/<hidden>/<hidden>/<hidden>/<hidden>/<hidden>/<hidden>
                            (rising edge-triggered cell FDPE clocked by host_clk_i  {rise@0.000ns fall@12.500ns period=25.000ns})
  Destination:            rocketchip_wrapper/system/system_axi_interconnect_1_0/s00_couplers_imp_8CNLH6/system_axi_interconnect_1_imp_auto_pc_0/system_axi_interconnect_1_imp_auto_pc_0_axi_protocol_converter_v2_1_37_axi_protocol_converter/system_axi_interconnect_1_imp_auto_pc_0_axi_protocol_converter_v2_1_37_axi3_conv/system_axi_interconnect_1_imp_auto_pc_0_axi_protocol_converter_v2_1_37_a_axi3_conv__parameterized0/system_axi_interconnect_1_imp_auto_pc_0_axi_data_fifo_v2_1_36_axic_fifo__parameterized1/system_axi_interconnect_1_imp_auto_pc_0_axi_data_fifo_v2_1_36_fifo_gen__parameterized1/<hidden>/<hidden>/<hidden>/<hidden>/<hidden>/<hidden>
                            (recovery check against rising-edge clock host_clk_i  {rise@0.000ns fall@12.500ns period=25.000ns})
  Path Group:             **async_default**
  Path Type:              Recovery (Max at Slow Process Corner)
  Requirement:            25.000ns  (host_clk_i rise@25.000ns - host_clk_i rise@0.000ns)
  Data Path Delay:        3.036ns  (logic 0.718ns (23.648%)  route 2.318ns (76.352%))
  Logic Levels:           1  (LUT3=1)
  Clock Path Skew:        -0.010ns (DCD - SCD + CPR)
    Destination Clock Delay (DCD):    6.236ns = ( 31.236 - 25.000 ) 
    Source Clock Delay      (SCD):    6.763ns
    Clock Pessimism Removal (CPR):    0.516ns
  Clock Uncertainty:      0.082ns  ((TSJ^2 + DJ^2)^1/2) / 2 + PE
    Total System Jitter     (TSJ):    0.071ns
    Discrete Jitter          (DJ):    0.147ns
    Phase Error              (PE):    0.000ns

    Location             Delay type                Incr(ns)  Path(ns)    Netlist Resource(s)
  -------------------------------------------------------------------    -------------------
                         (clock host_clk_i rise edge)
                                                      0.000     0.000 r  
    H16                                               0.000     0.000 r  clk (IN)
                         net (fo=0)                   0.000     0.000    clk
    H16                  IBUF (Prop_ibuf_I_O)         1.451     1.451 r  ibufg_gclk/O
                         net (fo=1, routed)           1.285     2.736    gclk_i
    MMCME2_ADV_X1Y2      MMCME2_ADV (Prop_mmcme2_adv_CLKIN1_CLKOUT0)
                                                      0.088     2.824 r  MMCME2_BASE_inst/CLKOUT0
                         net (fo=1, routed)           2.206     5.030    host_clk_i
    BUFGCTRL_X0Y16       BUFG (Prop_bufg_I_O)         0.101     5.131 r  bufg_host_clk/O
                         net (fo=7403, routed)        1.632     6.763    rocketchip_wrapper/system/system_axi_interconnect_1_0/s00_couplers_imp_8CNLH6/system_axi_interconnect_1_imp_auto_pc_0/system_axi_interconnect_1_imp_auto_pc_0_axi_protocol_converter_v2_1_37_axi_protocol_converter/system_axi_interconnect_1_imp_auto_pc_0_axi_protocol_converter_v2_1_37_axi3_conv/system_axi_interconnect_1_imp_auto_pc_0_axi_protocol_converter_v2_1_37_a_axi3_conv__parameterized0/system_axi_interconnect_1_imp_auto_pc_0_axi_data_fifo_v2_1_36_axic_fifo__parameterized1/system_axi_interconnect_1_imp_auto_pc_0_axi_data_fifo_v2_1_36_fifo_gen__parameterized1/<hidden>/<hidden>/<hidden>/<hidden>/<hidden>/<hidden>
    SLICE_X33Y74         FDPE                                         r  rocketchip_wrapper/system/system_axi_interconnect_1_0/s00_couplers_imp_8CNLH6/system_axi_interconnect_1_imp_auto_pc_0/system_axi_interconnect_1_imp_auto_pc_0_axi_protocol_converter_v2_1_37_axi_protocol_converter/system_axi_interconnect_1_imp_auto_pc_0_axi_protocol_converter_v2_1_37_axi3_conv/system_axi_interconnect_1_imp_auto_pc_0_axi_protocol_converter_v2_1_37_a_axi3_conv__parameterized0/system_axi_interconnect_1_imp_auto_pc_0_axi_data_fifo_v2_1_36_axic_fifo__parameterized1/system_axi_interconnect_1_imp_auto_pc_0_axi_data_fifo_v2_1_36_fifo_gen__parameterized1/<hidden>/<hidden>/<hidden>/<hidden>/<hidden>/<hidden>
  -------------------------------------------------------------------    -------------------
    SLICE_X33Y74         FDPE (Prop_fdpe_C_Q)         0.419     7.182 f  rocketchip_wrapper/system/system_axi_interconnect_1_0/s00_couplers_imp_8CNLH6/system_axi_interconnect_1_imp_auto_pc_0/system_axi_interconnect_1_imp_auto_pc_0_axi_protocol_converter_v2_1_37_axi_protocol_converter/system_axi_interconnect_1_imp_auto_pc_0_axi_protocol_converter_v2_1_37_axi3_conv/system_axi_interconnect_1_imp_auto_pc_0_axi_protocol_converter_v2_1_37_a_axi3_conv__parameterized0/system_axi_interconnect_1_imp_auto_pc_0_axi_data_fifo_v2_1_36_axic_fifo__parameterized1/system_axi_interconnect_1_imp_auto_pc_0_axi_data_fifo_v2_1_36_fifo_gen__parameterized1/<hidden>/<hidden>/<hidden>/<hidden>/<hidden>/<hidden>
                         net (fo=2, routed)           0.931     8.112    rocketchip_wrapper/system/system_axi_interconnect_1_0/s00_couplers_imp_8CNLH6/system_axi_interconnect_1_imp_auto_pc_0/system_axi_interconnect_1_imp_auto_pc_0_axi_protocol_converter_v2_1_37_axi_protocol_converter/system_axi_interconnect_1_imp_auto_pc_0_axi_protocol_converter_v2_1_37_axi3_conv/system_axi_interconnect_1_imp_auto_pc_0_axi_protocol_converter_v2_1_37_a_axi3_conv__parameterized0/system_axi_interconnect_1_imp_auto_pc_0_axi_data_fifo_v2_1_36_axic_fifo__parameterized1/system_axi_interconnect_1_imp_auto_pc_0_axi_data_fifo_v2_1_36_fifo_gen__parameterized1/<hidden>/<hidden>/<hidden>/<hidden>/<hidden>
    SLICE_X32Y74         LUT3 (Prop_lut3_I2_O)        0.299     8.411 f  rocketchip_wrapper/system/system_axi_interconnect_1_0/s00_couplers_imp_8CNLH6/system_axi_interconnect_1_imp_auto_pc_0/system_axi_interconnect_1_imp_auto_pc_0_axi_protocol_converter_v2_1_37_axi_protocol_converter/system_axi_interconnect_1_imp_auto_pc_0_axi_protocol_converter_v2_1_37_axi3_conv/system_axi_interconnect_1_imp_auto_pc_0_axi_protocol_converter_v2_1_37_a_axi3_conv__parameterized0/system_axi_interconnect_1_imp_auto_pc_0_axi_data_fifo_v2_1_36_axic_fifo__parameterized1/system_axi_interconnect_1_imp_auto_pc_0_axi_data_fifo_v2_1_36_fifo_gen__parameterized1/<hidden>/<hidden>/<hidden>/<hidden>/<hidden>
                         net (fo=33, routed)          1.387     9.799    rocketchip_wrapper/system/system_axi_interconnect_1_0/s00_couplers_imp_8CNLH6/system_axi_interconnect_1_imp_auto_pc_0/system_axi_interconnect_1_imp_auto_pc_0_axi_protocol_converter_v2_1_37_axi_protocol_converter/system_axi_interconnect_1_imp_auto_pc_0_axi_protocol_converter_v2_1_37_axi3_conv/system_axi_interconnect_1_imp_auto_pc_0_axi_protocol_converter_v2_1_37_a_axi3_conv__parameterized0/system_axi_interconnect_1_imp_auto_pc_0_axi_data_fifo_v2_1_36_axic_fifo__parameterized1/system_axi_interconnect_1_imp_auto_pc_0_axi_data_fifo_v2_1_36_fifo_gen__parameterized1/<hidden>/<hidden>/<hidden>/<hidden>/<hidden>/<hidden>
    SLICE_X29Y74         FDCE                                         f  rocketchip_wrapper/system/system_axi_interconnect_1_0/s00_couplers_imp_8CNLH6/system_axi_interconnect_1_imp_auto_pc_0/system_axi_interconnect_1_imp_auto_pc_0_axi_protocol_converter_v2_1_37_axi_protocol_converter/system_axi_interconnect_1_imp_auto_pc_0_axi_protocol_converter_v2_1_37_axi3_conv/system_axi_interconnect_1_imp_auto_pc_0_axi_protocol_converter_v2_1_37_a_axi3_conv__parameterized0/system_axi_interconnect_1_imp_auto_pc_0_axi_data_fifo_v2_1_36_axic_fifo__parameterized1/system_axi_interconnect_1_imp_auto_pc_0_axi_data_fifo_v2_1_36_fifo_gen__parameterized1/<hidden>/<hidden>/<hidden>/<hidden>/<hidden>/<hidden>
  -------------------------------------------------------------------    -------------------

                         (clock host_clk_i rise edge)
                                                     25.000    25.000 r  
    H16                                               0.000    25.000 r  clk (IN)
                         net (fo=0)                   0.000    25.000    clk
    H16                  IBUF (Prop_ibuf_I_O)         1.380    26.380 r  ibufg_gclk/O
                         net (fo=1, routed)           1.162    27.542    gclk_i
    MMCME2_ADV_X1Y2      MMCME2_ADV (Prop_mmcme2_adv_CLKIN1_CLKOUT0)
                                                      0.083    27.625 r  MMCME2_BASE_inst/CLKOUT0
                         net (fo=1, routed)           2.012    29.637    host_clk_i
    BUFGCTRL_X0Y16       BUFG (Prop_bufg_I_O)         0.091    29.728 r  bufg_host_clk/O
                         net (fo=7403, routed)        1.508    31.236    rocketchip_wrapper/system/system_axi_interconnect_1_0/s00_couplers_imp_8CNLH6/system_axi_interconnect_1_imp_auto_pc_0/system_axi_interconnect_1_imp_auto_pc_0_axi_protocol_converter_v2_1_37_axi_protocol_converter/system_axi_interconnect_1_imp_auto_pc_0_axi_protocol_converter_v2_1_37_axi3_conv/system_axi_interconnect_1_imp_auto_pc_0_axi_protocol_converter_v2_1_37_a_axi3_conv__parameterized0/system_axi_interconnect_1_imp_auto_pc_0_axi_data_fifo_v2_1_36_axic_fifo__parameterized1/system_axi_interconnect_1_imp_auto_pc_0_axi_data_fifo_v2_1_36_fifo_gen__parameterized1/<hidden>/<hidden>/<hidden>/<hidden>/<hidden>/<hidden>
    SLICE_X29Y74         FDCE                                         r  rocketchip_wrapper/system/system_axi_interconnect_1_0/s00_couplers_imp_8CNLH6/system_axi_interconnect_1_imp_auto_pc_0/system_axi_interconnect_1_imp_auto_pc_0_axi_protocol_converter_v2_1_37_axi_protocol_converter/system_axi_interconnect_1_imp_auto_pc_0_axi_protocol_converter_v2_1_37_axi3_conv/system_axi_interconnect_1_imp_auto_pc_0_axi_protocol_converter_v2_1_37_a_axi3_conv__parameterized0/system_axi_interconnect_1_imp_auto_pc_0_axi_data_fifo_v2_1_36_axic_fifo__parameterized1/system_axi_interconnect_1_imp_auto_pc_0_axi_data_fifo_v2_1_36_fifo_gen__parameterized1/<hidden>/<hidden>/<hidden>/<hidden>/<hidden>/<hidden>
                         clock pessimism              0.516    31.753    
                         clock uncertainty           -0.082    31.671    
    SLICE_X29Y74         FDCE (Recov_fdce_C_CLR)     -0.405    31.266    rocketchip_wrapper/system/system_axi_interconnect_1_0/s00_couplers_imp_8CNLH6/system_axi_interconnect_1_imp_auto_pc_0/system_axi_interconnect_1_imp_auto_pc_0_axi_protocol_converter_v2_1_37_axi_protocol_converter/system_axi_interconnect_1_imp_auto_pc_0_axi_protocol_converter_v2_1_37_axi3_conv/system_axi_interconnect_1_imp_auto_pc_0_axi_protocol_converter_v2_1_37_a_axi3_conv__parameterized0/system_axi_interconnect_1_imp_auto_pc_0_axi_data_fifo_v2_1_36_axic_fifo__parameterized1/system_axi_interconnect_1_imp_auto_pc_0_axi_data_fifo_v2_1_36_fifo_gen__parameterized1/<hidden>/<hidden>/<hidden>/<hidden>/<hidden>/<hidden>
  -------------------------------------------------------------------
                         required time                         31.266    
                         arrival time                          -9.799    
  -------------------------------------------------------------------
                         slack                                 21.467    

Slack (MET) :             21.467ns  (required time - arrival time)
  Source:                 rocketchip_wrapper/system/system_axi_interconnect_1_0/s00_couplers_imp_8CNLH6/system_axi_interconnect_1_imp_auto_pc_0/system_axi_interconnect_1_imp_auto_pc_0_axi_protocol_converter_v2_1_37_axi_protocol_converter/system_axi_interconnect_1_imp_auto_pc_0_axi_protocol_converter_v2_1_37_axi3_conv/system_axi_interconnect_1_imp_auto_pc_0_axi_protocol_converter_v2_1_37_a_axi3_conv__parameterized0/system_axi_interconnect_1_imp_auto_pc_0_axi_data_fifo_v2_1_36_axic_fifo__parameterized1/system_axi_interconnect_1_imp_auto_pc_0_axi_data_fifo_v2_1_36_fifo_gen__parameterized1/<hidden>/<hidden>/<hidden>/<hidden>/<hidden>/<hidden>
                            (rising edge-triggered cell FDPE clocked by host_clk_i  {rise@0.000ns fall@12.500ns period=25.000ns})
  Destination:            rocketchip_wrapper/system/system_axi_interconnect_1_0/s00_couplers_imp_8CNLH6/system_axi_interconnect_1_imp_auto_pc_0/system_axi_interconnect_1_imp_auto_pc_0_axi_protocol_converter_v2_1_37_axi_protocol_converter/system_axi_interconnect_1_imp_auto_pc_0_axi_protocol_converter_v2_1_37_axi3_conv/system_axi_interconnect_1_imp_auto_pc_0_axi_protocol_converter_v2_1_37_a_axi3_conv__parameterized0/system_axi_interconnect_1_imp_auto_pc_0_axi_data_fifo_v2_1_36_axic_fifo__parameterized1/system_axi_interconnect_1_imp_auto_pc_0_axi_data_fifo_v2_1_36_fifo_gen__parameterized1/<hidden>/<hidden>/<hidden>/<hidden>/<hidden>/<hidden>
                            (recovery check against rising-edge clock host_clk_i  {rise@0.000ns fall@12.500ns period=25.000ns})
  Path Group:             **async_default**
  Path Type:              Recovery (Max at Slow Process Corner)
  Requirement:            25.000ns  (host_clk_i rise@25.000ns - host_clk_i rise@0.000ns)
  Data Path Delay:        3.036ns  (logic 0.718ns (23.648%)  route 2.318ns (76.352%))
  Logic Levels:           1  (LUT3=1)
  Clock Path Skew:        -0.010ns (DCD - SCD + CPR)
    Destination Clock Delay (DCD):    6.236ns = ( 31.236 - 25.000 ) 
    Source Clock Delay      (SCD):    6.763ns
    Clock Pessimism Removal (CPR):    0.516ns
  Clock Uncertainty:      0.082ns  ((TSJ^2 + DJ^2)^1/2) / 2 + PE
    Total System Jitter     (TSJ):    0.071ns
    Discrete Jitter          (DJ):    0.147ns
    Phase Error              (PE):    0.000ns

    Location             Delay type                Incr(ns)  Path(ns)    Netlist Resource(s)
  -------------------------------------------------------------------    -------------------
                         (clock host_clk_i rise edge)
                                                      0.000     0.000 r  
    H16                                               0.000     0.000 r  clk (IN)
                         net (fo=0)                   0.000     0.000    clk
    H16                  IBUF (Prop_ibuf_I_O)         1.451     1.451 r  ibufg_gclk/O
                         net (fo=1, routed)           1.285     2.736    gclk_i
    MMCME2_ADV_X1Y2      MMCME2_ADV (Prop_mmcme2_adv_CLKIN1_CLKOUT0)
                                                      0.088     2.824 r  MMCME2_BASE_inst/CLKOUT0
                         net (fo=1, routed)           2.206     5.030    host_clk_i
    BUFGCTRL_X0Y16       BUFG (Prop_bufg_I_O)         0.101     5.131 r  bufg_host_clk/O
                         net (fo=7403, routed)        1.632     6.763    rocketchip_wrapper/system/system_axi_interconnect_1_0/s00_couplers_imp_8CNLH6/system_axi_interconnect_1_imp_auto_pc_0/system_axi_interconnect_1_imp_auto_pc_0_axi_protocol_converter_v2_1_37_axi_protocol_converter/system_axi_interconnect_1_imp_auto_pc_0_axi_protocol_converter_v2_1_37_axi3_conv/system_axi_interconnect_1_imp_auto_pc_0_axi_protocol_converter_v2_1_37_a_axi3_conv__parameterized0/system_axi_interconnect_1_imp_auto_pc_0_axi_data_fifo_v2_1_36_axic_fifo__parameterized1/system_axi_interconnect_1_imp_auto_pc_0_axi_data_fifo_v2_1_36_fifo_gen__parameterized1/<hidden>/<hidden>/<hidden>/<hidden>/<hidden>/<hidden>
    SLICE_X33Y74         FDPE                                         r  rocketchip_wrapper/system/system_axi_interconnect_1_0/s00_couplers_imp_8CNLH6/system_axi_interconnect_1_imp_auto_pc_0/system_axi_interconnect_1_imp_auto_pc_0_axi_protocol_converter_v2_1_37_axi_protocol_converter/system_axi_interconnect_1_imp_auto_pc_0_axi_protocol_converter_v2_1_37_axi3_conv/system_axi_interconnect_1_imp_auto_pc_0_axi_protocol_converter_v2_1_37_a_axi3_conv__parameterized0/system_axi_interconnect_1_imp_auto_pc_0_axi_data_fifo_v2_1_36_axic_fifo__parameterized1/system_axi_interconnect_1_imp_auto_pc_0_axi_data_fifo_v2_1_36_fifo_gen__parameterized1/<hidden>/<hidden>/<hidden>/<hidden>/<hidden>/<hidden>
  -------------------------------------------------------------------    -------------------
    SLICE_X33Y74         FDPE (Prop_fdpe_C_Q)         0.419     7.182 f  rocketchip_wrapper/system/system_axi_interconnect_1_0/s00_couplers_imp_8CNLH6/system_axi_interconnect_1_imp_auto_pc_0/system_axi_interconnect_1_imp_auto_pc_0_axi_protocol_converter_v2_1_37_axi_protocol_converter/system_axi_interconnect_1_imp_auto_pc_0_axi_protocol_converter_v2_1_37_axi3_conv/system_axi_interconnect_1_imp_auto_pc_0_axi_protocol_converter_v2_1_37_a_axi3_conv__parameterized0/system_axi_interconnect_1_imp_auto_pc_0_axi_data_fifo_v2_1_36_axic_fifo__parameterized1/system_axi_interconnect_1_imp_auto_pc_0_axi_data_fifo_v2_1_36_fifo_gen__parameterized1/<hidden>/<hidden>/<hidden>/<hidden>/<hidden>/<hidden>
                         net (fo=2, routed)           0.931     8.112    rocketchip_wrapper/system/system_axi_interconnect_1_0/s00_couplers_imp_8CNLH6/system_axi_interconnect_1_imp_auto_pc_0/system_axi_interconnect_1_imp_auto_pc_0_axi_protocol_converter_v2_1_37_axi_protocol_converter/system_axi_interconnect_1_imp_auto_pc_0_axi_protocol_converter_v2_1_37_axi3_conv/system_axi_interconnect_1_imp_auto_pc_0_axi_protocol_converter_v2_1_37_a_axi3_conv__parameterized0/system_axi_interconnect_1_imp_auto_pc_0_axi_data_fifo_v2_1_36_axic_fifo__parameterized1/system_axi_interconnect_1_imp_auto_pc_0_axi_data_fifo_v2_1_36_fifo_gen__parameterized1/<hidden>/<hidden>/<hidden>/<hidden>/<hidden>
    SLICE_X32Y74         LUT3 (Prop_lut3_I2_O)        0.299     8.411 f  rocketchip_wrapper/system/system_axi_interconnect_1_0/s00_couplers_imp_8CNLH6/system_axi_interconnect_1_imp_auto_pc_0/system_axi_interconnect_1_imp_auto_pc_0_axi_protocol_converter_v2_1_37_axi_protocol_converter/system_axi_interconnect_1_imp_auto_pc_0_axi_protocol_converter_v2_1_37_axi3_conv/system_axi_interconnect_1_imp_auto_pc_0_axi_protocol_converter_v2_1_37_a_axi3_conv__parameterized0/system_axi_interconnect_1_imp_auto_pc_0_axi_data_fifo_v2_1_36_axic_fifo__parameterized1/system_axi_interconnect_1_imp_auto_pc_0_axi_data_fifo_v2_1_36_fifo_gen__parameterized1/<hidden>/<hidden>/<hidden>/<hidden>/<hidden>
                         net (fo=33, routed)          1.387     9.799    rocketchip_wrapper/system/system_axi_interconnect_1_0/s00_couplers_imp_8CNLH6/system_axi_interconnect_1_imp_auto_pc_0/system_axi_interconnect_1_imp_auto_pc_0_axi_protocol_converter_v2_1_37_axi_protocol_converter/system_axi_interconnect_1_imp_auto_pc_0_axi_protocol_converter_v2_1_37_axi3_conv/system_axi_interconnect_1_imp_auto_pc_0_axi_protocol_converter_v2_1_37_a_axi3_conv__parameterized0/system_axi_interconnect_1_imp_auto_pc_0_axi_data_fifo_v2_1_36_axic_fifo__parameterized1/system_axi_interconnect_1_imp_auto_pc_0_axi_data_fifo_v2_1_36_fifo_gen__parameterized1/<hidden>/<hidden>/<hidden>/<hidden>/<hidden>/<hidden>
    SLICE_X29Y74         FDCE                                         f  rocketchip_wrapper/system/system_axi_interconnect_1_0/s00_couplers_imp_8CNLH6/system_axi_interconnect_1_imp_auto_pc_0/system_axi_interconnect_1_imp_auto_pc_0_axi_protocol_converter_v2_1_37_axi_protocol_converter/system_axi_interconnect_1_imp_auto_pc_0_axi_protocol_converter_v2_1_37_axi3_conv/system_axi_interconnect_1_imp_auto_pc_0_axi_protocol_converter_v2_1_37_a_axi3_conv__parameterized0/system_axi_interconnect_1_imp_auto_pc_0_axi_data_fifo_v2_1_36_axic_fifo__parameterized1/system_axi_interconnect_1_imp_auto_pc_0_axi_data_fifo_v2_1_36_fifo_gen__parameterized1/<hidden>/<hidden>/<hidden>/<hidden>/<hidden>/<hidden>
  -------------------------------------------------------------------    -------------------

                         (clock host_clk_i rise edge)
                                                     25.000    25.000 r  
    H16                                               0.000    25.000 r  clk (IN)
                         net (fo=0)                   0.000    25.000    clk
    H16                  IBUF (Prop_ibuf_I_O)         1.380    26.380 r  ibufg_gclk/O
                         net (fo=1, routed)           1.162    27.542    gclk_i
    MMCME2_ADV_X1Y2      MMCME2_ADV (Prop_mmcme2_adv_CLKIN1_CLKOUT0)
                                                      0.083    27.625 r  MMCME2_BASE_inst/CLKOUT0
                         net (fo=1, routed)           2.012    29.637    host_clk_i
    BUFGCTRL_X0Y16       BUFG (Prop_bufg_I_O)         0.091    29.728 r  bufg_host_clk/O
                         net (fo=7403, routed)        1.508    31.236    rocketchip_wrapper/system/system_axi_interconnect_1_0/s00_couplers_imp_8CNLH6/system_axi_interconnect_1_imp_auto_pc_0/system_axi_interconnect_1_imp_auto_pc_0_axi_protocol_converter_v2_1_37_axi_protocol_converter/system_axi_interconnect_1_imp_auto_pc_0_axi_protocol_converter_v2_1_37_axi3_conv/system_axi_interconnect_1_imp_auto_pc_0_axi_protocol_converter_v2_1_37_a_axi3_conv__parameterized0/system_axi_interconnect_1_imp_auto_pc_0_axi_data_fifo_v2_1_36_axic_fifo__parameterized1/system_axi_interconnect_1_imp_auto_pc_0_axi_data_fifo_v2_1_36_fifo_gen__parameterized1/<hidden>/<hidden>/<hidden>/<hidden>/<hidden>/<hidden>
    SLICE_X29Y74         FDCE                                         r  rocketchip_wrapper/system/system_axi_interconnect_1_0/s00_couplers_imp_8CNLH6/system_axi_interconnect_1_imp_auto_pc_0/system_axi_interconnect_1_imp_auto_pc_0_axi_protocol_converter_v2_1_37_axi_protocol_converter/system_axi_interconnect_1_imp_auto_pc_0_axi_protocol_converter_v2_1_37_axi3_conv/system_axi_interconnect_1_imp_auto_pc_0_axi_protocol_converter_v2_1_37_a_axi3_conv__parameterized0/system_axi_interconnect_1_imp_auto_pc_0_axi_data_fifo_v2_1_36_axic_fifo__parameterized1/system_axi_interconnect_1_imp_auto_pc_0_axi_data_fifo_v2_1_36_fifo_gen__parameterized1/<hidden>/<hidden>/<hidden>/<hidden>/<hidden>/<hidden>
                         clock pessimism              0.516    31.753    
                         clock uncertainty           -0.082    31.671    
    SLICE_X29Y74         FDCE (Recov_fdce_C_CLR)     -0.405    31.266    rocketchip_wrapper/system/system_axi_interconnect_1_0/s00_couplers_imp_8CNLH6/system_axi_interconnect_1_imp_auto_pc_0/system_axi_interconnect_1_imp_auto_pc_0_axi_protocol_converter_v2_1_37_axi_protocol_converter/system_axi_interconnect_1_imp_auto_pc_0_axi_protocol_converter_v2_1_37_axi3_conv/system_axi_interconnect_1_imp_auto_pc_0_axi_protocol_converter_v2_1_37_a_axi3_conv__parameterized0/system_axi_interconnect_1_imp_auto_pc_0_axi_data_fifo_v2_1_36_axic_fifo__parameterized1/system_axi_interconnect_1_imp_auto_pc_0_axi_data_fifo_v2_1_36_fifo_gen__parameterized1/<hidden>/<hidden>/<hidden>/<hidden>/<hidden>/<hidden>
  -------------------------------------------------------------------
                         required time                         31.266    
                         arrival time                          -9.799    
  -------------------------------------------------------------------
                         slack                                 21.467    

Slack (MET) :             21.509ns  (required time - arrival time)
  Source:                 rocketchip_wrapper/system/system_axi_interconnect_1_0/s00_couplers_imp_8CNLH6/system_axi_interconnect_1_imp_auto_pc_0/system_axi_interconnect_1_imp_auto_pc_0_axi_protocol_converter_v2_1_37_axi_protocol_converter/system_axi_interconnect_1_imp_auto_pc_0_axi_protocol_converter_v2_1_37_axi3_conv/system_axi_interconnect_1_imp_auto_pc_0_axi_protocol_converter_v2_1_37_a_axi3_conv__parameterized0/system_axi_interconnect_1_imp_auto_pc_0_axi_data_fifo_v2_1_36_axic_fifo__parameterized1/system_axi_interconnect_1_imp_auto_pc_0_axi_data_fifo_v2_1_36_fifo_gen__parameterized1/<hidden>/<hidden>/<hidden>/<hidden>/<hidden>/<hidden>
                            (rising edge-triggered cell FDPE clocked by host_clk_i  {rise@0.000ns fall@12.500ns period=25.000ns})
  Destination:            rocketchip_wrapper/system/system_axi_interconnect_1_0/s00_couplers_imp_8CNLH6/system_axi_interconnect_1_imp_auto_pc_0/system_axi_interconnect_1_imp_auto_pc_0_axi_protocol_converter_v2_1_37_axi_protocol_converter/system_axi_interconnect_1_imp_auto_pc_0_axi_protocol_converter_v2_1_37_axi3_conv/system_axi_interconnect_1_imp_auto_pc_0_axi_protocol_converter_v2_1_37_a_axi3_conv__parameterized0/system_axi_interconnect_1_imp_auto_pc_0_axi_data_fifo_v2_1_36_axic_fifo__parameterized1/system_axi_interconnect_1_imp_auto_pc_0_axi_data_fifo_v2_1_36_fifo_gen__parameterized1/<hidden>/<hidden>/<hidden>/<hidden>/<hidden>/<hidden>
                            (recovery check against rising-edge clock host_clk_i  {rise@0.000ns fall@12.500ns period=25.000ns})
  Path Group:             **async_default**
  Path Type:              Recovery (Max at Slow Process Corner)
  Requirement:            25.000ns  (host_clk_i rise@25.000ns - host_clk_i rise@0.000ns)
  Data Path Delay:        3.041ns  (logic 0.718ns (23.614%)  route 2.323ns (76.386%))
  Logic Levels:           1  (LUT3=1)
  Clock Path Skew:        -0.010ns (DCD - SCD + CPR)
    Destination Clock Delay (DCD):    6.236ns = ( 31.236 - 25.000 ) 
    Source Clock Delay      (SCD):    6.763ns
    Clock Pessimism Removal (CPR):    0.516ns
  Clock Uncertainty:      0.082ns  ((TSJ^2 + DJ^2)^1/2) / 2 + PE
    Total System Jitter     (TSJ):    0.071ns
    Discrete Jitter          (DJ):    0.147ns
    Phase Error              (PE):    0.000ns

    Location             Delay type                Incr(ns)  Path(ns)    Netlist Resource(s)
  -------------------------------------------------------------------    -------------------
                         (clock host_clk_i rise edge)
                                                      0.000     0.000 r  
    H16                                               0.000     0.000 r  clk (IN)
                         net (fo=0)                   0.000     0.000    clk
    H16                  IBUF (Prop_ibuf_I_O)         1.451     1.451 r  ibufg_gclk/O
                         net (fo=1, routed)           1.285     2.736    gclk_i
    MMCME2_ADV_X1Y2      MMCME2_ADV (Prop_mmcme2_adv_CLKIN1_CLKOUT0)
                                                      0.088     2.824 r  MMCME2_BASE_inst/CLKOUT0
                         net (fo=1, routed)           2.206     5.030    host_clk_i
    BUFGCTRL_X0Y16       BUFG (Prop_bufg_I_O)         0.101     5.131 r  bufg_host_clk/O
                         net (fo=7403, routed)        1.632     6.763    rocketchip_wrapper/system/system_axi_interconnect_1_0/s00_couplers_imp_8CNLH6/system_axi_interconnect_1_imp_auto_pc_0/system_axi_interconnect_1_imp_auto_pc_0_axi_protocol_converter_v2_1_37_axi_protocol_converter/system_axi_interconnect_1_imp_auto_pc_0_axi_protocol_converter_v2_1_37_axi3_conv/system_axi_interconnect_1_imp_auto_pc_0_axi_protocol_converter_v2_1_37_a_axi3_conv__parameterized0/system_axi_interconnect_1_imp_auto_pc_0_axi_data_fifo_v2_1_36_axic_fifo__parameterized1/system_axi_interconnect_1_imp_auto_pc_0_axi_data_fifo_v2_1_36_fifo_gen__parameterized1/<hidden>/<hidden>/<hidden>/<hidden>/<hidden>/<hidden>
    SLICE_X33Y74         FDPE                                         r  rocketchip_wrapper/system/system_axi_interconnect_1_0/s00_couplers_imp_8CNLH6/system_axi_interconnect_1_imp_auto_pc_0/system_axi_interconnect_1_imp_auto_pc_0_axi_protocol_converter_v2_1_37_axi_protocol_converter/system_axi_interconnect_1_imp_auto_pc_0_axi_protocol_converter_v2_1_37_axi3_conv/system_axi_interconnect_1_imp_auto_pc_0_axi_protocol_converter_v2_1_37_a_axi3_conv__parameterized0/system_axi_interconnect_1_imp_auto_pc_0_axi_data_fifo_v2_1_36_axic_fifo__parameterized1/system_axi_interconnect_1_imp_auto_pc_0_axi_data_fifo_v2_1_36_fifo_gen__parameterized1/<hidden>/<hidden>/<hidden>/<hidden>/<hidden>/<hidden>
  -------------------------------------------------------------------    -------------------
    SLICE_X33Y74         FDPE (Prop_fdpe_C_Q)         0.419     7.182 f  rocketchip_wrapper/system/system_axi_interconnect_1_0/s00_couplers_imp_8CNLH6/system_axi_interconnect_1_imp_auto_pc_0/system_axi_interconnect_1_imp_auto_pc_0_axi_protocol_converter_v2_1_37_axi_protocol_converter/system_axi_interconnect_1_imp_auto_pc_0_axi_protocol_converter_v2_1_37_axi3_conv/system_axi_interconnect_1_imp_auto_pc_0_axi_protocol_converter_v2_1_37_a_axi3_conv__parameterized0/system_axi_interconnect_1_imp_auto_pc_0_axi_data_fifo_v2_1_36_axic_fifo__parameterized1/system_axi_interconnect_1_imp_auto_pc_0_axi_data_fifo_v2_1_36_fifo_gen__parameterized1/<hidden>/<hidden>/<hidden>/<hidden>/<hidden>/<hidden>
                         net (fo=2, routed)           0.931     8.112    rocketchip_wrapper/system/system_axi_interconnect_1_0/s00_couplers_imp_8CNLH6/system_axi_interconnect_1_imp_auto_pc_0/system_axi_interconnect_1_imp_auto_pc_0_axi_protocol_converter_v2_1_37_axi_protocol_converter/system_axi_interconnect_1_imp_auto_pc_0_axi_protocol_converter_v2_1_37_axi3_conv/system_axi_interconnect_1_imp_auto_pc_0_axi_protocol_converter_v2_1_37_a_axi3_conv__parameterized0/system_axi_interconnect_1_imp_auto_pc_0_axi_data_fifo_v2_1_36_axic_fifo__parameterized1/system_axi_interconnect_1_imp_auto_pc_0_axi_data_fifo_v2_1_36_fifo_gen__parameterized1/<hidden>/<hidden>/<hidden>/<hidden>/<hidden>
    SLICE_X32Y74         LUT3 (Prop_lut3_I2_O)        0.299     8.411 f  rocketchip_wrapper/system/system_axi_interconnect_1_0/s00_couplers_imp_8CNLH6/system_axi_interconnect_1_imp_auto_pc_0/system_axi_interconnect_1_imp_auto_pc_0_axi_protocol_converter_v2_1_37_axi_protocol_converter/system_axi_interconnect_1_imp_auto_pc_0_axi_protocol_converter_v2_1_37_axi3_conv/system_axi_interconnect_1_imp_auto_pc_0_axi_protocol_converter_v2_1_37_a_axi3_conv__parameterized0/system_axi_interconnect_1_imp_auto_pc_0_axi_data_fifo_v2_1_36_axic_fifo__parameterized1/system_axi_interconnect_1_imp_auto_pc_0_axi_data_fifo_v2_1_36_fifo_gen__parameterized1/<hidden>/<hidden>/<hidden>/<hidden>/<hidden>
                         net (fo=33, routed)          1.392     9.803    rocketchip_wrapper/system/system_axi_interconnect_1_0/s00_couplers_imp_8CNLH6/system_axi_interconnect_1_imp_auto_pc_0/system_axi_interconnect_1_imp_auto_pc_0_axi_protocol_converter_v2_1_37_axi_protocol_converter/system_axi_interconnect_1_imp_auto_pc_0_axi_protocol_converter_v2_1_37_axi3_conv/system_axi_interconnect_1_imp_auto_pc_0_axi_protocol_converter_v2_1_37_a_axi3_conv__parameterized0/system_axi_interconnect_1_imp_auto_pc_0_axi_data_fifo_v2_1_36_axic_fifo__parameterized1/system_axi_interconnect_1_imp_auto_pc_0_axi_data_fifo_v2_1_36_fifo_gen__parameterized1/<hidden>/<hidden>/<hidden>/<hidden>/<hidden>/<hidden>
    SLICE_X28Y74         FDPE                                         f  rocketchip_wrapper/system/system_axi_interconnect_1_0/s00_couplers_imp_8CNLH6/system_axi_interconnect_1_imp_auto_pc_0/system_axi_interconnect_1_imp_auto_pc_0_axi_protocol_converter_v2_1_37_axi_protocol_converter/system_axi_interconnect_1_imp_auto_pc_0_axi_protocol_converter_v2_1_37_axi3_conv/system_axi_interconnect_1_imp_auto_pc_0_axi_protocol_converter_v2_1_37_a_axi3_conv__parameterized0/system_axi_interconnect_1_imp_auto_pc_0_axi_data_fifo_v2_1_36_axic_fifo__parameterized1/system_axi_interconnect_1_imp_auto_pc_0_axi_data_fifo_v2_1_36_fifo_gen__parameterized1/<hidden>/<hidden>/<hidden>/<hidden>/<hidden>/<hidden>
  -------------------------------------------------------------------    -------------------

                         (clock host_clk_i rise edge)
                                                     25.000    25.000 r  
    H16                                               0.000    25.000 r  clk (IN)
                         net (fo=0)                   0.000    25.000    clk
    H16                  IBUF (Prop_ibuf_I_O)         1.380    26.380 r  ibufg_gclk/O
                         net (fo=1, routed)           1.162    27.542    gclk_i
    MMCME2_ADV_X1Y2      MMCME2_ADV (Prop_mmcme2_adv_CLKIN1_CLKOUT0)
                                                      0.083    27.625 r  MMCME2_BASE_inst/CLKOUT0
                         net (fo=1, routed)           2.012    29.637    host_clk_i
    BUFGCTRL_X0Y16       BUFG (Prop_bufg_I_O)         0.091    29.728 r  bufg_host_clk/O
                         net (fo=7403, routed)        1.508    31.236    rocketchip_wrapper/system/system_axi_interconnect_1_0/s00_couplers_imp_8CNLH6/system_axi_interconnect_1_imp_auto_pc_0/system_axi_interconnect_1_imp_auto_pc_0_axi_protocol_converter_v2_1_37_axi_protocol_converter/system_axi_interconnect_1_imp_auto_pc_0_axi_protocol_converter_v2_1_37_axi3_conv/system_axi_interconnect_1_imp_auto_pc_0_axi_protocol_converter_v2_1_37_a_axi3_conv__parameterized0/system_axi_interconnect_1_imp_auto_pc_0_axi_data_fifo_v2_1_36_axic_fifo__parameterized1/system_axi_interconnect_1_imp_auto_pc_0_axi_data_fifo_v2_1_36_fifo_gen__parameterized1/<hidden>/<hidden>/<hidden>/<hidden>/<hidden>/<hidden>
    SLICE_X28Y74         FDPE                                         r  rocketchip_wrapper/system/system_axi_interconnect_1_0/s00_couplers_imp_8CNLH6/system_axi_interconnect_1_imp_auto_pc_0/system_axi_interconnect_1_imp_auto_pc_0_axi_protocol_converter_v2_1_37_axi_protocol_converter/system_axi_interconnect_1_imp_auto_pc_0_axi_protocol_converter_v2_1_37_axi3_conv/system_axi_interconnect_1_imp_auto_pc_0_axi_protocol_converter_v2_1_37_a_axi3_conv__parameterized0/system_axi_interconnect_1_imp_auto_pc_0_axi_data_fifo_v2_1_36_axic_fifo__parameterized1/system_axi_interconnect_1_imp_auto_pc_0_axi_data_fifo_v2_1_36_fifo_gen__parameterized1/<hidden>/<hidden>/<hidden>/<hidden>/<hidden>/<hidden>
                         clock pessimism              0.516    31.753    
                         clock uncertainty           -0.082    31.671    
    SLICE_X28Y74         FDPE (Recov_fdpe_C_PRE)     -0.359    31.312    rocketchip_wrapper/system/system_axi_interconnect_1_0/s00_couplers_imp_8CNLH6/system_axi_interconnect_1_imp_auto_pc_0/system_axi_interconnect_1_imp_auto_pc_0_axi_protocol_converter_v2_1_37_axi_protocol_converter/system_axi_interconnect_1_imp_auto_pc_0_axi_protocol_converter_v2_1_37_axi3_conv/system_axi_interconnect_1_imp_auto_pc_0_axi_protocol_converter_v2_1_37_a_axi3_conv__parameterized0/system_axi_interconnect_1_imp_auto_pc_0_axi_data_fifo_v2_1_36_axic_fifo__parameterized1/system_axi_interconnect_1_imp_auto_pc_0_axi_data_fifo_v2_1_36_fifo_gen__parameterized1/<hidden>/<hidden>/<hidden>/<hidden>/<hidden>/<hidden>
  -------------------------------------------------------------------
                         required time                         31.312    
                         arrival time                          -9.803    
  -------------------------------------------------------------------
                         slack                                 21.509    

Slack (MET) :             21.509ns  (required time - arrival time)
  Source:                 rocketchip_wrapper/system/system_axi_interconnect_1_0/s00_couplers_imp_8CNLH6/system_axi_interconnect_1_imp_auto_pc_0/system_axi_interconnect_1_imp_auto_pc_0_axi_protocol_converter_v2_1_37_axi_protocol_converter/system_axi_interconnect_1_imp_auto_pc_0_axi_protocol_converter_v2_1_37_axi3_conv/system_axi_interconnect_1_imp_auto_pc_0_axi_protocol_converter_v2_1_37_a_axi3_conv__parameterized0/system_axi_interconnect_1_imp_auto_pc_0_axi_data_fifo_v2_1_36_axic_fifo__parameterized1/system_axi_interconnect_1_imp_auto_pc_0_axi_data_fifo_v2_1_36_fifo_gen__parameterized1/<hidden>/<hidden>/<hidden>/<hidden>/<hidden>/<hidden>
                            (rising edge-triggered cell FDPE clocked by host_clk_i  {rise@0.000ns fall@12.500ns period=25.000ns})
  Destination:            rocketchip_wrapper/system/system_axi_interconnect_1_0/s00_couplers_imp_8CNLH6/system_axi_interconnect_1_imp_auto_pc_0/system_axi_interconnect_1_imp_auto_pc_0_axi_protocol_converter_v2_1_37_axi_protocol_converter/system_axi_interconnect_1_imp_auto_pc_0_axi_protocol_converter_v2_1_37_axi3_conv/system_axi_interconnect_1_imp_auto_pc_0_axi_protocol_converter_v2_1_37_a_axi3_conv__parameterized0/system_axi_interconnect_1_imp_auto_pc_0_axi_data_fifo_v2_1_36_axic_fifo__parameterized1/system_axi_interconnect_1_imp_auto_pc_0_axi_data_fifo_v2_1_36_fifo_gen__parameterized1/<hidden>/<hidden>/<hidden>/<hidden>/<hidden>/<hidden>
                            (recovery check against rising-edge clock host_clk_i  {rise@0.000ns fall@12.500ns period=25.000ns})
  Path Group:             **async_default**
  Path Type:              Recovery (Max at Slow Process Corner)
  Requirement:            25.000ns  (host_clk_i rise@25.000ns - host_clk_i rise@0.000ns)
  Data Path Delay:        3.041ns  (logic 0.718ns (23.614%)  route 2.323ns (76.386%))
  Logic Levels:           1  (LUT3=1)
  Clock Path Skew:        -0.010ns (DCD - SCD + CPR)
    Destination Clock Delay (DCD):    6.236ns = ( 31.236 - 25.000 ) 
    Source Clock Delay      (SCD):    6.763ns
    Clock Pessimism Removal (CPR):    0.516ns
  Clock Uncertainty:      0.082ns  ((TSJ^2 + DJ^2)^1/2) / 2 + PE
    Total System Jitter     (TSJ):    0.071ns
    Discrete Jitter          (DJ):    0.147ns
    Phase Error              (PE):    0.000ns

    Location             Delay type                Incr(ns)  Path(ns)    Netlist Resource(s)
  -------------------------------------------------------------------    -------------------
                         (clock host_clk_i rise edge)
                                                      0.000     0.000 r  
    H16                                               0.000     0.000 r  clk (IN)
                         net (fo=0)                   0.000     0.000    clk
    H16                  IBUF (Prop_ibuf_I_O)         1.451     1.451 r  ibufg_gclk/O
                         net (fo=1, routed)           1.285     2.736    gclk_i
    MMCME2_ADV_X1Y2      MMCME2_ADV (Prop_mmcme2_adv_CLKIN1_CLKOUT0)
                                                      0.088     2.824 r  MMCME2_BASE_inst/CLKOUT0
                         net (fo=1, routed)           2.206     5.030    host_clk_i
    BUFGCTRL_X0Y16       BUFG (Prop_bufg_I_O)         0.101     5.131 r  bufg_host_clk/O
                         net (fo=7403, routed)        1.632     6.763    rocketchip_wrapper/system/system_axi_interconnect_1_0/s00_couplers_imp_8CNLH6/system_axi_interconnect_1_imp_auto_pc_0/system_axi_interconnect_1_imp_auto_pc_0_axi_protocol_converter_v2_1_37_axi_protocol_converter/system_axi_interconnect_1_imp_auto_pc_0_axi_protocol_converter_v2_1_37_axi3_conv/system_axi_interconnect_1_imp_auto_pc_0_axi_protocol_converter_v2_1_37_a_axi3_conv__parameterized0/system_axi_interconnect_1_imp_auto_pc_0_axi_data_fifo_v2_1_36_axic_fifo__parameterized1/system_axi_interconnect_1_imp_auto_pc_0_axi_data_fifo_v2_1_36_fifo_gen__parameterized1/<hidden>/<hidden>/<hidden>/<hidden>/<hidden>/<hidden>
    SLICE_X33Y74         FDPE                                         r  rocketchip_wrapper/system/system_axi_interconnect_1_0/s00_couplers_imp_8CNLH6/system_axi_interconnect_1_imp_auto_pc_0/system_axi_interconnect_1_imp_auto_pc_0_axi_protocol_converter_v2_1_37_axi_protocol_converter/system_axi_interconnect_1_imp_auto_pc_0_axi_protocol_converter_v2_1_37_axi3_conv/system_axi_interconnect_1_imp_auto_pc_0_axi_protocol_converter_v2_1_37_a_axi3_conv__parameterized0/system_axi_interconnect_1_imp_auto_pc_0_axi_data_fifo_v2_1_36_axic_fifo__parameterized1/system_axi_interconnect_1_imp_auto_pc_0_axi_data_fifo_v2_1_36_fifo_gen__parameterized1/<hidden>/<hidden>/<hidden>/<hidden>/<hidden>/<hidden>
  -------------------------------------------------------------------    -------------------
    SLICE_X33Y74         FDPE (Prop_fdpe_C_Q)         0.419     7.182 f  rocketchip_wrapper/system/system_axi_interconnect_1_0/s00_couplers_imp_8CNLH6/system_axi_interconnect_1_imp_auto_pc_0/system_axi_interconnect_1_imp_auto_pc_0_axi_protocol_converter_v2_1_37_axi_protocol_converter/system_axi_interconnect_1_imp_auto_pc_0_axi_protocol_converter_v2_1_37_axi3_conv/system_axi_interconnect_1_imp_auto_pc_0_axi_protocol_converter_v2_1_37_a_axi3_conv__parameterized0/system_axi_interconnect_1_imp_auto_pc_0_axi_data_fifo_v2_1_36_axic_fifo__parameterized1/system_axi_interconnect_1_imp_auto_pc_0_axi_data_fifo_v2_1_36_fifo_gen__parameterized1/<hidden>/<hidden>/<hidden>/<hidden>/<hidden>/<hidden>
                         net (fo=2, routed)           0.931     8.112    rocketchip_wrapper/system/system_axi_interconnect_1_0/s00_couplers_imp_8CNLH6/system_axi_interconnect_1_imp_auto_pc_0/system_axi_interconnect_1_imp_auto_pc_0_axi_protocol_converter_v2_1_37_axi_protocol_converter/system_axi_interconnect_1_imp_auto_pc_0_axi_protocol_converter_v2_1_37_axi3_conv/system_axi_interconnect_1_imp_auto_pc_0_axi_protocol_converter_v2_1_37_a_axi3_conv__parameterized0/system_axi_interconnect_1_imp_auto_pc_0_axi_data_fifo_v2_1_36_axic_fifo__parameterized1/system_axi_interconnect_1_imp_auto_pc_0_axi_data_fifo_v2_1_36_fifo_gen__parameterized1/<hidden>/<hidden>/<hidden>/<hidden>/<hidden>
    SLICE_X32Y74         LUT3 (Prop_lut3_I2_O)        0.299     8.411 f  rocketchip_wrapper/system/system_axi_interconnect_1_0/s00_couplers_imp_8CNLH6/system_axi_interconnect_1_imp_auto_pc_0/system_axi_interconnect_1_imp_auto_pc_0_axi_protocol_converter_v2_1_37_axi_protocol_converter/system_axi_interconnect_1_imp_auto_pc_0_axi_protocol_converter_v2_1_37_axi3_conv/system_axi_interconnect_1_imp_auto_pc_0_axi_protocol_converter_v2_1_37_a_axi3_conv__parameterized0/system_axi_interconnect_1_imp_auto_pc_0_axi_data_fifo_v2_1_36_axic_fifo__parameterized1/system_axi_interconnect_1_imp_auto_pc_0_axi_data_fifo_v2_1_36_fifo_gen__parameterized1/<hidden>/<hidden>/<hidden>/<hidden>/<hidden>
                         net (fo=33, routed)          1.392     9.803    rocketchip_wrapper/system/system_axi_interconnect_1_0/s00_couplers_imp_8CNLH6/system_axi_interconnect_1_imp_auto_pc_0/system_axi_interconnect_1_imp_auto_pc_0_axi_protocol_converter_v2_1_37_axi_protocol_converter/system_axi_interconnect_1_imp_auto_pc_0_axi_protocol_converter_v2_1_37_axi3_conv/system_axi_interconnect_1_imp_auto_pc_0_axi_protocol_converter_v2_1_37_a_axi3_conv__parameterized0/system_axi_interconnect_1_imp_auto_pc_0_axi_data_fifo_v2_1_36_axic_fifo__parameterized1/system_axi_interconnect_1_imp_auto_pc_0_axi_data_fifo_v2_1_36_fifo_gen__parameterized1/<hidden>/<hidden>/<hidden>/<hidden>/<hidden>/<hidden>
    SLICE_X28Y74         FDPE                                         f  rocketchip_wrapper/system/system_axi_interconnect_1_0/s00_couplers_imp_8CNLH6/system_axi_interconnect_1_imp_auto_pc_0/system_axi_interconnect_1_imp_auto_pc_0_axi_protocol_converter_v2_1_37_axi_protocol_converter/system_axi_interconnect_1_imp_auto_pc_0_axi_protocol_converter_v2_1_37_axi3_conv/system_axi_interconnect_1_imp_auto_pc_0_axi_protocol_converter_v2_1_37_a_axi3_conv__parameterized0/system_axi_interconnect_1_imp_auto_pc_0_axi_data_fifo_v2_1_36_axic_fifo__parameterized1/system_axi_interconnect_1_imp_auto_pc_0_axi_data_fifo_v2_1_36_fifo_gen__parameterized1/<hidden>/<hidden>/<hidden>/<hidden>/<hidden>/<hidden>
  -------------------------------------------------------------------    -------------------

                         (clock host_clk_i rise edge)
                                                     25.000    25.000 r  
    H16                                               0.000    25.000 r  clk (IN)
                         net (fo=0)                   0.000    25.000    clk
    H16                  IBUF (Prop_ibuf_I_O)         1.380    26.380 r  ibufg_gclk/O
                         net (fo=1, routed)           1.162    27.542    gclk_i
    MMCME2_ADV_X1Y2      MMCME2_ADV (Prop_mmcme2_adv_CLKIN1_CLKOUT0)
                                                      0.083    27.625 r  MMCME2_BASE_inst/CLKOUT0
                         net (fo=1, routed)           2.012    29.637    host_clk_i
    BUFGCTRL_X0Y16       BUFG (Prop_bufg_I_O)         0.091    29.728 r  bufg_host_clk/O
                         net (fo=7403, routed)        1.508    31.236    rocketchip_wrapper/system/system_axi_interconnect_1_0/s00_couplers_imp_8CNLH6/system_axi_interconnect_1_imp_auto_pc_0/system_axi_interconnect_1_imp_auto_pc_0_axi_protocol_converter_v2_1_37_axi_protocol_converter/system_axi_interconnect_1_imp_auto_pc_0_axi_protocol_converter_v2_1_37_axi3_conv/system_axi_interconnect_1_imp_auto_pc_0_axi_protocol_converter_v2_1_37_a_axi3_conv__parameterized0/system_axi_interconnect_1_imp_auto_pc_0_axi_data_fifo_v2_1_36_axic_fifo__parameterized1/system_axi_interconnect_1_imp_auto_pc_0_axi_data_fifo_v2_1_36_fifo_gen__parameterized1/<hidden>/<hidden>/<hidden>/<hidden>/<hidden>/<hidden>
    SLICE_X28Y74         FDPE                                         r  rocketchip_wrapper/system/system_axi_interconnect_1_0/s00_couplers_imp_8CNLH6/system_axi_interconnect_1_imp_auto_pc_0/system_axi_interconnect_1_imp_auto_pc_0_axi_protocol_converter_v2_1_37_axi_protocol_converter/system_axi_interconnect_1_imp_auto_pc_0_axi_protocol_converter_v2_1_37_axi3_conv/system_axi_interconnect_1_imp_auto_pc_0_axi_protocol_converter_v2_1_37_a_axi3_conv__parameterized0/system_axi_interconnect_1_imp_auto_pc_0_axi_data_fifo_v2_1_36_axic_fifo__parameterized1/system_axi_interconnect_1_imp_auto_pc_0_axi_data_fifo_v2_1_36_fifo_gen__parameterized1/<hidden>/<hidden>/<hidden>/<hidden>/<hidden>/<hidden>
                         clock pessimism              0.516    31.753    
                         clock uncertainty           -0.082    31.671    
    SLICE_X28Y74         FDPE (Recov_fdpe_C_PRE)     -0.359    31.312    rocketchip_wrapper/system/system_axi_interconnect_1_0/s00_couplers_imp_8CNLH6/system_axi_interconnect_1_imp_auto_pc_0/system_axi_interconnect_1_imp_auto_pc_0_axi_protocol_converter_v2_1_37_axi_protocol_converter/system_axi_interconnect_1_imp_auto_pc_0_axi_protocol_converter_v2_1_37_axi3_conv/system_axi_interconnect_1_imp_auto_pc_0_axi_protocol_converter_v2_1_37_a_axi3_conv__parameterized0/system_axi_interconnect_1_imp_auto_pc_0_axi_data_fifo_v2_1_36_axic_fifo__parameterized1/system_axi_interconnect_1_imp_auto_pc_0_axi_data_fifo_v2_1_36_fifo_gen__parameterized1/<hidden>/<hidden>/<hidden>/<hidden>/<hidden>/<hidden>
  -------------------------------------------------------------------
                         required time                         31.312    
                         arrival time                          -9.803    
  -------------------------------------------------------------------
                         slack                                 21.509    

Slack (MET) :             21.513ns  (required time - arrival time)
  Source:                 rocketchip_wrapper/system/system_axi_interconnect_1_0/s00_couplers_imp_8CNLH6/system_axi_interconnect_1_imp_auto_pc_0/system_axi_interconnect_1_imp_auto_pc_0_axi_protocol_converter_v2_1_37_axi_protocol_converter/system_axi_interconnect_1_imp_auto_pc_0_axi_protocol_converter_v2_1_37_axi3_conv/system_axi_interconnect_1_imp_auto_pc_0_axi_protocol_converter_v2_1_37_a_axi3_conv__parameterized0/system_axi_interconnect_1_imp_auto_pc_0_axi_data_fifo_v2_1_36_axic_fifo__parameterized1/system_axi_interconnect_1_imp_auto_pc_0_axi_data_fifo_v2_1_36_fifo_gen__parameterized1/<hidden>/<hidden>/<hidden>/<hidden>/<hidden>/<hidden>
                            (rising edge-triggered cell FDPE clocked by host_clk_i  {rise@0.000ns fall@12.500ns period=25.000ns})
  Destination:            rocketchip_wrapper/system/system_axi_interconnect_1_0/s00_couplers_imp_8CNLH6/system_axi_interconnect_1_imp_auto_pc_0/system_axi_interconnect_1_imp_auto_pc_0_axi_protocol_converter_v2_1_37_axi_protocol_converter/system_axi_interconnect_1_imp_auto_pc_0_axi_protocol_converter_v2_1_37_axi3_conv/system_axi_interconnect_1_imp_auto_pc_0_axi_protocol_converter_v2_1_37_a_axi3_conv__parameterized0/system_axi_interconnect_1_imp_auto_pc_0_axi_data_fifo_v2_1_36_axic_fifo__parameterized1/system_axi_interconnect_1_imp_auto_pc_0_axi_data_fifo_v2_1_36_fifo_gen__parameterized1/<hidden>/<hidden>/<hidden>/<hidden>/<hidden>/<hidden>
                            (recovery check against rising-edge clock host_clk_i  {rise@0.000ns fall@12.500ns period=25.000ns})
  Path Group:             **async_default**
  Path Type:              Recovery (Max at Slow Process Corner)
  Requirement:            25.000ns  (host_clk_i rise@25.000ns - host_clk_i rise@0.000ns)
  Data Path Delay:        3.036ns  (logic 0.718ns (23.648%)  route 2.318ns (76.352%))
  Logic Levels:           1  (LUT3=1)
  Clock Path Skew:        -0.010ns (DCD - SCD + CPR)
    Destination Clock Delay (DCD):    6.236ns = ( 31.236 - 25.000 ) 
    Source Clock Delay      (SCD):    6.763ns
    Clock Pessimism Removal (CPR):    0.516ns
  Clock Uncertainty:      0.082ns  ((TSJ^2 + DJ^2)^1/2) / 2 + PE
    Total System Jitter     (TSJ):    0.071ns
    Discrete Jitter          (DJ):    0.147ns
    Phase Error              (PE):    0.000ns

    Location             Delay type                Incr(ns)  Path(ns)    Netlist Resource(s)
  -------------------------------------------------------------------    -------------------
                         (clock host_clk_i rise edge)
                                                      0.000     0.000 r  
    H16                                               0.000     0.000 r  clk (IN)
                         net (fo=0)                   0.000     0.000    clk
    H16                  IBUF (Prop_ibuf_I_O)         1.451     1.451 r  ibufg_gclk/O
                         net (fo=1, routed)           1.285     2.736    gclk_i
    MMCME2_ADV_X1Y2      MMCME2_ADV (Prop_mmcme2_adv_CLKIN1_CLKOUT0)
                                                      0.088     2.824 r  MMCME2_BASE_inst/CLKOUT0
                         net (fo=1, routed)           2.206     5.030    host_clk_i
    BUFGCTRL_X0Y16       BUFG (Prop_bufg_I_O)         0.101     5.131 r  bufg_host_clk/O
                         net (fo=7403, routed)        1.632     6.763    rocketchip_wrapper/system/system_axi_interconnect_1_0/s00_couplers_imp_8CNLH6/system_axi_interconnect_1_imp_auto_pc_0/system_axi_interconnect_1_imp_auto_pc_0_axi_protocol_converter_v2_1_37_axi_protocol_converter/system_axi_interconnect_1_imp_auto_pc_0_axi_protocol_converter_v2_1_37_axi3_conv/system_axi_interconnect_1_imp_auto_pc_0_axi_protocol_converter_v2_1_37_a_axi3_conv__parameterized0/system_axi_interconnect_1_imp_auto_pc_0_axi_data_fifo_v2_1_36_axic_fifo__parameterized1/system_axi_interconnect_1_imp_auto_pc_0_axi_data_fifo_v2_1_36_fifo_gen__parameterized1/<hidden>/<hidden>/<hidden>/<hidden>/<hidden>/<hidden>
    SLICE_X33Y74         FDPE                                         r  rocketchip_wrapper/system/system_axi_interconnect_1_0/s00_couplers_imp_8CNLH6/system_axi_interconnect_1_imp_auto_pc_0/system_axi_interconnect_1_imp_auto_pc_0_axi_protocol_converter_v2_1_37_axi_protocol_converter/system_axi_interconnect_1_imp_auto_pc_0_axi_protocol_converter_v2_1_37_axi3_conv/system_axi_interconnect_1_imp_auto_pc_0_axi_protocol_converter_v2_1_37_a_axi3_conv__parameterized0/system_axi_interconnect_1_imp_auto_pc_0_axi_data_fifo_v2_1_36_axic_fifo__parameterized1/system_axi_interconnect_1_imp_auto_pc_0_axi_data_fifo_v2_1_36_fifo_gen__parameterized1/<hidden>/<hidden>/<hidden>/<hidden>/<hidden>/<hidden>
  -------------------------------------------------------------------    -------------------
    SLICE_X33Y74         FDPE (Prop_fdpe_C_Q)         0.419     7.182 f  rocketchip_wrapper/system/system_axi_interconnect_1_0/s00_couplers_imp_8CNLH6/system_axi_interconnect_1_imp_auto_pc_0/system_axi_interconnect_1_imp_auto_pc_0_axi_protocol_converter_v2_1_37_axi_protocol_converter/system_axi_interconnect_1_imp_auto_pc_0_axi_protocol_converter_v2_1_37_axi3_conv/system_axi_interconnect_1_imp_auto_pc_0_axi_protocol_converter_v2_1_37_a_axi3_conv__parameterized0/system_axi_interconnect_1_imp_auto_pc_0_axi_data_fifo_v2_1_36_axic_fifo__parameterized1/system_axi_interconnect_1_imp_auto_pc_0_axi_data_fifo_v2_1_36_fifo_gen__parameterized1/<hidden>/<hidden>/<hidden>/<hidden>/<hidden>/<hidden>
                         net (fo=2, routed)           0.931     8.112    rocketchip_wrapper/system/system_axi_interconnect_1_0/s00_couplers_imp_8CNLH6/system_axi_interconnect_1_imp_auto_pc_0/system_axi_interconnect_1_imp_auto_pc_0_axi_protocol_converter_v2_1_37_axi_protocol_converter/system_axi_interconnect_1_imp_auto_pc_0_axi_protocol_converter_v2_1_37_axi3_conv/system_axi_interconnect_1_imp_auto_pc_0_axi_protocol_converter_v2_1_37_a_axi3_conv__parameterized0/system_axi_interconnect_1_imp_auto_pc_0_axi_data_fifo_v2_1_36_axic_fifo__parameterized1/system_axi_interconnect_1_imp_auto_pc_0_axi_data_fifo_v2_1_36_fifo_gen__parameterized1/<hidden>/<hidden>/<hidden>/<hidden>/<hidden>
    SLICE_X32Y74         LUT3 (Prop_lut3_I2_O)        0.299     8.411 f  rocketchip_wrapper/system/system_axi_interconnect_1_0/s00_couplers_imp_8CNLH6/system_axi_interconnect_1_imp_auto_pc_0/system_axi_interconnect_1_imp_auto_pc_0_axi_protocol_converter_v2_1_37_axi_protocol_converter/system_axi_interconnect_1_imp_auto_pc_0_axi_protocol_converter_v2_1_37_axi3_conv/system_axi_interconnect_1_imp_auto_pc_0_axi_protocol_converter_v2_1_37_a_axi3_conv__parameterized0/system_axi_interconnect_1_imp_auto_pc_0_axi_data_fifo_v2_1_36_axic_fifo__parameterized1/system_axi_interconnect_1_imp_auto_pc_0_axi_data_fifo_v2_1_36_fifo_gen__parameterized1/<hidden>/<hidden>/<hidden>/<hidden>/<hidden>
                         net (fo=33, routed)          1.387     9.799    rocketchip_wrapper/system/system_axi_interconnect_1_0/s00_couplers_imp_8CNLH6/system_axi_interconnect_1_imp_auto_pc_0/system_axi_interconnect_1_imp_auto_pc_0_axi_protocol_converter_v2_1_37_axi_protocol_converter/system_axi_interconnect_1_imp_auto_pc_0_axi_protocol_converter_v2_1_37_axi3_conv/system_axi_interconnect_1_imp_auto_pc_0_axi_protocol_converter_v2_1_37_a_axi3_conv__parameterized0/system_axi_interconnect_1_imp_auto_pc_0_axi_data_fifo_v2_1_36_axic_fifo__parameterized1/system_axi_interconnect_1_imp_auto_pc_0_axi_data_fifo_v2_1_36_fifo_gen__parameterized1/<hidden>/<hidden>/<hidden>/<hidden>/<hidden>/<hidden>
    SLICE_X29Y74         FDPE                                         f  rocketchip_wrapper/system/system_axi_interconnect_1_0/s00_couplers_imp_8CNLH6/system_axi_interconnect_1_imp_auto_pc_0/system_axi_interconnect_1_imp_auto_pc_0_axi_protocol_converter_v2_1_37_axi_protocol_converter/system_axi_interconnect_1_imp_auto_pc_0_axi_protocol_converter_v2_1_37_axi3_conv/system_axi_interconnect_1_imp_auto_pc_0_axi_protocol_converter_v2_1_37_a_axi3_conv__parameterized0/system_axi_interconnect_1_imp_auto_pc_0_axi_data_fifo_v2_1_36_axic_fifo__parameterized1/system_axi_interconnect_1_imp_auto_pc_0_axi_data_fifo_v2_1_36_fifo_gen__parameterized1/<hidden>/<hidden>/<hidden>/<hidden>/<hidden>/<hidden>
  -------------------------------------------------------------------    -------------------

                         (clock host_clk_i rise edge)
                                                     25.000    25.000 r  
    H16                                               0.000    25.000 r  clk (IN)
                         net (fo=0)                   0.000    25.000    clk
    H16                  IBUF (Prop_ibuf_I_O)         1.380    26.380 r  ibufg_gclk/O
                         net (fo=1, routed)           1.162    27.542    gclk_i
    MMCME2_ADV_X1Y2      MMCME2_ADV (Prop_mmcme2_adv_CLKIN1_CLKOUT0)
                                                      0.083    27.625 r  MMCME2_BASE_inst/CLKOUT0
                         net (fo=1, routed)           2.012    29.637    host_clk_i
    BUFGCTRL_X0Y16       BUFG (Prop_bufg_I_O)         0.091    29.728 r  bufg_host_clk/O
                         net (fo=7403, routed)        1.508    31.236    rocketchip_wrapper/system/system_axi_interconnect_1_0/s00_couplers_imp_8CNLH6/system_axi_interconnect_1_imp_auto_pc_0/system_axi_interconnect_1_imp_auto_pc_0_axi_protocol_converter_v2_1_37_axi_protocol_converter/system_axi_interconnect_1_imp_auto_pc_0_axi_protocol_converter_v2_1_37_axi3_conv/system_axi_interconnect_1_imp_auto_pc_0_axi_protocol_converter_v2_1_37_a_axi3_conv__parameterized0/system_axi_interconnect_1_imp_auto_pc_0_axi_data_fifo_v2_1_36_axic_fifo__parameterized1/system_axi_interconnect_1_imp_auto_pc_0_axi_data_fifo_v2_1_36_fifo_gen__parameterized1/<hidden>/<hidden>/<hidden>/<hidden>/<hidden>/<hidden>
    SLICE_X29Y74         FDPE                                         r  rocketchip_wrapper/system/system_axi_interconnect_1_0/s00_couplers_imp_8CNLH6/system_axi_interconnect_1_imp_auto_pc_0/system_axi_interconnect_1_imp_auto_pc_0_axi_protocol_converter_v2_1_37_axi_protocol_converter/system_axi_interconnect_1_imp_auto_pc_0_axi_protocol_converter_v2_1_37_axi3_conv/system_axi_interconnect_1_imp_auto_pc_0_axi_protocol_converter_v2_1_37_a_axi3_conv__parameterized0/system_axi_interconnect_1_imp_auto_pc_0_axi_data_fifo_v2_1_36_axic_fifo__parameterized1/system_axi_interconnect_1_imp_auto_pc_0_axi_data_fifo_v2_1_36_fifo_gen__parameterized1/<hidden>/<hidden>/<hidden>/<hidden>/<hidden>/<hidden>
                         clock pessimism              0.516    31.753    
                         clock uncertainty           -0.082    31.671    
    SLICE_X29Y74         FDPE (Recov_fdpe_C_PRE)     -0.359    31.312    rocketchip_wrapper/system/system_axi_interconnect_1_0/s00_couplers_imp_8CNLH6/system_axi_interconnect_1_imp_auto_pc_0/system_axi_interconnect_1_imp_auto_pc_0_axi_protocol_converter_v2_1_37_axi_protocol_converter/system_axi_interconnect_1_imp_auto_pc_0_axi_protocol_converter_v2_1_37_axi3_conv/system_axi_interconnect_1_imp_auto_pc_0_axi_protocol_converter_v2_1_37_a_axi3_conv__parameterized0/system_axi_interconnect_1_imp_auto_pc_0_axi_data_fifo_v2_1_36_axic_fifo__parameterized1/system_axi_interconnect_1_imp_auto_pc_0_axi_data_fifo_v2_1_36_fifo_gen__parameterized1/<hidden>/<hidden>/<hidden>/<hidden>/<hidden>/<hidden>
  -------------------------------------------------------------------
                         required time                         31.312    
                         arrival time                          -9.799    
  -------------------------------------------------------------------
                         slack                                 21.513    

Slack (MET) :             21.568ns  (required time - arrival time)
  Source:                 rocketchip_wrapper/system/system_axi_interconnect_1_0/s00_couplers_imp_8CNLH6/system_axi_interconnect_1_imp_auto_pc_0/system_axi_interconnect_1_imp_auto_pc_0_axi_protocol_converter_v2_1_37_axi_protocol_converter/system_axi_interconnect_1_imp_auto_pc_0_axi_protocol_converter_v2_1_37_axi3_conv/system_axi_interconnect_1_imp_auto_pc_0_axi_protocol_converter_v2_1_37_a_axi3_conv__parameterized0/system_axi_interconnect_1_imp_auto_pc_0_axi_data_fifo_v2_1_36_axic_fifo__parameterized1/system_axi_interconnect_1_imp_auto_pc_0_axi_data_fifo_v2_1_36_fifo_gen__parameterized1/<hidden>/<hidden>/<hidden>/<hidden>/<hidden>/<hidden>
                            (rising edge-triggered cell FDPE clocked by host_clk_i  {rise@0.000ns fall@12.500ns period=25.000ns})
  Destination:            rocketchip_wrapper/system/system_axi_interconnect_1_0/s00_couplers_imp_8CNLH6/system_axi_interconnect_1_imp_auto_pc_0/system_axi_interconnect_1_imp_auto_pc_0_axi_protocol_converter_v2_1_37_axi_protocol_converter/system_axi_interconnect_1_imp_auto_pc_0_axi_protocol_converter_v2_1_37_axi3_conv/system_axi_interconnect_1_imp_auto_pc_0_axi_protocol_converter_v2_1_37_a_axi3_conv__parameterized0/system_axi_interconnect_1_imp_auto_pc_0_axi_data_fifo_v2_1_36_axic_fifo__parameterized1/system_axi_interconnect_1_imp_auto_pc_0_axi_data_fifo_v2_1_36_fifo_gen__parameterized1/<hidden>/<hidden>/<hidden>/<hidden>/<hidden>/<hidden>
                            (recovery check against rising-edge clock host_clk_i  {rise@0.000ns fall@12.500ns period=25.000ns})
  Path Group:             **async_default**
  Path Type:              Recovery (Max at Slow Process Corner)
  Requirement:            25.000ns  (host_clk_i rise@25.000ns - host_clk_i rise@0.000ns)
  Data Path Delay:        2.941ns  (logic 0.718ns (24.412%)  route 2.223ns (75.588%))
  Logic Levels:           1  (LUT3=1)
  Clock Path Skew:        -0.004ns (DCD - SCD + CPR)
    Destination Clock Delay (DCD):    6.242ns = ( 31.242 - 25.000 ) 
    Source Clock Delay      (SCD):    6.763ns
    Clock Pessimism Removal (CPR):    0.516ns
  Clock Uncertainty:      0.082ns  ((TSJ^2 + DJ^2)^1/2) / 2 + PE
    Total System Jitter     (TSJ):    0.071ns
    Discrete Jitter          (DJ):    0.147ns
    Phase Error              (PE):    0.000ns

    Location             Delay type                Incr(ns)  Path(ns)    Netlist Resource(s)
  -------------------------------------------------------------------    -------------------
                         (clock host_clk_i rise edge)
                                                      0.000     0.000 r  
    H16                                               0.000     0.000 r  clk (IN)
                         net (fo=0)                   0.000     0.000    clk
    H16                  IBUF (Prop_ibuf_I_O)         1.451     1.451 r  ibufg_gclk/O
                         net (fo=1, routed)           1.285     2.736    gclk_i
    MMCME2_ADV_X1Y2      MMCME2_ADV (Prop_mmcme2_adv_CLKIN1_CLKOUT0)
                                                      0.088     2.824 r  MMCME2_BASE_inst/CLKOUT0
                         net (fo=1, routed)           2.206     5.030    host_clk_i
    BUFGCTRL_X0Y16       BUFG (Prop_bufg_I_O)         0.101     5.131 r  bufg_host_clk/O
                         net (fo=7403, routed)        1.632     6.763    rocketchip_wrapper/system/system_axi_interconnect_1_0/s00_couplers_imp_8CNLH6/system_axi_interconnect_1_imp_auto_pc_0/system_axi_interconnect_1_imp_auto_pc_0_axi_protocol_converter_v2_1_37_axi_protocol_converter/system_axi_interconnect_1_imp_auto_pc_0_axi_protocol_converter_v2_1_37_axi3_conv/system_axi_interconnect_1_imp_auto_pc_0_axi_protocol_converter_v2_1_37_a_axi3_conv__parameterized0/system_axi_interconnect_1_imp_auto_pc_0_axi_data_fifo_v2_1_36_axic_fifo__parameterized1/system_axi_interconnect_1_imp_auto_pc_0_axi_data_fifo_v2_1_36_fifo_gen__parameterized1/<hidden>/<hidden>/<hidden>/<hidden>/<hidden>/<hidden>
    SLICE_X33Y74         FDPE                                         r  rocketchip_wrapper/system/system_axi_interconnect_1_0/s00_couplers_imp_8CNLH6/system_axi_interconnect_1_imp_auto_pc_0/system_axi_interconnect_1_imp_auto_pc_0_axi_protocol_converter_v2_1_37_axi_protocol_converter/system_axi_interconnect_1_imp_auto_pc_0_axi_protocol_converter_v2_1_37_axi3_conv/system_axi_interconnect_1_imp_auto_pc_0_axi_protocol_converter_v2_1_37_a_axi3_conv__parameterized0/system_axi_interconnect_1_imp_auto_pc_0_axi_data_fifo_v2_1_36_axic_fifo__parameterized1/system_axi_interconnect_1_imp_auto_pc_0_axi_data_fifo_v2_1_36_fifo_gen__parameterized1/<hidden>/<hidden>/<hidden>/<hidden>/<hidden>/<hidden>
  -------------------------------------------------------------------    -------------------
    SLICE_X33Y74         FDPE (Prop_fdpe_C_Q)         0.419     7.182 f  rocketchip_wrapper/system/system_axi_interconnect_1_0/s00_couplers_imp_8CNLH6/system_axi_interconnect_1_imp_auto_pc_0/system_axi_interconnect_1_imp_auto_pc_0_axi_protocol_converter_v2_1_37_axi_protocol_converter/system_axi_interconnect_1_imp_auto_pc_0_axi_protocol_converter_v2_1_37_axi3_conv/system_axi_interconnect_1_imp_auto_pc_0_axi_protocol_converter_v2_1_37_a_axi3_conv__parameterized0/system_axi_interconnect_1_imp_auto_pc_0_axi_data_fifo_v2_1_36_axic_fifo__parameterized1/system_axi_interconnect_1_imp_auto_pc_0_axi_data_fifo_v2_1_36_fifo_gen__parameterized1/<hidden>/<hidden>/<hidden>/<hidden>/<hidden>/<hidden>
                         net (fo=2, routed)           0.931     8.112    rocketchip_wrapper/system/system_axi_interconnect_1_0/s00_couplers_imp_8CNLH6/system_axi_interconnect_1_imp_auto_pc_0/system_axi_interconnect_1_imp_auto_pc_0_axi_protocol_converter_v2_1_37_axi_protocol_converter/system_axi_interconnect_1_imp_auto_pc_0_axi_protocol_converter_v2_1_37_axi3_conv/system_axi_interconnect_1_imp_auto_pc_0_axi_protocol_converter_v2_1_37_a_axi3_conv__parameterized0/system_axi_interconnect_1_imp_auto_pc_0_axi_data_fifo_v2_1_36_axic_fifo__parameterized1/system_axi_interconnect_1_imp_auto_pc_0_axi_data_fifo_v2_1_36_fifo_gen__parameterized1/<hidden>/<hidden>/<hidden>/<hidden>/<hidden>
    SLICE_X32Y74         LUT3 (Prop_lut3_I2_O)        0.299     8.411 f  rocketchip_wrapper/system/system_axi_interconnect_1_0/s00_couplers_imp_8CNLH6/system_axi_interconnect_1_imp_auto_pc_0/system_axi_interconnect_1_imp_auto_pc_0_axi_protocol_converter_v2_1_37_axi_protocol_converter/system_axi_interconnect_1_imp_auto_pc_0_axi_protocol_converter_v2_1_37_axi3_conv/system_axi_interconnect_1_imp_auto_pc_0_axi_protocol_converter_v2_1_37_a_axi3_conv__parameterized0/system_axi_interconnect_1_imp_auto_pc_0_axi_data_fifo_v2_1_36_axic_fifo__parameterized1/system_axi_interconnect_1_imp_auto_pc_0_axi_data_fifo_v2_1_36_fifo_gen__parameterized1/<hidden>/<hidden>/<hidden>/<hidden>/<hidden>
                         net (fo=33, routed)          1.292     9.704    rocketchip_wrapper/system/system_axi_interconnect_1_0/s00_couplers_imp_8CNLH6/system_axi_interconnect_1_imp_auto_pc_0/system_axi_interconnect_1_imp_auto_pc_0_axi_protocol_converter_v2_1_37_axi_protocol_converter/system_axi_interconnect_1_imp_auto_pc_0_axi_protocol_converter_v2_1_37_axi3_conv/system_axi_interconnect_1_imp_auto_pc_0_axi_protocol_converter_v2_1_37_a_axi3_conv__parameterized0/system_axi_interconnect_1_imp_auto_pc_0_axi_data_fifo_v2_1_36_axic_fifo__parameterized1/system_axi_interconnect_1_imp_auto_pc_0_axi_data_fifo_v2_1_36_fifo_gen__parameterized1/<hidden>/<hidden>/<hidden>/<hidden>/<hidden>/<hidden>
    SLICE_X29Y69         FDCE                                         f  rocketchip_wrapper/system/system_axi_interconnect_1_0/s00_couplers_imp_8CNLH6/system_axi_interconnect_1_imp_auto_pc_0/system_axi_interconnect_1_imp_auto_pc_0_axi_protocol_converter_v2_1_37_axi_protocol_converter/system_axi_interconnect_1_imp_auto_pc_0_axi_protocol_converter_v2_1_37_axi3_conv/system_axi_interconnect_1_imp_auto_pc_0_axi_protocol_converter_v2_1_37_a_axi3_conv__parameterized0/system_axi_interconnect_1_imp_auto_pc_0_axi_data_fifo_v2_1_36_axic_fifo__parameterized1/system_axi_interconnect_1_imp_auto_pc_0_axi_data_fifo_v2_1_36_fifo_gen__parameterized1/<hidden>/<hidden>/<hidden>/<hidden>/<hidden>/<hidden>
  -------------------------------------------------------------------    -------------------

                         (clock host_clk_i rise edge)
                                                     25.000    25.000 r  
    H16                                               0.000    25.000 r  clk (IN)
                         net (fo=0)                   0.000    25.000    clk
    H16                  IBUF (Prop_ibuf_I_O)         1.380    26.380 r  ibufg_gclk/O
                         net (fo=1, routed)           1.162    27.542    gclk_i
    MMCME2_ADV_X1Y2      MMCME2_ADV (Prop_mmcme2_adv_CLKIN1_CLKOUT0)
                                                      0.083    27.625 r  MMCME2_BASE_inst/CLKOUT0
                         net (fo=1, routed)           2.012    29.637    host_clk_i
    BUFGCTRL_X0Y16       BUFG (Prop_bufg_I_O)         0.091    29.728 r  bufg_host_clk/O
                         net (fo=7403, routed)        1.514    31.242    rocketchip_wrapper/system/system_axi_interconnect_1_0/s00_couplers_imp_8CNLH6/system_axi_interconnect_1_imp_auto_pc_0/system_axi_interconnect_1_imp_auto_pc_0_axi_protocol_converter_v2_1_37_axi_protocol_converter/system_axi_interconnect_1_imp_auto_pc_0_axi_protocol_converter_v2_1_37_axi3_conv/system_axi_interconnect_1_imp_auto_pc_0_axi_protocol_converter_v2_1_37_a_axi3_conv__parameterized0/system_axi_interconnect_1_imp_auto_pc_0_axi_data_fifo_v2_1_36_axic_fifo__parameterized1/system_axi_interconnect_1_imp_auto_pc_0_axi_data_fifo_v2_1_36_fifo_gen__parameterized1/<hidden>/<hidden>/<hidden>/<hidden>/<hidden>/<hidden>
    SLICE_X29Y69         FDCE                                         r  rocketchip_wrapper/system/system_axi_interconnect_1_0/s00_couplers_imp_8CNLH6/system_axi_interconnect_1_imp_auto_pc_0/system_axi_interconnect_1_imp_auto_pc_0_axi_protocol_converter_v2_1_37_axi_protocol_converter/system_axi_interconnect_1_imp_auto_pc_0_axi_protocol_converter_v2_1_37_axi3_conv/system_axi_interconnect_1_imp_auto_pc_0_axi_protocol_converter_v2_1_37_a_axi3_conv__parameterized0/system_axi_interconnect_1_imp_auto_pc_0_axi_data_fifo_v2_1_36_axic_fifo__parameterized1/system_axi_interconnect_1_imp_auto_pc_0_axi_data_fifo_v2_1_36_fifo_gen__parameterized1/<hidden>/<hidden>/<hidden>/<hidden>/<hidden>/<hidden>
                         clock pessimism              0.516    31.759    
                         clock uncertainty           -0.082    31.677    
    SLICE_X29Y69         FDCE (Recov_fdce_C_CLR)     -0.405    31.272    rocketchip_wrapper/system/system_axi_interconnect_1_0/s00_couplers_imp_8CNLH6/system_axi_interconnect_1_imp_auto_pc_0/system_axi_interconnect_1_imp_auto_pc_0_axi_protocol_converter_v2_1_37_axi_protocol_converter/system_axi_interconnect_1_imp_auto_pc_0_axi_protocol_converter_v2_1_37_axi3_conv/system_axi_interconnect_1_imp_auto_pc_0_axi_protocol_converter_v2_1_37_a_axi3_conv__parameterized0/system_axi_interconnect_1_imp_auto_pc_0_axi_data_fifo_v2_1_36_axic_fifo__parameterized1/system_axi_interconnect_1_imp_auto_pc_0_axi_data_fifo_v2_1_36_fifo_gen__parameterized1/<hidden>/<hidden>/<hidden>/<hidden>/<hidden>/<hidden>
  -------------------------------------------------------------------
                         required time                         31.272    
                         arrival time                          -9.704    
  -------------------------------------------------------------------
                         slack                                 21.568    

Slack (MET) :             21.568ns  (required time - arrival time)
  Source:                 rocketchip_wrapper/system/system_axi_interconnect_1_0/s00_couplers_imp_8CNLH6/system_axi_interconnect_1_imp_auto_pc_0/system_axi_interconnect_1_imp_auto_pc_0_axi_protocol_converter_v2_1_37_axi_protocol_converter/system_axi_interconnect_1_imp_auto_pc_0_axi_protocol_converter_v2_1_37_axi3_conv/system_axi_interconnect_1_imp_auto_pc_0_axi_protocol_converter_v2_1_37_a_axi3_conv__parameterized0/system_axi_interconnect_1_imp_auto_pc_0_axi_data_fifo_v2_1_36_axic_fifo__parameterized1/system_axi_interconnect_1_imp_auto_pc_0_axi_data_fifo_v2_1_36_fifo_gen__parameterized1/<hidden>/<hidden>/<hidden>/<hidden>/<hidden>/<hidden>
                            (rising edge-triggered cell FDPE clocked by host_clk_i  {rise@0.000ns fall@12.500ns period=25.000ns})
  Destination:            rocketchip_wrapper/system/system_axi_interconnect_1_0/s00_couplers_imp_8CNLH6/system_axi_interconnect_1_imp_auto_pc_0/system_axi_interconnect_1_imp_auto_pc_0_axi_protocol_converter_v2_1_37_axi_protocol_converter/system_axi_interconnect_1_imp_auto_pc_0_axi_protocol_converter_v2_1_37_axi3_conv/system_axi_interconnect_1_imp_auto_pc_0_axi_protocol_converter_v2_1_37_a_axi3_conv__parameterized0/system_axi_interconnect_1_imp_auto_pc_0_axi_data_fifo_v2_1_36_axic_fifo__parameterized1/system_axi_interconnect_1_imp_auto_pc_0_axi_data_fifo_v2_1_36_fifo_gen__parameterized1/<hidden>/<hidden>/<hidden>/<hidden>/<hidden>/<hidden>
                            (recovery check against rising-edge clock host_clk_i  {rise@0.000ns fall@12.500ns period=25.000ns})
  Path Group:             **async_default**
  Path Type:              Recovery (Max at Slow Process Corner)
  Requirement:            25.000ns  (host_clk_i rise@25.000ns - host_clk_i rise@0.000ns)
  Data Path Delay:        2.941ns  (logic 0.718ns (24.412%)  route 2.223ns (75.588%))
  Logic Levels:           1  (LUT3=1)
  Clock Path Skew:        -0.004ns (DCD - SCD + CPR)
    Destination Clock Delay (DCD):    6.242ns = ( 31.242 - 25.000 ) 
    Source Clock Delay      (SCD):    6.763ns
    Clock Pessimism Removal (CPR):    0.516ns
  Clock Uncertainty:      0.082ns  ((TSJ^2 + DJ^2)^1/2) / 2 + PE
    Total System Jitter     (TSJ):    0.071ns
    Discrete Jitter          (DJ):    0.147ns
    Phase Error              (PE):    0.000ns

    Location             Delay type                Incr(ns)  Path(ns)    Netlist Resource(s)
  -------------------------------------------------------------------    -------------------
                         (clock host_clk_i rise edge)
                                                      0.000     0.000 r  
    H16                                               0.000     0.000 r  clk (IN)
                         net (fo=0)                   0.000     0.000    clk
    H16                  IBUF (Prop_ibuf_I_O)         1.451     1.451 r  ibufg_gclk/O
                         net (fo=1, routed)           1.285     2.736    gclk_i
    MMCME2_ADV_X1Y2      MMCME2_ADV (Prop_mmcme2_adv_CLKIN1_CLKOUT0)
                                                      0.088     2.824 r  MMCME2_BASE_inst/CLKOUT0
                         net (fo=1, routed)           2.206     5.030    host_clk_i
    BUFGCTRL_X0Y16       BUFG (Prop_bufg_I_O)         0.101     5.131 r  bufg_host_clk/O
                         net (fo=7403, routed)        1.632     6.763    rocketchip_wrapper/system/system_axi_interconnect_1_0/s00_couplers_imp_8CNLH6/system_axi_interconnect_1_imp_auto_pc_0/system_axi_interconnect_1_imp_auto_pc_0_axi_protocol_converter_v2_1_37_axi_protocol_converter/system_axi_interconnect_1_imp_auto_pc_0_axi_protocol_converter_v2_1_37_axi3_conv/system_axi_interconnect_1_imp_auto_pc_0_axi_protocol_converter_v2_1_37_a_axi3_conv__parameterized0/system_axi_interconnect_1_imp_auto_pc_0_axi_data_fifo_v2_1_36_axic_fifo__parameterized1/system_axi_interconnect_1_imp_auto_pc_0_axi_data_fifo_v2_1_36_fifo_gen__parameterized1/<hidden>/<hidden>/<hidden>/<hidden>/<hidden>/<hidden>
    SLICE_X33Y74         FDPE                                         r  rocketchip_wrapper/system/system_axi_interconnect_1_0/s00_couplers_imp_8CNLH6/system_axi_interconnect_1_imp_auto_pc_0/system_axi_interconnect_1_imp_auto_pc_0_axi_protocol_converter_v2_1_37_axi_protocol_converter/system_axi_interconnect_1_imp_auto_pc_0_axi_protocol_converter_v2_1_37_axi3_conv/system_axi_interconnect_1_imp_auto_pc_0_axi_protocol_converter_v2_1_37_a_axi3_conv__parameterized0/system_axi_interconnect_1_imp_auto_pc_0_axi_data_fifo_v2_1_36_axic_fifo__parameterized1/system_axi_interconnect_1_imp_auto_pc_0_axi_data_fifo_v2_1_36_fifo_gen__parameterized1/<hidden>/<hidden>/<hidden>/<hidden>/<hidden>/<hidden>
  -------------------------------------------------------------------    -------------------
    SLICE_X33Y74         FDPE (Prop_fdpe_C_Q)         0.419     7.182 f  rocketchip_wrapper/system/system_axi_interconnect_1_0/s00_couplers_imp_8CNLH6/system_axi_interconnect_1_imp_auto_pc_0/system_axi_interconnect_1_imp_auto_pc_0_axi_protocol_converter_v2_1_37_axi_protocol_converter/system_axi_interconnect_1_imp_auto_pc_0_axi_protocol_converter_v2_1_37_axi3_conv/system_axi_interconnect_1_imp_auto_pc_0_axi_protocol_converter_v2_1_37_a_axi3_conv__parameterized0/system_axi_interconnect_1_imp_auto_pc_0_axi_data_fifo_v2_1_36_axic_fifo__parameterized1/system_axi_interconnect_1_imp_auto_pc_0_axi_data_fifo_v2_1_36_fifo_gen__parameterized1/<hidden>/<hidden>/<hidden>/<hidden>/<hidden>/<hidden>
                         net (fo=2, routed)           0.931     8.112    rocketchip_wrapper/system/system_axi_interconnect_1_0/s00_couplers_imp_8CNLH6/system_axi_interconnect_1_imp_auto_pc_0/system_axi_interconnect_1_imp_auto_pc_0_axi_protocol_converter_v2_1_37_axi_protocol_converter/system_axi_interconnect_1_imp_auto_pc_0_axi_protocol_converter_v2_1_37_axi3_conv/system_axi_interconnect_1_imp_auto_pc_0_axi_protocol_converter_v2_1_37_a_axi3_conv__parameterized0/system_axi_interconnect_1_imp_auto_pc_0_axi_data_fifo_v2_1_36_axic_fifo__parameterized1/system_axi_interconnect_1_imp_auto_pc_0_axi_data_fifo_v2_1_36_fifo_gen__parameterized1/<hidden>/<hidden>/<hidden>/<hidden>/<hidden>
    SLICE_X32Y74         LUT3 (Prop_lut3_I2_O)        0.299     8.411 f  rocketchip_wrapper/system/system_axi_interconnect_1_0/s00_couplers_imp_8CNLH6/system_axi_interconnect_1_imp_auto_pc_0/system_axi_interconnect_1_imp_auto_pc_0_axi_protocol_converter_v2_1_37_axi_protocol_converter/system_axi_interconnect_1_imp_auto_pc_0_axi_protocol_converter_v2_1_37_axi3_conv/system_axi_interconnect_1_imp_auto_pc_0_axi_protocol_converter_v2_1_37_a_axi3_conv__parameterized0/system_axi_interconnect_1_imp_auto_pc_0_axi_data_fifo_v2_1_36_axic_fifo__parameterized1/system_axi_interconnect_1_imp_auto_pc_0_axi_data_fifo_v2_1_36_fifo_gen__parameterized1/<hidden>/<hidden>/<hidden>/<hidden>/<hidden>
                         net (fo=33, routed)          1.292     9.704    rocketchip_wrapper/system/system_axi_interconnect_1_0/s00_couplers_imp_8CNLH6/system_axi_interconnect_1_imp_auto_pc_0/system_axi_interconnect_1_imp_auto_pc_0_axi_protocol_converter_v2_1_37_axi_protocol_converter/system_axi_interconnect_1_imp_auto_pc_0_axi_protocol_converter_v2_1_37_axi3_conv/system_axi_interconnect_1_imp_auto_pc_0_axi_protocol_converter_v2_1_37_a_axi3_conv__parameterized0/system_axi_interconnect_1_imp_auto_pc_0_axi_data_fifo_v2_1_36_axic_fifo__parameterized1/system_axi_interconnect_1_imp_auto_pc_0_axi_data_fifo_v2_1_36_fifo_gen__parameterized1/<hidden>/<hidden>/<hidden>/<hidden>/<hidden>/<hidden>
    SLICE_X29Y69         FDCE                                         f  rocketchip_wrapper/system/system_axi_interconnect_1_0/s00_couplers_imp_8CNLH6/system_axi_interconnect_1_imp_auto_pc_0/system_axi_interconnect_1_imp_auto_pc_0_axi_protocol_converter_v2_1_37_axi_protocol_converter/system_axi_interconnect_1_imp_auto_pc_0_axi_protocol_converter_v2_1_37_axi3_conv/system_axi_interconnect_1_imp_auto_pc_0_axi_protocol_converter_v2_1_37_a_axi3_conv__parameterized0/system_axi_interconnect_1_imp_auto_pc_0_axi_data_fifo_v2_1_36_axic_fifo__parameterized1/system_axi_interconnect_1_imp_auto_pc_0_axi_data_fifo_v2_1_36_fifo_gen__parameterized1/<hidden>/<hidden>/<hidden>/<hidden>/<hidden>/<hidden>
  -------------------------------------------------------------------    -------------------

                         (clock host_clk_i rise edge)
                                                     25.000    25.000 r  
    H16                                               0.000    25.000 r  clk (IN)
                         net (fo=0)                   0.000    25.000    clk
    H16                  IBUF (Prop_ibuf_I_O)         1.380    26.380 r  ibufg_gclk/O
                         net (fo=1, routed)           1.162    27.542    gclk_i
    MMCME2_ADV_X1Y2      MMCME2_ADV (Prop_mmcme2_adv_CLKIN1_CLKOUT0)
                                                      0.083    27.625 r  MMCME2_BASE_inst/CLKOUT0
                         net (fo=1, routed)           2.012    29.637    host_clk_i
    BUFGCTRL_X0Y16       BUFG (Prop_bufg_I_O)         0.091    29.728 r  bufg_host_clk/O
                         net (fo=7403, routed)        1.514    31.242    rocketchip_wrapper/system/system_axi_interconnect_1_0/s00_couplers_imp_8CNLH6/system_axi_interconnect_1_imp_auto_pc_0/system_axi_interconnect_1_imp_auto_pc_0_axi_protocol_converter_v2_1_37_axi_protocol_converter/system_axi_interconnect_1_imp_auto_pc_0_axi_protocol_converter_v2_1_37_axi3_conv/system_axi_interconnect_1_imp_auto_pc_0_axi_protocol_converter_v2_1_37_a_axi3_conv__parameterized0/system_axi_interconnect_1_imp_auto_pc_0_axi_data_fifo_v2_1_36_axic_fifo__parameterized1/system_axi_interconnect_1_imp_auto_pc_0_axi_data_fifo_v2_1_36_fifo_gen__parameterized1/<hidden>/<hidden>/<hidden>/<hidden>/<hidden>/<hidden>
    SLICE_X29Y69         FDCE                                         r  rocketchip_wrapper/system/system_axi_interconnect_1_0/s00_couplers_imp_8CNLH6/system_axi_interconnect_1_imp_auto_pc_0/system_axi_interconnect_1_imp_auto_pc_0_axi_protocol_converter_v2_1_37_axi_protocol_converter/system_axi_interconnect_1_imp_auto_pc_0_axi_protocol_converter_v2_1_37_axi3_conv/system_axi_interconnect_1_imp_auto_pc_0_axi_protocol_converter_v2_1_37_a_axi3_conv__parameterized0/system_axi_interconnect_1_imp_auto_pc_0_axi_data_fifo_v2_1_36_axic_fifo__parameterized1/system_axi_interconnect_1_imp_auto_pc_0_axi_data_fifo_v2_1_36_fifo_gen__parameterized1/<hidden>/<hidden>/<hidden>/<hidden>/<hidden>/<hidden>
                         clock pessimism              0.516    31.759    
                         clock uncertainty           -0.082    31.677    
    SLICE_X29Y69         FDCE (Recov_fdce_C_CLR)     -0.405    31.272    rocketchip_wrapper/system/system_axi_interconnect_1_0/s00_couplers_imp_8CNLH6/system_axi_interconnect_1_imp_auto_pc_0/system_axi_interconnect_1_imp_auto_pc_0_axi_protocol_converter_v2_1_37_axi_protocol_converter/system_axi_interconnect_1_imp_auto_pc_0_axi_protocol_converter_v2_1_37_axi3_conv/system_axi_interconnect_1_imp_auto_pc_0_axi_protocol_converter_v2_1_37_a_axi3_conv__parameterized0/system_axi_interconnect_1_imp_auto_pc_0_axi_data_fifo_v2_1_36_axic_fifo__parameterized1/system_axi_interconnect_1_imp_auto_pc_0_axi_data_fifo_v2_1_36_fifo_gen__parameterized1/<hidden>/<hidden>/<hidden>/<hidden>/<hidden>/<hidden>
  -------------------------------------------------------------------
                         required time                         31.272    
                         arrival time                          -9.704    
  -------------------------------------------------------------------
                         slack                                 21.568    

Slack (MET) :             21.568ns  (required time - arrival time)
  Source:                 rocketchip_wrapper/system/system_axi_interconnect_1_0/s00_couplers_imp_8CNLH6/system_axi_interconnect_1_imp_auto_pc_0/system_axi_interconnect_1_imp_auto_pc_0_axi_protocol_converter_v2_1_37_axi_protocol_converter/system_axi_interconnect_1_imp_auto_pc_0_axi_protocol_converter_v2_1_37_axi3_conv/system_axi_interconnect_1_imp_auto_pc_0_axi_protocol_converter_v2_1_37_a_axi3_conv__parameterized0/system_axi_interconnect_1_imp_auto_pc_0_axi_data_fifo_v2_1_36_axic_fifo__parameterized1/system_axi_interconnect_1_imp_auto_pc_0_axi_data_fifo_v2_1_36_fifo_gen__parameterized1/<hidden>/<hidden>/<hidden>/<hidden>/<hidden>/<hidden>
                            (rising edge-triggered cell FDPE clocked by host_clk_i  {rise@0.000ns fall@12.500ns period=25.000ns})
  Destination:            rocketchip_wrapper/system/system_axi_interconnect_1_0/s00_couplers_imp_8CNLH6/system_axi_interconnect_1_imp_auto_pc_0/system_axi_interconnect_1_imp_auto_pc_0_axi_protocol_converter_v2_1_37_axi_protocol_converter/system_axi_interconnect_1_imp_auto_pc_0_axi_protocol_converter_v2_1_37_axi3_conv/system_axi_interconnect_1_imp_auto_pc_0_axi_protocol_converter_v2_1_37_a_axi3_conv__parameterized0/system_axi_interconnect_1_imp_auto_pc_0_axi_data_fifo_v2_1_36_axic_fifo__parameterized1/system_axi_interconnect_1_imp_auto_pc_0_axi_data_fifo_v2_1_36_fifo_gen__parameterized1/<hidden>/<hidden>/<hidden>/<hidden>/<hidden>/<hidden>
                            (recovery check against rising-edge clock host_clk_i  {rise@0.000ns fall@12.500ns period=25.000ns})
  Path Group:             **async_default**
  Path Type:              Recovery (Max at Slow Process Corner)
  Requirement:            25.000ns  (host_clk_i rise@25.000ns - host_clk_i rise@0.000ns)
  Data Path Delay:        2.941ns  (logic 0.718ns (24.412%)  route 2.223ns (75.588%))
  Logic Levels:           1  (LUT3=1)
  Clock Path Skew:        -0.004ns (DCD - SCD + CPR)
    Destination Clock Delay (DCD):    6.242ns = ( 31.242 - 25.000 ) 
    Source Clock Delay      (SCD):    6.763ns
    Clock Pessimism Removal (CPR):    0.516ns
  Clock Uncertainty:      0.082ns  ((TSJ^2 + DJ^2)^1/2) / 2 + PE
    Total System Jitter     (TSJ):    0.071ns
    Discrete Jitter          (DJ):    0.147ns
    Phase Error              (PE):    0.000ns

    Location             Delay type                Incr(ns)  Path(ns)    Netlist Resource(s)
  -------------------------------------------------------------------    -------------------
                         (clock host_clk_i rise edge)
                                                      0.000     0.000 r  
    H16                                               0.000     0.000 r  clk (IN)
                         net (fo=0)                   0.000     0.000    clk
    H16                  IBUF (Prop_ibuf_I_O)         1.451     1.451 r  ibufg_gclk/O
                         net (fo=1, routed)           1.285     2.736    gclk_i
    MMCME2_ADV_X1Y2      MMCME2_ADV (Prop_mmcme2_adv_CLKIN1_CLKOUT0)
                                                      0.088     2.824 r  MMCME2_BASE_inst/CLKOUT0
                         net (fo=1, routed)           2.206     5.030    host_clk_i
    BUFGCTRL_X0Y16       BUFG (Prop_bufg_I_O)         0.101     5.131 r  bufg_host_clk/O
                         net (fo=7403, routed)        1.632     6.763    rocketchip_wrapper/system/system_axi_interconnect_1_0/s00_couplers_imp_8CNLH6/system_axi_interconnect_1_imp_auto_pc_0/system_axi_interconnect_1_imp_auto_pc_0_axi_protocol_converter_v2_1_37_axi_protocol_converter/system_axi_interconnect_1_imp_auto_pc_0_axi_protocol_converter_v2_1_37_axi3_conv/system_axi_interconnect_1_imp_auto_pc_0_axi_protocol_converter_v2_1_37_a_axi3_conv__parameterized0/system_axi_interconnect_1_imp_auto_pc_0_axi_data_fifo_v2_1_36_axic_fifo__parameterized1/system_axi_interconnect_1_imp_auto_pc_0_axi_data_fifo_v2_1_36_fifo_gen__parameterized1/<hidden>/<hidden>/<hidden>/<hidden>/<hidden>/<hidden>
    SLICE_X33Y74         FDPE                                         r  rocketchip_wrapper/system/system_axi_interconnect_1_0/s00_couplers_imp_8CNLH6/system_axi_interconnect_1_imp_auto_pc_0/system_axi_interconnect_1_imp_auto_pc_0_axi_protocol_converter_v2_1_37_axi_protocol_converter/system_axi_interconnect_1_imp_auto_pc_0_axi_protocol_converter_v2_1_37_axi3_conv/system_axi_interconnect_1_imp_auto_pc_0_axi_protocol_converter_v2_1_37_a_axi3_conv__parameterized0/system_axi_interconnect_1_imp_auto_pc_0_axi_data_fifo_v2_1_36_axic_fifo__parameterized1/system_axi_interconnect_1_imp_auto_pc_0_axi_data_fifo_v2_1_36_fifo_gen__parameterized1/<hidden>/<hidden>/<hidden>/<hidden>/<hidden>/<hidden>
  -------------------------------------------------------------------    -------------------
    SLICE_X33Y74         FDPE (Prop_fdpe_C_Q)         0.419     7.182 f  rocketchip_wrapper/system/system_axi_interconnect_1_0/s00_couplers_imp_8CNLH6/system_axi_interconnect_1_imp_auto_pc_0/system_axi_interconnect_1_imp_auto_pc_0_axi_protocol_converter_v2_1_37_axi_protocol_converter/system_axi_interconnect_1_imp_auto_pc_0_axi_protocol_converter_v2_1_37_axi3_conv/system_axi_interconnect_1_imp_auto_pc_0_axi_protocol_converter_v2_1_37_a_axi3_conv__parameterized0/system_axi_interconnect_1_imp_auto_pc_0_axi_data_fifo_v2_1_36_axic_fifo__parameterized1/system_axi_interconnect_1_imp_auto_pc_0_axi_data_fifo_v2_1_36_fifo_gen__parameterized1/<hidden>/<hidden>/<hidden>/<hidden>/<hidden>/<hidden>
                         net (fo=2, routed)           0.931     8.112    rocketchip_wrapper/system/system_axi_interconnect_1_0/s00_couplers_imp_8CNLH6/system_axi_interconnect_1_imp_auto_pc_0/system_axi_interconnect_1_imp_auto_pc_0_axi_protocol_converter_v2_1_37_axi_protocol_converter/system_axi_interconnect_1_imp_auto_pc_0_axi_protocol_converter_v2_1_37_axi3_conv/system_axi_interconnect_1_imp_auto_pc_0_axi_protocol_converter_v2_1_37_a_axi3_conv__parameterized0/system_axi_interconnect_1_imp_auto_pc_0_axi_data_fifo_v2_1_36_axic_fifo__parameterized1/system_axi_interconnect_1_imp_auto_pc_0_axi_data_fifo_v2_1_36_fifo_gen__parameterized1/<hidden>/<hidden>/<hidden>/<hidden>/<hidden>
    SLICE_X32Y74         LUT3 (Prop_lut3_I2_O)        0.299     8.411 f  rocketchip_wrapper/system/system_axi_interconnect_1_0/s00_couplers_imp_8CNLH6/system_axi_interconnect_1_imp_auto_pc_0/system_axi_interconnect_1_imp_auto_pc_0_axi_protocol_converter_v2_1_37_axi_protocol_converter/system_axi_interconnect_1_imp_auto_pc_0_axi_protocol_converter_v2_1_37_axi3_conv/system_axi_interconnect_1_imp_auto_pc_0_axi_protocol_converter_v2_1_37_a_axi3_conv__parameterized0/system_axi_interconnect_1_imp_auto_pc_0_axi_data_fifo_v2_1_36_axic_fifo__parameterized1/system_axi_interconnect_1_imp_auto_pc_0_axi_data_fifo_v2_1_36_fifo_gen__parameterized1/<hidden>/<hidden>/<hidden>/<hidden>/<hidden>
                         net (fo=33, routed)          1.292     9.704    rocketchip_wrapper/system/system_axi_interconnect_1_0/s00_couplers_imp_8CNLH6/system_axi_interconnect_1_imp_auto_pc_0/system_axi_interconnect_1_imp_auto_pc_0_axi_protocol_converter_v2_1_37_axi_protocol_converter/system_axi_interconnect_1_imp_auto_pc_0_axi_protocol_converter_v2_1_37_axi3_conv/system_axi_interconnect_1_imp_auto_pc_0_axi_protocol_converter_v2_1_37_a_axi3_conv__parameterized0/system_axi_interconnect_1_imp_auto_pc_0_axi_data_fifo_v2_1_36_axic_fifo__parameterized1/system_axi_interconnect_1_imp_auto_pc_0_axi_data_fifo_v2_1_36_fifo_gen__parameterized1/<hidden>/<hidden>/<hidden>/<hidden>/<hidden>/<hidden>
    SLICE_X29Y69         FDCE                                         f  rocketchip_wrapper/system/system_axi_interconnect_1_0/s00_couplers_imp_8CNLH6/system_axi_interconnect_1_imp_auto_pc_0/system_axi_interconnect_1_imp_auto_pc_0_axi_protocol_converter_v2_1_37_axi_protocol_converter/system_axi_interconnect_1_imp_auto_pc_0_axi_protocol_converter_v2_1_37_axi3_conv/system_axi_interconnect_1_imp_auto_pc_0_axi_protocol_converter_v2_1_37_a_axi3_conv__parameterized0/system_axi_interconnect_1_imp_auto_pc_0_axi_data_fifo_v2_1_36_axic_fifo__parameterized1/system_axi_interconnect_1_imp_auto_pc_0_axi_data_fifo_v2_1_36_fifo_gen__parameterized1/<hidden>/<hidden>/<hidden>/<hidden>/<hidden>/<hidden>
  -------------------------------------------------------------------    -------------------

                         (clock host_clk_i rise edge)
                                                     25.000    25.000 r  
    H16                                               0.000    25.000 r  clk (IN)
                         net (fo=0)                   0.000    25.000    clk
    H16                  IBUF (Prop_ibuf_I_O)         1.380    26.380 r  ibufg_gclk/O
                         net (fo=1, routed)           1.162    27.542    gclk_i
    MMCME2_ADV_X1Y2      MMCME2_ADV (Prop_mmcme2_adv_CLKIN1_CLKOUT0)
                                                      0.083    27.625 r  MMCME2_BASE_inst/CLKOUT0
                         net (fo=1, routed)           2.012    29.637    host_clk_i
    BUFGCTRL_X0Y16       BUFG (Prop_bufg_I_O)         0.091    29.728 r  bufg_host_clk/O
                         net (fo=7403, routed)        1.514    31.242    rocketchip_wrapper/system/system_axi_interconnect_1_0/s00_couplers_imp_8CNLH6/system_axi_interconnect_1_imp_auto_pc_0/system_axi_interconnect_1_imp_auto_pc_0_axi_protocol_converter_v2_1_37_axi_protocol_converter/system_axi_interconnect_1_imp_auto_pc_0_axi_protocol_converter_v2_1_37_axi3_conv/system_axi_interconnect_1_imp_auto_pc_0_axi_protocol_converter_v2_1_37_a_axi3_conv__parameterized0/system_axi_interconnect_1_imp_auto_pc_0_axi_data_fifo_v2_1_36_axic_fifo__parameterized1/system_axi_interconnect_1_imp_auto_pc_0_axi_data_fifo_v2_1_36_fifo_gen__parameterized1/<hidden>/<hidden>/<hidden>/<hidden>/<hidden>/<hidden>
    SLICE_X29Y69         FDCE                                         r  rocketchip_wrapper/system/system_axi_interconnect_1_0/s00_couplers_imp_8CNLH6/system_axi_interconnect_1_imp_auto_pc_0/system_axi_interconnect_1_imp_auto_pc_0_axi_protocol_converter_v2_1_37_axi_protocol_converter/system_axi_interconnect_1_imp_auto_pc_0_axi_protocol_converter_v2_1_37_axi3_conv/system_axi_interconnect_1_imp_auto_pc_0_axi_protocol_converter_v2_1_37_a_axi3_conv__parameterized0/system_axi_interconnect_1_imp_auto_pc_0_axi_data_fifo_v2_1_36_axic_fifo__parameterized1/system_axi_interconnect_1_imp_auto_pc_0_axi_data_fifo_v2_1_36_fifo_gen__parameterized1/<hidden>/<hidden>/<hidden>/<hidden>/<hidden>/<hidden>
                         clock pessimism              0.516    31.759    
                         clock uncertainty           -0.082    31.677    
    SLICE_X29Y69         FDCE (Recov_fdce_C_CLR)     -0.405    31.272    rocketchip_wrapper/system/system_axi_interconnect_1_0/s00_couplers_imp_8CNLH6/system_axi_interconnect_1_imp_auto_pc_0/system_axi_interconnect_1_imp_auto_pc_0_axi_protocol_converter_v2_1_37_axi_protocol_converter/system_axi_interconnect_1_imp_auto_pc_0_axi_protocol_converter_v2_1_37_axi3_conv/system_axi_interconnect_1_imp_auto_pc_0_axi_protocol_converter_v2_1_37_a_axi3_conv__parameterized0/system_axi_interconnect_1_imp_auto_pc_0_axi_data_fifo_v2_1_36_axic_fifo__parameterized1/system_axi_interconnect_1_imp_auto_pc_0_axi_data_fifo_v2_1_36_fifo_gen__parameterized1/<hidden>/<hidden>/<hidden>/<hidden>/<hidden>/<hidden>
  -------------------------------------------------------------------
                         required time                         31.272    
                         arrival time                          -9.704    
  -------------------------------------------------------------------
                         slack                                 21.568    

Slack (MET) :             21.614ns  (required time - arrival time)
  Source:                 rocketchip_wrapper/system/system_axi_interconnect_1_0/s00_couplers_imp_8CNLH6/system_axi_interconnect_1_imp_auto_pc_0/system_axi_interconnect_1_imp_auto_pc_0_axi_protocol_converter_v2_1_37_axi_protocol_converter/system_axi_interconnect_1_imp_auto_pc_0_axi_protocol_converter_v2_1_37_axi3_conv/system_axi_interconnect_1_imp_auto_pc_0_axi_protocol_converter_v2_1_37_a_axi3_conv__parameterized0/system_axi_interconnect_1_imp_auto_pc_0_axi_data_fifo_v2_1_36_axic_fifo__parameterized1/system_axi_interconnect_1_imp_auto_pc_0_axi_data_fifo_v2_1_36_fifo_gen__parameterized1/<hidden>/<hidden>/<hidden>/<hidden>/<hidden>/<hidden>
                            (rising edge-triggered cell FDPE clocked by host_clk_i  {rise@0.000ns fall@12.500ns period=25.000ns})
  Destination:            rocketchip_wrapper/system/system_axi_interconnect_1_0/s00_couplers_imp_8CNLH6/system_axi_interconnect_1_imp_auto_pc_0/system_axi_interconnect_1_imp_auto_pc_0_axi_protocol_converter_v2_1_37_axi_protocol_converter/system_axi_interconnect_1_imp_auto_pc_0_axi_protocol_converter_v2_1_37_axi3_conv/system_axi_interconnect_1_imp_auto_pc_0_axi_protocol_converter_v2_1_37_a_axi3_conv__parameterized0/system_axi_interconnect_1_imp_auto_pc_0_axi_data_fifo_v2_1_36_axic_fifo__parameterized1/system_axi_interconnect_1_imp_auto_pc_0_axi_data_fifo_v2_1_36_fifo_gen__parameterized1/<hidden>/<hidden>/<hidden>/<hidden>/<hidden>/<hidden>
                            (recovery check against rising-edge clock host_clk_i  {rise@0.000ns fall@12.500ns period=25.000ns})
  Path Group:             **async_default**
  Path Type:              Recovery (Max at Slow Process Corner)
  Requirement:            25.000ns  (host_clk_i rise@25.000ns - host_clk_i rise@0.000ns)
  Data Path Delay:        2.941ns  (logic 0.718ns (24.412%)  route 2.223ns (75.588%))
  Logic Levels:           1  (LUT3=1)
  Clock Path Skew:        -0.004ns (DCD - SCD + CPR)
    Destination Clock Delay (DCD):    6.242ns = ( 31.242 - 25.000 ) 
    Source Clock Delay      (SCD):    6.763ns
    Clock Pessimism Removal (CPR):    0.516ns
  Clock Uncertainty:      0.082ns  ((TSJ^2 + DJ^2)^1/2) / 2 + PE
    Total System Jitter     (TSJ):    0.071ns
    Discrete Jitter          (DJ):    0.147ns
    Phase Error              (PE):    0.000ns

    Location             Delay type                Incr(ns)  Path(ns)    Netlist Resource(s)
  -------------------------------------------------------------------    -------------------
                         (clock host_clk_i rise edge)
                                                      0.000     0.000 r  
    H16                                               0.000     0.000 r  clk (IN)
                         net (fo=0)                   0.000     0.000    clk
    H16                  IBUF (Prop_ibuf_I_O)         1.451     1.451 r  ibufg_gclk/O
                         net (fo=1, routed)           1.285     2.736    gclk_i
    MMCME2_ADV_X1Y2      MMCME2_ADV (Prop_mmcme2_adv_CLKIN1_CLKOUT0)
                                                      0.088     2.824 r  MMCME2_BASE_inst/CLKOUT0
                         net (fo=1, routed)           2.206     5.030    host_clk_i
    BUFGCTRL_X0Y16       BUFG (Prop_bufg_I_O)         0.101     5.131 r  bufg_host_clk/O
                         net (fo=7403, routed)        1.632     6.763    rocketchip_wrapper/system/system_axi_interconnect_1_0/s00_couplers_imp_8CNLH6/system_axi_interconnect_1_imp_auto_pc_0/system_axi_interconnect_1_imp_auto_pc_0_axi_protocol_converter_v2_1_37_axi_protocol_converter/system_axi_interconnect_1_imp_auto_pc_0_axi_protocol_converter_v2_1_37_axi3_conv/system_axi_interconnect_1_imp_auto_pc_0_axi_protocol_converter_v2_1_37_a_axi3_conv__parameterized0/system_axi_interconnect_1_imp_auto_pc_0_axi_data_fifo_v2_1_36_axic_fifo__parameterized1/system_axi_interconnect_1_imp_auto_pc_0_axi_data_fifo_v2_1_36_fifo_gen__parameterized1/<hidden>/<hidden>/<hidden>/<hidden>/<hidden>/<hidden>
    SLICE_X33Y74         FDPE                                         r  rocketchip_wrapper/system/system_axi_interconnect_1_0/s00_couplers_imp_8CNLH6/system_axi_interconnect_1_imp_auto_pc_0/system_axi_interconnect_1_imp_auto_pc_0_axi_protocol_converter_v2_1_37_axi_protocol_converter/system_axi_interconnect_1_imp_auto_pc_0_axi_protocol_converter_v2_1_37_axi3_conv/system_axi_interconnect_1_imp_auto_pc_0_axi_protocol_converter_v2_1_37_a_axi3_conv__parameterized0/system_axi_interconnect_1_imp_auto_pc_0_axi_data_fifo_v2_1_36_axic_fifo__parameterized1/system_axi_interconnect_1_imp_auto_pc_0_axi_data_fifo_v2_1_36_fifo_gen__parameterized1/<hidden>/<hidden>/<hidden>/<hidden>/<hidden>/<hidden>
  -------------------------------------------------------------------    -------------------
    SLICE_X33Y74         FDPE (Prop_fdpe_C_Q)         0.419     7.182 f  rocketchip_wrapper/system/system_axi_interconnect_1_0/s00_couplers_imp_8CNLH6/system_axi_interconnect_1_imp_auto_pc_0/system_axi_interconnect_1_imp_auto_pc_0_axi_protocol_converter_v2_1_37_axi_protocol_converter/system_axi_interconnect_1_imp_auto_pc_0_axi_protocol_converter_v2_1_37_axi3_conv/system_axi_interconnect_1_imp_auto_pc_0_axi_protocol_converter_v2_1_37_a_axi3_conv__parameterized0/system_axi_interconnect_1_imp_auto_pc_0_axi_data_fifo_v2_1_36_axic_fifo__parameterized1/system_axi_interconnect_1_imp_auto_pc_0_axi_data_fifo_v2_1_36_fifo_gen__parameterized1/<hidden>/<hidden>/<hidden>/<hidden>/<hidden>/<hidden>
                         net (fo=2, routed)           0.931     8.112    rocketchip_wrapper/system/system_axi_interconnect_1_0/s00_couplers_imp_8CNLH6/system_axi_interconnect_1_imp_auto_pc_0/system_axi_interconnect_1_imp_auto_pc_0_axi_protocol_converter_v2_1_37_axi_protocol_converter/system_axi_interconnect_1_imp_auto_pc_0_axi_protocol_converter_v2_1_37_axi3_conv/system_axi_interconnect_1_imp_auto_pc_0_axi_protocol_converter_v2_1_37_a_axi3_conv__parameterized0/system_axi_interconnect_1_imp_auto_pc_0_axi_data_fifo_v2_1_36_axic_fifo__parameterized1/system_axi_interconnect_1_imp_auto_pc_0_axi_data_fifo_v2_1_36_fifo_gen__parameterized1/<hidden>/<hidden>/<hidden>/<hidden>/<hidden>
    SLICE_X32Y74         LUT3 (Prop_lut3_I2_O)        0.299     8.411 f  rocketchip_wrapper/system/system_axi_interconnect_1_0/s00_couplers_imp_8CNLH6/system_axi_interconnect_1_imp_auto_pc_0/system_axi_interconnect_1_imp_auto_pc_0_axi_protocol_converter_v2_1_37_axi_protocol_converter/system_axi_interconnect_1_imp_auto_pc_0_axi_protocol_converter_v2_1_37_axi3_conv/system_axi_interconnect_1_imp_auto_pc_0_axi_protocol_converter_v2_1_37_a_axi3_conv__parameterized0/system_axi_interconnect_1_imp_auto_pc_0_axi_data_fifo_v2_1_36_axic_fifo__parameterized1/system_axi_interconnect_1_imp_auto_pc_0_axi_data_fifo_v2_1_36_fifo_gen__parameterized1/<hidden>/<hidden>/<hidden>/<hidden>/<hidden>
                         net (fo=33, routed)          1.292     9.704    rocketchip_wrapper/system/system_axi_interconnect_1_0/s00_couplers_imp_8CNLH6/system_axi_interconnect_1_imp_auto_pc_0/system_axi_interconnect_1_imp_auto_pc_0_axi_protocol_converter_v2_1_37_axi_protocol_converter/system_axi_interconnect_1_imp_auto_pc_0_axi_protocol_converter_v2_1_37_axi3_conv/system_axi_interconnect_1_imp_auto_pc_0_axi_protocol_converter_v2_1_37_a_axi3_conv__parameterized0/system_axi_interconnect_1_imp_auto_pc_0_axi_data_fifo_v2_1_36_axic_fifo__parameterized1/system_axi_interconnect_1_imp_auto_pc_0_axi_data_fifo_v2_1_36_fifo_gen__parameterized1/<hidden>/<hidden>/<hidden>/<hidden>/<hidden>/<hidden>
    SLICE_X29Y69         FDPE                                         f  rocketchip_wrapper/system/system_axi_interconnect_1_0/s00_couplers_imp_8CNLH6/system_axi_interconnect_1_imp_auto_pc_0/system_axi_interconnect_1_imp_auto_pc_0_axi_protocol_converter_v2_1_37_axi_protocol_converter/system_axi_interconnect_1_imp_auto_pc_0_axi_protocol_converter_v2_1_37_axi3_conv/system_axi_interconnect_1_imp_auto_pc_0_axi_protocol_converter_v2_1_37_a_axi3_conv__parameterized0/system_axi_interconnect_1_imp_auto_pc_0_axi_data_fifo_v2_1_36_axic_fifo__parameterized1/system_axi_interconnect_1_imp_auto_pc_0_axi_data_fifo_v2_1_36_fifo_gen__parameterized1/<hidden>/<hidden>/<hidden>/<hidden>/<hidden>/<hidden>
  -------------------------------------------------------------------    -------------------

                         (clock host_clk_i rise edge)
                                                     25.000    25.000 r  
    H16                                               0.000    25.000 r  clk (IN)
                         net (fo=0)                   0.000    25.000    clk
    H16                  IBUF (Prop_ibuf_I_O)         1.380    26.380 r  ibufg_gclk/O
                         net (fo=1, routed)           1.162    27.542    gclk_i
    MMCME2_ADV_X1Y2      MMCME2_ADV (Prop_mmcme2_adv_CLKIN1_CLKOUT0)
                                                      0.083    27.625 r  MMCME2_BASE_inst/CLKOUT0
                         net (fo=1, routed)           2.012    29.637    host_clk_i
    BUFGCTRL_X0Y16       BUFG (Prop_bufg_I_O)         0.091    29.728 r  bufg_host_clk/O
                         net (fo=7403, routed)        1.514    31.242    rocketchip_wrapper/system/system_axi_interconnect_1_0/s00_couplers_imp_8CNLH6/system_axi_interconnect_1_imp_auto_pc_0/system_axi_interconnect_1_imp_auto_pc_0_axi_protocol_converter_v2_1_37_axi_protocol_converter/system_axi_interconnect_1_imp_auto_pc_0_axi_protocol_converter_v2_1_37_axi3_conv/system_axi_interconnect_1_imp_auto_pc_0_axi_protocol_converter_v2_1_37_a_axi3_conv__parameterized0/system_axi_interconnect_1_imp_auto_pc_0_axi_data_fifo_v2_1_36_axic_fifo__parameterized1/system_axi_interconnect_1_imp_auto_pc_0_axi_data_fifo_v2_1_36_fifo_gen__parameterized1/<hidden>/<hidden>/<hidden>/<hidden>/<hidden>/<hidden>
    SLICE_X29Y69         FDPE                                         r  rocketchip_wrapper/system/system_axi_interconnect_1_0/s00_couplers_imp_8CNLH6/system_axi_interconnect_1_imp_auto_pc_0/system_axi_interconnect_1_imp_auto_pc_0_axi_protocol_converter_v2_1_37_axi_protocol_converter/system_axi_interconnect_1_imp_auto_pc_0_axi_protocol_converter_v2_1_37_axi3_conv/system_axi_interconnect_1_imp_auto_pc_0_axi_protocol_converter_v2_1_37_a_axi3_conv__parameterized0/system_axi_interconnect_1_imp_auto_pc_0_axi_data_fifo_v2_1_36_axic_fifo__parameterized1/system_axi_interconnect_1_imp_auto_pc_0_axi_data_fifo_v2_1_36_fifo_gen__parameterized1/<hidden>/<hidden>/<hidden>/<hidden>/<hidden>/<hidden>
                         clock pessimism              0.516    31.759    
                         clock uncertainty           -0.082    31.677    
    SLICE_X29Y69         FDPE (Recov_fdpe_C_PRE)     -0.359    31.318    rocketchip_wrapper/system/system_axi_interconnect_1_0/s00_couplers_imp_8CNLH6/system_axi_interconnect_1_imp_auto_pc_0/system_axi_interconnect_1_imp_auto_pc_0_axi_protocol_converter_v2_1_37_axi_protocol_converter/system_axi_interconnect_1_imp_auto_pc_0_axi_protocol_converter_v2_1_37_axi3_conv/system_axi_interconnect_1_imp_auto_pc_0_axi_protocol_converter_v2_1_37_a_axi3_conv__parameterized0/system_axi_interconnect_1_imp_auto_pc_0_axi_data_fifo_v2_1_36_axic_fifo__parameterized1/system_axi_interconnect_1_imp_auto_pc_0_axi_data_fifo_v2_1_36_fifo_gen__parameterized1/<hidden>/<hidden>/<hidden>/<hidden>/<hidden>/<hidden>
  -------------------------------------------------------------------
                         required time                         31.318    
                         arrival time                          -9.704    
  -------------------------------------------------------------------
                         slack                                 21.614    

Slack (MET) :             21.614ns  (required time - arrival time)
  Source:                 rocketchip_wrapper/system/system_axi_interconnect_1_0/s00_couplers_imp_8CNLH6/system_axi_interconnect_1_imp_auto_pc_0/system_axi_interconnect_1_imp_auto_pc_0_axi_protocol_converter_v2_1_37_axi_protocol_converter/system_axi_interconnect_1_imp_auto_pc_0_axi_protocol_converter_v2_1_37_axi3_conv/system_axi_interconnect_1_imp_auto_pc_0_axi_protocol_converter_v2_1_37_a_axi3_conv__parameterized0/system_axi_interconnect_1_imp_auto_pc_0_axi_data_fifo_v2_1_36_axic_fifo__parameterized1/system_axi_interconnect_1_imp_auto_pc_0_axi_data_fifo_v2_1_36_fifo_gen__parameterized1/<hidden>/<hidden>/<hidden>/<hidden>/<hidden>/<hidden>
                            (rising edge-triggered cell FDPE clocked by host_clk_i  {rise@0.000ns fall@12.500ns period=25.000ns})
  Destination:            rocketchip_wrapper/system/system_axi_interconnect_1_0/s00_couplers_imp_8CNLH6/system_axi_interconnect_1_imp_auto_pc_0/system_axi_interconnect_1_imp_auto_pc_0_axi_protocol_converter_v2_1_37_axi_protocol_converter/system_axi_interconnect_1_imp_auto_pc_0_axi_protocol_converter_v2_1_37_axi3_conv/system_axi_interconnect_1_imp_auto_pc_0_axi_protocol_converter_v2_1_37_a_axi3_conv__parameterized0/system_axi_interconnect_1_imp_auto_pc_0_axi_data_fifo_v2_1_36_axic_fifo__parameterized1/system_axi_interconnect_1_imp_auto_pc_0_axi_data_fifo_v2_1_36_fifo_gen__parameterized1/<hidden>/<hidden>/<hidden>/<hidden>/<hidden>/<hidden>
                            (recovery check against rising-edge clock host_clk_i  {rise@0.000ns fall@12.500ns period=25.000ns})
  Path Group:             **async_default**
  Path Type:              Recovery (Max at Slow Process Corner)
  Requirement:            25.000ns  (host_clk_i rise@25.000ns - host_clk_i rise@0.000ns)
  Data Path Delay:        2.941ns  (logic 0.718ns (24.412%)  route 2.223ns (75.588%))
  Logic Levels:           1  (LUT3=1)
  Clock Path Skew:        -0.004ns (DCD - SCD + CPR)
    Destination Clock Delay (DCD):    6.242ns = ( 31.242 - 25.000 ) 
    Source Clock Delay      (SCD):    6.763ns
    Clock Pessimism Removal (CPR):    0.516ns
  Clock Uncertainty:      0.082ns  ((TSJ^2 + DJ^2)^1/2) / 2 + PE
    Total System Jitter     (TSJ):    0.071ns
    Discrete Jitter          (DJ):    0.147ns
    Phase Error              (PE):    0.000ns

    Location             Delay type                Incr(ns)  Path(ns)    Netlist Resource(s)
  -------------------------------------------------------------------    -------------------
                         (clock host_clk_i rise edge)
                                                      0.000     0.000 r  
    H16                                               0.000     0.000 r  clk (IN)
                         net (fo=0)                   0.000     0.000    clk
    H16                  IBUF (Prop_ibuf_I_O)         1.451     1.451 r  ibufg_gclk/O
                         net (fo=1, routed)           1.285     2.736    gclk_i
    MMCME2_ADV_X1Y2      MMCME2_ADV (Prop_mmcme2_adv_CLKIN1_CLKOUT0)
                                                      0.088     2.824 r  MMCME2_BASE_inst/CLKOUT0
                         net (fo=1, routed)           2.206     5.030    host_clk_i
    BUFGCTRL_X0Y16       BUFG (Prop_bufg_I_O)         0.101     5.131 r  bufg_host_clk/O
                         net (fo=7403, routed)        1.632     6.763    rocketchip_wrapper/system/system_axi_interconnect_1_0/s00_couplers_imp_8CNLH6/system_axi_interconnect_1_imp_auto_pc_0/system_axi_interconnect_1_imp_auto_pc_0_axi_protocol_converter_v2_1_37_axi_protocol_converter/system_axi_interconnect_1_imp_auto_pc_0_axi_protocol_converter_v2_1_37_axi3_conv/system_axi_interconnect_1_imp_auto_pc_0_axi_protocol_converter_v2_1_37_a_axi3_conv__parameterized0/system_axi_interconnect_1_imp_auto_pc_0_axi_data_fifo_v2_1_36_axic_fifo__parameterized1/system_axi_interconnect_1_imp_auto_pc_0_axi_data_fifo_v2_1_36_fifo_gen__parameterized1/<hidden>/<hidden>/<hidden>/<hidden>/<hidden>/<hidden>
    SLICE_X33Y74         FDPE                                         r  rocketchip_wrapper/system/system_axi_interconnect_1_0/s00_couplers_imp_8CNLH6/system_axi_interconnect_1_imp_auto_pc_0/system_axi_interconnect_1_imp_auto_pc_0_axi_protocol_converter_v2_1_37_axi_protocol_converter/system_axi_interconnect_1_imp_auto_pc_0_axi_protocol_converter_v2_1_37_axi3_conv/system_axi_interconnect_1_imp_auto_pc_0_axi_protocol_converter_v2_1_37_a_axi3_conv__parameterized0/system_axi_interconnect_1_imp_auto_pc_0_axi_data_fifo_v2_1_36_axic_fifo__parameterized1/system_axi_interconnect_1_imp_auto_pc_0_axi_data_fifo_v2_1_36_fifo_gen__parameterized1/<hidden>/<hidden>/<hidden>/<hidden>/<hidden>/<hidden>
  -------------------------------------------------------------------    -------------------
    SLICE_X33Y74         FDPE (Prop_fdpe_C_Q)         0.419     7.182 f  rocketchip_wrapper/system/system_axi_interconnect_1_0/s00_couplers_imp_8CNLH6/system_axi_interconnect_1_imp_auto_pc_0/system_axi_interconnect_1_imp_auto_pc_0_axi_protocol_converter_v2_1_37_axi_protocol_converter/system_axi_interconnect_1_imp_auto_pc_0_axi_protocol_converter_v2_1_37_axi3_conv/system_axi_interconnect_1_imp_auto_pc_0_axi_protocol_converter_v2_1_37_a_axi3_conv__parameterized0/system_axi_interconnect_1_imp_auto_pc_0_axi_data_fifo_v2_1_36_axic_fifo__parameterized1/system_axi_interconnect_1_imp_auto_pc_0_axi_data_fifo_v2_1_36_fifo_gen__parameterized1/<hidden>/<hidden>/<hidden>/<hidden>/<hidden>/<hidden>
                         net (fo=2, routed)           0.931     8.112    rocketchip_wrapper/system/system_axi_interconnect_1_0/s00_couplers_imp_8CNLH6/system_axi_interconnect_1_imp_auto_pc_0/system_axi_interconnect_1_imp_auto_pc_0_axi_protocol_converter_v2_1_37_axi_protocol_converter/system_axi_interconnect_1_imp_auto_pc_0_axi_protocol_converter_v2_1_37_axi3_conv/system_axi_interconnect_1_imp_auto_pc_0_axi_protocol_converter_v2_1_37_a_axi3_conv__parameterized0/system_axi_interconnect_1_imp_auto_pc_0_axi_data_fifo_v2_1_36_axic_fifo__parameterized1/system_axi_interconnect_1_imp_auto_pc_0_axi_data_fifo_v2_1_36_fifo_gen__parameterized1/<hidden>/<hidden>/<hidden>/<hidden>/<hidden>
    SLICE_X32Y74         LUT3 (Prop_lut3_I2_O)        0.299     8.411 f  rocketchip_wrapper/system/system_axi_interconnect_1_0/s00_couplers_imp_8CNLH6/system_axi_interconnect_1_imp_auto_pc_0/system_axi_interconnect_1_imp_auto_pc_0_axi_protocol_converter_v2_1_37_axi_protocol_converter/system_axi_interconnect_1_imp_auto_pc_0_axi_protocol_converter_v2_1_37_axi3_conv/system_axi_interconnect_1_imp_auto_pc_0_axi_protocol_converter_v2_1_37_a_axi3_conv__parameterized0/system_axi_interconnect_1_imp_auto_pc_0_axi_data_fifo_v2_1_36_axic_fifo__parameterized1/system_axi_interconnect_1_imp_auto_pc_0_axi_data_fifo_v2_1_36_fifo_gen__parameterized1/<hidden>/<hidden>/<hidden>/<hidden>/<hidden>
                         net (fo=33, routed)          1.292     9.704    rocketchip_wrapper/system/system_axi_interconnect_1_0/s00_couplers_imp_8CNLH6/system_axi_interconnect_1_imp_auto_pc_0/system_axi_interconnect_1_imp_auto_pc_0_axi_protocol_converter_v2_1_37_axi_protocol_converter/system_axi_interconnect_1_imp_auto_pc_0_axi_protocol_converter_v2_1_37_axi3_conv/system_axi_interconnect_1_imp_auto_pc_0_axi_protocol_converter_v2_1_37_a_axi3_conv__parameterized0/system_axi_interconnect_1_imp_auto_pc_0_axi_data_fifo_v2_1_36_axic_fifo__parameterized1/system_axi_interconnect_1_imp_auto_pc_0_axi_data_fifo_v2_1_36_fifo_gen__parameterized1/<hidden>/<hidden>/<hidden>/<hidden>/<hidden>/<hidden>
    SLICE_X29Y69         FDPE                                         f  rocketchip_wrapper/system/system_axi_interconnect_1_0/s00_couplers_imp_8CNLH6/system_axi_interconnect_1_imp_auto_pc_0/system_axi_interconnect_1_imp_auto_pc_0_axi_protocol_converter_v2_1_37_axi_protocol_converter/system_axi_interconnect_1_imp_auto_pc_0_axi_protocol_converter_v2_1_37_axi3_conv/system_axi_interconnect_1_imp_auto_pc_0_axi_protocol_converter_v2_1_37_a_axi3_conv__parameterized0/system_axi_interconnect_1_imp_auto_pc_0_axi_data_fifo_v2_1_36_axic_fifo__parameterized1/system_axi_interconnect_1_imp_auto_pc_0_axi_data_fifo_v2_1_36_fifo_gen__parameterized1/<hidden>/<hidden>/<hidden>/<hidden>/<hidden>/<hidden>
  -------------------------------------------------------------------    -------------------

                         (clock host_clk_i rise edge)
                                                     25.000    25.000 r  
    H16                                               0.000    25.000 r  clk (IN)
                         net (fo=0)                   0.000    25.000    clk
    H16                  IBUF (Prop_ibuf_I_O)         1.380    26.380 r  ibufg_gclk/O
                         net (fo=1, routed)           1.162    27.542    gclk_i
    MMCME2_ADV_X1Y2      MMCME2_ADV (Prop_mmcme2_adv_CLKIN1_CLKOUT0)
                                                      0.083    27.625 r  MMCME2_BASE_inst/CLKOUT0
                         net (fo=1, routed)           2.012    29.637    host_clk_i
    BUFGCTRL_X0Y16       BUFG (Prop_bufg_I_O)         0.091    29.728 r  bufg_host_clk/O
                         net (fo=7403, routed)        1.514    31.242    rocketchip_wrapper/system/system_axi_interconnect_1_0/s00_couplers_imp_8CNLH6/system_axi_interconnect_1_imp_auto_pc_0/system_axi_interconnect_1_imp_auto_pc_0_axi_protocol_converter_v2_1_37_axi_protocol_converter/system_axi_interconnect_1_imp_auto_pc_0_axi_protocol_converter_v2_1_37_axi3_conv/system_axi_interconnect_1_imp_auto_pc_0_axi_protocol_converter_v2_1_37_a_axi3_conv__parameterized0/system_axi_interconnect_1_imp_auto_pc_0_axi_data_fifo_v2_1_36_axic_fifo__parameterized1/system_axi_interconnect_1_imp_auto_pc_0_axi_data_fifo_v2_1_36_fifo_gen__parameterized1/<hidden>/<hidden>/<hidden>/<hidden>/<hidden>/<hidden>
    SLICE_X29Y69         FDPE                                         r  rocketchip_wrapper/system/system_axi_interconnect_1_0/s00_couplers_imp_8CNLH6/system_axi_interconnect_1_imp_auto_pc_0/system_axi_interconnect_1_imp_auto_pc_0_axi_protocol_converter_v2_1_37_axi_protocol_converter/system_axi_interconnect_1_imp_auto_pc_0_axi_protocol_converter_v2_1_37_axi3_conv/system_axi_interconnect_1_imp_auto_pc_0_axi_protocol_converter_v2_1_37_a_axi3_conv__parameterized0/system_axi_interconnect_1_imp_auto_pc_0_axi_data_fifo_v2_1_36_axic_fifo__parameterized1/system_axi_interconnect_1_imp_auto_pc_0_axi_data_fifo_v2_1_36_fifo_gen__parameterized1/<hidden>/<hidden>/<hidden>/<hidden>/<hidden>/<hidden>
                         clock pessimism              0.516    31.759    
                         clock uncertainty           -0.082    31.677    
    SLICE_X29Y69         FDPE (Recov_fdpe_C_PRE)     -0.359    31.318    rocketchip_wrapper/system/system_axi_interconnect_1_0/s00_couplers_imp_8CNLH6/system_axi_interconnect_1_imp_auto_pc_0/system_axi_interconnect_1_imp_auto_pc_0_axi_protocol_converter_v2_1_37_axi_protocol_converter/system_axi_interconnect_1_imp_auto_pc_0_axi_protocol_converter_v2_1_37_axi3_conv/system_axi_interconnect_1_imp_auto_pc_0_axi_protocol_converter_v2_1_37_a_axi3_conv__parameterized0/system_axi_interconnect_1_imp_auto_pc_0_axi_data_fifo_v2_1_36_axic_fifo__parameterized1/system_axi_interconnect_1_imp_auto_pc_0_axi_data_fifo_v2_1_36_fifo_gen__parameterized1/<hidden>/<hidden>/<hidden>/<hidden>/<hidden>/<hidden>
  -------------------------------------------------------------------
                         required time                         31.318    
                         arrival time                          -9.704    
  -------------------------------------------------------------------
                         slack                                 21.614    

Slack (MET) :             21.614ns  (required time - arrival time)
  Source:                 rocketchip_wrapper/system/system_axi_interconnect_1_0/s00_couplers_imp_8CNLH6/system_axi_interconnect_1_imp_auto_pc_0/system_axi_interconnect_1_imp_auto_pc_0_axi_protocol_converter_v2_1_37_axi_protocol_converter/system_axi_interconnect_1_imp_auto_pc_0_axi_protocol_converter_v2_1_37_axi3_conv/system_axi_interconnect_1_imp_auto_pc_0_axi_protocol_converter_v2_1_37_a_axi3_conv__parameterized0/system_axi_interconnect_1_imp_auto_pc_0_axi_data_fifo_v2_1_36_axic_fifo__parameterized1/system_axi_interconnect_1_imp_auto_pc_0_axi_data_fifo_v2_1_36_fifo_gen__parameterized1/<hidden>/<hidden>/<hidden>/<hidden>/<hidden>/<hidden>
                            (rising edge-triggered cell FDPE clocked by host_clk_i  {rise@0.000ns fall@12.500ns period=25.000ns})
  Destination:            rocketchip_wrapper/system/system_axi_interconnect_1_0/s00_couplers_imp_8CNLH6/system_axi_interconnect_1_imp_auto_pc_0/system_axi_interconnect_1_imp_auto_pc_0_axi_protocol_converter_v2_1_37_axi_protocol_converter/system_axi_interconnect_1_imp_auto_pc_0_axi_protocol_converter_v2_1_37_axi3_conv/system_axi_interconnect_1_imp_auto_pc_0_axi_protocol_converter_v2_1_37_a_axi3_conv__parameterized0/system_axi_interconnect_1_imp_auto_pc_0_axi_data_fifo_v2_1_36_axic_fifo__parameterized1/system_axi_interconnect_1_imp_auto_pc_0_axi_data_fifo_v2_1_36_fifo_gen__parameterized1/<hidden>/<hidden>/<hidden>/<hidden>/<hidden>/<hidden>
                            (recovery check against rising-edge clock host_clk_i  {rise@0.000ns fall@12.500ns period=25.000ns})
  Path Group:             **async_default**
  Path Type:              Recovery (Max at Slow Process Corner)
  Requirement:            25.000ns  (host_clk_i rise@25.000ns - host_clk_i rise@0.000ns)
  Data Path Delay:        2.941ns  (logic 0.718ns (24.412%)  route 2.223ns (75.588%))
  Logic Levels:           1  (LUT3=1)
  Clock Path Skew:        -0.004ns (DCD - SCD + CPR)
    Destination Clock Delay (DCD):    6.242ns = ( 31.242 - 25.000 ) 
    Source Clock Delay      (SCD):    6.763ns
    Clock Pessimism Removal (CPR):    0.516ns
  Clock Uncertainty:      0.082ns  ((TSJ^2 + DJ^2)^1/2) / 2 + PE
    Total System Jitter     (TSJ):    0.071ns
    Discrete Jitter          (DJ):    0.147ns
    Phase Error              (PE):    0.000ns

    Location             Delay type                Incr(ns)  Path(ns)    Netlist Resource(s)
  -------------------------------------------------------------------    -------------------
                         (clock host_clk_i rise edge)
                                                      0.000     0.000 r  
    H16                                               0.000     0.000 r  clk (IN)
                         net (fo=0)                   0.000     0.000    clk
    H16                  IBUF (Prop_ibuf_I_O)         1.451     1.451 r  ibufg_gclk/O
                         net (fo=1, routed)           1.285     2.736    gclk_i
    MMCME2_ADV_X1Y2      MMCME2_ADV (Prop_mmcme2_adv_CLKIN1_CLKOUT0)
                                                      0.088     2.824 r  MMCME2_BASE_inst/CLKOUT0
                         net (fo=1, routed)           2.206     5.030    host_clk_i
    BUFGCTRL_X0Y16       BUFG (Prop_bufg_I_O)         0.101     5.131 r  bufg_host_clk/O
                         net (fo=7403, routed)        1.632     6.763    rocketchip_wrapper/system/system_axi_interconnect_1_0/s00_couplers_imp_8CNLH6/system_axi_interconnect_1_imp_auto_pc_0/system_axi_interconnect_1_imp_auto_pc_0_axi_protocol_converter_v2_1_37_axi_protocol_converter/system_axi_interconnect_1_imp_auto_pc_0_axi_protocol_converter_v2_1_37_axi3_conv/system_axi_interconnect_1_imp_auto_pc_0_axi_protocol_converter_v2_1_37_a_axi3_conv__parameterized0/system_axi_interconnect_1_imp_auto_pc_0_axi_data_fifo_v2_1_36_axic_fifo__parameterized1/system_axi_interconnect_1_imp_auto_pc_0_axi_data_fifo_v2_1_36_fifo_gen__parameterized1/<hidden>/<hidden>/<hidden>/<hidden>/<hidden>/<hidden>
    SLICE_X33Y74         FDPE                                         r  rocketchip_wrapper/system/system_axi_interconnect_1_0/s00_couplers_imp_8CNLH6/system_axi_interconnect_1_imp_auto_pc_0/system_axi_interconnect_1_imp_auto_pc_0_axi_protocol_converter_v2_1_37_axi_protocol_converter/system_axi_interconnect_1_imp_auto_pc_0_axi_protocol_converter_v2_1_37_axi3_conv/system_axi_interconnect_1_imp_auto_pc_0_axi_protocol_converter_v2_1_37_a_axi3_conv__parameterized0/system_axi_interconnect_1_imp_auto_pc_0_axi_data_fifo_v2_1_36_axic_fifo__parameterized1/system_axi_interconnect_1_imp_auto_pc_0_axi_data_fifo_v2_1_36_fifo_gen__parameterized1/<hidden>/<hidden>/<hidden>/<hidden>/<hidden>/<hidden>
  -------------------------------------------------------------------    -------------------
    SLICE_X33Y74         FDPE (Prop_fdpe_C_Q)         0.419     7.182 f  rocketchip_wrapper/system/system_axi_interconnect_1_0/s00_couplers_imp_8CNLH6/system_axi_interconnect_1_imp_auto_pc_0/system_axi_interconnect_1_imp_auto_pc_0_axi_protocol_converter_v2_1_37_axi_protocol_converter/system_axi_interconnect_1_imp_auto_pc_0_axi_protocol_converter_v2_1_37_axi3_conv/system_axi_interconnect_1_imp_auto_pc_0_axi_protocol_converter_v2_1_37_a_axi3_conv__parameterized0/system_axi_interconnect_1_imp_auto_pc_0_axi_data_fifo_v2_1_36_axic_fifo__parameterized1/system_axi_interconnect_1_imp_auto_pc_0_axi_data_fifo_v2_1_36_fifo_gen__parameterized1/<hidden>/<hidden>/<hidden>/<hidden>/<hidden>/<hidden>
                         net (fo=2, routed)           0.931     8.112    rocketchip_wrapper/system/system_axi_interconnect_1_0/s00_couplers_imp_8CNLH6/system_axi_interconnect_1_imp_auto_pc_0/system_axi_interconnect_1_imp_auto_pc_0_axi_protocol_converter_v2_1_37_axi_protocol_converter/system_axi_interconnect_1_imp_auto_pc_0_axi_protocol_converter_v2_1_37_axi3_conv/system_axi_interconnect_1_imp_auto_pc_0_axi_protocol_converter_v2_1_37_a_axi3_conv__parameterized0/system_axi_interconnect_1_imp_auto_pc_0_axi_data_fifo_v2_1_36_axic_fifo__parameterized1/system_axi_interconnect_1_imp_auto_pc_0_axi_data_fifo_v2_1_36_fifo_gen__parameterized1/<hidden>/<hidden>/<hidden>/<hidden>/<hidden>
    SLICE_X32Y74         LUT3 (Prop_lut3_I2_O)        0.299     8.411 f  rocketchip_wrapper/system/system_axi_interconnect_1_0/s00_couplers_imp_8CNLH6/system_axi_interconnect_1_imp_auto_pc_0/system_axi_interconnect_1_imp_auto_pc_0_axi_protocol_converter_v2_1_37_axi_protocol_converter/system_axi_interconnect_1_imp_auto_pc_0_axi_protocol_converter_v2_1_37_axi3_conv/system_axi_interconnect_1_imp_auto_pc_0_axi_protocol_converter_v2_1_37_a_axi3_conv__parameterized0/system_axi_interconnect_1_imp_auto_pc_0_axi_data_fifo_v2_1_36_axic_fifo__parameterized1/system_axi_interconnect_1_imp_auto_pc_0_axi_data_fifo_v2_1_36_fifo_gen__parameterized1/<hidden>/<hidden>/<hidden>/<hidden>/<hidden>
                         net (fo=33, routed)          1.292     9.704    rocketchip_wrapper/system/system_axi_interconnect_1_0/s00_couplers_imp_8CNLH6/system_axi_interconnect_1_imp_auto_pc_0/system_axi_interconnect_1_imp_auto_pc_0_axi_protocol_converter_v2_1_37_axi_protocol_converter/system_axi_interconnect_1_imp_auto_pc_0_axi_protocol_converter_v2_1_37_axi3_conv/system_axi_interconnect_1_imp_auto_pc_0_axi_protocol_converter_v2_1_37_a_axi3_conv__parameterized0/system_axi_interconnect_1_imp_auto_pc_0_axi_data_fifo_v2_1_36_axic_fifo__parameterized1/system_axi_interconnect_1_imp_auto_pc_0_axi_data_fifo_v2_1_36_fifo_gen__parameterized1/<hidden>/<hidden>/<hidden>/<hidden>/<hidden>/<hidden>
    SLICE_X29Y69         FDPE                                         f  rocketchip_wrapper/system/system_axi_interconnect_1_0/s00_couplers_imp_8CNLH6/system_axi_interconnect_1_imp_auto_pc_0/system_axi_interconnect_1_imp_auto_pc_0_axi_protocol_converter_v2_1_37_axi_protocol_converter/system_axi_interconnect_1_imp_auto_pc_0_axi_protocol_converter_v2_1_37_axi3_conv/system_axi_interconnect_1_imp_auto_pc_0_axi_protocol_converter_v2_1_37_a_axi3_conv__parameterized0/system_axi_interconnect_1_imp_auto_pc_0_axi_data_fifo_v2_1_36_axic_fifo__parameterized1/system_axi_interconnect_1_imp_auto_pc_0_axi_data_fifo_v2_1_36_fifo_gen__parameterized1/<hidden>/<hidden>/<hidden>/<hidden>/<hidden>/<hidden>
  -------------------------------------------------------------------    -------------------

                         (clock host_clk_i rise edge)
                                                     25.000    25.000 r  
    H16                                               0.000    25.000 r  clk (IN)
                         net (fo=0)                   0.000    25.000    clk
    H16                  IBUF (Prop_ibuf_I_O)         1.380    26.380 r  ibufg_gclk/O
                         net (fo=1, routed)           1.162    27.542    gclk_i
    MMCME2_ADV_X1Y2      MMCME2_ADV (Prop_mmcme2_adv_CLKIN1_CLKOUT0)
                                                      0.083    27.625 r  MMCME2_BASE_inst/CLKOUT0
                         net (fo=1, routed)           2.012    29.637    host_clk_i
    BUFGCTRL_X0Y16       BUFG (Prop_bufg_I_O)         0.091    29.728 r  bufg_host_clk/O
                         net (fo=7403, routed)        1.514    31.242    rocketchip_wrapper/system/system_axi_interconnect_1_0/s00_couplers_imp_8CNLH6/system_axi_interconnect_1_imp_auto_pc_0/system_axi_interconnect_1_imp_auto_pc_0_axi_protocol_converter_v2_1_37_axi_protocol_converter/system_axi_interconnect_1_imp_auto_pc_0_axi_protocol_converter_v2_1_37_axi3_conv/system_axi_interconnect_1_imp_auto_pc_0_axi_protocol_converter_v2_1_37_a_axi3_conv__parameterized0/system_axi_interconnect_1_imp_auto_pc_0_axi_data_fifo_v2_1_36_axic_fifo__parameterized1/system_axi_interconnect_1_imp_auto_pc_0_axi_data_fifo_v2_1_36_fifo_gen__parameterized1/<hidden>/<hidden>/<hidden>/<hidden>/<hidden>/<hidden>
    SLICE_X29Y69         FDPE                                         r  rocketchip_wrapper/system/system_axi_interconnect_1_0/s00_couplers_imp_8CNLH6/system_axi_interconnect_1_imp_auto_pc_0/system_axi_interconnect_1_imp_auto_pc_0_axi_protocol_converter_v2_1_37_axi_protocol_converter/system_axi_interconnect_1_imp_auto_pc_0_axi_protocol_converter_v2_1_37_axi3_conv/system_axi_interconnect_1_imp_auto_pc_0_axi_protocol_converter_v2_1_37_a_axi3_conv__parameterized0/system_axi_interconnect_1_imp_auto_pc_0_axi_data_fifo_v2_1_36_axic_fifo__parameterized1/system_axi_interconnect_1_imp_auto_pc_0_axi_data_fifo_v2_1_36_fifo_gen__parameterized1/<hidden>/<hidden>/<hidden>/<hidden>/<hidden>/<hidden>
                         clock pessimism              0.516    31.759    
                         clock uncertainty           -0.082    31.677    
    SLICE_X29Y69         FDPE (Recov_fdpe_C_PRE)     -0.359    31.318    rocketchip_wrapper/system/system_axi_interconnect_1_0/s00_couplers_imp_8CNLH6/system_axi_interconnect_1_imp_auto_pc_0/system_axi_interconnect_1_imp_auto_pc_0_axi_protocol_converter_v2_1_37_axi_protocol_converter/system_axi_interconnect_1_imp_auto_pc_0_axi_protocol_converter_v2_1_37_axi3_conv/system_axi_interconnect_1_imp_auto_pc_0_axi_protocol_converter_v2_1_37_a_axi3_conv__parameterized0/system_axi_interconnect_1_imp_auto_pc_0_axi_data_fifo_v2_1_36_axic_fifo__parameterized1/system_axi_interconnect_1_imp_auto_pc_0_axi_data_fifo_v2_1_36_fifo_gen__parameterized1/<hidden>/<hidden>/<hidden>/<hidden>/<hidden>/<hidden>
  -------------------------------------------------------------------
                         required time                         31.318    
                         arrival time                          -9.704    
  -------------------------------------------------------------------
                         slack                                 21.614    

Slack (MET) :             21.614ns  (required time - arrival time)
  Source:                 rocketchip_wrapper/system/system_axi_interconnect_1_0/s00_couplers_imp_8CNLH6/system_axi_interconnect_1_imp_auto_pc_0/system_axi_interconnect_1_imp_auto_pc_0_axi_protocol_converter_v2_1_37_axi_protocol_converter/system_axi_interconnect_1_imp_auto_pc_0_axi_protocol_converter_v2_1_37_axi3_conv/system_axi_interconnect_1_imp_auto_pc_0_axi_protocol_converter_v2_1_37_a_axi3_conv__parameterized0/system_axi_interconnect_1_imp_auto_pc_0_axi_data_fifo_v2_1_36_axic_fifo__parameterized1/system_axi_interconnect_1_imp_auto_pc_0_axi_data_fifo_v2_1_36_fifo_gen__parameterized1/<hidden>/<hidden>/<hidden>/<hidden>/<hidden>/<hidden>
                            (rising edge-triggered cell FDPE clocked by host_clk_i  {rise@0.000ns fall@12.500ns period=25.000ns})
  Destination:            rocketchip_wrapper/system/system_axi_interconnect_1_0/s00_couplers_imp_8CNLH6/system_axi_interconnect_1_imp_auto_pc_0/system_axi_interconnect_1_imp_auto_pc_0_axi_protocol_converter_v2_1_37_axi_protocol_converter/system_axi_interconnect_1_imp_auto_pc_0_axi_protocol_converter_v2_1_37_axi3_conv/system_axi_interconnect_1_imp_auto_pc_0_axi_protocol_converter_v2_1_37_a_axi3_conv__parameterized0/system_axi_interconnect_1_imp_auto_pc_0_axi_data_fifo_v2_1_36_axic_fifo__parameterized1/system_axi_interconnect_1_imp_auto_pc_0_axi_data_fifo_v2_1_36_fifo_gen__parameterized1/<hidden>/<hidden>/<hidden>/<hidden>/<hidden>/<hidden>
                            (recovery check against rising-edge clock host_clk_i  {rise@0.000ns fall@12.500ns period=25.000ns})
  Path Group:             **async_default**
  Path Type:              Recovery (Max at Slow Process Corner)
  Requirement:            25.000ns  (host_clk_i rise@25.000ns - host_clk_i rise@0.000ns)
  Data Path Delay:        2.941ns  (logic 0.718ns (24.412%)  route 2.223ns (75.588%))
  Logic Levels:           1  (LUT3=1)
  Clock Path Skew:        -0.004ns (DCD - SCD + CPR)
    Destination Clock Delay (DCD):    6.242ns = ( 31.242 - 25.000 ) 
    Source Clock Delay      (SCD):    6.763ns
    Clock Pessimism Removal (CPR):    0.516ns
  Clock Uncertainty:      0.082ns  ((TSJ^2 + DJ^2)^1/2) / 2 + PE
    Total System Jitter     (TSJ):    0.071ns
    Discrete Jitter          (DJ):    0.147ns
    Phase Error              (PE):    0.000ns

    Location             Delay type                Incr(ns)  Path(ns)    Netlist Resource(s)
  -------------------------------------------------------------------    -------------------
                         (clock host_clk_i rise edge)
                                                      0.000     0.000 r  
    H16                                               0.000     0.000 r  clk (IN)
                         net (fo=0)                   0.000     0.000    clk
    H16                  IBUF (Prop_ibuf_I_O)         1.451     1.451 r  ibufg_gclk/O
                         net (fo=1, routed)           1.285     2.736    gclk_i
    MMCME2_ADV_X1Y2      MMCME2_ADV (Prop_mmcme2_adv_CLKIN1_CLKOUT0)
                                                      0.088     2.824 r  MMCME2_BASE_inst/CLKOUT0
                         net (fo=1, routed)           2.206     5.030    host_clk_i
    BUFGCTRL_X0Y16       BUFG (Prop_bufg_I_O)         0.101     5.131 r  bufg_host_clk/O
                         net (fo=7403, routed)        1.632     6.763    rocketchip_wrapper/system/system_axi_interconnect_1_0/s00_couplers_imp_8CNLH6/system_axi_interconnect_1_imp_auto_pc_0/system_axi_interconnect_1_imp_auto_pc_0_axi_protocol_converter_v2_1_37_axi_protocol_converter/system_axi_interconnect_1_imp_auto_pc_0_axi_protocol_converter_v2_1_37_axi3_conv/system_axi_interconnect_1_imp_auto_pc_0_axi_protocol_converter_v2_1_37_a_axi3_conv__parameterized0/system_axi_interconnect_1_imp_auto_pc_0_axi_data_fifo_v2_1_36_axic_fifo__parameterized1/system_axi_interconnect_1_imp_auto_pc_0_axi_data_fifo_v2_1_36_fifo_gen__parameterized1/<hidden>/<hidden>/<hidden>/<hidden>/<hidden>/<hidden>
    SLICE_X33Y74         FDPE                                         r  rocketchip_wrapper/system/system_axi_interconnect_1_0/s00_couplers_imp_8CNLH6/system_axi_interconnect_1_imp_auto_pc_0/system_axi_interconnect_1_imp_auto_pc_0_axi_protocol_converter_v2_1_37_axi_protocol_converter/system_axi_interconnect_1_imp_auto_pc_0_axi_protocol_converter_v2_1_37_axi3_conv/system_axi_interconnect_1_imp_auto_pc_0_axi_protocol_converter_v2_1_37_a_axi3_conv__parameterized0/system_axi_interconnect_1_imp_auto_pc_0_axi_data_fifo_v2_1_36_axic_fifo__parameterized1/system_axi_interconnect_1_imp_auto_pc_0_axi_data_fifo_v2_1_36_fifo_gen__parameterized1/<hidden>/<hidden>/<hidden>/<hidden>/<hidden>/<hidden>
  -------------------------------------------------------------------    -------------------
    SLICE_X33Y74         FDPE (Prop_fdpe_C_Q)         0.419     7.182 f  rocketchip_wrapper/system/system_axi_interconnect_1_0/s00_couplers_imp_8CNLH6/system_axi_interconnect_1_imp_auto_pc_0/system_axi_interconnect_1_imp_auto_pc_0_axi_protocol_converter_v2_1_37_axi_protocol_converter/system_axi_interconnect_1_imp_auto_pc_0_axi_protocol_converter_v2_1_37_axi3_conv/system_axi_interconnect_1_imp_auto_pc_0_axi_protocol_converter_v2_1_37_a_axi3_conv__parameterized0/system_axi_interconnect_1_imp_auto_pc_0_axi_data_fifo_v2_1_36_axic_fifo__parameterized1/system_axi_interconnect_1_imp_auto_pc_0_axi_data_fifo_v2_1_36_fifo_gen__parameterized1/<hidden>/<hidden>/<hidden>/<hidden>/<hidden>/<hidden>
                         net (fo=2, routed)           0.931     8.112    rocketchip_wrapper/system/system_axi_interconnect_1_0/s00_couplers_imp_8CNLH6/system_axi_interconnect_1_imp_auto_pc_0/system_axi_interconnect_1_imp_auto_pc_0_axi_protocol_converter_v2_1_37_axi_protocol_converter/system_axi_interconnect_1_imp_auto_pc_0_axi_protocol_converter_v2_1_37_axi3_conv/system_axi_interconnect_1_imp_auto_pc_0_axi_protocol_converter_v2_1_37_a_axi3_conv__parameterized0/system_axi_interconnect_1_imp_auto_pc_0_axi_data_fifo_v2_1_36_axic_fifo__parameterized1/system_axi_interconnect_1_imp_auto_pc_0_axi_data_fifo_v2_1_36_fifo_gen__parameterized1/<hidden>/<hidden>/<hidden>/<hidden>/<hidden>
    SLICE_X32Y74         LUT3 (Prop_lut3_I2_O)        0.299     8.411 f  rocketchip_wrapper/system/system_axi_interconnect_1_0/s00_couplers_imp_8CNLH6/system_axi_interconnect_1_imp_auto_pc_0/system_axi_interconnect_1_imp_auto_pc_0_axi_protocol_converter_v2_1_37_axi_protocol_converter/system_axi_interconnect_1_imp_auto_pc_0_axi_protocol_converter_v2_1_37_axi3_conv/system_axi_interconnect_1_imp_auto_pc_0_axi_protocol_converter_v2_1_37_a_axi3_conv__parameterized0/system_axi_interconnect_1_imp_auto_pc_0_axi_data_fifo_v2_1_36_axic_fifo__parameterized1/system_axi_interconnect_1_imp_auto_pc_0_axi_data_fifo_v2_1_36_fifo_gen__parameterized1/<hidden>/<hidden>/<hidden>/<hidden>/<hidden>
                         net (fo=33, routed)          1.292     9.704    rocketchip_wrapper/system/system_axi_interconnect_1_0/s00_couplers_imp_8CNLH6/system_axi_interconnect_1_imp_auto_pc_0/system_axi_interconnect_1_imp_auto_pc_0_axi_protocol_converter_v2_1_37_axi_protocol_converter/system_axi_interconnect_1_imp_auto_pc_0_axi_protocol_converter_v2_1_37_axi3_conv/system_axi_interconnect_1_imp_auto_pc_0_axi_protocol_converter_v2_1_37_a_axi3_conv__parameterized0/system_axi_interconnect_1_imp_auto_pc_0_axi_data_fifo_v2_1_36_axic_fifo__parameterized1/system_axi_interconnect_1_imp_auto_pc_0_axi_data_fifo_v2_1_36_fifo_gen__parameterized1/<hidden>/<hidden>/<hidden>/<hidden>/<hidden>/<hidden>
    SLICE_X29Y69         FDPE                                         f  rocketchip_wrapper/system/system_axi_interconnect_1_0/s00_couplers_imp_8CNLH6/system_axi_interconnect_1_imp_auto_pc_0/system_axi_interconnect_1_imp_auto_pc_0_axi_protocol_converter_v2_1_37_axi_protocol_converter/system_axi_interconnect_1_imp_auto_pc_0_axi_protocol_converter_v2_1_37_axi3_conv/system_axi_interconnect_1_imp_auto_pc_0_axi_protocol_converter_v2_1_37_a_axi3_conv__parameterized0/system_axi_interconnect_1_imp_auto_pc_0_axi_data_fifo_v2_1_36_axic_fifo__parameterized1/system_axi_interconnect_1_imp_auto_pc_0_axi_data_fifo_v2_1_36_fifo_gen__parameterized1/<hidden>/<hidden>/<hidden>/<hidden>/<hidden>/<hidden>
  -------------------------------------------------------------------    -------------------

                         (clock host_clk_i rise edge)
                                                     25.000    25.000 r  
    H16                                               0.000    25.000 r  clk (IN)
                         net (fo=0)                   0.000    25.000    clk
    H16                  IBUF (Prop_ibuf_I_O)         1.380    26.380 r  ibufg_gclk/O
                         net (fo=1, routed)           1.162    27.542    gclk_i
    MMCME2_ADV_X1Y2      MMCME2_ADV (Prop_mmcme2_adv_CLKIN1_CLKOUT0)
                                                      0.083    27.625 r  MMCME2_BASE_inst/CLKOUT0
                         net (fo=1, routed)           2.012    29.637    host_clk_i
    BUFGCTRL_X0Y16       BUFG (Prop_bufg_I_O)         0.091    29.728 r  bufg_host_clk/O
                         net (fo=7403, routed)        1.514    31.242    rocketchip_wrapper/system/system_axi_interconnect_1_0/s00_couplers_imp_8CNLH6/system_axi_interconnect_1_imp_auto_pc_0/system_axi_interconnect_1_imp_auto_pc_0_axi_protocol_converter_v2_1_37_axi_protocol_converter/system_axi_interconnect_1_imp_auto_pc_0_axi_protocol_converter_v2_1_37_axi3_conv/system_axi_interconnect_1_imp_auto_pc_0_axi_protocol_converter_v2_1_37_a_axi3_conv__parameterized0/system_axi_interconnect_1_imp_auto_pc_0_axi_data_fifo_v2_1_36_axic_fifo__parameterized1/system_axi_interconnect_1_imp_auto_pc_0_axi_data_fifo_v2_1_36_fifo_gen__parameterized1/<hidden>/<hidden>/<hidden>/<hidden>/<hidden>/<hidden>
    SLICE_X29Y69         FDPE                                         r  rocketchip_wrapper/system/system_axi_interconnect_1_0/s00_couplers_imp_8CNLH6/system_axi_interconnect_1_imp_auto_pc_0/system_axi_interconnect_1_imp_auto_pc_0_axi_protocol_converter_v2_1_37_axi_protocol_converter/system_axi_interconnect_1_imp_auto_pc_0_axi_protocol_converter_v2_1_37_axi3_conv/system_axi_interconnect_1_imp_auto_pc_0_axi_protocol_converter_v2_1_37_a_axi3_conv__parameterized0/system_axi_interconnect_1_imp_auto_pc_0_axi_data_fifo_v2_1_36_axic_fifo__parameterized1/system_axi_interconnect_1_imp_auto_pc_0_axi_data_fifo_v2_1_36_fifo_gen__parameterized1/<hidden>/<hidden>/<hidden>/<hidden>/<hidden>/<hidden>
                         clock pessimism              0.516    31.759    
                         clock uncertainty           -0.082    31.677    
    SLICE_X29Y69         FDPE (Recov_fdpe_C_PRE)     -0.359    31.318    rocketchip_wrapper/system/system_axi_interconnect_1_0/s00_couplers_imp_8CNLH6/system_axi_interconnect_1_imp_auto_pc_0/system_axi_interconnect_1_imp_auto_pc_0_axi_protocol_converter_v2_1_37_axi_protocol_converter/system_axi_interconnect_1_imp_auto_pc_0_axi_protocol_converter_v2_1_37_axi3_conv/system_axi_interconnect_1_imp_auto_pc_0_axi_protocol_converter_v2_1_37_a_axi3_conv__parameterized0/system_axi_interconnect_1_imp_auto_pc_0_axi_data_fifo_v2_1_36_axic_fifo__parameterized1/system_axi_interconnect_1_imp_auto_pc_0_axi_data_fifo_v2_1_36_fifo_gen__parameterized1/<hidden>/<hidden>/<hidden>/<hidden>/<hidden>/<hidden>
  -------------------------------------------------------------------
                         required time                         31.318    
                         arrival time                          -9.704    
  -------------------------------------------------------------------
                         slack                                 21.614    

Slack (MET) :             21.614ns  (required time - arrival time)
  Source:                 rocketchip_wrapper/system/system_axi_interconnect_1_0/s00_couplers_imp_8CNLH6/system_axi_interconnect_1_imp_auto_pc_0/system_axi_interconnect_1_imp_auto_pc_0_axi_protocol_converter_v2_1_37_axi_protocol_converter/system_axi_interconnect_1_imp_auto_pc_0_axi_protocol_converter_v2_1_37_axi3_conv/system_axi_interconnect_1_imp_auto_pc_0_axi_protocol_converter_v2_1_37_a_axi3_conv__parameterized0/system_axi_interconnect_1_imp_auto_pc_0_axi_data_fifo_v2_1_36_axic_fifo__parameterized1/system_axi_interconnect_1_imp_auto_pc_0_axi_data_fifo_v2_1_36_fifo_gen__parameterized1/<hidden>/<hidden>/<hidden>/<hidden>/<hidden>/<hidden>
                            (rising edge-triggered cell FDPE clocked by host_clk_i  {rise@0.000ns fall@12.500ns period=25.000ns})
  Destination:            rocketchip_wrapper/system/system_axi_interconnect_1_0/s00_couplers_imp_8CNLH6/system_axi_interconnect_1_imp_auto_pc_0/system_axi_interconnect_1_imp_auto_pc_0_axi_protocol_converter_v2_1_37_axi_protocol_converter/system_axi_interconnect_1_imp_auto_pc_0_axi_protocol_converter_v2_1_37_axi3_conv/system_axi_interconnect_1_imp_auto_pc_0_axi_protocol_converter_v2_1_37_a_axi3_conv__parameterized0/system_axi_interconnect_1_imp_auto_pc_0_axi_data_fifo_v2_1_36_axic_fifo__parameterized1/system_axi_interconnect_1_imp_auto_pc_0_axi_data_fifo_v2_1_36_fifo_gen__parameterized1/<hidden>/<hidden>/<hidden>/<hidden>/<hidden>/<hidden>
                            (recovery check against rising-edge clock host_clk_i  {rise@0.000ns fall@12.500ns period=25.000ns})
  Path Group:             **async_default**
  Path Type:              Recovery (Max at Slow Process Corner)
  Requirement:            25.000ns  (host_clk_i rise@25.000ns - host_clk_i rise@0.000ns)
  Data Path Delay:        2.941ns  (logic 0.718ns (24.412%)  route 2.223ns (75.588%))
  Logic Levels:           1  (LUT3=1)
  Clock Path Skew:        -0.004ns (DCD - SCD + CPR)
    Destination Clock Delay (DCD):    6.242ns = ( 31.242 - 25.000 ) 
    Source Clock Delay      (SCD):    6.763ns
    Clock Pessimism Removal (CPR):    0.516ns
  Clock Uncertainty:      0.082ns  ((TSJ^2 + DJ^2)^1/2) / 2 + PE
    Total System Jitter     (TSJ):    0.071ns
    Discrete Jitter          (DJ):    0.147ns
    Phase Error              (PE):    0.000ns

    Location             Delay type                Incr(ns)  Path(ns)    Netlist Resource(s)
  -------------------------------------------------------------------    -------------------
                         (clock host_clk_i rise edge)
                                                      0.000     0.000 r  
    H16                                               0.000     0.000 r  clk (IN)
                         net (fo=0)                   0.000     0.000    clk
    H16                  IBUF (Prop_ibuf_I_O)         1.451     1.451 r  ibufg_gclk/O
                         net (fo=1, routed)           1.285     2.736    gclk_i
    MMCME2_ADV_X1Y2      MMCME2_ADV (Prop_mmcme2_adv_CLKIN1_CLKOUT0)
                                                      0.088     2.824 r  MMCME2_BASE_inst/CLKOUT0
                         net (fo=1, routed)           2.206     5.030    host_clk_i
    BUFGCTRL_X0Y16       BUFG (Prop_bufg_I_O)         0.101     5.131 r  bufg_host_clk/O
                         net (fo=7403, routed)        1.632     6.763    rocketchip_wrapper/system/system_axi_interconnect_1_0/s00_couplers_imp_8CNLH6/system_axi_interconnect_1_imp_auto_pc_0/system_axi_interconnect_1_imp_auto_pc_0_axi_protocol_converter_v2_1_37_axi_protocol_converter/system_axi_interconnect_1_imp_auto_pc_0_axi_protocol_converter_v2_1_37_axi3_conv/system_axi_interconnect_1_imp_auto_pc_0_axi_protocol_converter_v2_1_37_a_axi3_conv__parameterized0/system_axi_interconnect_1_imp_auto_pc_0_axi_data_fifo_v2_1_36_axic_fifo__parameterized1/system_axi_interconnect_1_imp_auto_pc_0_axi_data_fifo_v2_1_36_fifo_gen__parameterized1/<hidden>/<hidden>/<hidden>/<hidden>/<hidden>/<hidden>
    SLICE_X33Y74         FDPE                                         r  rocketchip_wrapper/system/system_axi_interconnect_1_0/s00_couplers_imp_8CNLH6/system_axi_interconnect_1_imp_auto_pc_0/system_axi_interconnect_1_imp_auto_pc_0_axi_protocol_converter_v2_1_37_axi_protocol_converter/system_axi_interconnect_1_imp_auto_pc_0_axi_protocol_converter_v2_1_37_axi3_conv/system_axi_interconnect_1_imp_auto_pc_0_axi_protocol_converter_v2_1_37_a_axi3_conv__parameterized0/system_axi_interconnect_1_imp_auto_pc_0_axi_data_fifo_v2_1_36_axic_fifo__parameterized1/system_axi_interconnect_1_imp_auto_pc_0_axi_data_fifo_v2_1_36_fifo_gen__parameterized1/<hidden>/<hidden>/<hidden>/<hidden>/<hidden>/<hidden>
  -------------------------------------------------------------------    -------------------
    SLICE_X33Y74         FDPE (Prop_fdpe_C_Q)         0.419     7.182 f  rocketchip_wrapper/system/system_axi_interconnect_1_0/s00_couplers_imp_8CNLH6/system_axi_interconnect_1_imp_auto_pc_0/system_axi_interconnect_1_imp_auto_pc_0_axi_protocol_converter_v2_1_37_axi_protocol_converter/system_axi_interconnect_1_imp_auto_pc_0_axi_protocol_converter_v2_1_37_axi3_conv/system_axi_interconnect_1_imp_auto_pc_0_axi_protocol_converter_v2_1_37_a_axi3_conv__parameterized0/system_axi_interconnect_1_imp_auto_pc_0_axi_data_fifo_v2_1_36_axic_fifo__parameterized1/system_axi_interconnect_1_imp_auto_pc_0_axi_data_fifo_v2_1_36_fifo_gen__parameterized1/<hidden>/<hidden>/<hidden>/<hidden>/<hidden>/<hidden>
                         net (fo=2, routed)           0.931     8.112    rocketchip_wrapper/system/system_axi_interconnect_1_0/s00_couplers_imp_8CNLH6/system_axi_interconnect_1_imp_auto_pc_0/system_axi_interconnect_1_imp_auto_pc_0_axi_protocol_converter_v2_1_37_axi_protocol_converter/system_axi_interconnect_1_imp_auto_pc_0_axi_protocol_converter_v2_1_37_axi3_conv/system_axi_interconnect_1_imp_auto_pc_0_axi_protocol_converter_v2_1_37_a_axi3_conv__parameterized0/system_axi_interconnect_1_imp_auto_pc_0_axi_data_fifo_v2_1_36_axic_fifo__parameterized1/system_axi_interconnect_1_imp_auto_pc_0_axi_data_fifo_v2_1_36_fifo_gen__parameterized1/<hidden>/<hidden>/<hidden>/<hidden>/<hidden>
    SLICE_X32Y74         LUT3 (Prop_lut3_I2_O)        0.299     8.411 f  rocketchip_wrapper/system/system_axi_interconnect_1_0/s00_couplers_imp_8CNLH6/system_axi_interconnect_1_imp_auto_pc_0/system_axi_interconnect_1_imp_auto_pc_0_axi_protocol_converter_v2_1_37_axi_protocol_converter/system_axi_interconnect_1_imp_auto_pc_0_axi_protocol_converter_v2_1_37_axi3_conv/system_axi_interconnect_1_imp_auto_pc_0_axi_protocol_converter_v2_1_37_a_axi3_conv__parameterized0/system_axi_interconnect_1_imp_auto_pc_0_axi_data_fifo_v2_1_36_axic_fifo__parameterized1/system_axi_interconnect_1_imp_auto_pc_0_axi_data_fifo_v2_1_36_fifo_gen__parameterized1/<hidden>/<hidden>/<hidden>/<hidden>/<hidden>
                         net (fo=33, routed)          1.292     9.704    rocketchip_wrapper/system/system_axi_interconnect_1_0/s00_couplers_imp_8CNLH6/system_axi_interconnect_1_imp_auto_pc_0/system_axi_interconnect_1_imp_auto_pc_0_axi_protocol_converter_v2_1_37_axi_protocol_converter/system_axi_interconnect_1_imp_auto_pc_0_axi_protocol_converter_v2_1_37_axi3_conv/system_axi_interconnect_1_imp_auto_pc_0_axi_protocol_converter_v2_1_37_a_axi3_conv__parameterized0/system_axi_interconnect_1_imp_auto_pc_0_axi_data_fifo_v2_1_36_axic_fifo__parameterized1/system_axi_interconnect_1_imp_auto_pc_0_axi_data_fifo_v2_1_36_fifo_gen__parameterized1/<hidden>/<hidden>/<hidden>/<hidden>/<hidden>/<hidden>
    SLICE_X29Y69         FDPE                                         f  rocketchip_wrapper/system/system_axi_interconnect_1_0/s00_couplers_imp_8CNLH6/system_axi_interconnect_1_imp_auto_pc_0/system_axi_interconnect_1_imp_auto_pc_0_axi_protocol_converter_v2_1_37_axi_protocol_converter/system_axi_interconnect_1_imp_auto_pc_0_axi_protocol_converter_v2_1_37_axi3_conv/system_axi_interconnect_1_imp_auto_pc_0_axi_protocol_converter_v2_1_37_a_axi3_conv__parameterized0/system_axi_interconnect_1_imp_auto_pc_0_axi_data_fifo_v2_1_36_axic_fifo__parameterized1/system_axi_interconnect_1_imp_auto_pc_0_axi_data_fifo_v2_1_36_fifo_gen__parameterized1/<hidden>/<hidden>/<hidden>/<hidden>/<hidden>/<hidden>
  -------------------------------------------------------------------    -------------------

                         (clock host_clk_i rise edge)
                                                     25.000    25.000 r  
    H16                                               0.000    25.000 r  clk (IN)
                         net (fo=0)                   0.000    25.000    clk
    H16                  IBUF (Prop_ibuf_I_O)         1.380    26.380 r  ibufg_gclk/O
                         net (fo=1, routed)           1.162    27.542    gclk_i
    MMCME2_ADV_X1Y2      MMCME2_ADV (Prop_mmcme2_adv_CLKIN1_CLKOUT0)
                                                      0.083    27.625 r  MMCME2_BASE_inst/CLKOUT0
                         net (fo=1, routed)           2.012    29.637    host_clk_i
    BUFGCTRL_X0Y16       BUFG (Prop_bufg_I_O)         0.091    29.728 r  bufg_host_clk/O
                         net (fo=7403, routed)        1.514    31.242    rocketchip_wrapper/system/system_axi_interconnect_1_0/s00_couplers_imp_8CNLH6/system_axi_interconnect_1_imp_auto_pc_0/system_axi_interconnect_1_imp_auto_pc_0_axi_protocol_converter_v2_1_37_axi_protocol_converter/system_axi_interconnect_1_imp_auto_pc_0_axi_protocol_converter_v2_1_37_axi3_conv/system_axi_interconnect_1_imp_auto_pc_0_axi_protocol_converter_v2_1_37_a_axi3_conv__parameterized0/system_axi_interconnect_1_imp_auto_pc_0_axi_data_fifo_v2_1_36_axic_fifo__parameterized1/system_axi_interconnect_1_imp_auto_pc_0_axi_data_fifo_v2_1_36_fifo_gen__parameterized1/<hidden>/<hidden>/<hidden>/<hidden>/<hidden>/<hidden>
    SLICE_X29Y69         FDPE                                         r  rocketchip_wrapper/system/system_axi_interconnect_1_0/s00_couplers_imp_8CNLH6/system_axi_interconnect_1_imp_auto_pc_0/system_axi_interconnect_1_imp_auto_pc_0_axi_protocol_converter_v2_1_37_axi_protocol_converter/system_axi_interconnect_1_imp_auto_pc_0_axi_protocol_converter_v2_1_37_axi3_conv/system_axi_interconnect_1_imp_auto_pc_0_axi_protocol_converter_v2_1_37_a_axi3_conv__parameterized0/system_axi_interconnect_1_imp_auto_pc_0_axi_data_fifo_v2_1_36_axic_fifo__parameterized1/system_axi_interconnect_1_imp_auto_pc_0_axi_data_fifo_v2_1_36_fifo_gen__parameterized1/<hidden>/<hidden>/<hidden>/<hidden>/<hidden>/<hidden>
                         clock pessimism              0.516    31.759    
                         clock uncertainty           -0.082    31.677    
    SLICE_X29Y69         FDPE (Recov_fdpe_C_PRE)     -0.359    31.318    rocketchip_wrapper/system/system_axi_interconnect_1_0/s00_couplers_imp_8CNLH6/system_axi_interconnect_1_imp_auto_pc_0/system_axi_interconnect_1_imp_auto_pc_0_axi_protocol_converter_v2_1_37_axi_protocol_converter/system_axi_interconnect_1_imp_auto_pc_0_axi_protocol_converter_v2_1_37_axi3_conv/system_axi_interconnect_1_imp_auto_pc_0_axi_protocol_converter_v2_1_37_a_axi3_conv__parameterized0/system_axi_interconnect_1_imp_auto_pc_0_axi_data_fifo_v2_1_36_axic_fifo__parameterized1/system_axi_interconnect_1_imp_auto_pc_0_axi_data_fifo_v2_1_36_fifo_gen__parameterized1/<hidden>/<hidden>/<hidden>/<hidden>/<hidden>/<hidden>
  -------------------------------------------------------------------
                         required time                         31.318    
                         arrival time                          -9.704    
  -------------------------------------------------------------------
                         slack                                 21.614    

Slack (MET) :             21.708ns  (required time - arrival time)
  Source:                 rocketchip_wrapper/system/system_axi_interconnect_1_0/s00_couplers_imp_8CNLH6/system_axi_interconnect_1_imp_auto_pc_0/system_axi_interconnect_1_imp_auto_pc_0_axi_protocol_converter_v2_1_37_axi_protocol_converter/system_axi_interconnect_1_imp_auto_pc_0_axi_protocol_converter_v2_1_37_axi3_conv/system_axi_interconnect_1_imp_auto_pc_0_axi_protocol_converter_v2_1_37_a_axi3_conv/system_axi_interconnect_1_imp_auto_pc_0_axi_data_fifo_v2_1_36_axic_fifo/system_axi_interconnect_1_imp_auto_pc_0_axi_data_fifo_v2_1_36_fifo_gen/<hidden>/<hidden>/<hidden>/<hidden>/<hidden>
                            (rising edge-triggered cell FDRE clocked by host_clk_i  {rise@0.000ns fall@12.500ns period=25.000ns})
  Destination:            rocketchip_wrapper/system/system_axi_interconnect_1_0/s00_couplers_imp_8CNLH6/system_axi_interconnect_1_imp_auto_pc_0/system_axi_interconnect_1_imp_auto_pc_0_axi_protocol_converter_v2_1_37_axi_protocol_converter/system_axi_interconnect_1_imp_auto_pc_0_axi_protocol_converter_v2_1_37_axi3_conv/system_axi_interconnect_1_imp_auto_pc_0_axi_protocol_converter_v2_1_37_a_axi3_conv/system_axi_interconnect_1_imp_auto_pc_0_axi_data_fifo_v2_1_36_axic_fifo/system_axi_interconnect_1_imp_auto_pc_0_axi_data_fifo_v2_1_36_fifo_gen/<hidden>/<hidden>/<hidden>/<hidden>/<hidden>/<hidden>
                            (recovery check against rising-edge clock host_clk_i  {rise@0.000ns fall@12.500ns period=25.000ns})
  Path Group:             **async_default**
  Path Type:              Recovery (Max at Slow Process Corner)
  Requirement:            25.000ns  (host_clk_i rise@25.000ns - host_clk_i rise@0.000ns)
  Data Path Delay:        2.827ns  (logic 0.580ns (20.519%)  route 2.247ns (79.481%))
  Logic Levels:           1  (LUT3=1)
  Clock Path Skew:        -0.023ns (DCD - SCD + CPR)
    Destination Clock Delay (DCD):    6.242ns = ( 31.242 - 25.000 ) 
    Source Clock Delay      (SCD):    6.817ns
    Clock Pessimism Removal (CPR):    0.551ns
  Clock Uncertainty:      0.082ns  ((TSJ^2 + DJ^2)^1/2) / 2 + PE
    Total System Jitter     (TSJ):    0.071ns
    Discrete Jitter          (DJ):    0.147ns
    Phase Error              (PE):    0.000ns

    Location             Delay type                Incr(ns)  Path(ns)    Netlist Resource(s)
  -------------------------------------------------------------------    -------------------
                         (clock host_clk_i rise edge)
                                                      0.000     0.000 r  
    H16                                               0.000     0.000 r  clk (IN)
                         net (fo=0)                   0.000     0.000    clk
    H16                  IBUF (Prop_ibuf_I_O)         1.451     1.451 r  ibufg_gclk/O
                         net (fo=1, routed)           1.285     2.736    gclk_i
    MMCME2_ADV_X1Y2      MMCME2_ADV (Prop_mmcme2_adv_CLKIN1_CLKOUT0)
                                                      0.088     2.824 r  MMCME2_BASE_inst/CLKOUT0
                         net (fo=1, routed)           2.206     5.030    host_clk_i
    BUFGCTRL_X0Y16       BUFG (Prop_bufg_I_O)         0.101     5.131 r  bufg_host_clk/O
                         net (fo=7403, routed)        1.686     6.817    rocketchip_wrapper/system/system_axi_interconnect_1_0/s00_couplers_imp_8CNLH6/system_axi_interconnect_1_imp_auto_pc_0/system_axi_interconnect_1_imp_auto_pc_0_axi_protocol_converter_v2_1_37_axi_protocol_converter/system_axi_interconnect_1_imp_auto_pc_0_axi_protocol_converter_v2_1_37_axi3_conv/system_axi_interconnect_1_imp_auto_pc_0_axi_protocol_converter_v2_1_37_a_axi3_conv/system_axi_interconnect_1_imp_auto_pc_0_axi_data_fifo_v2_1_36_axic_fifo/system_axi_interconnect_1_imp_auto_pc_0_axi_data_fifo_v2_1_36_fifo_gen/<hidden>/<hidden>/<hidden>/<hidden>/<hidden>
    SLICE_X27Y67         FDRE                                         r  rocketchip_wrapper/system/system_axi_interconnect_1_0/s00_couplers_imp_8CNLH6/system_axi_interconnect_1_imp_auto_pc_0/system_axi_interconnect_1_imp_auto_pc_0_axi_protocol_converter_v2_1_37_axi_protocol_converter/system_axi_interconnect_1_imp_auto_pc_0_axi_protocol_converter_v2_1_37_axi3_conv/system_axi_interconnect_1_imp_auto_pc_0_axi_protocol_converter_v2_1_37_a_axi3_conv/system_axi_interconnect_1_imp_auto_pc_0_axi_data_fifo_v2_1_36_axic_fifo/system_axi_interconnect_1_imp_auto_pc_0_axi_data_fifo_v2_1_36_fifo_gen/<hidden>/<hidden>/<hidden>/<hidden>/<hidden>
  -------------------------------------------------------------------    -------------------
    SLICE_X27Y67         FDRE (Prop_fdre_C_Q)         0.456     7.273 f  rocketchip_wrapper/system/system_axi_interconnect_1_0/s00_couplers_imp_8CNLH6/system_axi_interconnect_1_imp_auto_pc_0/system_axi_interconnect_1_imp_auto_pc_0_axi_protocol_converter_v2_1_37_axi_protocol_converter/system_axi_interconnect_1_imp_auto_pc_0_axi_protocol_converter_v2_1_37_axi3_conv/system_axi_interconnect_1_imp_auto_pc_0_axi_protocol_converter_v2_1_37_a_axi3_conv/system_axi_interconnect_1_imp_auto_pc_0_axi_data_fifo_v2_1_36_axic_fifo/system_axi_interconnect_1_imp_auto_pc_0_axi_data_fifo_v2_1_36_fifo_gen/<hidden>/<hidden>/<hidden>/<hidden>/<hidden>
                         net (fo=3, routed)           0.693     7.966    rocketchip_wrapper/system/system_axi_interconnect_1_0/s00_couplers_imp_8CNLH6/system_axi_interconnect_1_imp_auto_pc_0/system_axi_interconnect_1_imp_auto_pc_0_axi_protocol_converter_v2_1_37_axi_protocol_converter/system_axi_interconnect_1_imp_auto_pc_0_axi_protocol_converter_v2_1_37_axi3_conv/system_axi_interconnect_1_imp_auto_pc_0_axi_protocol_converter_v2_1_37_a_axi3_conv/system_axi_interconnect_1_imp_auto_pc_0_axi_data_fifo_v2_1_36_axic_fifo/system_axi_interconnect_1_imp_auto_pc_0_axi_data_fifo_v2_1_36_fifo_gen/<hidden>/<hidden>/<hidden>/<hidden>/<hidden>
    SLICE_X26Y67         LUT3 (Prop_lut3_I1_O)        0.124     8.090 f  rocketchip_wrapper/system/system_axi_interconnect_1_0/s00_couplers_imp_8CNLH6/system_axi_interconnect_1_imp_auto_pc_0/system_axi_interconnect_1_imp_auto_pc_0_axi_protocol_converter_v2_1_37_axi_protocol_converter/system_axi_interconnect_1_imp_auto_pc_0_axi_protocol_converter_v2_1_37_axi3_conv/system_axi_interconnect_1_imp_auto_pc_0_axi_protocol_converter_v2_1_37_a_axi3_conv/system_axi_interconnect_1_imp_auto_pc_0_axi_data_fifo_v2_1_36_axic_fifo/system_axi_interconnect_1_imp_auto_pc_0_axi_data_fifo_v2_1_36_fifo_gen/<hidden>/<hidden>/<hidden>/<hidden>/<hidden>
                         net (fo=32, routed)          1.553     9.643    rocketchip_wrapper/system/system_axi_interconnect_1_0/s00_couplers_imp_8CNLH6/system_axi_interconnect_1_imp_auto_pc_0/system_axi_interconnect_1_imp_auto_pc_0_axi_protocol_converter_v2_1_37_axi_protocol_converter/system_axi_interconnect_1_imp_auto_pc_0_axi_protocol_converter_v2_1_37_axi3_conv/system_axi_interconnect_1_imp_auto_pc_0_axi_protocol_converter_v2_1_37_a_axi3_conv/system_axi_interconnect_1_imp_auto_pc_0_axi_data_fifo_v2_1_36_axic_fifo/system_axi_interconnect_1_imp_auto_pc_0_axi_data_fifo_v2_1_36_fifo_gen/<hidden>/<hidden>/<hidden>/<hidden>/<hidden>/<hidden>
    SLICE_X26Y66         FDPE                                         f  rocketchip_wrapper/system/system_axi_interconnect_1_0/s00_couplers_imp_8CNLH6/system_axi_interconnect_1_imp_auto_pc_0/system_axi_interconnect_1_imp_auto_pc_0_axi_protocol_converter_v2_1_37_axi_protocol_converter/system_axi_interconnect_1_imp_auto_pc_0_axi_protocol_converter_v2_1_37_axi3_conv/system_axi_interconnect_1_imp_auto_pc_0_axi_protocol_converter_v2_1_37_a_axi3_conv/system_axi_interconnect_1_imp_auto_pc_0_axi_data_fifo_v2_1_36_axic_fifo/system_axi_interconnect_1_imp_auto_pc_0_axi_data_fifo_v2_1_36_fifo_gen/<hidden>/<hidden>/<hidden>/<hidden>/<hidden>/<hidden>
  -------------------------------------------------------------------    -------------------

                         (clock host_clk_i rise edge)
                                                     25.000    25.000 r  
    H16                                               0.000    25.000 r  clk (IN)
                         net (fo=0)                   0.000    25.000    clk
    H16                  IBUF (Prop_ibuf_I_O)         1.380    26.380 r  ibufg_gclk/O
                         net (fo=1, routed)           1.162    27.542    gclk_i
    MMCME2_ADV_X1Y2      MMCME2_ADV (Prop_mmcme2_adv_CLKIN1_CLKOUT0)
                                                      0.083    27.625 r  MMCME2_BASE_inst/CLKOUT0
                         net (fo=1, routed)           2.012    29.637    host_clk_i
    BUFGCTRL_X0Y16       BUFG (Prop_bufg_I_O)         0.091    29.728 r  bufg_host_clk/O
                         net (fo=7403, routed)        1.514    31.242    rocketchip_wrapper/system/system_axi_interconnect_1_0/s00_couplers_imp_8CNLH6/system_axi_interconnect_1_imp_auto_pc_0/system_axi_interconnect_1_imp_auto_pc_0_axi_protocol_converter_v2_1_37_axi_protocol_converter/system_axi_interconnect_1_imp_auto_pc_0_axi_protocol_converter_v2_1_37_axi3_conv/system_axi_interconnect_1_imp_auto_pc_0_axi_protocol_converter_v2_1_37_a_axi3_conv/system_axi_interconnect_1_imp_auto_pc_0_axi_data_fifo_v2_1_36_axic_fifo/system_axi_interconnect_1_imp_auto_pc_0_axi_data_fifo_v2_1_36_fifo_gen/<hidden>/<hidden>/<hidden>/<hidden>/<hidden>/<hidden>
    SLICE_X26Y66         FDPE                                         r  rocketchip_wrapper/system/system_axi_interconnect_1_0/s00_couplers_imp_8CNLH6/system_axi_interconnect_1_imp_auto_pc_0/system_axi_interconnect_1_imp_auto_pc_0_axi_protocol_converter_v2_1_37_axi_protocol_converter/system_axi_interconnect_1_imp_auto_pc_0_axi_protocol_converter_v2_1_37_axi3_conv/system_axi_interconnect_1_imp_auto_pc_0_axi_protocol_converter_v2_1_37_a_axi3_conv/system_axi_interconnect_1_imp_auto_pc_0_axi_data_fifo_v2_1_36_axic_fifo/system_axi_interconnect_1_imp_auto_pc_0_axi_data_fifo_v2_1_36_fifo_gen/<hidden>/<hidden>/<hidden>/<hidden>/<hidden>/<hidden>
                         clock pessimism              0.551    31.794    
                         clock uncertainty           -0.082    31.712    
    SLICE_X26Y66         FDPE (Recov_fdpe_C_PRE)     -0.361    31.351    rocketchip_wrapper/system/system_axi_interconnect_1_0/s00_couplers_imp_8CNLH6/system_axi_interconnect_1_imp_auto_pc_0/system_axi_interconnect_1_imp_auto_pc_0_axi_protocol_converter_v2_1_37_axi_protocol_converter/system_axi_interconnect_1_imp_auto_pc_0_axi_protocol_converter_v2_1_37_axi3_conv/system_axi_interconnect_1_imp_auto_pc_0_axi_protocol_converter_v2_1_37_a_axi3_conv/system_axi_interconnect_1_imp_auto_pc_0_axi_data_fifo_v2_1_36_axic_fifo/system_axi_interconnect_1_imp_auto_pc_0_axi_data_fifo_v2_1_36_fifo_gen/<hidden>/<hidden>/<hidden>/<hidden>/<hidden>/<hidden>
  -------------------------------------------------------------------
                         required time                         31.351    
                         arrival time                          -9.643    
  -------------------------------------------------------------------
                         slack                                 21.708    

Slack (MET) :             21.708ns  (required time - arrival time)
  Source:                 rocketchip_wrapper/system/system_axi_interconnect_1_0/s00_couplers_imp_8CNLH6/system_axi_interconnect_1_imp_auto_pc_0/system_axi_interconnect_1_imp_auto_pc_0_axi_protocol_converter_v2_1_37_axi_protocol_converter/system_axi_interconnect_1_imp_auto_pc_0_axi_protocol_converter_v2_1_37_axi3_conv/system_axi_interconnect_1_imp_auto_pc_0_axi_protocol_converter_v2_1_37_a_axi3_conv/system_axi_interconnect_1_imp_auto_pc_0_axi_data_fifo_v2_1_36_axic_fifo/system_axi_interconnect_1_imp_auto_pc_0_axi_data_fifo_v2_1_36_fifo_gen/<hidden>/<hidden>/<hidden>/<hidden>/<hidden>
                            (rising edge-triggered cell FDRE clocked by host_clk_i  {rise@0.000ns fall@12.500ns period=25.000ns})
  Destination:            rocketchip_wrapper/system/system_axi_interconnect_1_0/s00_couplers_imp_8CNLH6/system_axi_interconnect_1_imp_auto_pc_0/system_axi_interconnect_1_imp_auto_pc_0_axi_protocol_converter_v2_1_37_axi_protocol_converter/system_axi_interconnect_1_imp_auto_pc_0_axi_protocol_converter_v2_1_37_axi3_conv/system_axi_interconnect_1_imp_auto_pc_0_axi_protocol_converter_v2_1_37_a_axi3_conv/system_axi_interconnect_1_imp_auto_pc_0_axi_data_fifo_v2_1_36_axic_fifo/system_axi_interconnect_1_imp_auto_pc_0_axi_data_fifo_v2_1_36_fifo_gen/<hidden>/<hidden>/<hidden>/<hidden>/<hidden>/<hidden>
                            (recovery check against rising-edge clock host_clk_i  {rise@0.000ns fall@12.500ns period=25.000ns})
  Path Group:             **async_default**
  Path Type:              Recovery (Max at Slow Process Corner)
  Requirement:            25.000ns  (host_clk_i rise@25.000ns - host_clk_i rise@0.000ns)
  Data Path Delay:        2.827ns  (logic 0.580ns (20.519%)  route 2.247ns (79.481%))
  Logic Levels:           1  (LUT3=1)
  Clock Path Skew:        -0.023ns (DCD - SCD + CPR)
    Destination Clock Delay (DCD):    6.242ns = ( 31.242 - 25.000 ) 
    Source Clock Delay      (SCD):    6.817ns
    Clock Pessimism Removal (CPR):    0.551ns
  Clock Uncertainty:      0.082ns  ((TSJ^2 + DJ^2)^1/2) / 2 + PE
    Total System Jitter     (TSJ):    0.071ns
    Discrete Jitter          (DJ):    0.147ns
    Phase Error              (PE):    0.000ns

    Location             Delay type                Incr(ns)  Path(ns)    Netlist Resource(s)
  -------------------------------------------------------------------    -------------------
                         (clock host_clk_i rise edge)
                                                      0.000     0.000 r  
    H16                                               0.000     0.000 r  clk (IN)
                         net (fo=0)                   0.000     0.000    clk
    H16                  IBUF (Prop_ibuf_I_O)         1.451     1.451 r  ibufg_gclk/O
                         net (fo=1, routed)           1.285     2.736    gclk_i
    MMCME2_ADV_X1Y2      MMCME2_ADV (Prop_mmcme2_adv_CLKIN1_CLKOUT0)
                                                      0.088     2.824 r  MMCME2_BASE_inst/CLKOUT0
                         net (fo=1, routed)           2.206     5.030    host_clk_i
    BUFGCTRL_X0Y16       BUFG (Prop_bufg_I_O)         0.101     5.131 r  bufg_host_clk/O
                         net (fo=7403, routed)        1.686     6.817    rocketchip_wrapper/system/system_axi_interconnect_1_0/s00_couplers_imp_8CNLH6/system_axi_interconnect_1_imp_auto_pc_0/system_axi_interconnect_1_imp_auto_pc_0_axi_protocol_converter_v2_1_37_axi_protocol_converter/system_axi_interconnect_1_imp_auto_pc_0_axi_protocol_converter_v2_1_37_axi3_conv/system_axi_interconnect_1_imp_auto_pc_0_axi_protocol_converter_v2_1_37_a_axi3_conv/system_axi_interconnect_1_imp_auto_pc_0_axi_data_fifo_v2_1_36_axic_fifo/system_axi_interconnect_1_imp_auto_pc_0_axi_data_fifo_v2_1_36_fifo_gen/<hidden>/<hidden>/<hidden>/<hidden>/<hidden>
    SLICE_X27Y67         FDRE                                         r  rocketchip_wrapper/system/system_axi_interconnect_1_0/s00_couplers_imp_8CNLH6/system_axi_interconnect_1_imp_auto_pc_0/system_axi_interconnect_1_imp_auto_pc_0_axi_protocol_converter_v2_1_37_axi_protocol_converter/system_axi_interconnect_1_imp_auto_pc_0_axi_protocol_converter_v2_1_37_axi3_conv/system_axi_interconnect_1_imp_auto_pc_0_axi_protocol_converter_v2_1_37_a_axi3_conv/system_axi_interconnect_1_imp_auto_pc_0_axi_data_fifo_v2_1_36_axic_fifo/system_axi_interconnect_1_imp_auto_pc_0_axi_data_fifo_v2_1_36_fifo_gen/<hidden>/<hidden>/<hidden>/<hidden>/<hidden>
  -------------------------------------------------------------------    -------------------
    SLICE_X27Y67         FDRE (Prop_fdre_C_Q)         0.456     7.273 f  rocketchip_wrapper/system/system_axi_interconnect_1_0/s00_couplers_imp_8CNLH6/system_axi_interconnect_1_imp_auto_pc_0/system_axi_interconnect_1_imp_auto_pc_0_axi_protocol_converter_v2_1_37_axi_protocol_converter/system_axi_interconnect_1_imp_auto_pc_0_axi_protocol_converter_v2_1_37_axi3_conv/system_axi_interconnect_1_imp_auto_pc_0_axi_protocol_converter_v2_1_37_a_axi3_conv/system_axi_interconnect_1_imp_auto_pc_0_axi_data_fifo_v2_1_36_axic_fifo/system_axi_interconnect_1_imp_auto_pc_0_axi_data_fifo_v2_1_36_fifo_gen/<hidden>/<hidden>/<hidden>/<hidden>/<hidden>
                         net (fo=3, routed)           0.693     7.966    rocketchip_wrapper/system/system_axi_interconnect_1_0/s00_couplers_imp_8CNLH6/system_axi_interconnect_1_imp_auto_pc_0/system_axi_interconnect_1_imp_auto_pc_0_axi_protocol_converter_v2_1_37_axi_protocol_converter/system_axi_interconnect_1_imp_auto_pc_0_axi_protocol_converter_v2_1_37_axi3_conv/system_axi_interconnect_1_imp_auto_pc_0_axi_protocol_converter_v2_1_37_a_axi3_conv/system_axi_interconnect_1_imp_auto_pc_0_axi_data_fifo_v2_1_36_axic_fifo/system_axi_interconnect_1_imp_auto_pc_0_axi_data_fifo_v2_1_36_fifo_gen/<hidden>/<hidden>/<hidden>/<hidden>/<hidden>
    SLICE_X26Y67         LUT3 (Prop_lut3_I1_O)        0.124     8.090 f  rocketchip_wrapper/system/system_axi_interconnect_1_0/s00_couplers_imp_8CNLH6/system_axi_interconnect_1_imp_auto_pc_0/system_axi_interconnect_1_imp_auto_pc_0_axi_protocol_converter_v2_1_37_axi_protocol_converter/system_axi_interconnect_1_imp_auto_pc_0_axi_protocol_converter_v2_1_37_axi3_conv/system_axi_interconnect_1_imp_auto_pc_0_axi_protocol_converter_v2_1_37_a_axi3_conv/system_axi_interconnect_1_imp_auto_pc_0_axi_data_fifo_v2_1_36_axic_fifo/system_axi_interconnect_1_imp_auto_pc_0_axi_data_fifo_v2_1_36_fifo_gen/<hidden>/<hidden>/<hidden>/<hidden>/<hidden>
                         net (fo=32, routed)          1.553     9.643    rocketchip_wrapper/system/system_axi_interconnect_1_0/s00_couplers_imp_8CNLH6/system_axi_interconnect_1_imp_auto_pc_0/system_axi_interconnect_1_imp_auto_pc_0_axi_protocol_converter_v2_1_37_axi_protocol_converter/system_axi_interconnect_1_imp_auto_pc_0_axi_protocol_converter_v2_1_37_axi3_conv/system_axi_interconnect_1_imp_auto_pc_0_axi_protocol_converter_v2_1_37_a_axi3_conv/system_axi_interconnect_1_imp_auto_pc_0_axi_data_fifo_v2_1_36_axic_fifo/system_axi_interconnect_1_imp_auto_pc_0_axi_data_fifo_v2_1_36_fifo_gen/<hidden>/<hidden>/<hidden>/<hidden>/<hidden>/<hidden>
    SLICE_X26Y66         FDPE                                         f  rocketchip_wrapper/system/system_axi_interconnect_1_0/s00_couplers_imp_8CNLH6/system_axi_interconnect_1_imp_auto_pc_0/system_axi_interconnect_1_imp_auto_pc_0_axi_protocol_converter_v2_1_37_axi_protocol_converter/system_axi_interconnect_1_imp_auto_pc_0_axi_protocol_converter_v2_1_37_axi3_conv/system_axi_interconnect_1_imp_auto_pc_0_axi_protocol_converter_v2_1_37_a_axi3_conv/system_axi_interconnect_1_imp_auto_pc_0_axi_data_fifo_v2_1_36_axic_fifo/system_axi_interconnect_1_imp_auto_pc_0_axi_data_fifo_v2_1_36_fifo_gen/<hidden>/<hidden>/<hidden>/<hidden>/<hidden>/<hidden>
  -------------------------------------------------------------------    -------------------

                         (clock host_clk_i rise edge)
                                                     25.000    25.000 r  
    H16                                               0.000    25.000 r  clk (IN)
                         net (fo=0)                   0.000    25.000    clk
    H16                  IBUF (Prop_ibuf_I_O)         1.380    26.380 r  ibufg_gclk/O
                         net (fo=1, routed)           1.162    27.542    gclk_i
    MMCME2_ADV_X1Y2      MMCME2_ADV (Prop_mmcme2_adv_CLKIN1_CLKOUT0)
                                                      0.083    27.625 r  MMCME2_BASE_inst/CLKOUT0
                         net (fo=1, routed)           2.012    29.637    host_clk_i
    BUFGCTRL_X0Y16       BUFG (Prop_bufg_I_O)         0.091    29.728 r  bufg_host_clk/O
                         net (fo=7403, routed)        1.514    31.242    rocketchip_wrapper/system/system_axi_interconnect_1_0/s00_couplers_imp_8CNLH6/system_axi_interconnect_1_imp_auto_pc_0/system_axi_interconnect_1_imp_auto_pc_0_axi_protocol_converter_v2_1_37_axi_protocol_converter/system_axi_interconnect_1_imp_auto_pc_0_axi_protocol_converter_v2_1_37_axi3_conv/system_axi_interconnect_1_imp_auto_pc_0_axi_protocol_converter_v2_1_37_a_axi3_conv/system_axi_interconnect_1_imp_auto_pc_0_axi_data_fifo_v2_1_36_axic_fifo/system_axi_interconnect_1_imp_auto_pc_0_axi_data_fifo_v2_1_36_fifo_gen/<hidden>/<hidden>/<hidden>/<hidden>/<hidden>/<hidden>
    SLICE_X26Y66         FDPE                                         r  rocketchip_wrapper/system/system_axi_interconnect_1_0/s00_couplers_imp_8CNLH6/system_axi_interconnect_1_imp_auto_pc_0/system_axi_interconnect_1_imp_auto_pc_0_axi_protocol_converter_v2_1_37_axi_protocol_converter/system_axi_interconnect_1_imp_auto_pc_0_axi_protocol_converter_v2_1_37_axi3_conv/system_axi_interconnect_1_imp_auto_pc_0_axi_protocol_converter_v2_1_37_a_axi3_conv/system_axi_interconnect_1_imp_auto_pc_0_axi_data_fifo_v2_1_36_axic_fifo/system_axi_interconnect_1_imp_auto_pc_0_axi_data_fifo_v2_1_36_fifo_gen/<hidden>/<hidden>/<hidden>/<hidden>/<hidden>/<hidden>
                         clock pessimism              0.551    31.794    
                         clock uncertainty           -0.082    31.712    
    SLICE_X26Y66         FDPE (Recov_fdpe_C_PRE)     -0.361    31.351    rocketchip_wrapper/system/system_axi_interconnect_1_0/s00_couplers_imp_8CNLH6/system_axi_interconnect_1_imp_auto_pc_0/system_axi_interconnect_1_imp_auto_pc_0_axi_protocol_converter_v2_1_37_axi_protocol_converter/system_axi_interconnect_1_imp_auto_pc_0_axi_protocol_converter_v2_1_37_axi3_conv/system_axi_interconnect_1_imp_auto_pc_0_axi_protocol_converter_v2_1_37_a_axi3_conv/system_axi_interconnect_1_imp_auto_pc_0_axi_data_fifo_v2_1_36_axic_fifo/system_axi_interconnect_1_imp_auto_pc_0_axi_data_fifo_v2_1_36_fifo_gen/<hidden>/<hidden>/<hidden>/<hidden>/<hidden>/<hidden>
  -------------------------------------------------------------------
                         required time                         31.351    
                         arrival time                          -9.643    
  -------------------------------------------------------------------
                         slack                                 21.708    

Slack (MET) :             21.708ns  (required time - arrival time)
  Source:                 rocketchip_wrapper/system/system_axi_interconnect_1_0/s00_couplers_imp_8CNLH6/system_axi_interconnect_1_imp_auto_pc_0/system_axi_interconnect_1_imp_auto_pc_0_axi_protocol_converter_v2_1_37_axi_protocol_converter/system_axi_interconnect_1_imp_auto_pc_0_axi_protocol_converter_v2_1_37_axi3_conv/system_axi_interconnect_1_imp_auto_pc_0_axi_protocol_converter_v2_1_37_a_axi3_conv/system_axi_interconnect_1_imp_auto_pc_0_axi_data_fifo_v2_1_36_axic_fifo/system_axi_interconnect_1_imp_auto_pc_0_axi_data_fifo_v2_1_36_fifo_gen/<hidden>/<hidden>/<hidden>/<hidden>/<hidden>
                            (rising edge-triggered cell FDRE clocked by host_clk_i  {rise@0.000ns fall@12.500ns period=25.000ns})
  Destination:            rocketchip_wrapper/system/system_axi_interconnect_1_0/s00_couplers_imp_8CNLH6/system_axi_interconnect_1_imp_auto_pc_0/system_axi_interconnect_1_imp_auto_pc_0_axi_protocol_converter_v2_1_37_axi_protocol_converter/system_axi_interconnect_1_imp_auto_pc_0_axi_protocol_converter_v2_1_37_axi3_conv/system_axi_interconnect_1_imp_auto_pc_0_axi_protocol_converter_v2_1_37_a_axi3_conv/system_axi_interconnect_1_imp_auto_pc_0_axi_data_fifo_v2_1_36_axic_fifo/system_axi_interconnect_1_imp_auto_pc_0_axi_data_fifo_v2_1_36_fifo_gen/<hidden>/<hidden>/<hidden>/<hidden>/<hidden>/<hidden>
                            (recovery check against rising-edge clock host_clk_i  {rise@0.000ns fall@12.500ns period=25.000ns})
  Path Group:             **async_default**
  Path Type:              Recovery (Max at Slow Process Corner)
  Requirement:            25.000ns  (host_clk_i rise@25.000ns - host_clk_i rise@0.000ns)
  Data Path Delay:        2.827ns  (logic 0.580ns (20.519%)  route 2.247ns (79.481%))
  Logic Levels:           1  (LUT3=1)
  Clock Path Skew:        -0.023ns (DCD - SCD + CPR)
    Destination Clock Delay (DCD):    6.242ns = ( 31.242 - 25.000 ) 
    Source Clock Delay      (SCD):    6.817ns
    Clock Pessimism Removal (CPR):    0.551ns
  Clock Uncertainty:      0.082ns  ((TSJ^2 + DJ^2)^1/2) / 2 + PE
    Total System Jitter     (TSJ):    0.071ns
    Discrete Jitter          (DJ):    0.147ns
    Phase Error              (PE):    0.000ns

    Location             Delay type                Incr(ns)  Path(ns)    Netlist Resource(s)
  -------------------------------------------------------------------    -------------------
                         (clock host_clk_i rise edge)
                                                      0.000     0.000 r  
    H16                                               0.000     0.000 r  clk (IN)
                         net (fo=0)                   0.000     0.000    clk
    H16                  IBUF (Prop_ibuf_I_O)         1.451     1.451 r  ibufg_gclk/O
                         net (fo=1, routed)           1.285     2.736    gclk_i
    MMCME2_ADV_X1Y2      MMCME2_ADV (Prop_mmcme2_adv_CLKIN1_CLKOUT0)
                                                      0.088     2.824 r  MMCME2_BASE_inst/CLKOUT0
                         net (fo=1, routed)           2.206     5.030    host_clk_i
    BUFGCTRL_X0Y16       BUFG (Prop_bufg_I_O)         0.101     5.131 r  bufg_host_clk/O
                         net (fo=7403, routed)        1.686     6.817    rocketchip_wrapper/system/system_axi_interconnect_1_0/s00_couplers_imp_8CNLH6/system_axi_interconnect_1_imp_auto_pc_0/system_axi_interconnect_1_imp_auto_pc_0_axi_protocol_converter_v2_1_37_axi_protocol_converter/system_axi_interconnect_1_imp_auto_pc_0_axi_protocol_converter_v2_1_37_axi3_conv/system_axi_interconnect_1_imp_auto_pc_0_axi_protocol_converter_v2_1_37_a_axi3_conv/system_axi_interconnect_1_imp_auto_pc_0_axi_data_fifo_v2_1_36_axic_fifo/system_axi_interconnect_1_imp_auto_pc_0_axi_data_fifo_v2_1_36_fifo_gen/<hidden>/<hidden>/<hidden>/<hidden>/<hidden>
    SLICE_X27Y67         FDRE                                         r  rocketchip_wrapper/system/system_axi_interconnect_1_0/s00_couplers_imp_8CNLH6/system_axi_interconnect_1_imp_auto_pc_0/system_axi_interconnect_1_imp_auto_pc_0_axi_protocol_converter_v2_1_37_axi_protocol_converter/system_axi_interconnect_1_imp_auto_pc_0_axi_protocol_converter_v2_1_37_axi3_conv/system_axi_interconnect_1_imp_auto_pc_0_axi_protocol_converter_v2_1_37_a_axi3_conv/system_axi_interconnect_1_imp_auto_pc_0_axi_data_fifo_v2_1_36_axic_fifo/system_axi_interconnect_1_imp_auto_pc_0_axi_data_fifo_v2_1_36_fifo_gen/<hidden>/<hidden>/<hidden>/<hidden>/<hidden>
  -------------------------------------------------------------------    -------------------
    SLICE_X27Y67         FDRE (Prop_fdre_C_Q)         0.456     7.273 f  rocketchip_wrapper/system/system_axi_interconnect_1_0/s00_couplers_imp_8CNLH6/system_axi_interconnect_1_imp_auto_pc_0/system_axi_interconnect_1_imp_auto_pc_0_axi_protocol_converter_v2_1_37_axi_protocol_converter/system_axi_interconnect_1_imp_auto_pc_0_axi_protocol_converter_v2_1_37_axi3_conv/system_axi_interconnect_1_imp_auto_pc_0_axi_protocol_converter_v2_1_37_a_axi3_conv/system_axi_interconnect_1_imp_auto_pc_0_axi_data_fifo_v2_1_36_axic_fifo/system_axi_interconnect_1_imp_auto_pc_0_axi_data_fifo_v2_1_36_fifo_gen/<hidden>/<hidden>/<hidden>/<hidden>/<hidden>
                         net (fo=3, routed)           0.693     7.966    rocketchip_wrapper/system/system_axi_interconnect_1_0/s00_couplers_imp_8CNLH6/system_axi_interconnect_1_imp_auto_pc_0/system_axi_interconnect_1_imp_auto_pc_0_axi_protocol_converter_v2_1_37_axi_protocol_converter/system_axi_interconnect_1_imp_auto_pc_0_axi_protocol_converter_v2_1_37_axi3_conv/system_axi_interconnect_1_imp_auto_pc_0_axi_protocol_converter_v2_1_37_a_axi3_conv/system_axi_interconnect_1_imp_auto_pc_0_axi_data_fifo_v2_1_36_axic_fifo/system_axi_interconnect_1_imp_auto_pc_0_axi_data_fifo_v2_1_36_fifo_gen/<hidden>/<hidden>/<hidden>/<hidden>/<hidden>
    SLICE_X26Y67         LUT3 (Prop_lut3_I1_O)        0.124     8.090 f  rocketchip_wrapper/system/system_axi_interconnect_1_0/s00_couplers_imp_8CNLH6/system_axi_interconnect_1_imp_auto_pc_0/system_axi_interconnect_1_imp_auto_pc_0_axi_protocol_converter_v2_1_37_axi_protocol_converter/system_axi_interconnect_1_imp_auto_pc_0_axi_protocol_converter_v2_1_37_axi3_conv/system_axi_interconnect_1_imp_auto_pc_0_axi_protocol_converter_v2_1_37_a_axi3_conv/system_axi_interconnect_1_imp_auto_pc_0_axi_data_fifo_v2_1_36_axic_fifo/system_axi_interconnect_1_imp_auto_pc_0_axi_data_fifo_v2_1_36_fifo_gen/<hidden>/<hidden>/<hidden>/<hidden>/<hidden>
                         net (fo=32, routed)          1.553     9.643    rocketchip_wrapper/system/system_axi_interconnect_1_0/s00_couplers_imp_8CNLH6/system_axi_interconnect_1_imp_auto_pc_0/system_axi_interconnect_1_imp_auto_pc_0_axi_protocol_converter_v2_1_37_axi_protocol_converter/system_axi_interconnect_1_imp_auto_pc_0_axi_protocol_converter_v2_1_37_axi3_conv/system_axi_interconnect_1_imp_auto_pc_0_axi_protocol_converter_v2_1_37_a_axi3_conv/system_axi_interconnect_1_imp_auto_pc_0_axi_data_fifo_v2_1_36_axic_fifo/system_axi_interconnect_1_imp_auto_pc_0_axi_data_fifo_v2_1_36_fifo_gen/<hidden>/<hidden>/<hidden>/<hidden>/<hidden>/<hidden>
    SLICE_X26Y66         FDPE                                         f  rocketchip_wrapper/system/system_axi_interconnect_1_0/s00_couplers_imp_8CNLH6/system_axi_interconnect_1_imp_auto_pc_0/system_axi_interconnect_1_imp_auto_pc_0_axi_protocol_converter_v2_1_37_axi_protocol_converter/system_axi_interconnect_1_imp_auto_pc_0_axi_protocol_converter_v2_1_37_axi3_conv/system_axi_interconnect_1_imp_auto_pc_0_axi_protocol_converter_v2_1_37_a_axi3_conv/system_axi_interconnect_1_imp_auto_pc_0_axi_data_fifo_v2_1_36_axic_fifo/system_axi_interconnect_1_imp_auto_pc_0_axi_data_fifo_v2_1_36_fifo_gen/<hidden>/<hidden>/<hidden>/<hidden>/<hidden>/<hidden>
  -------------------------------------------------------------------    -------------------

                         (clock host_clk_i rise edge)
                                                     25.000    25.000 r  
    H16                                               0.000    25.000 r  clk (IN)
                         net (fo=0)                   0.000    25.000    clk
    H16                  IBUF (Prop_ibuf_I_O)         1.380    26.380 r  ibufg_gclk/O
                         net (fo=1, routed)           1.162    27.542    gclk_i
    MMCME2_ADV_X1Y2      MMCME2_ADV (Prop_mmcme2_adv_CLKIN1_CLKOUT0)
                                                      0.083    27.625 r  MMCME2_BASE_inst/CLKOUT0
                         net (fo=1, routed)           2.012    29.637    host_clk_i
    BUFGCTRL_X0Y16       BUFG (Prop_bufg_I_O)         0.091    29.728 r  bufg_host_clk/O
                         net (fo=7403, routed)        1.514    31.242    rocketchip_wrapper/system/system_axi_interconnect_1_0/s00_couplers_imp_8CNLH6/system_axi_interconnect_1_imp_auto_pc_0/system_axi_interconnect_1_imp_auto_pc_0_axi_protocol_converter_v2_1_37_axi_protocol_converter/system_axi_interconnect_1_imp_auto_pc_0_axi_protocol_converter_v2_1_37_axi3_conv/system_axi_interconnect_1_imp_auto_pc_0_axi_protocol_converter_v2_1_37_a_axi3_conv/system_axi_interconnect_1_imp_auto_pc_0_axi_data_fifo_v2_1_36_axic_fifo/system_axi_interconnect_1_imp_auto_pc_0_axi_data_fifo_v2_1_36_fifo_gen/<hidden>/<hidden>/<hidden>/<hidden>/<hidden>/<hidden>
    SLICE_X26Y66         FDPE                                         r  rocketchip_wrapper/system/system_axi_interconnect_1_0/s00_couplers_imp_8CNLH6/system_axi_interconnect_1_imp_auto_pc_0/system_axi_interconnect_1_imp_auto_pc_0_axi_protocol_converter_v2_1_37_axi_protocol_converter/system_axi_interconnect_1_imp_auto_pc_0_axi_protocol_converter_v2_1_37_axi3_conv/system_axi_interconnect_1_imp_auto_pc_0_axi_protocol_converter_v2_1_37_a_axi3_conv/system_axi_interconnect_1_imp_auto_pc_0_axi_data_fifo_v2_1_36_axic_fifo/system_axi_interconnect_1_imp_auto_pc_0_axi_data_fifo_v2_1_36_fifo_gen/<hidden>/<hidden>/<hidden>/<hidden>/<hidden>/<hidden>
                         clock pessimism              0.551    31.794    
                         clock uncertainty           -0.082    31.712    
    SLICE_X26Y66         FDPE (Recov_fdpe_C_PRE)     -0.361    31.351    rocketchip_wrapper/system/system_axi_interconnect_1_0/s00_couplers_imp_8CNLH6/system_axi_interconnect_1_imp_auto_pc_0/system_axi_interconnect_1_imp_auto_pc_0_axi_protocol_converter_v2_1_37_axi_protocol_converter/system_axi_interconnect_1_imp_auto_pc_0_axi_protocol_converter_v2_1_37_axi3_conv/system_axi_interconnect_1_imp_auto_pc_0_axi_protocol_converter_v2_1_37_a_axi3_conv/system_axi_interconnect_1_imp_auto_pc_0_axi_data_fifo_v2_1_36_axic_fifo/system_axi_interconnect_1_imp_auto_pc_0_axi_data_fifo_v2_1_36_fifo_gen/<hidden>/<hidden>/<hidden>/<hidden>/<hidden>/<hidden>
  -------------------------------------------------------------------
                         required time                         31.351    
                         arrival time                          -9.643    
  -------------------------------------------------------------------
                         slack                                 21.708    

Slack (MET) :             21.708ns  (required time - arrival time)
  Source:                 rocketchip_wrapper/system/system_axi_interconnect_1_0/s00_couplers_imp_8CNLH6/system_axi_interconnect_1_imp_auto_pc_0/system_axi_interconnect_1_imp_auto_pc_0_axi_protocol_converter_v2_1_37_axi_protocol_converter/system_axi_interconnect_1_imp_auto_pc_0_axi_protocol_converter_v2_1_37_axi3_conv/system_axi_interconnect_1_imp_auto_pc_0_axi_protocol_converter_v2_1_37_a_axi3_conv/system_axi_interconnect_1_imp_auto_pc_0_axi_data_fifo_v2_1_36_axic_fifo/system_axi_interconnect_1_imp_auto_pc_0_axi_data_fifo_v2_1_36_fifo_gen/<hidden>/<hidden>/<hidden>/<hidden>/<hidden>
                            (rising edge-triggered cell FDRE clocked by host_clk_i  {rise@0.000ns fall@12.500ns period=25.000ns})
  Destination:            rocketchip_wrapper/system/system_axi_interconnect_1_0/s00_couplers_imp_8CNLH6/system_axi_interconnect_1_imp_auto_pc_0/system_axi_interconnect_1_imp_auto_pc_0_axi_protocol_converter_v2_1_37_axi_protocol_converter/system_axi_interconnect_1_imp_auto_pc_0_axi_protocol_converter_v2_1_37_axi3_conv/system_axi_interconnect_1_imp_auto_pc_0_axi_protocol_converter_v2_1_37_a_axi3_conv/system_axi_interconnect_1_imp_auto_pc_0_axi_data_fifo_v2_1_36_axic_fifo/system_axi_interconnect_1_imp_auto_pc_0_axi_data_fifo_v2_1_36_fifo_gen/<hidden>/<hidden>/<hidden>/<hidden>/<hidden>/<hidden>
                            (recovery check against rising-edge clock host_clk_i  {rise@0.000ns fall@12.500ns period=25.000ns})
  Path Group:             **async_default**
  Path Type:              Recovery (Max at Slow Process Corner)
  Requirement:            25.000ns  (host_clk_i rise@25.000ns - host_clk_i rise@0.000ns)
  Data Path Delay:        2.827ns  (logic 0.580ns (20.519%)  route 2.247ns (79.481%))
  Logic Levels:           1  (LUT3=1)
  Clock Path Skew:        -0.023ns (DCD - SCD + CPR)
    Destination Clock Delay (DCD):    6.242ns = ( 31.242 - 25.000 ) 
    Source Clock Delay      (SCD):    6.817ns
    Clock Pessimism Removal (CPR):    0.551ns
  Clock Uncertainty:      0.082ns  ((TSJ^2 + DJ^2)^1/2) / 2 + PE
    Total System Jitter     (TSJ):    0.071ns
    Discrete Jitter          (DJ):    0.147ns
    Phase Error              (PE):    0.000ns

    Location             Delay type                Incr(ns)  Path(ns)    Netlist Resource(s)
  -------------------------------------------------------------------    -------------------
                         (clock host_clk_i rise edge)
                                                      0.000     0.000 r  
    H16                                               0.000     0.000 r  clk (IN)
                         net (fo=0)                   0.000     0.000    clk
    H16                  IBUF (Prop_ibuf_I_O)         1.451     1.451 r  ibufg_gclk/O
                         net (fo=1, routed)           1.285     2.736    gclk_i
    MMCME2_ADV_X1Y2      MMCME2_ADV (Prop_mmcme2_adv_CLKIN1_CLKOUT0)
                                                      0.088     2.824 r  MMCME2_BASE_inst/CLKOUT0
                         net (fo=1, routed)           2.206     5.030    host_clk_i
    BUFGCTRL_X0Y16       BUFG (Prop_bufg_I_O)         0.101     5.131 r  bufg_host_clk/O
                         net (fo=7403, routed)        1.686     6.817    rocketchip_wrapper/system/system_axi_interconnect_1_0/s00_couplers_imp_8CNLH6/system_axi_interconnect_1_imp_auto_pc_0/system_axi_interconnect_1_imp_auto_pc_0_axi_protocol_converter_v2_1_37_axi_protocol_converter/system_axi_interconnect_1_imp_auto_pc_0_axi_protocol_converter_v2_1_37_axi3_conv/system_axi_interconnect_1_imp_auto_pc_0_axi_protocol_converter_v2_1_37_a_axi3_conv/system_axi_interconnect_1_imp_auto_pc_0_axi_data_fifo_v2_1_36_axic_fifo/system_axi_interconnect_1_imp_auto_pc_0_axi_data_fifo_v2_1_36_fifo_gen/<hidden>/<hidden>/<hidden>/<hidden>/<hidden>
    SLICE_X27Y67         FDRE                                         r  rocketchip_wrapper/system/system_axi_interconnect_1_0/s00_couplers_imp_8CNLH6/system_axi_interconnect_1_imp_auto_pc_0/system_axi_interconnect_1_imp_auto_pc_0_axi_protocol_converter_v2_1_37_axi_protocol_converter/system_axi_interconnect_1_imp_auto_pc_0_axi_protocol_converter_v2_1_37_axi3_conv/system_axi_interconnect_1_imp_auto_pc_0_axi_protocol_converter_v2_1_37_a_axi3_conv/system_axi_interconnect_1_imp_auto_pc_0_axi_data_fifo_v2_1_36_axic_fifo/system_axi_interconnect_1_imp_auto_pc_0_axi_data_fifo_v2_1_36_fifo_gen/<hidden>/<hidden>/<hidden>/<hidden>/<hidden>
  -------------------------------------------------------------------    -------------------
    SLICE_X27Y67         FDRE (Prop_fdre_C_Q)         0.456     7.273 f  rocketchip_wrapper/system/system_axi_interconnect_1_0/s00_couplers_imp_8CNLH6/system_axi_interconnect_1_imp_auto_pc_0/system_axi_interconnect_1_imp_auto_pc_0_axi_protocol_converter_v2_1_37_axi_protocol_converter/system_axi_interconnect_1_imp_auto_pc_0_axi_protocol_converter_v2_1_37_axi3_conv/system_axi_interconnect_1_imp_auto_pc_0_axi_protocol_converter_v2_1_37_a_axi3_conv/system_axi_interconnect_1_imp_auto_pc_0_axi_data_fifo_v2_1_36_axic_fifo/system_axi_interconnect_1_imp_auto_pc_0_axi_data_fifo_v2_1_36_fifo_gen/<hidden>/<hidden>/<hidden>/<hidden>/<hidden>
                         net (fo=3, routed)           0.693     7.966    rocketchip_wrapper/system/system_axi_interconnect_1_0/s00_couplers_imp_8CNLH6/system_axi_interconnect_1_imp_auto_pc_0/system_axi_interconnect_1_imp_auto_pc_0_axi_protocol_converter_v2_1_37_axi_protocol_converter/system_axi_interconnect_1_imp_auto_pc_0_axi_protocol_converter_v2_1_37_axi3_conv/system_axi_interconnect_1_imp_auto_pc_0_axi_protocol_converter_v2_1_37_a_axi3_conv/system_axi_interconnect_1_imp_auto_pc_0_axi_data_fifo_v2_1_36_axic_fifo/system_axi_interconnect_1_imp_auto_pc_0_axi_data_fifo_v2_1_36_fifo_gen/<hidden>/<hidden>/<hidden>/<hidden>/<hidden>
    SLICE_X26Y67         LUT3 (Prop_lut3_I1_O)        0.124     8.090 f  rocketchip_wrapper/system/system_axi_interconnect_1_0/s00_couplers_imp_8CNLH6/system_axi_interconnect_1_imp_auto_pc_0/system_axi_interconnect_1_imp_auto_pc_0_axi_protocol_converter_v2_1_37_axi_protocol_converter/system_axi_interconnect_1_imp_auto_pc_0_axi_protocol_converter_v2_1_37_axi3_conv/system_axi_interconnect_1_imp_auto_pc_0_axi_protocol_converter_v2_1_37_a_axi3_conv/system_axi_interconnect_1_imp_auto_pc_0_axi_data_fifo_v2_1_36_axic_fifo/system_axi_interconnect_1_imp_auto_pc_0_axi_data_fifo_v2_1_36_fifo_gen/<hidden>/<hidden>/<hidden>/<hidden>/<hidden>
                         net (fo=32, routed)          1.553     9.643    rocketchip_wrapper/system/system_axi_interconnect_1_0/s00_couplers_imp_8CNLH6/system_axi_interconnect_1_imp_auto_pc_0/system_axi_interconnect_1_imp_auto_pc_0_axi_protocol_converter_v2_1_37_axi_protocol_converter/system_axi_interconnect_1_imp_auto_pc_0_axi_protocol_converter_v2_1_37_axi3_conv/system_axi_interconnect_1_imp_auto_pc_0_axi_protocol_converter_v2_1_37_a_axi3_conv/system_axi_interconnect_1_imp_auto_pc_0_axi_data_fifo_v2_1_36_axic_fifo/system_axi_interconnect_1_imp_auto_pc_0_axi_data_fifo_v2_1_36_fifo_gen/<hidden>/<hidden>/<hidden>/<hidden>/<hidden>/<hidden>
    SLICE_X26Y66         FDPE                                         f  rocketchip_wrapper/system/system_axi_interconnect_1_0/s00_couplers_imp_8CNLH6/system_axi_interconnect_1_imp_auto_pc_0/system_axi_interconnect_1_imp_auto_pc_0_axi_protocol_converter_v2_1_37_axi_protocol_converter/system_axi_interconnect_1_imp_auto_pc_0_axi_protocol_converter_v2_1_37_axi3_conv/system_axi_interconnect_1_imp_auto_pc_0_axi_protocol_converter_v2_1_37_a_axi3_conv/system_axi_interconnect_1_imp_auto_pc_0_axi_data_fifo_v2_1_36_axic_fifo/system_axi_interconnect_1_imp_auto_pc_0_axi_data_fifo_v2_1_36_fifo_gen/<hidden>/<hidden>/<hidden>/<hidden>/<hidden>/<hidden>
  -------------------------------------------------------------------    -------------------

                         (clock host_clk_i rise edge)
                                                     25.000    25.000 r  
    H16                                               0.000    25.000 r  clk (IN)
                         net (fo=0)                   0.000    25.000    clk
    H16                  IBUF (Prop_ibuf_I_O)         1.380    26.380 r  ibufg_gclk/O
                         net (fo=1, routed)           1.162    27.542    gclk_i
    MMCME2_ADV_X1Y2      MMCME2_ADV (Prop_mmcme2_adv_CLKIN1_CLKOUT0)
                                                      0.083    27.625 r  MMCME2_BASE_inst/CLKOUT0
                         net (fo=1, routed)           2.012    29.637    host_clk_i
    BUFGCTRL_X0Y16       BUFG (Prop_bufg_I_O)         0.091    29.728 r  bufg_host_clk/O
                         net (fo=7403, routed)        1.514    31.242    rocketchip_wrapper/system/system_axi_interconnect_1_0/s00_couplers_imp_8CNLH6/system_axi_interconnect_1_imp_auto_pc_0/system_axi_interconnect_1_imp_auto_pc_0_axi_protocol_converter_v2_1_37_axi_protocol_converter/system_axi_interconnect_1_imp_auto_pc_0_axi_protocol_converter_v2_1_37_axi3_conv/system_axi_interconnect_1_imp_auto_pc_0_axi_protocol_converter_v2_1_37_a_axi3_conv/system_axi_interconnect_1_imp_auto_pc_0_axi_data_fifo_v2_1_36_axic_fifo/system_axi_interconnect_1_imp_auto_pc_0_axi_data_fifo_v2_1_36_fifo_gen/<hidden>/<hidden>/<hidden>/<hidden>/<hidden>/<hidden>
    SLICE_X26Y66         FDPE                                         r  rocketchip_wrapper/system/system_axi_interconnect_1_0/s00_couplers_imp_8CNLH6/system_axi_interconnect_1_imp_auto_pc_0/system_axi_interconnect_1_imp_auto_pc_0_axi_protocol_converter_v2_1_37_axi_protocol_converter/system_axi_interconnect_1_imp_auto_pc_0_axi_protocol_converter_v2_1_37_axi3_conv/system_axi_interconnect_1_imp_auto_pc_0_axi_protocol_converter_v2_1_37_a_axi3_conv/system_axi_interconnect_1_imp_auto_pc_0_axi_data_fifo_v2_1_36_axic_fifo/system_axi_interconnect_1_imp_auto_pc_0_axi_data_fifo_v2_1_36_fifo_gen/<hidden>/<hidden>/<hidden>/<hidden>/<hidden>/<hidden>
                         clock pessimism              0.551    31.794    
                         clock uncertainty           -0.082    31.712    
    SLICE_X26Y66         FDPE (Recov_fdpe_C_PRE)     -0.361    31.351    rocketchip_wrapper/system/system_axi_interconnect_1_0/s00_couplers_imp_8CNLH6/system_axi_interconnect_1_imp_auto_pc_0/system_axi_interconnect_1_imp_auto_pc_0_axi_protocol_converter_v2_1_37_axi_protocol_converter/system_axi_interconnect_1_imp_auto_pc_0_axi_protocol_converter_v2_1_37_axi3_conv/system_axi_interconnect_1_imp_auto_pc_0_axi_protocol_converter_v2_1_37_a_axi3_conv/system_axi_interconnect_1_imp_auto_pc_0_axi_data_fifo_v2_1_36_axic_fifo/system_axi_interconnect_1_imp_auto_pc_0_axi_data_fifo_v2_1_36_fifo_gen/<hidden>/<hidden>/<hidden>/<hidden>/<hidden>/<hidden>
  -------------------------------------------------------------------
                         required time                         31.351    
                         arrival time                          -9.643    
  -------------------------------------------------------------------
                         slack                                 21.708    




