Copyright 1986-2022 Xilinx, Inc. All Rights Reserved. Copyright 2022-2026 Advanced Micro Devices, Inc. All Rights Reserved.
---------------------------------------------------------------------------------------------------------------------------------------------------------------------------------
| Tool Version : Vivado v.2025.2.1 (lin64) Build 6403652 Thu Mar 19 13:47:00 MDT 2026
| Date         : Wed Sep 30 05:41:38 2026
| Host         : ubuntu running 64-bit Ubuntu 24.04.2 LTS
| Command      : report_timing_summary -max_paths 10 -file /home/engineer/fpga/worktrees/pipe-dual/experiments/pipeline/p4b/runs/attempt-1/reports/post_route_timing_summary.rpt
| Design       : rocketchip_wrapper
| Device       : 7z020-clg400
| Speed File   : -1  PRODUCTION 1.12 2019-11-22
| Design State : Routed
---------------------------------------------------------------------------------------------------------------------------------------------------------------------------------

Timing Summary Report

------------------------------------------------------------------------------------------------
| Timer Settings
| --------------
------------------------------------------------------------------------------------------------

  Enable Multi Corner Analysis               :  Yes
  Enable Pessimism Removal                   :  Yes
  Pessimism Removal Resolution               :  Nearest Common Node
  Enable Input Delay Default Clock           :  No
  Enable Preset / Clear Arcs                 :  No
  Disable Flight Delays                      :  No
  Ignore I/O Paths                           :  No
  Timing Early Launch at Borrowing Latches   :  No
  Borrow Time for Max Delay Exceptions       :  Yes
  Merge Timing Exceptions                    :  Yes
  Inter-SLR Compensation                     :  Conservative

  Corner  Analyze    Analyze    
  Name    Max Paths  Min Paths  
  ------  ---------  ---------  
  Slow    Yes        Yes        
  Fast    Yes        Yes        


------------------------------------------------------------------------------------------------
| Report Methodology
| ------------------
------------------------------------------------------------------------------------------------

Rule     Severity  Description                   Violations  
-------  --------  ----------------------------  ----------  
LUTAR-1  Warning   LUT drives async reset alert  3           

Note: This report is based on the most recent report_methodology run and may not be up-to-date. Run report_methodology on the current design for the latest report.



check_timing report

Table of Contents
-----------------
1. checking no_clock (0)
2. checking constant_clock (0)
3. checking pulse_width_clock (0)
4. checking unconstrained_internal_endpoints (0)
5. checking no_input_delay (0)
6. checking no_output_delay (0)
7. checking multiple_clock (0)
8. checking generated_clocks (0)
9. checking loops (0)
10. checking partial_input_delay (0)
11. checking partial_output_delay (0)
12. checking latch_loops (0)

1. checking no_clock (0)
------------------------
 There are 0 register/latch pins with no clock.


2. checking constant_clock (0)
------------------------------
 There are 0 register/latch pins with constant_clock.


3. checking pulse_width_clock (0)
---------------------------------
 There are 0 register/latch pins which need pulse_width check


4. checking unconstrained_internal_endpoints (0)
------------------------------------------------
 There are 0 pins that are not constrained for maximum delay.

 There are 0 pins that are not constrained for maximum delay due to constant clock.


5. checking no_input_delay (0)
------------------------------
 There are 0 input ports with no input delay specified.

 There are 0 input ports with no input delay but user has a false path constraint.


6. checking no_output_delay (0)
-------------------------------
 There are 0 ports with no output delay specified.

 There are 0 ports with no output delay but user has a false path constraint

 There are 0 ports with no output delay but with a timing clock defined on it or propagating through it


7. checking multiple_clock (0)
------------------------------
 There are 0 register/latch pins with multiple clocks.


8. checking generated_clocks (0)
--------------------------------
 There are 0 generated clocks that are not connected to a clock source.


9. checking loops (0)
---------------------
 There are 0 combinational loops in the design.


10. checking partial_input_delay (0)
------------------------------------
 There are 0 input ports with partial input delay specified.


11. checking partial_output_delay (0)
-------------------------------------
 There are 0 ports with partial output delay specified.


12. checking latch_loops (0)
----------------------------
 There are 0 combinational latch loops in the design through latch input



------------------------------------------------------------------------------------------------
| Design Timing Summary
| ---------------------
------------------------------------------------------------------------------------------------

    WNS(ns)      TNS(ns)  TNS Failing Endpoints  TNS Total Endpoints      WHS(ns)      THS(ns)  THS Failing Endpoints  THS Total Endpoints     WPWS(ns)     TPWS(ns)  TPWS Failing Endpoints  TPWS Total Endpoints  
    -------      -------  ---------------------  -------------------      -------      -------  ---------------------  -------------------     --------     --------  ----------------------  --------------------  
      0.641        0.000                      0                47425        0.028        0.000                      0                47425        2.000        0.000                       0                 17603  


All user specified timing constraints are met.


------------------------------------------------------------------------------------------------
| Clock Summary
| -------------
------------------------------------------------------------------------------------------------

Clock         Waveform(ns)         Period(ns)      Frequency(MHz)
-----         ------------         ----------      --------------
clk_fpga_0    {0.000 5.000}        10.000          100.000         
gclk_0        {0.000 4.000}        8.000           125.000         
  gclk_fbout  {0.000 4.000}        8.000           125.000         
  host_clk_i  {0.000 12.500}       25.000          40.000          


------------------------------------------------------------------------------------------------
| Intra Clock Table
| -----------------
------------------------------------------------------------------------------------------------

Clock             WNS(ns)      TNS(ns)  TNS Failing Endpoints  TNS Total Endpoints      WHS(ns)      THS(ns)  THS Failing Endpoints  THS Total Endpoints     WPWS(ns)     TPWS(ns)  TPWS Failing Endpoints  TPWS Total Endpoints  
-----             -------      -------  ---------------------  -------------------      -------      -------  ---------------------  -------------------     --------     --------  ----------------------  --------------------  
gclk_0                                                                                                                                                          2.000        0.000                       0                     1  
  gclk_fbout                                                                                                                                                    6.751        0.000                       0                     2  
  host_clk_i        0.641        0.000                      0                47329        0.028        0.000                      0                47329       11.250        0.000                       0                 17600  


------------------------------------------------------------------------------------------------
| Inter Clock Table
| -----------------
------------------------------------------------------------------------------------------------

From Clock    To Clock          WNS(ns)      TNS(ns)  TNS Failing Endpoints  TNS Total Endpoints      WHS(ns)      THS(ns)  THS Failing Endpoints  THS Total Endpoints  
----------    --------          -------      -------  ---------------------  -------------------      -------      -------  ---------------------  -------------------  


------------------------------------------------------------------------------------------------
| Other Path Groups Table
| -----------------------
------------------------------------------------------------------------------------------------

Path Group         From Clock         To Clock               WNS(ns)      TNS(ns)  TNS Failing Endpoints  TNS Total Endpoints      WHS(ns)      THS(ns)  THS Failing Endpoints  THS Total Endpoints  
----------         ----------         --------               -------      -------  ---------------------  -------------------      -------      -------  ---------------------  -------------------  
**async_default**  host_clk_i         host_clk_i              21.752        0.000                      0                   96        0.432        0.000                      0                   96  


------------------------------------------------------------------------------------------------
| Timing Details
| --------------
------------------------------------------------------------------------------------------------


---------------------------------------------------------------------------------------------------
From Clock:  gclk_0
  To Clock:  gclk_0

Setup :           NA  Failing Endpoints,  Worst Slack           NA  ,  Total Violation           NA
Hold  :           NA  Failing Endpoints,  Worst Slack           NA  ,  Total Violation           NA
PW    :            0  Failing Endpoints,  Worst Slack        2.000ns,  Total Violation        0.000ns
---------------------------------------------------------------------------------------------------


Pulse Width Checks
--------------------------------------------------------------------------------------
Clock Name:         gclk_0
Waveform(ns):       { 0.000 4.000 }
Period(ns):         8.000
Sources:            { clk }

Check Type        Corner  Lib Pin            Reference Pin  Required(ns)  Actual(ns)  Slack(ns)  Location         Pin
Min Period        n/a     MMCME2_ADV/CLKIN1  n/a            1.249         8.000       6.751      MMCME2_ADV_X1Y2  MMCME2_BASE_inst/CLKIN1
Max Period        n/a     MMCME2_ADV/CLKIN1  n/a            100.000       8.000       92.000     MMCME2_ADV_X1Y2  MMCME2_BASE_inst/CLKIN1
Low Pulse Width   Slow    MMCME2_ADV/CLKIN1  n/a            2.000         4.000       2.000      MMCME2_ADV_X1Y2  MMCME2_BASE_inst/CLKIN1
Low Pulse Width   Fast    MMCME2_ADV/CLKIN1  n/a            2.000         4.000       2.000      MMCME2_ADV_X1Y2  MMCME2_BASE_inst/CLKIN1
High Pulse Width  Slow    MMCME2_ADV/CLKIN1  n/a            2.000         4.000       2.000      MMCME2_ADV_X1Y2  MMCME2_BASE_inst/CLKIN1
High Pulse Width  Fast    MMCME2_ADV/CLKIN1  n/a            2.000         4.000       2.000      MMCME2_ADV_X1Y2  MMCME2_BASE_inst/CLKIN1



---------------------------------------------------------------------------------------------------
From Clock:  gclk_fbout
  To Clock:  gclk_fbout

Setup :           NA  Failing Endpoints,  Worst Slack           NA  ,  Total Violation           NA
Hold  :           NA  Failing Endpoints,  Worst Slack           NA  ,  Total Violation           NA
PW    :            0  Failing Endpoints,  Worst Slack        6.751ns,  Total Violation        0.000ns
---------------------------------------------------------------------------------------------------


Pulse Width Checks
--------------------------------------------------------------------------------------
Clock Name:         gclk_fbout
Waveform(ns):       { 0.000 4.000 }
Period(ns):         8.000
Sources:            { MMCME2_BASE_inst/CLKFBOUT }

Check Type  Corner  Lib Pin              Reference Pin  Required(ns)  Actual(ns)  Slack(ns)  Location         Pin
Min Period  n/a     MMCME2_ADV/CLKFBOUT  n/a            1.249         8.000       6.751      MMCME2_ADV_X1Y2  MMCME2_BASE_inst/CLKFBOUT
Min Period  n/a     MMCME2_ADV/CLKFBIN   n/a            1.249         8.000       6.751      MMCME2_ADV_X1Y2  MMCME2_BASE_inst/CLKFBIN
Max Period  n/a     MMCME2_ADV/CLKFBIN   n/a            100.000       8.000       92.000     MMCME2_ADV_X1Y2  MMCME2_BASE_inst/CLKFBIN
Max Period  n/a     MMCME2_ADV/CLKFBOUT  n/a            213.360       8.000       205.360    MMCME2_ADV_X1Y2  MMCME2_BASE_inst/CLKFBOUT



---------------------------------------------------------------------------------------------------
From Clock:  host_clk_i
  To Clock:  host_clk_i

Setup :            0  Failing Endpoints,  Worst Slack        0.641ns,  Total Violation        0.000ns
Hold  :            0  Failing Endpoints,  Worst Slack        0.028ns,  Total Violation        0.000ns
PW    :            0  Failing Endpoints,  Worst Slack       11.250ns,  Total Violation        0.000ns
---------------------------------------------------------------------------------------------------


Max Delay Paths
--------------------------------------------------------------------------------------
Slack (MET) :             0.641ns  (required time - arrival time)
  Source:                 top/teaching_board_top/target/rd2serial/addr_reg[6]/C
                            (rising edge-triggered cell FDRE clocked by host_clk_i  {rise@0.000ns fall@12.500ns period=25.000ns})
  Destination:            top/teaching_board_top/target/backend/resvValid_1_reg/D
                            (rising edge-triggered cell FDRE clocked by host_clk_i  {rise@0.000ns fall@12.500ns period=25.000ns})
  Path Group:             host_clk_i
  Path Type:              Setup (Max at Slow Process Corner)
  Requirement:            25.000ns  (host_clk_i rise@25.000ns - host_clk_i rise@0.000ns)
  Data Path Delay:        24.295ns  (logic 11.033ns (45.412%)  route 13.262ns (54.588%))
  Logic Levels:           50  (CARRY4=27 LUT2=2 LUT3=4 LUT4=5 LUT5=5 LUT6=7)
  Clock Path Skew:        -0.061ns (DCD - SCD + CPR)
    Destination Clock Delay (DCD):    6.207ns = ( 31.207 - 25.000 ) 
    Source Clock Delay      (SCD):    6.785ns
    Clock Pessimism Removal (CPR):    0.517ns
  Clock Uncertainty:      0.082ns  ((TSJ^2 + DJ^2)^1/2) / 2 + PE
    Total System Jitter     (TSJ):    0.071ns
    Discrete Jitter          (DJ):    0.147ns
    Phase Error              (PE):    0.000ns

    Location             Delay type                Incr(ns)  Path(ns)    Netlist Resource(s)
  -------------------------------------------------------------------    -------------------
                         (clock host_clk_i rise edge)
                                                      0.000     0.000 r  
    H16                                               0.000     0.000 r  clk (IN)
                         net (fo=0)                   0.000     0.000    clk
    H16                  IBUF (Prop_ibuf_I_O)         1.451     1.451 r  ibufg_gclk/O
                         net (fo=1, routed)           1.285     2.736    gclk_i
    MMCME2_ADV_X1Y2      MMCME2_ADV (Prop_mmcme2_adv_CLKIN1_CLKOUT0)
                                                      0.088     2.824 r  MMCME2_BASE_inst/CLKOUT0
                         net (fo=1, routed)           2.206     5.030    host_clk_i
    BUFGCTRL_X0Y16       BUFG (Prop_bufg_I_O)         0.101     5.131 r  bufg_host_clk/O
                         net (fo=17600, routed)       1.654     6.785    top/teaching_board_top/target/rd2serial/host_clk
    SLICE_X43Y21         FDRE                                         r  top/teaching_board_top/target/rd2serial/addr_reg[6]/C
  -------------------------------------------------------------------    -------------------
    SLICE_X43Y21         FDRE (Prop_fdre_C_Q)         0.456     7.241 r  top/teaching_board_top/target/rd2serial/addr_reg[6]/Q
                         net (fo=5, routed)           0.626     7.867    top/teaching_board_top/target/rd2serial/rd2serial_auto_out_a_bits_address[5]
    SLICE_X42Y21         CARRY4 (Prop_carry4_S[2]_CO[3])
                                                      0.504     8.371 r  top/teaching_board_top/target/rd2serial/addr_reg[7]_i_3/CO[3]
                         net (fo=1, routed)           0.000     8.371    top/teaching_board_top/target/rd2serial/addr_reg[7]_i_3_n_0
    SLICE_X42Y22         CARRY4 (Prop_carry4_CI_CO[3])
                                                      0.117     8.488 r  top/teaching_board_top/target/rd2serial/addr_reg[11]_i_3/CO[3]
                         net (fo=1, routed)           0.000     8.488    top/teaching_board_top/target/rd2serial/addr_reg[11]_i_3_n_0
    SLICE_X42Y23         CARRY4 (Prop_carry4_CI_CO[3])
                                                      0.117     8.605 r  top/teaching_board_top/target/rd2serial/addr_reg[15]_i_3/CO[3]
                         net (fo=1, routed)           0.000     8.605    top/teaching_board_top/target/rd2serial/addr_reg[15]_i_3_n_0
    SLICE_X42Y24         CARRY4 (Prop_carry4_CI_O[1])
                                                      0.323     8.928 r  top/teaching_board_top/target/rd2serial/addr_reg[19]_i_3/O[1]
                         net (fo=3, routed)           0.479     9.407    top/teaching_board_top/target/rd2serial/_GEN_86[17]
    SLICE_X45Y25         LUT2 (Prop_lut2_I0_O)        0.306     9.713 r  top/teaching_board_top/target/rd2serial/_T_174_carry__1_i_19/O
                         net (fo=1, routed)           0.000     9.713    top/teaching_board_top/target/rd2serial/_T_174_carry__1_i_19_n_0
    SLICE_X45Y25         CARRY4 (Prop_carry4_S[1]_CO[3])
                                                      0.550    10.263 r  top/teaching_board_top/target/rd2serial/_T_174_carry__1_i_12/CO[3]
                         net (fo=1, routed)           0.000    10.263    top/teaching_board_top/target/rd2serial/_T_174_carry__1_i_12_n_0
    SLICE_X45Y26         CARRY4 (Prop_carry4_CI_CO[3])
                                                      0.114    10.377 r  top/teaching_board_top/target/rd2serial/_T_174_carry__1_i_9/CO[3]
                         net (fo=1, routed)           0.000    10.377    top/teaching_board_top/target/rd2serial/_T_174_carry__1_i_9_n_0
    SLICE_X45Y27         CARRY4 (Prop_carry4_CI_CO[3])
                                                      0.114    10.491 r  top/teaching_board_top/target/rd2serial/_T_174_carry__2_i_12/CO[3]
                         net (fo=1, routed)           0.000    10.491    top/teaching_board_top/target/rd2serial/_T_174_carry__2_i_12_n_0
    SLICE_X45Y28         CARRY4 (Prop_carry4_CI_CO[3])
                                                      0.114    10.605 r  top/teaching_board_top/target/rd2serial/_T_174_carry__2_i_9/CO[3]
                         net (fo=1, routed)           0.000    10.605    top/teaching_board_top/target/rd2serial/_T_174_carry__2_i_9_n_0
    SLICE_X45Y29         CARRY4 (Prop_carry4_CI_CO[3])
                                                      0.114    10.719 r  top/teaching_board_top/target/rd2serial/_T_174_carry__3_i_12/CO[3]
                         net (fo=1, routed)           0.000    10.719    top/teaching_board_top/target/rd2serial/_T_174_carry__3_i_12_n_0
    SLICE_X45Y30         CARRY4 (Prop_carry4_CI_CO[3])
                                                      0.114    10.833 r  top/teaching_board_top/target/rd2serial/_T_174_carry__3_i_9/CO[3]
                         net (fo=1, routed)           0.000    10.833    top/teaching_board_top/target/rd2serial/_T_174_carry__3_i_9_n_0
    SLICE_X45Y31         CARRY4 (Prop_carry4_CI_CO[3])
                                                      0.114    10.947 r  top/teaching_board_top/target/rd2serial/_T_174_carry__4_i_12/CO[3]
                         net (fo=1, routed)           0.000    10.947    top/teaching_board_top/target/rd2serial/_T_174_carry__4_i_12_n_0
    SLICE_X45Y32         CARRY4 (Prop_carry4_CI_CO[3])
                                                      0.114    11.061 r  top/teaching_board_top/target/rd2serial/_T_174_carry__4_i_9/CO[3]
                         net (fo=1, routed)           0.000    11.061    top/teaching_board_top/target/rd2serial/_T_174_carry__4_i_9_n_0
    SLICE_X45Y33         CARRY4 (Prop_carry4_CI_CO[3])
                                                      0.114    11.175 r  top/teaching_board_top/target/rd2serial/_T_174_carry__5_i_12/CO[3]
                         net (fo=1, routed)           0.000    11.175    top/teaching_board_top/target/rd2serial/_T_174_carry__5_i_12_n_0
    SLICE_X45Y34         CARRY4 (Prop_carry4_CI_CO[3])
                                                      0.114    11.289 r  top/teaching_board_top/target/rd2serial/_T_174_carry__5_i_9/CO[3]
                         net (fo=1, routed)           0.000    11.289    top/teaching_board_top/target/rd2serial/_T_174_carry__5_i_9_n_0
    SLICE_X45Y35         CARRY4 (Prop_carry4_CI_O[1])
                                                      0.334    11.623 r  top/teaching_board_top/target/rd2serial/_T_174_carry__6_i_12/O[1]
                         net (fo=8, routed)           0.851    12.475    top/teaching_board_top/target/rd2serial/_GEN_87[57]
    SLICE_X44Y33         LUT4 (Prop_lut4_I1_O)        0.303    12.778 r  top/teaching_board_top/target/rd2serial/_T_174_carry__6_i_8/O
                         net (fo=1, routed)           0.000    12.778    top/teaching_board_top/target/rd2serial/_T_174_carry__6_i_8_n_0
    SLICE_X44Y33         CARRY4 (Prop_carry4_S[0]_CO[3])
                                                      0.532    13.310 r  top/teaching_board_top/target/rd2serial/_T_174_carry__6/CO[3]
                         net (fo=1, routed)           0.000    13.310    top/teaching_board_top/target/rd2serial/_T_174_carry__6_n_0
    SLICE_X44Y34         CARRY4 (Prop_carry4_CI_CO[0])
                                                      0.271    13.581 r  top/teaching_board_top/target/rd2serial/_T_174_carry__7/CO[0]
                         net (fo=162, routed)         0.963    14.543    top/teaching_board_top/target/rd2serial/_T_174
    SLICE_X46Y33         LUT3 (Prop_lut3_I1_O)        0.373    14.916 r  top/teaching_board_top/target/rd2serial/_T_186_carry__2_i_8/O
                         net (fo=5, routed)           0.498    15.414    top/teaching_board_top/target/rd2serial/_T_186_carry__2_i_8_n_0
    SLICE_X39Y31         LUT6 (Prop_lut6_I5_O)        0.124    15.538 r  top/teaching_board_top/target/rd2serial/_T_317__2_carry__0_i_18/O
                         net (fo=2, routed)           0.644    16.182    top/teaching_board_top/target/rd2serial/_T_317__2_carry__0_i_18_n_0
    SLICE_X39Y31         LUT3 (Prop_lut3_I0_O)        0.124    16.306 f  top/teaching_board_top/target/rd2serial/_T_317__2_carry_i_74/O
                         net (fo=3, routed)           0.529    16.835    top/teaching_board_top/target/rd2serial/_T_317__2_carry_i_74_n_0
    SLICE_X38Y31         LUT3 (Prop_lut3_I1_O)        0.124    16.959 r  top/teaching_board_top/target/rd2serial/_T_317__2_carry__0_i_12/O
                         net (fo=4, routed)           0.611    17.570    top/teaching_board_top/target/rd2serial/_T_317__2_carry__0_i_12_n_0
    SLICE_X38Y30         LUT3 (Prop_lut3_I2_O)        0.124    17.694 r  top/teaching_board_top/target/rd2serial/_T_317__2_carry_i_68/O
                         net (fo=2, routed)           0.862    18.556    top/teaching_board_top/target/rd2serial/_T_317__2_carry_i_68_n_0
    SLICE_X38Y30         LUT6 (Prop_lut6_I0_O)        0.124    18.680 r  top/teaching_board_top/target/rd2serial/_T_317__2_carry_i_55/O
                         net (fo=2, routed)           0.470    19.150    top/teaching_board_top/target/rd2serial/_T_317__2_carry_i_55_n_0
    SLICE_X38Y27         LUT6 (Prop_lut6_I4_O)        0.124    19.274 r  top/teaching_board_top/target/rd2serial/_T_317__2_carry_i_22/O
                         net (fo=3, routed)           0.835    20.109    top/teaching_board_top/target/rd2serial/_T_317__2_carry_i_22_n_0
    SLICE_X36Y28         LUT4 (Prop_lut4_I1_O)        0.156    20.265 r  top/teaching_board_top/target/rd2serial/_T_317__2_carry__0_i_2/O
                         net (fo=2, routed)           0.607    20.871    top/teaching_board_top/target/rd2serial/_T_317__2_carry__0_i_2_n_0
    SLICE_X36Y29         LUT6 (Prop_lut6_I3_O)        0.355    21.226 r  top/teaching_board_top/target/rd2serial/_T_317__2_carry__0_i_4/O
                         net (fo=1, routed)           0.000    21.226    top/teaching_board_top/target/rd2serial/_T_317__2_carry__0_i_4_n_0
    SLICE_X36Y29         CARRY4 (Prop_carry4_S[0]_CO[2])
                                                      0.538    21.764 f  top/teaching_board_top/target/rd2serial/_T_317__2_carry__0/CO[2]
                         net (fo=1, routed)           0.300    22.064    top/teaching_board_top/target/rd2serial/_T_317__2[6]
    SLICE_X38Y29         LUT4 (Prop_lut4_I3_O)        0.310    22.374 f  top/teaching_board_top/target/rd2serial/req_address[1]_i_5/O
                         net (fo=1, routed)           0.305    22.679    top/teaching_board_top/target/rd2serial/req_address[1]_i_5_n_0
    SLICE_X38Y27         LUT4 (Prop_lut4_I3_O)        0.124    22.803 f  top/teaching_board_top/target/rd2serial/req_address[1]_i_4/O
                         net (fo=8, routed)           0.226    23.029    top/teaching_board_top/target/rd2serial/req_address[1]_i_4_n_0
    SLICE_X38Y27         LUT2 (Prop_lut2_I1_O)        0.124    23.153 r  top/teaching_board_top/target/rd2serial/req_mask[5]_i_6/O
                         net (fo=5, routed)           0.456    23.609    top/teaching_board_top/target/rd2serial/req_mask[5]_i_6_n_0
    SLICE_X39Y26         LUT5 (Prop_lut5_I0_O)        0.124    23.733 r  top/teaching_board_top/target/rd2serial/req_address[2]_i_3/O
                         net (fo=2, routed)           0.541    24.274    top/teaching_board_top/target/sbus/system_bus_xbar/rd2serial_auto_out_a_bits_address[1]
    SLICE_X36Y20         LUT6 (Prop_lut6_I0_O)        0.124    24.398 r  top/teaching_board_top/target/sbus/system_bus_xbar/req_address[2]_i_2/O
                         net (fo=1, routed)           0.434    24.832    top/teaching_board_top/target/sbus/system_bus_xbar/req_address[2]_i_2_n_0
    SLICE_X35Y20         LUT5 (Prop_lut5_I0_O)        0.124    24.956 r  top/teaching_board_top/target/sbus/system_bus_xbar/req_address[2]_i_1/O
                         net (fo=11, routed)          0.606    25.562    top/teaching_board_top/target/sbus/system_bus_xbar/DI[2]
    SLICE_X31Y20         LUT5 (Prop_lut5_I0_O)        0.124    25.686 r  top/teaching_board_top/target/sbus/system_bus_xbar/resvValid_0_i_114/O
                         net (fo=1, routed)           0.000    25.686    top/teaching_board_top/target/sbus/system_bus_xbar/resvValid_0_i_114_n_0
    SLICE_X31Y20         CARRY4 (Prop_carry4_S[2]_CO[3])
                                                      0.398    26.084 r  top/teaching_board_top/target/sbus/system_bus_xbar/resvValid_0_reg_i_97/CO[3]
                         net (fo=1, routed)           0.000    26.084    top/teaching_board_top/target/sbus/system_bus_xbar/resvValid_0_reg_i_97_n_0
    SLICE_X31Y21         CARRY4 (Prop_carry4_CI_CO[3])
                                                      0.114    26.198 r  top/teaching_board_top/target/sbus/system_bus_xbar/resvValid_0_reg_i_98/CO[3]
                         net (fo=1, routed)           0.000    26.198    top/teaching_board_top/target/sbus/system_bus_xbar/resvValid_0_reg_i_98_n_0
    SLICE_X31Y22         CARRY4 (Prop_carry4_CI_CO[3])
                                                      0.114    26.312 r  top/teaching_board_top/target/sbus/system_bus_xbar/resvValid_0_reg_i_82/CO[3]
                         net (fo=1, routed)           0.000    26.312    top/teaching_board_top/target/sbus/system_bus_xbar/resvValid_0_reg_i_82_n_0
    SLICE_X31Y23         CARRY4 (Prop_carry4_CI_CO[3])
                                                      0.114    26.426 r  top/teaching_board_top/target/sbus/system_bus_xbar/resvValid_0_reg_i_81/CO[3]
                         net (fo=1, routed)           0.000    26.426    top/teaching_board_top/target/sbus/system_bus_xbar/resvValid_0_reg_i_81_n_0
    SLICE_X31Y24         CARRY4 (Prop_carry4_CI_CO[3])
                                                      0.114    26.540 r  top/teaching_board_top/target/sbus/system_bus_xbar/resvValid_0_reg_i_57/CO[3]
                         net (fo=1, routed)           0.009    26.549    top/teaching_board_top/target/sbus/system_bus_xbar/resvValid_0_reg_i_57_n_0
    SLICE_X31Y25         CARRY4 (Prop_carry4_CI_CO[3])
                                                      0.114    26.663 r  top/teaching_board_top/target/sbus/system_bus_xbar/resvValid_0_reg_i_56/CO[3]
                         net (fo=1, routed)           0.000    26.663    top/teaching_board_top/target/sbus/system_bus_xbar/resvValid_0_reg_i_56_n_0
    SLICE_X31Y26         CARRY4 (Prop_carry4_CI_CO[3])
                                                      0.114    26.777 r  top/teaching_board_top/target/sbus/system_bus_xbar/resvValid_0_reg_i_39/CO[3]
                         net (fo=1, routed)           0.000    26.777    top/teaching_board_top/target/sbus/system_bus_xbar/resvValid_0_reg_i_39_n_0
    SLICE_X31Y27         CARRY4 (Prop_carry4_CI_O[1])
                                                      0.334    27.111 r  top/teaching_board_top/target/sbus/system_bus_xbar/resvValid_0_reg_i_38/O[1]
                         net (fo=4, routed)           0.882    27.993    top/teaching_board_top/target/backend/aHi[25]
    SLICE_X33Y26         LUT4 (Prop_lut4_I1_O)        0.303    28.296 r  top/teaching_board_top/target/backend/resvValid_1_i_18/O
                         net (fo=1, routed)           0.000    28.296    top/teaching_board_top/target/sbus/system_bus_xbar/resvValid_1_i_10_0[1]
    SLICE_X33Y26         CARRY4 (Prop_carry4_S[1]_CO[2])
                                                      0.570    28.866 r  top/teaching_board_top/target/sbus/system_bus_xbar/resvValid_1_reg_i_11/CO[2]
                         net (fo=2, routed)           0.487    29.354    top/teaching_board_top/target/sbus/system_bus_xbar/backend/_T_617
    SLICE_X36Y26         LUT5 (Prop_lut5_I2_O)        0.313    29.667 r  top/teaching_board_top/target/sbus/system_bus_xbar/resvValid_1_i_10/O
                         net (fo=1, routed)           0.436    30.103    top/teaching_board_top/target/sbus/system_bus_xbar/resvValid_1_i_10_n_0
    SLICE_X36Y25         LUT6 (Prop_lut6_I0_O)        0.124    30.227 r  top/teaching_board_top/target/sbus/system_bus_xbar/resvValid_1_i_6/O
                         net (fo=1, routed)           0.303    30.530    top/teaching_board_top/target/sbus/system_bus_xbar/resvValid_1_i_6_n_0
    SLICE_X36Y26         LUT6 (Prop_lut6_I4_O)        0.124    30.654 r  top/teaching_board_top/target/sbus/system_bus_xbar/resvValid_1_i_2/O
                         net (fo=1, routed)           0.302    30.956    top/teaching_board_top/target/sbus/system_bus_xbar/resvValid_1_i_2_n_0
    SLICE_X36Y25         LUT5 (Prop_lut5_I1_O)        0.124    31.080 r  top/teaching_board_top/target/sbus/system_bus_xbar/resvValid_1_i_1/O
                         net (fo=1, routed)           0.000    31.080    top/teaching_board_top/target/backend/resvValid_1_reg_0
    SLICE_X36Y25         FDRE                                         r  top/teaching_board_top/target/backend/resvValid_1_reg/D
  -------------------------------------------------------------------    -------------------

                         (clock host_clk_i rise edge)
                                                     25.000    25.000 r  
    H16                                               0.000    25.000 r  clk (IN)
                         net (fo=0)                   0.000    25.000    clk
    H16                  IBUF (Prop_ibuf_I_O)         1.380    26.380 r  ibufg_gclk/O
                         net (fo=1, routed)           1.162    27.542    gclk_i
    MMCME2_ADV_X1Y2      MMCME2_ADV (Prop_mmcme2_adv_CLKIN1_CLKOUT0)
                                                      0.083    27.625 r  MMCME2_BASE_inst/CLKOUT0
                         net (fo=1, routed)           2.012    29.637    host_clk_i
    BUFGCTRL_X0Y16       BUFG (Prop_bufg_I_O)         0.091    29.728 r  bufg_host_clk/O
                         net (fo=17600, routed)       1.478    31.207    top/teaching_board_top/target/backend/host_clk
    SLICE_X36Y25         FDRE                                         r  top/teaching_board_top/target/backend/resvValid_1_reg/C
                         clock pessimism              0.517    31.724    
                         clock uncertainty           -0.082    31.642    
    SLICE_X36Y25         FDRE (Setup_fdre_C_D)        0.079    31.721    top/teaching_board_top/target/backend/resvValid_1_reg
  -------------------------------------------------------------------
                         required time                         31.721    
                         arrival time                         -31.080    
  -------------------------------------------------------------------
                         slack                                  0.641    

Slack (MET) :             0.815ns  (required time - arrival time)
  Source:                 top/teaching_board_top/target/rd2serial/addr_reg[6]/C
                            (rising edge-triggered cell FDRE clocked by host_clk_i  {rise@0.000ns fall@12.500ns period=25.000ns})
  Destination:            top/teaching_board_top/target/backend/resvValid_0_reg/D
                            (rising edge-triggered cell FDRE clocked by host_clk_i  {rise@0.000ns fall@12.500ns period=25.000ns})
  Path Group:             host_clk_i
  Path Type:              Setup (Max at Slow Process Corner)
  Requirement:            25.000ns  (host_clk_i rise@25.000ns - host_clk_i rise@0.000ns)
  Data Path Delay:        24.129ns  (logic 10.883ns (45.103%)  route 13.246ns (54.897%))
  Logic Levels:           48  (CARRY4=25 LUT2=2 LUT3=4 LUT4=5 LUT5=5 LUT6=7)
  Clock Path Skew:        -0.055ns (DCD - SCD + CPR)
    Destination Clock Delay (DCD):    6.213ns = ( 31.213 - 25.000 ) 
    Source Clock Delay      (SCD):    6.785ns
    Clock Pessimism Removal (CPR):    0.517ns
  Clock Uncertainty:      0.082ns  ((TSJ^2 + DJ^2)^1/2) / 2 + PE
    Total System Jitter     (TSJ):    0.071ns
    Discrete Jitter          (DJ):    0.147ns
    Phase Error              (PE):    0.000ns

    Location             Delay type                Incr(ns)  Path(ns)    Netlist Resource(s)
  -------------------------------------------------------------------    -------------------
                         (clock host_clk_i rise edge)
                                                      0.000     0.000 r  
    H16                                               0.000     0.000 r  clk (IN)
                         net (fo=0)                   0.000     0.000    clk
    H16                  IBUF (Prop_ibuf_I_O)         1.451     1.451 r  ibufg_gclk/O
                         net (fo=1, routed)           1.285     2.736    gclk_i
    MMCME2_ADV_X1Y2      MMCME2_ADV (Prop_mmcme2_adv_CLKIN1_CLKOUT0)
                                                      0.088     2.824 r  MMCME2_BASE_inst/CLKOUT0
                         net (fo=1, routed)           2.206     5.030    host_clk_i
    BUFGCTRL_X0Y16       BUFG (Prop_bufg_I_O)         0.101     5.131 r  bufg_host_clk/O
                         net (fo=17600, routed)       1.654     6.785    top/teaching_board_top/target/rd2serial/host_clk
    SLICE_X43Y21         FDRE                                         r  top/teaching_board_top/target/rd2serial/addr_reg[6]/C
  -------------------------------------------------------------------    -------------------
    SLICE_X43Y21         FDRE (Prop_fdre_C_Q)         0.456     7.241 r  top/teaching_board_top/target/rd2serial/addr_reg[6]/Q
                         net (fo=5, routed)           0.626     7.867    top/teaching_board_top/target/rd2serial/rd2serial_auto_out_a_bits_address[5]
    SLICE_X42Y21         CARRY4 (Prop_carry4_S[2]_CO[3])
                                                      0.504     8.371 r  top/teaching_board_top/target/rd2serial/addr_reg[7]_i_3/CO[3]
                         net (fo=1, routed)           0.000     8.371    top/teaching_board_top/target/rd2serial/addr_reg[7]_i_3_n_0
    SLICE_X42Y22         CARRY4 (Prop_carry4_CI_CO[3])
                                                      0.117     8.488 r  top/teaching_board_top/target/rd2serial/addr_reg[11]_i_3/CO[3]
                         net (fo=1, routed)           0.000     8.488    top/teaching_board_top/target/rd2serial/addr_reg[11]_i_3_n_0
    SLICE_X42Y23         CARRY4 (Prop_carry4_CI_CO[3])
                                                      0.117     8.605 r  top/teaching_board_top/target/rd2serial/addr_reg[15]_i_3/CO[3]
                         net (fo=1, routed)           0.000     8.605    top/teaching_board_top/target/rd2serial/addr_reg[15]_i_3_n_0
    SLICE_X42Y24         CARRY4 (Prop_carry4_CI_O[1])
                                                      0.323     8.928 r  top/teaching_board_top/target/rd2serial/addr_reg[19]_i_3/O[1]
                         net (fo=3, routed)           0.479     9.407    top/teaching_board_top/target/rd2serial/_GEN_86[17]
    SLICE_X45Y25         LUT2 (Prop_lut2_I0_O)        0.306     9.713 r  top/teaching_board_top/target/rd2serial/_T_174_carry__1_i_19/O
                         net (fo=1, routed)           0.000     9.713    top/teaching_board_top/target/rd2serial/_T_174_carry__1_i_19_n_0
    SLICE_X45Y25         CARRY4 (Prop_carry4_S[1]_CO[3])
                                                      0.550    10.263 r  top/teaching_board_top/target/rd2serial/_T_174_carry__1_i_12/CO[3]
                         net (fo=1, routed)           0.000    10.263    top/teaching_board_top/target/rd2serial/_T_174_carry__1_i_12_n_0
    SLICE_X45Y26         CARRY4 (Prop_carry4_CI_CO[3])
                                                      0.114    10.377 r  top/teaching_board_top/target/rd2serial/_T_174_carry__1_i_9/CO[3]
                         net (fo=1, routed)           0.000    10.377    top/teaching_board_top/target/rd2serial/_T_174_carry__1_i_9_n_0
    SLICE_X45Y27         CARRY4 (Prop_carry4_CI_CO[3])
                                                      0.114    10.491 r  top/teaching_board_top/target/rd2serial/_T_174_carry__2_i_12/CO[3]
                         net (fo=1, routed)           0.000    10.491    top/teaching_board_top/target/rd2serial/_T_174_carry__2_i_12_n_0
    SLICE_X45Y28         CARRY4 (Prop_carry4_CI_CO[3])
                                                      0.114    10.605 r  top/teaching_board_top/target/rd2serial/_T_174_carry__2_i_9/CO[3]
                         net (fo=1, routed)           0.000    10.605    top/teaching_board_top/target/rd2serial/_T_174_carry__2_i_9_n_0
    SLICE_X45Y29         CARRY4 (Prop_carry4_CI_CO[3])
                                                      0.114    10.719 r  top/teaching_board_top/target/rd2serial/_T_174_carry__3_i_12/CO[3]
                         net (fo=1, routed)           0.000    10.719    top/teaching_board_top/target/rd2serial/_T_174_carry__3_i_12_n_0
    SLICE_X45Y30         CARRY4 (Prop_carry4_CI_CO[3])
                                                      0.114    10.833 r  top/teaching_board_top/target/rd2serial/_T_174_carry__3_i_9/CO[3]
                         net (fo=1, routed)           0.000    10.833    top/teaching_board_top/target/rd2serial/_T_174_carry__3_i_9_n_0
    SLICE_X45Y31         CARRY4 (Prop_carry4_CI_CO[3])
                                                      0.114    10.947 r  top/teaching_board_top/target/rd2serial/_T_174_carry__4_i_12/CO[3]
                         net (fo=1, routed)           0.000    10.947    top/teaching_board_top/target/rd2serial/_T_174_carry__4_i_12_n_0
    SLICE_X45Y32         CARRY4 (Prop_carry4_CI_CO[3])
                                                      0.114    11.061 r  top/teaching_board_top/target/rd2serial/_T_174_carry__4_i_9/CO[3]
                         net (fo=1, routed)           0.000    11.061    top/teaching_board_top/target/rd2serial/_T_174_carry__4_i_9_n_0
    SLICE_X45Y33         CARRY4 (Prop_carry4_CI_CO[3])
                                                      0.114    11.175 r  top/teaching_board_top/target/rd2serial/_T_174_carry__5_i_12/CO[3]
                         net (fo=1, routed)           0.000    11.175    top/teaching_board_top/target/rd2serial/_T_174_carry__5_i_12_n_0
    SLICE_X45Y34         CARRY4 (Prop_carry4_CI_CO[3])
                                                      0.114    11.289 r  top/teaching_board_top/target/rd2serial/_T_174_carry__5_i_9/CO[3]
                         net (fo=1, routed)           0.000    11.289    top/teaching_board_top/target/rd2serial/_T_174_carry__5_i_9_n_0
    SLICE_X45Y35         CARRY4 (Prop_carry4_CI_O[1])
                                                      0.334    11.623 r  top/teaching_board_top/target/rd2serial/_T_174_carry__6_i_12/O[1]
                         net (fo=8, routed)           0.851    12.475    top/teaching_board_top/target/rd2serial/_GEN_87[57]
    SLICE_X44Y33         LUT4 (Prop_lut4_I1_O)        0.303    12.778 r  top/teaching_board_top/target/rd2serial/_T_174_carry__6_i_8/O
                         net (fo=1, routed)           0.000    12.778    top/teaching_board_top/target/rd2serial/_T_174_carry__6_i_8_n_0
    SLICE_X44Y33         CARRY4 (Prop_carry4_S[0]_CO[3])
                                                      0.532    13.310 r  top/teaching_board_top/target/rd2serial/_T_174_carry__6/CO[3]
                         net (fo=1, routed)           0.000    13.310    top/teaching_board_top/target/rd2serial/_T_174_carry__6_n_0
    SLICE_X44Y34         CARRY4 (Prop_carry4_CI_CO[0])
                                                      0.271    13.581 r  top/teaching_board_top/target/rd2serial/_T_174_carry__7/CO[0]
                         net (fo=162, routed)         0.963    14.543    top/teaching_board_top/target/rd2serial/_T_174
    SLICE_X46Y33         LUT3 (Prop_lut3_I1_O)        0.373    14.916 r  top/teaching_board_top/target/rd2serial/_T_186_carry__2_i_8/O
                         net (fo=5, routed)           0.498    15.414    top/teaching_board_top/target/rd2serial/_T_186_carry__2_i_8_n_0
    SLICE_X39Y31         LUT6 (Prop_lut6_I5_O)        0.124    15.538 r  top/teaching_board_top/target/rd2serial/_T_317__2_carry__0_i_18/O
                         net (fo=2, routed)           0.644    16.182    top/teaching_board_top/target/rd2serial/_T_317__2_carry__0_i_18_n_0
    SLICE_X39Y31         LUT3 (Prop_lut3_I0_O)        0.124    16.306 f  top/teaching_board_top/target/rd2serial/_T_317__2_carry_i_74/O
                         net (fo=3, routed)           0.529    16.835    top/teaching_board_top/target/rd2serial/_T_317__2_carry_i_74_n_0
    SLICE_X38Y31         LUT3 (Prop_lut3_I1_O)        0.124    16.959 r  top/teaching_board_top/target/rd2serial/_T_317__2_carry__0_i_12/O
                         net (fo=4, routed)           0.611    17.570    top/teaching_board_top/target/rd2serial/_T_317__2_carry__0_i_12_n_0
    SLICE_X38Y30         LUT3 (Prop_lut3_I2_O)        0.124    17.694 r  top/teaching_board_top/target/rd2serial/_T_317__2_carry_i_68/O
                         net (fo=2, routed)           0.862    18.556    top/teaching_board_top/target/rd2serial/_T_317__2_carry_i_68_n_0
    SLICE_X38Y30         LUT6 (Prop_lut6_I0_O)        0.124    18.680 r  top/teaching_board_top/target/rd2serial/_T_317__2_carry_i_55/O
                         net (fo=2, routed)           0.470    19.150    top/teaching_board_top/target/rd2serial/_T_317__2_carry_i_55_n_0
    SLICE_X38Y27         LUT6 (Prop_lut6_I4_O)        0.124    19.274 r  top/teaching_board_top/target/rd2serial/_T_317__2_carry_i_22/O
                         net (fo=3, routed)           0.835    20.109    top/teaching_board_top/target/rd2serial/_T_317__2_carry_i_22_n_0
    SLICE_X36Y28         LUT4 (Prop_lut4_I1_O)        0.156    20.265 r  top/teaching_board_top/target/rd2serial/_T_317__2_carry__0_i_2/O
                         net (fo=2, routed)           0.607    20.871    top/teaching_board_top/target/rd2serial/_T_317__2_carry__0_i_2_n_0
    SLICE_X36Y29         LUT6 (Prop_lut6_I3_O)        0.355    21.226 r  top/teaching_board_top/target/rd2serial/_T_317__2_carry__0_i_4/O
                         net (fo=1, routed)           0.000    21.226    top/teaching_board_top/target/rd2serial/_T_317__2_carry__0_i_4_n_0
    SLICE_X36Y29         CARRY4 (Prop_carry4_S[0]_CO[2])
                                                      0.538    21.764 f  top/teaching_board_top/target/rd2serial/_T_317__2_carry__0/CO[2]
                         net (fo=1, routed)           0.300    22.064    top/teaching_board_top/target/rd2serial/_T_317__2[6]
    SLICE_X38Y29         LUT4 (Prop_lut4_I3_O)        0.310    22.374 f  top/teaching_board_top/target/rd2serial/req_address[1]_i_5/O
                         net (fo=1, routed)           0.305    22.679    top/teaching_board_top/target/rd2serial/req_address[1]_i_5_n_0
    SLICE_X38Y27         LUT4 (Prop_lut4_I3_O)        0.124    22.803 f  top/teaching_board_top/target/rd2serial/req_address[1]_i_4/O
                         net (fo=8, routed)           0.226    23.029    top/teaching_board_top/target/rd2serial/req_address[1]_i_4_n_0
    SLICE_X38Y27         LUT2 (Prop_lut2_I1_O)        0.124    23.153 r  top/teaching_board_top/target/rd2serial/req_mask[5]_i_6/O
                         net (fo=5, routed)           0.456    23.609    top/teaching_board_top/target/rd2serial/req_mask[5]_i_6_n_0
    SLICE_X39Y26         LUT5 (Prop_lut5_I0_O)        0.124    23.733 r  top/teaching_board_top/target/rd2serial/req_address[2]_i_3/O
                         net (fo=2, routed)           0.541    24.274    top/teaching_board_top/target/sbus/system_bus_xbar/rd2serial_auto_out_a_bits_address[1]
    SLICE_X36Y20         LUT6 (Prop_lut6_I0_O)        0.124    24.398 r  top/teaching_board_top/target/sbus/system_bus_xbar/req_address[2]_i_2/O
                         net (fo=1, routed)           0.434    24.832    top/teaching_board_top/target/sbus/system_bus_xbar/req_address[2]_i_2_n_0
    SLICE_X35Y20         LUT5 (Prop_lut5_I0_O)        0.124    24.956 r  top/teaching_board_top/target/sbus/system_bus_xbar/req_address[2]_i_1/O
                         net (fo=11, routed)          0.606    25.562    top/teaching_board_top/target/sbus/system_bus_xbar/DI[2]
    SLICE_X31Y20         LUT5 (Prop_lut5_I0_O)        0.124    25.686 r  top/teaching_board_top/target/sbus/system_bus_xbar/resvValid_0_i_114/O
                         net (fo=1, routed)           0.000    25.686    top/teaching_board_top/target/sbus/system_bus_xbar/resvValid_0_i_114_n_0
    SLICE_X31Y20         CARRY4 (Prop_carry4_S[2]_CO[3])
                                                      0.398    26.084 r  top/teaching_board_top/target/sbus/system_bus_xbar/resvValid_0_reg_i_97/CO[3]
                         net (fo=1, routed)           0.000    26.084    top/teaching_board_top/target/sbus/system_bus_xbar/resvValid_0_reg_i_97_n_0
    SLICE_X31Y21         CARRY4 (Prop_carry4_CI_CO[3])
                                                      0.114    26.198 r  top/teaching_board_top/target/sbus/system_bus_xbar/resvValid_0_reg_i_98/CO[3]
                         net (fo=1, routed)           0.000    26.198    top/teaching_board_top/target/sbus/system_bus_xbar/resvValid_0_reg_i_98_n_0
    SLICE_X31Y22         CARRY4 (Prop_carry4_CI_CO[3])
                                                      0.114    26.312 r  top/teaching_board_top/target/sbus/system_bus_xbar/resvValid_0_reg_i_82/CO[3]
                         net (fo=1, routed)           0.000    26.312    top/teaching_board_top/target/sbus/system_bus_xbar/resvValid_0_reg_i_82_n_0
    SLICE_X31Y23         CARRY4 (Prop_carry4_CI_O[1])
                                                      0.334    26.646 r  top/teaching_board_top/target/sbus/system_bus_xbar/resvValid_0_reg_i_81/O[1]
                         net (fo=4, routed)           1.029    27.675    top/teaching_board_top/target/sbus/system_bus_xbar/req_addr_reg[15]_0[1]
    SLICE_X34Y25         LUT4 (Prop_lut4_I0_O)        0.303    27.978 r  top/teaching_board_top/target/sbus/system_bus_xbar/resvValid_0_i_54/O
                         net (fo=1, routed)           0.000    27.978    top/teaching_board_top/target/sbus/system_bus_xbar/resvValid_0_i_54_n_0
    SLICE_X34Y25         CARRY4 (Prop_carry4_S[1]_CO[3])
                                                      0.533    28.511 r  top/teaching_board_top/target/sbus/system_bus_xbar/resvValid_0_reg_i_29/CO[3]
                         net (fo=1, routed)           0.000    28.511    top/teaching_board_top/target/sbus/system_bus_xbar/resvValid_0_reg_i_29_n_0
    SLICE_X34Y26         CARRY4 (Prop_carry4_CI_CO[3])
                                                      0.117    28.628 r  top/teaching_board_top/target/sbus/system_bus_xbar/resvValid_0_reg_i_17/CO[3]
                         net (fo=1, routed)           0.000    28.628    top/teaching_board_top/target/sbus/system_bus_xbar/resvValid_0_reg_i_17_n_0
    SLICE_X34Y27         CARRY4 (Prop_carry4_CI_CO[2])
                                                      0.229    28.857 r  top/teaching_board_top/target/sbus/system_bus_xbar/resvValid_0_reg_i_15/CO[2]
                         net (fo=2, routed)           0.472    29.329    top/teaching_board_top/target/sbus/system_bus_xbar/backend/_T_609
    SLICE_X34Y28         LUT5 (Prop_lut5_I2_O)        0.310    29.639 r  top/teaching_board_top/target/sbus/system_bus_xbar/resvValid_0_i_14/O
                         net (fo=1, routed)           0.452    30.091    top/teaching_board_top/target/sbus/system_bus_xbar/resvValid_0_i_14_n_0
    SLICE_X32Y29         LUT6 (Prop_lut6_I0_O)        0.124    30.215 r  top/teaching_board_top/target/sbus/system_bus_xbar/resvValid_0_i_6/O
                         net (fo=1, routed)           0.165    30.379    top/teaching_board_top/target/sbus/system_bus_xbar/resvValid_0_i_6_n_0
    SLICE_X32Y29         LUT6 (Prop_lut6_I4_O)        0.124    30.503 r  top/teaching_board_top/target/sbus/system_bus_xbar/resvValid_0_i_2/O
                         net (fo=1, routed)           0.286    30.790    top/teaching_board_top/target/sbus/system_bus_xbar/resvValid_0_i_2_n_0
    SLICE_X32Y29         LUT5 (Prop_lut5_I1_O)        0.124    30.914 r  top/teaching_board_top/target/sbus/system_bus_xbar/resvValid_0_i_1/O
                         net (fo=1, routed)           0.000    30.914    top/teaching_board_top/target/backend/resvValid_0_reg_0
    SLICE_X32Y29         FDRE                                         r  top/teaching_board_top/target/backend/resvValid_0_reg/D
  -------------------------------------------------------------------    -------------------

                         (clock host_clk_i rise edge)
                                                     25.000    25.000 r  
    H16                                               0.000    25.000 r  clk (IN)
                         net (fo=0)                   0.000    25.000    clk
    H16                  IBUF (Prop_ibuf_I_O)         1.380    26.380 r  ibufg_gclk/O
                         net (fo=1, routed)           1.162    27.542    gclk_i
    MMCME2_ADV_X1Y2      MMCME2_ADV (Prop_mmcme2_adv_CLKIN1_CLKOUT0)
                                                      0.083    27.625 r  MMCME2_BASE_inst/CLKOUT0
                         net (fo=1, routed)           2.012    29.637    host_clk_i
    BUFGCTRL_X0Y16       BUFG (Prop_bufg_I_O)         0.091    29.728 r  bufg_host_clk/O
                         net (fo=17600, routed)       1.484    31.213    top/teaching_board_top/target/backend/host_clk
    SLICE_X32Y29         FDRE                                         r  top/teaching_board_top/target/backend/resvValid_0_reg/C
                         clock pessimism              0.517    31.730    
                         clock uncertainty           -0.082    31.648    
    SLICE_X32Y29         FDRE (Setup_fdre_C_D)        0.081    31.729    top/teaching_board_top/target/backend/resvValid_0_reg
  -------------------------------------------------------------------
                         required time                         31.729    
                         arrival time                         -30.914    
  -------------------------------------------------------------------
                         slack                                  0.815    

Slack (MET) :             1.407ns  (required time - arrival time)
  Source:                 top/teaching_board_top/target/harts_1/cpu/core/mem_addr_reg[34]/C
                            (rising edge-triggered cell FDRE clocked by host_clk_i  {rise@0.000ns fall@12.500ns period=25.000ns})
  Destination:            top/teaching_board_top/target/harts_1/cpu/core/preq_wmask_reg[4]/R
                            (rising edge-triggered cell FDRE clocked by host_clk_i  {rise@0.000ns fall@12.500ns period=25.000ns})
  Path Group:             host_clk_i
  Path Type:              Setup (Max at Slow Process Corner)
  Requirement:            25.000ns  (host_clk_i rise@25.000ns - host_clk_i rise@0.000ns)
  Data Path Delay:        22.564ns  (logic 4.148ns (18.383%)  route 18.416ns (81.617%))
  Logic Levels:           17  (CARRY4=1 LUT2=2 LUT3=1 LUT4=3 LUT5=1 LUT6=9)
  Clock Path Skew:        -0.222ns (DCD - SCD + CPR)
    Destination Clock Delay (DCD):    6.220ns = ( 31.220 - 25.000 ) 
    Source Clock Delay      (SCD):    6.858ns
    Clock Pessimism Removal (CPR):    0.416ns
  Clock Uncertainty:      0.082ns  ((TSJ^2 + DJ^2)^1/2) / 2 + PE
    Total System Jitter     (TSJ):    0.071ns
    Discrete Jitter          (DJ):    0.147ns
    Phase Error              (PE):    0.000ns

    Location             Delay type                Incr(ns)  Path(ns)    Netlist Resource(s)
  -------------------------------------------------------------------    -------------------
                         (clock host_clk_i rise edge)
                                                      0.000     0.000 r  
    H16                                               0.000     0.000 r  clk (IN)
                         net (fo=0)                   0.000     0.000    clk
    H16                  IBUF (Prop_ibuf_I_O)         1.451     1.451 r  ibufg_gclk/O
                         net (fo=1, routed)           1.285     2.736    gclk_i
    MMCME2_ADV_X1Y2      MMCME2_ADV (Prop_mmcme2_adv_CLKIN1_CLKOUT0)
                                                      0.088     2.824 r  MMCME2_BASE_inst/CLKOUT0
                         net (fo=1, routed)           2.206     5.030    host_clk_i
    BUFGCTRL_X0Y16       BUFG (Prop_bufg_I_O)         0.101     5.131 r  bufg_host_clk/O
                         net (fo=17600, routed)       1.727     6.858    top/teaching_board_top/target/harts_1/cpu/core/host_clk
    SLICE_X86Y19         FDRE                                         r  top/teaching_board_top/target/harts_1/cpu/core/mem_addr_reg[34]/C
  -------------------------------------------------------------------    -------------------
    SLICE_X86Y19         FDRE (Prop_fdre_C_Q)         0.518     7.376 r  top/teaching_board_top/target/harts_1/cpu/core/mem_addr_reg[34]/Q
                         net (fo=28, routed)          2.364     9.740    top/teaching_board_top/target/harts_1/cpu/core/g_sv39.tlb/wb_tval_reg[63][34]
    SLICE_X47Y7          LUT6 (Prop_lut6_I1_O)        0.124     9.864 r  top/teaching_board_top/target/harts_1/cpu/core/g_sv39.tlb/mem_pa_r[52]_i_47/O
                         net (fo=1, routed)           0.000     9.864    top/teaching_board_top/target/harts_1/cpu/core/g_sv39.tlb/mem_pa_r[52]_i_47_n_0
    SLICE_X47Y7          CARRY4 (Prop_carry4_S[1]_CO[2])
                                                      0.570    10.434 r  top/teaching_board_top/target/harts_1/cpu/core/g_sv39.tlb/mem_pa_r_reg[52]_i_18/CO[2]
                         net (fo=1, routed)           0.960    11.393    top/teaching_board_top/target/harts_1/cpu/core/g_sv39.tlb/match021_out
    SLICE_X47Y4          LUT6 (Prop_lut6_I0_O)        0.313    11.706 f  top/teaching_board_top/target/harts_1/cpu/core/g_sv39.tlb/mem_pa_r[52]_i_8/O
                         net (fo=57, routed)          1.220    12.927    top/teaching_board_top/target/harts_1/cpu/core/g_sv39.tlb/mem_pa_r[52]_i_8_n_0
    SLICE_X30Y4          LUT5 (Prop_lut5_I2_O)        0.124    13.051 r  top/teaching_board_top/target/harts_1/cpu/core/g_sv39.tlb/mem_pa_r[55]_i_25__0/O
                         net (fo=56, routed)          1.533    14.583    top/teaching_board_top/target/harts_1/cpu/core/g_sv39.tlb/mem_pa_r[55]_i_25__0_n_0
    SLICE_X21Y4          LUT4 (Prop_lut4_I0_O)        0.152    14.735 f  top/teaching_board_top/target/harts_1/cpu/core/g_sv39.tlb/wb_irq_i_36/O
                         net (fo=1, routed)           0.812    15.547    top/teaching_board_top/target/harts_1/cpu/core/g_sv39.tlb/wb_irq_i_36_n_0
    SLICE_X21Y4          LUT4 (Prop_lut4_I3_O)        0.362    15.909 f  top/teaching_board_top/target/harts_1/cpu/core/g_sv39.tlb/wb_irq_i_25/O
                         net (fo=1, routed)           0.804    16.713    top/teaching_board_top/target/harts_1/cpu/core/g_sv39.tlb/wb_irq_i_25_n_0
    SLICE_X21Y3          LUT6 (Prop_lut6_I1_O)        0.327    17.040 f  top/teaching_board_top/target/harts_1/cpu/core/g_sv39.tlb/wb_irq_i_14/O
                         net (fo=2, routed)           0.606    17.646    top/teaching_board_top/target/harts_1/cpu/core/g_sv39.tlb/wb_irq_i_14_n_0
    SLICE_X22Y3          LUT6 (Prop_lut6_I2_O)        0.124    17.770 f  top/teaching_board_top/target/harts_1/cpu/core/g_sv39.tlb/wb_irq_i_7/O
                         net (fo=1, routed)           1.270    19.040    top/teaching_board_top/target/harts_1/cpu/core/g_sv39.tlb/wb_irq_i_7_n_0
    SLICE_X46Y3          LUT6 (Prop_lut6_I1_O)        0.124    19.164 f  top/teaching_board_top/target/harts_1/cpu/core/g_sv39.tlb/wb_irq_i_2/O
                         net (fo=134, routed)         1.135    20.299    top/teaching_board_top/target/harts_1/cpu/core/g_sv39.tlb/mem_bad_now
    SLICE_X71Y3          LUT6 (Prop_lut6_I0_O)        0.124    20.423 f  top/teaching_board_top/target/harts_1/cpu/core/g_sv39.tlb/wb_irq_i_1/O
                         net (fo=44, routed)          0.608    21.031    top/teaching_board_top/target/harts_1/cpu/core/g_sv39.walk/walker/mem_fire
    SLICE_X74Y5          LUT6 (Prop_lut6_I4_O)        0.124    21.155 f  top/teaching_board_top/target/harts_1/cpu/core/g_sv39.walk/walker/mem_irq_i_1/O
                         net (fo=190, routed)         0.579    21.734    top/teaching_board_top/target/harts_1/cpu/core/g_sv39.walk/walker/ex_irq_reg
    SLICE_X74Y6          LUT3 (Prop_lut3_I2_O)        0.124    21.858 f  top/teaching_board_top/target/harts_1/cpu/core/g_sv39.walk/walker/ex_c_i_1__0/O
                         net (fo=185, routed)         0.927    22.785    top/teaching_board_top/target/harts_1/cpu/core/csrfile/id_fire
    SLICE_X90Y6          LUT6 (Prop_lut6_I3_O)        0.124    22.909 f  top/teaching_board_top/target/harts_1/cpu/core/csrfile/f2_pfault_i_3__0/O
                         net (fo=212, routed)         1.326    24.235    top/teaching_board_top/target/harts_1/cpu/core/csrfile/seq.fe_flush
    SLICE_X60Y5          LUT2 (Prop_lut2_I0_O)        0.150    24.385 r  top/teaching_board_top/target/harts_1/cpu/core/csrfile/preq_addr[31]_i_8/O
                         net (fo=3, routed)           0.475    24.860    top/teaching_board_top/target/harts_1/cpu/core/g_sv39.walk/walker/preq_addr_reg[3]_6
    SLICE_X56Y5          LUT6 (Prop_lut6_I4_O)        0.326    25.186 f  top/teaching_board_top/target/harts_1/cpu/core/g_sv39.walk/walker/preq_addr[31]_i_3__0/O
                         net (fo=12, routed)          0.838    26.024    top/teaching_board_top/target/harts_1/cpu/core/g_sv39.walk/walker/eng_killed_reg
    SLICE_X52Y4          LUT4 (Prop_lut4_I0_O)        0.118    26.142 r  top/teaching_board_top/target/harts_1/cpu/core/g_sv39.walk/walker/preq_addr[31]_i_4__0/O
                         net (fo=35, routed)          1.341    27.483    top/teaching_board_top/target/harts_1/bridge/preq_valid
    SLICE_X74Y10         LUT2 (Prop_lut2_I1_O)        0.320    27.803 r  top/teaching_board_top/target/harts_1/bridge/preq_wdata[63]_i_1__0/O
                         net (fo=78, routed)          1.618    29.422    top/teaching_board_top/target/harts_1/cpu/core/SR[0]
    SLICE_X36Y12         FDRE                                         r  top/teaching_board_top/target/harts_1/cpu/core/preq_wmask_reg[4]/R
  -------------------------------------------------------------------    -------------------

                         (clock host_clk_i rise edge)
                                                     25.000    25.000 r  
    H16                                               0.000    25.000 r  clk (IN)
                         net (fo=0)                   0.000    25.000    clk
    H16                  IBUF (Prop_ibuf_I_O)         1.380    26.380 r  ibufg_gclk/O
                         net (fo=1, routed)           1.162    27.542    gclk_i
    MMCME2_ADV_X1Y2      MMCME2_ADV (Prop_mmcme2_adv_CLKIN1_CLKOUT0)
                                                      0.083    27.625 r  MMCME2_BASE_inst/CLKOUT0
                         net (fo=1, routed)           2.012    29.637    host_clk_i
    BUFGCTRL_X0Y16       BUFG (Prop_bufg_I_O)         0.091    29.728 r  bufg_host_clk/O
                         net (fo=17600, routed)       1.491    31.220    top/teaching_board_top/target/harts_1/cpu/core/host_clk
    SLICE_X36Y12         FDRE                                         r  top/teaching_board_top/target/harts_1/cpu/core/preq_wmask_reg[4]/C
                         clock pessimism              0.416    31.636    
                         clock uncertainty           -0.082    31.554    
    SLICE_X36Y12         FDRE (Setup_fdre_C_R)       -0.726    30.828    top/teaching_board_top/target/harts_1/cpu/core/preq_wmask_reg[4]
  -------------------------------------------------------------------
                         required time                         30.828    
                         arrival time                         -29.422    
  -------------------------------------------------------------------
                         slack                                  1.407    

Slack (MET) :             1.472ns  (required time - arrival time)
  Source:                 top/teaching_board_top/target/harts_1/cpu/core/mem_addr_reg[34]/C
                            (rising edge-triggered cell FDRE clocked by host_clk_i  {rise@0.000ns fall@12.500ns period=25.000ns})
  Destination:            top/teaching_board_top/target/harts_1/cpu/core/preq_wmask_reg[3]/R
                            (rising edge-triggered cell FDRE clocked by host_clk_i  {rise@0.000ns fall@12.500ns period=25.000ns})
  Path Group:             host_clk_i
  Path Type:              Setup (Max at Slow Process Corner)
  Requirement:            25.000ns  (host_clk_i rise@25.000ns - host_clk_i rise@0.000ns)
  Data Path Delay:        22.594ns  (logic 4.148ns (18.359%)  route 18.446ns (81.641%))
  Logic Levels:           17  (CARRY4=1 LUT2=2 LUT3=1 LUT4=3 LUT5=1 LUT6=9)
  Clock Path Skew:        -0.222ns (DCD - SCD + CPR)
    Destination Clock Delay (DCD):    6.220ns = ( 31.220 - 25.000 ) 
    Source Clock Delay      (SCD):    6.858ns
    Clock Pessimism Removal (CPR):    0.416ns
  Clock Uncertainty:      0.082ns  ((TSJ^2 + DJ^2)^1/2) / 2 + PE
    Total System Jitter     (TSJ):    0.071ns
    Discrete Jitter          (DJ):    0.147ns
    Phase Error              (PE):    0.000ns

    Location             Delay type                Incr(ns)  Path(ns)    Netlist Resource(s)
  -------------------------------------------------------------------    -------------------
                         (clock host_clk_i rise edge)
                                                      0.000     0.000 r  
    H16                                               0.000     0.000 r  clk (IN)
                         net (fo=0)                   0.000     0.000    clk
    H16                  IBUF (Prop_ibuf_I_O)         1.451     1.451 r  ibufg_gclk/O
                         net (fo=1, routed)           1.285     2.736    gclk_i
    MMCME2_ADV_X1Y2      MMCME2_ADV (Prop_mmcme2_adv_CLKIN1_CLKOUT0)
                                                      0.088     2.824 r  MMCME2_BASE_inst/CLKOUT0
                         net (fo=1, routed)           2.206     5.030    host_clk_i
    BUFGCTRL_X0Y16       BUFG (Prop_bufg_I_O)         0.101     5.131 r  bufg_host_clk/O
                         net (fo=17600, routed)       1.727     6.858    top/teaching_board_top/target/harts_1/cpu/core/host_clk
    SLICE_X86Y19         FDRE                                         r  top/teaching_board_top/target/harts_1/cpu/core/mem_addr_reg[34]/C
  -------------------------------------------------------------------    -------------------
    SLICE_X86Y19         FDRE (Prop_fdre_C_Q)         0.518     7.376 r  top/teaching_board_top/target/harts_1/cpu/core/mem_addr_reg[34]/Q
                         net (fo=28, routed)          2.364     9.740    top/teaching_board_top/target/harts_1/cpu/core/g_sv39.tlb/wb_tval_reg[63][34]
    SLICE_X47Y7          LUT6 (Prop_lut6_I1_O)        0.124     9.864 r  top/teaching_board_top/target/harts_1/cpu/core/g_sv39.tlb/mem_pa_r[52]_i_47/O
                         net (fo=1, routed)           0.000     9.864    top/teaching_board_top/target/harts_1/cpu/core/g_sv39.tlb/mem_pa_r[52]_i_47_n_0
    SLICE_X47Y7          CARRY4 (Prop_carry4_S[1]_CO[2])
                                                      0.570    10.434 r  top/teaching_board_top/target/harts_1/cpu/core/g_sv39.tlb/mem_pa_r_reg[52]_i_18/CO[2]
                         net (fo=1, routed)           0.960    11.393    top/teaching_board_top/target/harts_1/cpu/core/g_sv39.tlb/match021_out
    SLICE_X47Y4          LUT6 (Prop_lut6_I0_O)        0.313    11.706 f  top/teaching_board_top/target/harts_1/cpu/core/g_sv39.tlb/mem_pa_r[52]_i_8/O
                         net (fo=57, routed)          1.220    12.927    top/teaching_board_top/target/harts_1/cpu/core/g_sv39.tlb/mem_pa_r[52]_i_8_n_0
    SLICE_X30Y4          LUT5 (Prop_lut5_I2_O)        0.124    13.051 r  top/teaching_board_top/target/harts_1/cpu/core/g_sv39.tlb/mem_pa_r[55]_i_25__0/O
                         net (fo=56, routed)          1.533    14.583    top/teaching_board_top/target/harts_1/cpu/core/g_sv39.tlb/mem_pa_r[55]_i_25__0_n_0
    SLICE_X21Y4          LUT4 (Prop_lut4_I0_O)        0.152    14.735 f  top/teaching_board_top/target/harts_1/cpu/core/g_sv39.tlb/wb_irq_i_36/O
                         net (fo=1, routed)           0.812    15.547    top/teaching_board_top/target/harts_1/cpu/core/g_sv39.tlb/wb_irq_i_36_n_0
    SLICE_X21Y4          LUT4 (Prop_lut4_I3_O)        0.362    15.909 f  top/teaching_board_top/target/harts_1/cpu/core/g_sv39.tlb/wb_irq_i_25/O
                         net (fo=1, routed)           0.804    16.713    top/teaching_board_top/target/harts_1/cpu/core/g_sv39.tlb/wb_irq_i_25_n_0
    SLICE_X21Y3          LUT6 (Prop_lut6_I1_O)        0.327    17.040 f  top/teaching_board_top/target/harts_1/cpu/core/g_sv39.tlb/wb_irq_i_14/O
                         net (fo=2, routed)           0.606    17.646    top/teaching_board_top/target/harts_1/cpu/core/g_sv39.tlb/wb_irq_i_14_n_0
    SLICE_X22Y3          LUT6 (Prop_lut6_I2_O)        0.124    17.770 f  top/teaching_board_top/target/harts_1/cpu/core/g_sv39.tlb/wb_irq_i_7/O
                         net (fo=1, routed)           1.270    19.040    top/teaching_board_top/target/harts_1/cpu/core/g_sv39.tlb/wb_irq_i_7_n_0
    SLICE_X46Y3          LUT6 (Prop_lut6_I1_O)        0.124    19.164 f  top/teaching_board_top/target/harts_1/cpu/core/g_sv39.tlb/wb_irq_i_2/O
                         net (fo=134, routed)         1.135    20.299    top/teaching_board_top/target/harts_1/cpu/core/g_sv39.tlb/mem_bad_now
    SLICE_X71Y3          LUT6 (Prop_lut6_I0_O)        0.124    20.423 f  top/teaching_board_top/target/harts_1/cpu/core/g_sv39.tlb/wb_irq_i_1/O
                         net (fo=44, routed)          0.608    21.031    top/teaching_board_top/target/harts_1/cpu/core/g_sv39.walk/walker/mem_fire
    SLICE_X74Y5          LUT6 (Prop_lut6_I4_O)        0.124    21.155 f  top/teaching_board_top/target/harts_1/cpu/core/g_sv39.walk/walker/mem_irq_i_1/O
                         net (fo=190, routed)         0.579    21.734    top/teaching_board_top/target/harts_1/cpu/core/g_sv39.walk/walker/ex_irq_reg
    SLICE_X74Y6          LUT3 (Prop_lut3_I2_O)        0.124    21.858 f  top/teaching_board_top/target/harts_1/cpu/core/g_sv39.walk/walker/ex_c_i_1__0/O
                         net (fo=185, routed)         0.927    22.785    top/teaching_board_top/target/harts_1/cpu/core/csrfile/id_fire
    SLICE_X90Y6          LUT6 (Prop_lut6_I3_O)        0.124    22.909 f  top/teaching_board_top/target/harts_1/cpu/core/csrfile/f2_pfault_i_3__0/O
                         net (fo=212, routed)         1.326    24.235    top/teaching_board_top/target/harts_1/cpu/core/csrfile/seq.fe_flush
    SLICE_X60Y5          LUT2 (Prop_lut2_I0_O)        0.150    24.385 r  top/teaching_board_top/target/harts_1/cpu/core/csrfile/preq_addr[31]_i_8/O
                         net (fo=3, routed)           0.475    24.860    top/teaching_board_top/target/harts_1/cpu/core/g_sv39.walk/walker/preq_addr_reg[3]_6
    SLICE_X56Y5          LUT6 (Prop_lut6_I4_O)        0.326    25.186 f  top/teaching_board_top/target/harts_1/cpu/core/g_sv39.walk/walker/preq_addr[31]_i_3__0/O
                         net (fo=12, routed)          0.838    26.024    top/teaching_board_top/target/harts_1/cpu/core/g_sv39.walk/walker/eng_killed_reg
    SLICE_X52Y4          LUT4 (Prop_lut4_I0_O)        0.118    26.142 r  top/teaching_board_top/target/harts_1/cpu/core/g_sv39.walk/walker/preq_addr[31]_i_4__0/O
                         net (fo=35, routed)          1.341    27.483    top/teaching_board_top/target/harts_1/bridge/preq_valid
    SLICE_X74Y10         LUT2 (Prop_lut2_I1_O)        0.320    27.803 r  top/teaching_board_top/target/harts_1/bridge/preq_wdata[63]_i_1__0/O
                         net (fo=78, routed)          1.648    29.451    top/teaching_board_top/target/harts_1/cpu/core/SR[0]
    SLICE_X35Y13         FDRE                                         r  top/teaching_board_top/target/harts_1/cpu/core/preq_wmask_reg[3]/R
  -------------------------------------------------------------------    -------------------

                         (clock host_clk_i rise edge)
                                                     25.000    25.000 r  
    H16                                               0.000    25.000 r  clk (IN)
                         net (fo=0)                   0.000    25.000    clk
    H16                  IBUF (Prop_ibuf_I_O)         1.380    26.380 r  ibufg_gclk/O
                         net (fo=1, routed)           1.162    27.542    gclk_i
    MMCME2_ADV_X1Y2      MMCME2_ADV (Prop_mmcme2_adv_CLKIN1_CLKOUT0)
                                                      0.083    27.625 r  MMCME2_BASE_inst/CLKOUT0
                         net (fo=1, routed)           2.012    29.637    host_clk_i
    BUFGCTRL_X0Y16       BUFG (Prop_bufg_I_O)         0.091    29.728 r  bufg_host_clk/O
                         net (fo=17600, routed)       1.491    31.220    top/teaching_board_top/target/harts_1/cpu/core/host_clk
    SLICE_X35Y13         FDRE                                         r  top/teaching_board_top/target/harts_1/cpu/core/preq_wmask_reg[3]/C
                         clock pessimism              0.416    31.636    
                         clock uncertainty           -0.082    31.554    
    SLICE_X35Y13         FDRE (Setup_fdre_C_R)       -0.631    30.923    top/teaching_board_top/target/harts_1/cpu/core/preq_wmask_reg[3]
  -------------------------------------------------------------------
                         required time                         30.923    
                         arrival time                         -29.451    
  -------------------------------------------------------------------
                         slack                                  1.472    

Slack (MET) :             1.472ns  (required time - arrival time)
  Source:                 top/teaching_board_top/target/harts_1/cpu/core/mem_addr_reg[34]/C
                            (rising edge-triggered cell FDRE clocked by host_clk_i  {rise@0.000ns fall@12.500ns period=25.000ns})
  Destination:            top/teaching_board_top/target/harts_1/cpu/core/preq_wmask_reg[6]/R
                            (rising edge-triggered cell FDRE clocked by host_clk_i  {rise@0.000ns fall@12.500ns period=25.000ns})
  Path Group:             host_clk_i
  Path Type:              Setup (Max at Slow Process Corner)
  Requirement:            25.000ns  (host_clk_i rise@25.000ns - host_clk_i rise@0.000ns)
  Data Path Delay:        22.594ns  (logic 4.148ns (18.359%)  route 18.446ns (81.641%))
  Logic Levels:           17  (CARRY4=1 LUT2=2 LUT3=1 LUT4=3 LUT5=1 LUT6=9)
  Clock Path Skew:        -0.222ns (DCD - SCD + CPR)
    Destination Clock Delay (DCD):    6.220ns = ( 31.220 - 25.000 ) 
    Source Clock Delay      (SCD):    6.858ns
    Clock Pessimism Removal (CPR):    0.416ns
  Clock Uncertainty:      0.082ns  ((TSJ^2 + DJ^2)^1/2) / 2 + PE
    Total System Jitter     (TSJ):    0.071ns
    Discrete Jitter          (DJ):    0.147ns
    Phase Error              (PE):    0.000ns

    Location             Delay type                Incr(ns)  Path(ns)    Netlist Resource(s)
  -------------------------------------------------------------------    -------------------
                         (clock host_clk_i rise edge)
                                                      0.000     0.000 r  
    H16                                               0.000     0.000 r  clk (IN)
                         net (fo=0)                   0.000     0.000    clk
    H16                  IBUF (Prop_ibuf_I_O)         1.451     1.451 r  ibufg_gclk/O
                         net (fo=1, routed)           1.285     2.736    gclk_i
    MMCME2_ADV_X1Y2      MMCME2_ADV (Prop_mmcme2_adv_CLKIN1_CLKOUT0)
                                                      0.088     2.824 r  MMCME2_BASE_inst/CLKOUT0
                         net (fo=1, routed)           2.206     5.030    host_clk_i
    BUFGCTRL_X0Y16       BUFG (Prop_bufg_I_O)         0.101     5.131 r  bufg_host_clk/O
                         net (fo=17600, routed)       1.727     6.858    top/teaching_board_top/target/harts_1/cpu/core/host_clk
    SLICE_X86Y19         FDRE                                         r  top/teaching_board_top/target/harts_1/cpu/core/mem_addr_reg[34]/C
  -------------------------------------------------------------------    -------------------
    SLICE_X86Y19         FDRE (Prop_fdre_C_Q)         0.518     7.376 r  top/teaching_board_top/target/harts_1/cpu/core/mem_addr_reg[34]/Q
                         net (fo=28, routed)          2.364     9.740    top/teaching_board_top/target/harts_1/cpu/core/g_sv39.tlb/wb_tval_reg[63][34]
    SLICE_X47Y7          LUT6 (Prop_lut6_I1_O)        0.124     9.864 r  top/teaching_board_top/target/harts_1/cpu/core/g_sv39.tlb/mem_pa_r[52]_i_47/O
                         net (fo=1, routed)           0.000     9.864    top/teaching_board_top/target/harts_1/cpu/core/g_sv39.tlb/mem_pa_r[52]_i_47_n_0
    SLICE_X47Y7          CARRY4 (Prop_carry4_S[1]_CO[2])
                                                      0.570    10.434 r  top/teaching_board_top/target/harts_1/cpu/core/g_sv39.tlb/mem_pa_r_reg[52]_i_18/CO[2]
                         net (fo=1, routed)           0.960    11.393    top/teaching_board_top/target/harts_1/cpu/core/g_sv39.tlb/match021_out
    SLICE_X47Y4          LUT6 (Prop_lut6_I0_O)        0.313    11.706 f  top/teaching_board_top/target/harts_1/cpu/core/g_sv39.tlb/mem_pa_r[52]_i_8/O
                         net (fo=57, routed)          1.220    12.927    top/teaching_board_top/target/harts_1/cpu/core/g_sv39.tlb/mem_pa_r[52]_i_8_n_0
    SLICE_X30Y4          LUT5 (Prop_lut5_I2_O)        0.124    13.051 r  top/teaching_board_top/target/harts_1/cpu/core/g_sv39.tlb/mem_pa_r[55]_i_25__0/O
                         net (fo=56, routed)          1.533    14.583    top/teaching_board_top/target/harts_1/cpu/core/g_sv39.tlb/mem_pa_r[55]_i_25__0_n_0
    SLICE_X21Y4          LUT4 (Prop_lut4_I0_O)        0.152    14.735 f  top/teaching_board_top/target/harts_1/cpu/core/g_sv39.tlb/wb_irq_i_36/O
                         net (fo=1, routed)           0.812    15.547    top/teaching_board_top/target/harts_1/cpu/core/g_sv39.tlb/wb_irq_i_36_n_0
    SLICE_X21Y4          LUT4 (Prop_lut4_I3_O)        0.362    15.909 f  top/teaching_board_top/target/harts_1/cpu/core/g_sv39.tlb/wb_irq_i_25/O
                         net (fo=1, routed)           0.804    16.713    top/teaching_board_top/target/harts_1/cpu/core/g_sv39.tlb/wb_irq_i_25_n_0
    SLICE_X21Y3          LUT6 (Prop_lut6_I1_O)        0.327    17.040 f  top/teaching_board_top/target/harts_1/cpu/core/g_sv39.tlb/wb_irq_i_14/O
                         net (fo=2, routed)           0.606    17.646    top/teaching_board_top/target/harts_1/cpu/core/g_sv39.tlb/wb_irq_i_14_n_0
    SLICE_X22Y3          LUT6 (Prop_lut6_I2_O)        0.124    17.770 f  top/teaching_board_top/target/harts_1/cpu/core/g_sv39.tlb/wb_irq_i_7/O
                         net (fo=1, routed)           1.270    19.040    top/teaching_board_top/target/harts_1/cpu/core/g_sv39.tlb/wb_irq_i_7_n_0
    SLICE_X46Y3          LUT6 (Prop_lut6_I1_O)        0.124    19.164 f  top/teaching_board_top/target/harts_1/cpu/core/g_sv39.tlb/wb_irq_i_2/O
                         net (fo=134, routed)         1.135    20.299    top/teaching_board_top/target/harts_1/cpu/core/g_sv39.tlb/mem_bad_now
    SLICE_X71Y3          LUT6 (Prop_lut6_I0_O)        0.124    20.423 f  top/teaching_board_top/target/harts_1/cpu/core/g_sv39.tlb/wb_irq_i_1/O
                         net (fo=44, routed)          0.608    21.031    top/teaching_board_top/target/harts_1/cpu/core/g_sv39.walk/walker/mem_fire
    SLICE_X74Y5          LUT6 (Prop_lut6_I4_O)        0.124    21.155 f  top/teaching_board_top/target/harts_1/cpu/core/g_sv39.walk/walker/mem_irq_i_1/O
                         net (fo=190, routed)         0.579    21.734    top/teaching_board_top/target/harts_1/cpu/core/g_sv39.walk/walker/ex_irq_reg
    SLICE_X74Y6          LUT3 (Prop_lut3_I2_O)        0.124    21.858 f  top/teaching_board_top/target/harts_1/cpu/core/g_sv39.walk/walker/ex_c_i_1__0/O
                         net (fo=185, routed)         0.927    22.785    top/teaching_board_top/target/harts_1/cpu/core/csrfile/id_fire
    SLICE_X90Y6          LUT6 (Prop_lut6_I3_O)        0.124    22.909 f  top/teaching_board_top/target/harts_1/cpu/core/csrfile/f2_pfault_i_3__0/O
                         net (fo=212, routed)         1.326    24.235    top/teaching_board_top/target/harts_1/cpu/core/csrfile/seq.fe_flush
    SLICE_X60Y5          LUT2 (Prop_lut2_I0_O)        0.150    24.385 r  top/teaching_board_top/target/harts_1/cpu/core/csrfile/preq_addr[31]_i_8/O
                         net (fo=3, routed)           0.475    24.860    top/teaching_board_top/target/harts_1/cpu/core/g_sv39.walk/walker/preq_addr_reg[3]_6
    SLICE_X56Y5          LUT6 (Prop_lut6_I4_O)        0.326    25.186 f  top/teaching_board_top/target/harts_1/cpu/core/g_sv39.walk/walker/preq_addr[31]_i_3__0/O
                         net (fo=12, routed)          0.838    26.024    top/teaching_board_top/target/harts_1/cpu/core/g_sv39.walk/walker/eng_killed_reg
    SLICE_X52Y4          LUT4 (Prop_lut4_I0_O)        0.118    26.142 r  top/teaching_board_top/target/harts_1/cpu/core/g_sv39.walk/walker/preq_addr[31]_i_4__0/O
                         net (fo=35, routed)          1.341    27.483    top/teaching_board_top/target/harts_1/bridge/preq_valid
    SLICE_X74Y10         LUT2 (Prop_lut2_I1_O)        0.320    27.803 r  top/teaching_board_top/target/harts_1/bridge/preq_wdata[63]_i_1__0/O
                         net (fo=78, routed)          1.648    29.451    top/teaching_board_top/target/harts_1/cpu/core/SR[0]
    SLICE_X35Y13         FDRE                                         r  top/teaching_board_top/target/harts_1/cpu/core/preq_wmask_reg[6]/R
  -------------------------------------------------------------------    -------------------

                         (clock host_clk_i rise edge)
                                                     25.000    25.000 r  
    H16                                               0.000    25.000 r  clk (IN)
                         net (fo=0)                   0.000    25.000    clk
    H16                  IBUF (Prop_ibuf_I_O)         1.380    26.380 r  ibufg_gclk/O
                         net (fo=1, routed)           1.162    27.542    gclk_i
    MMCME2_ADV_X1Y2      MMCME2_ADV (Prop_mmcme2_adv_CLKIN1_CLKOUT0)
                                                      0.083    27.625 r  MMCME2_BASE_inst/CLKOUT0
                         net (fo=1, routed)           2.012    29.637    host_clk_i
    BUFGCTRL_X0Y16       BUFG (Prop_bufg_I_O)         0.091    29.728 r  bufg_host_clk/O
                         net (fo=17600, routed)       1.491    31.220    top/teaching_board_top/target/harts_1/cpu/core/host_clk
    SLICE_X35Y13         FDRE                                         r  top/teaching_board_top/target/harts_1/cpu/core/preq_wmask_reg[6]/C
                         clock pessimism              0.416    31.636    
                         clock uncertainty           -0.082    31.554    
    SLICE_X35Y13         FDRE (Setup_fdre_C_R)       -0.631    30.923    top/teaching_board_top/target/harts_1/cpu/core/preq_wmask_reg[6]
  -------------------------------------------------------------------
                         required time                         30.923    
                         arrival time                         -29.451    
  -------------------------------------------------------------------
                         slack                                  1.472    

Slack (MET) :             1.472ns  (required time - arrival time)
  Source:                 top/teaching_board_top/target/harts_1/cpu/core/mem_addr_reg[34]/C
                            (rising edge-triggered cell FDRE clocked by host_clk_i  {rise@0.000ns fall@12.500ns period=25.000ns})
  Destination:            top/teaching_board_top/target/harts_1/cpu/core/preq_wmask_reg[7]/R
                            (rising edge-triggered cell FDRE clocked by host_clk_i  {rise@0.000ns fall@12.500ns period=25.000ns})
  Path Group:             host_clk_i
  Path Type:              Setup (Max at Slow Process Corner)
  Requirement:            25.000ns  (host_clk_i rise@25.000ns - host_clk_i rise@0.000ns)
  Data Path Delay:        22.594ns  (logic 4.148ns (18.359%)  route 18.446ns (81.641%))
  Logic Levels:           17  (CARRY4=1 LUT2=2 LUT3=1 LUT4=3 LUT5=1 LUT6=9)
  Clock Path Skew:        -0.222ns (DCD - SCD + CPR)
    Destination Clock Delay (DCD):    6.220ns = ( 31.220 - 25.000 ) 
    Source Clock Delay      (SCD):    6.858ns
    Clock Pessimism Removal (CPR):    0.416ns
  Clock Uncertainty:      0.082ns  ((TSJ^2 + DJ^2)^1/2) / 2 + PE
    Total System Jitter     (TSJ):    0.071ns
    Discrete Jitter          (DJ):    0.147ns
    Phase Error              (PE):    0.000ns

    Location             Delay type                Incr(ns)  Path(ns)    Netlist Resource(s)
  -------------------------------------------------------------------    -------------------
                         (clock host_clk_i rise edge)
                                                      0.000     0.000 r  
    H16                                               0.000     0.000 r  clk (IN)
                         net (fo=0)                   0.000     0.000    clk
    H16                  IBUF (Prop_ibuf_I_O)         1.451     1.451 r  ibufg_gclk/O
                         net (fo=1, routed)           1.285     2.736    gclk_i
    MMCME2_ADV_X1Y2      MMCME2_ADV (Prop_mmcme2_adv_CLKIN1_CLKOUT0)
                                                      0.088     2.824 r  MMCME2_BASE_inst/CLKOUT0
                         net (fo=1, routed)           2.206     5.030    host_clk_i
    BUFGCTRL_X0Y16       BUFG (Prop_bufg_I_O)         0.101     5.131 r  bufg_host_clk/O
                         net (fo=17600, routed)       1.727     6.858    top/teaching_board_top/target/harts_1/cpu/core/host_clk
    SLICE_X86Y19         FDRE                                         r  top/teaching_board_top/target/harts_1/cpu/core/mem_addr_reg[34]/C
  -------------------------------------------------------------------    -------------------
    SLICE_X86Y19         FDRE (Prop_fdre_C_Q)         0.518     7.376 r  top/teaching_board_top/target/harts_1/cpu/core/mem_addr_reg[34]/Q
                         net (fo=28, routed)          2.364     9.740    top/teaching_board_top/target/harts_1/cpu/core/g_sv39.tlb/wb_tval_reg[63][34]
    SLICE_X47Y7          LUT6 (Prop_lut6_I1_O)        0.124     9.864 r  top/teaching_board_top/target/harts_1/cpu/core/g_sv39.tlb/mem_pa_r[52]_i_47/O
                         net (fo=1, routed)           0.000     9.864    top/teaching_board_top/target/harts_1/cpu/core/g_sv39.tlb/mem_pa_r[52]_i_47_n_0
    SLICE_X47Y7          CARRY4 (Prop_carry4_S[1]_CO[2])
                                                      0.570    10.434 r  top/teaching_board_top/target/harts_1/cpu/core/g_sv39.tlb/mem_pa_r_reg[52]_i_18/CO[2]
                         net (fo=1, routed)           0.960    11.393    top/teaching_board_top/target/harts_1/cpu/core/g_sv39.tlb/match021_out
    SLICE_X47Y4          LUT6 (Prop_lut6_I0_O)        0.313    11.706 f  top/teaching_board_top/target/harts_1/cpu/core/g_sv39.tlb/mem_pa_r[52]_i_8/O
                         net (fo=57, routed)          1.220    12.927    top/teaching_board_top/target/harts_1/cpu/core/g_sv39.tlb/mem_pa_r[52]_i_8_n_0
    SLICE_X30Y4          LUT5 (Prop_lut5_I2_O)        0.124    13.051 r  top/teaching_board_top/target/harts_1/cpu/core/g_sv39.tlb/mem_pa_r[55]_i_25__0/O
                         net (fo=56, routed)          1.533    14.583    top/teaching_board_top/target/harts_1/cpu/core/g_sv39.tlb/mem_pa_r[55]_i_25__0_n_0
    SLICE_X21Y4          LUT4 (Prop_lut4_I0_O)        0.152    14.735 f  top/teaching_board_top/target/harts_1/cpu/core/g_sv39.tlb/wb_irq_i_36/O
                         net (fo=1, routed)           0.812    15.547    top/teaching_board_top/target/harts_1/cpu/core/g_sv39.tlb/wb_irq_i_36_n_0
    SLICE_X21Y4          LUT4 (Prop_lut4_I3_O)        0.362    15.909 f  top/teaching_board_top/target/harts_1/cpu/core/g_sv39.tlb/wb_irq_i_25/O
                         net (fo=1, routed)           0.804    16.713    top/teaching_board_top/target/harts_1/cpu/core/g_sv39.tlb/wb_irq_i_25_n_0
    SLICE_X21Y3          LUT6 (Prop_lut6_I1_O)        0.327    17.040 f  top/teaching_board_top/target/harts_1/cpu/core/g_sv39.tlb/wb_irq_i_14/O
                         net (fo=2, routed)           0.606    17.646    top/teaching_board_top/target/harts_1/cpu/core/g_sv39.tlb/wb_irq_i_14_n_0
    SLICE_X22Y3          LUT6 (Prop_lut6_I2_O)        0.124    17.770 f  top/teaching_board_top/target/harts_1/cpu/core/g_sv39.tlb/wb_irq_i_7/O
                         net (fo=1, routed)           1.270    19.040    top/teaching_board_top/target/harts_1/cpu/core/g_sv39.tlb/wb_irq_i_7_n_0
    SLICE_X46Y3          LUT6 (Prop_lut6_I1_O)        0.124    19.164 f  top/teaching_board_top/target/harts_1/cpu/core/g_sv39.tlb/wb_irq_i_2/O
                         net (fo=134, routed)         1.135    20.299    top/teaching_board_top/target/harts_1/cpu/core/g_sv39.tlb/mem_bad_now
    SLICE_X71Y3          LUT6 (Prop_lut6_I0_O)        0.124    20.423 f  top/teaching_board_top/target/harts_1/cpu/core/g_sv39.tlb/wb_irq_i_1/O
                         net (fo=44, routed)          0.608    21.031    top/teaching_board_top/target/harts_1/cpu/core/g_sv39.walk/walker/mem_fire
    SLICE_X74Y5          LUT6 (Prop_lut6_I4_O)        0.124    21.155 f  top/teaching_board_top/target/harts_1/cpu/core/g_sv39.walk/walker/mem_irq_i_1/O
                         net (fo=190, routed)         0.579    21.734    top/teaching_board_top/target/harts_1/cpu/core/g_sv39.walk/walker/ex_irq_reg
    SLICE_X74Y6          LUT3 (Prop_lut3_I2_O)        0.124    21.858 f  top/teaching_board_top/target/harts_1/cpu/core/g_sv39.walk/walker/ex_c_i_1__0/O
                         net (fo=185, routed)         0.927    22.785    top/teaching_board_top/target/harts_1/cpu/core/csrfile/id_fire
    SLICE_X90Y6          LUT6 (Prop_lut6_I3_O)        0.124    22.909 f  top/teaching_board_top/target/harts_1/cpu/core/csrfile/f2_pfault_i_3__0/O
                         net (fo=212, routed)         1.326    24.235    top/teaching_board_top/target/harts_1/cpu/core/csrfile/seq.fe_flush
    SLICE_X60Y5          LUT2 (Prop_lut2_I0_O)        0.150    24.385 r  top/teaching_board_top/target/harts_1/cpu/core/csrfile/preq_addr[31]_i_8/O
                         net (fo=3, routed)           0.475    24.860    top/teaching_board_top/target/harts_1/cpu/core/g_sv39.walk/walker/preq_addr_reg[3]_6
    SLICE_X56Y5          LUT6 (Prop_lut6_I4_O)        0.326    25.186 f  top/teaching_board_top/target/harts_1/cpu/core/g_sv39.walk/walker/preq_addr[31]_i_3__0/O
                         net (fo=12, routed)          0.838    26.024    top/teaching_board_top/target/harts_1/cpu/core/g_sv39.walk/walker/eng_killed_reg
    SLICE_X52Y4          LUT4 (Prop_lut4_I0_O)        0.118    26.142 r  top/teaching_board_top/target/harts_1/cpu/core/g_sv39.walk/walker/preq_addr[31]_i_4__0/O
                         net (fo=35, routed)          1.341    27.483    top/teaching_board_top/target/harts_1/bridge/preq_valid
    SLICE_X74Y10         LUT2 (Prop_lut2_I1_O)        0.320    27.803 r  top/teaching_board_top/target/harts_1/bridge/preq_wdata[63]_i_1__0/O
                         net (fo=78, routed)          1.648    29.451    top/teaching_board_top/target/harts_1/cpu/core/SR[0]
    SLICE_X35Y13         FDRE                                         r  top/teaching_board_top/target/harts_1/cpu/core/preq_wmask_reg[7]/R
  -------------------------------------------------------------------    -------------------

                         (clock host_clk_i rise edge)
                                                     25.000    25.000 r  
    H16                                               0.000    25.000 r  clk (IN)
                         net (fo=0)                   0.000    25.000    clk
    H16                  IBUF (Prop_ibuf_I_O)         1.380    26.380 r  ibufg_gclk/O
                         net (fo=1, routed)           1.162    27.542    gclk_i
    MMCME2_ADV_X1Y2      MMCME2_ADV (Prop_mmcme2_adv_CLKIN1_CLKOUT0)
                                                      0.083    27.625 r  MMCME2_BASE_inst/CLKOUT0
                         net (fo=1, routed)           2.012    29.637    host_clk_i
    BUFGCTRL_X0Y16       BUFG (Prop_bufg_I_O)         0.091    29.728 r  bufg_host_clk/O
                         net (fo=17600, routed)       1.491    31.220    top/teaching_board_top/target/harts_1/cpu/core/host_clk
    SLICE_X35Y13         FDRE                                         r  top/teaching_board_top/target/harts_1/cpu/core/preq_wmask_reg[7]/C
                         clock pessimism              0.416    31.636    
                         clock uncertainty           -0.082    31.554    
    SLICE_X35Y13         FDRE (Setup_fdre_C_R)       -0.631    30.923    top/teaching_board_top/target/harts_1/cpu/core/preq_wmask_reg[7]
  -------------------------------------------------------------------
                         required time                         30.923    
                         arrival time                         -29.451    
  -------------------------------------------------------------------
                         slack                                  1.472    

Slack (MET) :             1.545ns  (required time - arrival time)
  Source:                 top/teaching_board_top/target/harts_1/cpu/core/mem_addr_reg[34]/C
                            (rising edge-triggered cell FDRE clocked by host_clk_i  {rise@0.000ns fall@12.500ns period=25.000ns})
  Destination:            top/teaching_board_top/target/harts_1/cpu/core/preq_wmask_reg[1]/R
                            (rising edge-triggered cell FDRE clocked by host_clk_i  {rise@0.000ns fall@12.500ns period=25.000ns})
  Path Group:             host_clk_i
  Path Type:              Setup (Max at Slow Process Corner)
  Requirement:            25.000ns  (host_clk_i rise@25.000ns - host_clk_i rise@0.000ns)
  Data Path Delay:        22.425ns  (logic 4.148ns (18.497%)  route 18.277ns (81.503%))
  Logic Levels:           17  (CARRY4=1 LUT2=2 LUT3=1 LUT4=3 LUT5=1 LUT6=9)
  Clock Path Skew:        -0.223ns (DCD - SCD + CPR)
    Destination Clock Delay (DCD):    6.219ns = ( 31.219 - 25.000 ) 
    Source Clock Delay      (SCD):    6.858ns
    Clock Pessimism Removal (CPR):    0.416ns
  Clock Uncertainty:      0.082ns  ((TSJ^2 + DJ^2)^1/2) / 2 + PE
    Total System Jitter     (TSJ):    0.071ns
    Discrete Jitter          (DJ):    0.147ns
    Phase Error              (PE):    0.000ns

    Location             Delay type                Incr(ns)  Path(ns)    Netlist Resource(s)
  -------------------------------------------------------------------    -------------------
                         (clock host_clk_i rise edge)
                                                      0.000     0.000 r  
    H16                                               0.000     0.000 r  clk (IN)
                         net (fo=0)                   0.000     0.000    clk
    H16                  IBUF (Prop_ibuf_I_O)         1.451     1.451 r  ibufg_gclk/O
                         net (fo=1, routed)           1.285     2.736    gclk_i
    MMCME2_ADV_X1Y2      MMCME2_ADV (Prop_mmcme2_adv_CLKIN1_CLKOUT0)
                                                      0.088     2.824 r  MMCME2_BASE_inst/CLKOUT0
                         net (fo=1, routed)           2.206     5.030    host_clk_i
    BUFGCTRL_X0Y16       BUFG (Prop_bufg_I_O)         0.101     5.131 r  bufg_host_clk/O
                         net (fo=17600, routed)       1.727     6.858    top/teaching_board_top/target/harts_1/cpu/core/host_clk
    SLICE_X86Y19         FDRE                                         r  top/teaching_board_top/target/harts_1/cpu/core/mem_addr_reg[34]/C
  -------------------------------------------------------------------    -------------------
    SLICE_X86Y19         FDRE (Prop_fdre_C_Q)         0.518     7.376 r  top/teaching_board_top/target/harts_1/cpu/core/mem_addr_reg[34]/Q
                         net (fo=28, routed)          2.364     9.740    top/teaching_board_top/target/harts_1/cpu/core/g_sv39.tlb/wb_tval_reg[63][34]
    SLICE_X47Y7          LUT6 (Prop_lut6_I1_O)        0.124     9.864 r  top/teaching_board_top/target/harts_1/cpu/core/g_sv39.tlb/mem_pa_r[52]_i_47/O
                         net (fo=1, routed)           0.000     9.864    top/teaching_board_top/target/harts_1/cpu/core/g_sv39.tlb/mem_pa_r[52]_i_47_n_0
    SLICE_X47Y7          CARRY4 (Prop_carry4_S[1]_CO[2])
                                                      0.570    10.434 r  top/teaching_board_top/target/harts_1/cpu/core/g_sv39.tlb/mem_pa_r_reg[52]_i_18/CO[2]
                         net (fo=1, routed)           0.960    11.393    top/teaching_board_top/target/harts_1/cpu/core/g_sv39.tlb/match021_out
    SLICE_X47Y4          LUT6 (Prop_lut6_I0_O)        0.313    11.706 f  top/teaching_board_top/target/harts_1/cpu/core/g_sv39.tlb/mem_pa_r[52]_i_8/O
                         net (fo=57, routed)          1.220    12.927    top/teaching_board_top/target/harts_1/cpu/core/g_sv39.tlb/mem_pa_r[52]_i_8_n_0
    SLICE_X30Y4          LUT5 (Prop_lut5_I2_O)        0.124    13.051 r  top/teaching_board_top/target/harts_1/cpu/core/g_sv39.tlb/mem_pa_r[55]_i_25__0/O
                         net (fo=56, routed)          1.533    14.583    top/teaching_board_top/target/harts_1/cpu/core/g_sv39.tlb/mem_pa_r[55]_i_25__0_n_0
    SLICE_X21Y4          LUT4 (Prop_lut4_I0_O)        0.152    14.735 f  top/teaching_board_top/target/harts_1/cpu/core/g_sv39.tlb/wb_irq_i_36/O
                         net (fo=1, routed)           0.812    15.547    top/teaching_board_top/target/harts_1/cpu/core/g_sv39.tlb/wb_irq_i_36_n_0
    SLICE_X21Y4          LUT4 (Prop_lut4_I3_O)        0.362    15.909 f  top/teaching_board_top/target/harts_1/cpu/core/g_sv39.tlb/wb_irq_i_25/O
                         net (fo=1, routed)           0.804    16.713    top/teaching_board_top/target/harts_1/cpu/core/g_sv39.tlb/wb_irq_i_25_n_0
    SLICE_X21Y3          LUT6 (Prop_lut6_I1_O)        0.327    17.040 f  top/teaching_board_top/target/harts_1/cpu/core/g_sv39.tlb/wb_irq_i_14/O
                         net (fo=2, routed)           0.606    17.646    top/teaching_board_top/target/harts_1/cpu/core/g_sv39.tlb/wb_irq_i_14_n_0
    SLICE_X22Y3          LUT6 (Prop_lut6_I2_O)        0.124    17.770 f  top/teaching_board_top/target/harts_1/cpu/core/g_sv39.tlb/wb_irq_i_7/O
                         net (fo=1, routed)           1.270    19.040    top/teaching_board_top/target/harts_1/cpu/core/g_sv39.tlb/wb_irq_i_7_n_0
    SLICE_X46Y3          LUT6 (Prop_lut6_I1_O)        0.124    19.164 f  top/teaching_board_top/target/harts_1/cpu/core/g_sv39.tlb/wb_irq_i_2/O
                         net (fo=134, routed)         1.135    20.299    top/teaching_board_top/target/harts_1/cpu/core/g_sv39.tlb/mem_bad_now
    SLICE_X71Y3          LUT6 (Prop_lut6_I0_O)        0.124    20.423 f  top/teaching_board_top/target/harts_1/cpu/core/g_sv39.tlb/wb_irq_i_1/O
                         net (fo=44, routed)          0.608    21.031    top/teaching_board_top/target/harts_1/cpu/core/g_sv39.walk/walker/mem_fire
    SLICE_X74Y5          LUT6 (Prop_lut6_I4_O)        0.124    21.155 f  top/teaching_board_top/target/harts_1/cpu/core/g_sv39.walk/walker/mem_irq_i_1/O
                         net (fo=190, routed)         0.579    21.734    top/teaching_board_top/target/harts_1/cpu/core/g_sv39.walk/walker/ex_irq_reg
    SLICE_X74Y6          LUT3 (Prop_lut3_I2_O)        0.124    21.858 f  top/teaching_board_top/target/harts_1/cpu/core/g_sv39.walk/walker/ex_c_i_1__0/O
                         net (fo=185, routed)         0.927    22.785    top/teaching_board_top/target/harts_1/cpu/core/csrfile/id_fire
    SLICE_X90Y6          LUT6 (Prop_lut6_I3_O)        0.124    22.909 f  top/teaching_board_top/target/harts_1/cpu/core/csrfile/f2_pfault_i_3__0/O
                         net (fo=212, routed)         1.326    24.235    top/teaching_board_top/target/harts_1/cpu/core/csrfile/seq.fe_flush
    SLICE_X60Y5          LUT2 (Prop_lut2_I0_O)        0.150    24.385 r  top/teaching_board_top/target/harts_1/cpu/core/csrfile/preq_addr[31]_i_8/O
                         net (fo=3, routed)           0.475    24.860    top/teaching_board_top/target/harts_1/cpu/core/g_sv39.walk/walker/preq_addr_reg[3]_6
    SLICE_X56Y5          LUT6 (Prop_lut6_I4_O)        0.326    25.186 f  top/teaching_board_top/target/harts_1/cpu/core/g_sv39.walk/walker/preq_addr[31]_i_3__0/O
                         net (fo=12, routed)          0.838    26.024    top/teaching_board_top/target/harts_1/cpu/core/g_sv39.walk/walker/eng_killed_reg
    SLICE_X52Y4          LUT4 (Prop_lut4_I0_O)        0.118    26.142 r  top/teaching_board_top/target/harts_1/cpu/core/g_sv39.walk/walker/preq_addr[31]_i_4__0/O
                         net (fo=35, routed)          1.341    27.483    top/teaching_board_top/target/harts_1/bridge/preq_valid
    SLICE_X74Y10         LUT2 (Prop_lut2_I1_O)        0.320    27.803 r  top/teaching_board_top/target/harts_1/bridge/preq_wdata[63]_i_1__0/O
                         net (fo=78, routed)          1.479    29.282    top/teaching_board_top/target/harts_1/cpu/core/SR[0]
    SLICE_X36Y13         FDRE                                         r  top/teaching_board_top/target/harts_1/cpu/core/preq_wmask_reg[1]/R
  -------------------------------------------------------------------    -------------------

                         (clock host_clk_i rise edge)
                                                     25.000    25.000 r  
    H16                                               0.000    25.000 r  clk (IN)
                         net (fo=0)                   0.000    25.000    clk
    H16                  IBUF (Prop_ibuf_I_O)         1.380    26.380 r  ibufg_gclk/O
                         net (fo=1, routed)           1.162    27.542    gclk_i
    MMCME2_ADV_X1Y2      MMCME2_ADV (Prop_mmcme2_adv_CLKIN1_CLKOUT0)
                                                      0.083    27.625 r  MMCME2_BASE_inst/CLKOUT0
                         net (fo=1, routed)           2.012    29.637    host_clk_i
    BUFGCTRL_X0Y16       BUFG (Prop_bufg_I_O)         0.091    29.728 r  bufg_host_clk/O
                         net (fo=17600, routed)       1.490    31.219    top/teaching_board_top/target/harts_1/cpu/core/host_clk
    SLICE_X36Y13         FDRE                                         r  top/teaching_board_top/target/harts_1/cpu/core/preq_wmask_reg[1]/C
                         clock pessimism              0.416    31.635    
                         clock uncertainty           -0.082    31.553    
    SLICE_X36Y13         FDRE (Setup_fdre_C_R)       -0.726    30.827    top/teaching_board_top/target/harts_1/cpu/core/preq_wmask_reg[1]
  -------------------------------------------------------------------
                         required time                         30.827    
                         arrival time                         -29.282    
  -------------------------------------------------------------------
                         slack                                  1.545    

Slack (MET) :             1.545ns  (required time - arrival time)
  Source:                 top/teaching_board_top/target/harts_1/cpu/core/mem_addr_reg[34]/C
                            (rising edge-triggered cell FDRE clocked by host_clk_i  {rise@0.000ns fall@12.500ns period=25.000ns})
  Destination:            top/teaching_board_top/target/harts_1/cpu/core/preq_wmask_reg[2]/R
                            (rising edge-triggered cell FDRE clocked by host_clk_i  {rise@0.000ns fall@12.500ns period=25.000ns})
  Path Group:             host_clk_i
  Path Type:              Setup (Max at Slow Process Corner)
  Requirement:            25.000ns  (host_clk_i rise@25.000ns - host_clk_i rise@0.000ns)
  Data Path Delay:        22.425ns  (logic 4.148ns (18.497%)  route 18.277ns (81.503%))
  Logic Levels:           17  (CARRY4=1 LUT2=2 LUT3=1 LUT4=3 LUT5=1 LUT6=9)
  Clock Path Skew:        -0.223ns (DCD - SCD + CPR)
    Destination Clock Delay (DCD):    6.219ns = ( 31.219 - 25.000 ) 
    Source Clock Delay      (SCD):    6.858ns
    Clock Pessimism Removal (CPR):    0.416ns
  Clock Uncertainty:      0.082ns  ((TSJ^2 + DJ^2)^1/2) / 2 + PE
    Total System Jitter     (TSJ):    0.071ns
    Discrete Jitter          (DJ):    0.147ns
    Phase Error              (PE):    0.000ns

    Location             Delay type                Incr(ns)  Path(ns)    Netlist Resource(s)
  -------------------------------------------------------------------    -------------------
                         (clock host_clk_i rise edge)
                                                      0.000     0.000 r  
    H16                                               0.000     0.000 r  clk (IN)
                         net (fo=0)                   0.000     0.000    clk
    H16                  IBUF (Prop_ibuf_I_O)         1.451     1.451 r  ibufg_gclk/O
                         net (fo=1, routed)           1.285     2.736    gclk_i
    MMCME2_ADV_X1Y2      MMCME2_ADV (Prop_mmcme2_adv_CLKIN1_CLKOUT0)
                                                      0.088     2.824 r  MMCME2_BASE_inst/CLKOUT0
                         net (fo=1, routed)           2.206     5.030    host_clk_i
    BUFGCTRL_X0Y16       BUFG (Prop_bufg_I_O)         0.101     5.131 r  bufg_host_clk/O
                         net (fo=17600, routed)       1.727     6.858    top/teaching_board_top/target/harts_1/cpu/core/host_clk
    SLICE_X86Y19         FDRE                                         r  top/teaching_board_top/target/harts_1/cpu/core/mem_addr_reg[34]/C
  -------------------------------------------------------------------    -------------------
    SLICE_X86Y19         FDRE (Prop_fdre_C_Q)         0.518     7.376 r  top/teaching_board_top/target/harts_1/cpu/core/mem_addr_reg[34]/Q
                         net (fo=28, routed)          2.364     9.740    top/teaching_board_top/target/harts_1/cpu/core/g_sv39.tlb/wb_tval_reg[63][34]
    SLICE_X47Y7          LUT6 (Prop_lut6_I1_O)        0.124     9.864 r  top/teaching_board_top/target/harts_1/cpu/core/g_sv39.tlb/mem_pa_r[52]_i_47/O
                         net (fo=1, routed)           0.000     9.864    top/teaching_board_top/target/harts_1/cpu/core/g_sv39.tlb/mem_pa_r[52]_i_47_n_0
    SLICE_X47Y7          CARRY4 (Prop_carry4_S[1]_CO[2])
                                                      0.570    10.434 r  top/teaching_board_top/target/harts_1/cpu/core/g_sv39.tlb/mem_pa_r_reg[52]_i_18/CO[2]
                         net (fo=1, routed)           0.960    11.393    top/teaching_board_top/target/harts_1/cpu/core/g_sv39.tlb/match021_out
    SLICE_X47Y4          LUT6 (Prop_lut6_I0_O)        0.313    11.706 f  top/teaching_board_top/target/harts_1/cpu/core/g_sv39.tlb/mem_pa_r[52]_i_8/O
                         net (fo=57, routed)          1.220    12.927    top/teaching_board_top/target/harts_1/cpu/core/g_sv39.tlb/mem_pa_r[52]_i_8_n_0
    SLICE_X30Y4          LUT5 (Prop_lut5_I2_O)        0.124    13.051 r  top/teaching_board_top/target/harts_1/cpu/core/g_sv39.tlb/mem_pa_r[55]_i_25__0/O
                         net (fo=56, routed)          1.533    14.583    top/teaching_board_top/target/harts_1/cpu/core/g_sv39.tlb/mem_pa_r[55]_i_25__0_n_0
    SLICE_X21Y4          LUT4 (Prop_lut4_I0_O)        0.152    14.735 f  top/teaching_board_top/target/harts_1/cpu/core/g_sv39.tlb/wb_irq_i_36/O
                         net (fo=1, routed)           0.812    15.547    top/teaching_board_top/target/harts_1/cpu/core/g_sv39.tlb/wb_irq_i_36_n_0
    SLICE_X21Y4          LUT4 (Prop_lut4_I3_O)        0.362    15.909 f  top/teaching_board_top/target/harts_1/cpu/core/g_sv39.tlb/wb_irq_i_25/O
                         net (fo=1, routed)           0.804    16.713    top/teaching_board_top/target/harts_1/cpu/core/g_sv39.tlb/wb_irq_i_25_n_0
    SLICE_X21Y3          LUT6 (Prop_lut6_I1_O)        0.327    17.040 f  top/teaching_board_top/target/harts_1/cpu/core/g_sv39.tlb/wb_irq_i_14/O
                         net (fo=2, routed)           0.606    17.646    top/teaching_board_top/target/harts_1/cpu/core/g_sv39.tlb/wb_irq_i_14_n_0
    SLICE_X22Y3          LUT6 (Prop_lut6_I2_O)        0.124    17.770 f  top/teaching_board_top/target/harts_1/cpu/core/g_sv39.tlb/wb_irq_i_7/O
                         net (fo=1, routed)           1.270    19.040    top/teaching_board_top/target/harts_1/cpu/core/g_sv39.tlb/wb_irq_i_7_n_0
    SLICE_X46Y3          LUT6 (Prop_lut6_I1_O)        0.124    19.164 f  top/teaching_board_top/target/harts_1/cpu/core/g_sv39.tlb/wb_irq_i_2/O
                         net (fo=134, routed)         1.135    20.299    top/teaching_board_top/target/harts_1/cpu/core/g_sv39.tlb/mem_bad_now
    SLICE_X71Y3          LUT6 (Prop_lut6_I0_O)        0.124    20.423 f  top/teaching_board_top/target/harts_1/cpu/core/g_sv39.tlb/wb_irq_i_1/O
                         net (fo=44, routed)          0.608    21.031    top/teaching_board_top/target/harts_1/cpu/core/g_sv39.walk/walker/mem_fire
    SLICE_X74Y5          LUT6 (Prop_lut6_I4_O)        0.124    21.155 f  top/teaching_board_top/target/harts_1/cpu/core/g_sv39.walk/walker/mem_irq_i_1/O
                         net (fo=190, routed)         0.579    21.734    top/teaching_board_top/target/harts_1/cpu/core/g_sv39.walk/walker/ex_irq_reg
    SLICE_X74Y6          LUT3 (Prop_lut3_I2_O)        0.124    21.858 f  top/teaching_board_top/target/harts_1/cpu/core/g_sv39.walk/walker/ex_c_i_1__0/O
                         net (fo=185, routed)         0.927    22.785    top/teaching_board_top/target/harts_1/cpu/core/csrfile/id_fire
    SLICE_X90Y6          LUT6 (Prop_lut6_I3_O)        0.124    22.909 f  top/teaching_board_top/target/harts_1/cpu/core/csrfile/f2_pfault_i_3__0/O
                         net (fo=212, routed)         1.326    24.235    top/teaching_board_top/target/harts_1/cpu/core/csrfile/seq.fe_flush
    SLICE_X60Y5          LUT2 (Prop_lut2_I0_O)        0.150    24.385 r  top/teaching_board_top/target/harts_1/cpu/core/csrfile/preq_addr[31]_i_8/O
                         net (fo=3, routed)           0.475    24.860    top/teaching_board_top/target/harts_1/cpu/core/g_sv39.walk/walker/preq_addr_reg[3]_6
    SLICE_X56Y5          LUT6 (Prop_lut6_I4_O)        0.326    25.186 f  top/teaching_board_top/target/harts_1/cpu/core/g_sv39.walk/walker/preq_addr[31]_i_3__0/O
                         net (fo=12, routed)          0.838    26.024    top/teaching_board_top/target/harts_1/cpu/core/g_sv39.walk/walker/eng_killed_reg
    SLICE_X52Y4          LUT4 (Prop_lut4_I0_O)        0.118    26.142 r  top/teaching_board_top/target/harts_1/cpu/core/g_sv39.walk/walker/preq_addr[31]_i_4__0/O
                         net (fo=35, routed)          1.341    27.483    top/teaching_board_top/target/harts_1/bridge/preq_valid
    SLICE_X74Y10         LUT2 (Prop_lut2_I1_O)        0.320    27.803 r  top/teaching_board_top/target/harts_1/bridge/preq_wdata[63]_i_1__0/O
                         net (fo=78, routed)          1.479    29.282    top/teaching_board_top/target/harts_1/cpu/core/SR[0]
    SLICE_X36Y13         FDRE                                         r  top/teaching_board_top/target/harts_1/cpu/core/preq_wmask_reg[2]/R
  -------------------------------------------------------------------    -------------------

                         (clock host_clk_i rise edge)
                                                     25.000    25.000 r  
    H16                                               0.000    25.000 r  clk (IN)
                         net (fo=0)                   0.000    25.000    clk
    H16                  IBUF (Prop_ibuf_I_O)         1.380    26.380 r  ibufg_gclk/O
                         net (fo=1, routed)           1.162    27.542    gclk_i
    MMCME2_ADV_X1Y2      MMCME2_ADV (Prop_mmcme2_adv_CLKIN1_CLKOUT0)
                                                      0.083    27.625 r  MMCME2_BASE_inst/CLKOUT0
                         net (fo=1, routed)           2.012    29.637    host_clk_i
    BUFGCTRL_X0Y16       BUFG (Prop_bufg_I_O)         0.091    29.728 r  bufg_host_clk/O
                         net (fo=17600, routed)       1.490    31.219    top/teaching_board_top/target/harts_1/cpu/core/host_clk
    SLICE_X36Y13         FDRE                                         r  top/teaching_board_top/target/harts_1/cpu/core/preq_wmask_reg[2]/C
                         clock pessimism              0.416    31.635    
                         clock uncertainty           -0.082    31.553    
    SLICE_X36Y13         FDRE (Setup_fdre_C_R)       -0.726    30.827    top/teaching_board_top/target/harts_1/cpu/core/preq_wmask_reg[2]
  -------------------------------------------------------------------
                         required time                         30.827    
                         arrival time                         -29.282    
  -------------------------------------------------------------------
                         slack                                  1.545    

Slack (MET) :             1.545ns  (required time - arrival time)
  Source:                 top/teaching_board_top/target/harts_1/cpu/core/mem_addr_reg[34]/C
                            (rising edge-triggered cell FDRE clocked by host_clk_i  {rise@0.000ns fall@12.500ns period=25.000ns})
  Destination:            top/teaching_board_top/target/harts_1/cpu/core/preq_wmask_reg[5]/R
                            (rising edge-triggered cell FDRE clocked by host_clk_i  {rise@0.000ns fall@12.500ns period=25.000ns})
  Path Group:             host_clk_i
  Path Type:              Setup (Max at Slow Process Corner)
  Requirement:            25.000ns  (host_clk_i rise@25.000ns - host_clk_i rise@0.000ns)
  Data Path Delay:        22.425ns  (logic 4.148ns (18.497%)  route 18.277ns (81.503%))
  Logic Levels:           17  (CARRY4=1 LUT2=2 LUT3=1 LUT4=3 LUT5=1 LUT6=9)
  Clock Path Skew:        -0.223ns (DCD - SCD + CPR)
    Destination Clock Delay (DCD):    6.219ns = ( 31.219 - 25.000 ) 
    Source Clock Delay      (SCD):    6.858ns
    Clock Pessimism Removal (CPR):    0.416ns
  Clock Uncertainty:      0.082ns  ((TSJ^2 + DJ^2)^1/2) / 2 + PE
    Total System Jitter     (TSJ):    0.071ns
    Discrete Jitter          (DJ):    0.147ns
    Phase Error              (PE):    0.000ns

    Location             Delay type                Incr(ns)  Path(ns)    Netlist Resource(s)
  -------------------------------------------------------------------    -------------------
                         (clock host_clk_i rise edge)
                                                      0.000     0.000 r  
    H16                                               0.000     0.000 r  clk (IN)
                         net (fo=0)                   0.000     0.000    clk
    H16                  IBUF (Prop_ibuf_I_O)         1.451     1.451 r  ibufg_gclk/O
                         net (fo=1, routed)           1.285     2.736    gclk_i
    MMCME2_ADV_X1Y2      MMCME2_ADV (Prop_mmcme2_adv_CLKIN1_CLKOUT0)
                                                      0.088     2.824 r  MMCME2_BASE_inst/CLKOUT0
                         net (fo=1, routed)           2.206     5.030    host_clk_i
    BUFGCTRL_X0Y16       BUFG (Prop_bufg_I_O)         0.101     5.131 r  bufg_host_clk/O
                         net (fo=17600, routed)       1.727     6.858    top/teaching_board_top/target/harts_1/cpu/core/host_clk
    SLICE_X86Y19         FDRE                                         r  top/teaching_board_top/target/harts_1/cpu/core/mem_addr_reg[34]/C
  -------------------------------------------------------------------    -------------------
    SLICE_X86Y19         FDRE (Prop_fdre_C_Q)         0.518     7.376 r  top/teaching_board_top/target/harts_1/cpu/core/mem_addr_reg[34]/Q
                         net (fo=28, routed)          2.364     9.740    top/teaching_board_top/target/harts_1/cpu/core/g_sv39.tlb/wb_tval_reg[63][34]
    SLICE_X47Y7          LUT6 (Prop_lut6_I1_O)        0.124     9.864 r  top/teaching_board_top/target/harts_1/cpu/core/g_sv39.tlb/mem_pa_r[52]_i_47/O
                         net (fo=1, routed)           0.000     9.864    top/teaching_board_top/target/harts_1/cpu/core/g_sv39.tlb/mem_pa_r[52]_i_47_n_0
    SLICE_X47Y7          CARRY4 (Prop_carry4_S[1]_CO[2])
                                                      0.570    10.434 r  top/teaching_board_top/target/harts_1/cpu/core/g_sv39.tlb/mem_pa_r_reg[52]_i_18/CO[2]
                         net (fo=1, routed)           0.960    11.393    top/teaching_board_top/target/harts_1/cpu/core/g_sv39.tlb/match021_out
    SLICE_X47Y4          LUT6 (Prop_lut6_I0_O)        0.313    11.706 f  top/teaching_board_top/target/harts_1/cpu/core/g_sv39.tlb/mem_pa_r[52]_i_8/O
                         net (fo=57, routed)          1.220    12.927    top/teaching_board_top/target/harts_1/cpu/core/g_sv39.tlb/mem_pa_r[52]_i_8_n_0
    SLICE_X30Y4          LUT5 (Prop_lut5_I2_O)        0.124    13.051 r  top/teaching_board_top/target/harts_1/cpu/core/g_sv39.tlb/mem_pa_r[55]_i_25__0/O
                         net (fo=56, routed)          1.533    14.583    top/teaching_board_top/target/harts_1/cpu/core/g_sv39.tlb/mem_pa_r[55]_i_25__0_n_0
    SLICE_X21Y4          LUT4 (Prop_lut4_I0_O)        0.152    14.735 f  top/teaching_board_top/target/harts_1/cpu/core/g_sv39.tlb/wb_irq_i_36/O
                         net (fo=1, routed)           0.812    15.547    top/teaching_board_top/target/harts_1/cpu/core/g_sv39.tlb/wb_irq_i_36_n_0
    SLICE_X21Y4          LUT4 (Prop_lut4_I3_O)        0.362    15.909 f  top/teaching_board_top/target/harts_1/cpu/core/g_sv39.tlb/wb_irq_i_25/O
                         net (fo=1, routed)           0.804    16.713    top/teaching_board_top/target/harts_1/cpu/core/g_sv39.tlb/wb_irq_i_25_n_0
    SLICE_X21Y3          LUT6 (Prop_lut6_I1_O)        0.327    17.040 f  top/teaching_board_top/target/harts_1/cpu/core/g_sv39.tlb/wb_irq_i_14/O
                         net (fo=2, routed)           0.606    17.646    top/teaching_board_top/target/harts_1/cpu/core/g_sv39.tlb/wb_irq_i_14_n_0
    SLICE_X22Y3          LUT6 (Prop_lut6_I2_O)        0.124    17.770 f  top/teaching_board_top/target/harts_1/cpu/core/g_sv39.tlb/wb_irq_i_7/O
                         net (fo=1, routed)           1.270    19.040    top/teaching_board_top/target/harts_1/cpu/core/g_sv39.tlb/wb_irq_i_7_n_0
    SLICE_X46Y3          LUT6 (Prop_lut6_I1_O)        0.124    19.164 f  top/teaching_board_top/target/harts_1/cpu/core/g_sv39.tlb/wb_irq_i_2/O
                         net (fo=134, routed)         1.135    20.299    top/teaching_board_top/target/harts_1/cpu/core/g_sv39.tlb/mem_bad_now
    SLICE_X71Y3          LUT6 (Prop_lut6_I0_O)        0.124    20.423 f  top/teaching_board_top/target/harts_1/cpu/core/g_sv39.tlb/wb_irq_i_1/O
                         net (fo=44, routed)          0.608    21.031    top/teaching_board_top/target/harts_1/cpu/core/g_sv39.walk/walker/mem_fire
    SLICE_X74Y5          LUT6 (Prop_lut6_I4_O)        0.124    21.155 f  top/teaching_board_top/target/harts_1/cpu/core/g_sv39.walk/walker/mem_irq_i_1/O
                         net (fo=190, routed)         0.579    21.734    top/teaching_board_top/target/harts_1/cpu/core/g_sv39.walk/walker/ex_irq_reg
    SLICE_X74Y6          LUT3 (Prop_lut3_I2_O)        0.124    21.858 f  top/teaching_board_top/target/harts_1/cpu/core/g_sv39.walk/walker/ex_c_i_1__0/O
                         net (fo=185, routed)         0.927    22.785    top/teaching_board_top/target/harts_1/cpu/core/csrfile/id_fire
    SLICE_X90Y6          LUT6 (Prop_lut6_I3_O)        0.124    22.909 f  top/teaching_board_top/target/harts_1/cpu/core/csrfile/f2_pfault_i_3__0/O
                         net (fo=212, routed)         1.326    24.235    top/teaching_board_top/target/harts_1/cpu/core/csrfile/seq.fe_flush
    SLICE_X60Y5          LUT2 (Prop_lut2_I0_O)        0.150    24.385 r  top/teaching_board_top/target/harts_1/cpu/core/csrfile/preq_addr[31]_i_8/O
                         net (fo=3, routed)           0.475    24.860    top/teaching_board_top/target/harts_1/cpu/core/g_sv39.walk/walker/preq_addr_reg[3]_6
    SLICE_X56Y5          LUT6 (Prop_lut6_I4_O)        0.326    25.186 f  top/teaching_board_top/target/harts_1/cpu/core/g_sv39.walk/walker/preq_addr[31]_i_3__0/O
                         net (fo=12, routed)          0.838    26.024    top/teaching_board_top/target/harts_1/cpu/core/g_sv39.walk/walker/eng_killed_reg
    SLICE_X52Y4          LUT4 (Prop_lut4_I0_O)        0.118    26.142 r  top/teaching_board_top/target/harts_1/cpu/core/g_sv39.walk/walker/preq_addr[31]_i_4__0/O
                         net (fo=35, routed)          1.341    27.483    top/teaching_board_top/target/harts_1/bridge/preq_valid
    SLICE_X74Y10         LUT2 (Prop_lut2_I1_O)        0.320    27.803 r  top/teaching_board_top/target/harts_1/bridge/preq_wdata[63]_i_1__0/O
                         net (fo=78, routed)          1.479    29.282    top/teaching_board_top/target/harts_1/cpu/core/SR[0]
    SLICE_X36Y13         FDRE                                         r  top/teaching_board_top/target/harts_1/cpu/core/preq_wmask_reg[5]/R
  -------------------------------------------------------------------    -------------------

                         (clock host_clk_i rise edge)
                                                     25.000    25.000 r  
    H16                                               0.000    25.000 r  clk (IN)
                         net (fo=0)                   0.000    25.000    clk
    H16                  IBUF (Prop_ibuf_I_O)         1.380    26.380 r  ibufg_gclk/O
                         net (fo=1, routed)           1.162    27.542    gclk_i
    MMCME2_ADV_X1Y2      MMCME2_ADV (Prop_mmcme2_adv_CLKIN1_CLKOUT0)
                                                      0.083    27.625 r  MMCME2_BASE_inst/CLKOUT0
                         net (fo=1, routed)           2.012    29.637    host_clk_i
    BUFGCTRL_X0Y16       BUFG (Prop_bufg_I_O)         0.091    29.728 r  bufg_host_clk/O
                         net (fo=17600, routed)       1.490    31.219    top/teaching_board_top/target/harts_1/cpu/core/host_clk
    SLICE_X36Y13         FDRE                                         r  top/teaching_board_top/target/harts_1/cpu/core/preq_wmask_reg[5]/C
                         clock pessimism              0.416    31.635    
                         clock uncertainty           -0.082    31.553    
    SLICE_X36Y13         FDRE (Setup_fdre_C_R)       -0.726    30.827    top/teaching_board_top/target/harts_1/cpu/core/preq_wmask_reg[5]
  -------------------------------------------------------------------
                         required time                         30.827    
                         arrival time                         -29.282    
  -------------------------------------------------------------------
                         slack                                  1.545    

Slack (MET) :             1.581ns  (required time - arrival time)
  Source:                 top/teaching_board_top/target/harts_1/cpu/core/mem_addr_reg[34]/C
                            (rising edge-triggered cell FDRE clocked by host_clk_i  {rise@0.000ns fall@12.500ns period=25.000ns})
  Destination:            top/teaching_board_top/target/harts_1/cpu/core/preq_amo_reg[2]/R
                            (rising edge-triggered cell FDRE clocked by host_clk_i  {rise@0.000ns fall@12.500ns period=25.000ns})
  Path Group:             host_clk_i
  Path Type:              Setup (Max at Slow Process Corner)
  Requirement:            25.000ns  (host_clk_i rise@25.000ns - host_clk_i rise@0.000ns)
  Data Path Delay:        22.485ns  (logic 4.148ns (18.448%)  route 18.337ns (81.552%))
  Logic Levels:           17  (CARRY4=1 LUT2=2 LUT3=1 LUT4=3 LUT5=1 LUT6=9)
  Clock Path Skew:        -0.222ns (DCD - SCD + CPR)
    Destination Clock Delay (DCD):    6.220ns = ( 31.220 - 25.000 ) 
    Source Clock Delay      (SCD):    6.858ns
    Clock Pessimism Removal (CPR):    0.416ns
  Clock Uncertainty:      0.082ns  ((TSJ^2 + DJ^2)^1/2) / 2 + PE
    Total System Jitter     (TSJ):    0.071ns
    Discrete Jitter          (DJ):    0.147ns
    Phase Error              (PE):    0.000ns

    Location             Delay type                Incr(ns)  Path(ns)    Netlist Resource(s)
  -------------------------------------------------------------------    -------------------
                         (clock host_clk_i rise edge)
                                                      0.000     0.000 r  
    H16                                               0.000     0.000 r  clk (IN)
                         net (fo=0)                   0.000     0.000    clk
    H16                  IBUF (Prop_ibuf_I_O)         1.451     1.451 r  ibufg_gclk/O
                         net (fo=1, routed)           1.285     2.736    gclk_i
    MMCME2_ADV_X1Y2      MMCME2_ADV (Prop_mmcme2_adv_CLKIN1_CLKOUT0)
                                                      0.088     2.824 r  MMCME2_BASE_inst/CLKOUT0
                         net (fo=1, routed)           2.206     5.030    host_clk_i
    BUFGCTRL_X0Y16       BUFG (Prop_bufg_I_O)         0.101     5.131 r  bufg_host_clk/O
                         net (fo=17600, routed)       1.727     6.858    top/teaching_board_top/target/harts_1/cpu/core/host_clk
    SLICE_X86Y19         FDRE                                         r  top/teaching_board_top/target/harts_1/cpu/core/mem_addr_reg[34]/C
  -------------------------------------------------------------------    -------------------
    SLICE_X86Y19         FDRE (Prop_fdre_C_Q)         0.518     7.376 r  top/teaching_board_top/target/harts_1/cpu/core/mem_addr_reg[34]/Q
                         net (fo=28, routed)          2.364     9.740    top/teaching_board_top/target/harts_1/cpu/core/g_sv39.tlb/wb_tval_reg[63][34]
    SLICE_X47Y7          LUT6 (Prop_lut6_I1_O)        0.124     9.864 r  top/teaching_board_top/target/harts_1/cpu/core/g_sv39.tlb/mem_pa_r[52]_i_47/O
                         net (fo=1, routed)           0.000     9.864    top/teaching_board_top/target/harts_1/cpu/core/g_sv39.tlb/mem_pa_r[52]_i_47_n_0
    SLICE_X47Y7          CARRY4 (Prop_carry4_S[1]_CO[2])
                                                      0.570    10.434 r  top/teaching_board_top/target/harts_1/cpu/core/g_sv39.tlb/mem_pa_r_reg[52]_i_18/CO[2]
                         net (fo=1, routed)           0.960    11.393    top/teaching_board_top/target/harts_1/cpu/core/g_sv39.tlb/match021_out
    SLICE_X47Y4          LUT6 (Prop_lut6_I0_O)        0.313    11.706 f  top/teaching_board_top/target/harts_1/cpu/core/g_sv39.tlb/mem_pa_r[52]_i_8/O
                         net (fo=57, routed)          1.220    12.927    top/teaching_board_top/target/harts_1/cpu/core/g_sv39.tlb/mem_pa_r[52]_i_8_n_0
    SLICE_X30Y4          LUT5 (Prop_lut5_I2_O)        0.124    13.051 r  top/teaching_board_top/target/harts_1/cpu/core/g_sv39.tlb/mem_pa_r[55]_i_25__0/O
                         net (fo=56, routed)          1.533    14.583    top/teaching_board_top/target/harts_1/cpu/core/g_sv39.tlb/mem_pa_r[55]_i_25__0_n_0
    SLICE_X21Y4          LUT4 (Prop_lut4_I0_O)        0.152    14.735 f  top/teaching_board_top/target/harts_1/cpu/core/g_sv39.tlb/wb_irq_i_36/O
                         net (fo=1, routed)           0.812    15.547    top/teaching_board_top/target/harts_1/cpu/core/g_sv39.tlb/wb_irq_i_36_n_0
    SLICE_X21Y4          LUT4 (Prop_lut4_I3_O)        0.362    15.909 f  top/teaching_board_top/target/harts_1/cpu/core/g_sv39.tlb/wb_irq_i_25/O
                         net (fo=1, routed)           0.804    16.713    top/teaching_board_top/target/harts_1/cpu/core/g_sv39.tlb/wb_irq_i_25_n_0
    SLICE_X21Y3          LUT6 (Prop_lut6_I1_O)        0.327    17.040 f  top/teaching_board_top/target/harts_1/cpu/core/g_sv39.tlb/wb_irq_i_14/O
                         net (fo=2, routed)           0.606    17.646    top/teaching_board_top/target/harts_1/cpu/core/g_sv39.tlb/wb_irq_i_14_n_0
    SLICE_X22Y3          LUT6 (Prop_lut6_I2_O)        0.124    17.770 f  top/teaching_board_top/target/harts_1/cpu/core/g_sv39.tlb/wb_irq_i_7/O
                         net (fo=1, routed)           1.270    19.040    top/teaching_board_top/target/harts_1/cpu/core/g_sv39.tlb/wb_irq_i_7_n_0
    SLICE_X46Y3          LUT6 (Prop_lut6_I1_O)        0.124    19.164 f  top/teaching_board_top/target/harts_1/cpu/core/g_sv39.tlb/wb_irq_i_2/O
                         net (fo=134, routed)         1.135    20.299    top/teaching_board_top/target/harts_1/cpu/core/g_sv39.tlb/mem_bad_now
    SLICE_X71Y3          LUT6 (Prop_lut6_I0_O)        0.124    20.423 f  top/teaching_board_top/target/harts_1/cpu/core/g_sv39.tlb/wb_irq_i_1/O
                         net (fo=44, routed)          0.608    21.031    top/teaching_board_top/target/harts_1/cpu/core/g_sv39.walk/walker/mem_fire
    SLICE_X74Y5          LUT6 (Prop_lut6_I4_O)        0.124    21.155 f  top/teaching_board_top/target/harts_1/cpu/core/g_sv39.walk/walker/mem_irq_i_1/O
                         net (fo=190, routed)         0.579    21.734    top/teaching_board_top/target/harts_1/cpu/core/g_sv39.walk/walker/ex_irq_reg
    SLICE_X74Y6          LUT3 (Prop_lut3_I2_O)        0.124    21.858 f  top/teaching_board_top/target/harts_1/cpu/core/g_sv39.walk/walker/ex_c_i_1__0/O
                         net (fo=185, routed)         0.927    22.785    top/teaching_board_top/target/harts_1/cpu/core/csrfile/id_fire
    SLICE_X90Y6          LUT6 (Prop_lut6_I3_O)        0.124    22.909 f  top/teaching_board_top/target/harts_1/cpu/core/csrfile/f2_pfault_i_3__0/O
                         net (fo=212, routed)         1.326    24.235    top/teaching_board_top/target/harts_1/cpu/core/csrfile/seq.fe_flush
    SLICE_X60Y5          LUT2 (Prop_lut2_I0_O)        0.150    24.385 r  top/teaching_board_top/target/harts_1/cpu/core/csrfile/preq_addr[31]_i_8/O
                         net (fo=3, routed)           0.475    24.860    top/teaching_board_top/target/harts_1/cpu/core/g_sv39.walk/walker/preq_addr_reg[3]_6
    SLICE_X56Y5          LUT6 (Prop_lut6_I4_O)        0.326    25.186 f  top/teaching_board_top/target/harts_1/cpu/core/g_sv39.walk/walker/preq_addr[31]_i_3__0/O
                         net (fo=12, routed)          0.838    26.024    top/teaching_board_top/target/harts_1/cpu/core/g_sv39.walk/walker/eng_killed_reg
    SLICE_X52Y4          LUT4 (Prop_lut4_I0_O)        0.118    26.142 r  top/teaching_board_top/target/harts_1/cpu/core/g_sv39.walk/walker/preq_addr[31]_i_4__0/O
                         net (fo=35, routed)          1.341    27.483    top/teaching_board_top/target/harts_1/bridge/preq_valid
    SLICE_X74Y10         LUT2 (Prop_lut2_I1_O)        0.320    27.803 r  top/teaching_board_top/target/harts_1/bridge/preq_wdata[63]_i_1__0/O
                         net (fo=78, routed)          1.539    29.342    top/teaching_board_top/target/harts_1/cpu/core/SR[0]
    SLICE_X43Y12         FDRE                                         r  top/teaching_board_top/target/harts_1/cpu/core/preq_amo_reg[2]/R
  -------------------------------------------------------------------    -------------------

                         (clock host_clk_i rise edge)
                                                     25.000    25.000 r  
    H16                                               0.000    25.000 r  clk (IN)
                         net (fo=0)                   0.000    25.000    clk
    H16                  IBUF (Prop_ibuf_I_O)         1.380    26.380 r  ibufg_gclk/O
                         net (fo=1, routed)           1.162    27.542    gclk_i
    MMCME2_ADV_X1Y2      MMCME2_ADV (Prop_mmcme2_adv_CLKIN1_CLKOUT0)
                                                      0.083    27.625 r  MMCME2_BASE_inst/CLKOUT0
                         net (fo=1, routed)           2.012    29.637    host_clk_i
    BUFGCTRL_X0Y16       BUFG (Prop_bufg_I_O)         0.091    29.728 r  bufg_host_clk/O
                         net (fo=17600, routed)       1.491    31.220    top/teaching_board_top/target/harts_1/cpu/core/host_clk
    SLICE_X43Y12         FDRE                                         r  top/teaching_board_top/target/harts_1/cpu/core/preq_amo_reg[2]/C
                         clock pessimism              0.416    31.636    
                         clock uncertainty           -0.082    31.554    
    SLICE_X43Y12         FDRE (Setup_fdre_C_R)       -0.631    30.923    top/teaching_board_top/target/harts_1/cpu/core/preq_amo_reg[2]
  -------------------------------------------------------------------
                         required time                         30.923    
                         arrival time                         -29.342    
  -------------------------------------------------------------------
                         slack                                  1.581    





Min Delay Paths
--------------------------------------------------------------------------------------
Slack (MET) :             0.028ns  (arrival time - required time)
  Source:                 top/teaching_board_top/target/harts_1/cpu/core/g_sv39.walk/walker/a_reg[25]/C
                            (rising edge-triggered cell FDRE clocked by host_clk_i  {rise@0.000ns fall@12.500ns period=25.000ns})
  Destination:            top/teaching_board_top/target/harts_1/cpu/core/g_sv39.walk/walker/req_addr_reg[25]/D
                            (rising edge-triggered cell FDRE clocked by host_clk_i  {rise@0.000ns fall@12.500ns period=25.000ns})
  Path Group:             host_clk_i
  Path Type:              Hold (Min at Fast Process Corner)
  Requirement:            0.000ns  (host_clk_i rise@0.000ns - host_clk_i rise@0.000ns)
  Data Path Delay:        0.359ns  (logic 0.141ns (39.274%)  route 0.218ns (60.726%))
  Logic Levels:           0  
  Clock Path Skew:        0.265ns (DCD - SCD - CPR)
    Destination Clock Delay (DCD):    2.544ns
    Source Clock Delay      (SCD):    1.985ns
    Clock Pessimism Removal (CPR):    0.294ns

    Location             Delay type                Incr(ns)  Path(ns)    Netlist Resource(s)
  -------------------------------------------------------------------    -------------------
                         (clock host_clk_i rise edge)
                                                      0.000     0.000 r  
    H16                                               0.000     0.000 r  clk (IN)
                         net (fo=0)                   0.000     0.000    clk
    H16                  IBUF (Prop_ibuf_I_O)         0.219     0.219 r  ibufg_gclk/O
                         net (fo=1, routed)           0.440     0.659    gclk_i
    MMCME2_ADV_X1Y2      MMCME2_ADV (Prop_mmcme2_adv_CLKIN1_CLKOUT0)
                                                      0.050     0.709 r  MMCME2_BASE_inst/CLKOUT0
                         net (fo=1, routed)           0.696     1.405    host_clk_i
    BUFGCTRL_X0Y16       BUFG (Prop_bufg_I_O)         0.026     1.431 r  bufg_host_clk/O
                         net (fo=17600, routed)       0.554     1.985    top/teaching_board_top/target/harts_1/cpu/core/g_sv39.walk/walker/host_clk
    SLICE_X53Y14         FDRE                                         r  top/teaching_board_top/target/harts_1/cpu/core/g_sv39.walk/walker/a_reg[25]/C
  -------------------------------------------------------------------    -------------------
    SLICE_X53Y14         FDRE (Prop_fdre_C_Q)         0.141     2.126 r  top/teaching_board_top/target/harts_1/cpu/core/g_sv39.walk/walker/a_reg[25]/Q
                         net (fo=1, routed)           0.218     2.344    top/teaching_board_top/target/harts_1/cpu/core/g_sv39.walk/walker/a_reg_n_0_[25]
    SLICE_X48Y13         FDRE                                         r  top/teaching_board_top/target/harts_1/cpu/core/g_sv39.walk/walker/req_addr_reg[25]/D
  -------------------------------------------------------------------    -------------------

                         (clock host_clk_i rise edge)
                                                      0.000     0.000 r  
    H16                                               0.000     0.000 r  clk (IN)
                         net (fo=0)                   0.000     0.000    clk
    H16                  IBUF (Prop_ibuf_I_O)         0.406     0.406 r  ibufg_gclk/O
                         net (fo=1, routed)           0.480     0.886    gclk_i
    MMCME2_ADV_X1Y2      MMCME2_ADV (Prop_mmcme2_adv_CLKIN1_CLKOUT0)
                                                      0.053     0.939 r  MMCME2_BASE_inst/CLKOUT0
                         net (fo=1, routed)           0.752     1.691    host_clk_i
    BUFGCTRL_X0Y16       BUFG (Prop_bufg_I_O)         0.029     1.720 r  bufg_host_clk/O
                         net (fo=17600, routed)       0.824     2.544    top/teaching_board_top/target/harts_1/cpu/core/g_sv39.walk/walker/host_clk
    SLICE_X48Y13         FDRE                                         r  top/teaching_board_top/target/harts_1/cpu/core/g_sv39.walk/walker/req_addr_reg[25]/C
                         clock pessimism             -0.294     2.250    
    SLICE_X48Y13         FDRE (Hold_fdre_C_D)         0.066     2.316    top/teaching_board_top/target/harts_1/cpu/core/g_sv39.walk/walker/req_addr_reg[25]
  -------------------------------------------------------------------
                         required time                         -2.316    
                         arrival time                           2.344    
  -------------------------------------------------------------------
                         slack                                  0.028    

Slack (MET) :             0.034ns  (arrival time - required time)
  Source:                 top/teaching_board_top/target/harts/cpu/core/mem_raw_reg[17]/C
                            (rising edge-triggered cell FDRE clocked by host_clk_i  {rise@0.000ns fall@12.500ns period=25.000ns})
  Destination:            top/teaching_board_top/target/harts/cpu/core/wb_raw_reg[17]/D
                            (rising edge-triggered cell FDRE clocked by host_clk_i  {rise@0.000ns fall@12.500ns period=25.000ns})
  Path Group:             host_clk_i
  Path Type:              Hold (Min at Fast Process Corner)
  Requirement:            0.000ns  (host_clk_i rise@0.000ns - host_clk_i rise@0.000ns)
  Data Path Delay:        0.363ns  (logic 0.141ns (38.835%)  route 0.222ns (61.165%))
  Logic Levels:           0  
  Clock Path Skew:        0.259ns (DCD - SCD - CPR)
    Destination Clock Delay (DCD):    2.540ns
    Source Clock Delay      (SCD):    1.987ns
    Clock Pessimism Removal (CPR):    0.294ns

    Location             Delay type                Incr(ns)  Path(ns)    Netlist Resource(s)
  -------------------------------------------------------------------    -------------------
                         (clock host_clk_i rise edge)
                                                      0.000     0.000 r  
    H16                                               0.000     0.000 r  clk (IN)
                         net (fo=0)                   0.000     0.000    clk
    H16                  IBUF (Prop_ibuf_I_O)         0.219     0.219 r  ibufg_gclk/O
                         net (fo=1, routed)           0.440     0.659    gclk_i
    MMCME2_ADV_X1Y2      MMCME2_ADV (Prop_mmcme2_adv_CLKIN1_CLKOUT0)
                                                      0.050     0.709 r  MMCME2_BASE_inst/CLKOUT0
                         net (fo=1, routed)           0.696     1.405    host_clk_i
    BUFGCTRL_X0Y16       BUFG (Prop_bufg_I_O)         0.026     1.431 r  bufg_host_clk/O
                         net (fo=17600, routed)       0.556     1.987    top/teaching_board_top/target/harts/cpu/core/host_clk
    SLICE_X47Y56         FDRE                                         r  top/teaching_board_top/target/harts/cpu/core/mem_raw_reg[17]/C
  -------------------------------------------------------------------    -------------------
    SLICE_X47Y56         FDRE (Prop_fdre_C_Q)         0.141     2.128 r  top/teaching_board_top/target/harts/cpu/core/mem_raw_reg[17]/Q
                         net (fo=1, routed)           0.222     2.350    top/teaching_board_top/target/harts/cpu/core/mem_raw[17]
    SLICE_X53Y55         FDRE                                         r  top/teaching_board_top/target/harts/cpu/core/wb_raw_reg[17]/D
  -------------------------------------------------------------------    -------------------

                         (clock host_clk_i rise edge)
                                                      0.000     0.000 r  
    H16                                               0.000     0.000 r  clk (IN)
                         net (fo=0)                   0.000     0.000    clk
    H16                  IBUF (Prop_ibuf_I_O)         0.406     0.406 r  ibufg_gclk/O
                         net (fo=1, routed)           0.480     0.886    gclk_i
    MMCME2_ADV_X1Y2      MMCME2_ADV (Prop_mmcme2_adv_CLKIN1_CLKOUT0)
                                                      0.053     0.939 r  MMCME2_BASE_inst/CLKOUT0
                         net (fo=1, routed)           0.752     1.691    host_clk_i
    BUFGCTRL_X0Y16       BUFG (Prop_bufg_I_O)         0.029     1.720 r  bufg_host_clk/O
                         net (fo=17600, routed)       0.820     2.540    top/teaching_board_top/target/harts/cpu/core/host_clk
    SLICE_X53Y55         FDRE                                         r  top/teaching_board_top/target/harts/cpu/core/wb_raw_reg[17]/C
                         clock pessimism             -0.294     2.246    
    SLICE_X53Y55         FDRE (Hold_fdre_C_D)         0.070     2.316    top/teaching_board_top/target/harts/cpu/core/wb_raw_reg[17]
  -------------------------------------------------------------------
                         required time                         -2.316    
                         arrival time                           2.350    
  -------------------------------------------------------------------
                         slack                                  0.034    

Slack (MET) :             0.036ns  (arrival time - required time)
  Source:                 top/teaching_board_top/target/harts/cpu/core/g_sv39.walk/walker/req_addr_reg[21]/C
                            (rising edge-triggered cell FDRE clocked by host_clk_i  {rise@0.000ns fall@12.500ns period=25.000ns})
  Destination:            top/teaching_board_top/target/harts/cpu/core/g_sv39.walk/h_addr_reg[21]/D
                            (rising edge-triggered cell FDRE clocked by host_clk_i  {rise@0.000ns fall@12.500ns period=25.000ns})
  Path Group:             host_clk_i
  Path Type:              Hold (Min at Fast Process Corner)
  Requirement:            0.000ns  (host_clk_i rise@0.000ns - host_clk_i rise@0.000ns)
  Data Path Delay:        0.363ns  (logic 0.141ns (38.885%)  route 0.222ns (61.115%))
  Logic Levels:           0  
  Clock Path Skew:        0.273ns (DCD - SCD - CPR)
    Destination Clock Delay (DCD):    2.550ns
    Source Clock Delay      (SCD):    1.988ns
    Clock Pessimism Removal (CPR):    0.289ns

    Location             Delay type                Incr(ns)  Path(ns)    Netlist Resource(s)
  -------------------------------------------------------------------    -------------------
                         (clock host_clk_i rise edge)
                                                      0.000     0.000 r  
    H16                                               0.000     0.000 r  clk (IN)
                         net (fo=0)                   0.000     0.000    clk
    H16                  IBUF (Prop_ibuf_I_O)         0.219     0.219 r  ibufg_gclk/O
                         net (fo=1, routed)           0.440     0.659    gclk_i
    MMCME2_ADV_X1Y2      MMCME2_ADV (Prop_mmcme2_adv_CLKIN1_CLKOUT0)
                                                      0.050     0.709 r  MMCME2_BASE_inst/CLKOUT0
                         net (fo=1, routed)           0.696     1.405    host_clk_i
    BUFGCTRL_X0Y16       BUFG (Prop_bufg_I_O)         0.026     1.431 r  bufg_host_clk/O
                         net (fo=17600, routed)       0.557     1.988    top/teaching_board_top/target/harts/cpu/core/g_sv39.walk/walker/host_clk
    SLICE_X44Y50         FDRE                                         r  top/teaching_board_top/target/harts/cpu/core/g_sv39.walk/walker/req_addr_reg[21]/C
  -------------------------------------------------------------------    -------------------
    SLICE_X44Y50         FDRE (Prop_fdre_C_Q)         0.141     2.129 r  top/teaching_board_top/target/harts/cpu/core/g_sv39.walk/walker/req_addr_reg[21]/Q
                         net (fo=1, routed)           0.222     2.351    top/teaching_board_top/target/harts/cpu/core/g_sv39.walk/w_req_addr[21]
    SLICE_X38Y48         FDRE                                         r  top/teaching_board_top/target/harts/cpu/core/g_sv39.walk/h_addr_reg[21]/D
  -------------------------------------------------------------------    -------------------

                         (clock host_clk_i rise edge)
                                                      0.000     0.000 r  
    H16                                               0.000     0.000 r  clk (IN)
                         net (fo=0)                   0.000     0.000    clk
    H16                  IBUF (Prop_ibuf_I_O)         0.406     0.406 r  ibufg_gclk/O
                         net (fo=1, routed)           0.480     0.886    gclk_i
    MMCME2_ADV_X1Y2      MMCME2_ADV (Prop_mmcme2_adv_CLKIN1_CLKOUT0)
                                                      0.053     0.939 r  MMCME2_BASE_inst/CLKOUT0
                         net (fo=1, routed)           0.752     1.691    host_clk_i
    BUFGCTRL_X0Y16       BUFG (Prop_bufg_I_O)         0.029     1.720 r  bufg_host_clk/O
                         net (fo=17600, routed)       0.830     2.550    top/teaching_board_top/target/harts/cpu/core/g_sv39.walk/host_clk
    SLICE_X38Y48         FDRE                                         r  top/teaching_board_top/target/harts/cpu/core/g_sv39.walk/h_addr_reg[21]/C
                         clock pessimism             -0.289     2.261    
    SLICE_X38Y48         FDRE (Hold_fdre_C_D)         0.053     2.314    top/teaching_board_top/target/harts/cpu/core/g_sv39.walk/h_addr_reg[21]
  -------------------------------------------------------------------
                         required time                         -2.314    
                         arrival time                           2.351    
  -------------------------------------------------------------------
                         slack                                  0.036    

Slack (MET) :             0.037ns  (arrival time - required time)
  Source:                 top/teaching_board_top/target/harts_1/cpu/core/ic_fill_data_reg[75]/C
                            (rising edge-triggered cell FDRE clocked by host_clk_i  {rise@0.000ns fall@12.500ns period=25.000ns})
  Destination:            top/teaching_board_top/target/harts_1/cpu/core/icache/g_cache.data_reg_0_63_75_77/RAMA/I
                            (rising edge-triggered cell RAMD64E clocked by host_clk_i  {rise@0.000ns fall@12.500ns period=25.000ns})
  Path Group:             host_clk_i
  Path Type:              Hold (Min at Fast Process Corner)
  Requirement:            0.000ns  (host_clk_i rise@0.000ns - host_clk_i rise@0.000ns)
  Data Path Delay:        0.197ns  (logic 0.141ns (71.611%)  route 0.056ns (28.389%))
  Logic Levels:           0  
  Clock Path Skew:        0.013ns (DCD - SCD - CPR)
    Destination Clock Delay (DCD):    2.546ns
    Source Clock Delay      (SCD):    1.990ns
    Clock Pessimism Removal (CPR):    0.543ns

    Location             Delay type                Incr(ns)  Path(ns)    Netlist Resource(s)
  -------------------------------------------------------------------    -------------------
                         (clock host_clk_i rise edge)
                                                      0.000     0.000 r  
    H16                                               0.000     0.000 r  clk (IN)
                         net (fo=0)                   0.000     0.000    clk
    H16                  IBUF (Prop_ibuf_I_O)         0.219     0.219 r  ibufg_gclk/O
                         net (fo=1, routed)           0.440     0.659    gclk_i
    MMCME2_ADV_X1Y2      MMCME2_ADV (Prop_mmcme2_adv_CLKIN1_CLKOUT0)
                                                      0.050     0.709 r  MMCME2_BASE_inst/CLKOUT0
                         net (fo=1, routed)           0.696     1.405    host_clk_i
    BUFGCTRL_X0Y16       BUFG (Prop_bufg_I_O)         0.026     1.431 r  bufg_host_clk/O
                         net (fo=17600, routed)       0.559     1.990    top/teaching_board_top/target/harts_1/cpu/core/host_clk
    SLICE_X51Y1          FDRE                                         r  top/teaching_board_top/target/harts_1/cpu/core/ic_fill_data_reg[75]/C
  -------------------------------------------------------------------    -------------------
    SLICE_X51Y1          FDRE (Prop_fdre_C_Q)         0.141     2.131 r  top/teaching_board_top/target/harts_1/cpu/core/ic_fill_data_reg[75]/Q
                         net (fo=1, routed)           0.056     2.187    top/teaching_board_top/target/harts_1/cpu/core/icache/g_cache.data_reg_0_63_75_77/DIA
    SLICE_X50Y1          RAMD64E                                      r  top/teaching_board_top/target/harts_1/cpu/core/icache/g_cache.data_reg_0_63_75_77/RAMA/I
  -------------------------------------------------------------------    -------------------

                         (clock host_clk_i rise edge)
                                                      0.000     0.000 r  
    H16                                               0.000     0.000 r  clk (IN)
                         net (fo=0)                   0.000     0.000    clk
    H16                  IBUF (Prop_ibuf_I_O)         0.406     0.406 r  ibufg_gclk/O
                         net (fo=1, routed)           0.480     0.886    gclk_i
    MMCME2_ADV_X1Y2      MMCME2_ADV (Prop_mmcme2_adv_CLKIN1_CLKOUT0)
                                                      0.053     0.939 r  MMCME2_BASE_inst/CLKOUT0
                         net (fo=1, routed)           0.752     1.691    host_clk_i
    BUFGCTRL_X0Y16       BUFG (Prop_bufg_I_O)         0.029     1.720 r  bufg_host_clk/O
                         net (fo=17600, routed)       0.826     2.546    top/teaching_board_top/target/harts_1/cpu/core/icache/g_cache.data_reg_0_63_75_77/WCLK
    SLICE_X50Y1          RAMD64E                                      r  top/teaching_board_top/target/harts_1/cpu/core/icache/g_cache.data_reg_0_63_75_77/RAMA/CLK
                         clock pessimism             -0.543     2.003    
    SLICE_X50Y1          RAMD64E (Hold_ramd64e_CLK_I)
                                                      0.147     2.150    top/teaching_board_top/target/harts_1/cpu/core/icache/g_cache.data_reg_0_63_75_77/RAMA
  -------------------------------------------------------------------
                         required time                         -2.150    
                         arrival time                           2.187    
  -------------------------------------------------------------------
                         slack                                  0.037    

Slack (MET) :             0.037ns  (arrival time - required time)
  Source:                 top/teaching_board_top/target/harts/cpu/core/ic_fill_data_reg[102]/C
                            (rising edge-triggered cell FDRE clocked by host_clk_i  {rise@0.000ns fall@12.500ns period=25.000ns})
  Destination:            top/teaching_board_top/target/harts/cpu/core/icache/g_cache.data_reg_0_63_102_104/RAMA/I
                            (rising edge-triggered cell RAMD64E clocked by host_clk_i  {rise@0.000ns fall@12.500ns period=25.000ns})
  Path Group:             host_clk_i
  Path Type:              Hold (Min at Fast Process Corner)
  Requirement:            0.000ns  (host_clk_i rise@0.000ns - host_clk_i rise@0.000ns)
  Data Path Delay:        0.197ns  (logic 0.141ns (71.611%)  route 0.056ns (28.389%))
  Logic Levels:           0  
  Clock Path Skew:        0.013ns (DCD - SCD - CPR)
    Destination Clock Delay (DCD):    2.546ns
    Source Clock Delay      (SCD):    1.990ns
    Clock Pessimism Removal (CPR):    0.543ns

    Location             Delay type                Incr(ns)  Path(ns)    Netlist Resource(s)
  -------------------------------------------------------------------    -------------------
                         (clock host_clk_i rise edge)
                                                      0.000     0.000 r  
    H16                                               0.000     0.000 r  clk (IN)
                         net (fo=0)                   0.000     0.000    clk
    H16                  IBUF (Prop_ibuf_I_O)         0.219     0.219 r  ibufg_gclk/O
                         net (fo=1, routed)           0.440     0.659    gclk_i
    MMCME2_ADV_X1Y2      MMCME2_ADV (Prop_mmcme2_adv_CLKIN1_CLKOUT0)
                                                      0.050     0.709 r  MMCME2_BASE_inst/CLKOUT0
                         net (fo=1, routed)           0.696     1.405    host_clk_i
    BUFGCTRL_X0Y16       BUFG (Prop_bufg_I_O)         0.026     1.431 r  bufg_host_clk/O
                         net (fo=17600, routed)       0.559     1.990    top/teaching_board_top/target/harts/cpu/core/host_clk
    SLICE_X35Y50         FDRE                                         r  top/teaching_board_top/target/harts/cpu/core/ic_fill_data_reg[102]/C
  -------------------------------------------------------------------    -------------------
    SLICE_X35Y50         FDRE (Prop_fdre_C_Q)         0.141     2.131 r  top/teaching_board_top/target/harts/cpu/core/ic_fill_data_reg[102]/Q
                         net (fo=1, routed)           0.056     2.187    top/teaching_board_top/target/harts/cpu/core/icache/g_cache.data_reg_0_63_102_104/DIA
    SLICE_X34Y50         RAMD64E                                      r  top/teaching_board_top/target/harts/cpu/core/icache/g_cache.data_reg_0_63_102_104/RAMA/I
  -------------------------------------------------------------------    -------------------

                         (clock host_clk_i rise edge)
                                                      0.000     0.000 r  
    H16                                               0.000     0.000 r  clk (IN)
                         net (fo=0)                   0.000     0.000    clk
    H16                  IBUF (Prop_ibuf_I_O)         0.406     0.406 r  ibufg_gclk/O
                         net (fo=1, routed)           0.480     0.886    gclk_i
    MMCME2_ADV_X1Y2      MMCME2_ADV (Prop_mmcme2_adv_CLKIN1_CLKOUT0)
                                                      0.053     0.939 r  MMCME2_BASE_inst/CLKOUT0
                         net (fo=1, routed)           0.752     1.691    host_clk_i
    BUFGCTRL_X0Y16       BUFG (Prop_bufg_I_O)         0.029     1.720 r  bufg_host_clk/O
                         net (fo=17600, routed)       0.826     2.546    top/teaching_board_top/target/harts/cpu/core/icache/g_cache.data_reg_0_63_102_104/WCLK
    SLICE_X34Y50         RAMD64E                                      r  top/teaching_board_top/target/harts/cpu/core/icache/g_cache.data_reg_0_63_102_104/RAMA/CLK
                         clock pessimism             -0.543     2.003    
    SLICE_X34Y50         RAMD64E (Hold_ramd64e_CLK_I)
                                                      0.147     2.150    top/teaching_board_top/target/harts/cpu/core/icache/g_cache.data_reg_0_63_102_104/RAMA
  -------------------------------------------------------------------
                         required time                         -2.150    
                         arrival time                           2.187    
  -------------------------------------------------------------------
                         slack                                  0.037    

Slack (MET) :             0.037ns  (arrival time - required time)
  Source:                 top/teaching_board_top/target/harts/cpu/core/ic_fill_data_reg[114]/C
                            (rising edge-triggered cell FDRE clocked by host_clk_i  {rise@0.000ns fall@12.500ns period=25.000ns})
  Destination:            top/teaching_board_top/target/harts/cpu/core/icache/g_cache.data_reg_0_63_114_116/RAMA/I
                            (rising edge-triggered cell RAMD64E clocked by host_clk_i  {rise@0.000ns fall@12.500ns period=25.000ns})
  Path Group:             host_clk_i
  Path Type:              Hold (Min at Fast Process Corner)
  Requirement:            0.000ns  (host_clk_i rise@0.000ns - host_clk_i rise@0.000ns)
  Data Path Delay:        0.197ns  (logic 0.141ns (71.611%)  route 0.056ns (28.389%))
  Logic Levels:           0  
  Clock Path Skew:        0.013ns (DCD - SCD - CPR)
    Destination Clock Delay (DCD):    2.546ns
    Source Clock Delay      (SCD):    1.990ns
    Clock Pessimism Removal (CPR):    0.543ns

    Location             Delay type                Incr(ns)  Path(ns)    Netlist Resource(s)
  -------------------------------------------------------------------    -------------------
                         (clock host_clk_i rise edge)
                                                      0.000     0.000 r  
    H16                                               0.000     0.000 r  clk (IN)
                         net (fo=0)                   0.000     0.000    clk
    H16                  IBUF (Prop_ibuf_I_O)         0.219     0.219 r  ibufg_gclk/O
                         net (fo=1, routed)           0.440     0.659    gclk_i
    MMCME2_ADV_X1Y2      MMCME2_ADV (Prop_mmcme2_adv_CLKIN1_CLKOUT0)
                                                      0.050     0.709 r  MMCME2_BASE_inst/CLKOUT0
                         net (fo=1, routed)           0.696     1.405    host_clk_i
    BUFGCTRL_X0Y16       BUFG (Prop_bufg_I_O)         0.026     1.431 r  bufg_host_clk/O
                         net (fo=17600, routed)       0.559     1.990    top/teaching_board_top/target/harts/cpu/core/host_clk
    SLICE_X33Y51         FDRE                                         r  top/teaching_board_top/target/harts/cpu/core/ic_fill_data_reg[114]/C
  -------------------------------------------------------------------    -------------------
    SLICE_X33Y51         FDRE (Prop_fdre_C_Q)         0.141     2.131 r  top/teaching_board_top/target/harts/cpu/core/ic_fill_data_reg[114]/Q
                         net (fo=1, routed)           0.056     2.187    top/teaching_board_top/target/harts/cpu/core/icache/g_cache.data_reg_0_63_114_116/DIA
    SLICE_X32Y51         RAMD64E                                      r  top/teaching_board_top/target/harts/cpu/core/icache/g_cache.data_reg_0_63_114_116/RAMA/I
  -------------------------------------------------------------------    -------------------

                         (clock host_clk_i rise edge)
                                                      0.000     0.000 r  
    H16                                               0.000     0.000 r  clk (IN)
                         net (fo=0)                   0.000     0.000    clk
    H16                  IBUF (Prop_ibuf_I_O)         0.406     0.406 r  ibufg_gclk/O
                         net (fo=1, routed)           0.480     0.886    gclk_i
    MMCME2_ADV_X1Y2      MMCME2_ADV (Prop_mmcme2_adv_CLKIN1_CLKOUT0)
                                                      0.053     0.939 r  MMCME2_BASE_inst/CLKOUT0
                         net (fo=1, routed)           0.752     1.691    host_clk_i
    BUFGCTRL_X0Y16       BUFG (Prop_bufg_I_O)         0.029     1.720 r  bufg_host_clk/O
                         net (fo=17600, routed)       0.826     2.546    top/teaching_board_top/target/harts/cpu/core/icache/g_cache.data_reg_0_63_114_116/WCLK
    SLICE_X32Y51         RAMD64E                                      r  top/teaching_board_top/target/harts/cpu/core/icache/g_cache.data_reg_0_63_114_116/RAMA/CLK
                         clock pessimism             -0.543     2.003    
    SLICE_X32Y51         RAMD64E (Hold_ramd64e_CLK_I)
                                                      0.147     2.150    top/teaching_board_top/target/harts/cpu/core/icache/g_cache.data_reg_0_63_114_116/RAMA
  -------------------------------------------------------------------
                         required time                         -2.150    
                         arrival time                           2.187    
  -------------------------------------------------------------------
                         slack                                  0.037    

Slack (MET) :             0.037ns  (arrival time - required time)
  Source:                 top/teaching_board_top/target/harts_1/cpu/core/ic_fill_data_reg[111]/C
                            (rising edge-triggered cell FDRE clocked by host_clk_i  {rise@0.000ns fall@12.500ns period=25.000ns})
  Destination:            top/teaching_board_top/target/harts_1/cpu/core/icache/g_cache.data_reg_0_63_111_113/RAMA/I
                            (rising edge-triggered cell RAMD64E clocked by host_clk_i  {rise@0.000ns fall@12.500ns period=25.000ns})
  Path Group:             host_clk_i
  Path Type:              Hold (Min at Fast Process Corner)
  Requirement:            0.000ns  (host_clk_i rise@0.000ns - host_clk_i rise@0.000ns)
  Data Path Delay:        0.197ns  (logic 0.141ns (71.611%)  route 0.056ns (28.389%))
  Logic Levels:           0  
  Clock Path Skew:        0.013ns (DCD - SCD - CPR)
    Destination Clock Delay (DCD):    2.573ns
    Source Clock Delay      (SCD):    2.016ns
    Clock Pessimism Removal (CPR):    0.544ns

    Location             Delay type                Incr(ns)  Path(ns)    Netlist Resource(s)
  -------------------------------------------------------------------    -------------------
                         (clock host_clk_i rise edge)
                                                      0.000     0.000 r  
    H16                                               0.000     0.000 r  clk (IN)
                         net (fo=0)                   0.000     0.000    clk
    H16                  IBUF (Prop_ibuf_I_O)         0.219     0.219 r  ibufg_gclk/O
                         net (fo=1, routed)           0.440     0.659    gclk_i
    MMCME2_ADV_X1Y2      MMCME2_ADV (Prop_mmcme2_adv_CLKIN1_CLKOUT0)
                                                      0.050     0.709 r  MMCME2_BASE_inst/CLKOUT0
                         net (fo=1, routed)           0.696     1.405    host_clk_i
    BUFGCTRL_X0Y16       BUFG (Prop_bufg_I_O)         0.026     1.431 r  bufg_host_clk/O
                         net (fo=17600, routed)       0.585     2.016    top/teaching_board_top/target/harts_1/cpu/core/host_clk
    SLICE_X67Y6          FDRE                                         r  top/teaching_board_top/target/harts_1/cpu/core/ic_fill_data_reg[111]/C
  -------------------------------------------------------------------    -------------------
    SLICE_X67Y6          FDRE (Prop_fdre_C_Q)         0.141     2.157 r  top/teaching_board_top/target/harts_1/cpu/core/ic_fill_data_reg[111]/Q
                         net (fo=1, routed)           0.056     2.213    top/teaching_board_top/target/harts_1/cpu/core/icache/g_cache.data_reg_0_63_111_113/DIA
    SLICE_X66Y6          RAMD64E                                      r  top/teaching_board_top/target/harts_1/cpu/core/icache/g_cache.data_reg_0_63_111_113/RAMA/I
  -------------------------------------------------------------------    -------------------

                         (clock host_clk_i rise edge)
                                                      0.000     0.000 r  
    H16                                               0.000     0.000 r  clk (IN)
                         net (fo=0)                   0.000     0.000    clk
    H16                  IBUF (Prop_ibuf_I_O)         0.406     0.406 r  ibufg_gclk/O
                         net (fo=1, routed)           0.480     0.886    gclk_i
    MMCME2_ADV_X1Y2      MMCME2_ADV (Prop_mmcme2_adv_CLKIN1_CLKOUT0)
                                                      0.053     0.939 r  MMCME2_BASE_inst/CLKOUT0
                         net (fo=1, routed)           0.752     1.691    host_clk_i
    BUFGCTRL_X0Y16       BUFG (Prop_bufg_I_O)         0.029     1.720 r  bufg_host_clk/O
                         net (fo=17600, routed)       0.853     2.573    top/teaching_board_top/target/harts_1/cpu/core/icache/g_cache.data_reg_0_63_111_113/WCLK
    SLICE_X66Y6          RAMD64E                                      r  top/teaching_board_top/target/harts_1/cpu/core/icache/g_cache.data_reg_0_63_111_113/RAMA/CLK
                         clock pessimism             -0.544     2.029    
    SLICE_X66Y6          RAMD64E (Hold_ramd64e_CLK_I)
                                                      0.147     2.176    top/teaching_board_top/target/harts_1/cpu/core/icache/g_cache.data_reg_0_63_111_113/RAMA
  -------------------------------------------------------------------
                         required time                         -2.176    
                         arrival time                           2.213    
  -------------------------------------------------------------------
                         slack                                  0.037    

Slack (MET) :             0.037ns  (arrival time - required time)
  Source:                 top/teaching_board_top/target/harts_1/cpu/core/ic_fill_data_reg[21]/C
                            (rising edge-triggered cell FDRE clocked by host_clk_i  {rise@0.000ns fall@12.500ns period=25.000ns})
  Destination:            top/teaching_board_top/target/harts_1/cpu/core/icache/g_cache.data_reg_0_63_21_23/RAMA/I
                            (rising edge-triggered cell RAMD64E clocked by host_clk_i  {rise@0.000ns fall@12.500ns period=25.000ns})
  Path Group:             host_clk_i
  Path Type:              Hold (Min at Fast Process Corner)
  Requirement:            0.000ns  (host_clk_i rise@0.000ns - host_clk_i rise@0.000ns)
  Data Path Delay:        0.197ns  (logic 0.141ns (71.611%)  route 0.056ns (28.389%))
  Logic Levels:           0  
  Clock Path Skew:        0.013ns (DCD - SCD - CPR)
    Destination Clock Delay (DCD):    2.572ns
    Source Clock Delay      (SCD):    2.014ns
    Clock Pessimism Removal (CPR):    0.545ns

    Location             Delay type                Incr(ns)  Path(ns)    Netlist Resource(s)
  -------------------------------------------------------------------    -------------------
                         (clock host_clk_i rise edge)
                                                      0.000     0.000 r  
    H16                                               0.000     0.000 r  clk (IN)
                         net (fo=0)                   0.000     0.000    clk
    H16                  IBUF (Prop_ibuf_I_O)         0.219     0.219 r  ibufg_gclk/O
                         net (fo=1, routed)           0.440     0.659    gclk_i
    MMCME2_ADV_X1Y2      MMCME2_ADV (Prop_mmcme2_adv_CLKIN1_CLKOUT0)
                                                      0.050     0.709 r  MMCME2_BASE_inst/CLKOUT0
                         net (fo=1, routed)           0.696     1.405    host_clk_i
    BUFGCTRL_X0Y16       BUFG (Prop_bufg_I_O)         0.026     1.431 r  bufg_host_clk/O
                         net (fo=17600, routed)       0.583     2.014    top/teaching_board_top/target/harts_1/cpu/core/host_clk
    SLICE_X59Y3          FDRE                                         r  top/teaching_board_top/target/harts_1/cpu/core/ic_fill_data_reg[21]/C
  -------------------------------------------------------------------    -------------------
    SLICE_X59Y3          FDRE (Prop_fdre_C_Q)         0.141     2.155 r  top/teaching_board_top/target/harts_1/cpu/core/ic_fill_data_reg[21]/Q
                         net (fo=1, routed)           0.056     2.211    top/teaching_board_top/target/harts_1/cpu/core/icache/g_cache.data_reg_0_63_21_23/DIA
    SLICE_X58Y3          RAMD64E                                      r  top/teaching_board_top/target/harts_1/cpu/core/icache/g_cache.data_reg_0_63_21_23/RAMA/I
  -------------------------------------------------------------------    -------------------

                         (clock host_clk_i rise edge)
                                                      0.000     0.000 r  
    H16                                               0.000     0.000 r  clk (IN)
                         net (fo=0)                   0.000     0.000    clk
    H16                  IBUF (Prop_ibuf_I_O)         0.406     0.406 r  ibufg_gclk/O
                         net (fo=1, routed)           0.480     0.886    gclk_i
    MMCME2_ADV_X1Y2      MMCME2_ADV (Prop_mmcme2_adv_CLKIN1_CLKOUT0)
                                                      0.053     0.939 r  MMCME2_BASE_inst/CLKOUT0
                         net (fo=1, routed)           0.752     1.691    host_clk_i
    BUFGCTRL_X0Y16       BUFG (Prop_bufg_I_O)         0.029     1.720 r  bufg_host_clk/O
                         net (fo=17600, routed)       0.852     2.572    top/teaching_board_top/target/harts_1/cpu/core/icache/g_cache.data_reg_0_63_21_23/WCLK
    SLICE_X58Y3          RAMD64E                                      r  top/teaching_board_top/target/harts_1/cpu/core/icache/g_cache.data_reg_0_63_21_23/RAMA/CLK
                         clock pessimism             -0.545     2.027    
    SLICE_X58Y3          RAMD64E (Hold_ramd64e_CLK_I)
                                                      0.147     2.174    top/teaching_board_top/target/harts_1/cpu/core/icache/g_cache.data_reg_0_63_21_23/RAMA
  -------------------------------------------------------------------
                         required time                         -2.174    
                         arrival time                           2.211    
  -------------------------------------------------------------------
                         slack                                  0.037    

Slack (MET) :             0.037ns  (arrival time - required time)
  Source:                 top/teaching_board_top/target/harts_1/cpu/core/ic_fill_pa_reg[16]/C
                            (rising edge-triggered cell FDRE clocked by host_clk_i  {rise@0.000ns fall@12.500ns period=25.000ns})
  Destination:            top/teaching_board_top/target/harts_1/cpu/core/icache/g_cache.tag_reg_0_63_6_8/RAMA/I
                            (rising edge-triggered cell RAMD64E clocked by host_clk_i  {rise@0.000ns fall@12.500ns period=25.000ns})
  Path Group:             host_clk_i
  Path Type:              Hold (Min at Fast Process Corner)
  Requirement:            0.000ns  (host_clk_i rise@0.000ns - host_clk_i rise@0.000ns)
  Data Path Delay:        0.197ns  (logic 0.141ns (71.611%)  route 0.056ns (28.389%))
  Logic Levels:           0  
  Clock Path Skew:        0.013ns (DCD - SCD - CPR)
    Destination Clock Delay (DCD):    2.550ns
    Source Clock Delay      (SCD):    1.994ns
    Clock Pessimism Removal (CPR):    0.543ns

    Location             Delay type                Incr(ns)  Path(ns)    Netlist Resource(s)
  -------------------------------------------------------------------    -------------------
                         (clock host_clk_i rise edge)
                                                      0.000     0.000 r  
    H16                                               0.000     0.000 r  clk (IN)
                         net (fo=0)                   0.000     0.000    clk
    H16                  IBUF (Prop_ibuf_I_O)         0.219     0.219 r  ibufg_gclk/O
                         net (fo=1, routed)           0.440     0.659    gclk_i
    MMCME2_ADV_X1Y2      MMCME2_ADV (Prop_mmcme2_adv_CLKIN1_CLKOUT0)
                                                      0.050     0.709 r  MMCME2_BASE_inst/CLKOUT0
                         net (fo=1, routed)           0.696     1.405    host_clk_i
    BUFGCTRL_X0Y16       BUFG (Prop_bufg_I_O)         0.026     1.431 r  bufg_host_clk/O
                         net (fo=17600, routed)       0.563     1.994    top/teaching_board_top/target/harts_1/cpu/core/host_clk
    SLICE_X43Y0          FDRE                                         r  top/teaching_board_top/target/harts_1/cpu/core/ic_fill_pa_reg[16]/C
  -------------------------------------------------------------------    -------------------
    SLICE_X43Y0          FDRE (Prop_fdre_C_Q)         0.141     2.135 r  top/teaching_board_top/target/harts_1/cpu/core/ic_fill_pa_reg[16]/Q
                         net (fo=1, routed)           0.056     2.191    top/teaching_board_top/target/harts_1/cpu/core/icache/g_cache.tag_reg_0_63_6_8/DIA
    SLICE_X42Y0          RAMD64E                                      r  top/teaching_board_top/target/harts_1/cpu/core/icache/g_cache.tag_reg_0_63_6_8/RAMA/I
  -------------------------------------------------------------------    -------------------

                         (clock host_clk_i rise edge)
                                                      0.000     0.000 r  
    H16                                               0.000     0.000 r  clk (IN)
                         net (fo=0)                   0.000     0.000    clk
    H16                  IBUF (Prop_ibuf_I_O)         0.406     0.406 r  ibufg_gclk/O
                         net (fo=1, routed)           0.480     0.886    gclk_i
    MMCME2_ADV_X1Y2      MMCME2_ADV (Prop_mmcme2_adv_CLKIN1_CLKOUT0)
                                                      0.053     0.939 r  MMCME2_BASE_inst/CLKOUT0
                         net (fo=1, routed)           0.752     1.691    host_clk_i
    BUFGCTRL_X0Y16       BUFG (Prop_bufg_I_O)         0.029     1.720 r  bufg_host_clk/O
                         net (fo=17600, routed)       0.830     2.550    top/teaching_board_top/target/harts_1/cpu/core/icache/g_cache.tag_reg_0_63_6_8/WCLK
    SLICE_X42Y0          RAMD64E                                      r  top/teaching_board_top/target/harts_1/cpu/core/icache/g_cache.tag_reg_0_63_6_8/RAMA/CLK
                         clock pessimism             -0.543     2.007    
    SLICE_X42Y0          RAMD64E (Hold_ramd64e_CLK_I)
                                                      0.147     2.154    top/teaching_board_top/target/harts_1/cpu/core/icache/g_cache.tag_reg_0_63_6_8/RAMA
  -------------------------------------------------------------------
                         required time                         -2.154    
                         arrival time                           2.191    
  -------------------------------------------------------------------
                         slack                                  0.037    

Slack (MET) :             0.037ns  (arrival time - required time)
  Source:                 top/teaching_board_top/target/harts/cpu/core/ic_fill_data_reg[0]/C
                            (rising edge-triggered cell FDRE clocked by host_clk_i  {rise@0.000ns fall@12.500ns period=25.000ns})
  Destination:            top/teaching_board_top/target/harts/cpu/core/icache/g_cache.data_reg_0_63_0_2/RAMA/I
                            (rising edge-triggered cell RAMD64E clocked by host_clk_i  {rise@0.000ns fall@12.500ns period=25.000ns})
  Path Group:             host_clk_i
  Path Type:              Hold (Min at Fast Process Corner)
  Requirement:            0.000ns  (host_clk_i rise@0.000ns - host_clk_i rise@0.000ns)
  Data Path Delay:        0.197ns  (logic 0.141ns (71.611%)  route 0.056ns (28.389%))
  Logic Levels:           0  
  Clock Path Skew:        0.013ns (DCD - SCD - CPR)
    Destination Clock Delay (DCD):    2.544ns
    Source Clock Delay      (SCD):    1.987ns
    Clock Pessimism Removal (CPR):    0.544ns

    Location             Delay type                Incr(ns)  Path(ns)    Netlist Resource(s)
  -------------------------------------------------------------------    -------------------
                         (clock host_clk_i rise edge)
                                                      0.000     0.000 r  
    H16                                               0.000     0.000 r  clk (IN)
                         net (fo=0)                   0.000     0.000    clk
    H16                  IBUF (Prop_ibuf_I_O)         0.219     0.219 r  ibufg_gclk/O
                         net (fo=1, routed)           0.440     0.659    gclk_i
    MMCME2_ADV_X1Y2      MMCME2_ADV (Prop_mmcme2_adv_CLKIN1_CLKOUT0)
                                                      0.050     0.709 r  MMCME2_BASE_inst/CLKOUT0
                         net (fo=1, routed)           0.696     1.405    host_clk_i
    BUFGCTRL_X0Y16       BUFG (Prop_bufg_I_O)         0.026     1.431 r  bufg_host_clk/O
                         net (fo=17600, routed)       0.556     1.987    top/teaching_board_top/target/harts/cpu/core/host_clk
    SLICE_X43Y53         FDRE                                         r  top/teaching_board_top/target/harts/cpu/core/ic_fill_data_reg[0]/C
  -------------------------------------------------------------------    -------------------
    SLICE_X43Y53         FDRE (Prop_fdre_C_Q)         0.141     2.128 r  top/teaching_board_top/target/harts/cpu/core/ic_fill_data_reg[0]/Q
                         net (fo=1, routed)           0.056     2.184    top/teaching_board_top/target/harts/cpu/core/icache/g_cache.data_reg_0_63_0_2/DIA
    SLICE_X42Y53         RAMD64E                                      r  top/teaching_board_top/target/harts/cpu/core/icache/g_cache.data_reg_0_63_0_2/RAMA/I
  -------------------------------------------------------------------    -------------------

                         (clock host_clk_i rise edge)
                                                      0.000     0.000 r  
    H16                                               0.000     0.000 r  clk (IN)
                         net (fo=0)                   0.000     0.000    clk
    H16                  IBUF (Prop_ibuf_I_O)         0.406     0.406 r  ibufg_gclk/O
                         net (fo=1, routed)           0.480     0.886    gclk_i
    MMCME2_ADV_X1Y2      MMCME2_ADV (Prop_mmcme2_adv_CLKIN1_CLKOUT0)
                                                      0.053     0.939 r  MMCME2_BASE_inst/CLKOUT0
                         net (fo=1, routed)           0.752     1.691    host_clk_i
    BUFGCTRL_X0Y16       BUFG (Prop_bufg_I_O)         0.029     1.720 r  bufg_host_clk/O
                         net (fo=17600, routed)       0.824     2.544    top/teaching_board_top/target/harts/cpu/core/icache/g_cache.data_reg_0_63_0_2/WCLK
    SLICE_X42Y53         RAMD64E                                      r  top/teaching_board_top/target/harts/cpu/core/icache/g_cache.data_reg_0_63_0_2/RAMA/CLK
                         clock pessimism             -0.544     2.000    
    SLICE_X42Y53         RAMD64E (Hold_ramd64e_CLK_I)
                                                      0.147     2.147    top/teaching_board_top/target/harts/cpu/core/icache/g_cache.data_reg_0_63_0_2/RAMA
  -------------------------------------------------------------------
                         required time                         -2.147    
                         arrival time                           2.184    
  -------------------------------------------------------------------
                         slack                                  0.037    





Pulse Width Checks
--------------------------------------------------------------------------------------
Clock Name:         host_clk_i
Waveform(ns):       { 0.000 12.500 }
Period(ns):         25.000
Sources:            { MMCME2_BASE_inst/CLKOUT0 }

Check Type        Corner  Lib Pin             Reference Pin  Required(ns)  Actual(ns)  Slack(ns)  Location         Pin
Min Period        n/a     BUFG/I              n/a            2.155         25.000      22.845     BUFGCTRL_X0Y16   bufg_host_clk/I
Min Period        n/a     MMCME2_ADV/CLKOUT0  n/a            1.249         25.000      23.751     MMCME2_ADV_X1Y2  MMCME2_BASE_inst/CLKOUT0
Min Period        n/a     FDRE/C              n/a            1.000         25.000      24.000     SLICE_X15Y49     system_i/axi_interconnect_1/s00_couplers/auto_pc/inst/gen_axi4_axi3.axi3_conv_inst/USE_READ.USE_SPLIT_R.read_addr_inst/S_AXI_AADDR_Q_reg[0]/C
Min Period        n/a     FDRE/C              n/a            1.000         25.000      24.000     SLICE_X15Y45     system_i/axi_interconnect_1/s00_couplers/auto_pc/inst/gen_axi4_axi3.axi3_conv_inst/USE_READ.USE_SPLIT_R.read_addr_inst/S_AXI_AADDR_Q_reg[10]/C
Min Period        n/a     FDRE/C              n/a            1.000         25.000      24.000     SLICE_X19Y48     system_i/axi_interconnect_1/s00_couplers/auto_pc/inst/gen_axi4_axi3.axi3_conv_inst/USE_READ.USE_SPLIT_R.read_addr_inst/S_AXI_AADDR_Q_reg[11]/C
Min Period        n/a     FDRE/C              n/a            1.000         25.000      24.000     SLICE_X24Y49     system_i/axi_interconnect_1/s00_couplers/auto_pc/inst/gen_axi4_axi3.axi3_conv_inst/USE_READ.USE_SPLIT_R.read_addr_inst/S_AXI_AADDR_Q_reg[12]/C
Min Period        n/a     FDRE/C              n/a            1.000         25.000      24.000     SLICE_X19Y48     system_i/axi_interconnect_1/s00_couplers/auto_pc/inst/gen_axi4_axi3.axi3_conv_inst/USE_READ.USE_SPLIT_R.read_addr_inst/S_AXI_AADDR_Q_reg[13]/C
Min Period        n/a     FDRE/C              n/a            1.000         25.000      24.000     SLICE_X15Y49     system_i/axi_interconnect_1/s00_couplers/auto_pc/inst/gen_axi4_axi3.axi3_conv_inst/USE_READ.USE_SPLIT_R.read_addr_inst/S_AXI_AADDR_Q_reg[14]/C
Min Period        n/a     FDRE/C              n/a            1.000         25.000      24.000     SLICE_X18Y49     system_i/axi_interconnect_1/s00_couplers/auto_pc/inst/gen_axi4_axi3.axi3_conv_inst/USE_READ.USE_SPLIT_R.read_addr_inst/S_AXI_AADDR_Q_reg[15]/C
Min Period        n/a     FDRE/C              n/a            1.000         25.000      24.000     SLICE_X12Y49     system_i/axi_interconnect_1/s00_couplers/auto_pc/inst/gen_axi4_axi3.axi3_conv_inst/USE_READ.USE_SPLIT_R.read_addr_inst/S_AXI_AADDR_Q_reg[16]/C
Max Period        n/a     MMCME2_ADV/CLKOUT0  n/a            213.360       25.000      188.360    MMCME2_ADV_X1Y2  MMCME2_BASE_inst/CLKOUT0
Low Pulse Width   Slow    RAMD32/CLK          n/a            1.250         12.500      11.250     SLICE_X2Y44      rocketchip_wrapper/system/system_axi_interconnect_1_0/s00_couplers_imp_8CNLH6/system_axi_interconnect_1_imp_auto_pc_0/system_axi_interconnect_1_imp_auto_pc_0_axi_protocol_converter_v2_1_37_axi_protocol_converter/system_axi_interconnect_1_imp_auto_pc_0_axi_protocol_converter_v2_1_37_axi3_conv/system_axi_interconnect_1_imp_auto_pc_0_axi_protocol_converter_v2_1_37_a_axi3_conv__parameterized0/system_axi_interconnect_1_imp_auto_pc_0_axi_data_fifo_v2_1_36_axic_fifo__parameterized1/system_axi_interconnect_1_imp_auto_pc_0_axi_data_fifo_v2_1_36_fifo_gen__parameterized1/<hidden>/<hidden>/<hidden>/<hidden>/<hidden>/<hidden>/<hidden>
Low Pulse Width   Fast    RAMD32/CLK          n/a            1.250         12.500      11.250     SLICE_X2Y44      rocketchip_wrapper/system/system_axi_interconnect_1_0/s00_couplers_imp_8CNLH6/system_axi_interconnect_1_imp_auto_pc_0/system_axi_interconnect_1_imp_auto_pc_0_axi_protocol_converter_v2_1_37_axi_protocol_converter/system_axi_interconnect_1_imp_auto_pc_0_axi_protocol_converter_v2_1_37_axi3_conv/system_axi_interconnect_1_imp_auto_pc_0_axi_protocol_converter_v2_1_37_a_axi3_conv__parameterized0/system_axi_interconnect_1_imp_auto_pc_0_axi_data_fifo_v2_1_36_axic_fifo__parameterized1/system_axi_interconnect_1_imp_auto_pc_0_axi_data_fifo_v2_1_36_fifo_gen__parameterized1/<hidden>/<hidden>/<hidden>/<hidden>/<hidden>/<hidden>/<hidden>
Low Pulse Width   Slow    RAMD32/CLK          n/a            1.250         12.500      11.250     SLICE_X2Y44      rocketchip_wrapper/system/system_axi_interconnect_1_0/s00_couplers_imp_8CNLH6/system_axi_interconnect_1_imp_auto_pc_0/system_axi_interconnect_1_imp_auto_pc_0_axi_protocol_converter_v2_1_37_axi_protocol_converter/system_axi_interconnect_1_imp_auto_pc_0_axi_protocol_converter_v2_1_37_axi3_conv/system_axi_interconnect_1_imp_auto_pc_0_axi_protocol_converter_v2_1_37_a_axi3_conv__parameterized0/system_axi_interconnect_1_imp_auto_pc_0_axi_data_fifo_v2_1_36_axic_fifo__parameterized1/system_axi_interconnect_1_imp_auto_pc_0_axi_data_fifo_v2_1_36_fifo_gen__parameterized1/<hidden>/<hidden>/<hidden>/<hidden>/<hidden>/<hidden>/<hidden>
Low Pulse Width   Fast    RAMD32/CLK          n/a            1.250         12.500      11.250     SLICE_X2Y44      rocketchip_wrapper/system/system_axi_interconnect_1_0/s00_couplers_imp_8CNLH6/system_axi_interconnect_1_imp_auto_pc_0/system_axi_interconnect_1_imp_auto_pc_0_axi_protocol_converter_v2_1_37_axi_protocol_converter/system_axi_interconnect_1_imp_auto_pc_0_axi_protocol_converter_v2_1_37_axi3_conv/system_axi_interconnect_1_imp_auto_pc_0_axi_protocol_converter_v2_1_37_a_axi3_conv__parameterized0/system_axi_interconnect_1_imp_auto_pc_0_axi_data_fifo_v2_1_36_axic_fifo__parameterized1/system_axi_interconnect_1_imp_auto_pc_0_axi_data_fifo_v2_1_36_fifo_gen__parameterized1/<hidden>/<hidden>/<hidden>/<hidden>/<hidden>/<hidden>/<hidden>
Low Pulse Width   Slow    RAMD32/CLK          n/a            1.250         12.500      11.250     SLICE_X20Y49     rocketchip_wrapper/system/system_axi_interconnect_1_0/s00_couplers_imp_8CNLH6/system_axi_interconnect_1_imp_auto_pc_0/system_axi_interconnect_1_imp_auto_pc_0_axi_protocol_converter_v2_1_37_axi_protocol_converter/system_axi_interconnect_1_imp_auto_pc_0_axi_protocol_converter_v2_1_37_axi3_conv/system_axi_interconnect_1_imp_auto_pc_0_axi_protocol_converter_v2_1_37_a_axi3_conv/system_axi_interconnect_1_imp_auto_pc_0_axi_data_fifo_v2_1_36_axic_fifo/system_axi_interconnect_1_imp_auto_pc_0_axi_data_fifo_v2_1_36_fifo_gen/<hidden>/<hidden>/<hidden>/<hidden>/<hidden>/<hidden>/<hidden>
Low Pulse Width   Fast    RAMD32/CLK          n/a            1.250         12.500      11.250     SLICE_X20Y49     rocketchip_wrapper/system/system_axi_interconnect_1_0/s00_couplers_imp_8CNLH6/system_axi_interconnect_1_imp_auto_pc_0/system_axi_interconnect_1_imp_auto_pc_0_axi_protocol_converter_v2_1_37_axi_protocol_converter/system_axi_interconnect_1_imp_auto_pc_0_axi_protocol_converter_v2_1_37_axi3_conv/system_axi_interconnect_1_imp_auto_pc_0_axi_protocol_converter_v2_1_37_a_axi3_conv/system_axi_interconnect_1_imp_auto_pc_0_axi_data_fifo_v2_1_36_axic_fifo/system_axi_interconnect_1_imp_auto_pc_0_axi_data_fifo_v2_1_36_fifo_gen/<hidden>/<hidden>/<hidden>/<hidden>/<hidden>/<hidden>/<hidden>
Low Pulse Width   Slow    RAMD32/CLK          n/a            1.250         12.500      11.250     SLICE_X20Y49     rocketchip_wrapper/system/system_axi_interconnect_1_0/s00_couplers_imp_8CNLH6/system_axi_interconnect_1_imp_auto_pc_0/system_axi_interconnect_1_imp_auto_pc_0_axi_protocol_converter_v2_1_37_axi_protocol_converter/system_axi_interconnect_1_imp_auto_pc_0_axi_protocol_converter_v2_1_37_axi3_conv/system_axi_interconnect_1_imp_auto_pc_0_axi_protocol_converter_v2_1_37_a_axi3_conv/system_axi_interconnect_1_imp_auto_pc_0_axi_data_fifo_v2_1_36_axic_fifo/system_axi_interconnect_1_imp_auto_pc_0_axi_data_fifo_v2_1_36_fifo_gen/<hidden>/<hidden>/<hidden>/<hidden>/<hidden>/<hidden>/<hidden>
Low Pulse Width   Fast    RAMD32/CLK          n/a            1.250         12.500      11.250     SLICE_X20Y49     rocketchip_wrapper/system/system_axi_interconnect_1_0/s00_couplers_imp_8CNLH6/system_axi_interconnect_1_imp_auto_pc_0/system_axi_interconnect_1_imp_auto_pc_0_axi_protocol_converter_v2_1_37_axi_protocol_converter/system_axi_interconnect_1_imp_auto_pc_0_axi_protocol_converter_v2_1_37_axi3_conv/system_axi_interconnect_1_imp_auto_pc_0_axi_protocol_converter_v2_1_37_a_axi3_conv/system_axi_interconnect_1_imp_auto_pc_0_axi_data_fifo_v2_1_36_axic_fifo/system_axi_interconnect_1_imp_auto_pc_0_axi_data_fifo_v2_1_36_fifo_gen/<hidden>/<hidden>/<hidden>/<hidden>/<hidden>/<hidden>/<hidden>
Low Pulse Width   Slow    RAMD32/CLK          n/a            1.250         12.500      11.250     SLICE_X20Y49     rocketchip_wrapper/system/system_axi_interconnect_1_0/s00_couplers_imp_8CNLH6/system_axi_interconnect_1_imp_auto_pc_0/system_axi_interconnect_1_imp_auto_pc_0_axi_protocol_converter_v2_1_37_axi_protocol_converter/system_axi_interconnect_1_imp_auto_pc_0_axi_protocol_converter_v2_1_37_axi3_conv/system_axi_interconnect_1_imp_auto_pc_0_axi_protocol_converter_v2_1_37_a_axi3_conv/system_axi_interconnect_1_imp_auto_pc_0_axi_data_fifo_v2_1_36_axic_fifo/system_axi_interconnect_1_imp_auto_pc_0_axi_data_fifo_v2_1_36_fifo_gen/<hidden>/<hidden>/<hidden>/<hidden>/<hidden>/<hidden>/<hidden>
Low Pulse Width   Fast    RAMD32/CLK          n/a            1.250         12.500      11.250     SLICE_X20Y49     rocketchip_wrapper/system/system_axi_interconnect_1_0/s00_couplers_imp_8CNLH6/system_axi_interconnect_1_imp_auto_pc_0/system_axi_interconnect_1_imp_auto_pc_0_axi_protocol_converter_v2_1_37_axi_protocol_converter/system_axi_interconnect_1_imp_auto_pc_0_axi_protocol_converter_v2_1_37_axi3_conv/system_axi_interconnect_1_imp_auto_pc_0_axi_protocol_converter_v2_1_37_a_axi3_conv/system_axi_interconnect_1_imp_auto_pc_0_axi_data_fifo_v2_1_36_axic_fifo/system_axi_interconnect_1_imp_auto_pc_0_axi_data_fifo_v2_1_36_fifo_gen/<hidden>/<hidden>/<hidden>/<hidden>/<hidden>/<hidden>/<hidden>
High Pulse Width  Slow    RAMD32/CLK          n/a            1.250         12.500      11.250     SLICE_X2Y44      rocketchip_wrapper/system/system_axi_interconnect_1_0/s00_couplers_imp_8CNLH6/system_axi_interconnect_1_imp_auto_pc_0/system_axi_interconnect_1_imp_auto_pc_0_axi_protocol_converter_v2_1_37_axi_protocol_converter/system_axi_interconnect_1_imp_auto_pc_0_axi_protocol_converter_v2_1_37_axi3_conv/system_axi_interconnect_1_imp_auto_pc_0_axi_protocol_converter_v2_1_37_a_axi3_conv__parameterized0/system_axi_interconnect_1_imp_auto_pc_0_axi_data_fifo_v2_1_36_axic_fifo__parameterized1/system_axi_interconnect_1_imp_auto_pc_0_axi_data_fifo_v2_1_36_fifo_gen__parameterized1/<hidden>/<hidden>/<hidden>/<hidden>/<hidden>/<hidden>/<hidden>
High Pulse Width  Fast    RAMD32/CLK          n/a            1.250         12.500      11.250     SLICE_X2Y44      rocketchip_wrapper/system/system_axi_interconnect_1_0/s00_couplers_imp_8CNLH6/system_axi_interconnect_1_imp_auto_pc_0/system_axi_interconnect_1_imp_auto_pc_0_axi_protocol_converter_v2_1_37_axi_protocol_converter/system_axi_interconnect_1_imp_auto_pc_0_axi_protocol_converter_v2_1_37_axi3_conv/system_axi_interconnect_1_imp_auto_pc_0_axi_protocol_converter_v2_1_37_a_axi3_conv__parameterized0/system_axi_interconnect_1_imp_auto_pc_0_axi_data_fifo_v2_1_36_axic_fifo__parameterized1/system_axi_interconnect_1_imp_auto_pc_0_axi_data_fifo_v2_1_36_fifo_gen__parameterized1/<hidden>/<hidden>/<hidden>/<hidden>/<hidden>/<hidden>/<hidden>
High Pulse Width  Slow    RAMD32/CLK          n/a            1.250         12.500      11.250     SLICE_X2Y44      rocketchip_wrapper/system/system_axi_interconnect_1_0/s00_couplers_imp_8CNLH6/system_axi_interconnect_1_imp_auto_pc_0/system_axi_interconnect_1_imp_auto_pc_0_axi_protocol_converter_v2_1_37_axi_protocol_converter/system_axi_interconnect_1_imp_auto_pc_0_axi_protocol_converter_v2_1_37_axi3_conv/system_axi_interconnect_1_imp_auto_pc_0_axi_protocol_converter_v2_1_37_a_axi3_conv__parameterized0/system_axi_interconnect_1_imp_auto_pc_0_axi_data_fifo_v2_1_36_axic_fifo__parameterized1/system_axi_interconnect_1_imp_auto_pc_0_axi_data_fifo_v2_1_36_fifo_gen__parameterized1/<hidden>/<hidden>/<hidden>/<hidden>/<hidden>/<hidden>/<hidden>
High Pulse Width  Fast    RAMD32/CLK          n/a            1.250         12.500      11.250     SLICE_X2Y44      rocketchip_wrapper/system/system_axi_interconnect_1_0/s00_couplers_imp_8CNLH6/system_axi_interconnect_1_imp_auto_pc_0/system_axi_interconnect_1_imp_auto_pc_0_axi_protocol_converter_v2_1_37_axi_protocol_converter/system_axi_interconnect_1_imp_auto_pc_0_axi_protocol_converter_v2_1_37_axi3_conv/system_axi_interconnect_1_imp_auto_pc_0_axi_protocol_converter_v2_1_37_a_axi3_conv__parameterized0/system_axi_interconnect_1_imp_auto_pc_0_axi_data_fifo_v2_1_36_axic_fifo__parameterized1/system_axi_interconnect_1_imp_auto_pc_0_axi_data_fifo_v2_1_36_fifo_gen__parameterized1/<hidden>/<hidden>/<hidden>/<hidden>/<hidden>/<hidden>/<hidden>
High Pulse Width  Slow    RAMD32/CLK          n/a            1.250         12.500      11.250     SLICE_X20Y49     rocketchip_wrapper/system/system_axi_interconnect_1_0/s00_couplers_imp_8CNLH6/system_axi_interconnect_1_imp_auto_pc_0/system_axi_interconnect_1_imp_auto_pc_0_axi_protocol_converter_v2_1_37_axi_protocol_converter/system_axi_interconnect_1_imp_auto_pc_0_axi_protocol_converter_v2_1_37_axi3_conv/system_axi_interconnect_1_imp_auto_pc_0_axi_protocol_converter_v2_1_37_a_axi3_conv/system_axi_interconnect_1_imp_auto_pc_0_axi_data_fifo_v2_1_36_axic_fifo/system_axi_interconnect_1_imp_auto_pc_0_axi_data_fifo_v2_1_36_fifo_gen/<hidden>/<hidden>/<hidden>/<hidden>/<hidden>/<hidden>/<hidden>
High Pulse Width  Fast    RAMD32/CLK          n/a            1.250         12.500      11.250     SLICE_X20Y49     rocketchip_wrapper/system/system_axi_interconnect_1_0/s00_couplers_imp_8CNLH6/system_axi_interconnect_1_imp_auto_pc_0/system_axi_interconnect_1_imp_auto_pc_0_axi_protocol_converter_v2_1_37_axi_protocol_converter/system_axi_interconnect_1_imp_auto_pc_0_axi_protocol_converter_v2_1_37_axi3_conv/system_axi_interconnect_1_imp_auto_pc_0_axi_protocol_converter_v2_1_37_a_axi3_conv/system_axi_interconnect_1_imp_auto_pc_0_axi_data_fifo_v2_1_36_axic_fifo/system_axi_interconnect_1_imp_auto_pc_0_axi_data_fifo_v2_1_36_fifo_gen/<hidden>/<hidden>/<hidden>/<hidden>/<hidden>/<hidden>/<hidden>
High Pulse Width  Slow    RAMD32/CLK          n/a            1.250         12.500      11.250     SLICE_X20Y49     rocketchip_wrapper/system/system_axi_interconnect_1_0/s00_couplers_imp_8CNLH6/system_axi_interconnect_1_imp_auto_pc_0/system_axi_interconnect_1_imp_auto_pc_0_axi_protocol_converter_v2_1_37_axi_protocol_converter/system_axi_interconnect_1_imp_auto_pc_0_axi_protocol_converter_v2_1_37_axi3_conv/system_axi_interconnect_1_imp_auto_pc_0_axi_protocol_converter_v2_1_37_a_axi3_conv/system_axi_interconnect_1_imp_auto_pc_0_axi_data_fifo_v2_1_36_axic_fifo/system_axi_interconnect_1_imp_auto_pc_0_axi_data_fifo_v2_1_36_fifo_gen/<hidden>/<hidden>/<hidden>/<hidden>/<hidden>/<hidden>/<hidden>
High Pulse Width  Fast    RAMD32/CLK          n/a            1.250         12.500      11.250     SLICE_X20Y49     rocketchip_wrapper/system/system_axi_interconnect_1_0/s00_couplers_imp_8CNLH6/system_axi_interconnect_1_imp_auto_pc_0/system_axi_interconnect_1_imp_auto_pc_0_axi_protocol_converter_v2_1_37_axi_protocol_converter/system_axi_interconnect_1_imp_auto_pc_0_axi_protocol_converter_v2_1_37_axi3_conv/system_axi_interconnect_1_imp_auto_pc_0_axi_protocol_converter_v2_1_37_a_axi3_conv/system_axi_interconnect_1_imp_auto_pc_0_axi_data_fifo_v2_1_36_axic_fifo/system_axi_interconnect_1_imp_auto_pc_0_axi_data_fifo_v2_1_36_fifo_gen/<hidden>/<hidden>/<hidden>/<hidden>/<hidden>/<hidden>/<hidden>
High Pulse Width  Slow    RAMD32/CLK          n/a            1.250         12.500      11.250     SLICE_X20Y49     rocketchip_wrapper/system/system_axi_interconnect_1_0/s00_couplers_imp_8CNLH6/system_axi_interconnect_1_imp_auto_pc_0/system_axi_interconnect_1_imp_auto_pc_0_axi_protocol_converter_v2_1_37_axi_protocol_converter/system_axi_interconnect_1_imp_auto_pc_0_axi_protocol_converter_v2_1_37_axi3_conv/system_axi_interconnect_1_imp_auto_pc_0_axi_protocol_converter_v2_1_37_a_axi3_conv/system_axi_interconnect_1_imp_auto_pc_0_axi_data_fifo_v2_1_36_axic_fifo/system_axi_interconnect_1_imp_auto_pc_0_axi_data_fifo_v2_1_36_fifo_gen/<hidden>/<hidden>/<hidden>/<hidden>/<hidden>/<hidden>/<hidden>
High Pulse Width  Fast    RAMD32/CLK          n/a            1.250         12.500      11.250     SLICE_X20Y49     rocketchip_wrapper/system/system_axi_interconnect_1_0/s00_couplers_imp_8CNLH6/system_axi_interconnect_1_imp_auto_pc_0/system_axi_interconnect_1_imp_auto_pc_0_axi_protocol_converter_v2_1_37_axi_protocol_converter/system_axi_interconnect_1_imp_auto_pc_0_axi_protocol_converter_v2_1_37_axi3_conv/system_axi_interconnect_1_imp_auto_pc_0_axi_protocol_converter_v2_1_37_a_axi3_conv/system_axi_interconnect_1_imp_auto_pc_0_axi_data_fifo_v2_1_36_axic_fifo/system_axi_interconnect_1_imp_auto_pc_0_axi_data_fifo_v2_1_36_fifo_gen/<hidden>/<hidden>/<hidden>/<hidden>/<hidden>/<hidden>/<hidden>



---------------------------------------------------------------------------------------------------
Path Group:  **async_default**
From Clock:  host_clk_i
  To Clock:  host_clk_i

Setup :            0  Failing Endpoints,  Worst Slack       21.752ns,  Total Violation        0.000ns
Hold  :            0  Failing Endpoints,  Worst Slack        0.432ns,  Total Violation        0.000ns
---------------------------------------------------------------------------------------------------


Max Delay Paths
--------------------------------------------------------------------------------------
Slack (MET) :             21.752ns  (required time - arrival time)
  Source:                 rocketchip_wrapper/system/system_axi_interconnect_1_0/s00_couplers_imp_8CNLH6/system_axi_interconnect_1_imp_auto_pc_0/system_axi_interconnect_1_imp_auto_pc_0_axi_protocol_converter_v2_1_37_axi_protocol_converter/system_axi_interconnect_1_imp_auto_pc_0_axi_protocol_converter_v2_1_37_axi3_conv/system_axi_interconnect_1_imp_auto_pc_0_axi_protocol_converter_v2_1_37_a_axi3_conv/system_axi_interconnect_1_imp_auto_pc_0_axi_data_fifo_v2_1_36_axic_fifo/system_axi_interconnect_1_imp_auto_pc_0_axi_data_fifo_v2_1_36_fifo_gen/<hidden>/<hidden>/<hidden>/<hidden>/<hidden>/<hidden>
                            (rising edge-triggered cell FDPE clocked by host_clk_i  {rise@0.000ns fall@12.500ns period=25.000ns})
  Destination:            rocketchip_wrapper/system/system_axi_interconnect_1_0/s00_couplers_imp_8CNLH6/system_axi_interconnect_1_imp_auto_pc_0/system_axi_interconnect_1_imp_auto_pc_0_axi_protocol_converter_v2_1_37_axi_protocol_converter/system_axi_interconnect_1_imp_auto_pc_0_axi_protocol_converter_v2_1_37_axi3_conv/system_axi_interconnect_1_imp_auto_pc_0_axi_protocol_converter_v2_1_37_a_axi3_conv/system_axi_interconnect_1_imp_auto_pc_0_axi_data_fifo_v2_1_36_axic_fifo/system_axi_interconnect_1_imp_auto_pc_0_axi_data_fifo_v2_1_36_fifo_gen/<hidden>/<hidden>/<hidden>/<hidden>/<hidden>/<hidden>
                            (recovery check against rising-edge clock host_clk_i  {rise@0.000ns fall@12.500ns period=25.000ns})
  Path Group:             **async_default**
  Path Type:              Recovery (Max at Slow Process Corner)
  Requirement:            25.000ns  (host_clk_i rise@25.000ns - host_clk_i rise@0.000ns)
  Data Path Delay:        2.700ns  (logic 0.718ns (26.596%)  route 1.982ns (73.404%))
  Logic Levels:           1  (LUT3=1)
  Clock Path Skew:        -0.062ns (DCD - SCD + CPR)
    Destination Clock Delay (DCD):    6.301ns = ( 31.301 - 25.000 ) 
    Source Clock Delay      (SCD):    6.880ns
    Clock Pessimism Removal (CPR):    0.517ns
  Clock Uncertainty:      0.082ns  ((TSJ^2 + DJ^2)^1/2) / 2 + PE
    Total System Jitter     (TSJ):    0.071ns
    Discrete Jitter          (DJ):    0.147ns
    Phase Error              (PE):    0.000ns

    Location             Delay type                Incr(ns)  Path(ns)    Netlist Resource(s)
  -------------------------------------------------------------------    -------------------
                         (clock host_clk_i rise edge)
                                                      0.000     0.000 r  
    H16                                               0.000     0.000 r  clk (IN)
                         net (fo=0)                   0.000     0.000    clk
    H16                  IBUF (Prop_ibuf_I_O)         1.451     1.451 r  ibufg_gclk/O
                         net (fo=1, routed)           1.285     2.736    gclk_i
    MMCME2_ADV_X1Y2      MMCME2_ADV (Prop_mmcme2_adv_CLKIN1_CLKOUT0)
                                                      0.088     2.824 r  MMCME2_BASE_inst/CLKOUT0
                         net (fo=1, routed)           2.206     5.030    host_clk_i
    BUFGCTRL_X0Y16       BUFG (Prop_bufg_I_O)         0.101     5.131 r  bufg_host_clk/O
                         net (fo=17600, routed)       1.749     6.880    rocketchip_wrapper/system/system_axi_interconnect_1_0/s00_couplers_imp_8CNLH6/system_axi_interconnect_1_imp_auto_pc_0/system_axi_interconnect_1_imp_auto_pc_0_axi_protocol_converter_v2_1_37_axi_protocol_converter/system_axi_interconnect_1_imp_auto_pc_0_axi_protocol_converter_v2_1_37_axi3_conv/system_axi_interconnect_1_imp_auto_pc_0_axi_protocol_converter_v2_1_37_a_axi3_conv/system_axi_interconnect_1_imp_auto_pc_0_axi_data_fifo_v2_1_36_axic_fifo/system_axi_interconnect_1_imp_auto_pc_0_axi_data_fifo_v2_1_36_fifo_gen/<hidden>/<hidden>/<hidden>/<hidden>/<hidden>/<hidden>
    SLICE_X27Y46         FDPE                                         r  rocketchip_wrapper/system/system_axi_interconnect_1_0/s00_couplers_imp_8CNLH6/system_axi_interconnect_1_imp_auto_pc_0/system_axi_interconnect_1_imp_auto_pc_0_axi_protocol_converter_v2_1_37_axi_protocol_converter/system_axi_interconnect_1_imp_auto_pc_0_axi_protocol_converter_v2_1_37_axi3_conv/system_axi_interconnect_1_imp_auto_pc_0_axi_protocol_converter_v2_1_37_a_axi3_conv/system_axi_interconnect_1_imp_auto_pc_0_axi_data_fifo_v2_1_36_axic_fifo/system_axi_interconnect_1_imp_auto_pc_0_axi_data_fifo_v2_1_36_fifo_gen/<hidden>/<hidden>/<hidden>/<hidden>/<hidden>/<hidden>
  -------------------------------------------------------------------    -------------------
    SLICE_X27Y46         FDPE (Prop_fdpe_C_Q)         0.419     7.299 f  rocketchip_wrapper/system/system_axi_interconnect_1_0/s00_couplers_imp_8CNLH6/system_axi_interconnect_1_imp_auto_pc_0/system_axi_interconnect_1_imp_auto_pc_0_axi_protocol_converter_v2_1_37_axi_protocol_converter/system_axi_interconnect_1_imp_auto_pc_0_axi_protocol_converter_v2_1_37_axi3_conv/system_axi_interconnect_1_imp_auto_pc_0_axi_protocol_converter_v2_1_37_a_axi3_conv/system_axi_interconnect_1_imp_auto_pc_0_axi_data_fifo_v2_1_36_axic_fifo/system_axi_interconnect_1_imp_auto_pc_0_axi_data_fifo_v2_1_36_fifo_gen/<hidden>/<hidden>/<hidden>/<hidden>/<hidden>/<hidden>
                         net (fo=3, routed)           1.144     8.443    rocketchip_wrapper/system/system_axi_interconnect_1_0/s00_couplers_imp_8CNLH6/system_axi_interconnect_1_imp_auto_pc_0/system_axi_interconnect_1_imp_auto_pc_0_axi_protocol_converter_v2_1_37_axi_protocol_converter/system_axi_interconnect_1_imp_auto_pc_0_axi_protocol_converter_v2_1_37_axi3_conv/system_axi_interconnect_1_imp_auto_pc_0_axi_protocol_converter_v2_1_37_a_axi3_conv/system_axi_interconnect_1_imp_auto_pc_0_axi_data_fifo_v2_1_36_axic_fifo/system_axi_interconnect_1_imp_auto_pc_0_axi_data_fifo_v2_1_36_fifo_gen/<hidden>/<hidden>/<hidden>/<hidden>/<hidden>
    SLICE_X26Y51         LUT3 (Prop_lut3_I2_O)        0.299     8.742 f  rocketchip_wrapper/system/system_axi_interconnect_1_0/s00_couplers_imp_8CNLH6/system_axi_interconnect_1_imp_auto_pc_0/system_axi_interconnect_1_imp_auto_pc_0_axi_protocol_converter_v2_1_37_axi_protocol_converter/system_axi_interconnect_1_imp_auto_pc_0_axi_protocol_converter_v2_1_37_axi3_conv/system_axi_interconnect_1_imp_auto_pc_0_axi_protocol_converter_v2_1_37_a_axi3_conv/system_axi_interconnect_1_imp_auto_pc_0_axi_data_fifo_v2_1_36_axic_fifo/system_axi_interconnect_1_imp_auto_pc_0_axi_data_fifo_v2_1_36_fifo_gen/<hidden>/<hidden>/<hidden>/<hidden>/<hidden>
                         net (fo=32, routed)          0.837     9.579    rocketchip_wrapper/system/system_axi_interconnect_1_0/s00_couplers_imp_8CNLH6/system_axi_interconnect_1_imp_auto_pc_0/system_axi_interconnect_1_imp_auto_pc_0_axi_protocol_converter_v2_1_37_axi_protocol_converter/system_axi_interconnect_1_imp_auto_pc_0_axi_protocol_converter_v2_1_37_axi3_conv/system_axi_interconnect_1_imp_auto_pc_0_axi_protocol_converter_v2_1_37_a_axi3_conv/system_axi_interconnect_1_imp_auto_pc_0_axi_data_fifo_v2_1_36_axic_fifo/system_axi_interconnect_1_imp_auto_pc_0_axi_data_fifo_v2_1_36_fifo_gen/<hidden>/<hidden>/<hidden>/<hidden>/<hidden>/<hidden>
    SLICE_X28Y48         FDCE                                         f  rocketchip_wrapper/system/system_axi_interconnect_1_0/s00_couplers_imp_8CNLH6/system_axi_interconnect_1_imp_auto_pc_0/system_axi_interconnect_1_imp_auto_pc_0_axi_protocol_converter_v2_1_37_axi_protocol_converter/system_axi_interconnect_1_imp_auto_pc_0_axi_protocol_converter_v2_1_37_axi3_conv/system_axi_interconnect_1_imp_auto_pc_0_axi_protocol_converter_v2_1_37_a_axi3_conv/system_axi_interconnect_1_imp_auto_pc_0_axi_data_fifo_v2_1_36_axic_fifo/system_axi_interconnect_1_imp_auto_pc_0_axi_data_fifo_v2_1_36_fifo_gen/<hidden>/<hidden>/<hidden>/<hidden>/<hidden>/<hidden>
  -------------------------------------------------------------------    -------------------

                         (clock host_clk_i rise edge)
                                                     25.000    25.000 r  
    H16                                               0.000    25.000 r  clk (IN)
                         net (fo=0)                   0.000    25.000    clk
    H16                  IBUF (Prop_ibuf_I_O)         1.380    26.380 r  ibufg_gclk/O
                         net (fo=1, routed)           1.162    27.542    gclk_i
    MMCME2_ADV_X1Y2      MMCME2_ADV (Prop_mmcme2_adv_CLKIN1_CLKOUT0)
                                                      0.083    27.625 r  MMCME2_BASE_inst/CLKOUT0
                         net (fo=1, routed)           2.012    29.637    host_clk_i
    BUFGCTRL_X0Y16       BUFG (Prop_bufg_I_O)         0.091    29.728 r  bufg_host_clk/O
                         net (fo=17600, routed)       1.572    31.301    rocketchip_wrapper/system/system_axi_interconnect_1_0/s00_couplers_imp_8CNLH6/system_axi_interconnect_1_imp_auto_pc_0/system_axi_interconnect_1_imp_auto_pc_0_axi_protocol_converter_v2_1_37_axi_protocol_converter/system_axi_interconnect_1_imp_auto_pc_0_axi_protocol_converter_v2_1_37_axi3_conv/system_axi_interconnect_1_imp_auto_pc_0_axi_protocol_converter_v2_1_37_a_axi3_conv/system_axi_interconnect_1_imp_auto_pc_0_axi_data_fifo_v2_1_36_axic_fifo/system_axi_interconnect_1_imp_auto_pc_0_axi_data_fifo_v2_1_36_fifo_gen/<hidden>/<hidden>/<hidden>/<hidden>/<hidden>/<hidden>
    SLICE_X28Y48         FDCE                                         r  rocketchip_wrapper/system/system_axi_interconnect_1_0/s00_couplers_imp_8CNLH6/system_axi_interconnect_1_imp_auto_pc_0/system_axi_interconnect_1_imp_auto_pc_0_axi_protocol_converter_v2_1_37_axi_protocol_converter/system_axi_interconnect_1_imp_auto_pc_0_axi_protocol_converter_v2_1_37_axi3_conv/system_axi_interconnect_1_imp_auto_pc_0_axi_protocol_converter_v2_1_37_a_axi3_conv/system_axi_interconnect_1_imp_auto_pc_0_axi_data_fifo_v2_1_36_axic_fifo/system_axi_interconnect_1_imp_auto_pc_0_axi_data_fifo_v2_1_36_fifo_gen/<hidden>/<hidden>/<hidden>/<hidden>/<hidden>/<hidden>
                         clock pessimism              0.517    31.818    
                         clock uncertainty           -0.082    31.736    
    SLICE_X28Y48         FDCE (Recov_fdce_C_CLR)     -0.405    31.331    rocketchip_wrapper/system/system_axi_interconnect_1_0/s00_couplers_imp_8CNLH6/system_axi_interconnect_1_imp_auto_pc_0/system_axi_interconnect_1_imp_auto_pc_0_axi_protocol_converter_v2_1_37_axi_protocol_converter/system_axi_interconnect_1_imp_auto_pc_0_axi_protocol_converter_v2_1_37_axi3_conv/system_axi_interconnect_1_imp_auto_pc_0_axi_protocol_converter_v2_1_37_a_axi3_conv/system_axi_interconnect_1_imp_auto_pc_0_axi_data_fifo_v2_1_36_axic_fifo/system_axi_interconnect_1_imp_auto_pc_0_axi_data_fifo_v2_1_36_fifo_gen/<hidden>/<hidden>/<hidden>/<hidden>/<hidden>/<hidden>
  -------------------------------------------------------------------
                         required time                         31.331    
                         arrival time                          -9.579    
  -------------------------------------------------------------------
                         slack                                 21.752    

Slack (MET) :             21.752ns  (required time - arrival time)
  Source:                 rocketchip_wrapper/system/system_axi_interconnect_1_0/s00_couplers_imp_8CNLH6/system_axi_interconnect_1_imp_auto_pc_0/system_axi_interconnect_1_imp_auto_pc_0_axi_protocol_converter_v2_1_37_axi_protocol_converter/system_axi_interconnect_1_imp_auto_pc_0_axi_protocol_converter_v2_1_37_axi3_conv/system_axi_interconnect_1_imp_auto_pc_0_axi_protocol_converter_v2_1_37_a_axi3_conv/system_axi_interconnect_1_imp_auto_pc_0_axi_data_fifo_v2_1_36_axic_fifo/system_axi_interconnect_1_imp_auto_pc_0_axi_data_fifo_v2_1_36_fifo_gen/<hidden>/<hidden>/<hidden>/<hidden>/<hidden>/<hidden>
                            (rising edge-triggered cell FDPE clocked by host_clk_i  {rise@0.000ns fall@12.500ns period=25.000ns})
  Destination:            rocketchip_wrapper/system/system_axi_interconnect_1_0/s00_couplers_imp_8CNLH6/system_axi_interconnect_1_imp_auto_pc_0/system_axi_interconnect_1_imp_auto_pc_0_axi_protocol_converter_v2_1_37_axi_protocol_converter/system_axi_interconnect_1_imp_auto_pc_0_axi_protocol_converter_v2_1_37_axi3_conv/system_axi_interconnect_1_imp_auto_pc_0_axi_protocol_converter_v2_1_37_a_axi3_conv/system_axi_interconnect_1_imp_auto_pc_0_axi_data_fifo_v2_1_36_axic_fifo/system_axi_interconnect_1_imp_auto_pc_0_axi_data_fifo_v2_1_36_fifo_gen/<hidden>/<hidden>/<hidden>/<hidden>/<hidden>/<hidden>
                            (recovery check against rising-edge clock host_clk_i  {rise@0.000ns fall@12.500ns period=25.000ns})
  Path Group:             **async_default**
  Path Type:              Recovery (Max at Slow Process Corner)
  Requirement:            25.000ns  (host_clk_i rise@25.000ns - host_clk_i rise@0.000ns)
  Data Path Delay:        2.700ns  (logic 0.718ns (26.596%)  route 1.982ns (73.404%))
  Logic Levels:           1  (LUT3=1)
  Clock Path Skew:        -0.062ns (DCD - SCD + CPR)
    Destination Clock Delay (DCD):    6.301ns = ( 31.301 - 25.000 ) 
    Source Clock Delay      (SCD):    6.880ns
    Clock Pessimism Removal (CPR):    0.517ns
  Clock Uncertainty:      0.082ns  ((TSJ^2 + DJ^2)^1/2) / 2 + PE
    Total System Jitter     (TSJ):    0.071ns
    Discrete Jitter          (DJ):    0.147ns
    Phase Error              (PE):    0.000ns

    Location             Delay type                Incr(ns)  Path(ns)    Netlist Resource(s)
  -------------------------------------------------------------------    -------------------
                         (clock host_clk_i rise edge)
                                                      0.000     0.000 r  
    H16                                               0.000     0.000 r  clk (IN)
                         net (fo=0)                   0.000     0.000    clk
    H16                  IBUF (Prop_ibuf_I_O)         1.451     1.451 r  ibufg_gclk/O
                         net (fo=1, routed)           1.285     2.736    gclk_i
    MMCME2_ADV_X1Y2      MMCME2_ADV (Prop_mmcme2_adv_CLKIN1_CLKOUT0)
                                                      0.088     2.824 r  MMCME2_BASE_inst/CLKOUT0
                         net (fo=1, routed)           2.206     5.030    host_clk_i
    BUFGCTRL_X0Y16       BUFG (Prop_bufg_I_O)         0.101     5.131 r  bufg_host_clk/O
                         net (fo=17600, routed)       1.749     6.880    rocketchip_wrapper/system/system_axi_interconnect_1_0/s00_couplers_imp_8CNLH6/system_axi_interconnect_1_imp_auto_pc_0/system_axi_interconnect_1_imp_auto_pc_0_axi_protocol_converter_v2_1_37_axi_protocol_converter/system_axi_interconnect_1_imp_auto_pc_0_axi_protocol_converter_v2_1_37_axi3_conv/system_axi_interconnect_1_imp_auto_pc_0_axi_protocol_converter_v2_1_37_a_axi3_conv/system_axi_interconnect_1_imp_auto_pc_0_axi_data_fifo_v2_1_36_axic_fifo/system_axi_interconnect_1_imp_auto_pc_0_axi_data_fifo_v2_1_36_fifo_gen/<hidden>/<hidden>/<hidden>/<hidden>/<hidden>/<hidden>
    SLICE_X27Y46         FDPE                                         r  rocketchip_wrapper/system/system_axi_interconnect_1_0/s00_couplers_imp_8CNLH6/system_axi_interconnect_1_imp_auto_pc_0/system_axi_interconnect_1_imp_auto_pc_0_axi_protocol_converter_v2_1_37_axi_protocol_converter/system_axi_interconnect_1_imp_auto_pc_0_axi_protocol_converter_v2_1_37_axi3_conv/system_axi_interconnect_1_imp_auto_pc_0_axi_protocol_converter_v2_1_37_a_axi3_conv/system_axi_interconnect_1_imp_auto_pc_0_axi_data_fifo_v2_1_36_axic_fifo/system_axi_interconnect_1_imp_auto_pc_0_axi_data_fifo_v2_1_36_fifo_gen/<hidden>/<hidden>/<hidden>/<hidden>/<hidden>/<hidden>
  -------------------------------------------------------------------    -------------------
    SLICE_X27Y46         FDPE (Prop_fdpe_C_Q)         0.419     7.299 f  rocketchip_wrapper/system/system_axi_interconnect_1_0/s00_couplers_imp_8CNLH6/system_axi_interconnect_1_imp_auto_pc_0/system_axi_interconnect_1_imp_auto_pc_0_axi_protocol_converter_v2_1_37_axi_protocol_converter/system_axi_interconnect_1_imp_auto_pc_0_axi_protocol_converter_v2_1_37_axi3_conv/system_axi_interconnect_1_imp_auto_pc_0_axi_protocol_converter_v2_1_37_a_axi3_conv/system_axi_interconnect_1_imp_auto_pc_0_axi_data_fifo_v2_1_36_axic_fifo/system_axi_interconnect_1_imp_auto_pc_0_axi_data_fifo_v2_1_36_fifo_gen/<hidden>/<hidden>/<hidden>/<hidden>/<hidden>/<hidden>
                         net (fo=3, routed)           1.144     8.443    rocketchip_wrapper/system/system_axi_interconnect_1_0/s00_couplers_imp_8CNLH6/system_axi_interconnect_1_imp_auto_pc_0/system_axi_interconnect_1_imp_auto_pc_0_axi_protocol_converter_v2_1_37_axi_protocol_converter/system_axi_interconnect_1_imp_auto_pc_0_axi_protocol_converter_v2_1_37_axi3_conv/system_axi_interconnect_1_imp_auto_pc_0_axi_protocol_converter_v2_1_37_a_axi3_conv/system_axi_interconnect_1_imp_auto_pc_0_axi_data_fifo_v2_1_36_axic_fifo/system_axi_interconnect_1_imp_auto_pc_0_axi_data_fifo_v2_1_36_fifo_gen/<hidden>/<hidden>/<hidden>/<hidden>/<hidden>
    SLICE_X26Y51         LUT3 (Prop_lut3_I2_O)        0.299     8.742 f  rocketchip_wrapper/system/system_axi_interconnect_1_0/s00_couplers_imp_8CNLH6/system_axi_interconnect_1_imp_auto_pc_0/system_axi_interconnect_1_imp_auto_pc_0_axi_protocol_converter_v2_1_37_axi_protocol_converter/system_axi_interconnect_1_imp_auto_pc_0_axi_protocol_converter_v2_1_37_axi3_conv/system_axi_interconnect_1_imp_auto_pc_0_axi_protocol_converter_v2_1_37_a_axi3_conv/system_axi_interconnect_1_imp_auto_pc_0_axi_data_fifo_v2_1_36_axic_fifo/system_axi_interconnect_1_imp_auto_pc_0_axi_data_fifo_v2_1_36_fifo_gen/<hidden>/<hidden>/<hidden>/<hidden>/<hidden>
                         net (fo=32, routed)          0.837     9.579    rocketchip_wrapper/system/system_axi_interconnect_1_0/s00_couplers_imp_8CNLH6/system_axi_interconnect_1_imp_auto_pc_0/system_axi_interconnect_1_imp_auto_pc_0_axi_protocol_converter_v2_1_37_axi_protocol_converter/system_axi_interconnect_1_imp_auto_pc_0_axi_protocol_converter_v2_1_37_axi3_conv/system_axi_interconnect_1_imp_auto_pc_0_axi_protocol_converter_v2_1_37_a_axi3_conv/system_axi_interconnect_1_imp_auto_pc_0_axi_data_fifo_v2_1_36_axic_fifo/system_axi_interconnect_1_imp_auto_pc_0_axi_data_fifo_v2_1_36_fifo_gen/<hidden>/<hidden>/<hidden>/<hidden>/<hidden>/<hidden>
    SLICE_X28Y48         FDCE                                         f  rocketchip_wrapper/system/system_axi_interconnect_1_0/s00_couplers_imp_8CNLH6/system_axi_interconnect_1_imp_auto_pc_0/system_axi_interconnect_1_imp_auto_pc_0_axi_protocol_converter_v2_1_37_axi_protocol_converter/system_axi_interconnect_1_imp_auto_pc_0_axi_protocol_converter_v2_1_37_axi3_conv/system_axi_interconnect_1_imp_auto_pc_0_axi_protocol_converter_v2_1_37_a_axi3_conv/system_axi_interconnect_1_imp_auto_pc_0_axi_data_fifo_v2_1_36_axic_fifo/system_axi_interconnect_1_imp_auto_pc_0_axi_data_fifo_v2_1_36_fifo_gen/<hidden>/<hidden>/<hidden>/<hidden>/<hidden>/<hidden>
  -------------------------------------------------------------------    -------------------

                         (clock host_clk_i rise edge)
                                                     25.000    25.000 r  
    H16                                               0.000    25.000 r  clk (IN)
                         net (fo=0)                   0.000    25.000    clk
    H16                  IBUF (Prop_ibuf_I_O)         1.380    26.380 r  ibufg_gclk/O
                         net (fo=1, routed)           1.162    27.542    gclk_i
    MMCME2_ADV_X1Y2      MMCME2_ADV (Prop_mmcme2_adv_CLKIN1_CLKOUT0)
                                                      0.083    27.625 r  MMCME2_BASE_inst/CLKOUT0
                         net (fo=1, routed)           2.012    29.637    host_clk_i
    BUFGCTRL_X0Y16       BUFG (Prop_bufg_I_O)         0.091    29.728 r  bufg_host_clk/O
                         net (fo=17600, routed)       1.572    31.301    rocketchip_wrapper/system/system_axi_interconnect_1_0/s00_couplers_imp_8CNLH6/system_axi_interconnect_1_imp_auto_pc_0/system_axi_interconnect_1_imp_auto_pc_0_axi_protocol_converter_v2_1_37_axi_protocol_converter/system_axi_interconnect_1_imp_auto_pc_0_axi_protocol_converter_v2_1_37_axi3_conv/system_axi_interconnect_1_imp_auto_pc_0_axi_protocol_converter_v2_1_37_a_axi3_conv/system_axi_interconnect_1_imp_auto_pc_0_axi_data_fifo_v2_1_36_axic_fifo/system_axi_interconnect_1_imp_auto_pc_0_axi_data_fifo_v2_1_36_fifo_gen/<hidden>/<hidden>/<hidden>/<hidden>/<hidden>/<hidden>
    SLICE_X28Y48         FDCE                                         r  rocketchip_wrapper/system/system_axi_interconnect_1_0/s00_couplers_imp_8CNLH6/system_axi_interconnect_1_imp_auto_pc_0/system_axi_interconnect_1_imp_auto_pc_0_axi_protocol_converter_v2_1_37_axi_protocol_converter/system_axi_interconnect_1_imp_auto_pc_0_axi_protocol_converter_v2_1_37_axi3_conv/system_axi_interconnect_1_imp_auto_pc_0_axi_protocol_converter_v2_1_37_a_axi3_conv/system_axi_interconnect_1_imp_auto_pc_0_axi_data_fifo_v2_1_36_axic_fifo/system_axi_interconnect_1_imp_auto_pc_0_axi_data_fifo_v2_1_36_fifo_gen/<hidden>/<hidden>/<hidden>/<hidden>/<hidden>/<hidden>
                         clock pessimism              0.517    31.818    
                         clock uncertainty           -0.082    31.736    
    SLICE_X28Y48         FDCE (Recov_fdce_C_CLR)     -0.405    31.331    rocketchip_wrapper/system/system_axi_interconnect_1_0/s00_couplers_imp_8CNLH6/system_axi_interconnect_1_imp_auto_pc_0/system_axi_interconnect_1_imp_auto_pc_0_axi_protocol_converter_v2_1_37_axi_protocol_converter/system_axi_interconnect_1_imp_auto_pc_0_axi_protocol_converter_v2_1_37_axi3_conv/system_axi_interconnect_1_imp_auto_pc_0_axi_protocol_converter_v2_1_37_a_axi3_conv/system_axi_interconnect_1_imp_auto_pc_0_axi_data_fifo_v2_1_36_axic_fifo/system_axi_interconnect_1_imp_auto_pc_0_axi_data_fifo_v2_1_36_fifo_gen/<hidden>/<hidden>/<hidden>/<hidden>/<hidden>/<hidden>
  -------------------------------------------------------------------
                         required time                         31.331    
                         arrival time                          -9.579    
  -------------------------------------------------------------------
                         slack                                 21.752    

Slack (MET) :             21.752ns  (required time - arrival time)
  Source:                 rocketchip_wrapper/system/system_axi_interconnect_1_0/s00_couplers_imp_8CNLH6/system_axi_interconnect_1_imp_auto_pc_0/system_axi_interconnect_1_imp_auto_pc_0_axi_protocol_converter_v2_1_37_axi_protocol_converter/system_axi_interconnect_1_imp_auto_pc_0_axi_protocol_converter_v2_1_37_axi3_conv/system_axi_interconnect_1_imp_auto_pc_0_axi_protocol_converter_v2_1_37_a_axi3_conv/system_axi_interconnect_1_imp_auto_pc_0_axi_data_fifo_v2_1_36_axic_fifo/system_axi_interconnect_1_imp_auto_pc_0_axi_data_fifo_v2_1_36_fifo_gen/<hidden>/<hidden>/<hidden>/<hidden>/<hidden>/<hidden>
                            (rising edge-triggered cell FDPE clocked by host_clk_i  {rise@0.000ns fall@12.500ns period=25.000ns})
  Destination:            rocketchip_wrapper/system/system_axi_interconnect_1_0/s00_couplers_imp_8CNLH6/system_axi_interconnect_1_imp_auto_pc_0/system_axi_interconnect_1_imp_auto_pc_0_axi_protocol_converter_v2_1_37_axi_protocol_converter/system_axi_interconnect_1_imp_auto_pc_0_axi_protocol_converter_v2_1_37_axi3_conv/system_axi_interconnect_1_imp_auto_pc_0_axi_protocol_converter_v2_1_37_a_axi3_conv/system_axi_interconnect_1_imp_auto_pc_0_axi_data_fifo_v2_1_36_axic_fifo/system_axi_interconnect_1_imp_auto_pc_0_axi_data_fifo_v2_1_36_fifo_gen/<hidden>/<hidden>/<hidden>/<hidden>/<hidden>/<hidden>
                            (recovery check against rising-edge clock host_clk_i  {rise@0.000ns fall@12.500ns period=25.000ns})
  Path Group:             **async_default**
  Path Type:              Recovery (Max at Slow Process Corner)
  Requirement:            25.000ns  (host_clk_i rise@25.000ns - host_clk_i rise@0.000ns)
  Data Path Delay:        2.700ns  (logic 0.718ns (26.596%)  route 1.982ns (73.404%))
  Logic Levels:           1  (LUT3=1)
  Clock Path Skew:        -0.062ns (DCD - SCD + CPR)
    Destination Clock Delay (DCD):    6.301ns = ( 31.301 - 25.000 ) 
    Source Clock Delay      (SCD):    6.880ns
    Clock Pessimism Removal (CPR):    0.517ns
  Clock Uncertainty:      0.082ns  ((TSJ^2 + DJ^2)^1/2) / 2 + PE
    Total System Jitter     (TSJ):    0.071ns
    Discrete Jitter          (DJ):    0.147ns
    Phase Error              (PE):    0.000ns

    Location             Delay type                Incr(ns)  Path(ns)    Netlist Resource(s)
  -------------------------------------------------------------------    -------------------
                         (clock host_clk_i rise edge)
                                                      0.000     0.000 r  
    H16                                               0.000     0.000 r  clk (IN)
                         net (fo=0)                   0.000     0.000    clk
    H16                  IBUF (Prop_ibuf_I_O)         1.451     1.451 r  ibufg_gclk/O
                         net (fo=1, routed)           1.285     2.736    gclk_i
    MMCME2_ADV_X1Y2      MMCME2_ADV (Prop_mmcme2_adv_CLKIN1_CLKOUT0)
                                                      0.088     2.824 r  MMCME2_BASE_inst/CLKOUT0
                         net (fo=1, routed)           2.206     5.030    host_clk_i
    BUFGCTRL_X0Y16       BUFG (Prop_bufg_I_O)         0.101     5.131 r  bufg_host_clk/O
                         net (fo=17600, routed)       1.749     6.880    rocketchip_wrapper/system/system_axi_interconnect_1_0/s00_couplers_imp_8CNLH6/system_axi_interconnect_1_imp_auto_pc_0/system_axi_interconnect_1_imp_auto_pc_0_axi_protocol_converter_v2_1_37_axi_protocol_converter/system_axi_interconnect_1_imp_auto_pc_0_axi_protocol_converter_v2_1_37_axi3_conv/system_axi_interconnect_1_imp_auto_pc_0_axi_protocol_converter_v2_1_37_a_axi3_conv/system_axi_interconnect_1_imp_auto_pc_0_axi_data_fifo_v2_1_36_axic_fifo/system_axi_interconnect_1_imp_auto_pc_0_axi_data_fifo_v2_1_36_fifo_gen/<hidden>/<hidden>/<hidden>/<hidden>/<hidden>/<hidden>
    SLICE_X27Y46         FDPE                                         r  rocketchip_wrapper/system/system_axi_interconnect_1_0/s00_couplers_imp_8CNLH6/system_axi_interconnect_1_imp_auto_pc_0/system_axi_interconnect_1_imp_auto_pc_0_axi_protocol_converter_v2_1_37_axi_protocol_converter/system_axi_interconnect_1_imp_auto_pc_0_axi_protocol_converter_v2_1_37_axi3_conv/system_axi_interconnect_1_imp_auto_pc_0_axi_protocol_converter_v2_1_37_a_axi3_conv/system_axi_interconnect_1_imp_auto_pc_0_axi_data_fifo_v2_1_36_axic_fifo/system_axi_interconnect_1_imp_auto_pc_0_axi_data_fifo_v2_1_36_fifo_gen/<hidden>/<hidden>/<hidden>/<hidden>/<hidden>/<hidden>
  -------------------------------------------------------------------    -------------------
    SLICE_X27Y46         FDPE (Prop_fdpe_C_Q)         0.419     7.299 f  rocketchip_wrapper/system/system_axi_interconnect_1_0/s00_couplers_imp_8CNLH6/system_axi_interconnect_1_imp_auto_pc_0/system_axi_interconnect_1_imp_auto_pc_0_axi_protocol_converter_v2_1_37_axi_protocol_converter/system_axi_interconnect_1_imp_auto_pc_0_axi_protocol_converter_v2_1_37_axi3_conv/system_axi_interconnect_1_imp_auto_pc_0_axi_protocol_converter_v2_1_37_a_axi3_conv/system_axi_interconnect_1_imp_auto_pc_0_axi_data_fifo_v2_1_36_axic_fifo/system_axi_interconnect_1_imp_auto_pc_0_axi_data_fifo_v2_1_36_fifo_gen/<hidden>/<hidden>/<hidden>/<hidden>/<hidden>/<hidden>
                         net (fo=3, routed)           1.144     8.443    rocketchip_wrapper/system/system_axi_interconnect_1_0/s00_couplers_imp_8CNLH6/system_axi_interconnect_1_imp_auto_pc_0/system_axi_interconnect_1_imp_auto_pc_0_axi_protocol_converter_v2_1_37_axi_protocol_converter/system_axi_interconnect_1_imp_auto_pc_0_axi_protocol_converter_v2_1_37_axi3_conv/system_axi_interconnect_1_imp_auto_pc_0_axi_protocol_converter_v2_1_37_a_axi3_conv/system_axi_interconnect_1_imp_auto_pc_0_axi_data_fifo_v2_1_36_axic_fifo/system_axi_interconnect_1_imp_auto_pc_0_axi_data_fifo_v2_1_36_fifo_gen/<hidden>/<hidden>/<hidden>/<hidden>/<hidden>
    SLICE_X26Y51         LUT3 (Prop_lut3_I2_O)        0.299     8.742 f  rocketchip_wrapper/system/system_axi_interconnect_1_0/s00_couplers_imp_8CNLH6/system_axi_interconnect_1_imp_auto_pc_0/system_axi_interconnect_1_imp_auto_pc_0_axi_protocol_converter_v2_1_37_axi_protocol_converter/system_axi_interconnect_1_imp_auto_pc_0_axi_protocol_converter_v2_1_37_axi3_conv/system_axi_interconnect_1_imp_auto_pc_0_axi_protocol_converter_v2_1_37_a_axi3_conv/system_axi_interconnect_1_imp_auto_pc_0_axi_data_fifo_v2_1_36_axic_fifo/system_axi_interconnect_1_imp_auto_pc_0_axi_data_fifo_v2_1_36_fifo_gen/<hidden>/<hidden>/<hidden>/<hidden>/<hidden>
                         net (fo=32, routed)          0.837     9.579    rocketchip_wrapper/system/system_axi_interconnect_1_0/s00_couplers_imp_8CNLH6/system_axi_interconnect_1_imp_auto_pc_0/system_axi_interconnect_1_imp_auto_pc_0_axi_protocol_converter_v2_1_37_axi_protocol_converter/system_axi_interconnect_1_imp_auto_pc_0_axi_protocol_converter_v2_1_37_axi3_conv/system_axi_interconnect_1_imp_auto_pc_0_axi_protocol_converter_v2_1_37_a_axi3_conv/system_axi_interconnect_1_imp_auto_pc_0_axi_data_fifo_v2_1_36_axic_fifo/system_axi_interconnect_1_imp_auto_pc_0_axi_data_fifo_v2_1_36_fifo_gen/<hidden>/<hidden>/<hidden>/<hidden>/<hidden>/<hidden>
    SLICE_X28Y48         FDCE                                         f  rocketchip_wrapper/system/system_axi_interconnect_1_0/s00_couplers_imp_8CNLH6/system_axi_interconnect_1_imp_auto_pc_0/system_axi_interconnect_1_imp_auto_pc_0_axi_protocol_converter_v2_1_37_axi_protocol_converter/system_axi_interconnect_1_imp_auto_pc_0_axi_protocol_converter_v2_1_37_axi3_conv/system_axi_interconnect_1_imp_auto_pc_0_axi_protocol_converter_v2_1_37_a_axi3_conv/system_axi_interconnect_1_imp_auto_pc_0_axi_data_fifo_v2_1_36_axic_fifo/system_axi_interconnect_1_imp_auto_pc_0_axi_data_fifo_v2_1_36_fifo_gen/<hidden>/<hidden>/<hidden>/<hidden>/<hidden>/<hidden>
  -------------------------------------------------------------------    -------------------

                         (clock host_clk_i rise edge)
                                                     25.000    25.000 r  
    H16                                               0.000    25.000 r  clk (IN)
                         net (fo=0)                   0.000    25.000    clk
    H16                  IBUF (Prop_ibuf_I_O)         1.380    26.380 r  ibufg_gclk/O
                         net (fo=1, routed)           1.162    27.542    gclk_i
    MMCME2_ADV_X1Y2      MMCME2_ADV (Prop_mmcme2_adv_CLKIN1_CLKOUT0)
                                                      0.083    27.625 r  MMCME2_BASE_inst/CLKOUT0
                         net (fo=1, routed)           2.012    29.637    host_clk_i
    BUFGCTRL_X0Y16       BUFG (Prop_bufg_I_O)         0.091    29.728 r  bufg_host_clk/O
                         net (fo=17600, routed)       1.572    31.301    rocketchip_wrapper/system/system_axi_interconnect_1_0/s00_couplers_imp_8CNLH6/system_axi_interconnect_1_imp_auto_pc_0/system_axi_interconnect_1_imp_auto_pc_0_axi_protocol_converter_v2_1_37_axi_protocol_converter/system_axi_interconnect_1_imp_auto_pc_0_axi_protocol_converter_v2_1_37_axi3_conv/system_axi_interconnect_1_imp_auto_pc_0_axi_protocol_converter_v2_1_37_a_axi3_conv/system_axi_interconnect_1_imp_auto_pc_0_axi_data_fifo_v2_1_36_axic_fifo/system_axi_interconnect_1_imp_auto_pc_0_axi_data_fifo_v2_1_36_fifo_gen/<hidden>/<hidden>/<hidden>/<hidden>/<hidden>/<hidden>
    SLICE_X28Y48         FDCE                                         r  rocketchip_wrapper/system/system_axi_interconnect_1_0/s00_couplers_imp_8CNLH6/system_axi_interconnect_1_imp_auto_pc_0/system_axi_interconnect_1_imp_auto_pc_0_axi_protocol_converter_v2_1_37_axi_protocol_converter/system_axi_interconnect_1_imp_auto_pc_0_axi_protocol_converter_v2_1_37_axi3_conv/system_axi_interconnect_1_imp_auto_pc_0_axi_protocol_converter_v2_1_37_a_axi3_conv/system_axi_interconnect_1_imp_auto_pc_0_axi_data_fifo_v2_1_36_axic_fifo/system_axi_interconnect_1_imp_auto_pc_0_axi_data_fifo_v2_1_36_fifo_gen/<hidden>/<hidden>/<hidden>/<hidden>/<hidden>/<hidden>
                         clock pessimism              0.517    31.818    
                         clock uncertainty           -0.082    31.736    
    SLICE_X28Y48         FDCE (Recov_fdce_C_CLR)     -0.405    31.331    rocketchip_wrapper/system/system_axi_interconnect_1_0/s00_couplers_imp_8CNLH6/system_axi_interconnect_1_imp_auto_pc_0/system_axi_interconnect_1_imp_auto_pc_0_axi_protocol_converter_v2_1_37_axi_protocol_converter/system_axi_interconnect_1_imp_auto_pc_0_axi_protocol_converter_v2_1_37_axi3_conv/system_axi_interconnect_1_imp_auto_pc_0_axi_protocol_converter_v2_1_37_a_axi3_conv/system_axi_interconnect_1_imp_auto_pc_0_axi_data_fifo_v2_1_36_axic_fifo/system_axi_interconnect_1_imp_auto_pc_0_axi_data_fifo_v2_1_36_fifo_gen/<hidden>/<hidden>/<hidden>/<hidden>/<hidden>/<hidden>
  -------------------------------------------------------------------
                         required time                         31.331    
                         arrival time                          -9.579    
  -------------------------------------------------------------------
                         slack                                 21.752    

Slack (MET) :             21.752ns  (required time - arrival time)
  Source:                 rocketchip_wrapper/system/system_axi_interconnect_1_0/s00_couplers_imp_8CNLH6/system_axi_interconnect_1_imp_auto_pc_0/system_axi_interconnect_1_imp_auto_pc_0_axi_protocol_converter_v2_1_37_axi_protocol_converter/system_axi_interconnect_1_imp_auto_pc_0_axi_protocol_converter_v2_1_37_axi3_conv/system_axi_interconnect_1_imp_auto_pc_0_axi_protocol_converter_v2_1_37_a_axi3_conv/system_axi_interconnect_1_imp_auto_pc_0_axi_data_fifo_v2_1_36_axic_fifo/system_axi_interconnect_1_imp_auto_pc_0_axi_data_fifo_v2_1_36_fifo_gen/<hidden>/<hidden>/<hidden>/<hidden>/<hidden>/<hidden>
                            (rising edge-triggered cell FDPE clocked by host_clk_i  {rise@0.000ns fall@12.500ns period=25.000ns})
  Destination:            rocketchip_wrapper/system/system_axi_interconnect_1_0/s00_couplers_imp_8CNLH6/system_axi_interconnect_1_imp_auto_pc_0/system_axi_interconnect_1_imp_auto_pc_0_axi_protocol_converter_v2_1_37_axi_protocol_converter/system_axi_interconnect_1_imp_auto_pc_0_axi_protocol_converter_v2_1_37_axi3_conv/system_axi_interconnect_1_imp_auto_pc_0_axi_protocol_converter_v2_1_37_a_axi3_conv/system_axi_interconnect_1_imp_auto_pc_0_axi_data_fifo_v2_1_36_axic_fifo/system_axi_interconnect_1_imp_auto_pc_0_axi_data_fifo_v2_1_36_fifo_gen/<hidden>/<hidden>/<hidden>/<hidden>/<hidden>/<hidden>
                            (recovery check against rising-edge clock host_clk_i  {rise@0.000ns fall@12.500ns period=25.000ns})
  Path Group:             **async_default**
  Path Type:              Recovery (Max at Slow Process Corner)
  Requirement:            25.000ns  (host_clk_i rise@25.000ns - host_clk_i rise@0.000ns)
  Data Path Delay:        2.700ns  (logic 0.718ns (26.596%)  route 1.982ns (73.404%))
  Logic Levels:           1  (LUT3=1)
  Clock Path Skew:        -0.062ns (DCD - SCD + CPR)
    Destination Clock Delay (DCD):    6.301ns = ( 31.301 - 25.000 ) 
    Source Clock Delay      (SCD):    6.880ns
    Clock Pessimism Removal (CPR):    0.517ns
  Clock Uncertainty:      0.082ns  ((TSJ^2 + DJ^2)^1/2) / 2 + PE
    Total System Jitter     (TSJ):    0.071ns
    Discrete Jitter          (DJ):    0.147ns
    Phase Error              (PE):    0.000ns

    Location             Delay type                Incr(ns)  Path(ns)    Netlist Resource(s)
  -------------------------------------------------------------------    -------------------
                         (clock host_clk_i rise edge)
                                                      0.000     0.000 r  
    H16                                               0.000     0.000 r  clk (IN)
                         net (fo=0)                   0.000     0.000    clk
    H16                  IBUF (Prop_ibuf_I_O)         1.451     1.451 r  ibufg_gclk/O
                         net (fo=1, routed)           1.285     2.736    gclk_i
    MMCME2_ADV_X1Y2      MMCME2_ADV (Prop_mmcme2_adv_CLKIN1_CLKOUT0)
                                                      0.088     2.824 r  MMCME2_BASE_inst/CLKOUT0
                         net (fo=1, routed)           2.206     5.030    host_clk_i
    BUFGCTRL_X0Y16       BUFG (Prop_bufg_I_O)         0.101     5.131 r  bufg_host_clk/O
                         net (fo=17600, routed)       1.749     6.880    rocketchip_wrapper/system/system_axi_interconnect_1_0/s00_couplers_imp_8CNLH6/system_axi_interconnect_1_imp_auto_pc_0/system_axi_interconnect_1_imp_auto_pc_0_axi_protocol_converter_v2_1_37_axi_protocol_converter/system_axi_interconnect_1_imp_auto_pc_0_axi_protocol_converter_v2_1_37_axi3_conv/system_axi_interconnect_1_imp_auto_pc_0_axi_protocol_converter_v2_1_37_a_axi3_conv/system_axi_interconnect_1_imp_auto_pc_0_axi_data_fifo_v2_1_36_axic_fifo/system_axi_interconnect_1_imp_auto_pc_0_axi_data_fifo_v2_1_36_fifo_gen/<hidden>/<hidden>/<hidden>/<hidden>/<hidden>/<hidden>
    SLICE_X27Y46         FDPE                                         r  rocketchip_wrapper/system/system_axi_interconnect_1_0/s00_couplers_imp_8CNLH6/system_axi_interconnect_1_imp_auto_pc_0/system_axi_interconnect_1_imp_auto_pc_0_axi_protocol_converter_v2_1_37_axi_protocol_converter/system_axi_interconnect_1_imp_auto_pc_0_axi_protocol_converter_v2_1_37_axi3_conv/system_axi_interconnect_1_imp_auto_pc_0_axi_protocol_converter_v2_1_37_a_axi3_conv/system_axi_interconnect_1_imp_auto_pc_0_axi_data_fifo_v2_1_36_axic_fifo/system_axi_interconnect_1_imp_auto_pc_0_axi_data_fifo_v2_1_36_fifo_gen/<hidden>/<hidden>/<hidden>/<hidden>/<hidden>/<hidden>
  -------------------------------------------------------------------    -------------------
    SLICE_X27Y46         FDPE (Prop_fdpe_C_Q)         0.419     7.299 f  rocketchip_wrapper/system/system_axi_interconnect_1_0/s00_couplers_imp_8CNLH6/system_axi_interconnect_1_imp_auto_pc_0/system_axi_interconnect_1_imp_auto_pc_0_axi_protocol_converter_v2_1_37_axi_protocol_converter/system_axi_interconnect_1_imp_auto_pc_0_axi_protocol_converter_v2_1_37_axi3_conv/system_axi_interconnect_1_imp_auto_pc_0_axi_protocol_converter_v2_1_37_a_axi3_conv/system_axi_interconnect_1_imp_auto_pc_0_axi_data_fifo_v2_1_36_axic_fifo/system_axi_interconnect_1_imp_auto_pc_0_axi_data_fifo_v2_1_36_fifo_gen/<hidden>/<hidden>/<hidden>/<hidden>/<hidden>/<hidden>
                         net (fo=3, routed)           1.144     8.443    rocketchip_wrapper/system/system_axi_interconnect_1_0/s00_couplers_imp_8CNLH6/system_axi_interconnect_1_imp_auto_pc_0/system_axi_interconnect_1_imp_auto_pc_0_axi_protocol_converter_v2_1_37_axi_protocol_converter/system_axi_interconnect_1_imp_auto_pc_0_axi_protocol_converter_v2_1_37_axi3_conv/system_axi_interconnect_1_imp_auto_pc_0_axi_protocol_converter_v2_1_37_a_axi3_conv/system_axi_interconnect_1_imp_auto_pc_0_axi_data_fifo_v2_1_36_axic_fifo/system_axi_interconnect_1_imp_auto_pc_0_axi_data_fifo_v2_1_36_fifo_gen/<hidden>/<hidden>/<hidden>/<hidden>/<hidden>
    SLICE_X26Y51         LUT3 (Prop_lut3_I2_O)        0.299     8.742 f  rocketchip_wrapper/system/system_axi_interconnect_1_0/s00_couplers_imp_8CNLH6/system_axi_interconnect_1_imp_auto_pc_0/system_axi_interconnect_1_imp_auto_pc_0_axi_protocol_converter_v2_1_37_axi_protocol_converter/system_axi_interconnect_1_imp_auto_pc_0_axi_protocol_converter_v2_1_37_axi3_conv/system_axi_interconnect_1_imp_auto_pc_0_axi_protocol_converter_v2_1_37_a_axi3_conv/system_axi_interconnect_1_imp_auto_pc_0_axi_data_fifo_v2_1_36_axic_fifo/system_axi_interconnect_1_imp_auto_pc_0_axi_data_fifo_v2_1_36_fifo_gen/<hidden>/<hidden>/<hidden>/<hidden>/<hidden>
                         net (fo=32, routed)          0.837     9.579    rocketchip_wrapper/system/system_axi_interconnect_1_0/s00_couplers_imp_8CNLH6/system_axi_interconnect_1_imp_auto_pc_0/system_axi_interconnect_1_imp_auto_pc_0_axi_protocol_converter_v2_1_37_axi_protocol_converter/system_axi_interconnect_1_imp_auto_pc_0_axi_protocol_converter_v2_1_37_axi3_conv/system_axi_interconnect_1_imp_auto_pc_0_axi_protocol_converter_v2_1_37_a_axi3_conv/system_axi_interconnect_1_imp_auto_pc_0_axi_data_fifo_v2_1_36_axic_fifo/system_axi_interconnect_1_imp_auto_pc_0_axi_data_fifo_v2_1_36_fifo_gen/<hidden>/<hidden>/<hidden>/<hidden>/<hidden>/<hidden>
    SLICE_X28Y48         FDCE                                         f  rocketchip_wrapper/system/system_axi_interconnect_1_0/s00_couplers_imp_8CNLH6/system_axi_interconnect_1_imp_auto_pc_0/system_axi_interconnect_1_imp_auto_pc_0_axi_protocol_converter_v2_1_37_axi_protocol_converter/system_axi_interconnect_1_imp_auto_pc_0_axi_protocol_converter_v2_1_37_axi3_conv/system_axi_interconnect_1_imp_auto_pc_0_axi_protocol_converter_v2_1_37_a_axi3_conv/system_axi_interconnect_1_imp_auto_pc_0_axi_data_fifo_v2_1_36_axic_fifo/system_axi_interconnect_1_imp_auto_pc_0_axi_data_fifo_v2_1_36_fifo_gen/<hidden>/<hidden>/<hidden>/<hidden>/<hidden>/<hidden>
  -------------------------------------------------------------------    -------------------

                         (clock host_clk_i rise edge)
                                                     25.000    25.000 r  
    H16                                               0.000    25.000 r  clk (IN)
                         net (fo=0)                   0.000    25.000    clk
    H16                  IBUF (Prop_ibuf_I_O)         1.380    26.380 r  ibufg_gclk/O
                         net (fo=1, routed)           1.162    27.542    gclk_i
    MMCME2_ADV_X1Y2      MMCME2_ADV (Prop_mmcme2_adv_CLKIN1_CLKOUT0)
                                                      0.083    27.625 r  MMCME2_BASE_inst/CLKOUT0
                         net (fo=1, routed)           2.012    29.637    host_clk_i
    BUFGCTRL_X0Y16       BUFG (Prop_bufg_I_O)         0.091    29.728 r  bufg_host_clk/O
                         net (fo=17600, routed)       1.572    31.301    rocketchip_wrapper/system/system_axi_interconnect_1_0/s00_couplers_imp_8CNLH6/system_axi_interconnect_1_imp_auto_pc_0/system_axi_interconnect_1_imp_auto_pc_0_axi_protocol_converter_v2_1_37_axi_protocol_converter/system_axi_interconnect_1_imp_auto_pc_0_axi_protocol_converter_v2_1_37_axi3_conv/system_axi_interconnect_1_imp_auto_pc_0_axi_protocol_converter_v2_1_37_a_axi3_conv/system_axi_interconnect_1_imp_auto_pc_0_axi_data_fifo_v2_1_36_axic_fifo/system_axi_interconnect_1_imp_auto_pc_0_axi_data_fifo_v2_1_36_fifo_gen/<hidden>/<hidden>/<hidden>/<hidden>/<hidden>/<hidden>
    SLICE_X28Y48         FDCE                                         r  rocketchip_wrapper/system/system_axi_interconnect_1_0/s00_couplers_imp_8CNLH6/system_axi_interconnect_1_imp_auto_pc_0/system_axi_interconnect_1_imp_auto_pc_0_axi_protocol_converter_v2_1_37_axi_protocol_converter/system_axi_interconnect_1_imp_auto_pc_0_axi_protocol_converter_v2_1_37_axi3_conv/system_axi_interconnect_1_imp_auto_pc_0_axi_protocol_converter_v2_1_37_a_axi3_conv/system_axi_interconnect_1_imp_auto_pc_0_axi_data_fifo_v2_1_36_axic_fifo/system_axi_interconnect_1_imp_auto_pc_0_axi_data_fifo_v2_1_36_fifo_gen/<hidden>/<hidden>/<hidden>/<hidden>/<hidden>/<hidden>
                         clock pessimism              0.517    31.818    
                         clock uncertainty           -0.082    31.736    
    SLICE_X28Y48         FDCE (Recov_fdce_C_CLR)     -0.405    31.331    rocketchip_wrapper/system/system_axi_interconnect_1_0/s00_couplers_imp_8CNLH6/system_axi_interconnect_1_imp_auto_pc_0/system_axi_interconnect_1_imp_auto_pc_0_axi_protocol_converter_v2_1_37_axi_protocol_converter/system_axi_interconnect_1_imp_auto_pc_0_axi_protocol_converter_v2_1_37_axi3_conv/system_axi_interconnect_1_imp_auto_pc_0_axi_protocol_converter_v2_1_37_a_axi3_conv/system_axi_interconnect_1_imp_auto_pc_0_axi_data_fifo_v2_1_36_axic_fifo/system_axi_interconnect_1_imp_auto_pc_0_axi_data_fifo_v2_1_36_fifo_gen/<hidden>/<hidden>/<hidden>/<hidden>/<hidden>/<hidden>
  -------------------------------------------------------------------
                         required time                         31.331    
                         arrival time                          -9.579    
  -------------------------------------------------------------------
                         slack                                 21.752    

Slack (MET) :             21.798ns  (required time - arrival time)
  Source:                 rocketchip_wrapper/system/system_axi_interconnect_1_0/s00_couplers_imp_8CNLH6/system_axi_interconnect_1_imp_auto_pc_0/system_axi_interconnect_1_imp_auto_pc_0_axi_protocol_converter_v2_1_37_axi_protocol_converter/system_axi_interconnect_1_imp_auto_pc_0_axi_protocol_converter_v2_1_37_axi3_conv/system_axi_interconnect_1_imp_auto_pc_0_axi_protocol_converter_v2_1_37_a_axi3_conv/system_axi_interconnect_1_imp_auto_pc_0_axi_data_fifo_v2_1_36_axic_fifo/system_axi_interconnect_1_imp_auto_pc_0_axi_data_fifo_v2_1_36_fifo_gen/<hidden>/<hidden>/<hidden>/<hidden>/<hidden>/<hidden>
                            (rising edge-triggered cell FDPE clocked by host_clk_i  {rise@0.000ns fall@12.500ns period=25.000ns})
  Destination:            rocketchip_wrapper/system/system_axi_interconnect_1_0/s00_couplers_imp_8CNLH6/system_axi_interconnect_1_imp_auto_pc_0/system_axi_interconnect_1_imp_auto_pc_0_axi_protocol_converter_v2_1_37_axi_protocol_converter/system_axi_interconnect_1_imp_auto_pc_0_axi_protocol_converter_v2_1_37_axi3_conv/system_axi_interconnect_1_imp_auto_pc_0_axi_protocol_converter_v2_1_37_a_axi3_conv/system_axi_interconnect_1_imp_auto_pc_0_axi_data_fifo_v2_1_36_axic_fifo/system_axi_interconnect_1_imp_auto_pc_0_axi_data_fifo_v2_1_36_fifo_gen/<hidden>/<hidden>/<hidden>/<hidden>/<hidden>/<hidden>
                            (recovery check against rising-edge clock host_clk_i  {rise@0.000ns fall@12.500ns period=25.000ns})
  Path Group:             **async_default**
  Path Type:              Recovery (Max at Slow Process Corner)
  Requirement:            25.000ns  (host_clk_i rise@25.000ns - host_clk_i rise@0.000ns)
  Data Path Delay:        2.700ns  (logic 0.718ns (26.596%)  route 1.982ns (73.404%))
  Logic Levels:           1  (LUT3=1)
  Clock Path Skew:        -0.062ns (DCD - SCD + CPR)
    Destination Clock Delay (DCD):    6.301ns = ( 31.301 - 25.000 ) 
    Source Clock Delay      (SCD):    6.880ns
    Clock Pessimism Removal (CPR):    0.517ns
  Clock Uncertainty:      0.082ns  ((TSJ^2 + DJ^2)^1/2) / 2 + PE
    Total System Jitter     (TSJ):    0.071ns
    Discrete Jitter          (DJ):    0.147ns
    Phase Error              (PE):    0.000ns

    Location             Delay type                Incr(ns)  Path(ns)    Netlist Resource(s)
  -------------------------------------------------------------------    -------------------
                         (clock host_clk_i rise edge)
                                                      0.000     0.000 r  
    H16                                               0.000     0.000 r  clk (IN)
                         net (fo=0)                   0.000     0.000    clk
    H16                  IBUF (Prop_ibuf_I_O)         1.451     1.451 r  ibufg_gclk/O
                         net (fo=1, routed)           1.285     2.736    gclk_i
    MMCME2_ADV_X1Y2      MMCME2_ADV (Prop_mmcme2_adv_CLKIN1_CLKOUT0)
                                                      0.088     2.824 r  MMCME2_BASE_inst/CLKOUT0
                         net (fo=1, routed)           2.206     5.030    host_clk_i
    BUFGCTRL_X0Y16       BUFG (Prop_bufg_I_O)         0.101     5.131 r  bufg_host_clk/O
                         net (fo=17600, routed)       1.749     6.880    rocketchip_wrapper/system/system_axi_interconnect_1_0/s00_couplers_imp_8CNLH6/system_axi_interconnect_1_imp_auto_pc_0/system_axi_interconnect_1_imp_auto_pc_0_axi_protocol_converter_v2_1_37_axi_protocol_converter/system_axi_interconnect_1_imp_auto_pc_0_axi_protocol_converter_v2_1_37_axi3_conv/system_axi_interconnect_1_imp_auto_pc_0_axi_protocol_converter_v2_1_37_a_axi3_conv/system_axi_interconnect_1_imp_auto_pc_0_axi_data_fifo_v2_1_36_axic_fifo/system_axi_interconnect_1_imp_auto_pc_0_axi_data_fifo_v2_1_36_fifo_gen/<hidden>/<hidden>/<hidden>/<hidden>/<hidden>/<hidden>
    SLICE_X27Y46         FDPE                                         r  rocketchip_wrapper/system/system_axi_interconnect_1_0/s00_couplers_imp_8CNLH6/system_axi_interconnect_1_imp_auto_pc_0/system_axi_interconnect_1_imp_auto_pc_0_axi_protocol_converter_v2_1_37_axi_protocol_converter/system_axi_interconnect_1_imp_auto_pc_0_axi_protocol_converter_v2_1_37_axi3_conv/system_axi_interconnect_1_imp_auto_pc_0_axi_protocol_converter_v2_1_37_a_axi3_conv/system_axi_interconnect_1_imp_auto_pc_0_axi_data_fifo_v2_1_36_axic_fifo/system_axi_interconnect_1_imp_auto_pc_0_axi_data_fifo_v2_1_36_fifo_gen/<hidden>/<hidden>/<hidden>/<hidden>/<hidden>/<hidden>
  -------------------------------------------------------------------    -------------------
    SLICE_X27Y46         FDPE (Prop_fdpe_C_Q)         0.419     7.299 f  rocketchip_wrapper/system/system_axi_interconnect_1_0/s00_couplers_imp_8CNLH6/system_axi_interconnect_1_imp_auto_pc_0/system_axi_interconnect_1_imp_auto_pc_0_axi_protocol_converter_v2_1_37_axi_protocol_converter/system_axi_interconnect_1_imp_auto_pc_0_axi_protocol_converter_v2_1_37_axi3_conv/system_axi_interconnect_1_imp_auto_pc_0_axi_protocol_converter_v2_1_37_a_axi3_conv/system_axi_interconnect_1_imp_auto_pc_0_axi_data_fifo_v2_1_36_axic_fifo/system_axi_interconnect_1_imp_auto_pc_0_axi_data_fifo_v2_1_36_fifo_gen/<hidden>/<hidden>/<hidden>/<hidden>/<hidden>/<hidden>
                         net (fo=3, routed)           1.144     8.443    rocketchip_wrapper/system/system_axi_interconnect_1_0/s00_couplers_imp_8CNLH6/system_axi_interconnect_1_imp_auto_pc_0/system_axi_interconnect_1_imp_auto_pc_0_axi_protocol_converter_v2_1_37_axi_protocol_converter/system_axi_interconnect_1_imp_auto_pc_0_axi_protocol_converter_v2_1_37_axi3_conv/system_axi_interconnect_1_imp_auto_pc_0_axi_protocol_converter_v2_1_37_a_axi3_conv/system_axi_interconnect_1_imp_auto_pc_0_axi_data_fifo_v2_1_36_axic_fifo/system_axi_interconnect_1_imp_auto_pc_0_axi_data_fifo_v2_1_36_fifo_gen/<hidden>/<hidden>/<hidden>/<hidden>/<hidden>
    SLICE_X26Y51         LUT3 (Prop_lut3_I2_O)        0.299     8.742 f  rocketchip_wrapper/system/system_axi_interconnect_1_0/s00_couplers_imp_8CNLH6/system_axi_interconnect_1_imp_auto_pc_0/system_axi_interconnect_1_imp_auto_pc_0_axi_protocol_converter_v2_1_37_axi_protocol_converter/system_axi_interconnect_1_imp_auto_pc_0_axi_protocol_converter_v2_1_37_axi3_conv/system_axi_interconnect_1_imp_auto_pc_0_axi_protocol_converter_v2_1_37_a_axi3_conv/system_axi_interconnect_1_imp_auto_pc_0_axi_data_fifo_v2_1_36_axic_fifo/system_axi_interconnect_1_imp_auto_pc_0_axi_data_fifo_v2_1_36_fifo_gen/<hidden>/<hidden>/<hidden>/<hidden>/<hidden>
                         net (fo=32, routed)          0.837     9.579    rocketchip_wrapper/system/system_axi_interconnect_1_0/s00_couplers_imp_8CNLH6/system_axi_interconnect_1_imp_auto_pc_0/system_axi_interconnect_1_imp_auto_pc_0_axi_protocol_converter_v2_1_37_axi_protocol_converter/system_axi_interconnect_1_imp_auto_pc_0_axi_protocol_converter_v2_1_37_axi3_conv/system_axi_interconnect_1_imp_auto_pc_0_axi_protocol_converter_v2_1_37_a_axi3_conv/system_axi_interconnect_1_imp_auto_pc_0_axi_data_fifo_v2_1_36_axic_fifo/system_axi_interconnect_1_imp_auto_pc_0_axi_data_fifo_v2_1_36_fifo_gen/<hidden>/<hidden>/<hidden>/<hidden>/<hidden>/<hidden>
    SLICE_X28Y48         FDPE                                         f  rocketchip_wrapper/system/system_axi_interconnect_1_0/s00_couplers_imp_8CNLH6/system_axi_interconnect_1_imp_auto_pc_0/system_axi_interconnect_1_imp_auto_pc_0_axi_protocol_converter_v2_1_37_axi_protocol_converter/system_axi_interconnect_1_imp_auto_pc_0_axi_protocol_converter_v2_1_37_axi3_conv/system_axi_interconnect_1_imp_auto_pc_0_axi_protocol_converter_v2_1_37_a_axi3_conv/system_axi_interconnect_1_imp_auto_pc_0_axi_data_fifo_v2_1_36_axic_fifo/system_axi_interconnect_1_imp_auto_pc_0_axi_data_fifo_v2_1_36_fifo_gen/<hidden>/<hidden>/<hidden>/<hidden>/<hidden>/<hidden>
  -------------------------------------------------------------------    -------------------

                         (clock host_clk_i rise edge)
                                                     25.000    25.000 r  
    H16                                               0.000    25.000 r  clk (IN)
                         net (fo=0)                   0.000    25.000    clk
    H16                  IBUF (Prop_ibuf_I_O)         1.380    26.380 r  ibufg_gclk/O
                         net (fo=1, routed)           1.162    27.542    gclk_i
    MMCME2_ADV_X1Y2      MMCME2_ADV (Prop_mmcme2_adv_CLKIN1_CLKOUT0)
                                                      0.083    27.625 r  MMCME2_BASE_inst/CLKOUT0
                         net (fo=1, routed)           2.012    29.637    host_clk_i
    BUFGCTRL_X0Y16       BUFG (Prop_bufg_I_O)         0.091    29.728 r  bufg_host_clk/O
                         net (fo=17600, routed)       1.572    31.301    rocketchip_wrapper/system/system_axi_interconnect_1_0/s00_couplers_imp_8CNLH6/system_axi_interconnect_1_imp_auto_pc_0/system_axi_interconnect_1_imp_auto_pc_0_axi_protocol_converter_v2_1_37_axi_protocol_converter/system_axi_interconnect_1_imp_auto_pc_0_axi_protocol_converter_v2_1_37_axi3_conv/system_axi_interconnect_1_imp_auto_pc_0_axi_protocol_converter_v2_1_37_a_axi3_conv/system_axi_interconnect_1_imp_auto_pc_0_axi_data_fifo_v2_1_36_axic_fifo/system_axi_interconnect_1_imp_auto_pc_0_axi_data_fifo_v2_1_36_fifo_gen/<hidden>/<hidden>/<hidden>/<hidden>/<hidden>/<hidden>
    SLICE_X28Y48         FDPE                                         r  rocketchip_wrapper/system/system_axi_interconnect_1_0/s00_couplers_imp_8CNLH6/system_axi_interconnect_1_imp_auto_pc_0/system_axi_interconnect_1_imp_auto_pc_0_axi_protocol_converter_v2_1_37_axi_protocol_converter/system_axi_interconnect_1_imp_auto_pc_0_axi_protocol_converter_v2_1_37_axi3_conv/system_axi_interconnect_1_imp_auto_pc_0_axi_protocol_converter_v2_1_37_a_axi3_conv/system_axi_interconnect_1_imp_auto_pc_0_axi_data_fifo_v2_1_36_axic_fifo/system_axi_interconnect_1_imp_auto_pc_0_axi_data_fifo_v2_1_36_fifo_gen/<hidden>/<hidden>/<hidden>/<hidden>/<hidden>/<hidden>
                         clock pessimism              0.517    31.818    
                         clock uncertainty           -0.082    31.736    
    SLICE_X28Y48         FDPE (Recov_fdpe_C_PRE)     -0.359    31.377    rocketchip_wrapper/system/system_axi_interconnect_1_0/s00_couplers_imp_8CNLH6/system_axi_interconnect_1_imp_auto_pc_0/system_axi_interconnect_1_imp_auto_pc_0_axi_protocol_converter_v2_1_37_axi_protocol_converter/system_axi_interconnect_1_imp_auto_pc_0_axi_protocol_converter_v2_1_37_axi3_conv/system_axi_interconnect_1_imp_auto_pc_0_axi_protocol_converter_v2_1_37_a_axi3_conv/system_axi_interconnect_1_imp_auto_pc_0_axi_data_fifo_v2_1_36_axic_fifo/system_axi_interconnect_1_imp_auto_pc_0_axi_data_fifo_v2_1_36_fifo_gen/<hidden>/<hidden>/<hidden>/<hidden>/<hidden>/<hidden>
  -------------------------------------------------------------------
                         required time                         31.377    
                         arrival time                          -9.579    
  -------------------------------------------------------------------
                         slack                                 21.798    

Slack (MET) :             21.859ns  (required time - arrival time)
  Source:                 rocketchip_wrapper/system/system_axi_interconnect_1_0/s00_couplers_imp_8CNLH6/system_axi_interconnect_1_imp_auto_pc_0/system_axi_interconnect_1_imp_auto_pc_0_axi_protocol_converter_v2_1_37_axi_protocol_converter/system_axi_interconnect_1_imp_auto_pc_0_axi_protocol_converter_v2_1_37_axi3_conv/system_axi_interconnect_1_imp_auto_pc_0_axi_protocol_converter_v2_1_37_a_axi3_conv/system_axi_interconnect_1_imp_auto_pc_0_axi_data_fifo_v2_1_36_axic_fifo/system_axi_interconnect_1_imp_auto_pc_0_axi_data_fifo_v2_1_36_fifo_gen/<hidden>/<hidden>/<hidden>/<hidden>/<hidden>/<hidden>
                            (rising edge-triggered cell FDPE clocked by host_clk_i  {rise@0.000ns fall@12.500ns period=25.000ns})
  Destination:            rocketchip_wrapper/system/system_axi_interconnect_1_0/s00_couplers_imp_8CNLH6/system_axi_interconnect_1_imp_auto_pc_0/system_axi_interconnect_1_imp_auto_pc_0_axi_protocol_converter_v2_1_37_axi_protocol_converter/system_axi_interconnect_1_imp_auto_pc_0_axi_protocol_converter_v2_1_37_axi3_conv/system_axi_interconnect_1_imp_auto_pc_0_axi_protocol_converter_v2_1_37_a_axi3_conv/system_axi_interconnect_1_imp_auto_pc_0_axi_data_fifo_v2_1_36_axic_fifo/system_axi_interconnect_1_imp_auto_pc_0_axi_data_fifo_v2_1_36_fifo_gen/<hidden>/<hidden>/<hidden>/<hidden>/<hidden>/<hidden>
                            (recovery check against rising-edge clock host_clk_i  {rise@0.000ns fall@12.500ns period=25.000ns})
  Path Group:             **async_default**
  Path Type:              Recovery (Max at Slow Process Corner)
  Requirement:            25.000ns  (host_clk_i rise@25.000ns - host_clk_i rise@0.000ns)
  Data Path Delay:        2.674ns  (logic 0.718ns (26.846%)  route 1.956ns (73.154%))
  Logic Levels:           1  (LUT3=1)
  Clock Path Skew:        -0.024ns (DCD - SCD + CPR)
    Destination Clock Delay (DCD):    6.302ns = ( 31.302 - 25.000 ) 
    Source Clock Delay      (SCD):    6.880ns
    Clock Pessimism Removal (CPR):    0.554ns
  Clock Uncertainty:      0.082ns  ((TSJ^2 + DJ^2)^1/2) / 2 + PE
    Total System Jitter     (TSJ):    0.071ns
    Discrete Jitter          (DJ):    0.147ns
    Phase Error              (PE):    0.000ns

    Location             Delay type                Incr(ns)  Path(ns)    Netlist Resource(s)
  -------------------------------------------------------------------    -------------------
                         (clock host_clk_i rise edge)
                                                      0.000     0.000 r  
    H16                                               0.000     0.000 r  clk (IN)
                         net (fo=0)                   0.000     0.000    clk
    H16                  IBUF (Prop_ibuf_I_O)         1.451     1.451 r  ibufg_gclk/O
                         net (fo=1, routed)           1.285     2.736    gclk_i
    MMCME2_ADV_X1Y2      MMCME2_ADV (Prop_mmcme2_adv_CLKIN1_CLKOUT0)
                                                      0.088     2.824 r  MMCME2_BASE_inst/CLKOUT0
                         net (fo=1, routed)           2.206     5.030    host_clk_i
    BUFGCTRL_X0Y16       BUFG (Prop_bufg_I_O)         0.101     5.131 r  bufg_host_clk/O
                         net (fo=17600, routed)       1.749     6.880    rocketchip_wrapper/system/system_axi_interconnect_1_0/s00_couplers_imp_8CNLH6/system_axi_interconnect_1_imp_auto_pc_0/system_axi_interconnect_1_imp_auto_pc_0_axi_protocol_converter_v2_1_37_axi_protocol_converter/system_axi_interconnect_1_imp_auto_pc_0_axi_protocol_converter_v2_1_37_axi3_conv/system_axi_interconnect_1_imp_auto_pc_0_axi_protocol_converter_v2_1_37_a_axi3_conv/system_axi_interconnect_1_imp_auto_pc_0_axi_data_fifo_v2_1_36_axic_fifo/system_axi_interconnect_1_imp_auto_pc_0_axi_data_fifo_v2_1_36_fifo_gen/<hidden>/<hidden>/<hidden>/<hidden>/<hidden>/<hidden>
    SLICE_X27Y46         FDPE                                         r  rocketchip_wrapper/system/system_axi_interconnect_1_0/s00_couplers_imp_8CNLH6/system_axi_interconnect_1_imp_auto_pc_0/system_axi_interconnect_1_imp_auto_pc_0_axi_protocol_converter_v2_1_37_axi_protocol_converter/system_axi_interconnect_1_imp_auto_pc_0_axi_protocol_converter_v2_1_37_axi3_conv/system_axi_interconnect_1_imp_auto_pc_0_axi_protocol_converter_v2_1_37_a_axi3_conv/system_axi_interconnect_1_imp_auto_pc_0_axi_data_fifo_v2_1_36_axic_fifo/system_axi_interconnect_1_imp_auto_pc_0_axi_data_fifo_v2_1_36_fifo_gen/<hidden>/<hidden>/<hidden>/<hidden>/<hidden>/<hidden>
  -------------------------------------------------------------------    -------------------
    SLICE_X27Y46         FDPE (Prop_fdpe_C_Q)         0.419     7.299 f  rocketchip_wrapper/system/system_axi_interconnect_1_0/s00_couplers_imp_8CNLH6/system_axi_interconnect_1_imp_auto_pc_0/system_axi_interconnect_1_imp_auto_pc_0_axi_protocol_converter_v2_1_37_axi_protocol_converter/system_axi_interconnect_1_imp_auto_pc_0_axi_protocol_converter_v2_1_37_axi3_conv/system_axi_interconnect_1_imp_auto_pc_0_axi_protocol_converter_v2_1_37_a_axi3_conv/system_axi_interconnect_1_imp_auto_pc_0_axi_data_fifo_v2_1_36_axic_fifo/system_axi_interconnect_1_imp_auto_pc_0_axi_data_fifo_v2_1_36_fifo_gen/<hidden>/<hidden>/<hidden>/<hidden>/<hidden>/<hidden>
                         net (fo=3, routed)           1.144     8.443    rocketchip_wrapper/system/system_axi_interconnect_1_0/s00_couplers_imp_8CNLH6/system_axi_interconnect_1_imp_auto_pc_0/system_axi_interconnect_1_imp_auto_pc_0_axi_protocol_converter_v2_1_37_axi_protocol_converter/system_axi_interconnect_1_imp_auto_pc_0_axi_protocol_converter_v2_1_37_axi3_conv/system_axi_interconnect_1_imp_auto_pc_0_axi_protocol_converter_v2_1_37_a_axi3_conv/system_axi_interconnect_1_imp_auto_pc_0_axi_data_fifo_v2_1_36_axic_fifo/system_axi_interconnect_1_imp_auto_pc_0_axi_data_fifo_v2_1_36_fifo_gen/<hidden>/<hidden>/<hidden>/<hidden>/<hidden>
    SLICE_X26Y51         LUT3 (Prop_lut3_I2_O)        0.299     8.742 f  rocketchip_wrapper/system/system_axi_interconnect_1_0/s00_couplers_imp_8CNLH6/system_axi_interconnect_1_imp_auto_pc_0/system_axi_interconnect_1_imp_auto_pc_0_axi_protocol_converter_v2_1_37_axi_protocol_converter/system_axi_interconnect_1_imp_auto_pc_0_axi_protocol_converter_v2_1_37_axi3_conv/system_axi_interconnect_1_imp_auto_pc_0_axi_protocol_converter_v2_1_37_a_axi3_conv/system_axi_interconnect_1_imp_auto_pc_0_axi_data_fifo_v2_1_36_axic_fifo/system_axi_interconnect_1_imp_auto_pc_0_axi_data_fifo_v2_1_36_fifo_gen/<hidden>/<hidden>/<hidden>/<hidden>/<hidden>
                         net (fo=32, routed)          0.812     9.554    rocketchip_wrapper/system/system_axi_interconnect_1_0/s00_couplers_imp_8CNLH6/system_axi_interconnect_1_imp_auto_pc_0/system_axi_interconnect_1_imp_auto_pc_0_axi_protocol_converter_v2_1_37_axi_protocol_converter/system_axi_interconnect_1_imp_auto_pc_0_axi_protocol_converter_v2_1_37_axi3_conv/system_axi_interconnect_1_imp_auto_pc_0_axi_protocol_converter_v2_1_37_a_axi3_conv/system_axi_interconnect_1_imp_auto_pc_0_axi_data_fifo_v2_1_36_axic_fifo/system_axi_interconnect_1_imp_auto_pc_0_axi_data_fifo_v2_1_36_fifo_gen/<hidden>/<hidden>/<hidden>/<hidden>/<hidden>/<hidden>
    SLICE_X26Y47         FDCE                                         f  rocketchip_wrapper/system/system_axi_interconnect_1_0/s00_couplers_imp_8CNLH6/system_axi_interconnect_1_imp_auto_pc_0/system_axi_interconnect_1_imp_auto_pc_0_axi_protocol_converter_v2_1_37_axi_protocol_converter/system_axi_interconnect_1_imp_auto_pc_0_axi_protocol_converter_v2_1_37_axi3_conv/system_axi_interconnect_1_imp_auto_pc_0_axi_protocol_converter_v2_1_37_a_axi3_conv/system_axi_interconnect_1_imp_auto_pc_0_axi_data_fifo_v2_1_36_axic_fifo/system_axi_interconnect_1_imp_auto_pc_0_axi_data_fifo_v2_1_36_fifo_gen/<hidden>/<hidden>/<hidden>/<hidden>/<hidden>/<hidden>
  -------------------------------------------------------------------    -------------------

                         (clock host_clk_i rise edge)
                                                     25.000    25.000 r  
    H16                                               0.000    25.000 r  clk (IN)
                         net (fo=0)                   0.000    25.000    clk
    H16                  IBUF (Prop_ibuf_I_O)         1.380    26.380 r  ibufg_gclk/O
                         net (fo=1, routed)           1.162    27.542    gclk_i
    MMCME2_ADV_X1Y2      MMCME2_ADV (Prop_mmcme2_adv_CLKIN1_CLKOUT0)
                                                      0.083    27.625 r  MMCME2_BASE_inst/CLKOUT0
                         net (fo=1, routed)           2.012    29.637    host_clk_i
    BUFGCTRL_X0Y16       BUFG (Prop_bufg_I_O)         0.091    29.728 r  bufg_host_clk/O
                         net (fo=17600, routed)       1.573    31.302    rocketchip_wrapper/system/system_axi_interconnect_1_0/s00_couplers_imp_8CNLH6/system_axi_interconnect_1_imp_auto_pc_0/system_axi_interconnect_1_imp_auto_pc_0_axi_protocol_converter_v2_1_37_axi_protocol_converter/system_axi_interconnect_1_imp_auto_pc_0_axi_protocol_converter_v2_1_37_axi3_conv/system_axi_interconnect_1_imp_auto_pc_0_axi_protocol_converter_v2_1_37_a_axi3_conv/system_axi_interconnect_1_imp_auto_pc_0_axi_data_fifo_v2_1_36_axic_fifo/system_axi_interconnect_1_imp_auto_pc_0_axi_data_fifo_v2_1_36_fifo_gen/<hidden>/<hidden>/<hidden>/<hidden>/<hidden>/<hidden>
    SLICE_X26Y47         FDCE                                         r  rocketchip_wrapper/system/system_axi_interconnect_1_0/s00_couplers_imp_8CNLH6/system_axi_interconnect_1_imp_auto_pc_0/system_axi_interconnect_1_imp_auto_pc_0_axi_protocol_converter_v2_1_37_axi_protocol_converter/system_axi_interconnect_1_imp_auto_pc_0_axi_protocol_converter_v2_1_37_axi3_conv/system_axi_interconnect_1_imp_auto_pc_0_axi_protocol_converter_v2_1_37_a_axi3_conv/system_axi_interconnect_1_imp_auto_pc_0_axi_data_fifo_v2_1_36_axic_fifo/system_axi_interconnect_1_imp_auto_pc_0_axi_data_fifo_v2_1_36_fifo_gen/<hidden>/<hidden>/<hidden>/<hidden>/<hidden>/<hidden>
                         clock pessimism              0.554    31.856    
                         clock uncertainty           -0.082    31.774    
    SLICE_X26Y47         FDCE (Recov_fdce_C_CLR)     -0.361    31.413    rocketchip_wrapper/system/system_axi_interconnect_1_0/s00_couplers_imp_8CNLH6/system_axi_interconnect_1_imp_auto_pc_0/system_axi_interconnect_1_imp_auto_pc_0_axi_protocol_converter_v2_1_37_axi_protocol_converter/system_axi_interconnect_1_imp_auto_pc_0_axi_protocol_converter_v2_1_37_axi3_conv/system_axi_interconnect_1_imp_auto_pc_0_axi_protocol_converter_v2_1_37_a_axi3_conv/system_axi_interconnect_1_imp_auto_pc_0_axi_data_fifo_v2_1_36_axic_fifo/system_axi_interconnect_1_imp_auto_pc_0_axi_data_fifo_v2_1_36_fifo_gen/<hidden>/<hidden>/<hidden>/<hidden>/<hidden>/<hidden>
  -------------------------------------------------------------------
                         required time                         31.413    
                         arrival time                          -9.554    
  -------------------------------------------------------------------
                         slack                                 21.859    

Slack (MET) :             21.859ns  (required time - arrival time)
  Source:                 rocketchip_wrapper/system/system_axi_interconnect_1_0/s00_couplers_imp_8CNLH6/system_axi_interconnect_1_imp_auto_pc_0/system_axi_interconnect_1_imp_auto_pc_0_axi_protocol_converter_v2_1_37_axi_protocol_converter/system_axi_interconnect_1_imp_auto_pc_0_axi_protocol_converter_v2_1_37_axi3_conv/system_axi_interconnect_1_imp_auto_pc_0_axi_protocol_converter_v2_1_37_a_axi3_conv/system_axi_interconnect_1_imp_auto_pc_0_axi_data_fifo_v2_1_36_axic_fifo/system_axi_interconnect_1_imp_auto_pc_0_axi_data_fifo_v2_1_36_fifo_gen/<hidden>/<hidden>/<hidden>/<hidden>/<hidden>/<hidden>
                            (rising edge-triggered cell FDPE clocked by host_clk_i  {rise@0.000ns fall@12.500ns period=25.000ns})
  Destination:            rocketchip_wrapper/system/system_axi_interconnect_1_0/s00_couplers_imp_8CNLH6/system_axi_interconnect_1_imp_auto_pc_0/system_axi_interconnect_1_imp_auto_pc_0_axi_protocol_converter_v2_1_37_axi_protocol_converter/system_axi_interconnect_1_imp_auto_pc_0_axi_protocol_converter_v2_1_37_axi3_conv/system_axi_interconnect_1_imp_auto_pc_0_axi_protocol_converter_v2_1_37_a_axi3_conv/system_axi_interconnect_1_imp_auto_pc_0_axi_data_fifo_v2_1_36_axic_fifo/system_axi_interconnect_1_imp_auto_pc_0_axi_data_fifo_v2_1_36_fifo_gen/<hidden>/<hidden>/<hidden>/<hidden>/<hidden>/<hidden>
                            (recovery check against rising-edge clock host_clk_i  {rise@0.000ns fall@12.500ns period=25.000ns})
  Path Group:             **async_default**
  Path Type:              Recovery (Max at Slow Process Corner)
  Requirement:            25.000ns  (host_clk_i rise@25.000ns - host_clk_i rise@0.000ns)
  Data Path Delay:        2.674ns  (logic 0.718ns (26.846%)  route 1.956ns (73.154%))
  Logic Levels:           1  (LUT3=1)
  Clock Path Skew:        -0.024ns (DCD - SCD + CPR)
    Destination Clock Delay (DCD):    6.302ns = ( 31.302 - 25.000 ) 
    Source Clock Delay      (SCD):    6.880ns
    Clock Pessimism Removal (CPR):    0.554ns
  Clock Uncertainty:      0.082ns  ((TSJ^2 + DJ^2)^1/2) / 2 + PE
    Total System Jitter     (TSJ):    0.071ns
    Discrete Jitter          (DJ):    0.147ns
    Phase Error              (PE):    0.000ns

    Location             Delay type                Incr(ns)  Path(ns)    Netlist Resource(s)
  -------------------------------------------------------------------    -------------------
                         (clock host_clk_i rise edge)
                                                      0.000     0.000 r  
    H16                                               0.000     0.000 r  clk (IN)
                         net (fo=0)                   0.000     0.000    clk
    H16                  IBUF (Prop_ibuf_I_O)         1.451     1.451 r  ibufg_gclk/O
                         net (fo=1, routed)           1.285     2.736    gclk_i
    MMCME2_ADV_X1Y2      MMCME2_ADV (Prop_mmcme2_adv_CLKIN1_CLKOUT0)
                                                      0.088     2.824 r  MMCME2_BASE_inst/CLKOUT0
                         net (fo=1, routed)           2.206     5.030    host_clk_i
    BUFGCTRL_X0Y16       BUFG (Prop_bufg_I_O)         0.101     5.131 r  bufg_host_clk/O
                         net (fo=17600, routed)       1.749     6.880    rocketchip_wrapper/system/system_axi_interconnect_1_0/s00_couplers_imp_8CNLH6/system_axi_interconnect_1_imp_auto_pc_0/system_axi_interconnect_1_imp_auto_pc_0_axi_protocol_converter_v2_1_37_axi_protocol_converter/system_axi_interconnect_1_imp_auto_pc_0_axi_protocol_converter_v2_1_37_axi3_conv/system_axi_interconnect_1_imp_auto_pc_0_axi_protocol_converter_v2_1_37_a_axi3_conv/system_axi_interconnect_1_imp_auto_pc_0_axi_data_fifo_v2_1_36_axic_fifo/system_axi_interconnect_1_imp_auto_pc_0_axi_data_fifo_v2_1_36_fifo_gen/<hidden>/<hidden>/<hidden>/<hidden>/<hidden>/<hidden>
    SLICE_X27Y46         FDPE                                         r  rocketchip_wrapper/system/system_axi_interconnect_1_0/s00_couplers_imp_8CNLH6/system_axi_interconnect_1_imp_auto_pc_0/system_axi_interconnect_1_imp_auto_pc_0_axi_protocol_converter_v2_1_37_axi_protocol_converter/system_axi_interconnect_1_imp_auto_pc_0_axi_protocol_converter_v2_1_37_axi3_conv/system_axi_interconnect_1_imp_auto_pc_0_axi_protocol_converter_v2_1_37_a_axi3_conv/system_axi_interconnect_1_imp_auto_pc_0_axi_data_fifo_v2_1_36_axic_fifo/system_axi_interconnect_1_imp_auto_pc_0_axi_data_fifo_v2_1_36_fifo_gen/<hidden>/<hidden>/<hidden>/<hidden>/<hidden>/<hidden>
  -------------------------------------------------------------------    -------------------
    SLICE_X27Y46         FDPE (Prop_fdpe_C_Q)         0.419     7.299 f  rocketchip_wrapper/system/system_axi_interconnect_1_0/s00_couplers_imp_8CNLH6/system_axi_interconnect_1_imp_auto_pc_0/system_axi_interconnect_1_imp_auto_pc_0_axi_protocol_converter_v2_1_37_axi_protocol_converter/system_axi_interconnect_1_imp_auto_pc_0_axi_protocol_converter_v2_1_37_axi3_conv/system_axi_interconnect_1_imp_auto_pc_0_axi_protocol_converter_v2_1_37_a_axi3_conv/system_axi_interconnect_1_imp_auto_pc_0_axi_data_fifo_v2_1_36_axic_fifo/system_axi_interconnect_1_imp_auto_pc_0_axi_data_fifo_v2_1_36_fifo_gen/<hidden>/<hidden>/<hidden>/<hidden>/<hidden>/<hidden>
                         net (fo=3, routed)           1.144     8.443    rocketchip_wrapper/system/system_axi_interconnect_1_0/s00_couplers_imp_8CNLH6/system_axi_interconnect_1_imp_auto_pc_0/system_axi_interconnect_1_imp_auto_pc_0_axi_protocol_converter_v2_1_37_axi_protocol_converter/system_axi_interconnect_1_imp_auto_pc_0_axi_protocol_converter_v2_1_37_axi3_conv/system_axi_interconnect_1_imp_auto_pc_0_axi_protocol_converter_v2_1_37_a_axi3_conv/system_axi_interconnect_1_imp_auto_pc_0_axi_data_fifo_v2_1_36_axic_fifo/system_axi_interconnect_1_imp_auto_pc_0_axi_data_fifo_v2_1_36_fifo_gen/<hidden>/<hidden>/<hidden>/<hidden>/<hidden>
    SLICE_X26Y51         LUT3 (Prop_lut3_I2_O)        0.299     8.742 f  rocketchip_wrapper/system/system_axi_interconnect_1_0/s00_couplers_imp_8CNLH6/system_axi_interconnect_1_imp_auto_pc_0/system_axi_interconnect_1_imp_auto_pc_0_axi_protocol_converter_v2_1_37_axi_protocol_converter/system_axi_interconnect_1_imp_auto_pc_0_axi_protocol_converter_v2_1_37_axi3_conv/system_axi_interconnect_1_imp_auto_pc_0_axi_protocol_converter_v2_1_37_a_axi3_conv/system_axi_interconnect_1_imp_auto_pc_0_axi_data_fifo_v2_1_36_axic_fifo/system_axi_interconnect_1_imp_auto_pc_0_axi_data_fifo_v2_1_36_fifo_gen/<hidden>/<hidden>/<hidden>/<hidden>/<hidden>
                         net (fo=32, routed)          0.812     9.554    rocketchip_wrapper/system/system_axi_interconnect_1_0/s00_couplers_imp_8CNLH6/system_axi_interconnect_1_imp_auto_pc_0/system_axi_interconnect_1_imp_auto_pc_0_axi_protocol_converter_v2_1_37_axi_protocol_converter/system_axi_interconnect_1_imp_auto_pc_0_axi_protocol_converter_v2_1_37_axi3_conv/system_axi_interconnect_1_imp_auto_pc_0_axi_protocol_converter_v2_1_37_a_axi3_conv/system_axi_interconnect_1_imp_auto_pc_0_axi_data_fifo_v2_1_36_axic_fifo/system_axi_interconnect_1_imp_auto_pc_0_axi_data_fifo_v2_1_36_fifo_gen/<hidden>/<hidden>/<hidden>/<hidden>/<hidden>/<hidden>
    SLICE_X26Y47         FDPE                                         f  rocketchip_wrapper/system/system_axi_interconnect_1_0/s00_couplers_imp_8CNLH6/system_axi_interconnect_1_imp_auto_pc_0/system_axi_interconnect_1_imp_auto_pc_0_axi_protocol_converter_v2_1_37_axi_protocol_converter/system_axi_interconnect_1_imp_auto_pc_0_axi_protocol_converter_v2_1_37_axi3_conv/system_axi_interconnect_1_imp_auto_pc_0_axi_protocol_converter_v2_1_37_a_axi3_conv/system_axi_interconnect_1_imp_auto_pc_0_axi_data_fifo_v2_1_36_axic_fifo/system_axi_interconnect_1_imp_auto_pc_0_axi_data_fifo_v2_1_36_fifo_gen/<hidden>/<hidden>/<hidden>/<hidden>/<hidden>/<hidden>
  -------------------------------------------------------------------    -------------------

                         (clock host_clk_i rise edge)
                                                     25.000    25.000 r  
    H16                                               0.000    25.000 r  clk (IN)
                         net (fo=0)                   0.000    25.000    clk
    H16                  IBUF (Prop_ibuf_I_O)         1.380    26.380 r  ibufg_gclk/O
                         net (fo=1, routed)           1.162    27.542    gclk_i
    MMCME2_ADV_X1Y2      MMCME2_ADV (Prop_mmcme2_adv_CLKIN1_CLKOUT0)
                                                      0.083    27.625 r  MMCME2_BASE_inst/CLKOUT0
                         net (fo=1, routed)           2.012    29.637    host_clk_i
    BUFGCTRL_X0Y16       BUFG (Prop_bufg_I_O)         0.091    29.728 r  bufg_host_clk/O
                         net (fo=17600, routed)       1.573    31.302    rocketchip_wrapper/system/system_axi_interconnect_1_0/s00_couplers_imp_8CNLH6/system_axi_interconnect_1_imp_auto_pc_0/system_axi_interconnect_1_imp_auto_pc_0_axi_protocol_converter_v2_1_37_axi_protocol_converter/system_axi_interconnect_1_imp_auto_pc_0_axi_protocol_converter_v2_1_37_axi3_conv/system_axi_interconnect_1_imp_auto_pc_0_axi_protocol_converter_v2_1_37_a_axi3_conv/system_axi_interconnect_1_imp_auto_pc_0_axi_data_fifo_v2_1_36_axic_fifo/system_axi_interconnect_1_imp_auto_pc_0_axi_data_fifo_v2_1_36_fifo_gen/<hidden>/<hidden>/<hidden>/<hidden>/<hidden>/<hidden>
    SLICE_X26Y47         FDPE                                         r  rocketchip_wrapper/system/system_axi_interconnect_1_0/s00_couplers_imp_8CNLH6/system_axi_interconnect_1_imp_auto_pc_0/system_axi_interconnect_1_imp_auto_pc_0_axi_protocol_converter_v2_1_37_axi_protocol_converter/system_axi_interconnect_1_imp_auto_pc_0_axi_protocol_converter_v2_1_37_axi3_conv/system_axi_interconnect_1_imp_auto_pc_0_axi_protocol_converter_v2_1_37_a_axi3_conv/system_axi_interconnect_1_imp_auto_pc_0_axi_data_fifo_v2_1_36_axic_fifo/system_axi_interconnect_1_imp_auto_pc_0_axi_data_fifo_v2_1_36_fifo_gen/<hidden>/<hidden>/<hidden>/<hidden>/<hidden>/<hidden>
                         clock pessimism              0.554    31.856    
                         clock uncertainty           -0.082    31.774    
    SLICE_X26Y47         FDPE (Recov_fdpe_C_PRE)     -0.361    31.413    rocketchip_wrapper/system/system_axi_interconnect_1_0/s00_couplers_imp_8CNLH6/system_axi_interconnect_1_imp_auto_pc_0/system_axi_interconnect_1_imp_auto_pc_0_axi_protocol_converter_v2_1_37_axi_protocol_converter/system_axi_interconnect_1_imp_auto_pc_0_axi_protocol_converter_v2_1_37_axi3_conv/system_axi_interconnect_1_imp_auto_pc_0_axi_protocol_converter_v2_1_37_a_axi3_conv/system_axi_interconnect_1_imp_auto_pc_0_axi_data_fifo_v2_1_36_axic_fifo/system_axi_interconnect_1_imp_auto_pc_0_axi_data_fifo_v2_1_36_fifo_gen/<hidden>/<hidden>/<hidden>/<hidden>/<hidden>/<hidden>
  -------------------------------------------------------------------
                         required time                         31.413    
                         arrival time                          -9.554    
  -------------------------------------------------------------------
                         slack                                 21.859    

Slack (MET) :             21.859ns  (required time - arrival time)
  Source:                 rocketchip_wrapper/system/system_axi_interconnect_1_0/s00_couplers_imp_8CNLH6/system_axi_interconnect_1_imp_auto_pc_0/system_axi_interconnect_1_imp_auto_pc_0_axi_protocol_converter_v2_1_37_axi_protocol_converter/system_axi_interconnect_1_imp_auto_pc_0_axi_protocol_converter_v2_1_37_axi3_conv/system_axi_interconnect_1_imp_auto_pc_0_axi_protocol_converter_v2_1_37_a_axi3_conv/system_axi_interconnect_1_imp_auto_pc_0_axi_data_fifo_v2_1_36_axic_fifo/system_axi_interconnect_1_imp_auto_pc_0_axi_data_fifo_v2_1_36_fifo_gen/<hidden>/<hidden>/<hidden>/<hidden>/<hidden>/<hidden>
                            (rising edge-triggered cell FDPE clocked by host_clk_i  {rise@0.000ns fall@12.500ns period=25.000ns})
  Destination:            rocketchip_wrapper/system/system_axi_interconnect_1_0/s00_couplers_imp_8CNLH6/system_axi_interconnect_1_imp_auto_pc_0/system_axi_interconnect_1_imp_auto_pc_0_axi_protocol_converter_v2_1_37_axi_protocol_converter/system_axi_interconnect_1_imp_auto_pc_0_axi_protocol_converter_v2_1_37_axi3_conv/system_axi_interconnect_1_imp_auto_pc_0_axi_protocol_converter_v2_1_37_a_axi3_conv/system_axi_interconnect_1_imp_auto_pc_0_axi_data_fifo_v2_1_36_axic_fifo/system_axi_interconnect_1_imp_auto_pc_0_axi_data_fifo_v2_1_36_fifo_gen/<hidden>/<hidden>/<hidden>/<hidden>/<hidden>/<hidden>
                            (recovery check against rising-edge clock host_clk_i  {rise@0.000ns fall@12.500ns period=25.000ns})
  Path Group:             **async_default**
  Path Type:              Recovery (Max at Slow Process Corner)
  Requirement:            25.000ns  (host_clk_i rise@25.000ns - host_clk_i rise@0.000ns)
  Data Path Delay:        2.674ns  (logic 0.718ns (26.846%)  route 1.956ns (73.154%))
  Logic Levels:           1  (LUT3=1)
  Clock Path Skew:        -0.024ns (DCD - SCD + CPR)
    Destination Clock Delay (DCD):    6.302ns = ( 31.302 - 25.000 ) 
    Source Clock Delay      (SCD):    6.880ns
    Clock Pessimism Removal (CPR):    0.554ns
  Clock Uncertainty:      0.082ns  ((TSJ^2 + DJ^2)^1/2) / 2 + PE
    Total System Jitter     (TSJ):    0.071ns
    Discrete Jitter          (DJ):    0.147ns
    Phase Error              (PE):    0.000ns

    Location             Delay type                Incr(ns)  Path(ns)    Netlist Resource(s)
  -------------------------------------------------------------------    -------------------
                         (clock host_clk_i rise edge)
                                                      0.000     0.000 r  
    H16                                               0.000     0.000 r  clk (IN)
                         net (fo=0)                   0.000     0.000    clk
    H16                  IBUF (Prop_ibuf_I_O)         1.451     1.451 r  ibufg_gclk/O
                         net (fo=1, routed)           1.285     2.736    gclk_i
    MMCME2_ADV_X1Y2      MMCME2_ADV (Prop_mmcme2_adv_CLKIN1_CLKOUT0)
                                                      0.088     2.824 r  MMCME2_BASE_inst/CLKOUT0
                         net (fo=1, routed)           2.206     5.030    host_clk_i
    BUFGCTRL_X0Y16       BUFG (Prop_bufg_I_O)         0.101     5.131 r  bufg_host_clk/O
                         net (fo=17600, routed)       1.749     6.880    rocketchip_wrapper/system/system_axi_interconnect_1_0/s00_couplers_imp_8CNLH6/system_axi_interconnect_1_imp_auto_pc_0/system_axi_interconnect_1_imp_auto_pc_0_axi_protocol_converter_v2_1_37_axi_protocol_converter/system_axi_interconnect_1_imp_auto_pc_0_axi_protocol_converter_v2_1_37_axi3_conv/system_axi_interconnect_1_imp_auto_pc_0_axi_protocol_converter_v2_1_37_a_axi3_conv/system_axi_interconnect_1_imp_auto_pc_0_axi_data_fifo_v2_1_36_axic_fifo/system_axi_interconnect_1_imp_auto_pc_0_axi_data_fifo_v2_1_36_fifo_gen/<hidden>/<hidden>/<hidden>/<hidden>/<hidden>/<hidden>
    SLICE_X27Y46         FDPE                                         r  rocketchip_wrapper/system/system_axi_interconnect_1_0/s00_couplers_imp_8CNLH6/system_axi_interconnect_1_imp_auto_pc_0/system_axi_interconnect_1_imp_auto_pc_0_axi_protocol_converter_v2_1_37_axi_protocol_converter/system_axi_interconnect_1_imp_auto_pc_0_axi_protocol_converter_v2_1_37_axi3_conv/system_axi_interconnect_1_imp_auto_pc_0_axi_protocol_converter_v2_1_37_a_axi3_conv/system_axi_interconnect_1_imp_auto_pc_0_axi_data_fifo_v2_1_36_axic_fifo/system_axi_interconnect_1_imp_auto_pc_0_axi_data_fifo_v2_1_36_fifo_gen/<hidden>/<hidden>/<hidden>/<hidden>/<hidden>/<hidden>
  -------------------------------------------------------------------    -------------------
    SLICE_X27Y46         FDPE (Prop_fdpe_C_Q)         0.419     7.299 f  rocketchip_wrapper/system/system_axi_interconnect_1_0/s00_couplers_imp_8CNLH6/system_axi_interconnect_1_imp_auto_pc_0/system_axi_interconnect_1_imp_auto_pc_0_axi_protocol_converter_v2_1_37_axi_protocol_converter/system_axi_interconnect_1_imp_auto_pc_0_axi_protocol_converter_v2_1_37_axi3_conv/system_axi_interconnect_1_imp_auto_pc_0_axi_protocol_converter_v2_1_37_a_axi3_conv/system_axi_interconnect_1_imp_auto_pc_0_axi_data_fifo_v2_1_36_axic_fifo/system_axi_interconnect_1_imp_auto_pc_0_axi_data_fifo_v2_1_36_fifo_gen/<hidden>/<hidden>/<hidden>/<hidden>/<hidden>/<hidden>
                         net (fo=3, routed)           1.144     8.443    rocketchip_wrapper/system/system_axi_interconnect_1_0/s00_couplers_imp_8CNLH6/system_axi_interconnect_1_imp_auto_pc_0/system_axi_interconnect_1_imp_auto_pc_0_axi_protocol_converter_v2_1_37_axi_protocol_converter/system_axi_interconnect_1_imp_auto_pc_0_axi_protocol_converter_v2_1_37_axi3_conv/system_axi_interconnect_1_imp_auto_pc_0_axi_protocol_converter_v2_1_37_a_axi3_conv/system_axi_interconnect_1_imp_auto_pc_0_axi_data_fifo_v2_1_36_axic_fifo/system_axi_interconnect_1_imp_auto_pc_0_axi_data_fifo_v2_1_36_fifo_gen/<hidden>/<hidden>/<hidden>/<hidden>/<hidden>
    SLICE_X26Y51         LUT3 (Prop_lut3_I2_O)        0.299     8.742 f  rocketchip_wrapper/system/system_axi_interconnect_1_0/s00_couplers_imp_8CNLH6/system_axi_interconnect_1_imp_auto_pc_0/system_axi_interconnect_1_imp_auto_pc_0_axi_protocol_converter_v2_1_37_axi_protocol_converter/system_axi_interconnect_1_imp_auto_pc_0_axi_protocol_converter_v2_1_37_axi3_conv/system_axi_interconnect_1_imp_auto_pc_0_axi_protocol_converter_v2_1_37_a_axi3_conv/system_axi_interconnect_1_imp_auto_pc_0_axi_data_fifo_v2_1_36_axic_fifo/system_axi_interconnect_1_imp_auto_pc_0_axi_data_fifo_v2_1_36_fifo_gen/<hidden>/<hidden>/<hidden>/<hidden>/<hidden>
                         net (fo=32, routed)          0.812     9.554    rocketchip_wrapper/system/system_axi_interconnect_1_0/s00_couplers_imp_8CNLH6/system_axi_interconnect_1_imp_auto_pc_0/system_axi_interconnect_1_imp_auto_pc_0_axi_protocol_converter_v2_1_37_axi_protocol_converter/system_axi_interconnect_1_imp_auto_pc_0_axi_protocol_converter_v2_1_37_axi3_conv/system_axi_interconnect_1_imp_auto_pc_0_axi_protocol_converter_v2_1_37_a_axi3_conv/system_axi_interconnect_1_imp_auto_pc_0_axi_data_fifo_v2_1_36_axic_fifo/system_axi_interconnect_1_imp_auto_pc_0_axi_data_fifo_v2_1_36_fifo_gen/<hidden>/<hidden>/<hidden>/<hidden>/<hidden>/<hidden>
    SLICE_X26Y47         FDCE                                         f  rocketchip_wrapper/system/system_axi_interconnect_1_0/s00_couplers_imp_8CNLH6/system_axi_interconnect_1_imp_auto_pc_0/system_axi_interconnect_1_imp_auto_pc_0_axi_protocol_converter_v2_1_37_axi_protocol_converter/system_axi_interconnect_1_imp_auto_pc_0_axi_protocol_converter_v2_1_37_axi3_conv/system_axi_interconnect_1_imp_auto_pc_0_axi_protocol_converter_v2_1_37_a_axi3_conv/system_axi_interconnect_1_imp_auto_pc_0_axi_data_fifo_v2_1_36_axic_fifo/system_axi_interconnect_1_imp_auto_pc_0_axi_data_fifo_v2_1_36_fifo_gen/<hidden>/<hidden>/<hidden>/<hidden>/<hidden>/<hidden>
  -------------------------------------------------------------------    -------------------

                         (clock host_clk_i rise edge)
                                                     25.000    25.000 r  
    H16                                               0.000    25.000 r  clk (IN)
                         net (fo=0)                   0.000    25.000    clk
    H16                  IBUF (Prop_ibuf_I_O)         1.380    26.380 r  ibufg_gclk/O
                         net (fo=1, routed)           1.162    27.542    gclk_i
    MMCME2_ADV_X1Y2      MMCME2_ADV (Prop_mmcme2_adv_CLKIN1_CLKOUT0)
                                                      0.083    27.625 r  MMCME2_BASE_inst/CLKOUT0
                         net (fo=1, routed)           2.012    29.637    host_clk_i
    BUFGCTRL_X0Y16       BUFG (Prop_bufg_I_O)         0.091    29.728 r  bufg_host_clk/O
                         net (fo=17600, routed)       1.573    31.302    rocketchip_wrapper/system/system_axi_interconnect_1_0/s00_couplers_imp_8CNLH6/system_axi_interconnect_1_imp_auto_pc_0/system_axi_interconnect_1_imp_auto_pc_0_axi_protocol_converter_v2_1_37_axi_protocol_converter/system_axi_interconnect_1_imp_auto_pc_0_axi_protocol_converter_v2_1_37_axi3_conv/system_axi_interconnect_1_imp_auto_pc_0_axi_protocol_converter_v2_1_37_a_axi3_conv/system_axi_interconnect_1_imp_auto_pc_0_axi_data_fifo_v2_1_36_axic_fifo/system_axi_interconnect_1_imp_auto_pc_0_axi_data_fifo_v2_1_36_fifo_gen/<hidden>/<hidden>/<hidden>/<hidden>/<hidden>/<hidden>
    SLICE_X26Y47         FDCE                                         r  rocketchip_wrapper/system/system_axi_interconnect_1_0/s00_couplers_imp_8CNLH6/system_axi_interconnect_1_imp_auto_pc_0/system_axi_interconnect_1_imp_auto_pc_0_axi_protocol_converter_v2_1_37_axi_protocol_converter/system_axi_interconnect_1_imp_auto_pc_0_axi_protocol_converter_v2_1_37_axi3_conv/system_axi_interconnect_1_imp_auto_pc_0_axi_protocol_converter_v2_1_37_a_axi3_conv/system_axi_interconnect_1_imp_auto_pc_0_axi_data_fifo_v2_1_36_axic_fifo/system_axi_interconnect_1_imp_auto_pc_0_axi_data_fifo_v2_1_36_fifo_gen/<hidden>/<hidden>/<hidden>/<hidden>/<hidden>/<hidden>
                         clock pessimism              0.554    31.856    
                         clock uncertainty           -0.082    31.774    
    SLICE_X26Y47         FDCE (Recov_fdce_C_CLR)     -0.361    31.413    rocketchip_wrapper/system/system_axi_interconnect_1_0/s00_couplers_imp_8CNLH6/system_axi_interconnect_1_imp_auto_pc_0/system_axi_interconnect_1_imp_auto_pc_0_axi_protocol_converter_v2_1_37_axi_protocol_converter/system_axi_interconnect_1_imp_auto_pc_0_axi_protocol_converter_v2_1_37_axi3_conv/system_axi_interconnect_1_imp_auto_pc_0_axi_protocol_converter_v2_1_37_a_axi3_conv/system_axi_interconnect_1_imp_auto_pc_0_axi_data_fifo_v2_1_36_axic_fifo/system_axi_interconnect_1_imp_auto_pc_0_axi_data_fifo_v2_1_36_fifo_gen/<hidden>/<hidden>/<hidden>/<hidden>/<hidden>/<hidden>
  -------------------------------------------------------------------
                         required time                         31.413    
                         arrival time                          -9.554    
  -------------------------------------------------------------------
                         slack                                 21.859    

Slack (MET) :             21.901ns  (required time - arrival time)
  Source:                 rocketchip_wrapper/system/system_axi_interconnect_1_0/s00_couplers_imp_8CNLH6/system_axi_interconnect_1_imp_auto_pc_0/system_axi_interconnect_1_imp_auto_pc_0_axi_protocol_converter_v2_1_37_axi_protocol_converter/system_axi_interconnect_1_imp_auto_pc_0_axi_protocol_converter_v2_1_37_axi3_conv/system_axi_interconnect_1_imp_auto_pc_0_axi_protocol_converter_v2_1_37_a_axi3_conv/system_axi_interconnect_1_imp_auto_pc_0_axi_data_fifo_v2_1_36_axic_fifo/system_axi_interconnect_1_imp_auto_pc_0_axi_data_fifo_v2_1_36_fifo_gen/<hidden>/<hidden>/<hidden>/<hidden>/<hidden>/<hidden>
                            (rising edge-triggered cell FDPE clocked by host_clk_i  {rise@0.000ns fall@12.500ns period=25.000ns})
  Destination:            rocketchip_wrapper/system/system_axi_interconnect_1_0/s00_couplers_imp_8CNLH6/system_axi_interconnect_1_imp_auto_pc_0/system_axi_interconnect_1_imp_auto_pc_0_axi_protocol_converter_v2_1_37_axi_protocol_converter/system_axi_interconnect_1_imp_auto_pc_0_axi_protocol_converter_v2_1_37_axi3_conv/system_axi_interconnect_1_imp_auto_pc_0_axi_protocol_converter_v2_1_37_a_axi3_conv/system_axi_interconnect_1_imp_auto_pc_0_axi_data_fifo_v2_1_36_axic_fifo/system_axi_interconnect_1_imp_auto_pc_0_axi_data_fifo_v2_1_36_fifo_gen/<hidden>/<hidden>/<hidden>/<hidden>/<hidden>/<hidden>
                            (recovery check against rising-edge clock host_clk_i  {rise@0.000ns fall@12.500ns period=25.000ns})
  Path Group:             **async_default**
  Path Type:              Recovery (Max at Slow Process Corner)
  Requirement:            25.000ns  (host_clk_i rise@25.000ns - host_clk_i rise@0.000ns)
  Data Path Delay:        2.674ns  (logic 0.718ns (26.846%)  route 1.956ns (73.154%))
  Logic Levels:           1  (LUT3=1)
  Clock Path Skew:        -0.024ns (DCD - SCD + CPR)
    Destination Clock Delay (DCD):    6.302ns = ( 31.302 - 25.000 ) 
    Source Clock Delay      (SCD):    6.880ns
    Clock Pessimism Removal (CPR):    0.554ns
  Clock Uncertainty:      0.082ns  ((TSJ^2 + DJ^2)^1/2) / 2 + PE
    Total System Jitter     (TSJ):    0.071ns
    Discrete Jitter          (DJ):    0.147ns
    Phase Error              (PE):    0.000ns

    Location             Delay type                Incr(ns)  Path(ns)    Netlist Resource(s)
  -------------------------------------------------------------------    -------------------
                         (clock host_clk_i rise edge)
                                                      0.000     0.000 r  
    H16                                               0.000     0.000 r  clk (IN)
                         net (fo=0)                   0.000     0.000    clk
    H16                  IBUF (Prop_ibuf_I_O)         1.451     1.451 r  ibufg_gclk/O
                         net (fo=1, routed)           1.285     2.736    gclk_i
    MMCME2_ADV_X1Y2      MMCME2_ADV (Prop_mmcme2_adv_CLKIN1_CLKOUT0)
                                                      0.088     2.824 r  MMCME2_BASE_inst/CLKOUT0
                         net (fo=1, routed)           2.206     5.030    host_clk_i
    BUFGCTRL_X0Y16       BUFG (Prop_bufg_I_O)         0.101     5.131 r  bufg_host_clk/O
                         net (fo=17600, routed)       1.749     6.880    rocketchip_wrapper/system/system_axi_interconnect_1_0/s00_couplers_imp_8CNLH6/system_axi_interconnect_1_imp_auto_pc_0/system_axi_interconnect_1_imp_auto_pc_0_axi_protocol_converter_v2_1_37_axi_protocol_converter/system_axi_interconnect_1_imp_auto_pc_0_axi_protocol_converter_v2_1_37_axi3_conv/system_axi_interconnect_1_imp_auto_pc_0_axi_protocol_converter_v2_1_37_a_axi3_conv/system_axi_interconnect_1_imp_auto_pc_0_axi_data_fifo_v2_1_36_axic_fifo/system_axi_interconnect_1_imp_auto_pc_0_axi_data_fifo_v2_1_36_fifo_gen/<hidden>/<hidden>/<hidden>/<hidden>/<hidden>/<hidden>
    SLICE_X27Y46         FDPE                                         r  rocketchip_wrapper/system/system_axi_interconnect_1_0/s00_couplers_imp_8CNLH6/system_axi_interconnect_1_imp_auto_pc_0/system_axi_interconnect_1_imp_auto_pc_0_axi_protocol_converter_v2_1_37_axi_protocol_converter/system_axi_interconnect_1_imp_auto_pc_0_axi_protocol_converter_v2_1_37_axi3_conv/system_axi_interconnect_1_imp_auto_pc_0_axi_protocol_converter_v2_1_37_a_axi3_conv/system_axi_interconnect_1_imp_auto_pc_0_axi_data_fifo_v2_1_36_axic_fifo/system_axi_interconnect_1_imp_auto_pc_0_axi_data_fifo_v2_1_36_fifo_gen/<hidden>/<hidden>/<hidden>/<hidden>/<hidden>/<hidden>
  -------------------------------------------------------------------    -------------------
    SLICE_X27Y46         FDPE (Prop_fdpe_C_Q)         0.419     7.299 f  rocketchip_wrapper/system/system_axi_interconnect_1_0/s00_couplers_imp_8CNLH6/system_axi_interconnect_1_imp_auto_pc_0/system_axi_interconnect_1_imp_auto_pc_0_axi_protocol_converter_v2_1_37_axi_protocol_converter/system_axi_interconnect_1_imp_auto_pc_0_axi_protocol_converter_v2_1_37_axi3_conv/system_axi_interconnect_1_imp_auto_pc_0_axi_protocol_converter_v2_1_37_a_axi3_conv/system_axi_interconnect_1_imp_auto_pc_0_axi_data_fifo_v2_1_36_axic_fifo/system_axi_interconnect_1_imp_auto_pc_0_axi_data_fifo_v2_1_36_fifo_gen/<hidden>/<hidden>/<hidden>/<hidden>/<hidden>/<hidden>
                         net (fo=3, routed)           1.144     8.443    rocketchip_wrapper/system/system_axi_interconnect_1_0/s00_couplers_imp_8CNLH6/system_axi_interconnect_1_imp_auto_pc_0/system_axi_interconnect_1_imp_auto_pc_0_axi_protocol_converter_v2_1_37_axi_protocol_converter/system_axi_interconnect_1_imp_auto_pc_0_axi_protocol_converter_v2_1_37_axi3_conv/system_axi_interconnect_1_imp_auto_pc_0_axi_protocol_converter_v2_1_37_a_axi3_conv/system_axi_interconnect_1_imp_auto_pc_0_axi_data_fifo_v2_1_36_axic_fifo/system_axi_interconnect_1_imp_auto_pc_0_axi_data_fifo_v2_1_36_fifo_gen/<hidden>/<hidden>/<hidden>/<hidden>/<hidden>
    SLICE_X26Y51         LUT3 (Prop_lut3_I2_O)        0.299     8.742 f  rocketchip_wrapper/system/system_axi_interconnect_1_0/s00_couplers_imp_8CNLH6/system_axi_interconnect_1_imp_auto_pc_0/system_axi_interconnect_1_imp_auto_pc_0_axi_protocol_converter_v2_1_37_axi_protocol_converter/system_axi_interconnect_1_imp_auto_pc_0_axi_protocol_converter_v2_1_37_axi3_conv/system_axi_interconnect_1_imp_auto_pc_0_axi_protocol_converter_v2_1_37_a_axi3_conv/system_axi_interconnect_1_imp_auto_pc_0_axi_data_fifo_v2_1_36_axic_fifo/system_axi_interconnect_1_imp_auto_pc_0_axi_data_fifo_v2_1_36_fifo_gen/<hidden>/<hidden>/<hidden>/<hidden>/<hidden>
                         net (fo=32, routed)          0.812     9.554    rocketchip_wrapper/system/system_axi_interconnect_1_0/s00_couplers_imp_8CNLH6/system_axi_interconnect_1_imp_auto_pc_0/system_axi_interconnect_1_imp_auto_pc_0_axi_protocol_converter_v2_1_37_axi_protocol_converter/system_axi_interconnect_1_imp_auto_pc_0_axi_protocol_converter_v2_1_37_axi3_conv/system_axi_interconnect_1_imp_auto_pc_0_axi_protocol_converter_v2_1_37_a_axi3_conv/system_axi_interconnect_1_imp_auto_pc_0_axi_data_fifo_v2_1_36_axic_fifo/system_axi_interconnect_1_imp_auto_pc_0_axi_data_fifo_v2_1_36_fifo_gen/<hidden>/<hidden>/<hidden>/<hidden>/<hidden>/<hidden>
    SLICE_X26Y47         FDCE                                         f  rocketchip_wrapper/system/system_axi_interconnect_1_0/s00_couplers_imp_8CNLH6/system_axi_interconnect_1_imp_auto_pc_0/system_axi_interconnect_1_imp_auto_pc_0_axi_protocol_converter_v2_1_37_axi_protocol_converter/system_axi_interconnect_1_imp_auto_pc_0_axi_protocol_converter_v2_1_37_axi3_conv/system_axi_interconnect_1_imp_auto_pc_0_axi_protocol_converter_v2_1_37_a_axi3_conv/system_axi_interconnect_1_imp_auto_pc_0_axi_data_fifo_v2_1_36_axic_fifo/system_axi_interconnect_1_imp_auto_pc_0_axi_data_fifo_v2_1_36_fifo_gen/<hidden>/<hidden>/<hidden>/<hidden>/<hidden>/<hidden>
  -------------------------------------------------------------------    -------------------

                         (clock host_clk_i rise edge)
                                                     25.000    25.000 r  
    H16                                               0.000    25.000 r  clk (IN)
                         net (fo=0)                   0.000    25.000    clk
    H16                  IBUF (Prop_ibuf_I_O)         1.380    26.380 r  ibufg_gclk/O
                         net (fo=1, routed)           1.162    27.542    gclk_i
    MMCME2_ADV_X1Y2      MMCME2_ADV (Prop_mmcme2_adv_CLKIN1_CLKOUT0)
                                                      0.083    27.625 r  MMCME2_BASE_inst/CLKOUT0
                         net (fo=1, routed)           2.012    29.637    host_clk_i
    BUFGCTRL_X0Y16       BUFG (Prop_bufg_I_O)         0.091    29.728 r  bufg_host_clk/O
                         net (fo=17600, routed)       1.573    31.302    rocketchip_wrapper/system/system_axi_interconnect_1_0/s00_couplers_imp_8CNLH6/system_axi_interconnect_1_imp_auto_pc_0/system_axi_interconnect_1_imp_auto_pc_0_axi_protocol_converter_v2_1_37_axi_protocol_converter/system_axi_interconnect_1_imp_auto_pc_0_axi_protocol_converter_v2_1_37_axi3_conv/system_axi_interconnect_1_imp_auto_pc_0_axi_protocol_converter_v2_1_37_a_axi3_conv/system_axi_interconnect_1_imp_auto_pc_0_axi_data_fifo_v2_1_36_axic_fifo/system_axi_interconnect_1_imp_auto_pc_0_axi_data_fifo_v2_1_36_fifo_gen/<hidden>/<hidden>/<hidden>/<hidden>/<hidden>/<hidden>
    SLICE_X26Y47         FDCE                                         r  rocketchip_wrapper/system/system_axi_interconnect_1_0/s00_couplers_imp_8CNLH6/system_axi_interconnect_1_imp_auto_pc_0/system_axi_interconnect_1_imp_auto_pc_0_axi_protocol_converter_v2_1_37_axi_protocol_converter/system_axi_interconnect_1_imp_auto_pc_0_axi_protocol_converter_v2_1_37_axi3_conv/system_axi_interconnect_1_imp_auto_pc_0_axi_protocol_converter_v2_1_37_a_axi3_conv/system_axi_interconnect_1_imp_auto_pc_0_axi_data_fifo_v2_1_36_axic_fifo/system_axi_interconnect_1_imp_auto_pc_0_axi_data_fifo_v2_1_36_fifo_gen/<hidden>/<hidden>/<hidden>/<hidden>/<hidden>/<hidden>
                         clock pessimism              0.554    31.856    
                         clock uncertainty           -0.082    31.774    
    SLICE_X26Y47         FDCE (Recov_fdce_C_CLR)     -0.319    31.455    rocketchip_wrapper/system/system_axi_interconnect_1_0/s00_couplers_imp_8CNLH6/system_axi_interconnect_1_imp_auto_pc_0/system_axi_interconnect_1_imp_auto_pc_0_axi_protocol_converter_v2_1_37_axi_protocol_converter/system_axi_interconnect_1_imp_auto_pc_0_axi_protocol_converter_v2_1_37_axi3_conv/system_axi_interconnect_1_imp_auto_pc_0_axi_protocol_converter_v2_1_37_a_axi3_conv/system_axi_interconnect_1_imp_auto_pc_0_axi_data_fifo_v2_1_36_axic_fifo/system_axi_interconnect_1_imp_auto_pc_0_axi_data_fifo_v2_1_36_fifo_gen/<hidden>/<hidden>/<hidden>/<hidden>/<hidden>/<hidden>
  -------------------------------------------------------------------
                         required time                         31.455    
                         arrival time                          -9.554    
  -------------------------------------------------------------------
                         slack                                 21.901    

Slack (MET) :             21.931ns  (required time - arrival time)
  Source:                 rocketchip_wrapper/system/system_axi_interconnect_1_0/s00_couplers_imp_8CNLH6/system_axi_interconnect_1_imp_auto_pc_0/system_axi_interconnect_1_imp_auto_pc_0_axi_protocol_converter_v2_1_37_axi_protocol_converter/system_axi_interconnect_1_imp_auto_pc_0_axi_protocol_converter_v2_1_37_axi3_conv/system_axi_interconnect_1_imp_auto_pc_0_axi_protocol_converter_v2_1_37_a_axi3_conv/system_axi_interconnect_1_imp_auto_pc_0_axi_data_fifo_v2_1_36_axic_fifo/system_axi_interconnect_1_imp_auto_pc_0_axi_data_fifo_v2_1_36_fifo_gen/<hidden>/<hidden>/<hidden>/<hidden>/<hidden>/<hidden>
                            (rising edge-triggered cell FDPE clocked by host_clk_i  {rise@0.000ns fall@12.500ns period=25.000ns})
  Destination:            rocketchip_wrapper/system/system_axi_interconnect_1_0/s00_couplers_imp_8CNLH6/system_axi_interconnect_1_imp_auto_pc_0/system_axi_interconnect_1_imp_auto_pc_0_axi_protocol_converter_v2_1_37_axi_protocol_converter/system_axi_interconnect_1_imp_auto_pc_0_axi_protocol_converter_v2_1_37_axi3_conv/system_axi_interconnect_1_imp_auto_pc_0_axi_protocol_converter_v2_1_37_a_axi3_conv/system_axi_interconnect_1_imp_auto_pc_0_axi_data_fifo_v2_1_36_axic_fifo/system_axi_interconnect_1_imp_auto_pc_0_axi_data_fifo_v2_1_36_fifo_gen/<hidden>/<hidden>/<hidden>/<hidden>/<hidden>/<hidden>
                            (recovery check against rising-edge clock host_clk_i  {rise@0.000ns fall@12.500ns period=25.000ns})
  Path Group:             **async_default**
  Path Type:              Recovery (Max at Slow Process Corner)
  Requirement:            25.000ns  (host_clk_i rise@25.000ns - host_clk_i rise@0.000ns)
  Data Path Delay:        2.558ns  (logic 0.718ns (28.069%)  route 1.840ns (71.931%))
  Logic Levels:           1  (LUT3=1)
  Clock Path Skew:        -0.024ns (DCD - SCD + CPR)
    Destination Clock Delay (DCD):    6.302ns = ( 31.302 - 25.000 ) 
    Source Clock Delay      (SCD):    6.880ns
    Clock Pessimism Removal (CPR):    0.554ns
  Clock Uncertainty:      0.082ns  ((TSJ^2 + DJ^2)^1/2) / 2 + PE
    Total System Jitter     (TSJ):    0.071ns
    Discrete Jitter          (DJ):    0.147ns
    Phase Error              (PE):    0.000ns

    Location             Delay type                Incr(ns)  Path(ns)    Netlist Resource(s)
  -------------------------------------------------------------------    -------------------
                         (clock host_clk_i rise edge)
                                                      0.000     0.000 r  
    H16                                               0.000     0.000 r  clk (IN)
                         net (fo=0)                   0.000     0.000    clk
    H16                  IBUF (Prop_ibuf_I_O)         1.451     1.451 r  ibufg_gclk/O
                         net (fo=1, routed)           1.285     2.736    gclk_i
    MMCME2_ADV_X1Y2      MMCME2_ADV (Prop_mmcme2_adv_CLKIN1_CLKOUT0)
                                                      0.088     2.824 r  MMCME2_BASE_inst/CLKOUT0
                         net (fo=1, routed)           2.206     5.030    host_clk_i
    BUFGCTRL_X0Y16       BUFG (Prop_bufg_I_O)         0.101     5.131 r  bufg_host_clk/O
                         net (fo=17600, routed)       1.749     6.880    rocketchip_wrapper/system/system_axi_interconnect_1_0/s00_couplers_imp_8CNLH6/system_axi_interconnect_1_imp_auto_pc_0/system_axi_interconnect_1_imp_auto_pc_0_axi_protocol_converter_v2_1_37_axi_protocol_converter/system_axi_interconnect_1_imp_auto_pc_0_axi_protocol_converter_v2_1_37_axi3_conv/system_axi_interconnect_1_imp_auto_pc_0_axi_protocol_converter_v2_1_37_a_axi3_conv/system_axi_interconnect_1_imp_auto_pc_0_axi_data_fifo_v2_1_36_axic_fifo/system_axi_interconnect_1_imp_auto_pc_0_axi_data_fifo_v2_1_36_fifo_gen/<hidden>/<hidden>/<hidden>/<hidden>/<hidden>/<hidden>
    SLICE_X27Y46         FDPE                                         r  rocketchip_wrapper/system/system_axi_interconnect_1_0/s00_couplers_imp_8CNLH6/system_axi_interconnect_1_imp_auto_pc_0/system_axi_interconnect_1_imp_auto_pc_0_axi_protocol_converter_v2_1_37_axi_protocol_converter/system_axi_interconnect_1_imp_auto_pc_0_axi_protocol_converter_v2_1_37_axi3_conv/system_axi_interconnect_1_imp_auto_pc_0_axi_protocol_converter_v2_1_37_a_axi3_conv/system_axi_interconnect_1_imp_auto_pc_0_axi_data_fifo_v2_1_36_axic_fifo/system_axi_interconnect_1_imp_auto_pc_0_axi_data_fifo_v2_1_36_fifo_gen/<hidden>/<hidden>/<hidden>/<hidden>/<hidden>/<hidden>
  -------------------------------------------------------------------    -------------------
    SLICE_X27Y46         FDPE (Prop_fdpe_C_Q)         0.419     7.299 f  rocketchip_wrapper/system/system_axi_interconnect_1_0/s00_couplers_imp_8CNLH6/system_axi_interconnect_1_imp_auto_pc_0/system_axi_interconnect_1_imp_auto_pc_0_axi_protocol_converter_v2_1_37_axi_protocol_converter/system_axi_interconnect_1_imp_auto_pc_0_axi_protocol_converter_v2_1_37_axi3_conv/system_axi_interconnect_1_imp_auto_pc_0_axi_protocol_converter_v2_1_37_a_axi3_conv/system_axi_interconnect_1_imp_auto_pc_0_axi_data_fifo_v2_1_36_axic_fifo/system_axi_interconnect_1_imp_auto_pc_0_axi_data_fifo_v2_1_36_fifo_gen/<hidden>/<hidden>/<hidden>/<hidden>/<hidden>/<hidden>
                         net (fo=3, routed)           1.144     8.443    rocketchip_wrapper/system/system_axi_interconnect_1_0/s00_couplers_imp_8CNLH6/system_axi_interconnect_1_imp_auto_pc_0/system_axi_interconnect_1_imp_auto_pc_0_axi_protocol_converter_v2_1_37_axi_protocol_converter/system_axi_interconnect_1_imp_auto_pc_0_axi_protocol_converter_v2_1_37_axi3_conv/system_axi_interconnect_1_imp_auto_pc_0_axi_protocol_converter_v2_1_37_a_axi3_conv/system_axi_interconnect_1_imp_auto_pc_0_axi_data_fifo_v2_1_36_axic_fifo/system_axi_interconnect_1_imp_auto_pc_0_axi_data_fifo_v2_1_36_fifo_gen/<hidden>/<hidden>/<hidden>/<hidden>/<hidden>
    SLICE_X26Y51         LUT3 (Prop_lut3_I2_O)        0.299     8.742 f  rocketchip_wrapper/system/system_axi_interconnect_1_0/s00_couplers_imp_8CNLH6/system_axi_interconnect_1_imp_auto_pc_0/system_axi_interconnect_1_imp_auto_pc_0_axi_protocol_converter_v2_1_37_axi_protocol_converter/system_axi_interconnect_1_imp_auto_pc_0_axi_protocol_converter_v2_1_37_axi3_conv/system_axi_interconnect_1_imp_auto_pc_0_axi_protocol_converter_v2_1_37_a_axi3_conv/system_axi_interconnect_1_imp_auto_pc_0_axi_data_fifo_v2_1_36_axic_fifo/system_axi_interconnect_1_imp_auto_pc_0_axi_data_fifo_v2_1_36_fifo_gen/<hidden>/<hidden>/<hidden>/<hidden>/<hidden>
                         net (fo=32, routed)          0.696     9.438    rocketchip_wrapper/system/system_axi_interconnect_1_0/s00_couplers_imp_8CNLH6/system_axi_interconnect_1_imp_auto_pc_0/system_axi_interconnect_1_imp_auto_pc_0_axi_protocol_converter_v2_1_37_axi_protocol_converter/system_axi_interconnect_1_imp_auto_pc_0_axi_protocol_converter_v2_1_37_axi3_conv/system_axi_interconnect_1_imp_auto_pc_0_axi_protocol_converter_v2_1_37_a_axi3_conv/system_axi_interconnect_1_imp_auto_pc_0_axi_data_fifo_v2_1_36_axic_fifo/system_axi_interconnect_1_imp_auto_pc_0_axi_data_fifo_v2_1_36_fifo_gen/<hidden>/<hidden>/<hidden>/<hidden>/<hidden>/<hidden>
    SLICE_X25Y49         FDCE                                         f  rocketchip_wrapper/system/system_axi_interconnect_1_0/s00_couplers_imp_8CNLH6/system_axi_interconnect_1_imp_auto_pc_0/system_axi_interconnect_1_imp_auto_pc_0_axi_protocol_converter_v2_1_37_axi_protocol_converter/system_axi_interconnect_1_imp_auto_pc_0_axi_protocol_converter_v2_1_37_axi3_conv/system_axi_interconnect_1_imp_auto_pc_0_axi_protocol_converter_v2_1_37_a_axi3_conv/system_axi_interconnect_1_imp_auto_pc_0_axi_data_fifo_v2_1_36_axic_fifo/system_axi_interconnect_1_imp_auto_pc_0_axi_data_fifo_v2_1_36_fifo_gen/<hidden>/<hidden>/<hidden>/<hidden>/<hidden>/<hidden>
  -------------------------------------------------------------------    -------------------

                         (clock host_clk_i rise edge)
                                                     25.000    25.000 r  
    H16                                               0.000    25.000 r  clk (IN)
                         net (fo=0)                   0.000    25.000    clk
    H16                  IBUF (Prop_ibuf_I_O)         1.380    26.380 r  ibufg_gclk/O
                         net (fo=1, routed)           1.162    27.542    gclk_i
    MMCME2_ADV_X1Y2      MMCME2_ADV (Prop_mmcme2_adv_CLKIN1_CLKOUT0)
                                                      0.083    27.625 r  MMCME2_BASE_inst/CLKOUT0
                         net (fo=1, routed)           2.012    29.637    host_clk_i
    BUFGCTRL_X0Y16       BUFG (Prop_bufg_I_O)         0.091    29.728 r  bufg_host_clk/O
                         net (fo=17600, routed)       1.573    31.302    rocketchip_wrapper/system/system_axi_interconnect_1_0/s00_couplers_imp_8CNLH6/system_axi_interconnect_1_imp_auto_pc_0/system_axi_interconnect_1_imp_auto_pc_0_axi_protocol_converter_v2_1_37_axi_protocol_converter/system_axi_interconnect_1_imp_auto_pc_0_axi_protocol_converter_v2_1_37_axi3_conv/system_axi_interconnect_1_imp_auto_pc_0_axi_protocol_converter_v2_1_37_a_axi3_conv/system_axi_interconnect_1_imp_auto_pc_0_axi_data_fifo_v2_1_36_axic_fifo/system_axi_interconnect_1_imp_auto_pc_0_axi_data_fifo_v2_1_36_fifo_gen/<hidden>/<hidden>/<hidden>/<hidden>/<hidden>/<hidden>
    SLICE_X25Y49         FDCE                                         r  rocketchip_wrapper/system/system_axi_interconnect_1_0/s00_couplers_imp_8CNLH6/system_axi_interconnect_1_imp_auto_pc_0/system_axi_interconnect_1_imp_auto_pc_0_axi_protocol_converter_v2_1_37_axi_protocol_converter/system_axi_interconnect_1_imp_auto_pc_0_axi_protocol_converter_v2_1_37_axi3_conv/system_axi_interconnect_1_imp_auto_pc_0_axi_protocol_converter_v2_1_37_a_axi3_conv/system_axi_interconnect_1_imp_auto_pc_0_axi_data_fifo_v2_1_36_axic_fifo/system_axi_interconnect_1_imp_auto_pc_0_axi_data_fifo_v2_1_36_fifo_gen/<hidden>/<hidden>/<hidden>/<hidden>/<hidden>/<hidden>
                         clock pessimism              0.554    31.856    
                         clock uncertainty           -0.082    31.774    
    SLICE_X25Y49         FDCE (Recov_fdce_C_CLR)     -0.405    31.369    rocketchip_wrapper/system/system_axi_interconnect_1_0/s00_couplers_imp_8CNLH6/system_axi_interconnect_1_imp_auto_pc_0/system_axi_interconnect_1_imp_auto_pc_0_axi_protocol_converter_v2_1_37_axi_protocol_converter/system_axi_interconnect_1_imp_auto_pc_0_axi_protocol_converter_v2_1_37_axi3_conv/system_axi_interconnect_1_imp_auto_pc_0_axi_protocol_converter_v2_1_37_a_axi3_conv/system_axi_interconnect_1_imp_auto_pc_0_axi_data_fifo_v2_1_36_axic_fifo/system_axi_interconnect_1_imp_auto_pc_0_axi_data_fifo_v2_1_36_fifo_gen/<hidden>/<hidden>/<hidden>/<hidden>/<hidden>/<hidden>
  -------------------------------------------------------------------
                         required time                         31.369    
                         arrival time                          -9.438    
  -------------------------------------------------------------------
                         slack                                 21.931    





Min Delay Paths
--------------------------------------------------------------------------------------
Slack (MET) :             0.432ns  (arrival time - required time)
  Source:                 rocketchip_wrapper/system/system_axi_interconnect_1_0/s00_couplers_imp_8CNLH6/system_axi_interconnect_1_imp_auto_pc_0/system_axi_interconnect_1_imp_auto_pc_0_axi_protocol_converter_v2_1_37_axi_protocol_converter/system_axi_interconnect_1_imp_auto_pc_0_axi_protocol_converter_v2_1_37_axi3_conv/system_axi_interconnect_1_imp_auto_pc_0_axi_protocol_converter_v2_1_37_a_axi3_conv/system_axi_interconnect_1_imp_auto_pc_0_axi_data_fifo_v2_1_36_axic_fifo/system_axi_interconnect_1_imp_auto_pc_0_axi_data_fifo_v2_1_36_fifo_gen/<hidden>/<hidden>/<hidden>/<hidden>/<hidden>
                            (rising edge-triggered cell FDRE clocked by host_clk_i  {rise@0.000ns fall@12.500ns period=25.000ns})
  Destination:            rocketchip_wrapper/system/system_axi_interconnect_1_0/s00_couplers_imp_8CNLH6/system_axi_interconnect_1_imp_auto_pc_0/system_axi_interconnect_1_imp_auto_pc_0_axi_protocol_converter_v2_1_37_axi_protocol_converter/system_axi_interconnect_1_imp_auto_pc_0_axi_protocol_converter_v2_1_37_axi3_conv/system_axi_interconnect_1_imp_auto_pc_0_axi_protocol_converter_v2_1_37_a_axi3_conv/system_axi_interconnect_1_imp_auto_pc_0_axi_data_fifo_v2_1_36_axic_fifo/system_axi_interconnect_1_imp_auto_pc_0_axi_data_fifo_v2_1_36_fifo_gen/<hidden>/<hidden>/<hidden>/<hidden>/<hidden>/<hidden>
                            (removal check against rising-edge clock host_clk_i  {rise@0.000ns fall@12.500ns period=25.000ns})
  Path Group:             **async_default**
  Path Type:              Removal (Min at Fast Process Corner)
  Requirement:            0.000ns  (host_clk_i rise@0.000ns - host_clk_i rise@0.000ns)
  Data Path Delay:        0.626ns  (logic 0.209ns (33.391%)  route 0.417ns (66.609%))
  Logic Levels:           1  (LUT3=1)
  Clock Path Skew:        0.286ns (DCD - SCD - CPR)
    Destination Clock Delay (DCD):    2.580ns
    Source Clock Delay      (SCD):    2.005ns
    Clock Pessimism Removal (CPR):    0.289ns

    Location             Delay type                Incr(ns)  Path(ns)    Netlist Resource(s)
  -------------------------------------------------------------------    -------------------
                         (clock host_clk_i rise edge)
                                                      0.000     0.000 r  
    H16                                               0.000     0.000 r  clk (IN)
                         net (fo=0)                   0.000     0.000    clk
    H16                  IBUF (Prop_ibuf_I_O)         0.219     0.219 r  ibufg_gclk/O
                         net (fo=1, routed)           0.440     0.659    gclk_i
    MMCME2_ADV_X1Y2      MMCME2_ADV (Prop_mmcme2_adv_CLKIN1_CLKOUT0)
                                                      0.050     0.709 r  MMCME2_BASE_inst/CLKOUT0
                         net (fo=1, routed)           0.696     1.405    host_clk_i
    BUFGCTRL_X0Y16       BUFG (Prop_bufg_I_O)         0.026     1.431 r  bufg_host_clk/O
                         net (fo=17600, routed)       0.574     2.005    rocketchip_wrapper/system/system_axi_interconnect_1_0/s00_couplers_imp_8CNLH6/system_axi_interconnect_1_imp_auto_pc_0/system_axi_interconnect_1_imp_auto_pc_0_axi_protocol_converter_v2_1_37_axi_protocol_converter/system_axi_interconnect_1_imp_auto_pc_0_axi_protocol_converter_v2_1_37_axi3_conv/system_axi_interconnect_1_imp_auto_pc_0_axi_protocol_converter_v2_1_37_a_axi3_conv/system_axi_interconnect_1_imp_auto_pc_0_axi_data_fifo_v2_1_36_axic_fifo/system_axi_interconnect_1_imp_auto_pc_0_axi_data_fifo_v2_1_36_fifo_gen/<hidden>/<hidden>/<hidden>/<hidden>/<hidden>
    SLICE_X26Y51         FDRE                                         r  rocketchip_wrapper/system/system_axi_interconnect_1_0/s00_couplers_imp_8CNLH6/system_axi_interconnect_1_imp_auto_pc_0/system_axi_interconnect_1_imp_auto_pc_0_axi_protocol_converter_v2_1_37_axi_protocol_converter/system_axi_interconnect_1_imp_auto_pc_0_axi_protocol_converter_v2_1_37_axi3_conv/system_axi_interconnect_1_imp_auto_pc_0_axi_protocol_converter_v2_1_37_a_axi3_conv/system_axi_interconnect_1_imp_auto_pc_0_axi_data_fifo_v2_1_36_axic_fifo/system_axi_interconnect_1_imp_auto_pc_0_axi_data_fifo_v2_1_36_fifo_gen/<hidden>/<hidden>/<hidden>/<hidden>/<hidden>
  -------------------------------------------------------------------    -------------------
    SLICE_X26Y51         FDRE (Prop_fdre_C_Q)         0.164     2.169 f  rocketchip_wrapper/system/system_axi_interconnect_1_0/s00_couplers_imp_8CNLH6/system_axi_interconnect_1_imp_auto_pc_0/system_axi_interconnect_1_imp_auto_pc_0_axi_protocol_converter_v2_1_37_axi_protocol_converter/system_axi_interconnect_1_imp_auto_pc_0_axi_protocol_converter_v2_1_37_axi3_conv/system_axi_interconnect_1_imp_auto_pc_0_axi_protocol_converter_v2_1_37_a_axi3_conv/system_axi_interconnect_1_imp_auto_pc_0_axi_data_fifo_v2_1_36_axic_fifo/system_axi_interconnect_1_imp_auto_pc_0_axi_data_fifo_v2_1_36_fifo_gen/<hidden>/<hidden>/<hidden>/<hidden>/<hidden>
                         net (fo=3, routed)           0.186     2.356    rocketchip_wrapper/system/system_axi_interconnect_1_0/s00_couplers_imp_8CNLH6/system_axi_interconnect_1_imp_auto_pc_0/system_axi_interconnect_1_imp_auto_pc_0_axi_protocol_converter_v2_1_37_axi_protocol_converter/system_axi_interconnect_1_imp_auto_pc_0_axi_protocol_converter_v2_1_37_axi3_conv/system_axi_interconnect_1_imp_auto_pc_0_axi_protocol_converter_v2_1_37_a_axi3_conv/system_axi_interconnect_1_imp_auto_pc_0_axi_data_fifo_v2_1_36_axic_fifo/system_axi_interconnect_1_imp_auto_pc_0_axi_data_fifo_v2_1_36_fifo_gen/<hidden>/<hidden>/<hidden>/<hidden>/<hidden>
    SLICE_X26Y51         LUT3 (Prop_lut3_I1_O)        0.045     2.401 f  rocketchip_wrapper/system/system_axi_interconnect_1_0/s00_couplers_imp_8CNLH6/system_axi_interconnect_1_imp_auto_pc_0/system_axi_interconnect_1_imp_auto_pc_0_axi_protocol_converter_v2_1_37_axi_protocol_converter/system_axi_interconnect_1_imp_auto_pc_0_axi_protocol_converter_v2_1_37_axi3_conv/system_axi_interconnect_1_imp_auto_pc_0_axi_protocol_converter_v2_1_37_a_axi3_conv/system_axi_interconnect_1_imp_auto_pc_0_axi_data_fifo_v2_1_36_axic_fifo/system_axi_interconnect_1_imp_auto_pc_0_axi_data_fifo_v2_1_36_fifo_gen/<hidden>/<hidden>/<hidden>/<hidden>/<hidden>
                         net (fo=32, routed)          0.231     2.631    rocketchip_wrapper/system/system_axi_interconnect_1_0/s00_couplers_imp_8CNLH6/system_axi_interconnect_1_imp_auto_pc_0/system_axi_interconnect_1_imp_auto_pc_0_axi_protocol_converter_v2_1_37_axi_protocol_converter/system_axi_interconnect_1_imp_auto_pc_0_axi_protocol_converter_v2_1_37_axi3_conv/system_axi_interconnect_1_imp_auto_pc_0_axi_protocol_converter_v2_1_37_a_axi3_conv/system_axi_interconnect_1_imp_auto_pc_0_axi_data_fifo_v2_1_36_axic_fifo/system_axi_interconnect_1_imp_auto_pc_0_axi_data_fifo_v2_1_36_fifo_gen/<hidden>/<hidden>/<hidden>/<hidden>/<hidden>/<hidden>
    SLICE_X25Y49         FDCE                                         f  rocketchip_wrapper/system/system_axi_interconnect_1_0/s00_couplers_imp_8CNLH6/system_axi_interconnect_1_imp_auto_pc_0/system_axi_interconnect_1_imp_auto_pc_0_axi_protocol_converter_v2_1_37_axi_protocol_converter/system_axi_interconnect_1_imp_auto_pc_0_axi_protocol_converter_v2_1_37_axi3_conv/system_axi_interconnect_1_imp_auto_pc_0_axi_protocol_converter_v2_1_37_a_axi3_conv/system_axi_interconnect_1_imp_auto_pc_0_axi_data_fifo_v2_1_36_axic_fifo/system_axi_interconnect_1_imp_auto_pc_0_axi_data_fifo_v2_1_36_fifo_gen/<hidden>/<hidden>/<hidden>/<hidden>/<hidden>/<hidden>
  -------------------------------------------------------------------    -------------------

                         (clock host_clk_i rise edge)
                                                      0.000     0.000 r  
    H16                                               0.000     0.000 r  clk (IN)
                         net (fo=0)                   0.000     0.000    clk
    H16                  IBUF (Prop_ibuf_I_O)         0.406     0.406 r  ibufg_gclk/O
                         net (fo=1, routed)           0.480     0.886    gclk_i
    MMCME2_ADV_X1Y2      MMCME2_ADV (Prop_mmcme2_adv_CLKIN1_CLKOUT0)
                                                      0.053     0.939 r  MMCME2_BASE_inst/CLKOUT0
                         net (fo=1, routed)           0.752     1.691    host_clk_i
    BUFGCTRL_X0Y16       BUFG (Prop_bufg_I_O)         0.029     1.720 r  bufg_host_clk/O
                         net (fo=17600, routed)       0.860     2.580    rocketchip_wrapper/system/system_axi_interconnect_1_0/s00_couplers_imp_8CNLH6/system_axi_interconnect_1_imp_auto_pc_0/system_axi_interconnect_1_imp_auto_pc_0_axi_protocol_converter_v2_1_37_axi_protocol_converter/system_axi_interconnect_1_imp_auto_pc_0_axi_protocol_converter_v2_1_37_axi3_conv/system_axi_interconnect_1_imp_auto_pc_0_axi_protocol_converter_v2_1_37_a_axi3_conv/system_axi_interconnect_1_imp_auto_pc_0_axi_data_fifo_v2_1_36_axic_fifo/system_axi_interconnect_1_imp_auto_pc_0_axi_data_fifo_v2_1_36_fifo_gen/<hidden>/<hidden>/<hidden>/<hidden>/<hidden>/<hidden>
    SLICE_X25Y49         FDCE                                         r  rocketchip_wrapper/system/system_axi_interconnect_1_0/s00_couplers_imp_8CNLH6/system_axi_interconnect_1_imp_auto_pc_0/system_axi_interconnect_1_imp_auto_pc_0_axi_protocol_converter_v2_1_37_axi_protocol_converter/system_axi_interconnect_1_imp_auto_pc_0_axi_protocol_converter_v2_1_37_axi3_conv/system_axi_interconnect_1_imp_auto_pc_0_axi_protocol_converter_v2_1_37_a_axi3_conv/system_axi_interconnect_1_imp_auto_pc_0_axi_data_fifo_v2_1_36_axic_fifo/system_axi_interconnect_1_imp_auto_pc_0_axi_data_fifo_v2_1_36_fifo_gen/<hidden>/<hidden>/<hidden>/<hidden>/<hidden>/<hidden>
                         clock pessimism             -0.289     2.291    
    SLICE_X25Y49         FDCE (Remov_fdce_C_CLR)     -0.092     2.199    rocketchip_wrapper/system/system_axi_interconnect_1_0/s00_couplers_imp_8CNLH6/system_axi_interconnect_1_imp_auto_pc_0/system_axi_interconnect_1_imp_auto_pc_0_axi_protocol_converter_v2_1_37_axi_protocol_converter/system_axi_interconnect_1_imp_auto_pc_0_axi_protocol_converter_v2_1_37_axi3_conv/system_axi_interconnect_1_imp_auto_pc_0_axi_protocol_converter_v2_1_37_a_axi3_conv/system_axi_interconnect_1_imp_auto_pc_0_axi_data_fifo_v2_1_36_axic_fifo/system_axi_interconnect_1_imp_auto_pc_0_axi_data_fifo_v2_1_36_fifo_gen/<hidden>/<hidden>/<hidden>/<hidden>/<hidden>/<hidden>
  -------------------------------------------------------------------
                         required time                         -2.199    
                         arrival time                           2.631    
  -------------------------------------------------------------------
                         slack                                  0.432    

Slack (MET) :             0.432ns  (arrival time - required time)
  Source:                 rocketchip_wrapper/system/system_axi_interconnect_1_0/s00_couplers_imp_8CNLH6/system_axi_interconnect_1_imp_auto_pc_0/system_axi_interconnect_1_imp_auto_pc_0_axi_protocol_converter_v2_1_37_axi_protocol_converter/system_axi_interconnect_1_imp_auto_pc_0_axi_protocol_converter_v2_1_37_axi3_conv/system_axi_interconnect_1_imp_auto_pc_0_axi_protocol_converter_v2_1_37_a_axi3_conv/system_axi_interconnect_1_imp_auto_pc_0_axi_data_fifo_v2_1_36_axic_fifo/system_axi_interconnect_1_imp_auto_pc_0_axi_data_fifo_v2_1_36_fifo_gen/<hidden>/<hidden>/<hidden>/<hidden>/<hidden>
                            (rising edge-triggered cell FDRE clocked by host_clk_i  {rise@0.000ns fall@12.500ns period=25.000ns})
  Destination:            rocketchip_wrapper/system/system_axi_interconnect_1_0/s00_couplers_imp_8CNLH6/system_axi_interconnect_1_imp_auto_pc_0/system_axi_interconnect_1_imp_auto_pc_0_axi_protocol_converter_v2_1_37_axi_protocol_converter/system_axi_interconnect_1_imp_auto_pc_0_axi_protocol_converter_v2_1_37_axi3_conv/system_axi_interconnect_1_imp_auto_pc_0_axi_protocol_converter_v2_1_37_a_axi3_conv/system_axi_interconnect_1_imp_auto_pc_0_axi_data_fifo_v2_1_36_axic_fifo/system_axi_interconnect_1_imp_auto_pc_0_axi_data_fifo_v2_1_36_fifo_gen/<hidden>/<hidden>/<hidden>/<hidden>/<hidden>/<hidden>
                            (removal check against rising-edge clock host_clk_i  {rise@0.000ns fall@12.500ns period=25.000ns})
  Path Group:             **async_default**
  Path Type:              Removal (Min at Fast Process Corner)
  Requirement:            0.000ns  (host_clk_i rise@0.000ns - host_clk_i rise@0.000ns)
  Data Path Delay:        0.626ns  (logic 0.209ns (33.391%)  route 0.417ns (66.609%))
  Logic Levels:           1  (LUT3=1)
  Clock Path Skew:        0.286ns (DCD - SCD - CPR)
    Destination Clock Delay (DCD):    2.580ns
    Source Clock Delay      (SCD):    2.005ns
    Clock Pessimism Removal (CPR):    0.289ns

    Location             Delay type                Incr(ns)  Path(ns)    Netlist Resource(s)
  -------------------------------------------------------------------    -------------------
                         (clock host_clk_i rise edge)
                                                      0.000     0.000 r  
    H16                                               0.000     0.000 r  clk (IN)
                         net (fo=0)                   0.000     0.000    clk
    H16                  IBUF (Prop_ibuf_I_O)         0.219     0.219 r  ibufg_gclk/O
                         net (fo=1, routed)           0.440     0.659    gclk_i
    MMCME2_ADV_X1Y2      MMCME2_ADV (Prop_mmcme2_adv_CLKIN1_CLKOUT0)
                                                      0.050     0.709 r  MMCME2_BASE_inst/CLKOUT0
                         net (fo=1, routed)           0.696     1.405    host_clk_i
    BUFGCTRL_X0Y16       BUFG (Prop_bufg_I_O)         0.026     1.431 r  bufg_host_clk/O
                         net (fo=17600, routed)       0.574     2.005    rocketchip_wrapper/system/system_axi_interconnect_1_0/s00_couplers_imp_8CNLH6/system_axi_interconnect_1_imp_auto_pc_0/system_axi_interconnect_1_imp_auto_pc_0_axi_protocol_converter_v2_1_37_axi_protocol_converter/system_axi_interconnect_1_imp_auto_pc_0_axi_protocol_converter_v2_1_37_axi3_conv/system_axi_interconnect_1_imp_auto_pc_0_axi_protocol_converter_v2_1_37_a_axi3_conv/system_axi_interconnect_1_imp_auto_pc_0_axi_data_fifo_v2_1_36_axic_fifo/system_axi_interconnect_1_imp_auto_pc_0_axi_data_fifo_v2_1_36_fifo_gen/<hidden>/<hidden>/<hidden>/<hidden>/<hidden>
    SLICE_X26Y51         FDRE                                         r  rocketchip_wrapper/system/system_axi_interconnect_1_0/s00_couplers_imp_8CNLH6/system_axi_interconnect_1_imp_auto_pc_0/system_axi_interconnect_1_imp_auto_pc_0_axi_protocol_converter_v2_1_37_axi_protocol_converter/system_axi_interconnect_1_imp_auto_pc_0_axi_protocol_converter_v2_1_37_axi3_conv/system_axi_interconnect_1_imp_auto_pc_0_axi_protocol_converter_v2_1_37_a_axi3_conv/system_axi_interconnect_1_imp_auto_pc_0_axi_data_fifo_v2_1_36_axic_fifo/system_axi_interconnect_1_imp_auto_pc_0_axi_data_fifo_v2_1_36_fifo_gen/<hidden>/<hidden>/<hidden>/<hidden>/<hidden>
  -------------------------------------------------------------------    -------------------
    SLICE_X26Y51         FDRE (Prop_fdre_C_Q)         0.164     2.169 f  rocketchip_wrapper/system/system_axi_interconnect_1_0/s00_couplers_imp_8CNLH6/system_axi_interconnect_1_imp_auto_pc_0/system_axi_interconnect_1_imp_auto_pc_0_axi_protocol_converter_v2_1_37_axi_protocol_converter/system_axi_interconnect_1_imp_auto_pc_0_axi_protocol_converter_v2_1_37_axi3_conv/system_axi_interconnect_1_imp_auto_pc_0_axi_protocol_converter_v2_1_37_a_axi3_conv/system_axi_interconnect_1_imp_auto_pc_0_axi_data_fifo_v2_1_36_axic_fifo/system_axi_interconnect_1_imp_auto_pc_0_axi_data_fifo_v2_1_36_fifo_gen/<hidden>/<hidden>/<hidden>/<hidden>/<hidden>
                         net (fo=3, routed)           0.186     2.356    rocketchip_wrapper/system/system_axi_interconnect_1_0/s00_couplers_imp_8CNLH6/system_axi_interconnect_1_imp_auto_pc_0/system_axi_interconnect_1_imp_auto_pc_0_axi_protocol_converter_v2_1_37_axi_protocol_converter/system_axi_interconnect_1_imp_auto_pc_0_axi_protocol_converter_v2_1_37_axi3_conv/system_axi_interconnect_1_imp_auto_pc_0_axi_protocol_converter_v2_1_37_a_axi3_conv/system_axi_interconnect_1_imp_auto_pc_0_axi_data_fifo_v2_1_36_axic_fifo/system_axi_interconnect_1_imp_auto_pc_0_axi_data_fifo_v2_1_36_fifo_gen/<hidden>/<hidden>/<hidden>/<hidden>/<hidden>
    SLICE_X26Y51         LUT3 (Prop_lut3_I1_O)        0.045     2.401 f  rocketchip_wrapper/system/system_axi_interconnect_1_0/s00_couplers_imp_8CNLH6/system_axi_interconnect_1_imp_auto_pc_0/system_axi_interconnect_1_imp_auto_pc_0_axi_protocol_converter_v2_1_37_axi_protocol_converter/system_axi_interconnect_1_imp_auto_pc_0_axi_protocol_converter_v2_1_37_axi3_conv/system_axi_interconnect_1_imp_auto_pc_0_axi_protocol_converter_v2_1_37_a_axi3_conv/system_axi_interconnect_1_imp_auto_pc_0_axi_data_fifo_v2_1_36_axic_fifo/system_axi_interconnect_1_imp_auto_pc_0_axi_data_fifo_v2_1_36_fifo_gen/<hidden>/<hidden>/<hidden>/<hidden>/<hidden>
                         net (fo=32, routed)          0.231     2.631    rocketchip_wrapper/system/system_axi_interconnect_1_0/s00_couplers_imp_8CNLH6/system_axi_interconnect_1_imp_auto_pc_0/system_axi_interconnect_1_imp_auto_pc_0_axi_protocol_converter_v2_1_37_axi_protocol_converter/system_axi_interconnect_1_imp_auto_pc_0_axi_protocol_converter_v2_1_37_axi3_conv/system_axi_interconnect_1_imp_auto_pc_0_axi_protocol_converter_v2_1_37_a_axi3_conv/system_axi_interconnect_1_imp_auto_pc_0_axi_data_fifo_v2_1_36_axic_fifo/system_axi_interconnect_1_imp_auto_pc_0_axi_data_fifo_v2_1_36_fifo_gen/<hidden>/<hidden>/<hidden>/<hidden>/<hidden>/<hidden>
    SLICE_X25Y49         FDCE                                         f  rocketchip_wrapper/system/system_axi_interconnect_1_0/s00_couplers_imp_8CNLH6/system_axi_interconnect_1_imp_auto_pc_0/system_axi_interconnect_1_imp_auto_pc_0_axi_protocol_converter_v2_1_37_axi_protocol_converter/system_axi_interconnect_1_imp_auto_pc_0_axi_protocol_converter_v2_1_37_axi3_conv/system_axi_interconnect_1_imp_auto_pc_0_axi_protocol_converter_v2_1_37_a_axi3_conv/system_axi_interconnect_1_imp_auto_pc_0_axi_data_fifo_v2_1_36_axic_fifo/system_axi_interconnect_1_imp_auto_pc_0_axi_data_fifo_v2_1_36_fifo_gen/<hidden>/<hidden>/<hidden>/<hidden>/<hidden>/<hidden>
  -------------------------------------------------------------------    -------------------

                         (clock host_clk_i rise edge)
                                                      0.000     0.000 r  
    H16                                               0.000     0.000 r  clk (IN)
                         net (fo=0)                   0.000     0.000    clk
    H16                  IBUF (Prop_ibuf_I_O)         0.406     0.406 r  ibufg_gclk/O
                         net (fo=1, routed)           0.480     0.886    gclk_i
    MMCME2_ADV_X1Y2      MMCME2_ADV (Prop_mmcme2_adv_CLKIN1_CLKOUT0)
                                                      0.053     0.939 r  MMCME2_BASE_inst/CLKOUT0
                         net (fo=1, routed)           0.752     1.691    host_clk_i
    BUFGCTRL_X0Y16       BUFG (Prop_bufg_I_O)         0.029     1.720 r  bufg_host_clk/O
                         net (fo=17600, routed)       0.860     2.580    rocketchip_wrapper/system/system_axi_interconnect_1_0/s00_couplers_imp_8CNLH6/system_axi_interconnect_1_imp_auto_pc_0/system_axi_interconnect_1_imp_auto_pc_0_axi_protocol_converter_v2_1_37_axi_protocol_converter/system_axi_interconnect_1_imp_auto_pc_0_axi_protocol_converter_v2_1_37_axi3_conv/system_axi_interconnect_1_imp_auto_pc_0_axi_protocol_converter_v2_1_37_a_axi3_conv/system_axi_interconnect_1_imp_auto_pc_0_axi_data_fifo_v2_1_36_axic_fifo/system_axi_interconnect_1_imp_auto_pc_0_axi_data_fifo_v2_1_36_fifo_gen/<hidden>/<hidden>/<hidden>/<hidden>/<hidden>/<hidden>
    SLICE_X25Y49         FDCE                                         r  rocketchip_wrapper/system/system_axi_interconnect_1_0/s00_couplers_imp_8CNLH6/system_axi_interconnect_1_imp_auto_pc_0/system_axi_interconnect_1_imp_auto_pc_0_axi_protocol_converter_v2_1_37_axi_protocol_converter/system_axi_interconnect_1_imp_auto_pc_0_axi_protocol_converter_v2_1_37_axi3_conv/system_axi_interconnect_1_imp_auto_pc_0_axi_protocol_converter_v2_1_37_a_axi3_conv/system_axi_interconnect_1_imp_auto_pc_0_axi_data_fifo_v2_1_36_axic_fifo/system_axi_interconnect_1_imp_auto_pc_0_axi_data_fifo_v2_1_36_fifo_gen/<hidden>/<hidden>/<hidden>/<hidden>/<hidden>/<hidden>
                         clock pessimism             -0.289     2.291    
    SLICE_X25Y49         FDCE (Remov_fdce_C_CLR)     -0.092     2.199    rocketchip_wrapper/system/system_axi_interconnect_1_0/s00_couplers_imp_8CNLH6/system_axi_interconnect_1_imp_auto_pc_0/system_axi_interconnect_1_imp_auto_pc_0_axi_protocol_converter_v2_1_37_axi_protocol_converter/system_axi_interconnect_1_imp_auto_pc_0_axi_protocol_converter_v2_1_37_axi3_conv/system_axi_interconnect_1_imp_auto_pc_0_axi_protocol_converter_v2_1_37_a_axi3_conv/system_axi_interconnect_1_imp_auto_pc_0_axi_data_fifo_v2_1_36_axic_fifo/system_axi_interconnect_1_imp_auto_pc_0_axi_data_fifo_v2_1_36_fifo_gen/<hidden>/<hidden>/<hidden>/<hidden>/<hidden>/<hidden>
  -------------------------------------------------------------------
                         required time                         -2.199    
                         arrival time                           2.631    
  -------------------------------------------------------------------
                         slack                                  0.432    

Slack (MET) :             0.432ns  (arrival time - required time)
  Source:                 rocketchip_wrapper/system/system_axi_interconnect_1_0/s00_couplers_imp_8CNLH6/system_axi_interconnect_1_imp_auto_pc_0/system_axi_interconnect_1_imp_auto_pc_0_axi_protocol_converter_v2_1_37_axi_protocol_converter/system_axi_interconnect_1_imp_auto_pc_0_axi_protocol_converter_v2_1_37_axi3_conv/system_axi_interconnect_1_imp_auto_pc_0_axi_protocol_converter_v2_1_37_a_axi3_conv/system_axi_interconnect_1_imp_auto_pc_0_axi_data_fifo_v2_1_36_axic_fifo/system_axi_interconnect_1_imp_auto_pc_0_axi_data_fifo_v2_1_36_fifo_gen/<hidden>/<hidden>/<hidden>/<hidden>/<hidden>
                            (rising edge-triggered cell FDRE clocked by host_clk_i  {rise@0.000ns fall@12.500ns period=25.000ns})
  Destination:            rocketchip_wrapper/system/system_axi_interconnect_1_0/s00_couplers_imp_8CNLH6/system_axi_interconnect_1_imp_auto_pc_0/system_axi_interconnect_1_imp_auto_pc_0_axi_protocol_converter_v2_1_37_axi_protocol_converter/system_axi_interconnect_1_imp_auto_pc_0_axi_protocol_converter_v2_1_37_axi3_conv/system_axi_interconnect_1_imp_auto_pc_0_axi_protocol_converter_v2_1_37_a_axi3_conv/system_axi_interconnect_1_imp_auto_pc_0_axi_data_fifo_v2_1_36_axic_fifo/system_axi_interconnect_1_imp_auto_pc_0_axi_data_fifo_v2_1_36_fifo_gen/<hidden>/<hidden>/<hidden>/<hidden>/<hidden>/<hidden>
                            (removal check against rising-edge clock host_clk_i  {rise@0.000ns fall@12.500ns period=25.000ns})
  Path Group:             **async_default**
  Path Type:              Removal (Min at Fast Process Corner)
  Requirement:            0.000ns  (host_clk_i rise@0.000ns - host_clk_i rise@0.000ns)
  Data Path Delay:        0.626ns  (logic 0.209ns (33.391%)  route 0.417ns (66.609%))
  Logic Levels:           1  (LUT3=1)
  Clock Path Skew:        0.286ns (DCD - SCD - CPR)
    Destination Clock Delay (DCD):    2.580ns
    Source Clock Delay      (SCD):    2.005ns
    Clock Pessimism Removal (CPR):    0.289ns

    Location             Delay type                Incr(ns)  Path(ns)    Netlist Resource(s)
  -------------------------------------------------------------------    -------------------
                         (clock host_clk_i rise edge)
                                                      0.000     0.000 r  
    H16                                               0.000     0.000 r  clk (IN)
                         net (fo=0)                   0.000     0.000    clk
    H16                  IBUF (Prop_ibuf_I_O)         0.219     0.219 r  ibufg_gclk/O
                         net (fo=1, routed)           0.440     0.659    gclk_i
    MMCME2_ADV_X1Y2      MMCME2_ADV (Prop_mmcme2_adv_CLKIN1_CLKOUT0)
                                                      0.050     0.709 r  MMCME2_BASE_inst/CLKOUT0
                         net (fo=1, routed)           0.696     1.405    host_clk_i
    BUFGCTRL_X0Y16       BUFG (Prop_bufg_I_O)         0.026     1.431 r  bufg_host_clk/O
                         net (fo=17600, routed)       0.574     2.005    rocketchip_wrapper/system/system_axi_interconnect_1_0/s00_couplers_imp_8CNLH6/system_axi_interconnect_1_imp_auto_pc_0/system_axi_interconnect_1_imp_auto_pc_0_axi_protocol_converter_v2_1_37_axi_protocol_converter/system_axi_interconnect_1_imp_auto_pc_0_axi_protocol_converter_v2_1_37_axi3_conv/system_axi_interconnect_1_imp_auto_pc_0_axi_protocol_converter_v2_1_37_a_axi3_conv/system_axi_interconnect_1_imp_auto_pc_0_axi_data_fifo_v2_1_36_axic_fifo/system_axi_interconnect_1_imp_auto_pc_0_axi_data_fifo_v2_1_36_fifo_gen/<hidden>/<hidden>/<hidden>/<hidden>/<hidden>
    SLICE_X26Y51         FDRE                                         r  rocketchip_wrapper/system/system_axi_interconnect_1_0/s00_couplers_imp_8CNLH6/system_axi_interconnect_1_imp_auto_pc_0/system_axi_interconnect_1_imp_auto_pc_0_axi_protocol_converter_v2_1_37_axi_protocol_converter/system_axi_interconnect_1_imp_auto_pc_0_axi_protocol_converter_v2_1_37_axi3_conv/system_axi_interconnect_1_imp_auto_pc_0_axi_protocol_converter_v2_1_37_a_axi3_conv/system_axi_interconnect_1_imp_auto_pc_0_axi_data_fifo_v2_1_36_axic_fifo/system_axi_interconnect_1_imp_auto_pc_0_axi_data_fifo_v2_1_36_fifo_gen/<hidden>/<hidden>/<hidden>/<hidden>/<hidden>
  -------------------------------------------------------------------    -------------------
    SLICE_X26Y51         FDRE (Prop_fdre_C_Q)         0.164     2.169 f  rocketchip_wrapper/system/system_axi_interconnect_1_0/s00_couplers_imp_8CNLH6/system_axi_interconnect_1_imp_auto_pc_0/system_axi_interconnect_1_imp_auto_pc_0_axi_protocol_converter_v2_1_37_axi_protocol_converter/system_axi_interconnect_1_imp_auto_pc_0_axi_protocol_converter_v2_1_37_axi3_conv/system_axi_interconnect_1_imp_auto_pc_0_axi_protocol_converter_v2_1_37_a_axi3_conv/system_axi_interconnect_1_imp_auto_pc_0_axi_data_fifo_v2_1_36_axic_fifo/system_axi_interconnect_1_imp_auto_pc_0_axi_data_fifo_v2_1_36_fifo_gen/<hidden>/<hidden>/<hidden>/<hidden>/<hidden>
                         net (fo=3, routed)           0.186     2.356    rocketchip_wrapper/system/system_axi_interconnect_1_0/s00_couplers_imp_8CNLH6/system_axi_interconnect_1_imp_auto_pc_0/system_axi_interconnect_1_imp_auto_pc_0_axi_protocol_converter_v2_1_37_axi_protocol_converter/system_axi_interconnect_1_imp_auto_pc_0_axi_protocol_converter_v2_1_37_axi3_conv/system_axi_interconnect_1_imp_auto_pc_0_axi_protocol_converter_v2_1_37_a_axi3_conv/system_axi_interconnect_1_imp_auto_pc_0_axi_data_fifo_v2_1_36_axic_fifo/system_axi_interconnect_1_imp_auto_pc_0_axi_data_fifo_v2_1_36_fifo_gen/<hidden>/<hidden>/<hidden>/<hidden>/<hidden>
    SLICE_X26Y51         LUT3 (Prop_lut3_I1_O)        0.045     2.401 f  rocketchip_wrapper/system/system_axi_interconnect_1_0/s00_couplers_imp_8CNLH6/system_axi_interconnect_1_imp_auto_pc_0/system_axi_interconnect_1_imp_auto_pc_0_axi_protocol_converter_v2_1_37_axi_protocol_converter/system_axi_interconnect_1_imp_auto_pc_0_axi_protocol_converter_v2_1_37_axi3_conv/system_axi_interconnect_1_imp_auto_pc_0_axi_protocol_converter_v2_1_37_a_axi3_conv/system_axi_interconnect_1_imp_auto_pc_0_axi_data_fifo_v2_1_36_axic_fifo/system_axi_interconnect_1_imp_auto_pc_0_axi_data_fifo_v2_1_36_fifo_gen/<hidden>/<hidden>/<hidden>/<hidden>/<hidden>
                         net (fo=32, routed)          0.231     2.631    rocketchip_wrapper/system/system_axi_interconnect_1_0/s00_couplers_imp_8CNLH6/system_axi_interconnect_1_imp_auto_pc_0/system_axi_interconnect_1_imp_auto_pc_0_axi_protocol_converter_v2_1_37_axi_protocol_converter/system_axi_interconnect_1_imp_auto_pc_0_axi_protocol_converter_v2_1_37_axi3_conv/system_axi_interconnect_1_imp_auto_pc_0_axi_protocol_converter_v2_1_37_a_axi3_conv/system_axi_interconnect_1_imp_auto_pc_0_axi_data_fifo_v2_1_36_axic_fifo/system_axi_interconnect_1_imp_auto_pc_0_axi_data_fifo_v2_1_36_fifo_gen/<hidden>/<hidden>/<hidden>/<hidden>/<hidden>/<hidden>
    SLICE_X25Y49         FDCE                                         f  rocketchip_wrapper/system/system_axi_interconnect_1_0/s00_couplers_imp_8CNLH6/system_axi_interconnect_1_imp_auto_pc_0/system_axi_interconnect_1_imp_auto_pc_0_axi_protocol_converter_v2_1_37_axi_protocol_converter/system_axi_interconnect_1_imp_auto_pc_0_axi_protocol_converter_v2_1_37_axi3_conv/system_axi_interconnect_1_imp_auto_pc_0_axi_protocol_converter_v2_1_37_a_axi3_conv/system_axi_interconnect_1_imp_auto_pc_0_axi_data_fifo_v2_1_36_axic_fifo/system_axi_interconnect_1_imp_auto_pc_0_axi_data_fifo_v2_1_36_fifo_gen/<hidden>/<hidden>/<hidden>/<hidden>/<hidden>/<hidden>
  -------------------------------------------------------------------    -------------------

                         (clock host_clk_i rise edge)
                                                      0.000     0.000 r  
    H16                                               0.000     0.000 r  clk (IN)
                         net (fo=0)                   0.000     0.000    clk
    H16                  IBUF (Prop_ibuf_I_O)         0.406     0.406 r  ibufg_gclk/O
                         net (fo=1, routed)           0.480     0.886    gclk_i
    MMCME2_ADV_X1Y2      MMCME2_ADV (Prop_mmcme2_adv_CLKIN1_CLKOUT0)
                                                      0.053     0.939 r  MMCME2_BASE_inst/CLKOUT0
                         net (fo=1, routed)           0.752     1.691    host_clk_i
    BUFGCTRL_X0Y16       BUFG (Prop_bufg_I_O)         0.029     1.720 r  bufg_host_clk/O
                         net (fo=17600, routed)       0.860     2.580    rocketchip_wrapper/system/system_axi_interconnect_1_0/s00_couplers_imp_8CNLH6/system_axi_interconnect_1_imp_auto_pc_0/system_axi_interconnect_1_imp_auto_pc_0_axi_protocol_converter_v2_1_37_axi_protocol_converter/system_axi_interconnect_1_imp_auto_pc_0_axi_protocol_converter_v2_1_37_axi3_conv/system_axi_interconnect_1_imp_auto_pc_0_axi_protocol_converter_v2_1_37_a_axi3_conv/system_axi_interconnect_1_imp_auto_pc_0_axi_data_fifo_v2_1_36_axic_fifo/system_axi_interconnect_1_imp_auto_pc_0_axi_data_fifo_v2_1_36_fifo_gen/<hidden>/<hidden>/<hidden>/<hidden>/<hidden>/<hidden>
    SLICE_X25Y49         FDCE                                         r  rocketchip_wrapper/system/system_axi_interconnect_1_0/s00_couplers_imp_8CNLH6/system_axi_interconnect_1_imp_auto_pc_0/system_axi_interconnect_1_imp_auto_pc_0_axi_protocol_converter_v2_1_37_axi_protocol_converter/system_axi_interconnect_1_imp_auto_pc_0_axi_protocol_converter_v2_1_37_axi3_conv/system_axi_interconnect_1_imp_auto_pc_0_axi_protocol_converter_v2_1_37_a_axi3_conv/system_axi_interconnect_1_imp_auto_pc_0_axi_data_fifo_v2_1_36_axic_fifo/system_axi_interconnect_1_imp_auto_pc_0_axi_data_fifo_v2_1_36_fifo_gen/<hidden>/<hidden>/<hidden>/<hidden>/<hidden>/<hidden>
                         clock pessimism             -0.289     2.291    
    SLICE_X25Y49         FDCE (Remov_fdce_C_CLR)     -0.092     2.199    rocketchip_wrapper/system/system_axi_interconnect_1_0/s00_couplers_imp_8CNLH6/system_axi_interconnect_1_imp_auto_pc_0/system_axi_interconnect_1_imp_auto_pc_0_axi_protocol_converter_v2_1_37_axi_protocol_converter/system_axi_interconnect_1_imp_auto_pc_0_axi_protocol_converter_v2_1_37_axi3_conv/system_axi_interconnect_1_imp_auto_pc_0_axi_protocol_converter_v2_1_37_a_axi3_conv/system_axi_interconnect_1_imp_auto_pc_0_axi_data_fifo_v2_1_36_axic_fifo/system_axi_interconnect_1_imp_auto_pc_0_axi_data_fifo_v2_1_36_fifo_gen/<hidden>/<hidden>/<hidden>/<hidden>/<hidden>/<hidden>
  -------------------------------------------------------------------
                         required time                         -2.199    
                         arrival time                           2.631    
  -------------------------------------------------------------------
                         slack                                  0.432    

Slack (MET) :             0.432ns  (arrival time - required time)
  Source:                 rocketchip_wrapper/system/system_axi_interconnect_1_0/s00_couplers_imp_8CNLH6/system_axi_interconnect_1_imp_auto_pc_0/system_axi_interconnect_1_imp_auto_pc_0_axi_protocol_converter_v2_1_37_axi_protocol_converter/system_axi_interconnect_1_imp_auto_pc_0_axi_protocol_converter_v2_1_37_axi3_conv/system_axi_interconnect_1_imp_auto_pc_0_axi_protocol_converter_v2_1_37_a_axi3_conv/system_axi_interconnect_1_imp_auto_pc_0_axi_data_fifo_v2_1_36_axic_fifo/system_axi_interconnect_1_imp_auto_pc_0_axi_data_fifo_v2_1_36_fifo_gen/<hidden>/<hidden>/<hidden>/<hidden>/<hidden>
                            (rising edge-triggered cell FDRE clocked by host_clk_i  {rise@0.000ns fall@12.500ns period=25.000ns})
  Destination:            rocketchip_wrapper/system/system_axi_interconnect_1_0/s00_couplers_imp_8CNLH6/system_axi_interconnect_1_imp_auto_pc_0/system_axi_interconnect_1_imp_auto_pc_0_axi_protocol_converter_v2_1_37_axi_protocol_converter/system_axi_interconnect_1_imp_auto_pc_0_axi_protocol_converter_v2_1_37_axi3_conv/system_axi_interconnect_1_imp_auto_pc_0_axi_protocol_converter_v2_1_37_a_axi3_conv/system_axi_interconnect_1_imp_auto_pc_0_axi_data_fifo_v2_1_36_axic_fifo/system_axi_interconnect_1_imp_auto_pc_0_axi_data_fifo_v2_1_36_fifo_gen/<hidden>/<hidden>/<hidden>/<hidden>/<hidden>/<hidden>
                            (removal check against rising-edge clock host_clk_i  {rise@0.000ns fall@12.500ns period=25.000ns})
  Path Group:             **async_default**
  Path Type:              Removal (Min at Fast Process Corner)
  Requirement:            0.000ns  (host_clk_i rise@0.000ns - host_clk_i rise@0.000ns)
  Data Path Delay:        0.626ns  (logic 0.209ns (33.391%)  route 0.417ns (66.609%))
  Logic Levels:           1  (LUT3=1)
  Clock Path Skew:        0.286ns (DCD - SCD - CPR)
    Destination Clock Delay (DCD):    2.580ns
    Source Clock Delay      (SCD):    2.005ns
    Clock Pessimism Removal (CPR):    0.289ns

    Location             Delay type                Incr(ns)  Path(ns)    Netlist Resource(s)
  -------------------------------------------------------------------    -------------------
                         (clock host_clk_i rise edge)
                                                      0.000     0.000 r  
    H16                                               0.000     0.000 r  clk (IN)
                         net (fo=0)                   0.000     0.000    clk
    H16                  IBUF (Prop_ibuf_I_O)         0.219     0.219 r  ibufg_gclk/O
                         net (fo=1, routed)           0.440     0.659    gclk_i
    MMCME2_ADV_X1Y2      MMCME2_ADV (Prop_mmcme2_adv_CLKIN1_CLKOUT0)
                                                      0.050     0.709 r  MMCME2_BASE_inst/CLKOUT0
                         net (fo=1, routed)           0.696     1.405    host_clk_i
    BUFGCTRL_X0Y16       BUFG (Prop_bufg_I_O)         0.026     1.431 r  bufg_host_clk/O
                         net (fo=17600, routed)       0.574     2.005    rocketchip_wrapper/system/system_axi_interconnect_1_0/s00_couplers_imp_8CNLH6/system_axi_interconnect_1_imp_auto_pc_0/system_axi_interconnect_1_imp_auto_pc_0_axi_protocol_converter_v2_1_37_axi_protocol_converter/system_axi_interconnect_1_imp_auto_pc_0_axi_protocol_converter_v2_1_37_axi3_conv/system_axi_interconnect_1_imp_auto_pc_0_axi_protocol_converter_v2_1_37_a_axi3_conv/system_axi_interconnect_1_imp_auto_pc_0_axi_data_fifo_v2_1_36_axic_fifo/system_axi_interconnect_1_imp_auto_pc_0_axi_data_fifo_v2_1_36_fifo_gen/<hidden>/<hidden>/<hidden>/<hidden>/<hidden>
    SLICE_X26Y51         FDRE                                         r  rocketchip_wrapper/system/system_axi_interconnect_1_0/s00_couplers_imp_8CNLH6/system_axi_interconnect_1_imp_auto_pc_0/system_axi_interconnect_1_imp_auto_pc_0_axi_protocol_converter_v2_1_37_axi_protocol_converter/system_axi_interconnect_1_imp_auto_pc_0_axi_protocol_converter_v2_1_37_axi3_conv/system_axi_interconnect_1_imp_auto_pc_0_axi_protocol_converter_v2_1_37_a_axi3_conv/system_axi_interconnect_1_imp_auto_pc_0_axi_data_fifo_v2_1_36_axic_fifo/system_axi_interconnect_1_imp_auto_pc_0_axi_data_fifo_v2_1_36_fifo_gen/<hidden>/<hidden>/<hidden>/<hidden>/<hidden>
  -------------------------------------------------------------------    -------------------
    SLICE_X26Y51         FDRE (Prop_fdre_C_Q)         0.164     2.169 f  rocketchip_wrapper/system/system_axi_interconnect_1_0/s00_couplers_imp_8CNLH6/system_axi_interconnect_1_imp_auto_pc_0/system_axi_interconnect_1_imp_auto_pc_0_axi_protocol_converter_v2_1_37_axi_protocol_converter/system_axi_interconnect_1_imp_auto_pc_0_axi_protocol_converter_v2_1_37_axi3_conv/system_axi_interconnect_1_imp_auto_pc_0_axi_protocol_converter_v2_1_37_a_axi3_conv/system_axi_interconnect_1_imp_auto_pc_0_axi_data_fifo_v2_1_36_axic_fifo/system_axi_interconnect_1_imp_auto_pc_0_axi_data_fifo_v2_1_36_fifo_gen/<hidden>/<hidden>/<hidden>/<hidden>/<hidden>
                         net (fo=3, routed)           0.186     2.356    rocketchip_wrapper/system/system_axi_interconnect_1_0/s00_couplers_imp_8CNLH6/system_axi_interconnect_1_imp_auto_pc_0/system_axi_interconnect_1_imp_auto_pc_0_axi_protocol_converter_v2_1_37_axi_protocol_converter/system_axi_interconnect_1_imp_auto_pc_0_axi_protocol_converter_v2_1_37_axi3_conv/system_axi_interconnect_1_imp_auto_pc_0_axi_protocol_converter_v2_1_37_a_axi3_conv/system_axi_interconnect_1_imp_auto_pc_0_axi_data_fifo_v2_1_36_axic_fifo/system_axi_interconnect_1_imp_auto_pc_0_axi_data_fifo_v2_1_36_fifo_gen/<hidden>/<hidden>/<hidden>/<hidden>/<hidden>
    SLICE_X26Y51         LUT3 (Prop_lut3_I1_O)        0.045     2.401 f  rocketchip_wrapper/system/system_axi_interconnect_1_0/s00_couplers_imp_8CNLH6/system_axi_interconnect_1_imp_auto_pc_0/system_axi_interconnect_1_imp_auto_pc_0_axi_protocol_converter_v2_1_37_axi_protocol_converter/system_axi_interconnect_1_imp_auto_pc_0_axi_protocol_converter_v2_1_37_axi3_conv/system_axi_interconnect_1_imp_auto_pc_0_axi_protocol_converter_v2_1_37_a_axi3_conv/system_axi_interconnect_1_imp_auto_pc_0_axi_data_fifo_v2_1_36_axic_fifo/system_axi_interconnect_1_imp_auto_pc_0_axi_data_fifo_v2_1_36_fifo_gen/<hidden>/<hidden>/<hidden>/<hidden>/<hidden>
                         net (fo=32, routed)          0.231     2.631    rocketchip_wrapper/system/system_axi_interconnect_1_0/s00_couplers_imp_8CNLH6/system_axi_interconnect_1_imp_auto_pc_0/system_axi_interconnect_1_imp_auto_pc_0_axi_protocol_converter_v2_1_37_axi_protocol_converter/system_axi_interconnect_1_imp_auto_pc_0_axi_protocol_converter_v2_1_37_axi3_conv/system_axi_interconnect_1_imp_auto_pc_0_axi_protocol_converter_v2_1_37_a_axi3_conv/system_axi_interconnect_1_imp_auto_pc_0_axi_data_fifo_v2_1_36_axic_fifo/system_axi_interconnect_1_imp_auto_pc_0_axi_data_fifo_v2_1_36_fifo_gen/<hidden>/<hidden>/<hidden>/<hidden>/<hidden>/<hidden>
    SLICE_X25Y49         FDCE                                         f  rocketchip_wrapper/system/system_axi_interconnect_1_0/s00_couplers_imp_8CNLH6/system_axi_interconnect_1_imp_auto_pc_0/system_axi_interconnect_1_imp_auto_pc_0_axi_protocol_converter_v2_1_37_axi_protocol_converter/system_axi_interconnect_1_imp_auto_pc_0_axi_protocol_converter_v2_1_37_axi3_conv/system_axi_interconnect_1_imp_auto_pc_0_axi_protocol_converter_v2_1_37_a_axi3_conv/system_axi_interconnect_1_imp_auto_pc_0_axi_data_fifo_v2_1_36_axic_fifo/system_axi_interconnect_1_imp_auto_pc_0_axi_data_fifo_v2_1_36_fifo_gen/<hidden>/<hidden>/<hidden>/<hidden>/<hidden>/<hidden>
  -------------------------------------------------------------------    -------------------

                         (clock host_clk_i rise edge)
                                                      0.000     0.000 r  
    H16                                               0.000     0.000 r  clk (IN)
                         net (fo=0)                   0.000     0.000    clk
    H16                  IBUF (Prop_ibuf_I_O)         0.406     0.406 r  ibufg_gclk/O
                         net (fo=1, routed)           0.480     0.886    gclk_i
    MMCME2_ADV_X1Y2      MMCME2_ADV (Prop_mmcme2_adv_CLKIN1_CLKOUT0)
                                                      0.053     0.939 r  MMCME2_BASE_inst/CLKOUT0
                         net (fo=1, routed)           0.752     1.691    host_clk_i
    BUFGCTRL_X0Y16       BUFG (Prop_bufg_I_O)         0.029     1.720 r  bufg_host_clk/O
                         net (fo=17600, routed)       0.860     2.580    rocketchip_wrapper/system/system_axi_interconnect_1_0/s00_couplers_imp_8CNLH6/system_axi_interconnect_1_imp_auto_pc_0/system_axi_interconnect_1_imp_auto_pc_0_axi_protocol_converter_v2_1_37_axi_protocol_converter/system_axi_interconnect_1_imp_auto_pc_0_axi_protocol_converter_v2_1_37_axi3_conv/system_axi_interconnect_1_imp_auto_pc_0_axi_protocol_converter_v2_1_37_a_axi3_conv/system_axi_interconnect_1_imp_auto_pc_0_axi_data_fifo_v2_1_36_axic_fifo/system_axi_interconnect_1_imp_auto_pc_0_axi_data_fifo_v2_1_36_fifo_gen/<hidden>/<hidden>/<hidden>/<hidden>/<hidden>/<hidden>
    SLICE_X25Y49         FDCE                                         r  rocketchip_wrapper/system/system_axi_interconnect_1_0/s00_couplers_imp_8CNLH6/system_axi_interconnect_1_imp_auto_pc_0/system_axi_interconnect_1_imp_auto_pc_0_axi_protocol_converter_v2_1_37_axi_protocol_converter/system_axi_interconnect_1_imp_auto_pc_0_axi_protocol_converter_v2_1_37_axi3_conv/system_axi_interconnect_1_imp_auto_pc_0_axi_protocol_converter_v2_1_37_a_axi3_conv/system_axi_interconnect_1_imp_auto_pc_0_axi_data_fifo_v2_1_36_axic_fifo/system_axi_interconnect_1_imp_auto_pc_0_axi_data_fifo_v2_1_36_fifo_gen/<hidden>/<hidden>/<hidden>/<hidden>/<hidden>/<hidden>
                         clock pessimism             -0.289     2.291    
    SLICE_X25Y49         FDCE (Remov_fdce_C_CLR)     -0.092     2.199    rocketchip_wrapper/system/system_axi_interconnect_1_0/s00_couplers_imp_8CNLH6/system_axi_interconnect_1_imp_auto_pc_0/system_axi_interconnect_1_imp_auto_pc_0_axi_protocol_converter_v2_1_37_axi_protocol_converter/system_axi_interconnect_1_imp_auto_pc_0_axi_protocol_converter_v2_1_37_axi3_conv/system_axi_interconnect_1_imp_auto_pc_0_axi_protocol_converter_v2_1_37_a_axi3_conv/system_axi_interconnect_1_imp_auto_pc_0_axi_data_fifo_v2_1_36_axic_fifo/system_axi_interconnect_1_imp_auto_pc_0_axi_data_fifo_v2_1_36_fifo_gen/<hidden>/<hidden>/<hidden>/<hidden>/<hidden>/<hidden>
  -------------------------------------------------------------------
                         required time                         -2.199    
                         arrival time                           2.631    
  -------------------------------------------------------------------
                         slack                                  0.432    

Slack (MET) :             0.435ns  (arrival time - required time)
  Source:                 rocketchip_wrapper/system/system_axi_interconnect_1_0/s00_couplers_imp_8CNLH6/system_axi_interconnect_1_imp_auto_pc_0/system_axi_interconnect_1_imp_auto_pc_0_axi_protocol_converter_v2_1_37_axi_protocol_converter/system_axi_interconnect_1_imp_auto_pc_0_axi_protocol_converter_v2_1_37_axi3_conv/system_axi_interconnect_1_imp_auto_pc_0_axi_protocol_converter_v2_1_37_a_axi3_conv/system_axi_interconnect_1_imp_auto_pc_0_axi_data_fifo_v2_1_36_axic_fifo/system_axi_interconnect_1_imp_auto_pc_0_axi_data_fifo_v2_1_36_fifo_gen/<hidden>/<hidden>/<hidden>/<hidden>/<hidden>
                            (rising edge-triggered cell FDRE clocked by host_clk_i  {rise@0.000ns fall@12.500ns period=25.000ns})
  Destination:            rocketchip_wrapper/system/system_axi_interconnect_1_0/s00_couplers_imp_8CNLH6/system_axi_interconnect_1_imp_auto_pc_0/system_axi_interconnect_1_imp_auto_pc_0_axi_protocol_converter_v2_1_37_axi_protocol_converter/system_axi_interconnect_1_imp_auto_pc_0_axi_protocol_converter_v2_1_37_axi3_conv/system_axi_interconnect_1_imp_auto_pc_0_axi_protocol_converter_v2_1_37_a_axi3_conv/system_axi_interconnect_1_imp_auto_pc_0_axi_data_fifo_v2_1_36_axic_fifo/system_axi_interconnect_1_imp_auto_pc_0_axi_data_fifo_v2_1_36_fifo_gen/<hidden>/<hidden>/<hidden>/<hidden>/<hidden>/<hidden>
                            (removal check against rising-edge clock host_clk_i  {rise@0.000ns fall@12.500ns period=25.000ns})
  Path Group:             **async_default**
  Path Type:              Removal (Min at Fast Process Corner)
  Requirement:            0.000ns  (host_clk_i rise@0.000ns - host_clk_i rise@0.000ns)
  Data Path Delay:        0.626ns  (logic 0.209ns (33.391%)  route 0.417ns (66.609%))
  Logic Levels:           1  (LUT3=1)
  Clock Path Skew:        0.286ns (DCD - SCD - CPR)
    Destination Clock Delay (DCD):    2.580ns
    Source Clock Delay      (SCD):    2.005ns
    Clock Pessimism Removal (CPR):    0.289ns

    Location             Delay type                Incr(ns)  Path(ns)    Netlist Resource(s)
  -------------------------------------------------------------------    -------------------
                         (clock host_clk_i rise edge)
                                                      0.000     0.000 r  
    H16                                               0.000     0.000 r  clk (IN)
                         net (fo=0)                   0.000     0.000    clk
    H16                  IBUF (Prop_ibuf_I_O)         0.219     0.219 r  ibufg_gclk/O
                         net (fo=1, routed)           0.440     0.659    gclk_i
    MMCME2_ADV_X1Y2      MMCME2_ADV (Prop_mmcme2_adv_CLKIN1_CLKOUT0)
                                                      0.050     0.709 r  MMCME2_BASE_inst/CLKOUT0
                         net (fo=1, routed)           0.696     1.405    host_clk_i
    BUFGCTRL_X0Y16       BUFG (Prop_bufg_I_O)         0.026     1.431 r  bufg_host_clk/O
                         net (fo=17600, routed)       0.574     2.005    rocketchip_wrapper/system/system_axi_interconnect_1_0/s00_couplers_imp_8CNLH6/system_axi_interconnect_1_imp_auto_pc_0/system_axi_interconnect_1_imp_auto_pc_0_axi_protocol_converter_v2_1_37_axi_protocol_converter/system_axi_interconnect_1_imp_auto_pc_0_axi_protocol_converter_v2_1_37_axi3_conv/system_axi_interconnect_1_imp_auto_pc_0_axi_protocol_converter_v2_1_37_a_axi3_conv/system_axi_interconnect_1_imp_auto_pc_0_axi_data_fifo_v2_1_36_axic_fifo/system_axi_interconnect_1_imp_auto_pc_0_axi_data_fifo_v2_1_36_fifo_gen/<hidden>/<hidden>/<hidden>/<hidden>/<hidden>
    SLICE_X26Y51         FDRE                                         r  rocketchip_wrapper/system/system_axi_interconnect_1_0/s00_couplers_imp_8CNLH6/system_axi_interconnect_1_imp_auto_pc_0/system_axi_interconnect_1_imp_auto_pc_0_axi_protocol_converter_v2_1_37_axi_protocol_converter/system_axi_interconnect_1_imp_auto_pc_0_axi_protocol_converter_v2_1_37_axi3_conv/system_axi_interconnect_1_imp_auto_pc_0_axi_protocol_converter_v2_1_37_a_axi3_conv/system_axi_interconnect_1_imp_auto_pc_0_axi_data_fifo_v2_1_36_axic_fifo/system_axi_interconnect_1_imp_auto_pc_0_axi_data_fifo_v2_1_36_fifo_gen/<hidden>/<hidden>/<hidden>/<hidden>/<hidden>
  -------------------------------------------------------------------    -------------------
    SLICE_X26Y51         FDRE (Prop_fdre_C_Q)         0.164     2.169 f  rocketchip_wrapper/system/system_axi_interconnect_1_0/s00_couplers_imp_8CNLH6/system_axi_interconnect_1_imp_auto_pc_0/system_axi_interconnect_1_imp_auto_pc_0_axi_protocol_converter_v2_1_37_axi_protocol_converter/system_axi_interconnect_1_imp_auto_pc_0_axi_protocol_converter_v2_1_37_axi3_conv/system_axi_interconnect_1_imp_auto_pc_0_axi_protocol_converter_v2_1_37_a_axi3_conv/system_axi_interconnect_1_imp_auto_pc_0_axi_data_fifo_v2_1_36_axic_fifo/system_axi_interconnect_1_imp_auto_pc_0_axi_data_fifo_v2_1_36_fifo_gen/<hidden>/<hidden>/<hidden>/<hidden>/<hidden>
                         net (fo=3, routed)           0.186     2.356    rocketchip_wrapper/system/system_axi_interconnect_1_0/s00_couplers_imp_8CNLH6/system_axi_interconnect_1_imp_auto_pc_0/system_axi_interconnect_1_imp_auto_pc_0_axi_protocol_converter_v2_1_37_axi_protocol_converter/system_axi_interconnect_1_imp_auto_pc_0_axi_protocol_converter_v2_1_37_axi3_conv/system_axi_interconnect_1_imp_auto_pc_0_axi_protocol_converter_v2_1_37_a_axi3_conv/system_axi_interconnect_1_imp_auto_pc_0_axi_data_fifo_v2_1_36_axic_fifo/system_axi_interconnect_1_imp_auto_pc_0_axi_data_fifo_v2_1_36_fifo_gen/<hidden>/<hidden>/<hidden>/<hidden>/<hidden>
    SLICE_X26Y51         LUT3 (Prop_lut3_I1_O)        0.045     2.401 f  rocketchip_wrapper/system/system_axi_interconnect_1_0/s00_couplers_imp_8CNLH6/system_axi_interconnect_1_imp_auto_pc_0/system_axi_interconnect_1_imp_auto_pc_0_axi_protocol_converter_v2_1_37_axi_protocol_converter/system_axi_interconnect_1_imp_auto_pc_0_axi_protocol_converter_v2_1_37_axi3_conv/system_axi_interconnect_1_imp_auto_pc_0_axi_protocol_converter_v2_1_37_a_axi3_conv/system_axi_interconnect_1_imp_auto_pc_0_axi_data_fifo_v2_1_36_axic_fifo/system_axi_interconnect_1_imp_auto_pc_0_axi_data_fifo_v2_1_36_fifo_gen/<hidden>/<hidden>/<hidden>/<hidden>/<hidden>
                         net (fo=32, routed)          0.231     2.631    rocketchip_wrapper/system/system_axi_interconnect_1_0/s00_couplers_imp_8CNLH6/system_axi_interconnect_1_imp_auto_pc_0/system_axi_interconnect_1_imp_auto_pc_0_axi_protocol_converter_v2_1_37_axi_protocol_converter/system_axi_interconnect_1_imp_auto_pc_0_axi_protocol_converter_v2_1_37_axi3_conv/system_axi_interconnect_1_imp_auto_pc_0_axi_protocol_converter_v2_1_37_a_axi3_conv/system_axi_interconnect_1_imp_auto_pc_0_axi_data_fifo_v2_1_36_axic_fifo/system_axi_interconnect_1_imp_auto_pc_0_axi_data_fifo_v2_1_36_fifo_gen/<hidden>/<hidden>/<hidden>/<hidden>/<hidden>/<hidden>
    SLICE_X25Y49         FDPE                                         f  rocketchip_wrapper/system/system_axi_interconnect_1_0/s00_couplers_imp_8CNLH6/system_axi_interconnect_1_imp_auto_pc_0/system_axi_interconnect_1_imp_auto_pc_0_axi_protocol_converter_v2_1_37_axi_protocol_converter/system_axi_interconnect_1_imp_auto_pc_0_axi_protocol_converter_v2_1_37_axi3_conv/system_axi_interconnect_1_imp_auto_pc_0_axi_protocol_converter_v2_1_37_a_axi3_conv/system_axi_interconnect_1_imp_auto_pc_0_axi_data_fifo_v2_1_36_axic_fifo/system_axi_interconnect_1_imp_auto_pc_0_axi_data_fifo_v2_1_36_fifo_gen/<hidden>/<hidden>/<hidden>/<hidden>/<hidden>/<hidden>
  -------------------------------------------------------------------    -------------------

                         (clock host_clk_i rise edge)
                                                      0.000     0.000 r  
    H16                                               0.000     0.000 r  clk (IN)
                         net (fo=0)                   0.000     0.000    clk
    H16                  IBUF (Prop_ibuf_I_O)         0.406     0.406 r  ibufg_gclk/O
                         net (fo=1, routed)           0.480     0.886    gclk_i
    MMCME2_ADV_X1Y2      MMCME2_ADV (Prop_mmcme2_adv_CLKIN1_CLKOUT0)
                                                      0.053     0.939 r  MMCME2_BASE_inst/CLKOUT0
                         net (fo=1, routed)           0.752     1.691    host_clk_i
    BUFGCTRL_X0Y16       BUFG (Prop_bufg_I_O)         0.029     1.720 r  bufg_host_clk/O
                         net (fo=17600, routed)       0.860     2.580    rocketchip_wrapper/system/system_axi_interconnect_1_0/s00_couplers_imp_8CNLH6/system_axi_interconnect_1_imp_auto_pc_0/system_axi_interconnect_1_imp_auto_pc_0_axi_protocol_converter_v2_1_37_axi_protocol_converter/system_axi_interconnect_1_imp_auto_pc_0_axi_protocol_converter_v2_1_37_axi3_conv/system_axi_interconnect_1_imp_auto_pc_0_axi_protocol_converter_v2_1_37_a_axi3_conv/system_axi_interconnect_1_imp_auto_pc_0_axi_data_fifo_v2_1_36_axic_fifo/system_axi_interconnect_1_imp_auto_pc_0_axi_data_fifo_v2_1_36_fifo_gen/<hidden>/<hidden>/<hidden>/<hidden>/<hidden>/<hidden>
    SLICE_X25Y49         FDPE                                         r  rocketchip_wrapper/system/system_axi_interconnect_1_0/s00_couplers_imp_8CNLH6/system_axi_interconnect_1_imp_auto_pc_0/system_axi_interconnect_1_imp_auto_pc_0_axi_protocol_converter_v2_1_37_axi_protocol_converter/system_axi_interconnect_1_imp_auto_pc_0_axi_protocol_converter_v2_1_37_axi3_conv/system_axi_interconnect_1_imp_auto_pc_0_axi_protocol_converter_v2_1_37_a_axi3_conv/system_axi_interconnect_1_imp_auto_pc_0_axi_data_fifo_v2_1_36_axic_fifo/system_axi_interconnect_1_imp_auto_pc_0_axi_data_fifo_v2_1_36_fifo_gen/<hidden>/<hidden>/<hidden>/<hidden>/<hidden>/<hidden>
                         clock pessimism             -0.289     2.291    
    SLICE_X25Y49         FDPE (Remov_fdpe_C_PRE)     -0.095     2.196    rocketchip_wrapper/system/system_axi_interconnect_1_0/s00_couplers_imp_8CNLH6/system_axi_interconnect_1_imp_auto_pc_0/system_axi_interconnect_1_imp_auto_pc_0_axi_protocol_converter_v2_1_37_axi_protocol_converter/system_axi_interconnect_1_imp_auto_pc_0_axi_protocol_converter_v2_1_37_axi3_conv/system_axi_interconnect_1_imp_auto_pc_0_axi_protocol_converter_v2_1_37_a_axi3_conv/system_axi_interconnect_1_imp_auto_pc_0_axi_data_fifo_v2_1_36_axic_fifo/system_axi_interconnect_1_imp_auto_pc_0_axi_data_fifo_v2_1_36_fifo_gen/<hidden>/<hidden>/<hidden>/<hidden>/<hidden>/<hidden>
  -------------------------------------------------------------------
                         required time                         -2.196    
                         arrival time                           2.631    
  -------------------------------------------------------------------
                         slack                                  0.435    

Slack (MET) :             0.435ns  (arrival time - required time)
  Source:                 rocketchip_wrapper/system/system_axi_interconnect_1_0/s00_couplers_imp_8CNLH6/system_axi_interconnect_1_imp_auto_pc_0/system_axi_interconnect_1_imp_auto_pc_0_axi_protocol_converter_v2_1_37_axi_protocol_converter/system_axi_interconnect_1_imp_auto_pc_0_axi_protocol_converter_v2_1_37_axi3_conv/system_axi_interconnect_1_imp_auto_pc_0_axi_protocol_converter_v2_1_37_a_axi3_conv/system_axi_interconnect_1_imp_auto_pc_0_axi_data_fifo_v2_1_36_axic_fifo/system_axi_interconnect_1_imp_auto_pc_0_axi_data_fifo_v2_1_36_fifo_gen/<hidden>/<hidden>/<hidden>/<hidden>/<hidden>
                            (rising edge-triggered cell FDRE clocked by host_clk_i  {rise@0.000ns fall@12.500ns period=25.000ns})
  Destination:            rocketchip_wrapper/system/system_axi_interconnect_1_0/s00_couplers_imp_8CNLH6/system_axi_interconnect_1_imp_auto_pc_0/system_axi_interconnect_1_imp_auto_pc_0_axi_protocol_converter_v2_1_37_axi_protocol_converter/system_axi_interconnect_1_imp_auto_pc_0_axi_protocol_converter_v2_1_37_axi3_conv/system_axi_interconnect_1_imp_auto_pc_0_axi_protocol_converter_v2_1_37_a_axi3_conv/system_axi_interconnect_1_imp_auto_pc_0_axi_data_fifo_v2_1_36_axic_fifo/system_axi_interconnect_1_imp_auto_pc_0_axi_data_fifo_v2_1_36_fifo_gen/<hidden>/<hidden>/<hidden>/<hidden>/<hidden>/<hidden>
                            (removal check against rising-edge clock host_clk_i  {rise@0.000ns fall@12.500ns period=25.000ns})
  Path Group:             **async_default**
  Path Type:              Removal (Min at Fast Process Corner)
  Requirement:            0.000ns  (host_clk_i rise@0.000ns - host_clk_i rise@0.000ns)
  Data Path Delay:        0.626ns  (logic 0.209ns (33.391%)  route 0.417ns (66.609%))
  Logic Levels:           1  (LUT3=1)
  Clock Path Skew:        0.286ns (DCD - SCD - CPR)
    Destination Clock Delay (DCD):    2.580ns
    Source Clock Delay      (SCD):    2.005ns
    Clock Pessimism Removal (CPR):    0.289ns

    Location             Delay type                Incr(ns)  Path(ns)    Netlist Resource(s)
  -------------------------------------------------------------------    -------------------
                         (clock host_clk_i rise edge)
                                                      0.000     0.000 r  
    H16                                               0.000     0.000 r  clk (IN)
                         net (fo=0)                   0.000     0.000    clk
    H16                  IBUF (Prop_ibuf_I_O)         0.219     0.219 r  ibufg_gclk/O
                         net (fo=1, routed)           0.440     0.659    gclk_i
    MMCME2_ADV_X1Y2      MMCME2_ADV (Prop_mmcme2_adv_CLKIN1_CLKOUT0)
                                                      0.050     0.709 r  MMCME2_BASE_inst/CLKOUT0
                         net (fo=1, routed)           0.696     1.405    host_clk_i
    BUFGCTRL_X0Y16       BUFG (Prop_bufg_I_O)         0.026     1.431 r  bufg_host_clk/O
                         net (fo=17600, routed)       0.574     2.005    rocketchip_wrapper/system/system_axi_interconnect_1_0/s00_couplers_imp_8CNLH6/system_axi_interconnect_1_imp_auto_pc_0/system_axi_interconnect_1_imp_auto_pc_0_axi_protocol_converter_v2_1_37_axi_protocol_converter/system_axi_interconnect_1_imp_auto_pc_0_axi_protocol_converter_v2_1_37_axi3_conv/system_axi_interconnect_1_imp_auto_pc_0_axi_protocol_converter_v2_1_37_a_axi3_conv/system_axi_interconnect_1_imp_auto_pc_0_axi_data_fifo_v2_1_36_axic_fifo/system_axi_interconnect_1_imp_auto_pc_0_axi_data_fifo_v2_1_36_fifo_gen/<hidden>/<hidden>/<hidden>/<hidden>/<hidden>
    SLICE_X26Y51         FDRE                                         r  rocketchip_wrapper/system/system_axi_interconnect_1_0/s00_couplers_imp_8CNLH6/system_axi_interconnect_1_imp_auto_pc_0/system_axi_interconnect_1_imp_auto_pc_0_axi_protocol_converter_v2_1_37_axi_protocol_converter/system_axi_interconnect_1_imp_auto_pc_0_axi_protocol_converter_v2_1_37_axi3_conv/system_axi_interconnect_1_imp_auto_pc_0_axi_protocol_converter_v2_1_37_a_axi3_conv/system_axi_interconnect_1_imp_auto_pc_0_axi_data_fifo_v2_1_36_axic_fifo/system_axi_interconnect_1_imp_auto_pc_0_axi_data_fifo_v2_1_36_fifo_gen/<hidden>/<hidden>/<hidden>/<hidden>/<hidden>
  -------------------------------------------------------------------    -------------------
    SLICE_X26Y51         FDRE (Prop_fdre_C_Q)         0.164     2.169 f  rocketchip_wrapper/system/system_axi_interconnect_1_0/s00_couplers_imp_8CNLH6/system_axi_interconnect_1_imp_auto_pc_0/system_axi_interconnect_1_imp_auto_pc_0_axi_protocol_converter_v2_1_37_axi_protocol_converter/system_axi_interconnect_1_imp_auto_pc_0_axi_protocol_converter_v2_1_37_axi3_conv/system_axi_interconnect_1_imp_auto_pc_0_axi_protocol_converter_v2_1_37_a_axi3_conv/system_axi_interconnect_1_imp_auto_pc_0_axi_data_fifo_v2_1_36_axic_fifo/system_axi_interconnect_1_imp_auto_pc_0_axi_data_fifo_v2_1_36_fifo_gen/<hidden>/<hidden>/<hidden>/<hidden>/<hidden>
                         net (fo=3, routed)           0.186     2.356    rocketchip_wrapper/system/system_axi_interconnect_1_0/s00_couplers_imp_8CNLH6/system_axi_interconnect_1_imp_auto_pc_0/system_axi_interconnect_1_imp_auto_pc_0_axi_protocol_converter_v2_1_37_axi_protocol_converter/system_axi_interconnect_1_imp_auto_pc_0_axi_protocol_converter_v2_1_37_axi3_conv/system_axi_interconnect_1_imp_auto_pc_0_axi_protocol_converter_v2_1_37_a_axi3_conv/system_axi_interconnect_1_imp_auto_pc_0_axi_data_fifo_v2_1_36_axic_fifo/system_axi_interconnect_1_imp_auto_pc_0_axi_data_fifo_v2_1_36_fifo_gen/<hidden>/<hidden>/<hidden>/<hidden>/<hidden>
    SLICE_X26Y51         LUT3 (Prop_lut3_I1_O)        0.045     2.401 f  rocketchip_wrapper/system/system_axi_interconnect_1_0/s00_couplers_imp_8CNLH6/system_axi_interconnect_1_imp_auto_pc_0/system_axi_interconnect_1_imp_auto_pc_0_axi_protocol_converter_v2_1_37_axi_protocol_converter/system_axi_interconnect_1_imp_auto_pc_0_axi_protocol_converter_v2_1_37_axi3_conv/system_axi_interconnect_1_imp_auto_pc_0_axi_protocol_converter_v2_1_37_a_axi3_conv/system_axi_interconnect_1_imp_auto_pc_0_axi_data_fifo_v2_1_36_axic_fifo/system_axi_interconnect_1_imp_auto_pc_0_axi_data_fifo_v2_1_36_fifo_gen/<hidden>/<hidden>/<hidden>/<hidden>/<hidden>
                         net (fo=32, routed)          0.231     2.631    rocketchip_wrapper/system/system_axi_interconnect_1_0/s00_couplers_imp_8CNLH6/system_axi_interconnect_1_imp_auto_pc_0/system_axi_interconnect_1_imp_auto_pc_0_axi_protocol_converter_v2_1_37_axi_protocol_converter/system_axi_interconnect_1_imp_auto_pc_0_axi_protocol_converter_v2_1_37_axi3_conv/system_axi_interconnect_1_imp_auto_pc_0_axi_protocol_converter_v2_1_37_a_axi3_conv/system_axi_interconnect_1_imp_auto_pc_0_axi_data_fifo_v2_1_36_axic_fifo/system_axi_interconnect_1_imp_auto_pc_0_axi_data_fifo_v2_1_36_fifo_gen/<hidden>/<hidden>/<hidden>/<hidden>/<hidden>/<hidden>
    SLICE_X25Y49         FDPE                                         f  rocketchip_wrapper/system/system_axi_interconnect_1_0/s00_couplers_imp_8CNLH6/system_axi_interconnect_1_imp_auto_pc_0/system_axi_interconnect_1_imp_auto_pc_0_axi_protocol_converter_v2_1_37_axi_protocol_converter/system_axi_interconnect_1_imp_auto_pc_0_axi_protocol_converter_v2_1_37_axi3_conv/system_axi_interconnect_1_imp_auto_pc_0_axi_protocol_converter_v2_1_37_a_axi3_conv/system_axi_interconnect_1_imp_auto_pc_0_axi_data_fifo_v2_1_36_axic_fifo/system_axi_interconnect_1_imp_auto_pc_0_axi_data_fifo_v2_1_36_fifo_gen/<hidden>/<hidden>/<hidden>/<hidden>/<hidden>/<hidden>
  -------------------------------------------------------------------    -------------------

                         (clock host_clk_i rise edge)
                                                      0.000     0.000 r  
    H16                                               0.000     0.000 r  clk (IN)
                         net (fo=0)                   0.000     0.000    clk
    H16                  IBUF (Prop_ibuf_I_O)         0.406     0.406 r  ibufg_gclk/O
                         net (fo=1, routed)           0.480     0.886    gclk_i
    MMCME2_ADV_X1Y2      MMCME2_ADV (Prop_mmcme2_adv_CLKIN1_CLKOUT0)
                                                      0.053     0.939 r  MMCME2_BASE_inst/CLKOUT0
                         net (fo=1, routed)           0.752     1.691    host_clk_i
    BUFGCTRL_X0Y16       BUFG (Prop_bufg_I_O)         0.029     1.720 r  bufg_host_clk/O
                         net (fo=17600, routed)       0.860     2.580    rocketchip_wrapper/system/system_axi_interconnect_1_0/s00_couplers_imp_8CNLH6/system_axi_interconnect_1_imp_auto_pc_0/system_axi_interconnect_1_imp_auto_pc_0_axi_protocol_converter_v2_1_37_axi_protocol_converter/system_axi_interconnect_1_imp_auto_pc_0_axi_protocol_converter_v2_1_37_axi3_conv/system_axi_interconnect_1_imp_auto_pc_0_axi_protocol_converter_v2_1_37_a_axi3_conv/system_axi_interconnect_1_imp_auto_pc_0_axi_data_fifo_v2_1_36_axic_fifo/system_axi_interconnect_1_imp_auto_pc_0_axi_data_fifo_v2_1_36_fifo_gen/<hidden>/<hidden>/<hidden>/<hidden>/<hidden>/<hidden>
    SLICE_X25Y49         FDPE                                         r  rocketchip_wrapper/system/system_axi_interconnect_1_0/s00_couplers_imp_8CNLH6/system_axi_interconnect_1_imp_auto_pc_0/system_axi_interconnect_1_imp_auto_pc_0_axi_protocol_converter_v2_1_37_axi_protocol_converter/system_axi_interconnect_1_imp_auto_pc_0_axi_protocol_converter_v2_1_37_axi3_conv/system_axi_interconnect_1_imp_auto_pc_0_axi_protocol_converter_v2_1_37_a_axi3_conv/system_axi_interconnect_1_imp_auto_pc_0_axi_data_fifo_v2_1_36_axic_fifo/system_axi_interconnect_1_imp_auto_pc_0_axi_data_fifo_v2_1_36_fifo_gen/<hidden>/<hidden>/<hidden>/<hidden>/<hidden>/<hidden>
                         clock pessimism             -0.289     2.291    
    SLICE_X25Y49         FDPE (Remov_fdpe_C_PRE)     -0.095     2.196    rocketchip_wrapper/system/system_axi_interconnect_1_0/s00_couplers_imp_8CNLH6/system_axi_interconnect_1_imp_auto_pc_0/system_axi_interconnect_1_imp_auto_pc_0_axi_protocol_converter_v2_1_37_axi_protocol_converter/system_axi_interconnect_1_imp_auto_pc_0_axi_protocol_converter_v2_1_37_axi3_conv/system_axi_interconnect_1_imp_auto_pc_0_axi_protocol_converter_v2_1_37_a_axi3_conv/system_axi_interconnect_1_imp_auto_pc_0_axi_data_fifo_v2_1_36_axic_fifo/system_axi_interconnect_1_imp_auto_pc_0_axi_data_fifo_v2_1_36_fifo_gen/<hidden>/<hidden>/<hidden>/<hidden>/<hidden>/<hidden>
  -------------------------------------------------------------------
                         required time                         -2.196    
                         arrival time                           2.631    
  -------------------------------------------------------------------
                         slack                                  0.435    

Slack (MET) :             0.435ns  (arrival time - required time)
  Source:                 rocketchip_wrapper/system/system_axi_interconnect_1_0/s00_couplers_imp_8CNLH6/system_axi_interconnect_1_imp_auto_pc_0/system_axi_interconnect_1_imp_auto_pc_0_axi_protocol_converter_v2_1_37_axi_protocol_converter/system_axi_interconnect_1_imp_auto_pc_0_axi_protocol_converter_v2_1_37_axi3_conv/system_axi_interconnect_1_imp_auto_pc_0_axi_protocol_converter_v2_1_37_a_axi3_conv/system_axi_interconnect_1_imp_auto_pc_0_axi_data_fifo_v2_1_36_axic_fifo/system_axi_interconnect_1_imp_auto_pc_0_axi_data_fifo_v2_1_36_fifo_gen/<hidden>/<hidden>/<hidden>/<hidden>/<hidden>
                            (rising edge-triggered cell FDRE clocked by host_clk_i  {rise@0.000ns fall@12.500ns period=25.000ns})
  Destination:            rocketchip_wrapper/system/system_axi_interconnect_1_0/s00_couplers_imp_8CNLH6/system_axi_interconnect_1_imp_auto_pc_0/system_axi_interconnect_1_imp_auto_pc_0_axi_protocol_converter_v2_1_37_axi_protocol_converter/system_axi_interconnect_1_imp_auto_pc_0_axi_protocol_converter_v2_1_37_axi3_conv/system_axi_interconnect_1_imp_auto_pc_0_axi_protocol_converter_v2_1_37_a_axi3_conv/system_axi_interconnect_1_imp_auto_pc_0_axi_data_fifo_v2_1_36_axic_fifo/system_axi_interconnect_1_imp_auto_pc_0_axi_data_fifo_v2_1_36_fifo_gen/<hidden>/<hidden>/<hidden>/<hidden>/<hidden>/<hidden>
                            (removal check against rising-edge clock host_clk_i  {rise@0.000ns fall@12.500ns period=25.000ns})
  Path Group:             **async_default**
  Path Type:              Removal (Min at Fast Process Corner)
  Requirement:            0.000ns  (host_clk_i rise@0.000ns - host_clk_i rise@0.000ns)
  Data Path Delay:        0.626ns  (logic 0.209ns (33.391%)  route 0.417ns (66.609%))
  Logic Levels:           1  (LUT3=1)
  Clock Path Skew:        0.286ns (DCD - SCD - CPR)
    Destination Clock Delay (DCD):    2.580ns
    Source Clock Delay      (SCD):    2.005ns
    Clock Pessimism Removal (CPR):    0.289ns

    Location             Delay type                Incr(ns)  Path(ns)    Netlist Resource(s)
  -------------------------------------------------------------------    -------------------
                         (clock host_clk_i rise edge)
                                                      0.000     0.000 r  
    H16                                               0.000     0.000 r  clk (IN)
                         net (fo=0)                   0.000     0.000    clk
    H16                  IBUF (Prop_ibuf_I_O)         0.219     0.219 r  ibufg_gclk/O
                         net (fo=1, routed)           0.440     0.659    gclk_i
    MMCME2_ADV_X1Y2      MMCME2_ADV (Prop_mmcme2_adv_CLKIN1_CLKOUT0)
                                                      0.050     0.709 r  MMCME2_BASE_inst/CLKOUT0
                         net (fo=1, routed)           0.696     1.405    host_clk_i
    BUFGCTRL_X0Y16       BUFG (Prop_bufg_I_O)         0.026     1.431 r  bufg_host_clk/O
                         net (fo=17600, routed)       0.574     2.005    rocketchip_wrapper/system/system_axi_interconnect_1_0/s00_couplers_imp_8CNLH6/system_axi_interconnect_1_imp_auto_pc_0/system_axi_interconnect_1_imp_auto_pc_0_axi_protocol_converter_v2_1_37_axi_protocol_converter/system_axi_interconnect_1_imp_auto_pc_0_axi_protocol_converter_v2_1_37_axi3_conv/system_axi_interconnect_1_imp_auto_pc_0_axi_protocol_converter_v2_1_37_a_axi3_conv/system_axi_interconnect_1_imp_auto_pc_0_axi_data_fifo_v2_1_36_axic_fifo/system_axi_interconnect_1_imp_auto_pc_0_axi_data_fifo_v2_1_36_fifo_gen/<hidden>/<hidden>/<hidden>/<hidden>/<hidden>
    SLICE_X26Y51         FDRE                                         r  rocketchip_wrapper/system/system_axi_interconnect_1_0/s00_couplers_imp_8CNLH6/system_axi_interconnect_1_imp_auto_pc_0/system_axi_interconnect_1_imp_auto_pc_0_axi_protocol_converter_v2_1_37_axi_protocol_converter/system_axi_interconnect_1_imp_auto_pc_0_axi_protocol_converter_v2_1_37_axi3_conv/system_axi_interconnect_1_imp_auto_pc_0_axi_protocol_converter_v2_1_37_a_axi3_conv/system_axi_interconnect_1_imp_auto_pc_0_axi_data_fifo_v2_1_36_axic_fifo/system_axi_interconnect_1_imp_auto_pc_0_axi_data_fifo_v2_1_36_fifo_gen/<hidden>/<hidden>/<hidden>/<hidden>/<hidden>
  -------------------------------------------------------------------    -------------------
    SLICE_X26Y51         FDRE (Prop_fdre_C_Q)         0.164     2.169 f  rocketchip_wrapper/system/system_axi_interconnect_1_0/s00_couplers_imp_8CNLH6/system_axi_interconnect_1_imp_auto_pc_0/system_axi_interconnect_1_imp_auto_pc_0_axi_protocol_converter_v2_1_37_axi_protocol_converter/system_axi_interconnect_1_imp_auto_pc_0_axi_protocol_converter_v2_1_37_axi3_conv/system_axi_interconnect_1_imp_auto_pc_0_axi_protocol_converter_v2_1_37_a_axi3_conv/system_axi_interconnect_1_imp_auto_pc_0_axi_data_fifo_v2_1_36_axic_fifo/system_axi_interconnect_1_imp_auto_pc_0_axi_data_fifo_v2_1_36_fifo_gen/<hidden>/<hidden>/<hidden>/<hidden>/<hidden>
                         net (fo=3, routed)           0.186     2.356    rocketchip_wrapper/system/system_axi_interconnect_1_0/s00_couplers_imp_8CNLH6/system_axi_interconnect_1_imp_auto_pc_0/system_axi_interconnect_1_imp_auto_pc_0_axi_protocol_converter_v2_1_37_axi_protocol_converter/system_axi_interconnect_1_imp_auto_pc_0_axi_protocol_converter_v2_1_37_axi3_conv/system_axi_interconnect_1_imp_auto_pc_0_axi_protocol_converter_v2_1_37_a_axi3_conv/system_axi_interconnect_1_imp_auto_pc_0_axi_data_fifo_v2_1_36_axic_fifo/system_axi_interconnect_1_imp_auto_pc_0_axi_data_fifo_v2_1_36_fifo_gen/<hidden>/<hidden>/<hidden>/<hidden>/<hidden>
    SLICE_X26Y51         LUT3 (Prop_lut3_I1_O)        0.045     2.401 f  rocketchip_wrapper/system/system_axi_interconnect_1_0/s00_couplers_imp_8CNLH6/system_axi_interconnect_1_imp_auto_pc_0/system_axi_interconnect_1_imp_auto_pc_0_axi_protocol_converter_v2_1_37_axi_protocol_converter/system_axi_interconnect_1_imp_auto_pc_0_axi_protocol_converter_v2_1_37_axi3_conv/system_axi_interconnect_1_imp_auto_pc_0_axi_protocol_converter_v2_1_37_a_axi3_conv/system_axi_interconnect_1_imp_auto_pc_0_axi_data_fifo_v2_1_36_axic_fifo/system_axi_interconnect_1_imp_auto_pc_0_axi_data_fifo_v2_1_36_fifo_gen/<hidden>/<hidden>/<hidden>/<hidden>/<hidden>
                         net (fo=32, routed)          0.231     2.631    rocketchip_wrapper/system/system_axi_interconnect_1_0/s00_couplers_imp_8CNLH6/system_axi_interconnect_1_imp_auto_pc_0/system_axi_interconnect_1_imp_auto_pc_0_axi_protocol_converter_v2_1_37_axi_protocol_converter/system_axi_interconnect_1_imp_auto_pc_0_axi_protocol_converter_v2_1_37_axi3_conv/system_axi_interconnect_1_imp_auto_pc_0_axi_protocol_converter_v2_1_37_a_axi3_conv/system_axi_interconnect_1_imp_auto_pc_0_axi_data_fifo_v2_1_36_axic_fifo/system_axi_interconnect_1_imp_auto_pc_0_axi_data_fifo_v2_1_36_fifo_gen/<hidden>/<hidden>/<hidden>/<hidden>/<hidden>/<hidden>
    SLICE_X25Y49         FDPE                                         f  rocketchip_wrapper/system/system_axi_interconnect_1_0/s00_couplers_imp_8CNLH6/system_axi_interconnect_1_imp_auto_pc_0/system_axi_interconnect_1_imp_auto_pc_0_axi_protocol_converter_v2_1_37_axi_protocol_converter/system_axi_interconnect_1_imp_auto_pc_0_axi_protocol_converter_v2_1_37_axi3_conv/system_axi_interconnect_1_imp_auto_pc_0_axi_protocol_converter_v2_1_37_a_axi3_conv/system_axi_interconnect_1_imp_auto_pc_0_axi_data_fifo_v2_1_36_axic_fifo/system_axi_interconnect_1_imp_auto_pc_0_axi_data_fifo_v2_1_36_fifo_gen/<hidden>/<hidden>/<hidden>/<hidden>/<hidden>/<hidden>
  -------------------------------------------------------------------    -------------------

                         (clock host_clk_i rise edge)
                                                      0.000     0.000 r  
    H16                                               0.000     0.000 r  clk (IN)
                         net (fo=0)                   0.000     0.000    clk
    H16                  IBUF (Prop_ibuf_I_O)         0.406     0.406 r  ibufg_gclk/O
                         net (fo=1, routed)           0.480     0.886    gclk_i
    MMCME2_ADV_X1Y2      MMCME2_ADV (Prop_mmcme2_adv_CLKIN1_CLKOUT0)
                                                      0.053     0.939 r  MMCME2_BASE_inst/CLKOUT0
                         net (fo=1, routed)           0.752     1.691    host_clk_i
    BUFGCTRL_X0Y16       BUFG (Prop_bufg_I_O)         0.029     1.720 r  bufg_host_clk/O
                         net (fo=17600, routed)       0.860     2.580    rocketchip_wrapper/system/system_axi_interconnect_1_0/s00_couplers_imp_8CNLH6/system_axi_interconnect_1_imp_auto_pc_0/system_axi_interconnect_1_imp_auto_pc_0_axi_protocol_converter_v2_1_37_axi_protocol_converter/system_axi_interconnect_1_imp_auto_pc_0_axi_protocol_converter_v2_1_37_axi3_conv/system_axi_interconnect_1_imp_auto_pc_0_axi_protocol_converter_v2_1_37_a_axi3_conv/system_axi_interconnect_1_imp_auto_pc_0_axi_data_fifo_v2_1_36_axic_fifo/system_axi_interconnect_1_imp_auto_pc_0_axi_data_fifo_v2_1_36_fifo_gen/<hidden>/<hidden>/<hidden>/<hidden>/<hidden>/<hidden>
    SLICE_X25Y49         FDPE                                         r  rocketchip_wrapper/system/system_axi_interconnect_1_0/s00_couplers_imp_8CNLH6/system_axi_interconnect_1_imp_auto_pc_0/system_axi_interconnect_1_imp_auto_pc_0_axi_protocol_converter_v2_1_37_axi_protocol_converter/system_axi_interconnect_1_imp_auto_pc_0_axi_protocol_converter_v2_1_37_axi3_conv/system_axi_interconnect_1_imp_auto_pc_0_axi_protocol_converter_v2_1_37_a_axi3_conv/system_axi_interconnect_1_imp_auto_pc_0_axi_data_fifo_v2_1_36_axic_fifo/system_axi_interconnect_1_imp_auto_pc_0_axi_data_fifo_v2_1_36_fifo_gen/<hidden>/<hidden>/<hidden>/<hidden>/<hidden>/<hidden>
                         clock pessimism             -0.289     2.291    
    SLICE_X25Y49         FDPE (Remov_fdpe_C_PRE)     -0.095     2.196    rocketchip_wrapper/system/system_axi_interconnect_1_0/s00_couplers_imp_8CNLH6/system_axi_interconnect_1_imp_auto_pc_0/system_axi_interconnect_1_imp_auto_pc_0_axi_protocol_converter_v2_1_37_axi_protocol_converter/system_axi_interconnect_1_imp_auto_pc_0_axi_protocol_converter_v2_1_37_axi3_conv/system_axi_interconnect_1_imp_auto_pc_0_axi_protocol_converter_v2_1_37_a_axi3_conv/system_axi_interconnect_1_imp_auto_pc_0_axi_data_fifo_v2_1_36_axic_fifo/system_axi_interconnect_1_imp_auto_pc_0_axi_data_fifo_v2_1_36_fifo_gen/<hidden>/<hidden>/<hidden>/<hidden>/<hidden>/<hidden>
  -------------------------------------------------------------------
                         required time                         -2.196    
                         arrival time                           2.631    
  -------------------------------------------------------------------
                         slack                                  0.435    

Slack (MET) :             0.453ns  (arrival time - required time)
  Source:                 rocketchip_wrapper/system/system_axi_interconnect_1_0/s00_couplers_imp_8CNLH6/system_axi_interconnect_1_imp_auto_pc_0/system_axi_interconnect_1_imp_auto_pc_0_axi_protocol_converter_v2_1_37_axi_protocol_converter/system_axi_interconnect_1_imp_auto_pc_0_axi_protocol_converter_v2_1_37_axi3_conv/system_axi_interconnect_1_imp_auto_pc_0_axi_protocol_converter_v2_1_37_a_axi3_conv/system_axi_interconnect_1_imp_auto_pc_0_axi_data_fifo_v2_1_36_axic_fifo/system_axi_interconnect_1_imp_auto_pc_0_axi_data_fifo_v2_1_36_fifo_gen/<hidden>/<hidden>/<hidden>/<hidden>/<hidden>
                            (rising edge-triggered cell FDRE clocked by host_clk_i  {rise@0.000ns fall@12.500ns period=25.000ns})
  Destination:            rocketchip_wrapper/system/system_axi_interconnect_1_0/s00_couplers_imp_8CNLH6/system_axi_interconnect_1_imp_auto_pc_0/system_axi_interconnect_1_imp_auto_pc_0_axi_protocol_converter_v2_1_37_axi_protocol_converter/system_axi_interconnect_1_imp_auto_pc_0_axi_protocol_converter_v2_1_37_axi3_conv/system_axi_interconnect_1_imp_auto_pc_0_axi_protocol_converter_v2_1_37_a_axi3_conv/system_axi_interconnect_1_imp_auto_pc_0_axi_data_fifo_v2_1_36_axic_fifo/system_axi_interconnect_1_imp_auto_pc_0_axi_data_fifo_v2_1_36_fifo_gen/<hidden>/<hidden>/<hidden>/<hidden>/<hidden>/<hidden>
                            (removal check against rising-edge clock host_clk_i  {rise@0.000ns fall@12.500ns period=25.000ns})
  Path Group:             **async_default**
  Path Type:              Removal (Min at Fast Process Corner)
  Requirement:            0.000ns  (host_clk_i rise@0.000ns - host_clk_i rise@0.000ns)
  Data Path Delay:        0.672ns  (logic 0.209ns (31.086%)  route 0.463ns (68.914%))
  Logic Levels:           1  (LUT3=1)
  Clock Path Skew:        0.286ns (DCD - SCD - CPR)
    Destination Clock Delay (DCD):    2.580ns
    Source Clock Delay      (SCD):    2.005ns
    Clock Pessimism Removal (CPR):    0.289ns

    Location             Delay type                Incr(ns)  Path(ns)    Netlist Resource(s)
  -------------------------------------------------------------------    -------------------
                         (clock host_clk_i rise edge)
                                                      0.000     0.000 r  
    H16                                               0.000     0.000 r  clk (IN)
                         net (fo=0)                   0.000     0.000    clk
    H16                  IBUF (Prop_ibuf_I_O)         0.219     0.219 r  ibufg_gclk/O
                         net (fo=1, routed)           0.440     0.659    gclk_i
    MMCME2_ADV_X1Y2      MMCME2_ADV (Prop_mmcme2_adv_CLKIN1_CLKOUT0)
                                                      0.050     0.709 r  MMCME2_BASE_inst/CLKOUT0
                         net (fo=1, routed)           0.696     1.405    host_clk_i
    BUFGCTRL_X0Y16       BUFG (Prop_bufg_I_O)         0.026     1.431 r  bufg_host_clk/O
                         net (fo=17600, routed)       0.574     2.005    rocketchip_wrapper/system/system_axi_interconnect_1_0/s00_couplers_imp_8CNLH6/system_axi_interconnect_1_imp_auto_pc_0/system_axi_interconnect_1_imp_auto_pc_0_axi_protocol_converter_v2_1_37_axi_protocol_converter/system_axi_interconnect_1_imp_auto_pc_0_axi_protocol_converter_v2_1_37_axi3_conv/system_axi_interconnect_1_imp_auto_pc_0_axi_protocol_converter_v2_1_37_a_axi3_conv/system_axi_interconnect_1_imp_auto_pc_0_axi_data_fifo_v2_1_36_axic_fifo/system_axi_interconnect_1_imp_auto_pc_0_axi_data_fifo_v2_1_36_fifo_gen/<hidden>/<hidden>/<hidden>/<hidden>/<hidden>
    SLICE_X26Y51         FDRE                                         r  rocketchip_wrapper/system/system_axi_interconnect_1_0/s00_couplers_imp_8CNLH6/system_axi_interconnect_1_imp_auto_pc_0/system_axi_interconnect_1_imp_auto_pc_0_axi_protocol_converter_v2_1_37_axi_protocol_converter/system_axi_interconnect_1_imp_auto_pc_0_axi_protocol_converter_v2_1_37_axi3_conv/system_axi_interconnect_1_imp_auto_pc_0_axi_protocol_converter_v2_1_37_a_axi3_conv/system_axi_interconnect_1_imp_auto_pc_0_axi_data_fifo_v2_1_36_axic_fifo/system_axi_interconnect_1_imp_auto_pc_0_axi_data_fifo_v2_1_36_fifo_gen/<hidden>/<hidden>/<hidden>/<hidden>/<hidden>
  -------------------------------------------------------------------    -------------------
    SLICE_X26Y51         FDRE (Prop_fdre_C_Q)         0.164     2.169 f  rocketchip_wrapper/system/system_axi_interconnect_1_0/s00_couplers_imp_8CNLH6/system_axi_interconnect_1_imp_auto_pc_0/system_axi_interconnect_1_imp_auto_pc_0_axi_protocol_converter_v2_1_37_axi_protocol_converter/system_axi_interconnect_1_imp_auto_pc_0_axi_protocol_converter_v2_1_37_axi3_conv/system_axi_interconnect_1_imp_auto_pc_0_axi_protocol_converter_v2_1_37_a_axi3_conv/system_axi_interconnect_1_imp_auto_pc_0_axi_data_fifo_v2_1_36_axic_fifo/system_axi_interconnect_1_imp_auto_pc_0_axi_data_fifo_v2_1_36_fifo_gen/<hidden>/<hidden>/<hidden>/<hidden>/<hidden>
                         net (fo=3, routed)           0.186     2.356    rocketchip_wrapper/system/system_axi_interconnect_1_0/s00_couplers_imp_8CNLH6/system_axi_interconnect_1_imp_auto_pc_0/system_axi_interconnect_1_imp_auto_pc_0_axi_protocol_converter_v2_1_37_axi_protocol_converter/system_axi_interconnect_1_imp_auto_pc_0_axi_protocol_converter_v2_1_37_axi3_conv/system_axi_interconnect_1_imp_auto_pc_0_axi_protocol_converter_v2_1_37_a_axi3_conv/system_axi_interconnect_1_imp_auto_pc_0_axi_data_fifo_v2_1_36_axic_fifo/system_axi_interconnect_1_imp_auto_pc_0_axi_data_fifo_v2_1_36_fifo_gen/<hidden>/<hidden>/<hidden>/<hidden>/<hidden>
    SLICE_X26Y51         LUT3 (Prop_lut3_I1_O)        0.045     2.401 f  rocketchip_wrapper/system/system_axi_interconnect_1_0/s00_couplers_imp_8CNLH6/system_axi_interconnect_1_imp_auto_pc_0/system_axi_interconnect_1_imp_auto_pc_0_axi_protocol_converter_v2_1_37_axi_protocol_converter/system_axi_interconnect_1_imp_auto_pc_0_axi_protocol_converter_v2_1_37_axi3_conv/system_axi_interconnect_1_imp_auto_pc_0_axi_protocol_converter_v2_1_37_a_axi3_conv/system_axi_interconnect_1_imp_auto_pc_0_axi_data_fifo_v2_1_36_axic_fifo/system_axi_interconnect_1_imp_auto_pc_0_axi_data_fifo_v2_1_36_fifo_gen/<hidden>/<hidden>/<hidden>/<hidden>/<hidden>
                         net (fo=32, routed)          0.277     2.678    rocketchip_wrapper/system/system_axi_interconnect_1_0/s00_couplers_imp_8CNLH6/system_axi_interconnect_1_imp_auto_pc_0/system_axi_interconnect_1_imp_auto_pc_0_axi_protocol_converter_v2_1_37_axi_protocol_converter/system_axi_interconnect_1_imp_auto_pc_0_axi_protocol_converter_v2_1_37_axi3_conv/system_axi_interconnect_1_imp_auto_pc_0_axi_protocol_converter_v2_1_37_a_axi3_conv/system_axi_interconnect_1_imp_auto_pc_0_axi_data_fifo_v2_1_36_axic_fifo/system_axi_interconnect_1_imp_auto_pc_0_axi_data_fifo_v2_1_36_fifo_gen/<hidden>/<hidden>/<hidden>/<hidden>/<hidden>/<hidden>
    SLICE_X26Y48         FDCE                                         f  rocketchip_wrapper/system/system_axi_interconnect_1_0/s00_couplers_imp_8CNLH6/system_axi_interconnect_1_imp_auto_pc_0/system_axi_interconnect_1_imp_auto_pc_0_axi_protocol_converter_v2_1_37_axi_protocol_converter/system_axi_interconnect_1_imp_auto_pc_0_axi_protocol_converter_v2_1_37_axi3_conv/system_axi_interconnect_1_imp_auto_pc_0_axi_protocol_converter_v2_1_37_a_axi3_conv/system_axi_interconnect_1_imp_auto_pc_0_axi_data_fifo_v2_1_36_axic_fifo/system_axi_interconnect_1_imp_auto_pc_0_axi_data_fifo_v2_1_36_fifo_gen/<hidden>/<hidden>/<hidden>/<hidden>/<hidden>/<hidden>
  -------------------------------------------------------------------    -------------------

                         (clock host_clk_i rise edge)
                                                      0.000     0.000 r  
    H16                                               0.000     0.000 r  clk (IN)
                         net (fo=0)                   0.000     0.000    clk
    H16                  IBUF (Prop_ibuf_I_O)         0.406     0.406 r  ibufg_gclk/O
                         net (fo=1, routed)           0.480     0.886    gclk_i
    MMCME2_ADV_X1Y2      MMCME2_ADV (Prop_mmcme2_adv_CLKIN1_CLKOUT0)
                                                      0.053     0.939 r  MMCME2_BASE_inst/CLKOUT0
                         net (fo=1, routed)           0.752     1.691    host_clk_i
    BUFGCTRL_X0Y16       BUFG (Prop_bufg_I_O)         0.029     1.720 r  bufg_host_clk/O
                         net (fo=17600, routed)       0.860     2.580    rocketchip_wrapper/system/system_axi_interconnect_1_0/s00_couplers_imp_8CNLH6/system_axi_interconnect_1_imp_auto_pc_0/system_axi_interconnect_1_imp_auto_pc_0_axi_protocol_converter_v2_1_37_axi_protocol_converter/system_axi_interconnect_1_imp_auto_pc_0_axi_protocol_converter_v2_1_37_axi3_conv/system_axi_interconnect_1_imp_auto_pc_0_axi_protocol_converter_v2_1_37_a_axi3_conv/system_axi_interconnect_1_imp_auto_pc_0_axi_data_fifo_v2_1_36_axic_fifo/system_axi_interconnect_1_imp_auto_pc_0_axi_data_fifo_v2_1_36_fifo_gen/<hidden>/<hidden>/<hidden>/<hidden>/<hidden>/<hidden>
    SLICE_X26Y48         FDCE                                         r  rocketchip_wrapper/system/system_axi_interconnect_1_0/s00_couplers_imp_8CNLH6/system_axi_interconnect_1_imp_auto_pc_0/system_axi_interconnect_1_imp_auto_pc_0_axi_protocol_converter_v2_1_37_axi_protocol_converter/system_axi_interconnect_1_imp_auto_pc_0_axi_protocol_converter_v2_1_37_axi3_conv/system_axi_interconnect_1_imp_auto_pc_0_axi_protocol_converter_v2_1_37_a_axi3_conv/system_axi_interconnect_1_imp_auto_pc_0_axi_data_fifo_v2_1_36_axic_fifo/system_axi_interconnect_1_imp_auto_pc_0_axi_data_fifo_v2_1_36_fifo_gen/<hidden>/<hidden>/<hidden>/<hidden>/<hidden>/<hidden>
                         clock pessimism             -0.289     2.291    
    SLICE_X26Y48         FDCE (Remov_fdce_C_CLR)     -0.067     2.224    rocketchip_wrapper/system/system_axi_interconnect_1_0/s00_couplers_imp_8CNLH6/system_axi_interconnect_1_imp_auto_pc_0/system_axi_interconnect_1_imp_auto_pc_0_axi_protocol_converter_v2_1_37_axi_protocol_converter/system_axi_interconnect_1_imp_auto_pc_0_axi_protocol_converter_v2_1_37_axi3_conv/system_axi_interconnect_1_imp_auto_pc_0_axi_protocol_converter_v2_1_37_a_axi3_conv/system_axi_interconnect_1_imp_auto_pc_0_axi_data_fifo_v2_1_36_axic_fifo/system_axi_interconnect_1_imp_auto_pc_0_axi_data_fifo_v2_1_36_fifo_gen/<hidden>/<hidden>/<hidden>/<hidden>/<hidden>/<hidden>
  -------------------------------------------------------------------
                         required time                         -2.224    
                         arrival time                           2.678    
  -------------------------------------------------------------------
                         slack                                  0.453    

Slack (MET) :             0.453ns  (arrival time - required time)
  Source:                 rocketchip_wrapper/system/system_axi_interconnect_1_0/s00_couplers_imp_8CNLH6/system_axi_interconnect_1_imp_auto_pc_0/system_axi_interconnect_1_imp_auto_pc_0_axi_protocol_converter_v2_1_37_axi_protocol_converter/system_axi_interconnect_1_imp_auto_pc_0_axi_protocol_converter_v2_1_37_axi3_conv/system_axi_interconnect_1_imp_auto_pc_0_axi_protocol_converter_v2_1_37_a_axi3_conv/system_axi_interconnect_1_imp_auto_pc_0_axi_data_fifo_v2_1_36_axic_fifo/system_axi_interconnect_1_imp_auto_pc_0_axi_data_fifo_v2_1_36_fifo_gen/<hidden>/<hidden>/<hidden>/<hidden>/<hidden>
                            (rising edge-triggered cell FDRE clocked by host_clk_i  {rise@0.000ns fall@12.500ns period=25.000ns})
  Destination:            rocketchip_wrapper/system/system_axi_interconnect_1_0/s00_couplers_imp_8CNLH6/system_axi_interconnect_1_imp_auto_pc_0/system_axi_interconnect_1_imp_auto_pc_0_axi_protocol_converter_v2_1_37_axi_protocol_converter/system_axi_interconnect_1_imp_auto_pc_0_axi_protocol_converter_v2_1_37_axi3_conv/system_axi_interconnect_1_imp_auto_pc_0_axi_protocol_converter_v2_1_37_a_axi3_conv/system_axi_interconnect_1_imp_auto_pc_0_axi_data_fifo_v2_1_36_axic_fifo/system_axi_interconnect_1_imp_auto_pc_0_axi_data_fifo_v2_1_36_fifo_gen/<hidden>/<hidden>/<hidden>/<hidden>/<hidden>/<hidden>
                            (removal check against rising-edge clock host_clk_i  {rise@0.000ns fall@12.500ns period=25.000ns})
  Path Group:             **async_default**
  Path Type:              Removal (Min at Fast Process Corner)
  Requirement:            0.000ns  (host_clk_i rise@0.000ns - host_clk_i rise@0.000ns)
  Data Path Delay:        0.672ns  (logic 0.209ns (31.086%)  route 0.463ns (68.914%))
  Logic Levels:           1  (LUT3=1)
  Clock Path Skew:        0.286ns (DCD - SCD - CPR)
    Destination Clock Delay (DCD):    2.580ns
    Source Clock Delay      (SCD):    2.005ns
    Clock Pessimism Removal (CPR):    0.289ns

    Location             Delay type                Incr(ns)  Path(ns)    Netlist Resource(s)
  -------------------------------------------------------------------    -------------------
                         (clock host_clk_i rise edge)
                                                      0.000     0.000 r  
    H16                                               0.000     0.000 r  clk (IN)
                         net (fo=0)                   0.000     0.000    clk
    H16                  IBUF (Prop_ibuf_I_O)         0.219     0.219 r  ibufg_gclk/O
                         net (fo=1, routed)           0.440     0.659    gclk_i
    MMCME2_ADV_X1Y2      MMCME2_ADV (Prop_mmcme2_adv_CLKIN1_CLKOUT0)
                                                      0.050     0.709 r  MMCME2_BASE_inst/CLKOUT0
                         net (fo=1, routed)           0.696     1.405    host_clk_i
    BUFGCTRL_X0Y16       BUFG (Prop_bufg_I_O)         0.026     1.431 r  bufg_host_clk/O
                         net (fo=17600, routed)       0.574     2.005    rocketchip_wrapper/system/system_axi_interconnect_1_0/s00_couplers_imp_8CNLH6/system_axi_interconnect_1_imp_auto_pc_0/system_axi_interconnect_1_imp_auto_pc_0_axi_protocol_converter_v2_1_37_axi_protocol_converter/system_axi_interconnect_1_imp_auto_pc_0_axi_protocol_converter_v2_1_37_axi3_conv/system_axi_interconnect_1_imp_auto_pc_0_axi_protocol_converter_v2_1_37_a_axi3_conv/system_axi_interconnect_1_imp_auto_pc_0_axi_data_fifo_v2_1_36_axic_fifo/system_axi_interconnect_1_imp_auto_pc_0_axi_data_fifo_v2_1_36_fifo_gen/<hidden>/<hidden>/<hidden>/<hidden>/<hidden>
    SLICE_X26Y51         FDRE                                         r  rocketchip_wrapper/system/system_axi_interconnect_1_0/s00_couplers_imp_8CNLH6/system_axi_interconnect_1_imp_auto_pc_0/system_axi_interconnect_1_imp_auto_pc_0_axi_protocol_converter_v2_1_37_axi_protocol_converter/system_axi_interconnect_1_imp_auto_pc_0_axi_protocol_converter_v2_1_37_axi3_conv/system_axi_interconnect_1_imp_auto_pc_0_axi_protocol_converter_v2_1_37_a_axi3_conv/system_axi_interconnect_1_imp_auto_pc_0_axi_data_fifo_v2_1_36_axic_fifo/system_axi_interconnect_1_imp_auto_pc_0_axi_data_fifo_v2_1_36_fifo_gen/<hidden>/<hidden>/<hidden>/<hidden>/<hidden>
  -------------------------------------------------------------------    -------------------
    SLICE_X26Y51         FDRE (Prop_fdre_C_Q)         0.164     2.169 f  rocketchip_wrapper/system/system_axi_interconnect_1_0/s00_couplers_imp_8CNLH6/system_axi_interconnect_1_imp_auto_pc_0/system_axi_interconnect_1_imp_auto_pc_0_axi_protocol_converter_v2_1_37_axi_protocol_converter/system_axi_interconnect_1_imp_auto_pc_0_axi_protocol_converter_v2_1_37_axi3_conv/system_axi_interconnect_1_imp_auto_pc_0_axi_protocol_converter_v2_1_37_a_axi3_conv/system_axi_interconnect_1_imp_auto_pc_0_axi_data_fifo_v2_1_36_axic_fifo/system_axi_interconnect_1_imp_auto_pc_0_axi_data_fifo_v2_1_36_fifo_gen/<hidden>/<hidden>/<hidden>/<hidden>/<hidden>
                         net (fo=3, routed)           0.186     2.356    rocketchip_wrapper/system/system_axi_interconnect_1_0/s00_couplers_imp_8CNLH6/system_axi_interconnect_1_imp_auto_pc_0/system_axi_interconnect_1_imp_auto_pc_0_axi_protocol_converter_v2_1_37_axi_protocol_converter/system_axi_interconnect_1_imp_auto_pc_0_axi_protocol_converter_v2_1_37_axi3_conv/system_axi_interconnect_1_imp_auto_pc_0_axi_protocol_converter_v2_1_37_a_axi3_conv/system_axi_interconnect_1_imp_auto_pc_0_axi_data_fifo_v2_1_36_axic_fifo/system_axi_interconnect_1_imp_auto_pc_0_axi_data_fifo_v2_1_36_fifo_gen/<hidden>/<hidden>/<hidden>/<hidden>/<hidden>
    SLICE_X26Y51         LUT3 (Prop_lut3_I1_O)        0.045     2.401 f  rocketchip_wrapper/system/system_axi_interconnect_1_0/s00_couplers_imp_8CNLH6/system_axi_interconnect_1_imp_auto_pc_0/system_axi_interconnect_1_imp_auto_pc_0_axi_protocol_converter_v2_1_37_axi_protocol_converter/system_axi_interconnect_1_imp_auto_pc_0_axi_protocol_converter_v2_1_37_axi3_conv/system_axi_interconnect_1_imp_auto_pc_0_axi_protocol_converter_v2_1_37_a_axi3_conv/system_axi_interconnect_1_imp_auto_pc_0_axi_data_fifo_v2_1_36_axic_fifo/system_axi_interconnect_1_imp_auto_pc_0_axi_data_fifo_v2_1_36_fifo_gen/<hidden>/<hidden>/<hidden>/<hidden>/<hidden>
                         net (fo=32, routed)          0.277     2.678    rocketchip_wrapper/system/system_axi_interconnect_1_0/s00_couplers_imp_8CNLH6/system_axi_interconnect_1_imp_auto_pc_0/system_axi_interconnect_1_imp_auto_pc_0_axi_protocol_converter_v2_1_37_axi_protocol_converter/system_axi_interconnect_1_imp_auto_pc_0_axi_protocol_converter_v2_1_37_axi3_conv/system_axi_interconnect_1_imp_auto_pc_0_axi_protocol_converter_v2_1_37_a_axi3_conv/system_axi_interconnect_1_imp_auto_pc_0_axi_data_fifo_v2_1_36_axic_fifo/system_axi_interconnect_1_imp_auto_pc_0_axi_data_fifo_v2_1_36_fifo_gen/<hidden>/<hidden>/<hidden>/<hidden>/<hidden>/<hidden>
    SLICE_X26Y48         FDCE                                         f  rocketchip_wrapper/system/system_axi_interconnect_1_0/s00_couplers_imp_8CNLH6/system_axi_interconnect_1_imp_auto_pc_0/system_axi_interconnect_1_imp_auto_pc_0_axi_protocol_converter_v2_1_37_axi_protocol_converter/system_axi_interconnect_1_imp_auto_pc_0_axi_protocol_converter_v2_1_37_axi3_conv/system_axi_interconnect_1_imp_auto_pc_0_axi_protocol_converter_v2_1_37_a_axi3_conv/system_axi_interconnect_1_imp_auto_pc_0_axi_data_fifo_v2_1_36_axic_fifo/system_axi_interconnect_1_imp_auto_pc_0_axi_data_fifo_v2_1_36_fifo_gen/<hidden>/<hidden>/<hidden>/<hidden>/<hidden>/<hidden>
  -------------------------------------------------------------------    -------------------

                         (clock host_clk_i rise edge)
                                                      0.000     0.000 r  
    H16                                               0.000     0.000 r  clk (IN)
                         net (fo=0)                   0.000     0.000    clk
    H16                  IBUF (Prop_ibuf_I_O)         0.406     0.406 r  ibufg_gclk/O
                         net (fo=1, routed)           0.480     0.886    gclk_i
    MMCME2_ADV_X1Y2      MMCME2_ADV (Prop_mmcme2_adv_CLKIN1_CLKOUT0)
                                                      0.053     0.939 r  MMCME2_BASE_inst/CLKOUT0
                         net (fo=1, routed)           0.752     1.691    host_clk_i
    BUFGCTRL_X0Y16       BUFG (Prop_bufg_I_O)         0.029     1.720 r  bufg_host_clk/O
                         net (fo=17600, routed)       0.860     2.580    rocketchip_wrapper/system/system_axi_interconnect_1_0/s00_couplers_imp_8CNLH6/system_axi_interconnect_1_imp_auto_pc_0/system_axi_interconnect_1_imp_auto_pc_0_axi_protocol_converter_v2_1_37_axi_protocol_converter/system_axi_interconnect_1_imp_auto_pc_0_axi_protocol_converter_v2_1_37_axi3_conv/system_axi_interconnect_1_imp_auto_pc_0_axi_protocol_converter_v2_1_37_a_axi3_conv/system_axi_interconnect_1_imp_auto_pc_0_axi_data_fifo_v2_1_36_axic_fifo/system_axi_interconnect_1_imp_auto_pc_0_axi_data_fifo_v2_1_36_fifo_gen/<hidden>/<hidden>/<hidden>/<hidden>/<hidden>/<hidden>
    SLICE_X26Y48         FDCE                                         r  rocketchip_wrapper/system/system_axi_interconnect_1_0/s00_couplers_imp_8CNLH6/system_axi_interconnect_1_imp_auto_pc_0/system_axi_interconnect_1_imp_auto_pc_0_axi_protocol_converter_v2_1_37_axi_protocol_converter/system_axi_interconnect_1_imp_auto_pc_0_axi_protocol_converter_v2_1_37_axi3_conv/system_axi_interconnect_1_imp_auto_pc_0_axi_protocol_converter_v2_1_37_a_axi3_conv/system_axi_interconnect_1_imp_auto_pc_0_axi_data_fifo_v2_1_36_axic_fifo/system_axi_interconnect_1_imp_auto_pc_0_axi_data_fifo_v2_1_36_fifo_gen/<hidden>/<hidden>/<hidden>/<hidden>/<hidden>/<hidden>
                         clock pessimism             -0.289     2.291    
    SLICE_X26Y48         FDCE (Remov_fdce_C_CLR)     -0.067     2.224    rocketchip_wrapper/system/system_axi_interconnect_1_0/s00_couplers_imp_8CNLH6/system_axi_interconnect_1_imp_auto_pc_0/system_axi_interconnect_1_imp_auto_pc_0_axi_protocol_converter_v2_1_37_axi_protocol_converter/system_axi_interconnect_1_imp_auto_pc_0_axi_protocol_converter_v2_1_37_axi3_conv/system_axi_interconnect_1_imp_auto_pc_0_axi_protocol_converter_v2_1_37_a_axi3_conv/system_axi_interconnect_1_imp_auto_pc_0_axi_data_fifo_v2_1_36_axic_fifo/system_axi_interconnect_1_imp_auto_pc_0_axi_data_fifo_v2_1_36_fifo_gen/<hidden>/<hidden>/<hidden>/<hidden>/<hidden>/<hidden>
  -------------------------------------------------------------------
                         required time                         -2.224    
                         arrival time                           2.678    
  -------------------------------------------------------------------
                         slack                                  0.453    

Slack (MET) :             0.453ns  (arrival time - required time)
  Source:                 rocketchip_wrapper/system/system_axi_interconnect_1_0/s00_couplers_imp_8CNLH6/system_axi_interconnect_1_imp_auto_pc_0/system_axi_interconnect_1_imp_auto_pc_0_axi_protocol_converter_v2_1_37_axi_protocol_converter/system_axi_interconnect_1_imp_auto_pc_0_axi_protocol_converter_v2_1_37_axi3_conv/system_axi_interconnect_1_imp_auto_pc_0_axi_protocol_converter_v2_1_37_a_axi3_conv/system_axi_interconnect_1_imp_auto_pc_0_axi_data_fifo_v2_1_36_axic_fifo/system_axi_interconnect_1_imp_auto_pc_0_axi_data_fifo_v2_1_36_fifo_gen/<hidden>/<hidden>/<hidden>/<hidden>/<hidden>
                            (rising edge-triggered cell FDRE clocked by host_clk_i  {rise@0.000ns fall@12.500ns period=25.000ns})
  Destination:            rocketchip_wrapper/system/system_axi_interconnect_1_0/s00_couplers_imp_8CNLH6/system_axi_interconnect_1_imp_auto_pc_0/system_axi_interconnect_1_imp_auto_pc_0_axi_protocol_converter_v2_1_37_axi_protocol_converter/system_axi_interconnect_1_imp_auto_pc_0_axi_protocol_converter_v2_1_37_axi3_conv/system_axi_interconnect_1_imp_auto_pc_0_axi_protocol_converter_v2_1_37_a_axi3_conv/system_axi_interconnect_1_imp_auto_pc_0_axi_data_fifo_v2_1_36_axic_fifo/system_axi_interconnect_1_imp_auto_pc_0_axi_data_fifo_v2_1_36_fifo_gen/<hidden>/<hidden>/<hidden>/<hidden>/<hidden>/<hidden>
                            (removal check against rising-edge clock host_clk_i  {rise@0.000ns fall@12.500ns period=25.000ns})
  Path Group:             **async_default**
  Path Type:              Removal (Min at Fast Process Corner)
  Requirement:            0.000ns  (host_clk_i rise@0.000ns - host_clk_i rise@0.000ns)
  Data Path Delay:        0.672ns  (logic 0.209ns (31.086%)  route 0.463ns (68.914%))
  Logic Levels:           1  (LUT3=1)
  Clock Path Skew:        0.286ns (DCD - SCD - CPR)
    Destination Clock Delay (DCD):    2.580ns
    Source Clock Delay      (SCD):    2.005ns
    Clock Pessimism Removal (CPR):    0.289ns

    Location             Delay type                Incr(ns)  Path(ns)    Netlist Resource(s)
  -------------------------------------------------------------------    -------------------
                         (clock host_clk_i rise edge)
                                                      0.000     0.000 r  
    H16                                               0.000     0.000 r  clk (IN)
                         net (fo=0)                   0.000     0.000    clk
    H16                  IBUF (Prop_ibuf_I_O)         0.219     0.219 r  ibufg_gclk/O
                         net (fo=1, routed)           0.440     0.659    gclk_i
    MMCME2_ADV_X1Y2      MMCME2_ADV (Prop_mmcme2_adv_CLKIN1_CLKOUT0)
                                                      0.050     0.709 r  MMCME2_BASE_inst/CLKOUT0
                         net (fo=1, routed)           0.696     1.405    host_clk_i
    BUFGCTRL_X0Y16       BUFG (Prop_bufg_I_O)         0.026     1.431 r  bufg_host_clk/O
                         net (fo=17600, routed)       0.574     2.005    rocketchip_wrapper/system/system_axi_interconnect_1_0/s00_couplers_imp_8CNLH6/system_axi_interconnect_1_imp_auto_pc_0/system_axi_interconnect_1_imp_auto_pc_0_axi_protocol_converter_v2_1_37_axi_protocol_converter/system_axi_interconnect_1_imp_auto_pc_0_axi_protocol_converter_v2_1_37_axi3_conv/system_axi_interconnect_1_imp_auto_pc_0_axi_protocol_converter_v2_1_37_a_axi3_conv/system_axi_interconnect_1_imp_auto_pc_0_axi_data_fifo_v2_1_36_axic_fifo/system_axi_interconnect_1_imp_auto_pc_0_axi_data_fifo_v2_1_36_fifo_gen/<hidden>/<hidden>/<hidden>/<hidden>/<hidden>
    SLICE_X26Y51         FDRE                                         r  rocketchip_wrapper/system/system_axi_interconnect_1_0/s00_couplers_imp_8CNLH6/system_axi_interconnect_1_imp_auto_pc_0/system_axi_interconnect_1_imp_auto_pc_0_axi_protocol_converter_v2_1_37_axi_protocol_converter/system_axi_interconnect_1_imp_auto_pc_0_axi_protocol_converter_v2_1_37_axi3_conv/system_axi_interconnect_1_imp_auto_pc_0_axi_protocol_converter_v2_1_37_a_axi3_conv/system_axi_interconnect_1_imp_auto_pc_0_axi_data_fifo_v2_1_36_axic_fifo/system_axi_interconnect_1_imp_auto_pc_0_axi_data_fifo_v2_1_36_fifo_gen/<hidden>/<hidden>/<hidden>/<hidden>/<hidden>
  -------------------------------------------------------------------    -------------------
    SLICE_X26Y51         FDRE (Prop_fdre_C_Q)         0.164     2.169 f  rocketchip_wrapper/system/system_axi_interconnect_1_0/s00_couplers_imp_8CNLH6/system_axi_interconnect_1_imp_auto_pc_0/system_axi_interconnect_1_imp_auto_pc_0_axi_protocol_converter_v2_1_37_axi_protocol_converter/system_axi_interconnect_1_imp_auto_pc_0_axi_protocol_converter_v2_1_37_axi3_conv/system_axi_interconnect_1_imp_auto_pc_0_axi_protocol_converter_v2_1_37_a_axi3_conv/system_axi_interconnect_1_imp_auto_pc_0_axi_data_fifo_v2_1_36_axic_fifo/system_axi_interconnect_1_imp_auto_pc_0_axi_data_fifo_v2_1_36_fifo_gen/<hidden>/<hidden>/<hidden>/<hidden>/<hidden>
                         net (fo=3, routed)           0.186     2.356    rocketchip_wrapper/system/system_axi_interconnect_1_0/s00_couplers_imp_8CNLH6/system_axi_interconnect_1_imp_auto_pc_0/system_axi_interconnect_1_imp_auto_pc_0_axi_protocol_converter_v2_1_37_axi_protocol_converter/system_axi_interconnect_1_imp_auto_pc_0_axi_protocol_converter_v2_1_37_axi3_conv/system_axi_interconnect_1_imp_auto_pc_0_axi_protocol_converter_v2_1_37_a_axi3_conv/system_axi_interconnect_1_imp_auto_pc_0_axi_data_fifo_v2_1_36_axic_fifo/system_axi_interconnect_1_imp_auto_pc_0_axi_data_fifo_v2_1_36_fifo_gen/<hidden>/<hidden>/<hidden>/<hidden>/<hidden>
    SLICE_X26Y51         LUT3 (Prop_lut3_I1_O)        0.045     2.401 f  rocketchip_wrapper/system/system_axi_interconnect_1_0/s00_couplers_imp_8CNLH6/system_axi_interconnect_1_imp_auto_pc_0/system_axi_interconnect_1_imp_auto_pc_0_axi_protocol_converter_v2_1_37_axi_protocol_converter/system_axi_interconnect_1_imp_auto_pc_0_axi_protocol_converter_v2_1_37_axi3_conv/system_axi_interconnect_1_imp_auto_pc_0_axi_protocol_converter_v2_1_37_a_axi3_conv/system_axi_interconnect_1_imp_auto_pc_0_axi_data_fifo_v2_1_36_axic_fifo/system_axi_interconnect_1_imp_auto_pc_0_axi_data_fifo_v2_1_36_fifo_gen/<hidden>/<hidden>/<hidden>/<hidden>/<hidden>
                         net (fo=32, routed)          0.277     2.678    rocketchip_wrapper/system/system_axi_interconnect_1_0/s00_couplers_imp_8CNLH6/system_axi_interconnect_1_imp_auto_pc_0/system_axi_interconnect_1_imp_auto_pc_0_axi_protocol_converter_v2_1_37_axi_protocol_converter/system_axi_interconnect_1_imp_auto_pc_0_axi_protocol_converter_v2_1_37_axi3_conv/system_axi_interconnect_1_imp_auto_pc_0_axi_protocol_converter_v2_1_37_a_axi3_conv/system_axi_interconnect_1_imp_auto_pc_0_axi_data_fifo_v2_1_36_axic_fifo/system_axi_interconnect_1_imp_auto_pc_0_axi_data_fifo_v2_1_36_fifo_gen/<hidden>/<hidden>/<hidden>/<hidden>/<hidden>/<hidden>
    SLICE_X26Y48         FDCE                                         f  rocketchip_wrapper/system/system_axi_interconnect_1_0/s00_couplers_imp_8CNLH6/system_axi_interconnect_1_imp_auto_pc_0/system_axi_interconnect_1_imp_auto_pc_0_axi_protocol_converter_v2_1_37_axi_protocol_converter/system_axi_interconnect_1_imp_auto_pc_0_axi_protocol_converter_v2_1_37_axi3_conv/system_axi_interconnect_1_imp_auto_pc_0_axi_protocol_converter_v2_1_37_a_axi3_conv/system_axi_interconnect_1_imp_auto_pc_0_axi_data_fifo_v2_1_36_axic_fifo/system_axi_interconnect_1_imp_auto_pc_0_axi_data_fifo_v2_1_36_fifo_gen/<hidden>/<hidden>/<hidden>/<hidden>/<hidden>/<hidden>
  -------------------------------------------------------------------    -------------------

                         (clock host_clk_i rise edge)
                                                      0.000     0.000 r  
    H16                                               0.000     0.000 r  clk (IN)
                         net (fo=0)                   0.000     0.000    clk
    H16                  IBUF (Prop_ibuf_I_O)         0.406     0.406 r  ibufg_gclk/O
                         net (fo=1, routed)           0.480     0.886    gclk_i
    MMCME2_ADV_X1Y2      MMCME2_ADV (Prop_mmcme2_adv_CLKIN1_CLKOUT0)
                                                      0.053     0.939 r  MMCME2_BASE_inst/CLKOUT0
                         net (fo=1, routed)           0.752     1.691    host_clk_i
    BUFGCTRL_X0Y16       BUFG (Prop_bufg_I_O)         0.029     1.720 r  bufg_host_clk/O
                         net (fo=17600, routed)       0.860     2.580    rocketchip_wrapper/system/system_axi_interconnect_1_0/s00_couplers_imp_8CNLH6/system_axi_interconnect_1_imp_auto_pc_0/system_axi_interconnect_1_imp_auto_pc_0_axi_protocol_converter_v2_1_37_axi_protocol_converter/system_axi_interconnect_1_imp_auto_pc_0_axi_protocol_converter_v2_1_37_axi3_conv/system_axi_interconnect_1_imp_auto_pc_0_axi_protocol_converter_v2_1_37_a_axi3_conv/system_axi_interconnect_1_imp_auto_pc_0_axi_data_fifo_v2_1_36_axic_fifo/system_axi_interconnect_1_imp_auto_pc_0_axi_data_fifo_v2_1_36_fifo_gen/<hidden>/<hidden>/<hidden>/<hidden>/<hidden>/<hidden>
    SLICE_X26Y48         FDCE                                         r  rocketchip_wrapper/system/system_axi_interconnect_1_0/s00_couplers_imp_8CNLH6/system_axi_interconnect_1_imp_auto_pc_0/system_axi_interconnect_1_imp_auto_pc_0_axi_protocol_converter_v2_1_37_axi_protocol_converter/system_axi_interconnect_1_imp_auto_pc_0_axi_protocol_converter_v2_1_37_axi3_conv/system_axi_interconnect_1_imp_auto_pc_0_axi_protocol_converter_v2_1_37_a_axi3_conv/system_axi_interconnect_1_imp_auto_pc_0_axi_data_fifo_v2_1_36_axic_fifo/system_axi_interconnect_1_imp_auto_pc_0_axi_data_fifo_v2_1_36_fifo_gen/<hidden>/<hidden>/<hidden>/<hidden>/<hidden>/<hidden>
                         clock pessimism             -0.289     2.291    
    SLICE_X26Y48         FDCE (Remov_fdce_C_CLR)     -0.067     2.224    rocketchip_wrapper/system/system_axi_interconnect_1_0/s00_couplers_imp_8CNLH6/system_axi_interconnect_1_imp_auto_pc_0/system_axi_interconnect_1_imp_auto_pc_0_axi_protocol_converter_v2_1_37_axi_protocol_converter/system_axi_interconnect_1_imp_auto_pc_0_axi_protocol_converter_v2_1_37_axi3_conv/system_axi_interconnect_1_imp_auto_pc_0_axi_protocol_converter_v2_1_37_a_axi3_conv/system_axi_interconnect_1_imp_auto_pc_0_axi_data_fifo_v2_1_36_axic_fifo/system_axi_interconnect_1_imp_auto_pc_0_axi_data_fifo_v2_1_36_fifo_gen/<hidden>/<hidden>/<hidden>/<hidden>/<hidden>/<hidden>
  -------------------------------------------------------------------
                         required time                         -2.224    
                         arrival time                           2.678    
  -------------------------------------------------------------------
                         slack                                  0.453    





